UserId,RoundId,TimestampAfterNs,TimestampBeforeNs,ContentLengthBefore,ActionType,KeyChar,CursorPosition,InputContent
8gGAdMn0cGO8J5wVY9lyHNfcrzF3,1,1776704323470656000,1776704323461134000,0,Insert,V,1,V
8gGAdMn0cGO8J5wVY9lyHNfcrzF3,1,1776704323576613000,1776704323571768000,1,Insert,o,2,Vo
8gGAdMn0cGO8J5wVY9lyHNfcrzF3,1,1776704323752803000,1776704323749033000,2,Insert,l,3,Vol
8gGAdMn0cGO8J5wVY9lyHNfcrzF3,1,1776704323849381000,1776704323845789000,3,Insert,a,4,Vola
8gGAdMn0cGO8J5wVY9lyHNfcrzF3,1,1776704323977065000,1776704323973271000,4,Insert,m,5,Volam
8gGAdMn0cGO8J5wVY9lyHNfcrzF3,1,1776704324156290000,1776704324152210000,5,Insert, ,6,Volam 
8gGAdMn0cGO8J5wVY9lyHNfcrzF3,1,1776704324619592000,1776704324607477000,6,Insert,s,7,Volam s
8gGAdMn0cGO8J5wVY9lyHNfcrzF3,1,1776704324821879000,1776704324817296000,7,Insert,a,8,Volam sa
8gGAdMn0cGO8J5wVY9lyHNfcrzF3,1,1776704324899022000,1776704324893734000,8,Insert, ,9,Volam sa 
8gGAdMn0cGO8J5wVY9lyHNfcrzF3,1,1776704325112806000,1776704325107119000,9,Insert,f,10,Volam sa f
8gGAdMn0cGO8J5wVY9lyHNfcrzF3,1,1776704325230864000,1776704325225768000,10,Insert,i,11,Volam sa fi
8gGAdMn0cGO8J5wVY9lyHNfcrzF3,1,1776704325458299000,1776704325451698000,11,Insert,k,12,Volam sa fik
8gGAdMn0cGO8J5wVY9lyHNfcrzF3,1,1776704325639518000,1776704325634809000,12,Insert,i,13,Volam sa fiki
8gGAdMn0cGO8J5wVY9lyHNfcrzF3,1,1776704325881766000,1776704325874278000,13,Insert,p,14,Volam sa fikip
8gGAdMn0cGO8J5wVY9lyHNfcrzF3,1,1776704326134831000,1776704326130305000,14,Delete,p,13,Volam sa fiki
8gGAdMn0cGO8J5wVY9lyHNfcrzF3,1,1776704326335362000,1776704326330976000,13,Delete,i,12,Volam sa fik
8gGAdMn0cGO8J5wVY9lyHNfcrzF3,1,1776704326558785000,1776704326553564000,12,Delete,k,11,Volam sa fi
8gGAdMn0cGO8J5wVY9lyHNfcrzF3,1,1776704326875653000,1776704326869732000,11,Insert,l,12,Volam sa fil
8gGAdMn0cGO8J5wVY9lyHNfcrzF3,1,1776704327090625000,1776704327082806000,12,Insert,i,13,Volam sa fili
8gGAdMn0cGO8J5wVY9lyHNfcrzF3,1,1776704327329754000,1776704327324235000,13,Insert,p,14,Volam sa filip
8gGAdMn0cGO8J5wVY9lyHNfcrzF3,1,1776704328506631000,1776704328499502000,14,Insert,",",15,"Volam sa filip,"
8gGAdMn0cGO8J5wVY9lyHNfcrzF3,1,1776704328900582000,1776704328894277000,15,Insert, ,16,"Volam sa filip, "
8gGAdMn0cGO8J5wVY9lyHNfcrzF3,1,1776704329342316000,1776704329338806000,16,Insert,m,17,"Volam sa filip, m"
8gGAdMn0cGO8J5wVY9lyHNfcrzF3,1,1776704329432404000,1776704329428805000,17,Insert,a,18,"Volam sa filip, ma"
8gGAdMn0cGO8J5wVY9lyHNfcrzF3,1,1776704329568301000,1776704329564675000,18,Insert,m,19,"Volam sa filip, mam"
8gGAdMn0cGO8J5wVY9lyHNfcrzF3,1,1776704329729316000,1776704329719153000,19,Insert, ,20,"Volam sa filip, mam "
8gGAdMn0cGO8J5wVY9lyHNfcrzF3,1,1776704331513490000,1776704331508316000,20,Insert,2,21,"Volam sa filip, mam 2"
8gGAdMn0cGO8J5wVY9lyHNfcrzF3,1,1776704331811104000,1776704331805249000,21,Insert,3,22,"Volam sa filip, mam 23"
8gGAdMn0cGO8J5wVY9lyHNfcrzF3,1,1776704331964671000,1776704331958699000,22,Insert, ,23,"Volam sa filip, mam 23 "
8gGAdMn0cGO8J5wVY9lyHNfcrzF3,1,1776704332465274000,1776704332457848000,23,Insert,r,24,"Volam sa filip, mam 23 r"
8gGAdMn0cGO8J5wVY9lyHNfcrzF3,1,1776704332566800000,1776704332563059000,24,Insert,o,25,"Volam sa filip, mam 23 ro"
8gGAdMn0cGO8J5wVY9lyHNfcrzF3,1,1776704332737359000,1776704332732996000,25,Insert,k,26,"Volam sa filip, mam 23 rok"
8gGAdMn0cGO8J5wVY9lyHNfcrzF3,1,1776704332944102000,1776704332935275000,26,Insert,o,27,"Volam sa filip, mam 23 roko"
8gGAdMn0cGO8J5wVY9lyHNfcrzF3,1,1776704333035909000,1776704333031447000,27,Insert,v,28,"Volam sa filip, mam 23 rokov"
8gGAdMn0cGO8J5wVY9lyHNfcrzF3,1,1776704333663066000,1776704333658618000,28,Insert, ,29,"Volam sa filip, mam 23 rokov "
8gGAdMn0cGO8J5wVY9lyHNfcrzF3,1,1776704333837330000,1776704333833228000,29,Insert,a,30,"Volam sa filip, mam 23 rokov a"
8gGAdMn0cGO8J5wVY9lyHNfcrzF3,1,1776704333980087000,1776704333975595000,30,Insert, ,31,"Volam sa filip, mam 23 rokov a "
8gGAdMn0cGO8J5wVY9lyHNfcrzF3,1,1776704335076972000,1776704335072375000,31,Insert,h,32,"Volam sa filip, mam 23 rokov a h"
8gGAdMn0cGO8J5wVY9lyHNfcrzF3,1,1776704335312658000,1776704335308348000,32,Insert,r,33,"Volam sa filip, mam 23 rokov a hr"
8gGAdMn0cGO8J5wVY9lyHNfcrzF3,1,1776704335559438000,1776704335553085000,33,Insert,a,34,"Volam sa filip, mam 23 rokov a hra"
8gGAdMn0cGO8J5wVY9lyHNfcrzF3,1,1776704335775971000,1776704335769007000,34,Insert,m,35,"Volam sa filip, mam 23 rokov a hram"
8gGAdMn0cGO8J5wVY9lyHNfcrzF3,1,1776704336418389000,1776704336410760000,35,Insert, ,36,"Volam sa filip, mam 23 rokov a hram "
8gGAdMn0cGO8J5wVY9lyHNfcrzF3,1,1776704336729140000,1776704336723390000,36,Insert,f,37,"Volam sa filip, mam 23 rokov a hram f"
8gGAdMn0cGO8J5wVY9lyHNfcrzF3,1,1776704336878843000,1776704336874288000,37,Insert,u,38,"Volam sa filip, mam 23 rokov a hram fu"
8gGAdMn0cGO8J5wVY9lyHNfcrzF3,1,1776704337033775000,1776704337029320000,38,Insert,t,39,"Volam sa filip, mam 23 rokov a hram fut"
8gGAdMn0cGO8J5wVY9lyHNfcrzF3,1,1776704337294462000,1776704337290291000,39,Insert,b,40,"Volam sa filip, mam 23 rokov a hram futb"
8gGAdMn0cGO8J5wVY9lyHNfcrzF3,1,1776704337513580000,1776704337504569000,40,Insert,a,41,"Volam sa filip, mam 23 rokov a hram futba"
8gGAdMn0cGO8J5wVY9lyHNfcrzF3,1,1776704337655120000,1776704337651290000,41,Insert,l,42,"Volam sa filip, mam 23 rokov a hram futbal"
8gGAdMn0cGO8J5wVY9lyHNfcrzF3,1,1776704338626220000,1776704338619033000,42,Insert,",",43,"Volam sa filip, mam 23 rokov a hram futbal,"
8gGAdMn0cGO8J5wVY9lyHNfcrzF3,1,1776704339105939000,1776704339098590000,43,Insert, ,44,"Volam sa filip, mam 23 rokov a hram futbal, "
8gGAdMn0cGO8J5wVY9lyHNfcrzF3,1,1776704339607636000,1776704339602177000,44,Insert,t,45,"Volam sa filip, mam 23 rokov a hram futbal, t"
8gGAdMn0cGO8J5wVY9lyHNfcrzF3,1,1776704339838655000,1776704339830302000,45,Insert,e,46,"Volam sa filip, mam 23 rokov a hram futbal, te"
8gGAdMn0cGO8J5wVY9lyHNfcrzF3,1,1776704339957955000,1776704339953921000,46,Insert,n,47,"Volam sa filip, mam 23 rokov a hram futbal, ten"
8gGAdMn0cGO8J5wVY9lyHNfcrzF3,1,1776704340174986000,1776704340170848000,47,Insert,i,48,"Volam sa filip, mam 23 rokov a hram futbal, teni"
8gGAdMn0cGO8J5wVY9lyHNfcrzF3,1,1776704340252161000,1776704340244366000,48,Insert,s,49,"Volam sa filip, mam 23 rokov a hram futbal, tenis"
8gGAdMn0cGO8J5wVY9lyHNfcrzF3,1,1776704341604950000,1776704341593870000,49,Insert,",",50,"Volam sa filip, mam 23 rokov a hram futbal, tenis,"
8gGAdMn0cGO8J5wVY9lyHNfcrzF3,1,1776704342006001000,1776704341998829000,50,Insert, ,51,"Volam sa filip, mam 23 rokov a hram futbal, tenis, "
8gGAdMn0cGO8J5wVY9lyHNfcrzF3,1,1776704342682072000,1776704342663058000,51,Insert,h,52,"Volam sa filip, mam 23 rokov a hram futbal, tenis, h"
8gGAdMn0cGO8J5wVY9lyHNfcrzF3,1,1776704342832386000,1776704342824739000,52,Insert,o,53,"Volam sa filip, mam 23 rokov a hram futbal, tenis, ho"
8gGAdMn0cGO8J5wVY9lyHNfcrzF3,1,1776704343040835000,1776704343035514000,53,Insert,k,54,"Volam sa filip, mam 23 rokov a hram futbal, tenis, hok"
8gGAdMn0cGO8J5wVY9lyHNfcrzF3,1,1776704343149952000,1776704343145028000,54,Insert,e,55,"Volam sa filip, mam 23 rokov a hram futbal, tenis, hoke"
8gGAdMn0cGO8J5wVY9lyHNfcrzF3,1,1776704343262704000,1776704343258571000,55,Insert,j,56,"Volam sa filip, mam 23 rokov a hram futbal, tenis, hokej"
8gGAdMn0cGO8J5wVY9lyHNfcrzF3,1,1776704343455187000,1776704343450388000,56,Insert, ,57,"Volam sa filip, mam 23 rokov a hram futbal, tenis, hokej "
8gGAdMn0cGO8J5wVY9lyHNfcrzF3,1,1776704344145113000,1776704344137568000,57,Insert,a,58,"Volam sa filip, mam 23 rokov a hram futbal, tenis, hokej a"
8gGAdMn0cGO8J5wVY9lyHNfcrzF3,1,1776704344425945000,1776704344419100000,58,Insert, ,59,"Volam sa filip, mam 23 rokov a hram futbal, tenis, hokej a "
8gGAdMn0cGO8J5wVY9lyHNfcrzF3,1,1776704344783134000,1776704344776934000,59,Insert,b,60,"Volam sa filip, mam 23 rokov a hram futbal, tenis, hokej a b"
8gGAdMn0cGO8J5wVY9lyHNfcrzF3,1,1776704345254758000,1776704345248511000,60,Insert,e,61,"Volam sa filip, mam 23 rokov a hram futbal, tenis, hokej a be"
8gGAdMn0cGO8J5wVY9lyHNfcrzF3,1,1776704345533269000,1776704345524504000,61,Insert,h,62,"Volam sa filip, mam 23 rokov a hram futbal, tenis, hokej a beh"
8gGAdMn0cGO8J5wVY9lyHNfcrzF3,1,1776704345744419000,1776704345737337000,62,Insert,a,63,"Volam sa filip, mam 23 rokov a hram futbal, tenis, hokej a beha"
8gGAdMn0cGO8J5wVY9lyHNfcrzF3,1,1776704345933059000,1776704345925193000,63,Insert,m,64,"Volam sa filip, mam 23 rokov a hram futbal, tenis, hokej a beham"
8gGAdMn0cGO8J5wVY9lyHNfcrzF3,1,1776704346528163000,1776704346521018000,64,Insert, ,65,"Volam sa filip, mam 23 rokov a hram futbal, tenis, hokej a beham "
8gGAdMn0cGO8J5wVY9lyHNfcrzF3,1,1776704346824020000,1776704346818590000,65,Insert,a,66,"Volam sa filip, mam 23 rokov a hram futbal, tenis, hokej a beham a"
8gGAdMn0cGO8J5wVY9lyHNfcrzF3,1,1776704346993439000,1776704346989299000,66,Insert, ,67,"Volam sa filip, mam 23 rokov a hram futbal, tenis, hokej a beham a "
8gGAdMn0cGO8J5wVY9lyHNfcrzF3,1,1776704347470922000,1776704347466788000,67,Insert,m,68,"Volam sa filip, mam 23 rokov a hram futbal, tenis, hokej a beham a m"
8gGAdMn0cGO8J5wVY9lyHNfcrzF3,1,1776704347916920000,1776704347910353000,68,Insert,a,69,"Volam sa filip, mam 23 rokov a hram futbal, tenis, hokej a beham a ma"
8gGAdMn0cGO8J5wVY9lyHNfcrzF3,1,1776704348075919000,1776704348071904000,69,Insert,m,70,"Volam sa filip, mam 23 rokov a hram futbal, tenis, hokej a beham a mam"
8gGAdMn0cGO8J5wVY9lyHNfcrzF3,1,1776704348497405000,1776704348490423000,70,Insert, ,71,"Volam sa filip, mam 23 rokov a hram futbal, tenis, hokej a beham a mam "
8gGAdMn0cGO8J5wVY9lyHNfcrzF3,1,1776704348783039000,1776704348775683000,71,Insert,m,72,"Volam sa filip, mam 23 rokov a hram futbal, tenis, hokej a beham a mam m"
8gGAdMn0cGO8J5wVY9lyHNfcrzF3,1,1776704349019519000,1776704349012044000,72,Insert,o,73,"Volam sa filip, mam 23 rokov a hram futbal, tenis, hokej a beham a mam mo"
8gGAdMn0cGO8J5wVY9lyHNfcrzF3,1,1776704349084080000,1776704349080221000,73,Insert,d,74,"Volam sa filip, mam 23 rokov a hram futbal, tenis, hokej a beham a mam mod"
8gGAdMn0cGO8J5wVY9lyHNfcrzF3,1,1776704349280985000,1776704349277113000,74,Insert,r,75,"Volam sa filip, mam 23 rokov a hram futbal, tenis, hokej a beham a mam modr"
8gGAdMn0cGO8J5wVY9lyHNfcrzF3,1,1776704349504826000,1776704349497343000,75,Insert,e,76,"Volam sa filip, mam 23 rokov a hram futbal, tenis, hokej a beham a mam modre"
8gGAdMn0cGO8J5wVY9lyHNfcrzF3,1,1776704349736681000,1776704349728828000,76,Insert, ,77,"Volam sa filip, mam 23 rokov a hram futbal, tenis, hokej a beham a mam modre "
8gGAdMn0cGO8J5wVY9lyHNfcrzF3,1,1776704350230170000,1776704350221256000,77,Insert,o,78,"Volam sa filip, mam 23 rokov a hram futbal, tenis, hokej a beham a mam modre o"
8gGAdMn0cGO8J5wVY9lyHNfcrzF3,1,1776704350387283000,1776704350381606000,78,Insert,c,79,"Volam sa filip, mam 23 rokov a hram futbal, tenis, hokej a beham a mam modre oc"
8gGAdMn0cGO8J5wVY9lyHNfcrzF3,1,1776704350505653000,1776704350499169000,79,Insert,i,80,"Volam sa filip, mam 23 rokov a hram futbal, tenis, hokej a beham a mam modre oci"
8gGAdMn0cGO8J5wVY9lyHNfcrzF3,1,1776704350844564000,1776704350835034000,80,Insert,.,81,"Volam sa filip, mam 23 rokov a hram futbal, tenis, hokej a beham a mam modre oci."
8gGAdMn0cGO8J5wVY9lyHNfcrzF3,2,1776704352565595000,1776704352558443000,0,Insert,V,1,V
8gGAdMn0cGO8J5wVY9lyHNfcrzF3,2,1776704352692362000,1776704352688647000,1,Insert,o,2,Vo
8gGAdMn0cGO8J5wVY9lyHNfcrzF3,2,1776704352883277000,1776704352879257000,2,Insert,l,3,Vol
8gGAdMn0cGO8J5wVY9lyHNfcrzF3,2,1776704353009508000,1776704353005593000,3,Insert,a,4,Vola
8gGAdMn0cGO8J5wVY9lyHNfcrzF3,2,1776704353119065000,1776704353114804000,4,Insert,n,5,Volan
8gGAdMn0cGO8J5wVY9lyHNfcrzF3,2,1776704353324623000,1776704353317115000,5,Insert, ,6,Volan 
8gGAdMn0cGO8J5wVY9lyHNfcrzF3,2,1776704353630471000,1776704353624487000,6,Insert,s,7,Volan s
8gGAdMn0cGO8J5wVY9lyHNfcrzF3,2,1776704353934325000,1776704353930407000,7,Delete,s,6,Volan 
8gGAdMn0cGO8J5wVY9lyHNfcrzF3,2,1776704354140647000,1776704354137003000,6,Delete, ,5,Volan
8gGAdMn0cGO8J5wVY9lyHNfcrzF3,2,1776704354356121000,1776704354352591000,5,Delete,n,4,Vola
8gGAdMn0cGO8J5wVY9lyHNfcrzF3,2,1776704354658607000,1776704354652779000,4,Insert,m,5,Volam
8gGAdMn0cGO8J5wVY9lyHNfcrzF3,2,1776704354793797000,1776704354789995000,5,Insert, ,6,Volam 
8gGAdMn0cGO8J5wVY9lyHNfcrzF3,2,1776704355098609000,1776704355092524000,6,Insert,a,7,Volam a
8gGAdMn0cGO8J5wVY9lyHNfcrzF3,2,1776704355261971000,1776704355257534000,7,Insert,a,8,Volam aa
8gGAdMn0cGO8J5wVY9lyHNfcrzF3,2,1776704355379680000,1776704355376027000,8,Insert, ,9,Volam aa 
8gGAdMn0cGO8J5wVY9lyHNfcrzF3,2,1776704355868596000,1776704355864206000,9,Delete, ,8,Volam aa
8gGAdMn0cGO8J5wVY9lyHNfcrzF3,2,1776704356066406000,1776704356063427000,8,Delete,a,7,Volam a
8gGAdMn0cGO8J5wVY9lyHNfcrzF3,2,1776704356243930000,1776704356241159000,7,Delete,a,6,Volam 
8gGAdMn0cGO8J5wVY9lyHNfcrzF3,2,1776704356544986000,1776704356541498000,6,Insert,s,7,Volam s
8gGAdMn0cGO8J5wVY9lyHNfcrzF3,2,1776704356814984000,1776704356809239000,7,Insert,a,8,Volam sa
8gGAdMn0cGO8J5wVY9lyHNfcrzF3,2,1776704357095892000,1776704357087513000,8,Insert, ,9,Volam sa 
8gGAdMn0cGO8J5wVY9lyHNfcrzF3,2,1776704357535972000,1776704357532298000,9,Insert,f,10,Volam sa f
8gGAdMn0cGO8J5wVY9lyHNfcrzF3,2,1776704357662556000,1776704357658922000,10,Insert,i,11,Volam sa fi
8gGAdMn0cGO8J5wVY9lyHNfcrzF3,2,1776704357877099000,1776704357869703000,11,Insert,k,12,Volam sa fik
8gGAdMn0cGO8J5wVY9lyHNfcrzF3,2,1776704358069244000,1776704358065493000,12,Insert,i,13,Volam sa fiki
8gGAdMn0cGO8J5wVY9lyHNfcrzF3,2,1776704358276783000,1776704358270981000,13,Insert,p,14,Volam sa fikip
8gGAdMn0cGO8J5wVY9lyHNfcrzF3,2,1776704358541630000,1776704358537170000,14,Delete,p,13,Volam sa fiki
8gGAdMn0cGO8J5wVY9lyHNfcrzF3,2,1776704358716655000,1776704358714214000,13,Delete,i,12,Volam sa fik
8gGAdMn0cGO8J5wVY9lyHNfcrzF3,2,1776704358938605000,1776704358934952000,12,Delete,k,11,Volam sa fi
8gGAdMn0cGO8J5wVY9lyHNfcrzF3,2,1776704359281972000,1776704359273715000,11,Insert,l,12,Volam sa fil
8gGAdMn0cGO8J5wVY9lyHNfcrzF3,2,1776704359535398000,1776704359528558000,12,Insert,i,13,Volam sa fili
8gGAdMn0cGO8J5wVY9lyHNfcrzF3,2,1776704359771126000,1776704359764922000,13,Insert,p,14,Volam sa filip
8gGAdMn0cGO8J5wVY9lyHNfcrzF3,2,1776704360398513000,1776704360386249000,14,Insert,",",15,"Volam sa filip,"
8gGAdMn0cGO8J5wVY9lyHNfcrzF3,2,1776704360690416000,1776704360686315000,15,Insert, ,16,"Volam sa filip, "
8gGAdMn0cGO8J5wVY9lyHNfcrzF3,2,1776704361061133000,1776704361055652000,16,Insert,m,17,"Volam sa filip, m"
8gGAdMn0cGO8J5wVY9lyHNfcrzF3,2,1776704361174530000,1776704361170042000,17,Insert,a,18,"Volam sa filip, ma"
8gGAdMn0cGO8J5wVY9lyHNfcrzF3,2,1776704361313351000,1776704361309172000,18,Insert,m,19,"Volam sa filip, mam"
8gGAdMn0cGO8J5wVY9lyHNfcrzF3,2,1776704361455137000,1776704361450894000,19,Insert, ,20,"Volam sa filip, mam "
8gGAdMn0cGO8J5wVY9lyHNfcrzF3,2,1776704362803454000,1776704362796396000,20,Insert,2,21,"Volam sa filip, mam 2"
8gGAdMn0cGO8J5wVY9lyHNfcrzF3,2,1776704363052642000,1776704363044678000,21,Insert,3,22,"Volam sa filip, mam 23"
8gGAdMn0cGO8J5wVY9lyHNfcrzF3,2,1776704363336113000,1776704363329472000,22,Insert, ,23,"Volam sa filip, mam 23 "
8gGAdMn0cGO8J5wVY9lyHNfcrzF3,2,1776704363895858000,1776704363889795000,23,Insert,r,24,"Volam sa filip, mam 23 r"
8gGAdMn0cGO8J5wVY9lyHNfcrzF3,2,1776704364028048000,1776704364023003000,24,Insert,o,25,"Volam sa filip, mam 23 ro"
8gGAdMn0cGO8J5wVY9lyHNfcrzF3,2,1776704364203813000,1776704364198557000,25,Insert,k,26,"Volam sa filip, mam 23 rok"
8gGAdMn0cGO8J5wVY9lyHNfcrzF3,2,1776704364426123000,1776704364418563000,26,Insert,o,27,"Volam sa filip, mam 23 roko"
8gGAdMn0cGO8J5wVY9lyHNfcrzF3,2,1776704364524903000,1776704364520223000,27,Insert,v,28,"Volam sa filip, mam 23 rokov"
8gGAdMn0cGO8J5wVY9lyHNfcrzF3,2,1776704364943341000,1776704364937015000,28,Insert, ,29,"Volam sa filip, mam 23 rokov "
8gGAdMn0cGO8J5wVY9lyHNfcrzF3,2,1776704365235061000,1776704365229127000,29,Insert,a,30,"Volam sa filip, mam 23 rokov a"
8gGAdMn0cGO8J5wVY9lyHNfcrzF3,2,1776704365411957000,1776704365407596000,30,Insert, ,31,"Volam sa filip, mam 23 rokov a "
8gGAdMn0cGO8J5wVY9lyHNfcrzF3,2,1776704365771607000,1776704365765042000,31,Insert,h,32,"Volam sa filip, mam 23 rokov a h"
8gGAdMn0cGO8J5wVY9lyHNfcrzF3,2,1776704366052479000,1776704366047590000,32,Insert,r,33,"Volam sa filip, mam 23 rokov a hr"
8gGAdMn0cGO8J5wVY9lyHNfcrzF3,2,1776704366817592000,1776704366810769000,33,Insert,a,34,"Volam sa filip, mam 23 rokov a hra"
8gGAdMn0cGO8J5wVY9lyHNfcrzF3,2,1776704366938897000,1776704366935128000,34,Insert,m,35,"Volam sa filip, mam 23 rokov a hram"
8gGAdMn0cGO8J5wVY9lyHNfcrzF3,2,1776704367144228000,1776704367138865000,35,Insert, ,36,"Volam sa filip, mam 23 rokov a hram "
8gGAdMn0cGO8J5wVY9lyHNfcrzF3,2,1776704367869779000,1776704367864098000,36,Insert,f,37,"Volam sa filip, mam 23 rokov a hram f"
8gGAdMn0cGO8J5wVY9lyHNfcrzF3,2,1776704368030322000,1776704368025253000,37,Insert,u,38,"Volam sa filip, mam 23 rokov a hram fu"
8gGAdMn0cGO8J5wVY9lyHNfcrzF3,2,1776704368195802000,1776704368190773000,38,Insert,t,39,"Volam sa filip, mam 23 rokov a hram fut"
8gGAdMn0cGO8J5wVY9lyHNfcrzF3,2,1776704368412988000,1776704368406451000,39,Insert,b,40,"Volam sa filip, mam 23 rokov a hram futb"
8gGAdMn0cGO8J5wVY9lyHNfcrzF3,2,1776704368627880000,1776704368622058000,40,Insert,a,41,"Volam sa filip, mam 23 rokov a hram futba"
8gGAdMn0cGO8J5wVY9lyHNfcrzF3,2,1776704368753857000,1776704368747041000,41,Insert,l,42,"Volam sa filip, mam 23 rokov a hram futbal"
8gGAdMn0cGO8J5wVY9lyHNfcrzF3,2,1776704369174301000,1776704369165719000,42,Insert,",",43,"Volam sa filip, mam 23 rokov a hram futbal,"
8gGAdMn0cGO8J5wVY9lyHNfcrzF3,2,1776704370613459000,1776704370604777000,43,Insert, ,44,"Volam sa filip, mam 23 rokov a hram futbal, "
8gGAdMn0cGO8J5wVY9lyHNfcrzF3,2,1776704370893063000,1776704370885886000,44,Insert,t,45,"Volam sa filip, mam 23 rokov a hram futbal, t"
8gGAdMn0cGO8J5wVY9lyHNfcrzF3,2,1776704371117183000,1776704371105999000,45,Insert,e,46,"Volam sa filip, mam 23 rokov a hram futbal, te"
8gGAdMn0cGO8J5wVY9lyHNfcrzF3,2,1776704371185388000,1776704371180093000,46,Insert,n,47,"Volam sa filip, mam 23 rokov a hram futbal, ten"
8gGAdMn0cGO8J5wVY9lyHNfcrzF3,2,1776704371414789000,1776704371406234000,47,Insert,i,48,"Volam sa filip, mam 23 rokov a hram futbal, teni"
8gGAdMn0cGO8J5wVY9lyHNfcrzF3,2,1776704371515579000,1776704371509820000,48,Insert,s,49,"Volam sa filip, mam 23 rokov a hram futbal, tenis"
8gGAdMn0cGO8J5wVY9lyHNfcrzF3,2,1776704372122999000,1776704372116926000,49,Insert,",",50,"Volam sa filip, mam 23 rokov a hram futbal, tenis,"
8gGAdMn0cGO8J5wVY9lyHNfcrzF3,2,1776704372554040000,1776704372547862000,50,Insert, ,51,"Volam sa filip, mam 23 rokov a hram futbal, tenis, "
8gGAdMn0cGO8J5wVY9lyHNfcrzF3,2,1776704372965033000,1776704372960815000,51,Insert,h,52,"Volam sa filip, mam 23 rokov a hram futbal, tenis, h"
8gGAdMn0cGO8J5wVY9lyHNfcrzF3,2,1776704373105790000,1776704373097442000,52,Insert,o,53,"Volam sa filip, mam 23 rokov a hram futbal, tenis, ho"
8gGAdMn0cGO8J5wVY9lyHNfcrzF3,2,1776704373298074000,1776704373292874000,53,Insert,k,54,"Volam sa filip, mam 23 rokov a hram futbal, tenis, hok"
8gGAdMn0cGO8J5wVY9lyHNfcrzF3,2,1776704373359332000,1776704373352846000,54,Insert,e,55,"Volam sa filip, mam 23 rokov a hram futbal, tenis, hoke"
8gGAdMn0cGO8J5wVY9lyHNfcrzF3,2,1776704373519512000,1776704373515436000,55,Insert,j,56,"Volam sa filip, mam 23 rokov a hram futbal, tenis, hokej"
8gGAdMn0cGO8J5wVY9lyHNfcrzF3,2,1776704374300014000,1776704374290968000,56,Insert, ,57,"Volam sa filip, mam 23 rokov a hram futbal, tenis, hokej "
8gGAdMn0cGO8J5wVY9lyHNfcrzF3,2,1776704374441053000,1776704374436455000,57,Insert,a,58,"Volam sa filip, mam 23 rokov a hram futbal, tenis, hokej a"
8gGAdMn0cGO8J5wVY9lyHNfcrzF3,2,1776704374567934000,1776704374562480000,58,Insert, ,59,"Volam sa filip, mam 23 rokov a hram futbal, tenis, hokej a "
8gGAdMn0cGO8J5wVY9lyHNfcrzF3,2,1776704374803491000,1776704374797424000,59,Insert,b,60,"Volam sa filip, mam 23 rokov a hram futbal, tenis, hokej a b"
8gGAdMn0cGO8J5wVY9lyHNfcrzF3,2,1776704375054631000,1776704375048485000,60,Insert,e,61,"Volam sa filip, mam 23 rokov a hram futbal, tenis, hokej a be"
8gGAdMn0cGO8J5wVY9lyHNfcrzF3,2,1776704375150547000,1776704375146685000,61,Insert,h,62,"Volam sa filip, mam 23 rokov a hram futbal, tenis, hokej a beh"
8gGAdMn0cGO8J5wVY9lyHNfcrzF3,2,1776704375291603000,1776704375286032000,62,Insert,a,63,"Volam sa filip, mam 23 rokov a hram futbal, tenis, hokej a beha"
8gGAdMn0cGO8J5wVY9lyHNfcrzF3,2,1776704375446971000,1776704375443090000,63,Insert,m,64,"Volam sa filip, mam 23 rokov a hram futbal, tenis, hokej a beham"
8gGAdMn0cGO8J5wVY9lyHNfcrzF3,2,1776704375606586000,1776704375602352000,64,Insert, ,65,"Volam sa filip, mam 23 rokov a hram futbal, tenis, hokej a beham "
8gGAdMn0cGO8J5wVY9lyHNfcrzF3,2,1776704376187154000,1776704376183262000,65,Insert,a,66,"Volam sa filip, mam 23 rokov a hram futbal, tenis, hokej a beham a"
8gGAdMn0cGO8J5wVY9lyHNfcrzF3,2,1776704376376664000,1776704376371131000,66,Insert, ,67,"Volam sa filip, mam 23 rokov a hram futbal, tenis, hokej a beham a "
8gGAdMn0cGO8J5wVY9lyHNfcrzF3,2,1776704376788944000,1776704376782752000,67,Insert,m,68,"Volam sa filip, mam 23 rokov a hram futbal, tenis, hokej a beham a m"
8gGAdMn0cGO8J5wVY9lyHNfcrzF3,2,1776704377334620000,1776704377329404000,68,Insert,a,69,"Volam sa filip, mam 23 rokov a hram futbal, tenis, hokej a beham a ma"
8gGAdMn0cGO8J5wVY9lyHNfcrzF3,2,1776704377482720000,1776704377478439000,69,Insert,m,70,"Volam sa filip, mam 23 rokov a hram futbal, tenis, hokej a beham a mam"
8gGAdMn0cGO8J5wVY9lyHNfcrzF3,2,1776704378103675000,1776704378092996000,70,Insert, ,71,"Volam sa filip, mam 23 rokov a hram futbal, tenis, hokej a beham a mam "
8gGAdMn0cGO8J5wVY9lyHNfcrzF3,2,1776704378381165000,1776704378374810000,71,Insert,m,72,"Volam sa filip, mam 23 rokov a hram futbal, tenis, hokej a beham a mam m"
8gGAdMn0cGO8J5wVY9lyHNfcrzF3,2,1776704378594769000,1776704378586960000,72,Insert,o,73,"Volam sa filip, mam 23 rokov a hram futbal, tenis, hokej a beham a mam mo"
8gGAdMn0cGO8J5wVY9lyHNfcrzF3,2,1776704378685239000,1776704378681393000,73,Insert,d,74,"Volam sa filip, mam 23 rokov a hram futbal, tenis, hokej a beham a mam mod"
8gGAdMn0cGO8J5wVY9lyHNfcrzF3,2,1776704378877054000,1776704378871437000,74,Insert,r,75,"Volam sa filip, mam 23 rokov a hram futbal, tenis, hokej a beham a mam modr"
8gGAdMn0cGO8J5wVY9lyHNfcrzF3,2,1776704379090641000,1776704379082937000,75,Insert,e,76,"Volam sa filip, mam 23 rokov a hram futbal, tenis, hokej a beham a mam modre"
8gGAdMn0cGO8J5wVY9lyHNfcrzF3,2,1776704379272071000,1776704379265622000,76,Insert, ,77,"Volam sa filip, mam 23 rokov a hram futbal, tenis, hokej a beham a mam modre "
8gGAdMn0cGO8J5wVY9lyHNfcrzF3,2,1776704379571305000,1776704379564683000,77,Insert,o,78,"Volam sa filip, mam 23 rokov a hram futbal, tenis, hokej a beham a mam modre o"
8gGAdMn0cGO8J5wVY9lyHNfcrzF3,2,1776704379653962000,1776704379649178000,78,Insert,c,79,"Volam sa filip, mam 23 rokov a hram futbal, tenis, hokej a beham a mam modre oc"
8gGAdMn0cGO8J5wVY9lyHNfcrzF3,2,1776704379782703000,1776704379777156000,79,Insert,i,80,"Volam sa filip, mam 23 rokov a hram futbal, tenis, hokej a beham a mam modre oci"
8gGAdMn0cGO8J5wVY9lyHNfcrzF3,2,1776704380826537000,1776704380820256000,80,Insert,.,81,"Volam sa filip, mam 23 rokov a hram futbal, tenis, hokej a beham a mam modre oci."
8gGAdMn0cGO8J5wVY9lyHNfcrzF3,3,1776704382374480000,1776704382370399000,0,Insert,V,1,V
8gGAdMn0cGO8J5wVY9lyHNfcrzF3,3,1776704382473624000,1776704382469763000,1,Insert,o,2,Vo
8gGAdMn0cGO8J5wVY9lyHNfcrzF3,3,1776704382654241000,1776704382650535000,2,Insert,l,3,Vol
8gGAdMn0cGO8J5wVY9lyHNfcrzF3,3,1776704382743555000,1776704382739755000,3,Insert,a,4,Vola
8gGAdMn0cGO8J5wVY9lyHNfcrzF3,3,1776704382871216000,1776704382867856000,4,Insert,m,5,Volam
8gGAdMn0cGO8J5wVY9lyHNfcrzF3,3,1776704382991078000,1776704382987313000,5,Insert, ,6,Volam 
8gGAdMn0cGO8J5wVY9lyHNfcrzF3,3,1776704383310198000,1776704383304230000,6,Insert,s,7,Volam s
8gGAdMn0cGO8J5wVY9lyHNfcrzF3,3,1776704383469417000,1776704383465037000,7,Insert,a,8,Volam sa
8gGAdMn0cGO8J5wVY9lyHNfcrzF3,3,1776704383559962000,1776704383555676000,8,Insert, ,9,Volam sa 
8gGAdMn0cGO8J5wVY9lyHNfcrzF3,3,1776704383823460000,1776704383817272000,9,Insert,f,10,Volam sa f
8gGAdMn0cGO8J5wVY9lyHNfcrzF3,3,1776704383957762000,1776704383953730000,10,Insert,i,11,Volam sa fi
8gGAdMn0cGO8J5wVY9lyHNfcrzF3,3,1776704384170627000,1776704384166299000,11,Insert,k,12,Volam sa fik
8gGAdMn0cGO8J5wVY9lyHNfcrzF3,3,1776704384358353000,1776704384354697000,12,Insert,i,13,Volam sa fiki
8gGAdMn0cGO8J5wVY9lyHNfcrzF3,3,1776704384599665000,1776704384592310000,13,Insert,p,14,Volam sa fikip
8gGAdMn0cGO8J5wVY9lyHNfcrzF3,3,1776704384856671000,1776704384852796000,14,Delete,p,13,Volam sa fiki
8gGAdMn0cGO8J5wVY9lyHNfcrzF3,3,1776704385033155000,1776704385030740000,13,Delete,i,12,Volam sa fik
8gGAdMn0cGO8J5wVY9lyHNfcrzF3,3,1776704385260467000,1776704385255634000,12,Delete,k,11,Volam sa fi
8gGAdMn0cGO8J5wVY9lyHNfcrzF3,3,1776704385573485000,1776704385569586000,11,Insert,l,12,Volam sa fil
8gGAdMn0cGO8J5wVY9lyHNfcrzF3,3,1776704385788628000,1776704385783227000,12,Insert,i,13,Volam sa fili
8gGAdMn0cGO8J5wVY9lyHNfcrzF3,3,1776704386035048000,1776704386029012000,13,Insert,p,14,Volam sa filip
8gGAdMn0cGO8J5wVY9lyHNfcrzF3,3,1776704386607031000,1776704386597988000,14,Insert,",",15,"Volam sa filip,"
8gGAdMn0cGO8J5wVY9lyHNfcrzF3,3,1776704386944283000,1776704386937745000,15,Insert, ,16,"Volam sa filip, "
8gGAdMn0cGO8J5wVY9lyHNfcrzF3,3,1776704387425550000,1776704387420019000,16,Insert,m,17,"Volam sa filip, m"
8gGAdMn0cGO8J5wVY9lyHNfcrzF3,3,1776704387521053000,1776704387517337000,17,Insert,a,18,"Volam sa filip, ma"
8gGAdMn0cGO8J5wVY9lyHNfcrzF3,3,1776704387650712000,1776704387647217000,18,Insert,m,19,"Volam sa filip, mam"
8gGAdMn0cGO8J5wVY9lyHNfcrzF3,3,1776704387785606000,1776704387781696000,19,Insert, ,20,"Volam sa filip, mam "
8gGAdMn0cGO8J5wVY9lyHNfcrzF3,3,1776704389076740000,1776704389067996000,20,Insert,2,21,"Volam sa filip, mam 2"
8gGAdMn0cGO8J5wVY9lyHNfcrzF3,3,1776704389281766000,1776704389275927000,21,Insert,3,22,"Volam sa filip, mam 23"
8gGAdMn0cGO8J5wVY9lyHNfcrzF3,3,1776704389394387000,1776704389389400000,22,Insert, ,23,"Volam sa filip, mam 23 "
8gGAdMn0cGO8J5wVY9lyHNfcrzF3,3,1776704390001094000,1776704389996807000,23,Insert,r,24,"Volam sa filip, mam 23 r"
8gGAdMn0cGO8J5wVY9lyHNfcrzF3,3,1776704390106911000,1776704390103445000,24,Insert,o,25,"Volam sa filip, mam 23 ro"
8gGAdMn0cGO8J5wVY9lyHNfcrzF3,3,1776704390336118000,1776704390327791000,25,Insert,k,26,"Volam sa filip, mam 23 rok"
8gGAdMn0cGO8J5wVY9lyHNfcrzF3,3,1776704390528529000,1776704390524653000,26,Insert,o,27,"Volam sa filip, mam 23 roko"
8gGAdMn0cGO8J5wVY9lyHNfcrzF3,3,1776704390624313000,1776704390620640000,27,Insert,v,28,"Volam sa filip, mam 23 rokov"
8gGAdMn0cGO8J5wVY9lyHNfcrzF3,3,1776704390832227000,1776704390825939000,28,Insert, ,29,"Volam sa filip, mam 23 rokov "
8gGAdMn0cGO8J5wVY9lyHNfcrzF3,3,1776704391506664000,1776704391500860000,29,Insert,a,30,"Volam sa filip, mam 23 rokov a"
8gGAdMn0cGO8J5wVY9lyHNfcrzF3,3,1776704391642680000,1776704391638488000,30,Insert, ,31,"Volam sa filip, mam 23 rokov a "
8gGAdMn0cGO8J5wVY9lyHNfcrzF3,3,1776704392165362000,1776704392158261000,31,Insert,h,32,"Volam sa filip, mam 23 rokov a h"
8gGAdMn0cGO8J5wVY9lyHNfcrzF3,3,1776704392377326000,1776704392369941000,32,Insert,r,33,"Volam sa filip, mam 23 rokov a hr"
8gGAdMn0cGO8J5wVY9lyHNfcrzF3,3,1776704392699182000,1776704392692282000,33,Insert,a,34,"Volam sa filip, mam 23 rokov a hra"
8gGAdMn0cGO8J5wVY9lyHNfcrzF3,3,1776704392827648000,1776704392822954000,34,Insert,m,35,"Volam sa filip, mam 23 rokov a hram"
8gGAdMn0cGO8J5wVY9lyHNfcrzF3,3,1776704393321148000,1776704393316876000,35,Insert, ,36,"Volam sa filip, mam 23 rokov a hram "
8gGAdMn0cGO8J5wVY9lyHNfcrzF3,3,1776704393613779000,1776704393607896000,36,Insert,f,37,"Volam sa filip, mam 23 rokov a hram f"
8gGAdMn0cGO8J5wVY9lyHNfcrzF3,3,1776704393765715000,1776704393757854000,37,Insert,u,38,"Volam sa filip, mam 23 rokov a hram fu"
8gGAdMn0cGO8J5wVY9lyHNfcrzF3,3,1776704393907242000,1776704393903549000,38,Insert,t,39,"Volam sa filip, mam 23 rokov a hram fut"
8gGAdMn0cGO8J5wVY9lyHNfcrzF3,3,1776704394130291000,1776704394123665000,39,Insert,b,40,"Volam sa filip, mam 23 rokov a hram futb"
8gGAdMn0cGO8J5wVY9lyHNfcrzF3,3,1776704394742693000,1776704394738671000,40,Insert,a,41,"Volam sa filip, mam 23 rokov a hram futba"
8gGAdMn0cGO8J5wVY9lyHNfcrzF3,3,1776704394875035000,1776704394871215000,41,Insert,l,42,"Volam sa filip, mam 23 rokov a hram futbal"
8gGAdMn0cGO8J5wVY9lyHNfcrzF3,3,1776704395505741000,1776704395496578000,42,Insert,",",43,"Volam sa filip, mam 23 rokov a hram futbal,"
8gGAdMn0cGO8J5wVY9lyHNfcrzF3,3,1776704395974624000,1776704395968444000,43,Insert, ,44,"Volam sa filip, mam 23 rokov a hram futbal, "
8gGAdMn0cGO8J5wVY9lyHNfcrzF3,3,1776704397093262000,1776704397085607000,44,Insert,t,45,"Volam sa filip, mam 23 rokov a hram futbal, t"
8gGAdMn0cGO8J5wVY9lyHNfcrzF3,3,1776704397334740000,1776704397328572000,45,Insert,e,46,"Volam sa filip, mam 23 rokov a hram futbal, te"
8gGAdMn0cGO8J5wVY9lyHNfcrzF3,3,1776704397427072000,1776704397421498000,46,Insert,n,47,"Volam sa filip, mam 23 rokov a hram futbal, ten"
8gGAdMn0cGO8J5wVY9lyHNfcrzF3,3,1776704397650764000,1776704397644672000,47,Insert,i,48,"Volam sa filip, mam 23 rokov a hram futbal, teni"
8gGAdMn0cGO8J5wVY9lyHNfcrzF3,3,1776704397815086000,1776704397809886000,48,Insert,s,49,"Volam sa filip, mam 23 rokov a hram futbal, tenis"
8gGAdMn0cGO8J5wVY9lyHNfcrzF3,3,1776704398692420000,1776704398685189000,49,Insert,",",50,"Volam sa filip, mam 23 rokov a hram futbal, tenis,"
8gGAdMn0cGO8J5wVY9lyHNfcrzF3,3,1776704398958240000,1776704398951766000,50,Insert, ,51,"Volam sa filip, mam 23 rokov a hram futbal, tenis, "
8gGAdMn0cGO8J5wVY9lyHNfcrzF3,3,1776704399894732000,1776704399886957000,51,Insert,h,52,"Volam sa filip, mam 23 rokov a hram futbal, tenis, h"
8gGAdMn0cGO8J5wVY9lyHNfcrzF3,3,1776704400073547000,1776704400069000000,52,Insert,o,53,"Volam sa filip, mam 23 rokov a hram futbal, tenis, ho"
8gGAdMn0cGO8J5wVY9lyHNfcrzF3,3,1776704400294987000,1776704400288834000,53,Insert,k,54,"Volam sa filip, mam 23 rokov a hram futbal, tenis, hok"
8gGAdMn0cGO8J5wVY9lyHNfcrzF3,3,1776704400418627000,1776704400413342000,54,Insert,e,55,"Volam sa filip, mam 23 rokov a hram futbal, tenis, hoke"
8gGAdMn0cGO8J5wVY9lyHNfcrzF3,3,1776704400524032000,1776704400519950000,55,Insert,j,56,"Volam sa filip, mam 23 rokov a hram futbal, tenis, hokej"
8gGAdMn0cGO8J5wVY9lyHNfcrzF3,3,1776704400758169000,1776704400751673000,56,Insert, ,57,"Volam sa filip, mam 23 rokov a hram futbal, tenis, hokej "
8gGAdMn0cGO8J5wVY9lyHNfcrzF3,3,1776704401249423000,1776704401241882000,57,Insert,a,58,"Volam sa filip, mam 23 rokov a hram futbal, tenis, hokej a"
8gGAdMn0cGO8J5wVY9lyHNfcrzF3,3,1776704401497210000,1776704401491272000,58,Insert, ,59,"Volam sa filip, mam 23 rokov a hram futbal, tenis, hokej a "
8gGAdMn0cGO8J5wVY9lyHNfcrzF3,3,1776704401727231000,1776704401722437000,59,Insert,b,60,"Volam sa filip, mam 23 rokov a hram futbal, tenis, hokej a b"
8gGAdMn0cGO8J5wVY9lyHNfcrzF3,3,1776704402055382000,1776704402050772000,60,Insert,e,61,"Volam sa filip, mam 23 rokov a hram futbal, tenis, hokej a be"
8gGAdMn0cGO8J5wVY9lyHNfcrzF3,3,1776704402307671000,1776704402301502000,61,Insert,h,62,"Volam sa filip, mam 23 rokov a hram futbal, tenis, hokej a beh"
8gGAdMn0cGO8J5wVY9lyHNfcrzF3,3,1776704402523515000,1776704402518623000,62,Insert,a,63,"Volam sa filip, mam 23 rokov a hram futbal, tenis, hokej a beha"
8gGAdMn0cGO8J5wVY9lyHNfcrzF3,3,1776704402726571000,1776704402722544000,63,Insert,m,64,"Volam sa filip, mam 23 rokov a hram futbal, tenis, hokej a beham"
8gGAdMn0cGO8J5wVY9lyHNfcrzF3,3,1776704402839208000,1776704402834322000,64,Insert, ,65,"Volam sa filip, mam 23 rokov a hram futbal, tenis, hokej a beham "
8gGAdMn0cGO8J5wVY9lyHNfcrzF3,3,1776704403311709000,1776704403306628000,65,Insert,a,66,"Volam sa filip, mam 23 rokov a hram futbal, tenis, hokej a beham a"
8gGAdMn0cGO8J5wVY9lyHNfcrzF3,3,1776704403516393000,1776704403509883000,66,Insert, ,67,"Volam sa filip, mam 23 rokov a hram futbal, tenis, hokej a beham a "
8gGAdMn0cGO8J5wVY9lyHNfcrzF3,3,1776704404098702000,1776704404094154000,67,Insert,m,68,"Volam sa filip, mam 23 rokov a hram futbal, tenis, hokej a beham a m"
8gGAdMn0cGO8J5wVY9lyHNfcrzF3,3,1776704404243518000,1776704404232847000,68,Insert,a,69,"Volam sa filip, mam 23 rokov a hram futbal, tenis, hokej a beham a ma"
8gGAdMn0cGO8J5wVY9lyHNfcrzF3,3,1776704404375045000,1776704404371128000,69,Insert,m,70,"Volam sa filip, mam 23 rokov a hram futbal, tenis, hokej a beham a mam"
8gGAdMn0cGO8J5wVY9lyHNfcrzF3,3,1776704404612756000,1776704404606222000,70,Insert, ,71,"Volam sa filip, mam 23 rokov a hram futbal, tenis, hokej a beham a mam "
8gGAdMn0cGO8J5wVY9lyHNfcrzF3,3,1776704404864523000,1776704404856042000,71,Insert,m,72,"Volam sa filip, mam 23 rokov a hram futbal, tenis, hokej a beham a mam m"
8gGAdMn0cGO8J5wVY9lyHNfcrzF3,3,1776704405084207000,1776704405080114000,72,Insert,o,73,"Volam sa filip, mam 23 rokov a hram futbal, tenis, hokej a beham a mam mo"
8gGAdMn0cGO8J5wVY9lyHNfcrzF3,3,1776704405257072000,1776704405250918000,73,Insert,d,74,"Volam sa filip, mam 23 rokov a hram futbal, tenis, hokej a beham a mam mod"
8gGAdMn0cGO8J5wVY9lyHNfcrzF3,3,1776704405468558000,1776704405461290000,74,Insert,r,75,"Volam sa filip, mam 23 rokov a hram futbal, tenis, hokej a beham a mam modr"
8gGAdMn0cGO8J5wVY9lyHNfcrzF3,3,1776704405655386000,1776704405650466000,75,Insert,e,76,"Volam sa filip, mam 23 rokov a hram futbal, tenis, hokej a beham a mam modre"
8gGAdMn0cGO8J5wVY9lyHNfcrzF3,3,1776704405720109000,1776704405713859000,76,Insert, ,77,"Volam sa filip, mam 23 rokov a hram futbal, tenis, hokej a beham a mam modre "
8gGAdMn0cGO8J5wVY9lyHNfcrzF3,3,1776704405992814000,1776704405986706000,77,Insert,o,78,"Volam sa filip, mam 23 rokov a hram futbal, tenis, hokej a beham a mam modre o"
8gGAdMn0cGO8J5wVY9lyHNfcrzF3,3,1776704406073419000,1776704406068431000,78,Insert,x,79,"Volam sa filip, mam 23 rokov a hram futbal, tenis, hokej a beham a mam modre ox"
8gGAdMn0cGO8J5wVY9lyHNfcrzF3,3,1776704406211617000,1776704406206610000,79,Insert,i,80,"Volam sa filip, mam 23 rokov a hram futbal, tenis, hokej a beham a mam modre oxi"
8gGAdMn0cGO8J5wVY9lyHNfcrzF3,3,1776704406677939000,1776704406673547000,80,Delete,i,79,"Volam sa filip, mam 23 rokov a hram futbal, tenis, hokej a beham a mam modre ox"
8gGAdMn0cGO8J5wVY9lyHNfcrzF3,3,1776704406884522000,1776704406881254000,79,Delete,x,78,"Volam sa filip, mam 23 rokov a hram futbal, tenis, hokej a beham a mam modre o"
8gGAdMn0cGO8J5wVY9lyHNfcrzF3,3,1776704407274150000,1776704407268335000,78,Insert,c,79,"Volam sa filip, mam 23 rokov a hram futbal, tenis, hokej a beham a mam modre oc"
8gGAdMn0cGO8J5wVY9lyHNfcrzF3,3,1776704407407332000,1776704407402877000,79,Insert,i,80,"Volam sa filip, mam 23 rokov a hram futbal, tenis, hokej a beham a mam modre oci"
8gGAdMn0cGO8J5wVY9lyHNfcrzF3,3,1776704408440083000,1776704408431138000,80,Insert,.,81,"Volam sa filip, mam 23 rokov a hram futbal, tenis, hokej a beham a mam modre oci."
8gGAdMn0cGO8J5wVY9lyHNfcrzF3,4,1776704410191409000,1776704410185593000,0,Insert,V,1,V
8gGAdMn0cGO8J5wVY9lyHNfcrzF3,4,1776704410269545000,1776704410262725000,1,Insert,o,2,Vo
8gGAdMn0cGO8J5wVY9lyHNfcrzF3,4,1776704410448757000,1776704410444819000,2,Insert,l,3,Vol
8gGAdMn0cGO8J5wVY9lyHNfcrzF3,4,1776704410536920000,1776704410532875000,3,Insert,a,4,Vola
8gGAdMn0cGO8J5wVY9lyHNfcrzF3,4,1776704410692564000,1776704410689166000,4,Insert,m,5,Volam
8gGAdMn0cGO8J5wVY9lyHNfcrzF3,4,1776704410815886000,1776704410812335000,5,Insert, ,6,Volam 
8gGAdMn0cGO8J5wVY9lyHNfcrzF3,4,1776704411106162000,1776704411100792000,6,Insert,s,7,Volam s
8gGAdMn0cGO8J5wVY9lyHNfcrzF3,4,1776704411266501000,1776704411262399000,7,Insert,a,8,Volam sa
8gGAdMn0cGO8J5wVY9lyHNfcrzF3,4,1776704411360619000,1776704411356935000,8,Insert, ,9,Volam sa 
8gGAdMn0cGO8J5wVY9lyHNfcrzF3,4,1776704411600554000,1776704411593948000,9,Insert,f,10,Volam sa f
8gGAdMn0cGO8J5wVY9lyHNfcrzF3,4,1776704411736727000,1776704411733162000,10,Insert,i,11,Volam sa fi
8gGAdMn0cGO8J5wVY9lyHNfcrzF3,4,1776704411965285000,1776704411958395000,11,Insert,k,12,Volam sa fik
8gGAdMn0cGO8J5wVY9lyHNfcrzF3,4,1776704412143393000,1776704412139212000,12,Insert,i,13,Volam sa fiki
8gGAdMn0cGO8J5wVY9lyHNfcrzF3,4,1776704412389316000,1776704412382356000,13,Insert,p,14,Volam sa fikip
8gGAdMn0cGO8J5wVY9lyHNfcrzF3,4,1776704412620567000,1776704412616153000,14,Delete,p,13,Volam sa fiki
8gGAdMn0cGO8J5wVY9lyHNfcrzF3,4,1776704412814605000,1776704412812280000,13,Delete,i,12,Volam sa fik
8gGAdMn0cGO8J5wVY9lyHNfcrzF3,4,1776704413014815000,1776704413011026000,12,Delete,k,11,Volam sa fi
8gGAdMn0cGO8J5wVY9lyHNfcrzF3,4,1776704413373307000,1776704413367434000,11,Insert,l,12,Volam sa fil
8gGAdMn0cGO8J5wVY9lyHNfcrzF3,4,1776704413575085000,1776704413567198000,12,Insert,i,13,Volam sa fili
8gGAdMn0cGO8J5wVY9lyHNfcrzF3,4,1776704413809398000,1776704413802762000,13,Insert,p,14,Volam sa filip
8gGAdMn0cGO8J5wVY9lyHNfcrzF3,4,1776704414198055000,1776704414190633000,14,Insert,",",15,"Volam sa filip,"
8gGAdMn0cGO8J5wVY9lyHNfcrzF3,4,1776704414474201000,1776704414470505000,15,Insert, ,16,"Volam sa filip, "
8gGAdMn0cGO8J5wVY9lyHNfcrzF3,4,1776704414949368000,1776704414943131000,16,Insert,m,17,"Volam sa filip, m"
8gGAdMn0cGO8J5wVY9lyHNfcrzF3,4,1776704415056931000,1776704415053110000,17,Insert,a,18,"Volam sa filip, ma"
8gGAdMn0cGO8J5wVY9lyHNfcrzF3,4,1776704415179761000,1776704415176144000,18,Insert,m,19,"Volam sa filip, mam"
8gGAdMn0cGO8J5wVY9lyHNfcrzF3,4,1776704415315224000,1776704415311312000,19,Insert, ,20,"Volam sa filip, mam "
8gGAdMn0cGO8J5wVY9lyHNfcrzF3,4,1776704416748684000,1776704416742895000,20,Insert,2,21,"Volam sa filip, mam 2"
8gGAdMn0cGO8J5wVY9lyHNfcrzF3,4,1776704416986054000,1776704416979866000,21,Insert,3,22,"Volam sa filip, mam 23"
8gGAdMn0cGO8J5wVY9lyHNfcrzF3,4,1776704417120372000,1776704417116043000,22,Insert, ,23,"Volam sa filip, mam 23 "
8gGAdMn0cGO8J5wVY9lyHNfcrzF3,4,1776704417662759000,1776704417659260000,23,Insert,r,24,"Volam sa filip, mam 23 r"
8gGAdMn0cGO8J5wVY9lyHNfcrzF3,4,1776704417779329000,1776704417772888000,24,Insert,o,25,"Volam sa filip, mam 23 ro"
8gGAdMn0cGO8J5wVY9lyHNfcrzF3,4,1776704417965378000,1776704417961001000,25,Insert,k,26,"Volam sa filip, mam 23 rok"
8gGAdMn0cGO8J5wVY9lyHNfcrzF3,4,1776704418157839000,1776704418153591000,26,Insert,o,27,"Volam sa filip, mam 23 roko"
8gGAdMn0cGO8J5wVY9lyHNfcrzF3,4,1776704418224625000,1776704418220893000,27,Insert,v,28,"Volam sa filip, mam 23 rokov"
8gGAdMn0cGO8J5wVY9lyHNfcrzF3,4,1776704419528302000,1776704419520458000,28,Insert, ,29,"Volam sa filip, mam 23 rokov "
8gGAdMn0cGO8J5wVY9lyHNfcrzF3,4,1776704419643191000,1776704419638752000,29,Insert,a,30,"Volam sa filip, mam 23 rokov a"
8gGAdMn0cGO8J5wVY9lyHNfcrzF3,4,1776704419805300000,1776704419801185000,30,Insert, ,31,"Volam sa filip, mam 23 rokov a "
8gGAdMn0cGO8J5wVY9lyHNfcrzF3,4,1776704420182837000,1776704420176978000,31,Insert,b,32,"Volam sa filip, mam 23 rokov a b"
8gGAdMn0cGO8J5wVY9lyHNfcrzF3,4,1776704420897695000,1776704420889952000,32,Delete,b,31,"Volam sa filip, mam 23 rokov a "
8gGAdMn0cGO8J5wVY9lyHNfcrzF3,4,1776704421937582000,1776704421924975000,31,Insert,h,32,"Volam sa filip, mam 23 rokov a h"
8gGAdMn0cGO8J5wVY9lyHNfcrzF3,4,1776704422176913000,1776704422170805000,32,Insert,r,33,"Volam sa filip, mam 23 rokov a hr"
8gGAdMn0cGO8J5wVY9lyHNfcrzF3,4,1776704422398648000,1776704422391192000,33,Insert,a,34,"Volam sa filip, mam 23 rokov a hra"
8gGAdMn0cGO8J5wVY9lyHNfcrzF3,4,1776704422499069000,1776704422495077000,34,Insert,m,35,"Volam sa filip, mam 23 rokov a hram"
8gGAdMn0cGO8J5wVY9lyHNfcrzF3,4,1776704422678784000,1776704422674876000,35,Insert, ,36,"Volam sa filip, mam 23 rokov a hram "
8gGAdMn0cGO8J5wVY9lyHNfcrzF3,4,1776704423066179000,1776704423059434000,36,Insert,f,37,"Volam sa filip, mam 23 rokov a hram f"
8gGAdMn0cGO8J5wVY9lyHNfcrzF3,4,1776704423241259000,1776704423237578000,37,Insert,u,38,"Volam sa filip, mam 23 rokov a hram fu"
8gGAdMn0cGO8J5wVY9lyHNfcrzF3,4,1776704423394322000,1776704423390272000,38,Insert,t,39,"Volam sa filip, mam 23 rokov a hram fut"
8gGAdMn0cGO8J5wVY9lyHNfcrzF3,4,1776704423626373000,1776704423620844000,39,Insert,b,40,"Volam sa filip, mam 23 rokov a hram futb"
8gGAdMn0cGO8J5wVY9lyHNfcrzF3,4,1776704423858503000,1776704423845405000,40,Insert,a,41,"Volam sa filip, mam 23 rokov a hram futba"
8gGAdMn0cGO8J5wVY9lyHNfcrzF3,4,1776704423955830000,1776704423950528000,41,Insert,l,42,"Volam sa filip, mam 23 rokov a hram futbal"
8gGAdMn0cGO8J5wVY9lyHNfcrzF3,4,1776704424405612000,1776704424396808000,42,Insert,",",43,"Volam sa filip, mam 23 rokov a hram futbal,"
8gGAdMn0cGO8J5wVY9lyHNfcrzF3,4,1776704424662373000,1776704424656322000,43,Insert, ,44,"Volam sa filip, mam 23 rokov a hram futbal, "
8gGAdMn0cGO8J5wVY9lyHNfcrzF3,4,1776704425525513000,1776704425519071000,44,Insert,t,45,"Volam sa filip, mam 23 rokov a hram futbal, t"
8gGAdMn0cGO8J5wVY9lyHNfcrzF3,4,1776704425750110000,1776704425744301000,45,Insert,e,46,"Volam sa filip, mam 23 rokov a hram futbal, te"
8gGAdMn0cGO8J5wVY9lyHNfcrzF3,4,1776704425829177000,1776704425824397000,46,Insert,n,47,"Volam sa filip, mam 23 rokov a hram futbal, ten"
8gGAdMn0cGO8J5wVY9lyHNfcrzF3,4,1776704426078862000,1776704426071563000,47,Insert,i,48,"Volam sa filip, mam 23 rokov a hram futbal, teni"
8gGAdMn0cGO8J5wVY9lyHNfcrzF3,4,1776704426208453000,1776704426203433000,48,Insert,s,49,"Volam sa filip, mam 23 rokov a hram futbal, tenis"
8gGAdMn0cGO8J5wVY9lyHNfcrzF3,4,1776704427821879000,1776704427816890000,49,Insert,",",50,"Volam sa filip, mam 23 rokov a hram futbal, tenis,"
8gGAdMn0cGO8J5wVY9lyHNfcrzF3,4,1776704428614455000,1776704428603966000,50,Insert, ,51,"Volam sa filip, mam 23 rokov a hram futbal, tenis, "
8gGAdMn0cGO8J5wVY9lyHNfcrzF3,4,1776704429373819000,1776704429365281000,51,Insert,h,52,"Volam sa filip, mam 23 rokov a hram futbal, tenis, h"
8gGAdMn0cGO8J5wVY9lyHNfcrzF3,4,1776704429521518000,1776704429517568000,52,Insert,o,53,"Volam sa filip, mam 23 rokov a hram futbal, tenis, ho"
8gGAdMn0cGO8J5wVY9lyHNfcrzF3,4,1776704429725738000,1776704429721538000,53,Insert,k,54,"Volam sa filip, mam 23 rokov a hram futbal, tenis, hok"
8gGAdMn0cGO8J5wVY9lyHNfcrzF3,4,1776704429825147000,1776704429817067000,54,Insert,e,55,"Volam sa filip, mam 23 rokov a hram futbal, tenis, hoke"
8gGAdMn0cGO8J5wVY9lyHNfcrzF3,4,1776704429950650000,1776704429945322000,55,Insert,j,56,"Volam sa filip, mam 23 rokov a hram futbal, tenis, hokej"
8gGAdMn0cGO8J5wVY9lyHNfcrzF3,4,1776704430096938000,1776704430087694000,56,Insert, ,57,"Volam sa filip, mam 23 rokov a hram futbal, tenis, hokej "
8gGAdMn0cGO8J5wVY9lyHNfcrzF3,4,1776704430516659000,1776704430512000000,57,Insert,a,58,"Volam sa filip, mam 23 rokov a hram futbal, tenis, hokej a"
8gGAdMn0cGO8J5wVY9lyHNfcrzF3,4,1776704430661032000,1776704430656886000,58,Insert, ,59,"Volam sa filip, mam 23 rokov a hram futbal, tenis, hokej a "
8gGAdMn0cGO8J5wVY9lyHNfcrzF3,4,1776704430939841000,1776704430932810000,59,Insert,b,60,"Volam sa filip, mam 23 rokov a hram futbal, tenis, hokej a b"
8gGAdMn0cGO8J5wVY9lyHNfcrzF3,4,1776704431198778000,1776704431191709000,60,Insert,e,61,"Volam sa filip, mam 23 rokov a hram futbal, tenis, hokej a be"
8gGAdMn0cGO8J5wVY9lyHNfcrzF3,4,1776704431307437000,1776704431302751000,61,Insert,h,62,"Volam sa filip, mam 23 rokov a hram futbal, tenis, hokej a beh"
8gGAdMn0cGO8J5wVY9lyHNfcrzF3,4,1776704431445087000,1776704431441194000,62,Insert,a,63,"Volam sa filip, mam 23 rokov a hram futbal, tenis, hokej a beha"
8gGAdMn0cGO8J5wVY9lyHNfcrzF3,4,1776704431611059000,1776704431606226000,63,Insert,m,64,"Volam sa filip, mam 23 rokov a hram futbal, tenis, hokej a beham"
8gGAdMn0cGO8J5wVY9lyHNfcrzF3,4,1776704431744356000,1776704431740239000,64,Insert, ,65,"Volam sa filip, mam 23 rokov a hram futbal, tenis, hokej a beham "
8gGAdMn0cGO8J5wVY9lyHNfcrzF3,4,1776704433368845000,1776704433360058000,65,Insert,a,66,"Volam sa filip, mam 23 rokov a hram futbal, tenis, hokej a beham a"
8gGAdMn0cGO8J5wVY9lyHNfcrzF3,4,1776704433647614000,1776704433640943000,66,Insert, ,67,"Volam sa filip, mam 23 rokov a hram futbal, tenis, hokej a beham a "
8gGAdMn0cGO8J5wVY9lyHNfcrzF3,4,1776704433852338000,1776704433846401000,67,Insert,m,68,"Volam sa filip, mam 23 rokov a hram futbal, tenis, hokej a beham a m"
8gGAdMn0cGO8J5wVY9lyHNfcrzF3,4,1776704433964698000,1776704433960755000,68,Insert,a,69,"Volam sa filip, mam 23 rokov a hram futbal, tenis, hokej a beham a ma"
8gGAdMn0cGO8J5wVY9lyHNfcrzF3,4,1776704434083540000,1776704434079698000,69,Insert,m,70,"Volam sa filip, mam 23 rokov a hram futbal, tenis, hokej a beham a mam"
8gGAdMn0cGO8J5wVY9lyHNfcrzF3,4,1776704434430753000,1776704434422215000,70,Insert, ,71,"Volam sa filip, mam 23 rokov a hram futbal, tenis, hokej a beham a mam "
8gGAdMn0cGO8J5wVY9lyHNfcrzF3,4,1776704434825843000,1776704434819510000,71,Insert,f,72,"Volam sa filip, mam 23 rokov a hram futbal, tenis, hokej a beham a mam f"
8gGAdMn0cGO8J5wVY9lyHNfcrzF3,4,1776704435407852000,1776704435403181000,72,Delete,f,71,"Volam sa filip, mam 23 rokov a hram futbal, tenis, hokej a beham a mam "
8gGAdMn0cGO8J5wVY9lyHNfcrzF3,4,1776704435868057000,1776704435862269000,71,Insert,m,72,"Volam sa filip, mam 23 rokov a hram futbal, tenis, hokej a beham a mam m"
8gGAdMn0cGO8J5wVY9lyHNfcrzF3,4,1776704436129505000,1776704436120035000,72,Insert,o,73,"Volam sa filip, mam 23 rokov a hram futbal, tenis, hokej a beham a mam mo"
8gGAdMn0cGO8J5wVY9lyHNfcrzF3,4,1776704436199667000,1776704436194661000,73,Insert,d,74,"Volam sa filip, mam 23 rokov a hram futbal, tenis, hokej a beham a mam mod"
8gGAdMn0cGO8J5wVY9lyHNfcrzF3,4,1776704436427587000,1776704436421653000,74,Insert,r,75,"Volam sa filip, mam 23 rokov a hram futbal, tenis, hokej a beham a mam modr"
8gGAdMn0cGO8J5wVY9lyHNfcrzF3,4,1776704436637053000,1776704436631383000,75,Insert,e,76,"Volam sa filip, mam 23 rokov a hram futbal, tenis, hokej a beham a mam modre"
8gGAdMn0cGO8J5wVY9lyHNfcrzF3,4,1776704436725595000,1776704436720500000,76,Insert, ,77,"Volam sa filip, mam 23 rokov a hram futbal, tenis, hokej a beham a mam modre "
8gGAdMn0cGO8J5wVY9lyHNfcrzF3,4,1776704437083086000,1776704437076849000,77,Insert,o,78,"Volam sa filip, mam 23 rokov a hram futbal, tenis, hokej a beham a mam modre o"
8gGAdMn0cGO8J5wVY9lyHNfcrzF3,4,1776704437208909000,1776704437202891000,78,Insert,c,79,"Volam sa filip, mam 23 rokov a hram futbal, tenis, hokej a beham a mam modre oc"
8gGAdMn0cGO8J5wVY9lyHNfcrzF3,4,1776704437330360000,1776704437326563000,79,Insert,i,80,"Volam sa filip, mam 23 rokov a hram futbal, tenis, hokej a beham a mam modre oci"
8gGAdMn0cGO8J5wVY9lyHNfcrzF3,4,1776704438364765000,1776704438353888000,80,Insert,.,81,"Volam sa filip, mam 23 rokov a hram futbal, tenis, hokej a beham a mam modre oci."
8gGAdMn0cGO8J5wVY9lyHNfcrzF3,5,1776704439872760000,1776704439866716000,0,Insert,V,1,V
8gGAdMn0cGO8J5wVY9lyHNfcrzF3,5,1776704439964161000,1776704439960628000,1,Insert,o,2,Vo
8gGAdMn0cGO8J5wVY9lyHNfcrzF3,5,1776704440149321000,1776704440145721000,2,Insert,l,3,Vol
8gGAdMn0cGO8J5wVY9lyHNfcrzF3,5,1776704440246727000,1776704440243047000,3,Insert,a,4,Vola
8gGAdMn0cGO8J5wVY9lyHNfcrzF3,5,1776704440387355000,1776704440383783000,4,Insert,m,5,Volam
8gGAdMn0cGO8J5wVY9lyHNfcrzF3,5,1776704440513254000,1776704440509543000,5,Insert, ,6,Volam 
8gGAdMn0cGO8J5wVY9lyHNfcrzF3,5,1776704440817116000,1776704440811338000,6,Insert,s,7,Volam s
8gGAdMn0cGO8J5wVY9lyHNfcrzF3,5,1776704440986203000,1776704440982681000,7,Insert,a,8,Volam sa
8gGAdMn0cGO8J5wVY9lyHNfcrzF3,5,1776704441074712000,1776704441071013000,8,Insert, ,9,Volam sa 
8gGAdMn0cGO8J5wVY9lyHNfcrzF3,5,1776704441305461000,1776704441299898000,9,Insert,f,10,Volam sa f
8gGAdMn0cGO8J5wVY9lyHNfcrzF3,5,1776704441447467000,1776704441443976000,10,Insert,i,11,Volam sa fi
8gGAdMn0cGO8J5wVY9lyHNfcrzF3,5,1776704441693929000,1776704441688179000,11,Insert,l,12,Volam sa fil
8gGAdMn0cGO8J5wVY9lyHNfcrzF3,5,1776704441897674000,1776704441893886000,12,Insert,i,13,Volam sa fili
8gGAdMn0cGO8J5wVY9lyHNfcrzF3,5,1776704442135328000,1776704442129503000,13,Insert,p,14,Volam sa filip
8gGAdMn0cGO8J5wVY9lyHNfcrzF3,5,1776704442634259000,1776704442627320000,14,Insert,",",15,"Volam sa filip,"
8gGAdMn0cGO8J5wVY9lyHNfcrzF3,5,1776704442904564000,1776704442897220000,15,Insert, ,16,"Volam sa filip, "
8gGAdMn0cGO8J5wVY9lyHNfcrzF3,5,1776704443529007000,1776704443517469000,16,Insert,m,17,"Volam sa filip, m"
8gGAdMn0cGO8J5wVY9lyHNfcrzF3,5,1776704443592908000,1776704443589501000,17,Insert,a,18,"Volam sa filip, ma"
8gGAdMn0cGO8J5wVY9lyHNfcrzF3,5,1776704443710484000,1776704443706423000,18,Insert,m,19,"Volam sa filip, mam"
8gGAdMn0cGO8J5wVY9lyHNfcrzF3,5,1776704443837106000,1776704443832893000,19,Insert, ,20,"Volam sa filip, mam "
8gGAdMn0cGO8J5wVY9lyHNfcrzF3,5,1776704445058232000,1776704445052609000,20,Insert,2,21,"Volam sa filip, mam 2"
8gGAdMn0cGO8J5wVY9lyHNfcrzF3,5,1776704445290975000,1776704445285337000,21,Insert,3,22,"Volam sa filip, mam 23"
8gGAdMn0cGO8J5wVY9lyHNfcrzF3,5,1776704445481558000,1776704445477231000,22,Insert, ,23,"Volam sa filip, mam 23 "
8gGAdMn0cGO8J5wVY9lyHNfcrzF3,5,1776704446065433000,1776704446061956000,23,Insert,r,24,"Volam sa filip, mam 23 r"
8gGAdMn0cGO8J5wVY9lyHNfcrzF3,5,1776704446147959000,1776704446144713000,24,Insert,o,25,"Volam sa filip, mam 23 ro"
8gGAdMn0cGO8J5wVY9lyHNfcrzF3,5,1776704446336351000,1776704446332466000,25,Insert,k,26,"Volam sa filip, mam 23 rok"
8gGAdMn0cGO8J5wVY9lyHNfcrzF3,5,1776704446527951000,1776704446508972000,26,Insert,o,27,"Volam sa filip, mam 23 roko"
8gGAdMn0cGO8J5wVY9lyHNfcrzF3,5,1776704446602743000,1776704446599429000,27,Insert,v,28,"Volam sa filip, mam 23 rokov"
8gGAdMn0cGO8J5wVY9lyHNfcrzF3,5,1776704446799877000,1776704446793320000,28,Insert, ,29,"Volam sa filip, mam 23 rokov "
8gGAdMn0cGO8J5wVY9lyHNfcrzF3,5,1776704447204559000,1776704447198351000,29,Insert,a,30,"Volam sa filip, mam 23 rokov a"
8gGAdMn0cGO8J5wVY9lyHNfcrzF3,5,1776704447530049000,1776704447523255000,30,Insert, ,31,"Volam sa filip, mam 23 rokov a "
8gGAdMn0cGO8J5wVY9lyHNfcrzF3,5,1776704448278750000,1776704448270724000,31,Insert,h,32,"Volam sa filip, mam 23 rokov a h"
8gGAdMn0cGO8J5wVY9lyHNfcrzF3,5,1776704448511485000,1776704448505300000,32,Insert,r,33,"Volam sa filip, mam 23 rokov a hr"
8gGAdMn0cGO8J5wVY9lyHNfcrzF3,5,1776704448730680000,1776704448724426000,33,Insert,a,34,"Volam sa filip, mam 23 rokov a hra"
8gGAdMn0cGO8J5wVY9lyHNfcrzF3,5,1776704448849550000,1776704448844700000,34,Insert,m,35,"Volam sa filip, mam 23 rokov a hram"
8gGAdMn0cGO8J5wVY9lyHNfcrzF3,5,1776704449035053000,1776704449030854000,35,Insert, ,36,"Volam sa filip, mam 23 rokov a hram "
8gGAdMn0cGO8J5wVY9lyHNfcrzF3,5,1776704449757314000,1776704449744678000,36,Insert,f,37,"Volam sa filip, mam 23 rokov a hram f"
8gGAdMn0cGO8J5wVY9lyHNfcrzF3,5,1776704449950222000,1776704449946040000,37,Insert,u,38,"Volam sa filip, mam 23 rokov a hram fu"
8gGAdMn0cGO8J5wVY9lyHNfcrzF3,5,1776704450514658000,1776704450510200000,38,Insert,t,39,"Volam sa filip, mam 23 rokov a hram fut"
8gGAdMn0cGO8J5wVY9lyHNfcrzF3,5,1776704450728009000,1776704450722836000,39,Insert,b,40,"Volam sa filip, mam 23 rokov a hram futb"
8gGAdMn0cGO8J5wVY9lyHNfcrzF3,5,1776704450963392000,1776704450959287000,40,Insert,a,41,"Volam sa filip, mam 23 rokov a hram futba"
8gGAdMn0cGO8J5wVY9lyHNfcrzF3,5,1776704451121367000,1776704451116510000,41,Insert,l,42,"Volam sa filip, mam 23 rokov a hram futbal"
8gGAdMn0cGO8J5wVY9lyHNfcrzF3,5,1776704452474690000,1776704452466225000,42,Insert,",",43,"Volam sa filip, mam 23 rokov a hram futbal,"
8gGAdMn0cGO8J5wVY9lyHNfcrzF3,5,1776704452886197000,1776704452879835000,43,Insert, ,44,"Volam sa filip, mam 23 rokov a hram futbal, "
8gGAdMn0cGO8J5wVY9lyHNfcrzF3,5,1776704453852239000,1776704453846468000,44,Insert,t,45,"Volam sa filip, mam 23 rokov a hram futbal, t"
8gGAdMn0cGO8J5wVY9lyHNfcrzF3,5,1776704454137501000,1776704454131613000,45,Insert,e,46,"Volam sa filip, mam 23 rokov a hram futbal, te"
8gGAdMn0cGO8J5wVY9lyHNfcrzF3,5,1776704454287524000,1776704454282177000,46,Insert,n,47,"Volam sa filip, mam 23 rokov a hram futbal, ten"
8gGAdMn0cGO8J5wVY9lyHNfcrzF3,5,1776704454555618000,1776704454545530000,47,Insert,i,48,"Volam sa filip, mam 23 rokov a hram futbal, teni"
8gGAdMn0cGO8J5wVY9lyHNfcrzF3,5,1776704454668467000,1776704454663328000,48,Insert,s,49,"Volam sa filip, mam 23 rokov a hram futbal, tenis"
8gGAdMn0cGO8J5wVY9lyHNfcrzF3,5,1776704455576911000,1776704455568693000,49,Insert,",",50,"Volam sa filip, mam 23 rokov a hram futbal, tenis,"
8gGAdMn0cGO8J5wVY9lyHNfcrzF3,5,1776704455899641000,1776704455892908000,50,Insert, ,51,"Volam sa filip, mam 23 rokov a hram futbal, tenis, "
8gGAdMn0cGO8J5wVY9lyHNfcrzF3,5,1776704456691862000,1776704456687814000,51,Insert,h,52,"Volam sa filip, mam 23 rokov a hram futbal, tenis, h"
8gGAdMn0cGO8J5wVY9lyHNfcrzF3,5,1776704456882934000,1776704456878566000,52,Insert,o,53,"Volam sa filip, mam 23 rokov a hram futbal, tenis, ho"
8gGAdMn0cGO8J5wVY9lyHNfcrzF3,5,1776704457093870000,1776704457084134000,53,Insert,k,54,"Volam sa filip, mam 23 rokov a hram futbal, tenis, hok"
8gGAdMn0cGO8J5wVY9lyHNfcrzF3,5,1776704457142314000,1776704457134909000,54,Insert,e,55,"Volam sa filip, mam 23 rokov a hram futbal, tenis, hoke"
8gGAdMn0cGO8J5wVY9lyHNfcrzF3,5,1776704457304609000,1776704457300337000,55,Insert,j,56,"Volam sa filip, mam 23 rokov a hram futbal, tenis, hokej"
8gGAdMn0cGO8J5wVY9lyHNfcrzF3,5,1776704457448804000,1776704457443974000,56,Insert, ,57,"Volam sa filip, mam 23 rokov a hram futbal, tenis, hokej "
8gGAdMn0cGO8J5wVY9lyHNfcrzF3,5,1776704457913979000,1776704457908313000,57,Insert,a,58,"Volam sa filip, mam 23 rokov a hram futbal, tenis, hokej a"
8gGAdMn0cGO8J5wVY9lyHNfcrzF3,5,1776704458040525000,1776704458035245000,58,Insert, ,59,"Volam sa filip, mam 23 rokov a hram futbal, tenis, hokej a "
8gGAdMn0cGO8J5wVY9lyHNfcrzF3,5,1776704458333211000,1776704458326279000,59,Insert,b,60,"Volam sa filip, mam 23 rokov a hram futbal, tenis, hokej a b"
8gGAdMn0cGO8J5wVY9lyHNfcrzF3,5,1776704458593856000,1776704458583547000,60,Insert,e,61,"Volam sa filip, mam 23 rokov a hram futbal, tenis, hokej a be"
8gGAdMn0cGO8J5wVY9lyHNfcrzF3,5,1776704458717914000,1776704458710904000,61,Insert,h,62,"Volam sa filip, mam 23 rokov a hram futbal, tenis, hokej a beh"
8gGAdMn0cGO8J5wVY9lyHNfcrzF3,5,1776704458843878000,1776704458839080000,62,Insert,a,63,"Volam sa filip, mam 23 rokov a hram futbal, tenis, hokej a beha"
8gGAdMn0cGO8J5wVY9lyHNfcrzF3,5,1776704459014135000,1776704459009918000,63,Insert,m,64,"Volam sa filip, mam 23 rokov a hram futbal, tenis, hokej a beham"
8gGAdMn0cGO8J5wVY9lyHNfcrzF3,5,1776704459172564000,1776704459166630000,64,Insert, ,65,"Volam sa filip, mam 23 rokov a hram futbal, tenis, hokej a beham "
8gGAdMn0cGO8J5wVY9lyHNfcrzF3,5,1776704460823600000,1776704460815929000,65,Insert,a,66,"Volam sa filip, mam 23 rokov a hram futbal, tenis, hokej a beham a"
8gGAdMn0cGO8J5wVY9lyHNfcrzF3,5,1776704461127798000,1776704461120717000,66,Insert, ,67,"Volam sa filip, mam 23 rokov a hram futbal, tenis, hokej a beham a "
8gGAdMn0cGO8J5wVY9lyHNfcrzF3,5,1776704461293563000,1776704461283999000,67,Insert,m,68,"Volam sa filip, mam 23 rokov a hram futbal, tenis, hokej a beham a m"
8gGAdMn0cGO8J5wVY9lyHNfcrzF3,5,1776704461418352000,1776704461412712000,68,Insert,a,69,"Volam sa filip, mam 23 rokov a hram futbal, tenis, hokej a beham a ma"
8gGAdMn0cGO8J5wVY9lyHNfcrzF3,5,1776704461532575000,1776704461528045000,69,Insert,m,70,"Volam sa filip, mam 23 rokov a hram futbal, tenis, hokej a beham a mam"
8gGAdMn0cGO8J5wVY9lyHNfcrzF3,5,1776704462110998000,1776704462100911000,70,Insert, ,71,"Volam sa filip, mam 23 rokov a hram futbal, tenis, hokej a beham a mam "
8gGAdMn0cGO8J5wVY9lyHNfcrzF3,5,1776704462337047000,1776704462331121000,71,Insert,m,72,"Volam sa filip, mam 23 rokov a hram futbal, tenis, hokej a beham a mam m"
8gGAdMn0cGO8J5wVY9lyHNfcrzF3,5,1776704462594977000,1776704462585194000,72,Insert,o,73,"Volam sa filip, mam 23 rokov a hram futbal, tenis, hokej a beham a mam mo"
8gGAdMn0cGO8J5wVY9lyHNfcrzF3,5,1776704462667838000,1776704462661154000,73,Insert,d,74,"Volam sa filip, mam 23 rokov a hram futbal, tenis, hokej a beham a mam mod"
8gGAdMn0cGO8J5wVY9lyHNfcrzF3,5,1776704462869741000,1776704462865550000,74,Insert,r,75,"Volam sa filip, mam 23 rokov a hram futbal, tenis, hokej a beham a mam modr"
8gGAdMn0cGO8J5wVY9lyHNfcrzF3,5,1776704463091611000,1776704463084550000,75,Insert,e,76,"Volam sa filip, mam 23 rokov a hram futbal, tenis, hokej a beham a mam modre"
8gGAdMn0cGO8J5wVY9lyHNfcrzF3,5,1776704463199167000,1776704463191251000,76,Insert, ,77,"Volam sa filip, mam 23 rokov a hram futbal, tenis, hokej a beham a mam modre "
8gGAdMn0cGO8J5wVY9lyHNfcrzF3,5,1776704463571442000,1776704463563414000,77,Insert,o,78,"Volam sa filip, mam 23 rokov a hram futbal, tenis, hokej a beham a mam modre o"
8gGAdMn0cGO8J5wVY9lyHNfcrzF3,5,1776704463713377000,1776704463706338000,78,Insert,c,79,"Volam sa filip, mam 23 rokov a hram futbal, tenis, hokej a beham a mam modre oc"
8gGAdMn0cGO8J5wVY9lyHNfcrzF3,5,1776704463852852000,1776704463839985000,79,Insert,i,80,"Volam sa filip, mam 23 rokov a hram futbal, tenis, hokej a beham a mam modre oci"
8gGAdMn0cGO8J5wVY9lyHNfcrzF3,5,1776704464777909000,1776704464766790000,80,Insert,.,81,"Volam sa filip, mam 23 rokov a hram futbal, tenis, hokej a beham a mam modre oci."
8gGAdMn0cGO8J5wVY9lyHNfcrzF3,6,1776704466386989000,1776704466381701000,0,Insert,V,1,V
8gGAdMn0cGO8J5wVY9lyHNfcrzF3,6,1776704466475604000,1776704466472078000,1,Insert,o,2,Vo
8gGAdMn0cGO8J5wVY9lyHNfcrzF3,6,1776704466650938000,1776704466647554000,2,Insert,l,3,Vol
8gGAdMn0cGO8J5wVY9lyHNfcrzF3,6,1776704466741456000,1776704466737361000,3,Insert,a,4,Vola
8gGAdMn0cGO8J5wVY9lyHNfcrzF3,6,1776704466875490000,1776704466871372000,4,Insert,m,5,Volam
8gGAdMn0cGO8J5wVY9lyHNfcrzF3,6,1776704467023005000,1776704467019064000,5,Insert, ,6,Volam 
8gGAdMn0cGO8J5wVY9lyHNfcrzF3,6,1776704467358373000,1776704467350409000,6,Insert,s,7,Volam s
8gGAdMn0cGO8J5wVY9lyHNfcrzF3,6,1776704467597032000,1776704467589919000,7,Insert,a,8,Volam sa
8gGAdMn0cGO8J5wVY9lyHNfcrzF3,6,1776704467713176000,1776704467705771000,8,Insert, ,9,Volam sa 
8gGAdMn0cGO8J5wVY9lyHNfcrzF3,6,1776704468086089000,1776704468079911000,9,Insert,f,10,Volam sa f
8gGAdMn0cGO8J5wVY9lyHNfcrzF3,6,1776704468232930000,1776704468229161000,10,Insert,i,11,Volam sa fi
8gGAdMn0cGO8J5wVY9lyHNfcrzF3,6,1776704468473231000,1776704468465880000,11,Insert,k,12,Volam sa fik
8gGAdMn0cGO8J5wVY9lyHNfcrzF3,6,1776704468683892000,1776704468680398000,12,Insert,i,13,Volam sa fiki
8gGAdMn0cGO8J5wVY9lyHNfcrzF3,6,1776704469064477000,1776704469060576000,13,Delete,i,12,Volam sa fik
8gGAdMn0cGO8J5wVY9lyHNfcrzF3,6,1776704469277886000,1776704469273332000,12,Delete,k,11,Volam sa fi
8gGAdMn0cGO8J5wVY9lyHNfcrzF3,6,1776704469553521000,1776704469547607000,11,Insert,l,12,Volam sa fil
8gGAdMn0cGO8J5wVY9lyHNfcrzF3,6,1776704469823263000,1776704469817214000,12,Insert,i,13,Volam sa fili
8gGAdMn0cGO8J5wVY9lyHNfcrzF3,6,1776704470066207000,1776704470060165000,13,Insert,p,14,Volam sa filip
8gGAdMn0cGO8J5wVY9lyHNfcrzF3,6,1776704470660910000,1776704470656904000,14,Insert,",",15,"Volam sa filip,"
8gGAdMn0cGO8J5wVY9lyHNfcrzF3,6,1776704470950301000,1776704470943785000,15,Insert, ,16,"Volam sa filip, "
8gGAdMn0cGO8J5wVY9lyHNfcrzF3,6,1776704471456481000,1776704471450802000,16,Insert,m,17,"Volam sa filip, m"
8gGAdMn0cGO8J5wVY9lyHNfcrzF3,6,1776704471554814000,1776704471551196000,17,Insert,a,18,"Volam sa filip, ma"
8gGAdMn0cGO8J5wVY9lyHNfcrzF3,6,1776704471673905000,1776704471670368000,18,Insert,m,19,"Volam sa filip, mam"
8gGAdMn0cGO8J5wVY9lyHNfcrzF3,6,1776704471811217000,1776704471807585000,19,Insert, ,20,"Volam sa filip, mam "
8gGAdMn0cGO8J5wVY9lyHNfcrzF3,6,1776704472881497000,1776704472874475000,20,Insert,2,21,"Volam sa filip, mam 2"
8gGAdMn0cGO8J5wVY9lyHNfcrzF3,6,1776704473127202000,1776704473120737000,21,Insert,3,22,"Volam sa filip, mam 23"
8gGAdMn0cGO8J5wVY9lyHNfcrzF3,6,1776704473293112000,1776704473288860000,22,Insert, ,23,"Volam sa filip, mam 23 "
8gGAdMn0cGO8J5wVY9lyHNfcrzF3,6,1776704473846970000,1776704473843095000,23,Insert,r,24,"Volam sa filip, mam 23 r"
8gGAdMn0cGO8J5wVY9lyHNfcrzF3,6,1776704473948240000,1776704473944488000,24,Insert,o,25,"Volam sa filip, mam 23 ro"
8gGAdMn0cGO8J5wVY9lyHNfcrzF3,6,1776704474145049000,1776704474140260000,25,Insert,k,26,"Volam sa filip, mam 23 rok"
8gGAdMn0cGO8J5wVY9lyHNfcrzF3,6,1776704474338469000,1776704474334894000,26,Insert,o,27,"Volam sa filip, mam 23 roko"
8gGAdMn0cGO8J5wVY9lyHNfcrzF3,6,1776704474417968000,1776704474414406000,27,Insert,v,28,"Volam sa filip, mam 23 rokov"
8gGAdMn0cGO8J5wVY9lyHNfcrzF3,6,1776704475529705000,1776704475515854000,28,Insert,",",29,"Volam sa filip, mam 23 rokov,"
8gGAdMn0cGO8J5wVY9lyHNfcrzF3,6,1776704476319343000,1776704476315127000,29,Delete,",",28,"Volam sa filip, mam 23 rokov"
8gGAdMn0cGO8J5wVY9lyHNfcrzF3,6,1776704477557578000,1776704477551613000,28,Insert, ,29,"Volam sa filip, mam 23 rokov "
8gGAdMn0cGO8J5wVY9lyHNfcrzF3,6,1776704477742786000,1776704477738164000,29,Insert,a,30,"Volam sa filip, mam 23 rokov a"
8gGAdMn0cGO8J5wVY9lyHNfcrzF3,6,1776704477919029000,1776704477914890000,30,Insert, ,31,"Volam sa filip, mam 23 rokov a "
8gGAdMn0cGO8J5wVY9lyHNfcrzF3,6,1776704478587150000,1776704478577902000,31,Insert,h,32,"Volam sa filip, mam 23 rokov a h"
8gGAdMn0cGO8J5wVY9lyHNfcrzF3,6,1776704478861820000,1776704478855057000,32,Insert,r,33,"Volam sa filip, mam 23 rokov a hr"
8gGAdMn0cGO8J5wVY9lyHNfcrzF3,6,1776704479099624000,1776704479093666000,33,Insert,a,34,"Volam sa filip, mam 23 rokov a hra"
8gGAdMn0cGO8J5wVY9lyHNfcrzF3,6,1776704479228498000,1776704479223846000,34,Insert,m,35,"Volam sa filip, mam 23 rokov a hram"
8gGAdMn0cGO8J5wVY9lyHNfcrzF3,6,1776704479399930000,1776704479393579000,35,Insert, ,36,"Volam sa filip, mam 23 rokov a hram "
8gGAdMn0cGO8J5wVY9lyHNfcrzF3,6,1776704479901091000,1776704479894156000,36,Insert,f,37,"Volam sa filip, mam 23 rokov a hram f"
8gGAdMn0cGO8J5wVY9lyHNfcrzF3,6,1776704480076236000,1776704480069736000,37,Insert,u,38,"Volam sa filip, mam 23 rokov a hram fu"
8gGAdMn0cGO8J5wVY9lyHNfcrzF3,6,1776704480231356000,1776704480227299000,38,Insert,t,39,"Volam sa filip, mam 23 rokov a hram fut"
8gGAdMn0cGO8J5wVY9lyHNfcrzF3,6,1776704480441214000,1776704480434903000,39,Insert,b,40,"Volam sa filip, mam 23 rokov a hram futb"
8gGAdMn0cGO8J5wVY9lyHNfcrzF3,6,1776704480683626000,1776704480676522000,40,Insert,a,41,"Volam sa filip, mam 23 rokov a hram futba"
8gGAdMn0cGO8J5wVY9lyHNfcrzF3,6,1776704480826252000,1776704480822535000,41,Insert,l,42,"Volam sa filip, mam 23 rokov a hram futbal"
8gGAdMn0cGO8J5wVY9lyHNfcrzF3,6,1776704481885806000,1776704481878668000,42,Insert,",",43,"Volam sa filip, mam 23 rokov a hram futbal,"
8gGAdMn0cGO8J5wVY9lyHNfcrzF3,6,1776704482257520000,1776704482250880000,43,Insert, ,44,"Volam sa filip, mam 23 rokov a hram futbal, "
8gGAdMn0cGO8J5wVY9lyHNfcrzF3,6,1776704482581533000,1776704482575357000,44,Insert,t,45,"Volam sa filip, mam 23 rokov a hram futbal, t"
8gGAdMn0cGO8J5wVY9lyHNfcrzF3,6,1776704482798547000,1776704482792283000,45,Insert,e,46,"Volam sa filip, mam 23 rokov a hram futbal, te"
8gGAdMn0cGO8J5wVY9lyHNfcrzF3,6,1776704482917657000,1776704482908542000,46,Insert,n,47,"Volam sa filip, mam 23 rokov a hram futbal, ten"
8gGAdMn0cGO8J5wVY9lyHNfcrzF3,6,1776704483162703000,1776704483155534000,47,Insert,i,48,"Volam sa filip, mam 23 rokov a hram futbal, teni"
8gGAdMn0cGO8J5wVY9lyHNfcrzF3,6,1776704483686038000,1776704483681649000,48,Insert,",",49,"Volam sa filip, mam 23 rokov a hram futbal, teni,"
8gGAdMn0cGO8J5wVY9lyHNfcrzF3,6,1776704483974439000,1776704483968008000,49,Insert, ,50,"Volam sa filip, mam 23 rokov a hram futbal, teni, "
8gGAdMn0cGO8J5wVY9lyHNfcrzF3,6,1776704484709872000,1776704484703017000,50,Delete, ,49,"Volam sa filip, mam 23 rokov a hram futbal, teni,"
8gGAdMn0cGO8J5wVY9lyHNfcrzF3,6,1776704484947947000,1776704484943328000,49,Delete,",",48,"Volam sa filip, mam 23 rokov a hram futbal, teni"
8gGAdMn0cGO8J5wVY9lyHNfcrzF3,6,1776704485271585000,1776704485264251000,48,Insert,a,49,"Volam sa filip, mam 23 rokov a hram futbal, tenia"
8gGAdMn0cGO8J5wVY9lyHNfcrzF3,6,1776704485805591000,1776704485793951000,49,Delete,a,48,"Volam sa filip, mam 23 rokov a hram futbal, teni"
8gGAdMn0cGO8J5wVY9lyHNfcrzF3,6,1776704485888560000,1776704485879208000,48,Insert,s,49,"Volam sa filip, mam 23 rokov a hram futbal, tenis"
8gGAdMn0cGO8J5wVY9lyHNfcrzF3,6,1776704486511975000,1776704486503582000,49,Insert,",",50,"Volam sa filip, mam 23 rokov a hram futbal, tenis,"
8gGAdMn0cGO8J5wVY9lyHNfcrzF3,6,1776704486795049000,1776704486788865000,50,Insert, ,51,"Volam sa filip, mam 23 rokov a hram futbal, tenis, "
8gGAdMn0cGO8J5wVY9lyHNfcrzF3,6,1776704487331350000,1776704487326466000,51,Insert,h,52,"Volam sa filip, mam 23 rokov a hram futbal, tenis, h"
8gGAdMn0cGO8J5wVY9lyHNfcrzF3,6,1776704487470121000,1776704487462753000,52,Insert,o,53,"Volam sa filip, mam 23 rokov a hram futbal, tenis, ho"
8gGAdMn0cGO8J5wVY9lyHNfcrzF3,6,1776704487658626000,1776704487654670000,53,Insert,k,54,"Volam sa filip, mam 23 rokov a hram futbal, tenis, hok"
8gGAdMn0cGO8J5wVY9lyHNfcrzF3,6,1776704487744805000,1776704487740852000,54,Insert,e,55,"Volam sa filip, mam 23 rokov a hram futbal, tenis, hoke"
8gGAdMn0cGO8J5wVY9lyHNfcrzF3,6,1776704487876701000,1776704487867875000,55,Insert,j,56,"Volam sa filip, mam 23 rokov a hram futbal, tenis, hokej"
8gGAdMn0cGO8J5wVY9lyHNfcrzF3,6,1776704488399075000,1776704488389293000,56,Insert, ,57,"Volam sa filip, mam 23 rokov a hram futbal, tenis, hokej "
8gGAdMn0cGO8J5wVY9lyHNfcrzF3,6,1776704488521549000,1776704488517241000,57,Insert,a,58,"Volam sa filip, mam 23 rokov a hram futbal, tenis, hokej a"
8gGAdMn0cGO8J5wVY9lyHNfcrzF3,6,1776704488665131000,1776704488652618000,58,Insert, ,59,"Volam sa filip, mam 23 rokov a hram futbal, tenis, hokej a "
8gGAdMn0cGO8J5wVY9lyHNfcrzF3,6,1776704489019214000,1776704489013242000,59,Insert,b,60,"Volam sa filip, mam 23 rokov a hram futbal, tenis, hokej a b"
8gGAdMn0cGO8J5wVY9lyHNfcrzF3,6,1776704489273644000,1776704489267922000,60,Insert,e,61,"Volam sa filip, mam 23 rokov a hram futbal, tenis, hokej a be"
8gGAdMn0cGO8J5wVY9lyHNfcrzF3,6,1776704489407214000,1776704489402328000,61,Insert,h,62,"Volam sa filip, mam 23 rokov a hram futbal, tenis, hokej a beh"
8gGAdMn0cGO8J5wVY9lyHNfcrzF3,6,1776704489533471000,1776704489527136000,62,Insert,a,63,"Volam sa filip, mam 23 rokov a hram futbal, tenis, hokej a beha"
8gGAdMn0cGO8J5wVY9lyHNfcrzF3,6,1776704489685992000,1776704489680611000,63,Insert,m,64,"Volam sa filip, mam 23 rokov a hram futbal, tenis, hokej a beham"
8gGAdMn0cGO8J5wVY9lyHNfcrzF3,6,1776704489869164000,1776704489864927000,64,Insert, ,65,"Volam sa filip, mam 23 rokov a hram futbal, tenis, hokej a beham "
8gGAdMn0cGO8J5wVY9lyHNfcrzF3,6,1776704490773575000,1776704490765959000,65,Insert,a,66,"Volam sa filip, mam 23 rokov a hram futbal, tenis, hokej a beham a"
8gGAdMn0cGO8J5wVY9lyHNfcrzF3,6,1776704490867833000,1776704490863602000,66,Insert, ,67,"Volam sa filip, mam 23 rokov a hram futbal, tenis, hokej a beham a "
8gGAdMn0cGO8J5wVY9lyHNfcrzF3,6,1776704491272244000,1776704491267153000,67,Insert,m,68,"Volam sa filip, mam 23 rokov a hram futbal, tenis, hokej a beham a m"
8gGAdMn0cGO8J5wVY9lyHNfcrzF3,6,1776704491358839000,1776704491355387000,68,Insert,a,69,"Volam sa filip, mam 23 rokov a hram futbal, tenis, hokej a beham a ma"
8gGAdMn0cGO8J5wVY9lyHNfcrzF3,6,1776704491482580000,1776704491478696000,69,Insert,m,70,"Volam sa filip, mam 23 rokov a hram futbal, tenis, hokej a beham a mam"
8gGAdMn0cGO8J5wVY9lyHNfcrzF3,6,1776704491757388000,1776704491750705000,70,Insert, ,71,"Volam sa filip, mam 23 rokov a hram futbal, tenis, hokej a beham a mam "
8gGAdMn0cGO8J5wVY9lyHNfcrzF3,6,1776704493092821000,1776704493086582000,71,Insert,m,72,"Volam sa filip, mam 23 rokov a hram futbal, tenis, hokej a beham a mam m"
8gGAdMn0cGO8J5wVY9lyHNfcrzF3,6,1776704493372000000,1776704493364355000,72,Insert,o,73,"Volam sa filip, mam 23 rokov a hram futbal, tenis, hokej a beham a mam mo"
8gGAdMn0cGO8J5wVY9lyHNfcrzF3,6,1776704493447253000,1776704493443885000,73,Insert,d,74,"Volam sa filip, mam 23 rokov a hram futbal, tenis, hokej a beham a mam mod"
8gGAdMn0cGO8J5wVY9lyHNfcrzF3,6,1776704493701035000,1776704493693914000,74,Insert,r,75,"Volam sa filip, mam 23 rokov a hram futbal, tenis, hokej a beham a mam modr"
8gGAdMn0cGO8J5wVY9lyHNfcrzF3,6,1776704493919680000,1776704493912565000,75,Insert,e,76,"Volam sa filip, mam 23 rokov a hram futbal, tenis, hokej a beham a mam modre"
8gGAdMn0cGO8J5wVY9lyHNfcrzF3,6,1776704494611598000,1776704494602602000,76,Insert, ,77,"Volam sa filip, mam 23 rokov a hram futbal, tenis, hokej a beham a mam modre "
8gGAdMn0cGO8J5wVY9lyHNfcrzF3,6,1776704494926150000,1776704494916461000,77,Insert,p,78,"Volam sa filip, mam 23 rokov a hram futbal, tenis, hokej a beham a mam modre p"
8gGAdMn0cGO8J5wVY9lyHNfcrzF3,6,1776704495054623000,1776704495045612000,78,Insert,c,79,"Volam sa filip, mam 23 rokov a hram futbal, tenis, hokej a beham a mam modre pc"
8gGAdMn0cGO8J5wVY9lyHNfcrzF3,6,1776704495180413000,1776704495176142000,79,Insert,i,80,"Volam sa filip, mam 23 rokov a hram futbal, tenis, hokej a beham a mam modre pci"
8gGAdMn0cGO8J5wVY9lyHNfcrzF3,6,1776704495672438000,1776704495667780000,80,Delete,i,79,"Volam sa filip, mam 23 rokov a hram futbal, tenis, hokej a beham a mam modre pc"
8gGAdMn0cGO8J5wVY9lyHNfcrzF3,6,1776704495885380000,1776704495880859000,79,Delete,c,78,"Volam sa filip, mam 23 rokov a hram futbal, tenis, hokej a beham a mam modre p"
8gGAdMn0cGO8J5wVY9lyHNfcrzF3,6,1776704496073561000,1776704496067960000,78,Delete,p,77,"Volam sa filip, mam 23 rokov a hram futbal, tenis, hokej a beham a mam modre "
8gGAdMn0cGO8J5wVY9lyHNfcrzF3,6,1776704496402835000,1776704496395800000,77,Insert,o,78,"Volam sa filip, mam 23 rokov a hram futbal, tenis, hokej a beham a mam modre o"
8gGAdMn0cGO8J5wVY9lyHNfcrzF3,6,1776704496711284000,1776704496705180000,78,Insert,c,79,"Volam sa filip, mam 23 rokov a hram futbal, tenis, hokej a beham a mam modre oc"
8gGAdMn0cGO8J5wVY9lyHNfcrzF3,6,1776704496798359000,1776704496794208000,79,Insert,i,80,"Volam sa filip, mam 23 rokov a hram futbal, tenis, hokej a beham a mam modre oci"
8gGAdMn0cGO8J5wVY9lyHNfcrzF3,6,1776704497125410000,1776704497118120000,80,Insert,.,81,"Volam sa filip, mam 23 rokov a hram futbal, tenis, hokej a beham a mam modre oci."
8gGAdMn0cGO8J5wVY9lyHNfcrzF3,7,1776704498772738000,1776704498758018000,0,Insert,V,1,V
8gGAdMn0cGO8J5wVY9lyHNfcrzF3,7,1776704498872146000,1776704498868613000,1,Insert,o,2,Vo
8gGAdMn0cGO8J5wVY9lyHNfcrzF3,7,1776704499041120000,1776704499037815000,2,Insert,l,3,Vol
8gGAdMn0cGO8J5wVY9lyHNfcrzF3,7,1776704499123018000,1776704499119484000,3,Insert,a,4,Vola
8gGAdMn0cGO8J5wVY9lyHNfcrzF3,7,1776704499270546000,1776704499266973000,4,Insert,m,5,Volam
8gGAdMn0cGO8J5wVY9lyHNfcrzF3,7,1776704499400740000,1776704499396422000,5,Insert, ,6,Volam 
8gGAdMn0cGO8J5wVY9lyHNfcrzF3,7,1776704499669811000,1776704499663072000,6,Insert,s,7,Volam s
8gGAdMn0cGO8J5wVY9lyHNfcrzF3,7,1776704499835900000,1776704499830710000,7,Insert,a,8,Volam sa
8gGAdMn0cGO8J5wVY9lyHNfcrzF3,7,1776704499918233000,1776704499913818000,8,Insert, ,9,Volam sa 
8gGAdMn0cGO8J5wVY9lyHNfcrzF3,7,1776704500177982000,1776704500172631000,9,Insert,f,10,Volam sa f
8gGAdMn0cGO8J5wVY9lyHNfcrzF3,7,1776704500377623000,1776704500371229000,10,Insert,i,11,Volam sa fi
8gGAdMn0cGO8J5wVY9lyHNfcrzF3,7,1776704500617130000,1776704500611442000,11,Insert,l,12,Volam sa fil
8gGAdMn0cGO8J5wVY9lyHNfcrzF3,7,1776704500840973000,1776704500834055000,12,Insert,i,13,Volam sa fili
8gGAdMn0cGO8J5wVY9lyHNfcrzF3,7,1776704501079869000,1776704501074230000,13,Insert,p,14,Volam sa filip
8gGAdMn0cGO8J5wVY9lyHNfcrzF3,7,1776704501731136000,1776704501725237000,14,Insert,",",15,"Volam sa filip,"
8gGAdMn0cGO8J5wVY9lyHNfcrzF3,7,1776704502011178000,1776704502005115000,15,Insert, ,16,"Volam sa filip, "
8gGAdMn0cGO8J5wVY9lyHNfcrzF3,7,1776704502585909000,1776704502576899000,16,Insert,m,17,"Volam sa filip, m"
8gGAdMn0cGO8J5wVY9lyHNfcrzF3,7,1776704502699652000,1776704502695928000,17,Insert,a,18,"Volam sa filip, ma"
8gGAdMn0cGO8J5wVY9lyHNfcrzF3,7,1776704502804566000,1776704502800828000,18,Insert,m,19,"Volam sa filip, mam"
8gGAdMn0cGO8J5wVY9lyHNfcrzF3,7,1776704502941971000,1776704502938281000,19,Insert, ,20,"Volam sa filip, mam "
8gGAdMn0cGO8J5wVY9lyHNfcrzF3,7,1776704504182384000,1776704504178649000,20,Insert,2,21,"Volam sa filip, mam 2"
8gGAdMn0cGO8J5wVY9lyHNfcrzF3,7,1776704504419165000,1776704504413384000,21,Insert,3,22,"Volam sa filip, mam 23"
8gGAdMn0cGO8J5wVY9lyHNfcrzF3,7,1776704504571181000,1776704504567372000,22,Insert, ,23,"Volam sa filip, mam 23 "
8gGAdMn0cGO8J5wVY9lyHNfcrzF3,7,1776704505229792000,1776704505223155000,23,Insert,r,24,"Volam sa filip, mam 23 r"
8gGAdMn0cGO8J5wVY9lyHNfcrzF3,7,1776704505363225000,1776704505357872000,24,Insert,o,25,"Volam sa filip, mam 23 ro"
8gGAdMn0cGO8J5wVY9lyHNfcrzF3,7,1776704505518399000,1776704505514254000,25,Insert,k,26,"Volam sa filip, mam 23 rok"
8gGAdMn0cGO8J5wVY9lyHNfcrzF3,7,1776704505699860000,1776704505695443000,26,Insert,o,27,"Volam sa filip, mam 23 roko"
8gGAdMn0cGO8J5wVY9lyHNfcrzF3,7,1776704505788786000,1776704505785516000,27,Insert,v,28,"Volam sa filip, mam 23 rokov"
8gGAdMn0cGO8J5wVY9lyHNfcrzF3,7,1776704506008875000,1776704505999356000,28,Insert, ,29,"Volam sa filip, mam 23 rokov "
8gGAdMn0cGO8J5wVY9lyHNfcrzF3,7,1776704506544348000,1776704506535531000,29,Insert,a,30,"Volam sa filip, mam 23 rokov a"
8gGAdMn0cGO8J5wVY9lyHNfcrzF3,7,1776704506610571000,1776704506606440000,30,Insert, ,31,"Volam sa filip, mam 23 rokov a "
8gGAdMn0cGO8J5wVY9lyHNfcrzF3,7,1776704507945357000,1776704507937047000,32,Insert,h,33,"Volam sa filip, mam 23 rokov a. h"
8gGAdMn0cGO8J5wVY9lyHNfcrzF3,7,1776704508173539000,1776704508166635000,33,Insert,r,34,"Volam sa filip, mam 23 rokov a. hr"
8gGAdMn0cGO8J5wVY9lyHNfcrzF3,7,1776704508404754000,1776704508397817000,34,Insert,a,35,"Volam sa filip, mam 23 rokov a. hra"
8gGAdMn0cGO8J5wVY9lyHNfcrzF3,7,1776704508850928000,1776704508846845000,35,Delete,a,34,"Volam sa filip, mam 23 rokov a. hr"
8gGAdMn0cGO8J5wVY9lyHNfcrzF3,7,1776704509065323000,1776704509061620000,34,Delete,r,33,"Volam sa filip, mam 23 rokov a. h"
8gGAdMn0cGO8J5wVY9lyHNfcrzF3,7,1776704509274967000,1776704509271456000,33,Delete,h,32,"Volam sa filip, mam 23 rokov a. "
8gGAdMn0cGO8J5wVY9lyHNfcrzF3,7,1776704509457817000,1776704509454879000,32,Delete, ,31,"Volam sa filip, mam 23 rokov a."
8gGAdMn0cGO8J5wVY9lyHNfcrzF3,7,1776704509682282000,1776704509678467000,31,Delete,.,30,"Volam sa filip, mam 23 rokov a"
8gGAdMn0cGO8J5wVY9lyHNfcrzF3,7,1776704509859916000,1776704509856068000,30,Insert, ,31,"Volam sa filip, mam 23 rokov a "
8gGAdMn0cGO8J5wVY9lyHNfcrzF3,7,1776704510185911000,1776704510179220000,31,Insert,h,32,"Volam sa filip, mam 23 rokov a h"
8gGAdMn0cGO8J5wVY9lyHNfcrzF3,7,1776704510440293000,1776704510433630000,32,Insert,r,33,"Volam sa filip, mam 23 rokov a hr"
8gGAdMn0cGO8J5wVY9lyHNfcrzF3,7,1776704510673087000,1776704510666617000,33,Insert,a,34,"Volam sa filip, mam 23 rokov a hra"
8gGAdMn0cGO8J5wVY9lyHNfcrzF3,7,1776704510813259000,1776704510805879000,34,Insert,m,35,"Volam sa filip, mam 23 rokov a hram"
8gGAdMn0cGO8J5wVY9lyHNfcrzF3,7,1776704510969296000,1776704510965460000,35,Insert, ,36,"Volam sa filip, mam 23 rokov a hram "
8gGAdMn0cGO8J5wVY9lyHNfcrzF3,7,1776704512287673000,1776704512280742000,36,Insert,f,37,"Volam sa filip, mam 23 rokov a hram f"
8gGAdMn0cGO8J5wVY9lyHNfcrzF3,7,1776704512620483000,1776704512614353000,37,Insert,u,38,"Volam sa filip, mam 23 rokov a hram fu"
8gGAdMn0cGO8J5wVY9lyHNfcrzF3,7,1776704512768740000,1776704512760598000,38,Insert,t,39,"Volam sa filip, mam 23 rokov a hram fut"
8gGAdMn0cGO8J5wVY9lyHNfcrzF3,7,1776704512986196000,1776704512980625000,39,Insert,b,40,"Volam sa filip, mam 23 rokov a hram futb"
8gGAdMn0cGO8J5wVY9lyHNfcrzF3,7,1776704513226550000,1776704513218419000,40,Insert,a,41,"Volam sa filip, mam 23 rokov a hram futba"
8gGAdMn0cGO8J5wVY9lyHNfcrzF3,7,1776704513323942000,1776704513319337000,41,Insert,l,42,"Volam sa filip, mam 23 rokov a hram futbal"
8gGAdMn0cGO8J5wVY9lyHNfcrzF3,7,1776704514799409000,1776704514795341000,42,Insert,",",43,"Volam sa filip, mam 23 rokov a hram futbal,"
8gGAdMn0cGO8J5wVY9lyHNfcrzF3,7,1776704515094112000,1776704515088360000,43,Insert, ,44,"Volam sa filip, mam 23 rokov a hram futbal, "
8gGAdMn0cGO8J5wVY9lyHNfcrzF3,7,1776704515668855000,1776704515664958000,44,Insert,t,45,"Volam sa filip, mam 23 rokov a hram futbal, t"
8gGAdMn0cGO8J5wVY9lyHNfcrzF3,7,1776704515896199000,1776704515887867000,45,Insert,e,46,"Volam sa filip, mam 23 rokov a hram futbal, te"
8gGAdMn0cGO8J5wVY9lyHNfcrzF3,7,1776704515974988000,1776704515967516000,46,Insert,n,47,"Volam sa filip, mam 23 rokov a hram futbal, ten"
8gGAdMn0cGO8J5wVY9lyHNfcrzF3,7,1776704516196530000,1776704516192188000,47,Insert,i,48,"Volam sa filip, mam 23 rokov a hram futbal, teni"
8gGAdMn0cGO8J5wVY9lyHNfcrzF3,7,1776704516277631000,1776704516269474000,48,Insert,s,49,"Volam sa filip, mam 23 rokov a hram futbal, tenis"
8gGAdMn0cGO8J5wVY9lyHNfcrzF3,7,1776704516800614000,1776704516793134000,49,Insert,",",50,"Volam sa filip, mam 23 rokov a hram futbal, tenis,"
8gGAdMn0cGO8J5wVY9lyHNfcrzF3,7,1776704517072853000,1776704517065263000,50,Insert, ,51,"Volam sa filip, mam 23 rokov a hram futbal, tenis, "
8gGAdMn0cGO8J5wVY9lyHNfcrzF3,7,1776704517800596000,1776704517789762000,51,Insert,h,52,"Volam sa filip, mam 23 rokov a hram futbal, tenis, h"
8gGAdMn0cGO8J5wVY9lyHNfcrzF3,7,1776704518238652000,1776704518232869000,52,Insert,o,53,"Volam sa filip, mam 23 rokov a hram futbal, tenis, ho"
8gGAdMn0cGO8J5wVY9lyHNfcrzF3,7,1776704518448993000,1776704518441866000,53,Insert,k,54,"Volam sa filip, mam 23 rokov a hram futbal, tenis, hok"
8gGAdMn0cGO8J5wVY9lyHNfcrzF3,7,1776704518573569000,1776704518566655000,54,Insert,e,55,"Volam sa filip, mam 23 rokov a hram futbal, tenis, hoke"
8gGAdMn0cGO8J5wVY9lyHNfcrzF3,7,1776704518685561000,1776704518681719000,55,Insert,j,56,"Volam sa filip, mam 23 rokov a hram futbal, tenis, hokej"
8gGAdMn0cGO8J5wVY9lyHNfcrzF3,7,1776704518860803000,1776704518856392000,56,Insert, ,57,"Volam sa filip, mam 23 rokov a hram futbal, tenis, hokej "
8gGAdMn0cGO8J5wVY9lyHNfcrzF3,7,1776704519265092000,1776704519256988000,57,Insert,a,58,"Volam sa filip, mam 23 rokov a hram futbal, tenis, hokej a"
8gGAdMn0cGO8J5wVY9lyHNfcrzF3,7,1776704519380189000,1776704519372136000,58,Insert, ,59,"Volam sa filip, mam 23 rokov a hram futbal, tenis, hokej a "
8gGAdMn0cGO8J5wVY9lyHNfcrzF3,7,1776704519630921000,1776704519622545000,59,Insert,b,60,"Volam sa filip, mam 23 rokov a hram futbal, tenis, hokej a b"
8gGAdMn0cGO8J5wVY9lyHNfcrzF3,7,1776704519869877000,1776704519863952000,60,Insert,e,61,"Volam sa filip, mam 23 rokov a hram futbal, tenis, hokej a be"
8gGAdMn0cGO8J5wVY9lyHNfcrzF3,7,1776704519960889000,1776704519956122000,61,Insert,h,62,"Volam sa filip, mam 23 rokov a hram futbal, tenis, hokej a beh"
8gGAdMn0cGO8J5wVY9lyHNfcrzF3,7,1776704520111823000,1776704520107860000,62,Insert,a,63,"Volam sa filip, mam 23 rokov a hram futbal, tenis, hokej a beha"
8gGAdMn0cGO8J5wVY9lyHNfcrzF3,7,1776704520255055000,1776704520250762000,63,Insert,m,64,"Volam sa filip, mam 23 rokov a hram futbal, tenis, hokej a beham"
8gGAdMn0cGO8J5wVY9lyHNfcrzF3,7,1776704520420693000,1776704520414537000,64,Insert, ,65,"Volam sa filip, mam 23 rokov a hram futbal, tenis, hokej a beham "
8gGAdMn0cGO8J5wVY9lyHNfcrzF3,7,1776704521396894000,1776704521392667000,65,Insert,a,66,"Volam sa filip, mam 23 rokov a hram futbal, tenis, hokej a beham a"
8gGAdMn0cGO8J5wVY9lyHNfcrzF3,7,1776704521663004000,1776704521659200000,66,Insert, ,67,"Volam sa filip, mam 23 rokov a hram futbal, tenis, hokej a beham a "
8gGAdMn0cGO8J5wVY9lyHNfcrzF3,7,1776704521976271000,1776704521970965000,67,Insert,m,68,"Volam sa filip, mam 23 rokov a hram futbal, tenis, hokej a beham a m"
8gGAdMn0cGO8J5wVY9lyHNfcrzF3,7,1776704522131996000,1776704522126277000,68,Insert,a,69,"Volam sa filip, mam 23 rokov a hram futbal, tenis, hokej a beham a ma"
8gGAdMn0cGO8J5wVY9lyHNfcrzF3,7,1776704522267540000,1776704522262300000,69,Insert,m,70,"Volam sa filip, mam 23 rokov a hram futbal, tenis, hokej a beham a mam"
8gGAdMn0cGO8J5wVY9lyHNfcrzF3,7,1776704522776294000,1776704522770819000,70,Insert, ,71,"Volam sa filip, mam 23 rokov a hram futbal, tenis, hokej a beham a mam "
8gGAdMn0cGO8J5wVY9lyHNfcrzF3,7,1776704523206444000,1776704523191447000,71,Insert,n,72,"Volam sa filip, mam 23 rokov a hram futbal, tenis, hokej a beham a mam n"
8gGAdMn0cGO8J5wVY9lyHNfcrzF3,7,1776704523464476000,1776704523443009000,72,Insert,o,73,"Volam sa filip, mam 23 rokov a hram futbal, tenis, hokej a beham a mam no"
8gGAdMn0cGO8J5wVY9lyHNfcrzF3,7,1776704523534773000,1776704523528202000,73,Insert,d,74,"Volam sa filip, mam 23 rokov a hram futbal, tenis, hokej a beham a mam nod"
8gGAdMn0cGO8J5wVY9lyHNfcrzF3,7,1776704523849452000,1776704523846417000,74,Delete,d,73,"Volam sa filip, mam 23 rokov a hram futbal, tenis, hokej a beham a mam no"
8gGAdMn0cGO8J5wVY9lyHNfcrzF3,7,1776704524045727000,1776704524042966000,73,Delete,o,72,"Volam sa filip, mam 23 rokov a hram futbal, tenis, hokej a beham a mam n"
8gGAdMn0cGO8J5wVY9lyHNfcrzF3,7,1776704524238364000,1776704524234971000,72,Delete,n,71,"Volam sa filip, mam 23 rokov a hram futbal, tenis, hokej a beham a mam "
8gGAdMn0cGO8J5wVY9lyHNfcrzF3,7,1776704524571469000,1776704524564323000,71,Insert,m,72,"Volam sa filip, mam 23 rokov a hram futbal, tenis, hokej a beham a mam m"
8gGAdMn0cGO8J5wVY9lyHNfcrzF3,7,1776704524814303000,1776704524807961000,72,Insert,o,73,"Volam sa filip, mam 23 rokov a hram futbal, tenis, hokej a beham a mam mo"
8gGAdMn0cGO8J5wVY9lyHNfcrzF3,7,1776704524918030000,1776704524910363000,73,Insert,d,74,"Volam sa filip, mam 23 rokov a hram futbal, tenis, hokej a beham a mam mod"
8gGAdMn0cGO8J5wVY9lyHNfcrzF3,7,1776704525153108000,1776704525146916000,74,Insert,r,75,"Volam sa filip, mam 23 rokov a hram futbal, tenis, hokej a beham a mam modr"
8gGAdMn0cGO8J5wVY9lyHNfcrzF3,7,1776704525396579000,1776704525388003000,75,Insert,e,76,"Volam sa filip, mam 23 rokov a hram futbal, tenis, hokej a beham a mam modre"
8gGAdMn0cGO8J5wVY9lyHNfcrzF3,7,1776704525782279000,1776704525776096000,76,Insert, ,77,"Volam sa filip, mam 23 rokov a hram futbal, tenis, hokej a beham a mam modre "
8gGAdMn0cGO8J5wVY9lyHNfcrzF3,7,1776704526121470000,1776704526115563000,77,Insert,o,78,"Volam sa filip, mam 23 rokov a hram futbal, tenis, hokej a beham a mam modre o"
8gGAdMn0cGO8J5wVY9lyHNfcrzF3,7,1776704526306029000,1776704526300800000,78,Insert,c,79,"Volam sa filip, mam 23 rokov a hram futbal, tenis, hokej a beham a mam modre oc"
8gGAdMn0cGO8J5wVY9lyHNfcrzF3,7,1776704526408419000,1776704526402683000,79,Insert,i,80,"Volam sa filip, mam 23 rokov a hram futbal, tenis, hokej a beham a mam modre oci"
8gGAdMn0cGO8J5wVY9lyHNfcrzF3,7,1776704526770445000,1776704526763241000,80,Insert,.,81,"Volam sa filip, mam 23 rokov a hram futbal, tenis, hokej a beham a mam modre oci."
8gGAdMn0cGO8J5wVY9lyHNfcrzF3,8,1776704528273658000,1776704528267334000,0,Insert,V,1,V
8gGAdMn0cGO8J5wVY9lyHNfcrzF3,8,1776704528390353000,1776704528384826000,1,Insert,o,2,Vo
8gGAdMn0cGO8J5wVY9lyHNfcrzF3,8,1776704528598173000,1776704528592899000,2,Insert,l,3,Vol
8gGAdMn0cGO8J5wVY9lyHNfcrzF3,8,1776704528693621000,1776704528690209000,3,Insert,a,4,Vola
8gGAdMn0cGO8J5wVY9lyHNfcrzF3,8,1776704528825682000,1776704528821278000,4,Insert,m,5,Volam
8gGAdMn0cGO8J5wVY9lyHNfcrzF3,8,1776704528982275000,1776704528977946000,5,Insert, ,6,Volam 
8gGAdMn0cGO8J5wVY9lyHNfcrzF3,8,1776704529445026000,1776704529435691000,6,Insert,s,7,Volam s
8gGAdMn0cGO8J5wVY9lyHNfcrzF3,8,1776704529640334000,1776704529634184000,7,Insert,a,8,Volam sa
8gGAdMn0cGO8J5wVY9lyHNfcrzF3,8,1776704529723800000,1776704529717599000,8,Insert, ,9,Volam sa 
8gGAdMn0cGO8J5wVY9lyHNfcrzF3,8,1776704529905999000,1776704529901725000,9,Insert,f,10,Volam sa f
8gGAdMn0cGO8J5wVY9lyHNfcrzF3,8,1776704530113988000,1776704530108296000,10,Insert,i,11,Volam sa fi
8gGAdMn0cGO8J5wVY9lyHNfcrzF3,8,1776704530346575000,1776704530339645000,11,Insert,l,12,Volam sa fil
8gGAdMn0cGO8J5wVY9lyHNfcrzF3,8,1776704530540463000,1776704530536896000,12,Insert,i,13,Volam sa fili
8gGAdMn0cGO8J5wVY9lyHNfcrzF3,8,1776704530792397000,1776704530783830000,13,Insert,p,14,Volam sa filip
8gGAdMn0cGO8J5wVY9lyHNfcrzF3,8,1776704530922860000,1776704530918426000,14,Insert, ,15,Volam sa filip 
8gGAdMn0cGO8J5wVY9lyHNfcrzF3,8,1776704531565872000,1776704531559916000,15,Delete, ,14,Volam sa filip
8gGAdMn0cGO8J5wVY9lyHNfcrzF3,8,1776704532502835000,1776704532495692000,14,Insert,",",15,"Volam sa filip,"
8gGAdMn0cGO8J5wVY9lyHNfcrzF3,8,1776704532800683000,1776704532791506000,15,Insert, ,16,"Volam sa filip, "
8gGAdMn0cGO8J5wVY9lyHNfcrzF3,8,1776704533581982000,1776704533566761000,16,Insert,m,17,"Volam sa filip, m"
8gGAdMn0cGO8J5wVY9lyHNfcrzF3,8,1776704533640070000,1776704533635631000,17,Insert,a,18,"Volam sa filip, ma"
8gGAdMn0cGO8J5wVY9lyHNfcrzF3,8,1776704533802042000,1776704533798164000,18,Insert,m,19,"Volam sa filip, mam"
8gGAdMn0cGO8J5wVY9lyHNfcrzF3,8,1776704533908675000,1776704533903767000,19,Insert, ,20,"Volam sa filip, mam "
8gGAdMn0cGO8J5wVY9lyHNfcrzF3,8,1776704534806772000,1776704534801238000,20,Insert,2,21,"Volam sa filip, mam 2"
8gGAdMn0cGO8J5wVY9lyHNfcrzF3,8,1776704535081158000,1776704535075043000,21,Insert,3,22,"Volam sa filip, mam 23"
8gGAdMn0cGO8J5wVY9lyHNfcrzF3,8,1776704535193884000,1776704535187705000,22,Insert, ,23,"Volam sa filip, mam 23 "
8gGAdMn0cGO8J5wVY9lyHNfcrzF3,8,1776704536106402000,1776704536097237000,23,Insert,r,24,"Volam sa filip, mam 23 r"
8gGAdMn0cGO8J5wVY9lyHNfcrzF3,8,1776704536172523000,1776704536168909000,24,Insert,o,25,"Volam sa filip, mam 23 ro"
8gGAdMn0cGO8J5wVY9lyHNfcrzF3,8,1776704536367945000,1776704536363598000,25,Insert,k,26,"Volam sa filip, mam 23 rok"
8gGAdMn0cGO8J5wVY9lyHNfcrzF3,8,1776704536565981000,1776704536553598000,26,Insert,o,27,"Volam sa filip, mam 23 roko"
8gGAdMn0cGO8J5wVY9lyHNfcrzF3,8,1776704536618007000,1776704536613935000,27,Insert,v,28,"Volam sa filip, mam 23 rokov"
8gGAdMn0cGO8J5wVY9lyHNfcrzF3,8,1776704536823319000,1776704536816951000,28,Insert, ,29,"Volam sa filip, mam 23 rokov "
8gGAdMn0cGO8J5wVY9lyHNfcrzF3,8,1776704537425059000,1776704537418353000,29,Insert,a,30,"Volam sa filip, mam 23 rokov a"
8gGAdMn0cGO8J5wVY9lyHNfcrzF3,8,1776704538086762000,1776704538079373000,30,Insert, ,31,"Volam sa filip, mam 23 rokov a "
8gGAdMn0cGO8J5wVY9lyHNfcrzF3,8,1776704538704320000,1776704538700642000,31,Insert,h,32,"Volam sa filip, mam 23 rokov a h"
8gGAdMn0cGO8J5wVY9lyHNfcrzF3,8,1776704538935610000,1776704538928814000,32,Insert,r,33,"Volam sa filip, mam 23 rokov a hr"
8gGAdMn0cGO8J5wVY9lyHNfcrzF3,8,1776704539180282000,1776704539172929000,33,Insert,a,34,"Volam sa filip, mam 23 rokov a hra"
8gGAdMn0cGO8J5wVY9lyHNfcrzF3,8,1776704539300042000,1776704539295644000,34,Insert,m,35,"Volam sa filip, mam 23 rokov a hram"
8gGAdMn0cGO8J5wVY9lyHNfcrzF3,8,1776704539540347000,1776704539533705000,35,Insert, ,36,"Volam sa filip, mam 23 rokov a hram "
8gGAdMn0cGO8J5wVY9lyHNfcrzF3,8,1776704539866693000,1776704539861171000,36,Insert,f,37,"Volam sa filip, mam 23 rokov a hram f"
8gGAdMn0cGO8J5wVY9lyHNfcrzF3,8,1776704540023338000,1776704540019533000,37,Insert,u,38,"Volam sa filip, mam 23 rokov a hram fu"
8gGAdMn0cGO8J5wVY9lyHNfcrzF3,8,1776704540141567000,1776704540137844000,38,Insert,t,39,"Volam sa filip, mam 23 rokov a hram fut"
8gGAdMn0cGO8J5wVY9lyHNfcrzF3,8,1776704540338762000,1776704540335001000,39,Insert,b,40,"Volam sa filip, mam 23 rokov a hram futb"
8gGAdMn0cGO8J5wVY9lyHNfcrzF3,8,1776704540558956000,1776704540552714000,40,Insert,a,41,"Volam sa filip, mam 23 rokov a hram futba"
8gGAdMn0cGO8J5wVY9lyHNfcrzF3,8,1776704540678557000,1776704540674627000,41,Insert,l,42,"Volam sa filip, mam 23 rokov a hram futbal"
8gGAdMn0cGO8J5wVY9lyHNfcrzF3,8,1776704541770273000,1776704541759423000,42,Insert,",",43,"Volam sa filip, mam 23 rokov a hram futbal,"
8gGAdMn0cGO8J5wVY9lyHNfcrzF3,8,1776704542889272000,1776704542879282000,43,Insert, ,44,"Volam sa filip, mam 23 rokov a hram futbal, "
8gGAdMn0cGO8J5wVY9lyHNfcrzF3,8,1776704542988501000,1776704542981853000,44,Insert,t,45,"Volam sa filip, mam 23 rokov a hram futbal, t"
8gGAdMn0cGO8J5wVY9lyHNfcrzF3,8,1776704543202679000,1776704543193659000,45,Insert,e,46,"Volam sa filip, mam 23 rokov a hram futbal, te"
8gGAdMn0cGO8J5wVY9lyHNfcrzF3,8,1776704543317931000,1776704543313730000,46,Insert,n,47,"Volam sa filip, mam 23 rokov a hram futbal, ten"
8gGAdMn0cGO8J5wVY9lyHNfcrzF3,8,1776704543592636000,1776704543588697000,47,Insert,i,48,"Volam sa filip, mam 23 rokov a hram futbal, teni"
8gGAdMn0cGO8J5wVY9lyHNfcrzF3,8,1776704544505679000,1776704544499512000,48,Insert,s,49,"Volam sa filip, mam 23 rokov a hram futbal, tenis"
8gGAdMn0cGO8J5wVY9lyHNfcrzF3,8,1776704545158770000,1776704545150410000,49,Insert,",",50,"Volam sa filip, mam 23 rokov a hram futbal, tenis,"
8gGAdMn0cGO8J5wVY9lyHNfcrzF3,8,1776704545429622000,1776704545421772000,50,Insert, ,51,"Volam sa filip, mam 23 rokov a hram futbal, tenis, "
8gGAdMn0cGO8J5wVY9lyHNfcrzF3,8,1776704546503319000,1776704546492553000,51,Insert,h,52,"Volam sa filip, mam 23 rokov a hram futbal, tenis, h"
8gGAdMn0cGO8J5wVY9lyHNfcrzF3,8,1776704546650757000,1776704546644263000,52,Insert,o,53,"Volam sa filip, mam 23 rokov a hram futbal, tenis, ho"
8gGAdMn0cGO8J5wVY9lyHNfcrzF3,8,1776704546817779000,1776704546810430000,53,Insert,k,54,"Volam sa filip, mam 23 rokov a hram futbal, tenis, hok"
8gGAdMn0cGO8J5wVY9lyHNfcrzF3,8,1776704546890427000,1776704546887168000,54,Insert,e,55,"Volam sa filip, mam 23 rokov a hram futbal, tenis, hoke"
8gGAdMn0cGO8J5wVY9lyHNfcrzF3,8,1776704547058977000,1776704547055082000,55,Insert,j,56,"Volam sa filip, mam 23 rokov a hram futbal, tenis, hokej"
8gGAdMn0cGO8J5wVY9lyHNfcrzF3,8,1776704547161504000,1776704547156889000,56,Insert, ,57,"Volam sa filip, mam 23 rokov a hram futbal, tenis, hokej "
8gGAdMn0cGO8J5wVY9lyHNfcrzF3,8,1776704547437190000,1776704547430549000,57,Insert,a,58,"Volam sa filip, mam 23 rokov a hram futbal, tenis, hokej a"
8gGAdMn0cGO8J5wVY9lyHNfcrzF3,8,1776704547568642000,1776704547562410000,58,Insert, ,59,"Volam sa filip, mam 23 rokov a hram futbal, tenis, hokej a "
8gGAdMn0cGO8J5wVY9lyHNfcrzF3,8,1776704547860698000,1776704547852929000,59,Insert,b,60,"Volam sa filip, mam 23 rokov a hram futbal, tenis, hokej a b"
8gGAdMn0cGO8J5wVY9lyHNfcrzF3,8,1776704548108468000,1776704548101781000,60,Insert,e,61,"Volam sa filip, mam 23 rokov a hram futbal, tenis, hokej a be"
8gGAdMn0cGO8J5wVY9lyHNfcrzF3,8,1776704548234522000,1776704548227455000,61,Insert,h,62,"Volam sa filip, mam 23 rokov a hram futbal, tenis, hokej a beh"
8gGAdMn0cGO8J5wVY9lyHNfcrzF3,8,1776704548368348000,1776704548361433000,62,Insert,a,63,"Volam sa filip, mam 23 rokov a hram futbal, tenis, hokej a beha"
8gGAdMn0cGO8J5wVY9lyHNfcrzF3,8,1776704548545404000,1776704548541076000,63,Insert,m,64,"Volam sa filip, mam 23 rokov a hram futbal, tenis, hokej a beham"
8gGAdMn0cGO8J5wVY9lyHNfcrzF3,8,1776704548647443000,1776704548641546000,64,Insert, ,65,"Volam sa filip, mam 23 rokov a hram futbal, tenis, hokej a beham "
8gGAdMn0cGO8J5wVY9lyHNfcrzF3,8,1776704549109201000,1776704549102941000,65,Insert,a,66,"Volam sa filip, mam 23 rokov a hram futbal, tenis, hokej a beham a"
8gGAdMn0cGO8J5wVY9lyHNfcrzF3,8,1776704549283080000,1776704549277973000,66,Insert, ,67,"Volam sa filip, mam 23 rokov a hram futbal, tenis, hokej a beham a "
8gGAdMn0cGO8J5wVY9lyHNfcrzF3,8,1776704549711914000,1776704549706673000,67,Insert,m,68,"Volam sa filip, mam 23 rokov a hram futbal, tenis, hokej a beham a m"
8gGAdMn0cGO8J5wVY9lyHNfcrzF3,8,1776704550897923000,1776704550888640000,68,Insert,a,69,"Volam sa filip, mam 23 rokov a hram futbal, tenis, hokej a beham a ma"
8gGAdMn0cGO8J5wVY9lyHNfcrzF3,8,1776704551033170000,1776704551029039000,69,Insert,m,70,"Volam sa filip, mam 23 rokov a hram futbal, tenis, hokej a beham a mam"
8gGAdMn0cGO8J5wVY9lyHNfcrzF3,8,1776704551249780000,1776704551243159000,70,Insert, ,71,"Volam sa filip, mam 23 rokov a hram futbal, tenis, hokej a beham a mam "
8gGAdMn0cGO8J5wVY9lyHNfcrzF3,8,1776704551753895000,1776704551746271000,71,Insert,m,72,"Volam sa filip, mam 23 rokov a hram futbal, tenis, hokej a beham a mam m"
8gGAdMn0cGO8J5wVY9lyHNfcrzF3,8,1776704552002537000,1776704551996570000,72,Insert,o,73,"Volam sa filip, mam 23 rokov a hram futbal, tenis, hokej a beham a mam mo"
8gGAdMn0cGO8J5wVY9lyHNfcrzF3,8,1776704552084391000,1776704552079796000,73,Insert,d,74,"Volam sa filip, mam 23 rokov a hram futbal, tenis, hokej a beham a mam mod"
8gGAdMn0cGO8J5wVY9lyHNfcrzF3,8,1776704552290867000,1776704552284853000,74,Insert,r,75,"Volam sa filip, mam 23 rokov a hram futbal, tenis, hokej a beham a mam modr"
8gGAdMn0cGO8J5wVY9lyHNfcrzF3,8,1776704552498592000,1776704552494560000,75,Insert,e,76,"Volam sa filip, mam 23 rokov a hram futbal, tenis, hokej a beham a mam modre"
8gGAdMn0cGO8J5wVY9lyHNfcrzF3,8,1776704553133997000,1776704553126804000,76,Insert, ,77,"Volam sa filip, mam 23 rokov a hram futbal, tenis, hokej a beham a mam modre "
8gGAdMn0cGO8J5wVY9lyHNfcrzF3,8,1776704553423568000,1776704553414856000,77,Insert,o,78,"Volam sa filip, mam 23 rokov a hram futbal, tenis, hokej a beham a mam modre o"
8gGAdMn0cGO8J5wVY9lyHNfcrzF3,8,1776704553506004000,1776704553494365000,78,Insert,c,79,"Volam sa filip, mam 23 rokov a hram futbal, tenis, hokej a beham a mam modre oc"
8gGAdMn0cGO8J5wVY9lyHNfcrzF3,8,1776704553657820000,1776704553653053000,79,Insert,i,80,"Volam sa filip, mam 23 rokov a hram futbal, tenis, hokej a beham a mam modre oci"
8gGAdMn0cGO8J5wVY9lyHNfcrzF3,8,1776704554637301000,1776704554629520000,80,Insert,.,81,"Volam sa filip, mam 23 rokov a hram futbal, tenis, hokej a beham a mam modre oci."
8gGAdMn0cGO8J5wVY9lyHNfcrzF3,9,1776704556277545000,1776704556273841000,0,Insert,V,1,V
8gGAdMn0cGO8J5wVY9lyHNfcrzF3,9,1776704556394560000,1776704556390512000,1,Insert,o,2,Vo
8gGAdMn0cGO8J5wVY9lyHNfcrzF3,9,1776704556576984000,1776704556573198000,2,Insert,l,3,Vol
8gGAdMn0cGO8J5wVY9lyHNfcrzF3,9,1776704556635405000,1776704556631327000,3,Insert,a,4,Vola
8gGAdMn0cGO8J5wVY9lyHNfcrzF3,9,1776704556795627000,1776704556792243000,4,Insert,m,5,Volam
8gGAdMn0cGO8J5wVY9lyHNfcrzF3,9,1776704556926861000,1776704556923383000,5,Insert, ,6,Volam 
8gGAdMn0cGO8J5wVY9lyHNfcrzF3,9,1776704557322484000,1776704557316693000,6,Insert,s,7,Volam s
8gGAdMn0cGO8J5wVY9lyHNfcrzF3,9,1776704557510066000,1776704557506392000,7,Insert,a,8,Volam sa
8gGAdMn0cGO8J5wVY9lyHNfcrzF3,9,1776704557603841000,1776704557600139000,8,Insert, ,9,Volam sa 
8gGAdMn0cGO8J5wVY9lyHNfcrzF3,9,1776704557774363000,1776704557770977000,9,Insert,f,10,Volam sa f
8gGAdMn0cGO8J5wVY9lyHNfcrzF3,9,1776704557940346000,1776704557936639000,10,Insert,i,11,Volam sa fi
8gGAdMn0cGO8J5wVY9lyHNfcrzF3,9,1776704558191358000,1776704558185371000,11,Insert,k,12,Volam sa fik
8gGAdMn0cGO8J5wVY9lyHNfcrzF3,9,1776704558386444000,1776704558382378000,12,Insert,i,13,Volam sa fiki
8gGAdMn0cGO8J5wVY9lyHNfcrzF3,9,1776704558628618000,1776704558622858000,13,Insert,p,14,Volam sa fikip
8gGAdMn0cGO8J5wVY9lyHNfcrzF3,9,1776704558884599000,1776704558880670000,14,Delete,p,13,Volam sa fiki
8gGAdMn0cGO8J5wVY9lyHNfcrzF3,9,1776704559079976000,1776704559077682000,13,Delete,i,12,Volam sa fik
8gGAdMn0cGO8J5wVY9lyHNfcrzF3,9,1776704559303925000,1776704559300207000,12,Delete,k,11,Volam sa fi
8gGAdMn0cGO8J5wVY9lyHNfcrzF3,9,1776704559666700000,1776704559653989000,11,Insert,l,12,Volam sa fil
8gGAdMn0cGO8J5wVY9lyHNfcrzF3,9,1776704559881686000,1776704559875902000,12,Insert,i,13,Volam sa fili
8gGAdMn0cGO8J5wVY9lyHNfcrzF3,9,1776704560144913000,1776704560135998000,13,Insert,p,14,Volam sa filip
8gGAdMn0cGO8J5wVY9lyHNfcrzF3,9,1776704560318225000,1776704560313314000,14,Insert, ,15,Volam sa filip 
8gGAdMn0cGO8J5wVY9lyHNfcrzF3,9,1776704561204745000,1776704561197017000,15,Delete, ,14,Volam sa filip
8gGAdMn0cGO8J5wVY9lyHNfcrzF3,9,1776704562513526000,1776704562506566000,14,Insert,",",15,"Volam sa filip,"
8gGAdMn0cGO8J5wVY9lyHNfcrzF3,9,1776704562841799000,1776704562835537000,15,Insert, ,16,"Volam sa filip, "
8gGAdMn0cGO8J5wVY9lyHNfcrzF3,9,1776704563526414000,1776704563522642000,16,Insert,m,17,"Volam sa filip, m"
8gGAdMn0cGO8J5wVY9lyHNfcrzF3,9,1776704563670123000,1776704563664254000,17,Insert,a,18,"Volam sa filip, ma"
8gGAdMn0cGO8J5wVY9lyHNfcrzF3,9,1776704563863272000,1776704563859880000,18,Insert,m,19,"Volam sa filip, mam"
8gGAdMn0cGO8J5wVY9lyHNfcrzF3,9,1776704564009750000,1776704564006058000,19,Insert, ,20,"Volam sa filip, mam "
8gGAdMn0cGO8J5wVY9lyHNfcrzF3,9,1776704565049531000,1776704565046137000,20,Insert,2,21,"Volam sa filip, mam 2"
8gGAdMn0cGO8J5wVY9lyHNfcrzF3,9,1776704565275597000,1776704565269740000,21,Insert,3,22,"Volam sa filip, mam 23"
8gGAdMn0cGO8J5wVY9lyHNfcrzF3,9,1776704565394208000,1776704565390369000,22,Insert, ,23,"Volam sa filip, mam 23 "
8gGAdMn0cGO8J5wVY9lyHNfcrzF3,9,1776704566179066000,1776704566171251000,23,Insert,r,24,"Volam sa filip, mam 23 r"
8gGAdMn0cGO8J5wVY9lyHNfcrzF3,9,1776704566291245000,1776704566287676000,24,Insert,o,25,"Volam sa filip, mam 23 ro"
8gGAdMn0cGO8J5wVY9lyHNfcrzF3,9,1776704566481116000,1776704566473205000,25,Insert,k,26,"Volam sa filip, mam 23 rok"
8gGAdMn0cGO8J5wVY9lyHNfcrzF3,9,1776704566695836000,1776704566686673000,26,Insert,o,27,"Volam sa filip, mam 23 roko"
8gGAdMn0cGO8J5wVY9lyHNfcrzF3,9,1776704566763530000,1776704566756067000,27,Insert,v,28,"Volam sa filip, mam 23 rokov"
8gGAdMn0cGO8J5wVY9lyHNfcrzF3,9,1776704566963515000,1776704566958388000,28,Insert, ,29,"Volam sa filip, mam 23 rokov "
8gGAdMn0cGO8J5wVY9lyHNfcrzF3,9,1776704567321647000,1776704567317003000,29,Insert,a,30,"Volam sa filip, mam 23 rokov a"
8gGAdMn0cGO8J5wVY9lyHNfcrzF3,9,1776704567461910000,1776704567455615000,30,Insert, ,31,"Volam sa filip, mam 23 rokov a "
8gGAdMn0cGO8J5wVY9lyHNfcrzF3,9,1776704568119917000,1776704568115469000,31,Insert,g,32,"Volam sa filip, mam 23 rokov a g"
8gGAdMn0cGO8J5wVY9lyHNfcrzF3,9,1776704568451134000,1776704568447792000,32,Delete,g,31,"Volam sa filip, mam 23 rokov a "
8gGAdMn0cGO8J5wVY9lyHNfcrzF3,9,1776704568579123000,1776704568574590000,31,Insert,h,32,"Volam sa filip, mam 23 rokov a h"
8gGAdMn0cGO8J5wVY9lyHNfcrzF3,9,1776704568826938000,1776704568820528000,32,Insert,r,33,"Volam sa filip, mam 23 rokov a hr"
8gGAdMn0cGO8J5wVY9lyHNfcrzF3,9,1776704569028389000,1776704569023401000,33,Insert,a,34,"Volam sa filip, mam 23 rokov a hra"
8gGAdMn0cGO8J5wVY9lyHNfcrzF3,9,1776704569126704000,1776704569121647000,34,Insert,m,35,"Volam sa filip, mam 23 rokov a hram"
8gGAdMn0cGO8J5wVY9lyHNfcrzF3,9,1776704569307430000,1776704569302636000,35,Insert, ,36,"Volam sa filip, mam 23 rokov a hram "
8gGAdMn0cGO8J5wVY9lyHNfcrzF3,9,1776704570099496000,1776704570092698000,36,Insert,f,37,"Volam sa filip, mam 23 rokov a hram f"
8gGAdMn0cGO8J5wVY9lyHNfcrzF3,9,1776704570281800000,1776704570277894000,37,Insert,u,38,"Volam sa filip, mam 23 rokov a hram fu"
8gGAdMn0cGO8J5wVY9lyHNfcrzF3,9,1776704570451057000,1776704570446763000,38,Insert,t,39,"Volam sa filip, mam 23 rokov a hram fut"
8gGAdMn0cGO8J5wVY9lyHNfcrzF3,9,1776704570694625000,1776704570689003000,39,Insert,b,40,"Volam sa filip, mam 23 rokov a hram futb"
8gGAdMn0cGO8J5wVY9lyHNfcrzF3,9,1776704570945606000,1776704570939873000,40,Insert,a,41,"Volam sa filip, mam 23 rokov a hram futba"
8gGAdMn0cGO8J5wVY9lyHNfcrzF3,9,1776704571036375000,1776704571030754000,41,Insert,l,42,"Volam sa filip, mam 23 rokov a hram futbal"
8gGAdMn0cGO8J5wVY9lyHNfcrzF3,9,1776704571734663000,1776704571728250000,42,Insert,",",43,"Volam sa filip, mam 23 rokov a hram futbal,"
8gGAdMn0cGO8J5wVY9lyHNfcrzF3,9,1776704572059285000,1776704572053440000,43,Insert, ,44,"Volam sa filip, mam 23 rokov a hram futbal, "
8gGAdMn0cGO8J5wVY9lyHNfcrzF3,9,1776704572581686000,1776704572574807000,44,Insert,t,45,"Volam sa filip, mam 23 rokov a hram futbal, t"
8gGAdMn0cGO8J5wVY9lyHNfcrzF3,9,1776704572783078000,1776704572778259000,45,Insert,e,46,"Volam sa filip, mam 23 rokov a hram futbal, te"
8gGAdMn0cGO8J5wVY9lyHNfcrzF3,9,1776704572934710000,1776704572929937000,46,Insert,n,47,"Volam sa filip, mam 23 rokov a hram futbal, ten"
8gGAdMn0cGO8J5wVY9lyHNfcrzF3,9,1776704573144866000,1776704573136596000,47,Insert,i,48,"Volam sa filip, mam 23 rokov a hram futbal, teni"
8gGAdMn0cGO8J5wVY9lyHNfcrzF3,9,1776704573221097000,1776704573216229000,48,Insert,s,49,"Volam sa filip, mam 23 rokov a hram futbal, tenis"
8gGAdMn0cGO8J5wVY9lyHNfcrzF3,9,1776704574099415000,1776704574089780000,49,Insert,",",50,"Volam sa filip, mam 23 rokov a hram futbal, tenis,"
8gGAdMn0cGO8J5wVY9lyHNfcrzF3,9,1776704574370744000,1776704574364514000,50,Insert, ,51,"Volam sa filip, mam 23 rokov a hram futbal, tenis, "
8gGAdMn0cGO8J5wVY9lyHNfcrzF3,9,1776704574886000000,1776704574879288000,51,Insert,h,52,"Volam sa filip, mam 23 rokov a hram futbal, tenis, h"
8gGAdMn0cGO8J5wVY9lyHNfcrzF3,9,1776704575095105000,1776704575089849000,52,Insert,o,53,"Volam sa filip, mam 23 rokov a hram futbal, tenis, ho"
8gGAdMn0cGO8J5wVY9lyHNfcrzF3,9,1776704575276228000,1776704575258019000,53,Insert,k,54,"Volam sa filip, mam 23 rokov a hram futbal, tenis, hok"
8gGAdMn0cGO8J5wVY9lyHNfcrzF3,9,1776704575336334000,1776704575332007000,54,Insert,e,55,"Volam sa filip, mam 23 rokov a hram futbal, tenis, hoke"
8gGAdMn0cGO8J5wVY9lyHNfcrzF3,9,1776704575530110000,1776704575524272000,55,Insert,j,56,"Volam sa filip, mam 23 rokov a hram futbal, tenis, hokej"
8gGAdMn0cGO8J5wVY9lyHNfcrzF3,9,1776704575927328000,1776704575920828000,56,Insert, ,57,"Volam sa filip, mam 23 rokov a hram futbal, tenis, hokej "
8gGAdMn0cGO8J5wVY9lyHNfcrzF3,9,1776704576211789000,1776704576206603000,57,Insert,a,58,"Volam sa filip, mam 23 rokov a hram futbal, tenis, hokej a"
8gGAdMn0cGO8J5wVY9lyHNfcrzF3,9,1776704576323978000,1776704576319471000,58,Insert, ,59,"Volam sa filip, mam 23 rokov a hram futbal, tenis, hokej a "
8gGAdMn0cGO8J5wVY9lyHNfcrzF3,9,1776704576536733000,1776704576531104000,59,Insert,b,60,"Volam sa filip, mam 23 rokov a hram futbal, tenis, hokej a b"
8gGAdMn0cGO8J5wVY9lyHNfcrzF3,9,1776704576787470000,1776704576779048000,60,Insert,e,61,"Volam sa filip, mam 23 rokov a hram futbal, tenis, hokej a be"
8gGAdMn0cGO8J5wVY9lyHNfcrzF3,9,1776704576915351000,1776704576908961000,61,Insert,h,62,"Volam sa filip, mam 23 rokov a hram futbal, tenis, hokej a beh"
8gGAdMn0cGO8J5wVY9lyHNfcrzF3,9,1776704577036404000,1776704577031289000,62,Insert,a,63,"Volam sa filip, mam 23 rokov a hram futbal, tenis, hokej a beha"
8gGAdMn0cGO8J5wVY9lyHNfcrzF3,9,1776704577198076000,1776704577194272000,63,Insert,m,64,"Volam sa filip, mam 23 rokov a hram futbal, tenis, hokej a beham"
8gGAdMn0cGO8J5wVY9lyHNfcrzF3,9,1776704577340767000,1776704577335818000,64,Insert, ,65,"Volam sa filip, mam 23 rokov a hram futbal, tenis, hokej a beham "
8gGAdMn0cGO8J5wVY9lyHNfcrzF3,9,1776704578274884000,1776704578264796000,65,Insert,a,66,"Volam sa filip, mam 23 rokov a hram futbal, tenis, hokej a beham a"
8gGAdMn0cGO8J5wVY9lyHNfcrzF3,9,1776704578557833000,1776704578550947000,66,Insert, ,67,"Volam sa filip, mam 23 rokov a hram futbal, tenis, hokej a beham a "
8gGAdMn0cGO8J5wVY9lyHNfcrzF3,9,1776704579345493000,1776704579337982000,67,Insert,m,68,"Volam sa filip, mam 23 rokov a hram futbal, tenis, hokej a beham a m"
8gGAdMn0cGO8J5wVY9lyHNfcrzF3,9,1776704579455281000,1776704579451297000,68,Insert,a,69,"Volam sa filip, mam 23 rokov a hram futbal, tenis, hokej a beham a ma"
8gGAdMn0cGO8J5wVY9lyHNfcrzF3,9,1776704579580035000,1776704579575304000,69,Insert,m,70,"Volam sa filip, mam 23 rokov a hram futbal, tenis, hokej a beham a mam"
8gGAdMn0cGO8J5wVY9lyHNfcrzF3,9,1776704579879679000,1776704579873028000,70,Insert, ,71,"Volam sa filip, mam 23 rokov a hram futbal, tenis, hokej a beham a mam "
8gGAdMn0cGO8J5wVY9lyHNfcrzF3,9,1776704580424609000,1776704580417982000,71,Insert,m,72,"Volam sa filip, mam 23 rokov a hram futbal, tenis, hokej a beham a mam m"
8gGAdMn0cGO8J5wVY9lyHNfcrzF3,9,1776704580688004000,1776704580684172000,72,Insert,o,73,"Volam sa filip, mam 23 rokov a hram futbal, tenis, hokej a beham a mam mo"
8gGAdMn0cGO8J5wVY9lyHNfcrzF3,9,1776704580754305000,1776704580750427000,73,Insert,d,74,"Volam sa filip, mam 23 rokov a hram futbal, tenis, hokej a beham a mam mod"
8gGAdMn0cGO8J5wVY9lyHNfcrzF3,9,1776704580966870000,1776704580961778000,74,Insert,r,75,"Volam sa filip, mam 23 rokov a hram futbal, tenis, hokej a beham a mam modr"
8gGAdMn0cGO8J5wVY9lyHNfcrzF3,9,1776704581202524000,1776704581198455000,75,Insert,e,76,"Volam sa filip, mam 23 rokov a hram futbal, tenis, hokej a beham a mam modre"
8gGAdMn0cGO8J5wVY9lyHNfcrzF3,9,1776704581435870000,1776704581431884000,76,Insert, ,77,"Volam sa filip, mam 23 rokov a hram futbal, tenis, hokej a beham a mam modre "
8gGAdMn0cGO8J5wVY9lyHNfcrzF3,9,1776704581818463000,1776704581812781000,77,Insert,o,78,"Volam sa filip, mam 23 rokov a hram futbal, tenis, hokej a beham a mam modre o"
8gGAdMn0cGO8J5wVY9lyHNfcrzF3,9,1776704581985756000,1776704581981947000,78,Insert,c,79,"Volam sa filip, mam 23 rokov a hram futbal, tenis, hokej a beham a mam modre oc"
8gGAdMn0cGO8J5wVY9lyHNfcrzF3,9,1776704582088122000,1776704582084266000,79,Insert,i,80,"Volam sa filip, mam 23 rokov a hram futbal, tenis, hokej a beham a mam modre oci"
8gGAdMn0cGO8J5wVY9lyHNfcrzF3,9,1776704582388765000,1776704582380381000,80,Insert,.,81,"Volam sa filip, mam 23 rokov a hram futbal, tenis, hokej a beham a mam modre oci."
8gGAdMn0cGO8J5wVY9lyHNfcrzF3,10,1776704585500921000,1776704585497312000,0,Insert,V,1,V
8gGAdMn0cGO8J5wVY9lyHNfcrzF3,10,1776704585658596000,1776704585653400000,1,Insert,o,2,Vo
8gGAdMn0cGO8J5wVY9lyHNfcrzF3,10,1776704585859075000,1776704585854986000,2,Insert,l,3,Vol
8gGAdMn0cGO8J5wVY9lyHNfcrzF3,10,1776704585964566000,1776704585962466000,3,Insert,a,4,Vola
8gGAdMn0cGO8J5wVY9lyHNfcrzF3,10,1776704586100359000,1776704586097266000,4,Insert,l,5,Volal
8gGAdMn0cGO8J5wVY9lyHNfcrzF3,10,1776704586313575000,1776704586301946000,5,Insert, ,6,Volal 
8gGAdMn0cGO8J5wVY9lyHNfcrzF3,10,1776704586644054000,1776704586639854000,6,Delete, ,5,Volal
8gGAdMn0cGO8J5wVY9lyHNfcrzF3,10,1776704586870191000,1776704586864567000,5,Delete,l,4,Vola
8gGAdMn0cGO8J5wVY9lyHNfcrzF3,10,1776704587735494000,1776704587728367000,4,Insert,m,5,Volam
8gGAdMn0cGO8J5wVY9lyHNfcrzF3,10,1776704587822490000,1776704587816784000,5,Insert, ,6,Volam 
8gGAdMn0cGO8J5wVY9lyHNfcrzF3,10,1776704588345488000,1776704588338526000,6,Insert,s,7,Volam s
8gGAdMn0cGO8J5wVY9lyHNfcrzF3,10,1776704588544159000,1776704588540020000,7,Insert,a,8,Volam sa
8gGAdMn0cGO8J5wVY9lyHNfcrzF3,10,1776704588640510000,1776704588636697000,8,Insert, ,9,Volam sa 
8gGAdMn0cGO8J5wVY9lyHNfcrzF3,10,1776704588901063000,1776704588891179000,9,Insert,f,10,Volam sa f
8gGAdMn0cGO8J5wVY9lyHNfcrzF3,10,1776704589015574000,1776704589011266000,10,Insert,i,11,Volam sa fi
8gGAdMn0cGO8J5wVY9lyHNfcrzF3,10,1776704589261003000,1776704589254409000,11,Insert,l,12,Volam sa fil
8gGAdMn0cGO8J5wVY9lyHNfcrzF3,10,1776704589468193000,1776704589460769000,12,Insert,i,13,Volam sa fili
8gGAdMn0cGO8J5wVY9lyHNfcrzF3,10,1776704589698902000,1776704589693133000,13,Insert,p,14,Volam sa filip
8gGAdMn0cGO8J5wVY9lyHNfcrzF3,10,1776704590095187000,1776704590088459000,14,Insert,",",15,"Volam sa filip,"
8gGAdMn0cGO8J5wVY9lyHNfcrzF3,10,1776704590346167000,1776704590340730000,15,Insert, ,16,"Volam sa filip, "
8gGAdMn0cGO8J5wVY9lyHNfcrzF3,10,1776704590774544000,1776704590768071000,16,Insert,m,17,"Volam sa filip, m"
8gGAdMn0cGO8J5wVY9lyHNfcrzF3,10,1776704590855229000,1776704590851289000,17,Insert,a,18,"Volam sa filip, ma"
8gGAdMn0cGO8J5wVY9lyHNfcrzF3,10,1776704591005237000,1776704590996914000,18,Insert,m,19,"Volam sa filip, mam"
8gGAdMn0cGO8J5wVY9lyHNfcrzF3,10,1776704591114619000,1776704591110737000,19,Insert, ,20,"Volam sa filip, mam "
8gGAdMn0cGO8J5wVY9lyHNfcrzF3,10,1776704592353970000,1776704592347186000,20,Insert,2,21,"Volam sa filip, mam 2"
8gGAdMn0cGO8J5wVY9lyHNfcrzF3,10,1776704592851326000,1776704592845620000,21,Insert,3,22,"Volam sa filip, mam 23"
8gGAdMn0cGO8J5wVY9lyHNfcrzF3,10,1776704593074546000,1776704593067775000,22,Insert, ,23,"Volam sa filip, mam 23 "
8gGAdMn0cGO8J5wVY9lyHNfcrzF3,10,1776704593480651000,1776704593477211000,23,Insert,r,24,"Volam sa filip, mam 23 r"
8gGAdMn0cGO8J5wVY9lyHNfcrzF3,10,1776704593571123000,1776704593567474000,24,Insert,o,25,"Volam sa filip, mam 23 ro"
8gGAdMn0cGO8J5wVY9lyHNfcrzF3,10,1776704593765852000,1776704593761732000,25,Insert,k,26,"Volam sa filip, mam 23 rok"
8gGAdMn0cGO8J5wVY9lyHNfcrzF3,10,1776704593972149000,1776704593966368000,26,Insert,o,27,"Volam sa filip, mam 23 roko"
8gGAdMn0cGO8J5wVY9lyHNfcrzF3,10,1776704594088937000,1776704594085161000,27,Insert,v,28,"Volam sa filip, mam 23 rokov"
8gGAdMn0cGO8J5wVY9lyHNfcrzF3,10,1776704594417172000,1776704594410216000,28,Insert, ,29,"Volam sa filip, mam 23 rokov "
8gGAdMn0cGO8J5wVY9lyHNfcrzF3,10,1776704594684191000,1776704594677622000,29,Insert,a,30,"Volam sa filip, mam 23 rokov a"
8gGAdMn0cGO8J5wVY9lyHNfcrzF3,10,1776704594851789000,1776704594847524000,30,Insert, ,31,"Volam sa filip, mam 23 rokov a "
8gGAdMn0cGO8J5wVY9lyHNfcrzF3,10,1776704595430653000,1776704595424508000,31,Insert,h,32,"Volam sa filip, mam 23 rokov a h"
8gGAdMn0cGO8J5wVY9lyHNfcrzF3,10,1776704595671772000,1776704595667392000,32,Insert,r,33,"Volam sa filip, mam 23 rokov a hr"
8gGAdMn0cGO8J5wVY9lyHNfcrzF3,10,1776704595881680000,1776704595876662000,33,Insert,a,34,"Volam sa filip, mam 23 rokov a hra"
8gGAdMn0cGO8J5wVY9lyHNfcrzF3,10,1776704596030676000,1776704596023891000,34,Insert,m,35,"Volam sa filip, mam 23 rokov a hram"
8gGAdMn0cGO8J5wVY9lyHNfcrzF3,10,1776704596149844000,1776704596141903000,35,Insert, ,36,"Volam sa filip, mam 23 rokov a hram "
8gGAdMn0cGO8J5wVY9lyHNfcrzF3,10,1776704596695359000,1776704596690843000,36,Insert,f,37,"Volam sa filip, mam 23 rokov a hram f"
8gGAdMn0cGO8J5wVY9lyHNfcrzF3,10,1776704596909203000,1776704596904066000,37,Insert,u,38,"Volam sa filip, mam 23 rokov a hram fu"
8gGAdMn0cGO8J5wVY9lyHNfcrzF3,10,1776704597079891000,1776704597076250000,38,Insert,t,39,"Volam sa filip, mam 23 rokov a hram fut"
8gGAdMn0cGO8J5wVY9lyHNfcrzF3,10,1776704597293973000,1776704597287192000,39,Insert,b,40,"Volam sa filip, mam 23 rokov a hram futb"
8gGAdMn0cGO8J5wVY9lyHNfcrzF3,10,1776704597522882000,1776704597517639000,40,Insert,a,41,"Volam sa filip, mam 23 rokov a hram futba"
8gGAdMn0cGO8J5wVY9lyHNfcrzF3,10,1776704597633495000,1776704597627830000,41,Insert,l,42,"Volam sa filip, mam 23 rokov a hram futbal"
8gGAdMn0cGO8J5wVY9lyHNfcrzF3,10,1776704598065801000,1776704598061680000,42,Insert,",",43,"Volam sa filip, mam 23 rokov a hram futbal,"
8gGAdMn0cGO8J5wVY9lyHNfcrzF3,10,1776704598430049000,1776704598423284000,43,Insert, ,44,"Volam sa filip, mam 23 rokov a hram futbal, "
8gGAdMn0cGO8J5wVY9lyHNfcrzF3,10,1776704599003218000,1776704598998724000,44,Insert,t,45,"Volam sa filip, mam 23 rokov a hram futbal, t"
8gGAdMn0cGO8J5wVY9lyHNfcrzF3,10,1776704599239601000,1776704599231467000,45,Insert,e,46,"Volam sa filip, mam 23 rokov a hram futbal, te"
8gGAdMn0cGO8J5wVY9lyHNfcrzF3,10,1776704599314507000,1776704599304503000,46,Insert,n,47,"Volam sa filip, mam 23 rokov a hram futbal, ten"
8gGAdMn0cGO8J5wVY9lyHNfcrzF3,10,1776704599540819000,1776704599532800000,47,Insert,i,48,"Volam sa filip, mam 23 rokov a hram futbal, teni"
8gGAdMn0cGO8J5wVY9lyHNfcrzF3,10,1776704599639368000,1776704599633218000,48,Insert,s,49,"Volam sa filip, mam 23 rokov a hram futbal, tenis"
8gGAdMn0cGO8J5wVY9lyHNfcrzF3,10,1776704600495223000,1776704600488077000,49,Insert,",",50,"Volam sa filip, mam 23 rokov a hram futbal, tenis,"
8gGAdMn0cGO8J5wVY9lyHNfcrzF3,10,1776704600754911000,1776704600747888000,50,Insert, ,51,"Volam sa filip, mam 23 rokov a hram futbal, tenis, "
8gGAdMn0cGO8J5wVY9lyHNfcrzF3,10,1776704601185882000,1776704601179144000,51,Insert,h,52,"Volam sa filip, mam 23 rokov a hram futbal, tenis, h"
8gGAdMn0cGO8J5wVY9lyHNfcrzF3,10,1776704601366347000,1776704601361510000,52,Insert,o,53,"Volam sa filip, mam 23 rokov a hram futbal, tenis, ho"
8gGAdMn0cGO8J5wVY9lyHNfcrzF3,10,1776704601594230000,1776704601587243000,53,Insert,k,54,"Volam sa filip, mam 23 rokov a hram futbal, tenis, hok"
8gGAdMn0cGO8J5wVY9lyHNfcrzF3,10,1776704601688248000,1776704601684538000,54,Insert,e,55,"Volam sa filip, mam 23 rokov a hram futbal, tenis, hoke"
8gGAdMn0cGO8J5wVY9lyHNfcrzF3,10,1776704601833680000,1776704601829705000,55,Insert,j,56,"Volam sa filip, mam 23 rokov a hram futbal, tenis, hokej"
8gGAdMn0cGO8J5wVY9lyHNfcrzF3,10,1776704602013439000,1776704602009527000,56,Insert, ,57,"Volam sa filip, mam 23 rokov a hram futbal, tenis, hokej "
8gGAdMn0cGO8J5wVY9lyHNfcrzF3,10,1776704602536315000,1776704602532519000,57,Insert,a,58,"Volam sa filip, mam 23 rokov a hram futbal, tenis, hokej a"
8gGAdMn0cGO8J5wVY9lyHNfcrzF3,10,1776704602701565000,1776704602696829000,58,Insert, ,59,"Volam sa filip, mam 23 rokov a hram futbal, tenis, hokej a "
8gGAdMn0cGO8J5wVY9lyHNfcrzF3,10,1776704602947641000,1776704602940101000,59,Insert,b,60,"Volam sa filip, mam 23 rokov a hram futbal, tenis, hokej a b"
8gGAdMn0cGO8J5wVY9lyHNfcrzF3,10,1776704603178219000,1776704603171497000,60,Insert,e,61,"Volam sa filip, mam 23 rokov a hram futbal, tenis, hokej a be"
8gGAdMn0cGO8J5wVY9lyHNfcrzF3,10,1776704603299976000,1776704603291636000,61,Insert,h,62,"Volam sa filip, mam 23 rokov a hram futbal, tenis, hokej a beh"
8gGAdMn0cGO8J5wVY9lyHNfcrzF3,10,1776704603442928000,1776704603437117000,62,Insert,a,63,"Volam sa filip, mam 23 rokov a hram futbal, tenis, hokej a beha"
8gGAdMn0cGO8J5wVY9lyHNfcrzF3,10,1776704603598889000,1776704603594829000,63,Insert,m,64,"Volam sa filip, mam 23 rokov a hram futbal, tenis, hokej a beham"
8gGAdMn0cGO8J5wVY9lyHNfcrzF3,10,1776704603804499000,1776704603798498000,64,Insert, ,65,"Volam sa filip, mam 23 rokov a hram futbal, tenis, hokej a beham "
8gGAdMn0cGO8J5wVY9lyHNfcrzF3,10,1776704609638051000,1776704609632633000,65,Insert,a,66,"Volam sa filip, mam 23 rokov a hram futbal, tenis, hokej a beham a"
8gGAdMn0cGO8J5wVY9lyHNfcrzF3,10,1776704609949894000,1776704609943199000,66,Insert, ,67,"Volam sa filip, mam 23 rokov a hram futbal, tenis, hokej a beham a "
8gGAdMn0cGO8J5wVY9lyHNfcrzF3,10,1776704610129967000,1776704610122911000,67,Insert,n,68,"Volam sa filip, mam 23 rokov a hram futbal, tenis, hokej a beham a n"
8gGAdMn0cGO8J5wVY9lyHNfcrzF3,10,1776704610232644000,1776704610227823000,68,Insert,a,69,"Volam sa filip, mam 23 rokov a hram futbal, tenis, hokej a beham a na"
8gGAdMn0cGO8J5wVY9lyHNfcrzF3,10,1776704610875351000,1776704610870403000,69,Delete,a,68,"Volam sa filip, mam 23 rokov a hram futbal, tenis, hokej a beham a n"
8gGAdMn0cGO8J5wVY9lyHNfcrzF3,10,1776704611099973000,1776704611095165000,68,Delete,n,67,"Volam sa filip, mam 23 rokov a hram futbal, tenis, hokej a beham a "
8gGAdMn0cGO8J5wVY9lyHNfcrzF3,10,1776704611439647000,1776704611433747000,67,Insert,m,68,"Volam sa filip, mam 23 rokov a hram futbal, tenis, hokej a beham a m"
8gGAdMn0cGO8J5wVY9lyHNfcrzF3,10,1776704611516954000,1776704611510817000,68,Insert,a,69,"Volam sa filip, mam 23 rokov a hram futbal, tenis, hokej a beham a ma"
8gGAdMn0cGO8J5wVY9lyHNfcrzF3,10,1776704611660637000,1776704611656528000,69,Insert,m,70,"Volam sa filip, mam 23 rokov a hram futbal, tenis, hokej a beham a mam"
8gGAdMn0cGO8J5wVY9lyHNfcrzF3,10,1776704611863137000,1776704611858221000,70,Insert, ,71,"Volam sa filip, mam 23 rokov a hram futbal, tenis, hokej a beham a mam "
8gGAdMn0cGO8J5wVY9lyHNfcrzF3,10,1776704612498883000,1776704612492903000,71,Insert,d,72,"Volam sa filip, mam 23 rokov a hram futbal, tenis, hokej a beham a mam d"
8gGAdMn0cGO8J5wVY9lyHNfcrzF3,10,1776704612943098000,1776704612938840000,72,Delete,d,71,"Volam sa filip, mam 23 rokov a hram futbal, tenis, hokej a beham a mam "
8gGAdMn0cGO8J5wVY9lyHNfcrzF3,10,1776704613293499000,1776704613287617000,71,Insert,m,72,"Volam sa filip, mam 23 rokov a hram futbal, tenis, hokej a beham a mam m"
8gGAdMn0cGO8J5wVY9lyHNfcrzF3,10,1776704613558430000,1776704613552238000,72,Insert,o,73,"Volam sa filip, mam 23 rokov a hram futbal, tenis, hokej a beham a mam mo"
8gGAdMn0cGO8J5wVY9lyHNfcrzF3,10,1776704613662518000,1776704613658409000,73,Insert,d,74,"Volam sa filip, mam 23 rokov a hram futbal, tenis, hokej a beham a mam mod"
8gGAdMn0cGO8J5wVY9lyHNfcrzF3,10,1776704613890925000,1776704613885061000,74,Insert,r,75,"Volam sa filip, mam 23 rokov a hram futbal, tenis, hokej a beham a mam modr"
8gGAdMn0cGO8J5wVY9lyHNfcrzF3,10,1776704614102643000,1776704614097775000,75,Insert,e,76,"Volam sa filip, mam 23 rokov a hram futbal, tenis, hokej a beham a mam modre"
8gGAdMn0cGO8J5wVY9lyHNfcrzF3,10,1776704614177198000,1776704614169432000,76,Insert, ,77,"Volam sa filip, mam 23 rokov a hram futbal, tenis, hokej a beham a mam modre "
8gGAdMn0cGO8J5wVY9lyHNfcrzF3,10,1776704614488488000,1776704614480642000,77,Insert,o,78,"Volam sa filip, mam 23 rokov a hram futbal, tenis, hokej a beham a mam modre o"
8gGAdMn0cGO8J5wVY9lyHNfcrzF3,10,1776704614585004000,1776704614580594000,78,Insert,c,79,"Volam sa filip, mam 23 rokov a hram futbal, tenis, hokej a beham a mam modre oc"
8gGAdMn0cGO8J5wVY9lyHNfcrzF3,10,1776704614752822000,1776704614747959000,79,Insert,i,80,"Volam sa filip, mam 23 rokov a hram futbal, tenis, hokej a beham a mam modre oci"
8gGAdMn0cGO8J5wVY9lyHNfcrzF3,10,1776704615872220000,1776704615862020000,80,Insert,.,81,"Volam sa filip, mam 23 rokov a hram futbal, tenis, hokej a beham a mam modre oci."
8gGAdMn0cGO8J5wVY9lyHNfcrzF3,11,1776704617421313000,1776704617417423000,0,Insert,V,1,V
8gGAdMn0cGO8J5wVY9lyHNfcrzF3,11,1776704617534134000,1776704617527579000,1,Insert,o,2,Vo
8gGAdMn0cGO8J5wVY9lyHNfcrzF3,11,1776704617738193000,1776704617734357000,2,Insert,l,3,Vol
8gGAdMn0cGO8J5wVY9lyHNfcrzF3,11,1776704617820664000,1776704617817422000,3,Insert,a,4,Vola
8gGAdMn0cGO8J5wVY9lyHNfcrzF3,11,1776704617974234000,1776704617970239000,4,Insert,l,5,Volal
8gGAdMn0cGO8J5wVY9lyHNfcrzF3,11,1776704618090854000,1776704618086309000,5,Insert, ,6,Volal 
8gGAdMn0cGO8J5wVY9lyHNfcrzF3,11,1776704618795192000,1776704618791351000,6,Delete, ,5,Volal
8gGAdMn0cGO8J5wVY9lyHNfcrzF3,11,1776704618993662000,1776704618989701000,5,Delete,l,4,Vola
8gGAdMn0cGO8J5wVY9lyHNfcrzF3,11,1776704619316215000,1776704619310600000,4,Insert,m,5,Volam
8gGAdMn0cGO8J5wVY9lyHNfcrzF3,11,1776704619433045000,1776704619427994000,5,Insert, ,6,Volam 
8gGAdMn0cGO8J5wVY9lyHNfcrzF3,11,1776704620196034000,1776704620191501000,6,Insert,s,7,Volam s
8gGAdMn0cGO8J5wVY9lyHNfcrzF3,11,1776704620395139000,1776704620385777000,7,Insert,a,8,Volam sa
8gGAdMn0cGO8J5wVY9lyHNfcrzF3,11,1776704620493233000,1776704620487502000,8,Insert, ,9,Volam sa 
8gGAdMn0cGO8J5wVY9lyHNfcrzF3,11,1776704620672424000,1776704620668871000,9,Insert,f,10,Volam sa f
8gGAdMn0cGO8J5wVY9lyHNfcrzF3,11,1776704620829129000,1776704620821542000,10,Insert,i,11,Volam sa fi
8gGAdMn0cGO8J5wVY9lyHNfcrzF3,11,1776704621038953000,1776704621035172000,11,Insert,l,12,Volam sa fil
8gGAdMn0cGO8J5wVY9lyHNfcrzF3,11,1776704621234744000,1776704621230692000,12,Insert,i,13,Volam sa fili
8gGAdMn0cGO8J5wVY9lyHNfcrzF3,11,1776704621478550000,1776704621472174000,13,Insert,p,14,Volam sa filip
8gGAdMn0cGO8J5wVY9lyHNfcrzF3,11,1776704621968327000,1776704621962397000,14,Insert,",",15,"Volam sa filip,"
8gGAdMn0cGO8J5wVY9lyHNfcrzF3,11,1776704622251394000,1776704622245581000,15,Insert, ,16,"Volam sa filip, "
8gGAdMn0cGO8J5wVY9lyHNfcrzF3,11,1776704623125487000,1776704623114337000,16,Insert,m,17,"Volam sa filip, m"
8gGAdMn0cGO8J5wVY9lyHNfcrzF3,11,1776704623192986000,1776704623189560000,17,Insert,a,18,"Volam sa filip, ma"
8gGAdMn0cGO8J5wVY9lyHNfcrzF3,11,1776704623332368000,1776704623328677000,18,Insert,m,19,"Volam sa filip, mam"
8gGAdMn0cGO8J5wVY9lyHNfcrzF3,11,1776704623483561000,1776704623478867000,19,Insert, ,20,"Volam sa filip, mam "
8gGAdMn0cGO8J5wVY9lyHNfcrzF3,11,1776704624378908000,1776704624373359000,20,Insert,2,21,"Volam sa filip, mam 2"
8gGAdMn0cGO8J5wVY9lyHNfcrzF3,11,1776704624635017000,1776704624629372000,21,Insert,3,22,"Volam sa filip, mam 23"
8gGAdMn0cGO8J5wVY9lyHNfcrzF3,11,1776704624778228000,1776704624773859000,22,Insert, ,23,"Volam sa filip, mam 23 "
8gGAdMn0cGO8J5wVY9lyHNfcrzF3,11,1776704625326869000,1776704625322996000,23,Insert,r,24,"Volam sa filip, mam 23 r"
8gGAdMn0cGO8J5wVY9lyHNfcrzF3,11,1776704625437788000,1776704625434086000,24,Insert,o,25,"Volam sa filip, mam 23 ro"
8gGAdMn0cGO8J5wVY9lyHNfcrzF3,11,1776704625623872000,1776704625620029000,25,Insert,k,26,"Volam sa filip, mam 23 rok"
8gGAdMn0cGO8J5wVY9lyHNfcrzF3,11,1776704625803857000,1776704625799790000,26,Insert,o,27,"Volam sa filip, mam 23 roko"
8gGAdMn0cGO8J5wVY9lyHNfcrzF3,11,1776704625883108000,1776704625879401000,27,Insert,v,28,"Volam sa filip, mam 23 rokov"
8gGAdMn0cGO8J5wVY9lyHNfcrzF3,11,1776704626773151000,1776704626762307000,28,Insert,",",29,"Volam sa filip, mam 23 rokov,"
8gGAdMn0cGO8J5wVY9lyHNfcrzF3,11,1776704627425082000,1776704627419235000,29,Delete,",",28,"Volam sa filip, mam 23 rokov"
8gGAdMn0cGO8J5wVY9lyHNfcrzF3,11,1776704627813562000,1776704627808986000,28,Insert, ,29,"Volam sa filip, mam 23 rokov "
8gGAdMn0cGO8J5wVY9lyHNfcrzF3,11,1776704627977614000,1776704627973311000,29,Insert,a,30,"Volam sa filip, mam 23 rokov a"
8gGAdMn0cGO8J5wVY9lyHNfcrzF3,11,1776704628142410000,1776704628135899000,30,Insert, ,31,"Volam sa filip, mam 23 rokov a "
8gGAdMn0cGO8J5wVY9lyHNfcrzF3,11,1776704629550085000,1776704629543349000,31,Insert,h,32,"Volam sa filip, mam 23 rokov a h"
8gGAdMn0cGO8J5wVY9lyHNfcrzF3,11,1776704629788325000,1776704629781901000,32,Insert,r,33,"Volam sa filip, mam 23 rokov a hr"
8gGAdMn0cGO8J5wVY9lyHNfcrzF3,11,1776704630016699000,1776704630010957000,33,Insert,a,34,"Volam sa filip, mam 23 rokov a hra"
8gGAdMn0cGO8J5wVY9lyHNfcrzF3,11,1776704630139030000,1776704630133630000,34,Insert,m,35,"Volam sa filip, mam 23 rokov a hram"
8gGAdMn0cGO8J5wVY9lyHNfcrzF3,11,1776704630342805000,1776704630336882000,35,Insert, ,36,"Volam sa filip, mam 23 rokov a hram "
8gGAdMn0cGO8J5wVY9lyHNfcrzF3,11,1776704630905317000,1776704630898651000,36,Insert,f,37,"Volam sa filip, mam 23 rokov a hram f"
8gGAdMn0cGO8J5wVY9lyHNfcrzF3,11,1776704631097276000,1776704631093140000,37,Insert,u,38,"Volam sa filip, mam 23 rokov a hram fu"
8gGAdMn0cGO8J5wVY9lyHNfcrzF3,11,1776704631233708000,1776704631229495000,38,Insert,t,39,"Volam sa filip, mam 23 rokov a hram fut"
8gGAdMn0cGO8J5wVY9lyHNfcrzF3,11,1776704631447564000,1776704631443189000,39,Insert,b,40,"Volam sa filip, mam 23 rokov a hram futb"
8gGAdMn0cGO8J5wVY9lyHNfcrzF3,11,1776704631687849000,1776704631681689000,40,Insert,a,41,"Volam sa filip, mam 23 rokov a hram futba"
8gGAdMn0cGO8J5wVY9lyHNfcrzF3,11,1776704631812969000,1776704631806854000,41,Insert,l,42,"Volam sa filip, mam 23 rokov a hram futbal"
8gGAdMn0cGO8J5wVY9lyHNfcrzF3,11,1776704631944319000,1776704631940159000,42,Insert, ,43,"Volam sa filip, mam 23 rokov a hram futbal "
8gGAdMn0cGO8J5wVY9lyHNfcrzF3,11,1776704632345626000,1776704632342171000,43,Delete, ,42,"Volam sa filip, mam 23 rokov a hram futbal"
8gGAdMn0cGO8J5wVY9lyHNfcrzF3,11,1776704632945335000,1776704632934760000,42,Insert,",",43,"Volam sa filip, mam 23 rokov a hram futbal,"
8gGAdMn0cGO8J5wVY9lyHNfcrzF3,11,1776704633250969000,1776704633244336000,43,Insert, ,44,"Volam sa filip, mam 23 rokov a hram futbal, "
8gGAdMn0cGO8J5wVY9lyHNfcrzF3,11,1776704634113522000,1776704634106755000,44,Insert,t,45,"Volam sa filip, mam 23 rokov a hram futbal, t"
8gGAdMn0cGO8J5wVY9lyHNfcrzF3,11,1776704634357413000,1776704634351290000,45,Insert,e,46,"Volam sa filip, mam 23 rokov a hram futbal, te"
8gGAdMn0cGO8J5wVY9lyHNfcrzF3,11,1776704634460395000,1776704634452883000,46,Insert,n,47,"Volam sa filip, mam 23 rokov a hram futbal, ten"
8gGAdMn0cGO8J5wVY9lyHNfcrzF3,11,1776704634679289000,1776704634673451000,47,Insert,i,48,"Volam sa filip, mam 23 rokov a hram futbal, teni"
8gGAdMn0cGO8J5wVY9lyHNfcrzF3,11,1776704634770169000,1776704634765746000,48,Insert,s,49,"Volam sa filip, mam 23 rokov a hram futbal, tenis"
8gGAdMn0cGO8J5wVY9lyHNfcrzF3,11,1776704635591083000,1776704635581311000,49,Insert,",",50,"Volam sa filip, mam 23 rokov a hram futbal, tenis,"
8gGAdMn0cGO8J5wVY9lyHNfcrzF3,11,1776704635835300000,1776704635829171000,50,Insert, ,51,"Volam sa filip, mam 23 rokov a hram futbal, tenis, "
8gGAdMn0cGO8J5wVY9lyHNfcrzF3,11,1776704636772414000,1776704636763883000,51,Insert,h,52,"Volam sa filip, mam 23 rokov a hram futbal, tenis, h"
8gGAdMn0cGO8J5wVY9lyHNfcrzF3,11,1776704636886451000,1776704636879084000,52,Insert,o,53,"Volam sa filip, mam 23 rokov a hram futbal, tenis, ho"
8gGAdMn0cGO8J5wVY9lyHNfcrzF3,11,1776704637100986000,1776704637086625000,53,Insert,k,54,"Volam sa filip, mam 23 rokov a hram futbal, tenis, hok"
8gGAdMn0cGO8J5wVY9lyHNfcrzF3,11,1776704637182231000,1776704637176506000,54,Insert,e,55,"Volam sa filip, mam 23 rokov a hram futbal, tenis, hoke"
8gGAdMn0cGO8J5wVY9lyHNfcrzF3,11,1776704637319237000,1776704637313733000,55,Insert,j,56,"Volam sa filip, mam 23 rokov a hram futbal, tenis, hokej"
8gGAdMn0cGO8J5wVY9lyHNfcrzF3,11,1776704638007493000,1776704637996507000,56,Insert, ,57,"Volam sa filip, mam 23 rokov a hram futbal, tenis, hokej "
8gGAdMn0cGO8J5wVY9lyHNfcrzF3,11,1776704638132333000,1776704638125387000,57,Insert,a,58,"Volam sa filip, mam 23 rokov a hram futbal, tenis, hokej a"
8gGAdMn0cGO8J5wVY9lyHNfcrzF3,11,1776704638254512000,1776704638247524000,58,Insert, ,59,"Volam sa filip, mam 23 rokov a hram futbal, tenis, hokej a "
8gGAdMn0cGO8J5wVY9lyHNfcrzF3,11,1776704638477918000,1776704638472889000,59,Insert,b,60,"Volam sa filip, mam 23 rokov a hram futbal, tenis, hokej a b"
8gGAdMn0cGO8J5wVY9lyHNfcrzF3,11,1776704638737875000,1776704638732295000,60,Insert,e,61,"Volam sa filip, mam 23 rokov a hram futbal, tenis, hokej a be"
8gGAdMn0cGO8J5wVY9lyHNfcrzF3,11,1776704638842011000,1776704638838356000,61,Insert,h,62,"Volam sa filip, mam 23 rokov a hram futbal, tenis, hokej a beh"
8gGAdMn0cGO8J5wVY9lyHNfcrzF3,11,1776704638999217000,1776704638994742000,62,Insert,a,63,"Volam sa filip, mam 23 rokov a hram futbal, tenis, hokej a beha"
8gGAdMn0cGO8J5wVY9lyHNfcrzF3,11,1776704639157290000,1776704639152598000,63,Insert,m,64,"Volam sa filip, mam 23 rokov a hram futbal, tenis, hokej a beham"
8gGAdMn0cGO8J5wVY9lyHNfcrzF3,11,1776704639342124000,1776704639337316000,64,Insert, ,65,"Volam sa filip, mam 23 rokov a hram futbal, tenis, hokej a beham "
8gGAdMn0cGO8J5wVY9lyHNfcrzF3,11,1776704640284236000,1776704640276388000,65,Insert,a,66,"Volam sa filip, mam 23 rokov a hram futbal, tenis, hokej a beham a"
8gGAdMn0cGO8J5wVY9lyHNfcrzF3,11,1776704640541556000,1776704640535199000,66,Insert, ,67,"Volam sa filip, mam 23 rokov a hram futbal, tenis, hokej a beham a "
8gGAdMn0cGO8J5wVY9lyHNfcrzF3,11,1776704640662980000,1776704640657223000,67,Insert,m,68,"Volam sa filip, mam 23 rokov a hram futbal, tenis, hokej a beham a m"
8gGAdMn0cGO8J5wVY9lyHNfcrzF3,11,1776704640827218000,1776704640817029000,68,Insert,a,69,"Volam sa filip, mam 23 rokov a hram futbal, tenis, hokej a beham a ma"
8gGAdMn0cGO8J5wVY9lyHNfcrzF3,11,1776704640909443000,1776704640904399000,69,Insert,m,70,"Volam sa filip, mam 23 rokov a hram futbal, tenis, hokej a beham a mam"
8gGAdMn0cGO8J5wVY9lyHNfcrzF3,11,1776704641083070000,1776704641069297000,70,Insert, ,71,"Volam sa filip, mam 23 rokov a hram futbal, tenis, hokej a beham a mam "
8gGAdMn0cGO8J5wVY9lyHNfcrzF3,11,1776704642003470000,1776704641997679000,71,Insert,m,72,"Volam sa filip, mam 23 rokov a hram futbal, tenis, hokej a beham a mam m"
8gGAdMn0cGO8J5wVY9lyHNfcrzF3,11,1776704642233254000,1776704642226989000,72,Insert,o,73,"Volam sa filip, mam 23 rokov a hram futbal, tenis, hokej a beham a mam mo"
8gGAdMn0cGO8J5wVY9lyHNfcrzF3,11,1776704642320335000,1776704642315815000,73,Insert,d,74,"Volam sa filip, mam 23 rokov a hram futbal, tenis, hokej a beham a mam mod"
8gGAdMn0cGO8J5wVY9lyHNfcrzF3,11,1776704642517263000,1776704642513037000,74,Insert,r,75,"Volam sa filip, mam 23 rokov a hram futbal, tenis, hokej a beham a mam modr"
8gGAdMn0cGO8J5wVY9lyHNfcrzF3,11,1776704642722898000,1776704642717271000,75,Insert,e,76,"Volam sa filip, mam 23 rokov a hram futbal, tenis, hokej a beham a mam modre"
8gGAdMn0cGO8J5wVY9lyHNfcrzF3,11,1776704642836930000,1776704642830494000,76,Insert, ,77,"Volam sa filip, mam 23 rokov a hram futbal, tenis, hokej a beham a mam modre "
8gGAdMn0cGO8J5wVY9lyHNfcrzF3,11,1776704643193845000,1776704643186869000,77,Insert,o,78,"Volam sa filip, mam 23 rokov a hram futbal, tenis, hokej a beham a mam modre o"
8gGAdMn0cGO8J5wVY9lyHNfcrzF3,11,1776704643640468000,1776704643630274000,78,Insert,c,79,"Volam sa filip, mam 23 rokov a hram futbal, tenis, hokej a beham a mam modre oc"
8gGAdMn0cGO8J5wVY9lyHNfcrzF3,11,1776704643807320000,1776704643800948000,79,Insert,i,80,"Volam sa filip, mam 23 rokov a hram futbal, tenis, hokej a beham a mam modre oci"
8gGAdMn0cGO8J5wVY9lyHNfcrzF3,11,1776704645042183000,1776704645028059000,80,Insert,.,81,"Volam sa filip, mam 23 rokov a hram futbal, tenis, hokej a beham a mam modre oci."
8gGAdMn0cGO8J5wVY9lyHNfcrzF3,12,1776704646729526000,1776704646724338000,0,Insert,V,1,V
8gGAdMn0cGO8J5wVY9lyHNfcrzF3,12,1776704646858190000,1776704646853004000,1,Insert,o,2,Vo
8gGAdMn0cGO8J5wVY9lyHNfcrzF3,12,1776704647056980000,1776704647053215000,2,Insert,l,3,Vol
8gGAdMn0cGO8J5wVY9lyHNfcrzF3,12,1776704647145798000,1776704647142198000,3,Insert,a,4,Vola
8gGAdMn0cGO8J5wVY9lyHNfcrzF3,12,1776704647286211000,1776704647281502000,4,Insert,l,5,Volal
8gGAdMn0cGO8J5wVY9lyHNfcrzF3,12,1776704647423428000,1776704647419235000,5,Insert, ,6,Volal 
8gGAdMn0cGO8J5wVY9lyHNfcrzF3,12,1776704647835275000,1776704647831531000,6,Delete, ,5,Volal
8gGAdMn0cGO8J5wVY9lyHNfcrzF3,12,1776704648067442000,1776704648062893000,5,Delete,l,4,Vola
8gGAdMn0cGO8J5wVY9lyHNfcrzF3,12,1776704648358939000,1776704648352859000,4,Insert,m,5,Volam
8gGAdMn0cGO8J5wVY9lyHNfcrzF3,12,1776704648467537000,1776704648463592000,5,Insert, ,6,Volam 
8gGAdMn0cGO8J5wVY9lyHNfcrzF3,12,1776704648808603000,1776704648802904000,6,Insert,a,7,Volam a
8gGAdMn0cGO8J5wVY9lyHNfcrzF3,12,1776704649019464000,1776704649015913000,7,Insert,a,8,Volam aa
8gGAdMn0cGO8J5wVY9lyHNfcrzF3,12,1776704649113399000,1776704649109290000,8,Insert, ,9,Volam aa 
8gGAdMn0cGO8J5wVY9lyHNfcrzF3,12,1776704649554374000,1776704649548362000,9,Insert,f,10,Volam aa f
8gGAdMn0cGO8J5wVY9lyHNfcrzF3,12,1776704649717615000,1776704649714138000,10,Insert,i,11,Volam aa fi
8gGAdMn0cGO8J5wVY9lyHNfcrzF3,12,1776704649981514000,1776704649976426000,11,Insert,l,12,Volam aa fil
8gGAdMn0cGO8J5wVY9lyHNfcrzF3,12,1776704650181388000,1776704650172856000,12,Insert,i,13,Volam aa fili
8gGAdMn0cGO8J5wVY9lyHNfcrzF3,12,1776704650436346000,1776704650430663000,13,Insert,p,14,Volam aa filip
8gGAdMn0cGO8J5wVY9lyHNfcrzF3,12,1776704650874012000,1776704650870327000,14,Delete,p,13,Volam aa fili
8gGAdMn0cGO8J5wVY9lyHNfcrzF3,12,1776704651076505000,1776704651072526000,13,Delete,i,12,Volam aa fil
8gGAdMn0cGO8J5wVY9lyHNfcrzF3,12,1776704651267145000,1776704651264929000,12,Delete,l,11,Volam aa fi
8gGAdMn0cGO8J5wVY9lyHNfcrzF3,12,1776704651449105000,1776704651446839000,11,Delete,i,10,Volam aa f
8gGAdMn0cGO8J5wVY9lyHNfcrzF3,12,1776704651662383000,1776704651658548000,10,Delete,f,9,Volam aa 
8gGAdMn0cGO8J5wVY9lyHNfcrzF3,12,1776704651831644000,1776704651829417000,9,Delete, ,8,Volam aa
8gGAdMn0cGO8J5wVY9lyHNfcrzF3,12,1776704652025406000,1776704652022744000,8,Delete,a,7,Volam a
8gGAdMn0cGO8J5wVY9lyHNfcrzF3,12,1776704652266407000,1776704652261023000,7,Delete,a,6,Volam 
8gGAdMn0cGO8J5wVY9lyHNfcrzF3,12,1776704652529185000,1776704652523098000,6,Insert,s,7,Volam s
8gGAdMn0cGO8J5wVY9lyHNfcrzF3,12,1776704652724324000,1776704652721080000,7,Insert,a,8,Volam sa
8gGAdMn0cGO8J5wVY9lyHNfcrzF3,12,1776704652819843000,1776704652816203000,8,Insert, ,9,Volam sa 
8gGAdMn0cGO8J5wVY9lyHNfcrzF3,12,1776704653136216000,1776704653130407000,9,Insert,f,10,Volam sa f
8gGAdMn0cGO8J5wVY9lyHNfcrzF3,12,1776704653261970000,1776704653258118000,10,Insert,i,11,Volam sa fi
8gGAdMn0cGO8J5wVY9lyHNfcrzF3,12,1776704653491017000,1776704653484742000,11,Insert,l,12,Volam sa fil
8gGAdMn0cGO8J5wVY9lyHNfcrzF3,12,1776704653680116000,1776704653676547000,12,Insert,i,13,Volam sa fili
8gGAdMn0cGO8J5wVY9lyHNfcrzF3,12,1776704653935847000,1776704653926613000,13,Insert,p,14,Volam sa filip
8gGAdMn0cGO8J5wVY9lyHNfcrzF3,12,1776704655231050000,1776704655224748000,14,Insert,",",15,"Volam sa filip,"
8gGAdMn0cGO8J5wVY9lyHNfcrzF3,12,1776704655481819000,1776704655474781000,15,Insert, ,16,"Volam sa filip, "
8gGAdMn0cGO8J5wVY9lyHNfcrzF3,12,1776704656387115000,1776704656376379000,16,Insert,n,17,"Volam sa filip, n"
8gGAdMn0cGO8J5wVY9lyHNfcrzF3,12,1776704656457741000,1776704656451816000,17,Insert,a,18,"Volam sa filip, na"
8gGAdMn0cGO8J5wVY9lyHNfcrzF3,12,1776704656818291000,1776704656812035000,18,Insert,m,19,"Volam sa filip, nam"
8gGAdMn0cGO8J5wVY9lyHNfcrzF3,12,1776704657017318000,1776704657006727000,19,Insert, ,20,"Volam sa filip, nam "
8gGAdMn0cGO8J5wVY9lyHNfcrzF3,12,1776704657271305000,1776704657266001000,20,Delete, ,19,"Volam sa filip, nam"
8gGAdMn0cGO8J5wVY9lyHNfcrzF3,12,1776704657489717000,1776704657485165000,19,Delete,m,18,"Volam sa filip, na"
8gGAdMn0cGO8J5wVY9lyHNfcrzF3,12,1776704657673954000,1776704657670007000,18,Delete,a,17,"Volam sa filip, n"
8gGAdMn0cGO8J5wVY9lyHNfcrzF3,12,1776704657915407000,1776704657910895000,17,Delete,n,16,"Volam sa filip, "
8gGAdMn0cGO8J5wVY9lyHNfcrzF3,12,1776704658233512000,1776704658226205000,16,Insert,m,17,"Volam sa filip, m"
8gGAdMn0cGO8J5wVY9lyHNfcrzF3,12,1776704658336212000,1776704658332471000,17,Insert,a,18,"Volam sa filip, ma"
8gGAdMn0cGO8J5wVY9lyHNfcrzF3,12,1776704658454117000,1776704658449518000,18,Insert,m,19,"Volam sa filip, mam"
8gGAdMn0cGO8J5wVY9lyHNfcrzF3,12,1776704658622025000,1776704658617556000,19,Insert, ,20,"Volam sa filip, mam "
8gGAdMn0cGO8J5wVY9lyHNfcrzF3,12,1776704659594942000,1776704659588769000,20,Insert,2,21,"Volam sa filip, mam 2"
8gGAdMn0cGO8J5wVY9lyHNfcrzF3,12,1776704659806651000,1776704659800243000,21,Insert,3,22,"Volam sa filip, mam 23"
8gGAdMn0cGO8J5wVY9lyHNfcrzF3,12,1776704659929412000,1776704659925439000,22,Insert, ,23,"Volam sa filip, mam 23 "
8gGAdMn0cGO8J5wVY9lyHNfcrzF3,12,1776704660909536000,1776704660902600000,23,Insert,r,24,"Volam sa filip, mam 23 r"
8gGAdMn0cGO8J5wVY9lyHNfcrzF3,12,1776704661058029000,1776704661050613000,24,Insert,o,25,"Volam sa filip, mam 23 ro"
8gGAdMn0cGO8J5wVY9lyHNfcrzF3,12,1776704661232100000,1776704661228442000,25,Insert,k,26,"Volam sa filip, mam 23 rok"
8gGAdMn0cGO8J5wVY9lyHNfcrzF3,12,1776704661419385000,1776704661410846000,26,Insert,o,27,"Volam sa filip, mam 23 roko"
8gGAdMn0cGO8J5wVY9lyHNfcrzF3,12,1776704661480515000,1776704661476480000,27,Insert,v,28,"Volam sa filip, mam 23 rokov"
8gGAdMn0cGO8J5wVY9lyHNfcrzF3,12,1776704661666352000,1776704661662112000,28,Insert, ,29,"Volam sa filip, mam 23 rokov "
8gGAdMn0cGO8J5wVY9lyHNfcrzF3,12,1776704662845725000,1776704662835528000,29,Insert,a,30,"Volam sa filip, mam 23 rokov a"
8gGAdMn0cGO8J5wVY9lyHNfcrzF3,12,1776704662994061000,1776704662986348000,30,Insert, ,31,"Volam sa filip, mam 23 rokov a "
8gGAdMn0cGO8J5wVY9lyHNfcrzF3,12,1776704663324800000,1776704663319024000,31,Insert,h,32,"Volam sa filip, mam 23 rokov a h"
8gGAdMn0cGO8J5wVY9lyHNfcrzF3,12,1776704663589750000,1776704663582254000,32,Insert,r,33,"Volam sa filip, mam 23 rokov a hr"
8gGAdMn0cGO8J5wVY9lyHNfcrzF3,12,1776704663796970000,1776704663791837000,33,Insert,a,34,"Volam sa filip, mam 23 rokov a hra"
8gGAdMn0cGO8J5wVY9lyHNfcrzF3,12,1776704663931834000,1776704663926734000,34,Insert,m,35,"Volam sa filip, mam 23 rokov a hram"
8gGAdMn0cGO8J5wVY9lyHNfcrzF3,12,1776704664102263000,1776704664085971000,35,Insert, ,36,"Volam sa filip, mam 23 rokov a hram "
8gGAdMn0cGO8J5wVY9lyHNfcrzF3,12,1776704664612704000,1776704664604810000,36,Insert,f,37,"Volam sa filip, mam 23 rokov a hram f"
8gGAdMn0cGO8J5wVY9lyHNfcrzF3,12,1776704664803532000,1776704664798767000,37,Insert,u,38,"Volam sa filip, mam 23 rokov a hram fu"
8gGAdMn0cGO8J5wVY9lyHNfcrzF3,12,1776704664964662000,1776704664955850000,38,Insert,t,39,"Volam sa filip, mam 23 rokov a hram fut"
8gGAdMn0cGO8J5wVY9lyHNfcrzF3,12,1776704665167459000,1776704665163916000,39,Insert,b,40,"Volam sa filip, mam 23 rokov a hram futb"
8gGAdMn0cGO8J5wVY9lyHNfcrzF3,12,1776704665379051000,1776704665372622000,40,Insert,a,41,"Volam sa filip, mam 23 rokov a hram futba"
8gGAdMn0cGO8J5wVY9lyHNfcrzF3,12,1776704665503881000,1776704665499532000,41,Insert,l,42,"Volam sa filip, mam 23 rokov a hram futbal"
8gGAdMn0cGO8J5wVY9lyHNfcrzF3,12,1776704666655457000,1776704666647306000,42,Insert,",",43,"Volam sa filip, mam 23 rokov a hram futbal,"
8gGAdMn0cGO8J5wVY9lyHNfcrzF3,12,1776704666941672000,1776704666935208000,43,Insert, ,44,"Volam sa filip, mam 23 rokov a hram futbal, "
8gGAdMn0cGO8J5wVY9lyHNfcrzF3,12,1776704667389307000,1776704667382039000,44,Insert,t,45,"Volam sa filip, mam 23 rokov a hram futbal, t"
8gGAdMn0cGO8J5wVY9lyHNfcrzF3,12,1776704667603668000,1776704667594439000,45,Insert,e,46,"Volam sa filip, mam 23 rokov a hram futbal, te"
8gGAdMn0cGO8J5wVY9lyHNfcrzF3,12,1776704667678185000,1776704667673773000,46,Insert,n,47,"Volam sa filip, mam 23 rokov a hram futbal, ten"
8gGAdMn0cGO8J5wVY9lyHNfcrzF3,12,1776704667895335000,1776704667889675000,47,Insert,i,48,"Volam sa filip, mam 23 rokov a hram futbal, teni"
8gGAdMn0cGO8J5wVY9lyHNfcrzF3,12,1776704668026715000,1776704668016559000,48,Insert,s,49,"Volam sa filip, mam 23 rokov a hram futbal, tenis"
8gGAdMn0cGO8J5wVY9lyHNfcrzF3,12,1776704668238164000,1776704668231825000,49,Insert, ,50,"Volam sa filip, mam 23 rokov a hram futbal, tenis "
8gGAdMn0cGO8J5wVY9lyHNfcrzF3,12,1776704669071697000,1776704669065558000,50,Delete, ,49,"Volam sa filip, mam 23 rokov a hram futbal, tenis"
8gGAdMn0cGO8J5wVY9lyHNfcrzF3,12,1776704670262806000,1776704670252330000,49,Insert,",",50,"Volam sa filip, mam 23 rokov a hram futbal, tenis,"
8gGAdMn0cGO8J5wVY9lyHNfcrzF3,12,1776704670512033000,1776704670505682000,50,Insert, ,51,"Volam sa filip, mam 23 rokov a hram futbal, tenis, "
8gGAdMn0cGO8J5wVY9lyHNfcrzF3,12,1776704671303366000,1776704671290463000,51,Insert,h,52,"Volam sa filip, mam 23 rokov a hram futbal, tenis, h"
8gGAdMn0cGO8J5wVY9lyHNfcrzF3,12,1776704671453038000,1776704671446182000,52,Insert,o,53,"Volam sa filip, mam 23 rokov a hram futbal, tenis, ho"
8gGAdMn0cGO8J5wVY9lyHNfcrzF3,12,1776704671647671000,1776704671643605000,53,Insert,k,54,"Volam sa filip, mam 23 rokov a hram futbal, tenis, hok"
8gGAdMn0cGO8J5wVY9lyHNfcrzF3,12,1776704671735197000,1776704671725551000,54,Insert,e,55,"Volam sa filip, mam 23 rokov a hram futbal, tenis, hoke"
8gGAdMn0cGO8J5wVY9lyHNfcrzF3,12,1776704671860762000,1776704671855658000,55,Insert,j,56,"Volam sa filip, mam 23 rokov a hram futbal, tenis, hokej"
8gGAdMn0cGO8J5wVY9lyHNfcrzF3,12,1776704672491557000,1776704672482388000,56,Insert, ,57,"Volam sa filip, mam 23 rokov a hram futbal, tenis, hokej "
8gGAdMn0cGO8J5wVY9lyHNfcrzF3,12,1776704672780792000,1776704672773906000,57,Insert,a,58,"Volam sa filip, mam 23 rokov a hram futbal, tenis, hokej a"
8gGAdMn0cGO8J5wVY9lyHNfcrzF3,12,1776704672868505000,1776704672864605000,58,Insert, ,59,"Volam sa filip, mam 23 rokov a hram futbal, tenis, hokej a "
8gGAdMn0cGO8J5wVY9lyHNfcrzF3,12,1776704673145813000,1776704673139920000,59,Insert,b,60,"Volam sa filip, mam 23 rokov a hram futbal, tenis, hokej a b"
8gGAdMn0cGO8J5wVY9lyHNfcrzF3,12,1776704673413481000,1776704673406147000,60,Insert,r,61,"Volam sa filip, mam 23 rokov a hram futbal, tenis, hokej a br"
8gGAdMn0cGO8J5wVY9lyHNfcrzF3,12,1776704673532166000,1776704673527403000,61,Insert,h,62,"Volam sa filip, mam 23 rokov a hram futbal, tenis, hokej a brh"
8gGAdMn0cGO8J5wVY9lyHNfcrzF3,12,1776704673652419000,1776704673648490000,62,Insert,a,63,"Volam sa filip, mam 23 rokov a hram futbal, tenis, hokej a brha"
8gGAdMn0cGO8J5wVY9lyHNfcrzF3,12,1776704673815938000,1776704673810892000,63,Insert,m,64,"Volam sa filip, mam 23 rokov a hram futbal, tenis, hokej a brham"
8gGAdMn0cGO8J5wVY9lyHNfcrzF3,12,1776704674206782000,1776704674202655000,64,Delete,m,63,"Volam sa filip, mam 23 rokov a hram futbal, tenis, hokej a brha"
8gGAdMn0cGO8J5wVY9lyHNfcrzF3,12,1776704674394451000,1776704674391651000,63,Delete,a,62,"Volam sa filip, mam 23 rokov a hram futbal, tenis, hokej a brh"
8gGAdMn0cGO8J5wVY9lyHNfcrzF3,12,1776704674592966000,1776704674589368000,62,Delete,h,61,"Volam sa filip, mam 23 rokov a hram futbal, tenis, hokej a br"
8gGAdMn0cGO8J5wVY9lyHNfcrzF3,12,1776704674799668000,1776704674796714000,61,Delete,r,60,"Volam sa filip, mam 23 rokov a hram futbal, tenis, hokej a b"
8gGAdMn0cGO8J5wVY9lyHNfcrzF3,12,1776704675172897000,1776704675166854000,60,Insert,e,61,"Volam sa filip, mam 23 rokov a hram futbal, tenis, hokej a be"
8gGAdMn0cGO8J5wVY9lyHNfcrzF3,12,1776704675401133000,1776704675394577000,61,Insert,h,62,"Volam sa filip, mam 23 rokov a hram futbal, tenis, hokej a beh"
8gGAdMn0cGO8J5wVY9lyHNfcrzF3,12,1776704675620254000,1776704675614156000,62,Insert,a,63,"Volam sa filip, mam 23 rokov a hram futbal, tenis, hokej a beha"
8gGAdMn0cGO8J5wVY9lyHNfcrzF3,12,1776704675760034000,1776704675753703000,63,Insert,m,64,"Volam sa filip, mam 23 rokov a hram futbal, tenis, hokej a beham"
8gGAdMn0cGO8J5wVY9lyHNfcrzF3,12,1776704675912056000,1776704675907577000,64,Insert, ,65,"Volam sa filip, mam 23 rokov a hram futbal, tenis, hokej a beham "
8gGAdMn0cGO8J5wVY9lyHNfcrzF3,12,1776704676796896000,1776704676790203000,65,Insert,a,66,"Volam sa filip, mam 23 rokov a hram futbal, tenis, hokej a beham a"
8gGAdMn0cGO8J5wVY9lyHNfcrzF3,12,1776704677084838000,1776704677078507000,66,Insert, ,67,"Volam sa filip, mam 23 rokov a hram futbal, tenis, hokej a beham a "
8gGAdMn0cGO8J5wVY9lyHNfcrzF3,12,1776704677304578000,1776704677299224000,67,Insert,m,68,"Volam sa filip, mam 23 rokov a hram futbal, tenis, hokej a beham a m"
8gGAdMn0cGO8J5wVY9lyHNfcrzF3,12,1776704677379566000,1776704677375532000,68,Insert,a,69,"Volam sa filip, mam 23 rokov a hram futbal, tenis, hokej a beham a ma"
8gGAdMn0cGO8J5wVY9lyHNfcrzF3,12,1776704677542865000,1776704677539076000,69,Insert,m,70,"Volam sa filip, mam 23 rokov a hram futbal, tenis, hokej a beham a mam"
8gGAdMn0cGO8J5wVY9lyHNfcrzF3,12,1776704677685527000,1776704677681493000,70,Insert, ,71,"Volam sa filip, mam 23 rokov a hram futbal, tenis, hokej a beham a mam "
8gGAdMn0cGO8J5wVY9lyHNfcrzF3,12,1776704678305226000,1776704678295970000,71,Insert,d,72,"Volam sa filip, mam 23 rokov a hram futbal, tenis, hokej a beham a mam d"
8gGAdMn0cGO8J5wVY9lyHNfcrzF3,12,1776704679112320000,1776704679108272000,72,Delete,d,71,"Volam sa filip, mam 23 rokov a hram futbal, tenis, hokej a beham a mam "
8gGAdMn0cGO8J5wVY9lyHNfcrzF3,12,1776704679917439000,1776704679911382000,71,Insert,m,72,"Volam sa filip, mam 23 rokov a hram futbal, tenis, hokej a beham a mam m"
8gGAdMn0cGO8J5wVY9lyHNfcrzF3,12,1776704680203105000,1776704680197038000,72,Insert,o,73,"Volam sa filip, mam 23 rokov a hram futbal, tenis, hokej a beham a mam mo"
8gGAdMn0cGO8J5wVY9lyHNfcrzF3,12,1776704680347042000,1776704680335365000,73,Insert,d,74,"Volam sa filip, mam 23 rokov a hram futbal, tenis, hokej a beham a mam mod"
8gGAdMn0cGO8J5wVY9lyHNfcrzF3,12,1776704680580511000,1776704680574644000,74,Insert,r,75,"Volam sa filip, mam 23 rokov a hram futbal, tenis, hokej a beham a mam modr"
8gGAdMn0cGO8J5wVY9lyHNfcrzF3,12,1776704680926368000,1776704680918990000,75,Insert, ,76,"Volam sa filip, mam 23 rokov a hram futbal, tenis, hokej a beham a mam modr "
8gGAdMn0cGO8J5wVY9lyHNfcrzF3,12,1776704681393676000,1776704681389667000,76,Delete, ,75,"Volam sa filip, mam 23 rokov a hram futbal, tenis, hokej a beham a mam modr"
8gGAdMn0cGO8J5wVY9lyHNfcrzF3,12,1776704681922646000,1776704681918622000,75,Insert,e,76,"Volam sa filip, mam 23 rokov a hram futbal, tenis, hokej a beham a mam modre"
8gGAdMn0cGO8J5wVY9lyHNfcrzF3,12,1776704682057503000,1776704682052343000,76,Insert, ,77,"Volam sa filip, mam 23 rokov a hram futbal, tenis, hokej a beham a mam modre "
8gGAdMn0cGO8J5wVY9lyHNfcrzF3,12,1776704682509080000,1776704682502843000,77,Insert,o,78,"Volam sa filip, mam 23 rokov a hram futbal, tenis, hokej a beham a mam modre o"
8gGAdMn0cGO8J5wVY9lyHNfcrzF3,12,1776704682927784000,1776704682921702000,78,Insert,c,79,"Volam sa filip, mam 23 rokov a hram futbal, tenis, hokej a beham a mam modre oc"
8gGAdMn0cGO8J5wVY9lyHNfcrzF3,12,1776704683119364000,1776704683113387000,79,Insert,i,80,"Volam sa filip, mam 23 rokov a hram futbal, tenis, hokej a beham a mam modre oci"
8gGAdMn0cGO8J5wVY9lyHNfcrzF3,12,1776704684021786000,1776704684012604000,80,Insert,.,81,"Volam sa filip, mam 23 rokov a hram futbal, tenis, hokej a beham a mam modre oci."
8gGAdMn0cGO8J5wVY9lyHNfcrzF3,13,1776704685571246000,1776704685565312000,0,Insert,V,1,V
8gGAdMn0cGO8J5wVY9lyHNfcrzF3,13,1776704685736412000,1776704685732653000,1,Insert,o,2,Vo
8gGAdMn0cGO8J5wVY9lyHNfcrzF3,13,1776704686007378000,1776704686001989000,2,Insert,l,3,Vol
8gGAdMn0cGO8J5wVY9lyHNfcrzF3,13,1776704686121434000,1776704686118026000,3,Insert,a,4,Vola
8gGAdMn0cGO8J5wVY9lyHNfcrzF3,13,1776704686279702000,1776704686276031000,4,Insert,l,5,Volal
8gGAdMn0cGO8J5wVY9lyHNfcrzF3,13,1776704686642164000,1776704686637395000,5,Delete,l,4,Vola
8gGAdMn0cGO8J5wVY9lyHNfcrzF3,13,1776704686969888000,1776704686961490000,4,Insert,m,5,Volam
8gGAdMn0cGO8J5wVY9lyHNfcrzF3,13,1776704687103119000,1776704687099370000,5,Insert, ,6,Volam 
8gGAdMn0cGO8J5wVY9lyHNfcrzF3,13,1776704688672552000,1776704688669216000,6,Insert,s,7,Volam s
8gGAdMn0cGO8J5wVY9lyHNfcrzF3,13,1776704688904265000,1776704688896542000,7,Insert,a,8,Volam sa
8gGAdMn0cGO8J5wVY9lyHNfcrzF3,13,1776704688985085000,1776704688980831000,8,Insert, ,9,Volam sa 
8gGAdMn0cGO8J5wVY9lyHNfcrzF3,13,1776704689202001000,1776704689196286000,9,Insert,f,10,Volam sa f
8gGAdMn0cGO8J5wVY9lyHNfcrzF3,13,1776704689349657000,1776704689346105000,10,Insert,i,11,Volam sa fi
8gGAdMn0cGO8J5wVY9lyHNfcrzF3,13,1776704689586057000,1776704689580477000,11,Insert,l,12,Volam sa fil
8gGAdMn0cGO8J5wVY9lyHNfcrzF3,13,1776704689795433000,1776704689788618000,12,Insert,i,13,Volam sa fili
8gGAdMn0cGO8J5wVY9lyHNfcrzF3,13,1776704690058469000,1776704690052617000,13,Insert,p,14,Volam sa filip
8gGAdMn0cGO8J5wVY9lyHNfcrzF3,13,1776704690902738000,1776704690895113000,14,Insert,",",15,"Volam sa filip,"
8gGAdMn0cGO8J5wVY9lyHNfcrzF3,13,1776704691178427000,1776704691167007000,15,Insert, ,16,"Volam sa filip, "
8gGAdMn0cGO8J5wVY9lyHNfcrzF3,13,1776704691781333000,1776704691773316000,16,Insert,m,17,"Volam sa filip, m"
8gGAdMn0cGO8J5wVY9lyHNfcrzF3,13,1776704691883072000,1776704691879149000,17,Insert,a,18,"Volam sa filip, ma"
8gGAdMn0cGO8J5wVY9lyHNfcrzF3,13,1776704692001295000,1776704691997348000,18,Insert,m,19,"Volam sa filip, mam"
8gGAdMn0cGO8J5wVY9lyHNfcrzF3,13,1776704692145201000,1776704692138632000,19,Insert, ,20,"Volam sa filip, mam "
8gGAdMn0cGO8J5wVY9lyHNfcrzF3,13,1776704693222751000,1776704693218991000,20,Insert,2,21,"Volam sa filip, mam 2"
8gGAdMn0cGO8J5wVY9lyHNfcrzF3,13,1776704693449563000,1776704693443396000,21,Insert,3,22,"Volam sa filip, mam 23"
8gGAdMn0cGO8J5wVY9lyHNfcrzF3,13,1776704693558109000,1776704693553966000,22,Insert, ,23,"Volam sa filip, mam 23 "
8gGAdMn0cGO8J5wVY9lyHNfcrzF3,13,1776704694236243000,1776704694232859000,23,Insert,r,24,"Volam sa filip, mam 23 r"
8gGAdMn0cGO8J5wVY9lyHNfcrzF3,13,1776704694327299000,1776704694324256000,24,Insert,o,25,"Volam sa filip, mam 23 ro"
8gGAdMn0cGO8J5wVY9lyHNfcrzF3,13,1776704694550067000,1776704694543073000,25,Insert,k,26,"Volam sa filip, mam 23 rok"
8gGAdMn0cGO8J5wVY9lyHNfcrzF3,13,1776704694745271000,1776704694740993000,26,Insert,o,27,"Volam sa filip, mam 23 roko"
8gGAdMn0cGO8J5wVY9lyHNfcrzF3,13,1776704694804879000,1776704694801251000,27,Insert,v,28,"Volam sa filip, mam 23 rokov"
8gGAdMn0cGO8J5wVY9lyHNfcrzF3,13,1776704694988201000,1776704694984296000,28,Insert, ,29,"Volam sa filip, mam 23 rokov "
8gGAdMn0cGO8J5wVY9lyHNfcrzF3,13,1776704695227442000,1776704695220255000,29,Insert,a,30,"Volam sa filip, mam 23 rokov a"
8gGAdMn0cGO8J5wVY9lyHNfcrzF3,13,1776704695385461000,1776704695377612000,30,Insert, ,31,"Volam sa filip, mam 23 rokov a "
8gGAdMn0cGO8J5wVY9lyHNfcrzF3,13,1776704696250112000,1776704696242667000,31,Insert,h,32,"Volam sa filip, mam 23 rokov a h"
8gGAdMn0cGO8J5wVY9lyHNfcrzF3,13,1776704696502470000,1776704696496879000,32,Insert,r,33,"Volam sa filip, mam 23 rokov a hr"
8gGAdMn0cGO8J5wVY9lyHNfcrzF3,13,1776704696722862000,1776704696716432000,33,Insert,a,34,"Volam sa filip, mam 23 rokov a hra"
8gGAdMn0cGO8J5wVY9lyHNfcrzF3,13,1776704696896529000,1776704696892811000,34,Insert,m,35,"Volam sa filip, mam 23 rokov a hram"
8gGAdMn0cGO8J5wVY9lyHNfcrzF3,13,1776704697042548000,1776704697038294000,35,Insert, ,36,"Volam sa filip, mam 23 rokov a hram "
8gGAdMn0cGO8J5wVY9lyHNfcrzF3,13,1776704697501630000,1776704697495529000,36,Insert,f,37,"Volam sa filip, mam 23 rokov a hram f"
8gGAdMn0cGO8J5wVY9lyHNfcrzF3,13,1776704697699135000,1776704697695474000,37,Insert,u,38,"Volam sa filip, mam 23 rokov a hram fu"
8gGAdMn0cGO8J5wVY9lyHNfcrzF3,13,1776704697844772000,1776704697840533000,38,Insert,t,39,"Volam sa filip, mam 23 rokov a hram fut"
8gGAdMn0cGO8J5wVY9lyHNfcrzF3,13,1776704698072667000,1776704698066171000,39,Insert,b,40,"Volam sa filip, mam 23 rokov a hram futb"
8gGAdMn0cGO8J5wVY9lyHNfcrzF3,13,1776704698290487000,1776704698283586000,40,Insert,a,41,"Volam sa filip, mam 23 rokov a hram futba"
8gGAdMn0cGO8J5wVY9lyHNfcrzF3,13,1776704698411820000,1776704698407588000,41,Insert,l,42,"Volam sa filip, mam 23 rokov a hram futbal"
8gGAdMn0cGO8J5wVY9lyHNfcrzF3,13,1776704698748437000,1776704698741958000,42,Insert,",",43,"Volam sa filip, mam 23 rokov a hram futbal,"
8gGAdMn0cGO8J5wVY9lyHNfcrzF3,13,1776704699000847000,1776704698993608000,43,Insert, ,44,"Volam sa filip, mam 23 rokov a hram futbal, "
8gGAdMn0cGO8J5wVY9lyHNfcrzF3,13,1776704701357512000,1776704701349892000,44,Insert,t,45,"Volam sa filip, mam 23 rokov a hram futbal, t"
8gGAdMn0cGO8J5wVY9lyHNfcrzF3,13,1776704701619407000,1776704701610931000,45,Insert,e,46,"Volam sa filip, mam 23 rokov a hram futbal, te"
8gGAdMn0cGO8J5wVY9lyHNfcrzF3,13,1776704701671765000,1776704701666250000,46,Insert,n,47,"Volam sa filip, mam 23 rokov a hram futbal, ten"
8gGAdMn0cGO8J5wVY9lyHNfcrzF3,13,1776704701908053000,1776704701902683000,47,Insert,i,48,"Volam sa filip, mam 23 rokov a hram futbal, teni"
8gGAdMn0cGO8J5wVY9lyHNfcrzF3,13,1776704702007492000,1776704702003241000,48,Insert,s,49,"Volam sa filip, mam 23 rokov a hram futbal, tenis"
8gGAdMn0cGO8J5wVY9lyHNfcrzF3,13,1776704702730101000,1776704702721743000,49,Insert,",",50,"Volam sa filip, mam 23 rokov a hram futbal, tenis,"
8gGAdMn0cGO8J5wVY9lyHNfcrzF3,13,1776704703007361000,1776704702999700000,50,Insert, ,51,"Volam sa filip, mam 23 rokov a hram futbal, tenis, "
8gGAdMn0cGO8J5wVY9lyHNfcrzF3,13,1776704703485859000,1776704703479187000,51,Insert,b,52,"Volam sa filip, mam 23 rokov a hram futbal, tenis, b"
8gGAdMn0cGO8J5wVY9lyHNfcrzF3,13,1776704703637046000,1776704703631351000,52,Insert,o,53,"Volam sa filip, mam 23 rokov a hram futbal, tenis, bo"
8gGAdMn0cGO8J5wVY9lyHNfcrzF3,13,1776704703852021000,1776704703841440000,53,Insert,k,54,"Volam sa filip, mam 23 rokov a hram futbal, tenis, bok"
8gGAdMn0cGO8J5wVY9lyHNfcrzF3,13,1776704704105617000,1776704704102056000,54,Delete,k,53,"Volam sa filip, mam 23 rokov a hram futbal, tenis, bo"
8gGAdMn0cGO8J5wVY9lyHNfcrzF3,13,1776704704301630000,1776704704298727000,53,Delete,o,52,"Volam sa filip, mam 23 rokov a hram futbal, tenis, b"
8gGAdMn0cGO8J5wVY9lyHNfcrzF3,13,1776704704512485000,1776704704508169000,52,Delete,b,51,"Volam sa filip, mam 23 rokov a hram futbal, tenis, "
8gGAdMn0cGO8J5wVY9lyHNfcrzF3,13,1776704704726238000,1776704704720283000,51,Insert,h,52,"Volam sa filip, mam 23 rokov a hram futbal, tenis, h"
8gGAdMn0cGO8J5wVY9lyHNfcrzF3,13,1776704704866593000,1776704704862114000,52,Insert,o,53,"Volam sa filip, mam 23 rokov a hram futbal, tenis, ho"
8gGAdMn0cGO8J5wVY9lyHNfcrzF3,13,1776704705079618000,1776704705073795000,53,Insert,k,54,"Volam sa filip, mam 23 rokov a hram futbal, tenis, hok"
8gGAdMn0cGO8J5wVY9lyHNfcrzF3,13,1776704705171461000,1776704705167215000,54,Insert,e,55,"Volam sa filip, mam 23 rokov a hram futbal, tenis, hoke"
8gGAdMn0cGO8J5wVY9lyHNfcrzF3,13,1776704705322116000,1776704705318038000,55,Insert,j,56,"Volam sa filip, mam 23 rokov a hram futbal, tenis, hokej"
8gGAdMn0cGO8J5wVY9lyHNfcrzF3,13,1776704705477152000,1776704705473062000,56,Insert, ,57,"Volam sa filip, mam 23 rokov a hram futbal, tenis, hokej "
8gGAdMn0cGO8J5wVY9lyHNfcrzF3,13,1776704706376356000,1776704706366267000,57,Insert,a,58,"Volam sa filip, mam 23 rokov a hram futbal, tenis, hokej a"
8gGAdMn0cGO8J5wVY9lyHNfcrzF3,13,1776704706524694000,1776704706519893000,58,Insert, ,59,"Volam sa filip, mam 23 rokov a hram futbal, tenis, hokej a "
8gGAdMn0cGO8J5wVY9lyHNfcrzF3,13,1776704706893694000,1776704706887507000,59,Insert,b,60,"Volam sa filip, mam 23 rokov a hram futbal, tenis, hokej a b"
8gGAdMn0cGO8J5wVY9lyHNfcrzF3,13,1776704707141715000,1776704707135520000,60,Insert,e,61,"Volam sa filip, mam 23 rokov a hram futbal, tenis, hokej a be"
8gGAdMn0cGO8J5wVY9lyHNfcrzF3,13,1776704707238032000,1776704707233103000,61,Insert,h,62,"Volam sa filip, mam 23 rokov a hram futbal, tenis, hokej a beh"
8gGAdMn0cGO8J5wVY9lyHNfcrzF3,13,1776704707521524000,1776704707515082000,62,Insert,m,63,"Volam sa filip, mam 23 rokov a hram futbal, tenis, hokej a behm"
8gGAdMn0cGO8J5wVY9lyHNfcrzF3,13,1776704708319164000,1776704708311369000,63,Delete,m,62,"Volam sa filip, mam 23 rokov a hram futbal, tenis, hokej a beh"
8gGAdMn0cGO8J5wVY9lyHNfcrzF3,13,1776704708511972000,1776704708507115000,62,Insert,a,63,"Volam sa filip, mam 23 rokov a hram futbal, tenis, hokej a beha"
8gGAdMn0cGO8J5wVY9lyHNfcrzF3,13,1776704708657519000,1776704708653782000,63,Insert,n,64,"Volam sa filip, mam 23 rokov a hram futbal, tenis, hokej a behan"
8gGAdMn0cGO8J5wVY9lyHNfcrzF3,13,1776704708844967000,1776704708836953000,64,Insert, ,65,"Volam sa filip, mam 23 rokov a hram futbal, tenis, hokej a behan "
8gGAdMn0cGO8J5wVY9lyHNfcrzF3,13,1776704709417617000,1776704709411978000,65,Delete, ,64,"Volam sa filip, mam 23 rokov a hram futbal, tenis, hokej a behan"
8gGAdMn0cGO8J5wVY9lyHNfcrzF3,13,1776704709727240000,1776704709723635000,64,Delete,n,63,"Volam sa filip, mam 23 rokov a hram futbal, tenis, hokej a beha"
8gGAdMn0cGO8J5wVY9lyHNfcrzF3,13,1776704710109188000,1776704710102350000,63,Insert,m,64,"Volam sa filip, mam 23 rokov a hram futbal, tenis, hokej a beham"
8gGAdMn0cGO8J5wVY9lyHNfcrzF3,13,1776704710802967000,1776704710794361000,64,Insert, ,65,"Volam sa filip, mam 23 rokov a hram futbal, tenis, hokej a beham "
8gGAdMn0cGO8J5wVY9lyHNfcrzF3,13,1776704711348413000,1776704711335534000,65,Insert,a,66,"Volam sa filip, mam 23 rokov a hram futbal, tenis, hokej a beham a"
8gGAdMn0cGO8J5wVY9lyHNfcrzF3,13,1776704711469559000,1776704711465606000,66,Insert, ,67,"Volam sa filip, mam 23 rokov a hram futbal, tenis, hokej a beham a "
8gGAdMn0cGO8J5wVY9lyHNfcrzF3,13,1776704711765954000,1776704711756567000,67,Insert,m,68,"Volam sa filip, mam 23 rokov a hram futbal, tenis, hokej a beham a m"
8gGAdMn0cGO8J5wVY9lyHNfcrzF3,13,1776704711834855000,1776704711826993000,68,Insert,a,69,"Volam sa filip, mam 23 rokov a hram futbal, tenis, hokej a beham a ma"
8gGAdMn0cGO8J5wVY9lyHNfcrzF3,13,1776704711979875000,1776704711969713000,69,Insert,m,70,"Volam sa filip, mam 23 rokov a hram futbal, tenis, hokej a beham a mam"
8gGAdMn0cGO8J5wVY9lyHNfcrzF3,13,1776704712112202000,1776704712104284000,70,Insert, ,71,"Volam sa filip, mam 23 rokov a hram futbal, tenis, hokej a beham a mam "
8gGAdMn0cGO8J5wVY9lyHNfcrzF3,13,1776704713093265000,1776704713086154000,71,Insert,m,72,"Volam sa filip, mam 23 rokov a hram futbal, tenis, hokej a beham a mam m"
8gGAdMn0cGO8J5wVY9lyHNfcrzF3,13,1776704713354673000,1776704713347909000,72,Insert,o,73,"Volam sa filip, mam 23 rokov a hram futbal, tenis, hokej a beham a mam mo"
8gGAdMn0cGO8J5wVY9lyHNfcrzF3,13,1776704713439551000,1776704713435643000,73,Insert,d,74,"Volam sa filip, mam 23 rokov a hram futbal, tenis, hokej a beham a mam mod"
8gGAdMn0cGO8J5wVY9lyHNfcrzF3,13,1776704713665840000,1776704713659025000,74,Insert,r,75,"Volam sa filip, mam 23 rokov a hram futbal, tenis, hokej a beham a mam modr"
8gGAdMn0cGO8J5wVY9lyHNfcrzF3,13,1776704713853198000,1776704713849188000,75,Insert,e,76,"Volam sa filip, mam 23 rokov a hram futbal, tenis, hokej a beham a mam modre"
8gGAdMn0cGO8J5wVY9lyHNfcrzF3,13,1776704713992688000,1776704713986925000,76,Insert, ,77,"Volam sa filip, mam 23 rokov a hram futbal, tenis, hokej a beham a mam modre "
8gGAdMn0cGO8J5wVY9lyHNfcrzF3,13,1776704714314927000,1776704714309039000,77,Insert,o,78,"Volam sa filip, mam 23 rokov a hram futbal, tenis, hokej a beham a mam modre o"
8gGAdMn0cGO8J5wVY9lyHNfcrzF3,13,1776704714458412000,1776704714449840000,78,Insert,c,79,"Volam sa filip, mam 23 rokov a hram futbal, tenis, hokej a beham a mam modre oc"
8gGAdMn0cGO8J5wVY9lyHNfcrzF3,13,1776704714551071000,1776704714544064000,79,Insert,i,80,"Volam sa filip, mam 23 rokov a hram futbal, tenis, hokej a beham a mam modre oci"
8gGAdMn0cGO8J5wVY9lyHNfcrzF3,13,1776704715314147000,1776704715308966000,80,Insert,.,81,"Volam sa filip, mam 23 rokov a hram futbal, tenis, hokej a beham a mam modre oci."
8gGAdMn0cGO8J5wVY9lyHNfcrzF3,14,1776704716864876000,1776704716857922000,0,Insert,V,1,V
8gGAdMn0cGO8J5wVY9lyHNfcrzF3,14,1776704716989465000,1776704716982998000,1,Insert,o,2,Vo
8gGAdMn0cGO8J5wVY9lyHNfcrzF3,14,1776704717207254000,1776704717202079000,2,Insert,l,3,Vol
8gGAdMn0cGO8J5wVY9lyHNfcrzF3,14,1776704717352061000,1776704717348753000,3,Insert,a,4,Vola
8gGAdMn0cGO8J5wVY9lyHNfcrzF3,14,1776704717508485000,1776704717505075000,4,Insert,m,5,Volam
8gGAdMn0cGO8J5wVY9lyHNfcrzF3,14,1776704717651395000,1776704717646718000,5,Insert, ,6,Volam 
8gGAdMn0cGO8J5wVY9lyHNfcrzF3,14,1776704718314956000,1776704718308321000,6,Insert,s,7,Volam s
8gGAdMn0cGO8J5wVY9lyHNfcrzF3,14,1776704718509009000,1776704718504413000,7,Insert,a,8,Volam sa
8gGAdMn0cGO8J5wVY9lyHNfcrzF3,14,1776704718648936000,1776704718644241000,8,Insert, ,9,Volam sa 
8gGAdMn0cGO8J5wVY9lyHNfcrzF3,14,1776704718902072000,1776704718896671000,9,Insert,f,10,Volam sa f
8gGAdMn0cGO8J5wVY9lyHNfcrzF3,14,1776704719058896000,1776704719053477000,10,Insert,i,11,Volam sa fi
8gGAdMn0cGO8J5wVY9lyHNfcrzF3,14,1776704719259606000,1776704719255842000,11,Insert,l,12,Volam sa fil
8gGAdMn0cGO8J5wVY9lyHNfcrzF3,14,1776704719464581000,1776704719457600000,12,Insert,i,13,Volam sa fili
8gGAdMn0cGO8J5wVY9lyHNfcrzF3,14,1776704719699645000,1776704719692880000,13,Insert,p,14,Volam sa filip
8gGAdMn0cGO8J5wVY9lyHNfcrzF3,14,1776704719755420000,1776704719751339000,14,Insert, ,15,Volam sa filip 
8gGAdMn0cGO8J5wVY9lyHNfcrzF3,14,1776704720451840000,1776704720446510000,15,Delete, ,14,Volam sa filip
8gGAdMn0cGO8J5wVY9lyHNfcrzF3,14,1776704721222728000,1776704721214734000,14,Insert,",",15,"Volam sa filip,"
8gGAdMn0cGO8J5wVY9lyHNfcrzF3,14,1776704721474151000,1776704721468160000,15,Insert, ,16,"Volam sa filip, "
8gGAdMn0cGO8J5wVY9lyHNfcrzF3,14,1776704722161739000,1776704722158105000,16,Insert,m,17,"Volam sa filip, m"
8gGAdMn0cGO8J5wVY9lyHNfcrzF3,14,1776704722233892000,1776704722228214000,17,Insert,a,18,"Volam sa filip, ma"
8gGAdMn0cGO8J5wVY9lyHNfcrzF3,14,1776704722384042000,1776704722378728000,18,Insert,m,19,"Volam sa filip, mam"
8gGAdMn0cGO8J5wVY9lyHNfcrzF3,14,1776704722487480000,1776704722483894000,19,Insert, ,20,"Volam sa filip, mam "
8gGAdMn0cGO8J5wVY9lyHNfcrzF3,14,1776704723339809000,1776704723333364000,20,Insert,2,21,"Volam sa filip, mam 2"
8gGAdMn0cGO8J5wVY9lyHNfcrzF3,14,1776704723537363000,1776704723531850000,21,Insert,3,22,"Volam sa filip, mam 23"
8gGAdMn0cGO8J5wVY9lyHNfcrzF3,14,1776704723687637000,1776704723683522000,22,Insert, ,23,"Volam sa filip, mam 23 "
8gGAdMn0cGO8J5wVY9lyHNfcrzF3,14,1776704724157866000,1776704724153905000,23,Insert,r,24,"Volam sa filip, mam 23 r"
8gGAdMn0cGO8J5wVY9lyHNfcrzF3,14,1776704724277935000,1776704724272586000,24,Insert,o,25,"Volam sa filip, mam 23 ro"
8gGAdMn0cGO8J5wVY9lyHNfcrzF3,14,1776704724472459000,1776704724466302000,25,Insert,k,26,"Volam sa filip, mam 23 rok"
8gGAdMn0cGO8J5wVY9lyHNfcrzF3,14,1776704724658196000,1776704724653350000,26,Insert,o,27,"Volam sa filip, mam 23 roko"
8gGAdMn0cGO8J5wVY9lyHNfcrzF3,14,1776704724741758000,1776704724734351000,27,Insert,v,28,"Volam sa filip, mam 23 rokov"
8gGAdMn0cGO8J5wVY9lyHNfcrzF3,14,1776704724924546000,1776704724918263000,28,Insert, ,29,"Volam sa filip, mam 23 rokov "
8gGAdMn0cGO8J5wVY9lyHNfcrzF3,14,1776704725469928000,1776704725466206000,29,Insert,a,30,"Volam sa filip, mam 23 rokov a"
8gGAdMn0cGO8J5wVY9lyHNfcrzF3,14,1776704725605248000,1776704725601349000,30,Insert, ,31,"Volam sa filip, mam 23 rokov a "
8gGAdMn0cGO8J5wVY9lyHNfcrzF3,14,1776704726858294000,1776704726851223000,31,Insert,h,32,"Volam sa filip, mam 23 rokov a h"
8gGAdMn0cGO8J5wVY9lyHNfcrzF3,14,1776704727102918000,1776704727097316000,32,Insert,r,33,"Volam sa filip, mam 23 rokov a hr"
8gGAdMn0cGO8J5wVY9lyHNfcrzF3,14,1776704727303937000,1776704727299969000,33,Insert,a,34,"Volam sa filip, mam 23 rokov a hra"
8gGAdMn0cGO8J5wVY9lyHNfcrzF3,14,1776704727431880000,1776704727427353000,34,Insert,m,35,"Volam sa filip, mam 23 rokov a hram"
8gGAdMn0cGO8J5wVY9lyHNfcrzF3,14,1776704727569820000,1776704727565071000,35,Insert, ,36,"Volam sa filip, mam 23 rokov a hram "
8gGAdMn0cGO8J5wVY9lyHNfcrzF3,14,1776704728262410000,1776704728253691000,36,Insert,f,37,"Volam sa filip, mam 23 rokov a hram f"
8gGAdMn0cGO8J5wVY9lyHNfcrzF3,14,1776704728464503000,1776704728460853000,37,Insert,u,38,"Volam sa filip, mam 23 rokov a hram fu"
8gGAdMn0cGO8J5wVY9lyHNfcrzF3,14,1776704728543815000,1776704728539356000,38,Insert,t,39,"Volam sa filip, mam 23 rokov a hram fut"
8gGAdMn0cGO8J5wVY9lyHNfcrzF3,14,1776704728787590000,1776704728782150000,39,Insert,b,40,"Volam sa filip, mam 23 rokov a hram futb"
8gGAdMn0cGO8J5wVY9lyHNfcrzF3,14,1776704729065546000,1776704729058797000,40,Insert,a,41,"Volam sa filip, mam 23 rokov a hram futba"
8gGAdMn0cGO8J5wVY9lyHNfcrzF3,14,1776704729179812000,1776704729175207000,41,Insert,l,42,"Volam sa filip, mam 23 rokov a hram futbal"
8gGAdMn0cGO8J5wVY9lyHNfcrzF3,14,1776704730841639000,1776704730837544000,42,Insert,",",43,"Volam sa filip, mam 23 rokov a hram futbal,"
8gGAdMn0cGO8J5wVY9lyHNfcrzF3,14,1776704731581943000,1776704731572920000,43,Insert, ,44,"Volam sa filip, mam 23 rokov a hram futbal, "
8gGAdMn0cGO8J5wVY9lyHNfcrzF3,14,1776704732052408000,1776704732046470000,44,Insert,t,45,"Volam sa filip, mam 23 rokov a hram futbal, t"
8gGAdMn0cGO8J5wVY9lyHNfcrzF3,14,1776704732272999000,1776704732265643000,45,Insert,e,46,"Volam sa filip, mam 23 rokov a hram futbal, te"
8gGAdMn0cGO8J5wVY9lyHNfcrzF3,14,1776704732364255000,1776704732357864000,46,Insert,n,47,"Volam sa filip, mam 23 rokov a hram futbal, ten"
8gGAdMn0cGO8J5wVY9lyHNfcrzF3,14,1776704732628334000,1776704732620663000,47,Insert,i,48,"Volam sa filip, mam 23 rokov a hram futbal, teni"
8gGAdMn0cGO8J5wVY9lyHNfcrzF3,14,1776704732738015000,1776704732733820000,48,Insert,s,49,"Volam sa filip, mam 23 rokov a hram futbal, tenis"
8gGAdMn0cGO8J5wVY9lyHNfcrzF3,14,1776704733213078000,1776704733205981000,49,Insert,",",50,"Volam sa filip, mam 23 rokov a hram futbal, tenis,"
8gGAdMn0cGO8J5wVY9lyHNfcrzF3,14,1776704733505494000,1776704733498217000,50,Insert, ,51,"Volam sa filip, mam 23 rokov a hram futbal, tenis, "
8gGAdMn0cGO8J5wVY9lyHNfcrzF3,14,1776704734560521000,1776704734549712000,51,Insert,h,52,"Volam sa filip, mam 23 rokov a hram futbal, tenis, h"
8gGAdMn0cGO8J5wVY9lyHNfcrzF3,14,1776704734775225000,1776704734769665000,52,Insert,o,53,"Volam sa filip, mam 23 rokov a hram futbal, tenis, ho"
8gGAdMn0cGO8J5wVY9lyHNfcrzF3,14,1776704734980215000,1776704734974094000,53,Insert,k,54,"Volam sa filip, mam 23 rokov a hram futbal, tenis, hok"
8gGAdMn0cGO8J5wVY9lyHNfcrzF3,14,1776704735092620000,1776704735086292000,54,Insert,e,55,"Volam sa filip, mam 23 rokov a hram futbal, tenis, hoke"
8gGAdMn0cGO8J5wVY9lyHNfcrzF3,14,1776704735218108000,1776704735214199000,55,Insert,j,56,"Volam sa filip, mam 23 rokov a hram futbal, tenis, hokej"
8gGAdMn0cGO8J5wVY9lyHNfcrzF3,14,1776704735362964000,1776704735355578000,56,Insert, ,57,"Volam sa filip, mam 23 rokov a hram futbal, tenis, hokej "
8gGAdMn0cGO8J5wVY9lyHNfcrzF3,14,1776704735763964000,1776704735758875000,57,Insert,a,58,"Volam sa filip, mam 23 rokov a hram futbal, tenis, hokej a"
8gGAdMn0cGO8J5wVY9lyHNfcrzF3,14,1776704735940530000,1776704735935270000,58,Insert, ,59,"Volam sa filip, mam 23 rokov a hram futbal, tenis, hokej a "
8gGAdMn0cGO8J5wVY9lyHNfcrzF3,14,1776704736208774000,1776704736203068000,59,Insert,b,60,"Volam sa filip, mam 23 rokov a hram futbal, tenis, hokej a b"
8gGAdMn0cGO8J5wVY9lyHNfcrzF3,14,1776704736465312000,1776704736458350000,60,Insert,e,61,"Volam sa filip, mam 23 rokov a hram futbal, tenis, hokej a be"
8gGAdMn0cGO8J5wVY9lyHNfcrzF3,14,1776704736618738000,1776704736610486000,61,Insert,h,62,"Volam sa filip, mam 23 rokov a hram futbal, tenis, hokej a beh"
8gGAdMn0cGO8J5wVY9lyHNfcrzF3,14,1776704736725566000,1776704736720201000,62,Insert,a,63,"Volam sa filip, mam 23 rokov a hram futbal, tenis, hokej a beha"
8gGAdMn0cGO8J5wVY9lyHNfcrzF3,14,1776704736882412000,1776704736878627000,63,Insert,m,64,"Volam sa filip, mam 23 rokov a hram futbal, tenis, hokej a beham"
8gGAdMn0cGO8J5wVY9lyHNfcrzF3,14,1776704737005260000,1776704737000234000,64,Insert, ,65,"Volam sa filip, mam 23 rokov a hram futbal, tenis, hokej a beham "
8gGAdMn0cGO8J5wVY9lyHNfcrzF3,14,1776704737406444000,1776704737399877000,65,Insert,a,66,"Volam sa filip, mam 23 rokov a hram futbal, tenis, hokej a beham a"
8gGAdMn0cGO8J5wVY9lyHNfcrzF3,14,1776704737652199000,1776704737646024000,66,Insert, ,67,"Volam sa filip, mam 23 rokov a hram futbal, tenis, hokej a beham a "
8gGAdMn0cGO8J5wVY9lyHNfcrzF3,14,1776704737791117000,1776704737785131000,67,Insert,m,68,"Volam sa filip, mam 23 rokov a hram futbal, tenis, hokej a beham a m"
8gGAdMn0cGO8J5wVY9lyHNfcrzF3,14,1776704738497454000,1776704738490644000,68,Insert,a,69,"Volam sa filip, mam 23 rokov a hram futbal, tenis, hokej a beham a ma"
8gGAdMn0cGO8J5wVY9lyHNfcrzF3,14,1776704738627211000,1776704738619305000,69,Insert,m,70,"Volam sa filip, mam 23 rokov a hram futbal, tenis, hokej a beham a mam"
8gGAdMn0cGO8J5wVY9lyHNfcrzF3,14,1776704739052709000,1776704739046585000,70,Insert, ,71,"Volam sa filip, mam 23 rokov a hram futbal, tenis, hokej a beham a mam "
8gGAdMn0cGO8J5wVY9lyHNfcrzF3,14,1776704739200902000,1776704739195033000,71,Insert,m,72,"Volam sa filip, mam 23 rokov a hram futbal, tenis, hokej a beham a mam m"
8gGAdMn0cGO8J5wVY9lyHNfcrzF3,14,1776704739596299000,1776704739589433000,72,Insert,o,73,"Volam sa filip, mam 23 rokov a hram futbal, tenis, hokej a beham a mam mo"
8gGAdMn0cGO8J5wVY9lyHNfcrzF3,14,1776704739820642000,1776704739813749000,73,Insert,d,74,"Volam sa filip, mam 23 rokov a hram futbal, tenis, hokej a beham a mam mod"
8gGAdMn0cGO8J5wVY9lyHNfcrzF3,14,1776704740064976000,1776704740059200000,74,Insert,r,75,"Volam sa filip, mam 23 rokov a hram futbal, tenis, hokej a beham a mam modr"
8gGAdMn0cGO8J5wVY9lyHNfcrzF3,14,1776704740297909000,1776704740292053000,75,Insert,e,76,"Volam sa filip, mam 23 rokov a hram futbal, tenis, hokej a beham a mam modre"
8gGAdMn0cGO8J5wVY9lyHNfcrzF3,14,1776704740407051000,1776704740402340000,76,Insert, ,77,"Volam sa filip, mam 23 rokov a hram futbal, tenis, hokej a beham a mam modre "
8gGAdMn0cGO8J5wVY9lyHNfcrzF3,14,1776704740910515000,1776704740900853000,77,Insert,o,78,"Volam sa filip, mam 23 rokov a hram futbal, tenis, hokej a beham a mam modre o"
8gGAdMn0cGO8J5wVY9lyHNfcrzF3,14,1776704741000608000,1776704740991405000,78,Insert,c,79,"Volam sa filip, mam 23 rokov a hram futbal, tenis, hokej a beham a mam modre oc"
8gGAdMn0cGO8J5wVY9lyHNfcrzF3,14,1776704741118395000,1776704741114015000,79,Insert,i,80,"Volam sa filip, mam 23 rokov a hram futbal, tenis, hokej a beham a mam modre oci"
8gGAdMn0cGO8J5wVY9lyHNfcrzF3,14,1776704742304047000,1776704742290833000,80,Insert,.,81,"Volam sa filip, mam 23 rokov a hram futbal, tenis, hokej a beham a mam modre oci."
8gGAdMn0cGO8J5wVY9lyHNfcrzF3,15,1776704743854323000,1776704743848234000,0,Insert,V,1,V
8gGAdMn0cGO8J5wVY9lyHNfcrzF3,15,1776704743976935000,1776704743972534000,1,Insert,o,2,Vo
8gGAdMn0cGO8J5wVY9lyHNfcrzF3,15,1776704744207512000,1776704744202009000,2,Insert,l,3,Vol
8gGAdMn0cGO8J5wVY9lyHNfcrzF3,15,1776704744333002000,1776704744329576000,3,Insert,a,4,Vola
8gGAdMn0cGO8J5wVY9lyHNfcrzF3,15,1776704744742414000,1776704744736787000,4,Insert,m,5,Volam
8gGAdMn0cGO8J5wVY9lyHNfcrzF3,15,1776704744876440000,1776704744869436000,5,Insert, ,6,Volam 
8gGAdMn0cGO8J5wVY9lyHNfcrzF3,15,1776704745145107000,1776704745139606000,6,Insert,s,7,Volam s
8gGAdMn0cGO8J5wVY9lyHNfcrzF3,15,1776704745307362000,1776704745304087000,7,Insert,a,8,Volam sa
8gGAdMn0cGO8J5wVY9lyHNfcrzF3,15,1776704745414696000,1776704745411089000,8,Insert, ,9,Volam sa 
8gGAdMn0cGO8J5wVY9lyHNfcrzF3,15,1776704745661792000,1776704745655701000,9,Insert,f,10,Volam sa f
8gGAdMn0cGO8J5wVY9lyHNfcrzF3,15,1776704745793482000,1776704745790170000,10,Insert,i,11,Volam sa fi
8gGAdMn0cGO8J5wVY9lyHNfcrzF3,15,1776704746014400000,1776704746008736000,11,Insert,k,12,Volam sa fik
8gGAdMn0cGO8J5wVY9lyHNfcrzF3,15,1776704746221315000,1776704746215958000,12,Insert,i,13,Volam sa fiki
8gGAdMn0cGO8J5wVY9lyHNfcrzF3,15,1776704746466774000,1776704746461479000,13,Insert,p,14,Volam sa fikip
8gGAdMn0cGO8J5wVY9lyHNfcrzF3,15,1776704746746768000,1776704746743160000,14,Delete,p,13,Volam sa fiki
8gGAdMn0cGO8J5wVY9lyHNfcrzF3,15,1776704746950548000,1776704746946860000,13,Delete,i,12,Volam sa fik
8gGAdMn0cGO8J5wVY9lyHNfcrzF3,15,1776704747146493000,1776704747143666000,12,Delete,k,11,Volam sa fi
8gGAdMn0cGO8J5wVY9lyHNfcrzF3,15,1776704748022856000,1776704748014022000,11,Insert,l,12,Volam sa fil
8gGAdMn0cGO8J5wVY9lyHNfcrzF3,15,1776704748242330000,1776704748236900000,12,Insert,i,13,Volam sa fili
8gGAdMn0cGO8J5wVY9lyHNfcrzF3,15,1776704748505039000,1776704748495865000,13,Insert,p,14,Volam sa filip
8gGAdMn0cGO8J5wVY9lyHNfcrzF3,15,1776704749126915000,1776704749119661000,14,Insert,",",15,"Volam sa filip,"
8gGAdMn0cGO8J5wVY9lyHNfcrzF3,15,1776704749407262000,1776704749403447000,15,Insert, ,16,"Volam sa filip, "
8gGAdMn0cGO8J5wVY9lyHNfcrzF3,15,1776704750024995000,1776704750018098000,16,Insert,m,17,"Volam sa filip, m"
8gGAdMn0cGO8J5wVY9lyHNfcrzF3,15,1776704750133844000,1776704750128603000,17,Insert,a,18,"Volam sa filip, ma"
8gGAdMn0cGO8J5wVY9lyHNfcrzF3,15,1776704750269161000,1776704750263321000,18,Insert,m,19,"Volam sa filip, mam"
8gGAdMn0cGO8J5wVY9lyHNfcrzF3,15,1776704750429068000,1776704750425078000,19,Insert, ,20,"Volam sa filip, mam "
8gGAdMn0cGO8J5wVY9lyHNfcrzF3,15,1776704751234565000,1776704751230402000,20,Insert,2,21,"Volam sa filip, mam 2"
8gGAdMn0cGO8J5wVY9lyHNfcrzF3,15,1776704751468168000,1776704751462233000,21,Insert,3,22,"Volam sa filip, mam 23"
8gGAdMn0cGO8J5wVY9lyHNfcrzF3,15,1776704751583680000,1776704751579384000,22,Insert, ,23,"Volam sa filip, mam 23 "
8gGAdMn0cGO8J5wVY9lyHNfcrzF3,15,1776704751961693000,1776704751958254000,23,Insert,r,24,"Volam sa filip, mam 23 r"
8gGAdMn0cGO8J5wVY9lyHNfcrzF3,15,1776704752040985000,1776704752037446000,24,Insert,o,25,"Volam sa filip, mam 23 ro"
8gGAdMn0cGO8J5wVY9lyHNfcrzF3,15,1776704752235607000,1776704752232130000,25,Insert,k,26,"Volam sa filip, mam 23 rok"
8gGAdMn0cGO8J5wVY9lyHNfcrzF3,15,1776704752465347000,1776704752459599000,26,Insert,o,27,"Volam sa filip, mam 23 roko"
8gGAdMn0cGO8J5wVY9lyHNfcrzF3,15,1776704752642275000,1776704752637904000,27,Insert,v,28,"Volam sa filip, mam 23 rokov"
8gGAdMn0cGO8J5wVY9lyHNfcrzF3,15,1776704752986846000,1776704752981105000,28,Insert, ,29,"Volam sa filip, mam 23 rokov "
8gGAdMn0cGO8J5wVY9lyHNfcrzF3,15,1776704753416225000,1776704753409394000,29,Insert,a,30,"Volam sa filip, mam 23 rokov a"
8gGAdMn0cGO8J5wVY9lyHNfcrzF3,15,1776704753673056000,1776704753667903000,30,Insert, ,31,"Volam sa filip, mam 23 rokov a "
8gGAdMn0cGO8J5wVY9lyHNfcrzF3,15,1776704755114457000,1776704755106438000,31,Insert,h,32,"Volam sa filip, mam 23 rokov a h"
8gGAdMn0cGO8J5wVY9lyHNfcrzF3,15,1776704755364831000,1776704755357767000,32,Insert,r,33,"Volam sa filip, mam 23 rokov a hr"
8gGAdMn0cGO8J5wVY9lyHNfcrzF3,15,1776704755573481000,1776704755568026000,33,Insert,a,34,"Volam sa filip, mam 23 rokov a hra"
8gGAdMn0cGO8J5wVY9lyHNfcrzF3,15,1776704755707588000,1776704755702496000,34,Insert,m,35,"Volam sa filip, mam 23 rokov a hram"
8gGAdMn0cGO8J5wVY9lyHNfcrzF3,15,1776704755864224000,1776704755857266000,35,Insert, ,36,"Volam sa filip, mam 23 rokov a hram "
8gGAdMn0cGO8J5wVY9lyHNfcrzF3,15,1776704756389736000,1776704756383523000,36,Insert,f,37,"Volam sa filip, mam 23 rokov a hram f"
8gGAdMn0cGO8J5wVY9lyHNfcrzF3,15,1776704756569893000,1776704756566060000,37,Insert,u,38,"Volam sa filip, mam 23 rokov a hram fu"
8gGAdMn0cGO8J5wVY9lyHNfcrzF3,15,1776704756761100000,1776704756757420000,38,Insert,t,39,"Volam sa filip, mam 23 rokov a hram fut"
8gGAdMn0cGO8J5wVY9lyHNfcrzF3,15,1776704756988681000,1776704756983402000,39,Insert,b,40,"Volam sa filip, mam 23 rokov a hram futb"
8gGAdMn0cGO8J5wVY9lyHNfcrzF3,15,1776704757224378000,1776704757218208000,40,Insert,a,41,"Volam sa filip, mam 23 rokov a hram futba"
8gGAdMn0cGO8J5wVY9lyHNfcrzF3,15,1776704757342079000,1776704757337125000,41,Insert,l,42,"Volam sa filip, mam 23 rokov a hram futbal"
8gGAdMn0cGO8J5wVY9lyHNfcrzF3,15,1776704757763472000,1776704757759563000,42,Insert,",",43,"Volam sa filip, mam 23 rokov a hram futbal,"
8gGAdMn0cGO8J5wVY9lyHNfcrzF3,15,1776704758042715000,1776704758038519000,43,Insert, ,44,"Volam sa filip, mam 23 rokov a hram futbal, "
8gGAdMn0cGO8J5wVY9lyHNfcrzF3,15,1776704758885500000,1776704758877920000,44,Insert,t,45,"Volam sa filip, mam 23 rokov a hram futbal, t"
8gGAdMn0cGO8J5wVY9lyHNfcrzF3,15,1776704759143550000,1776704759136008000,45,Insert,e,46,"Volam sa filip, mam 23 rokov a hram futbal, te"
8gGAdMn0cGO8J5wVY9lyHNfcrzF3,15,1776704759212916000,1776704759208924000,46,Insert,n,47,"Volam sa filip, mam 23 rokov a hram futbal, ten"
8gGAdMn0cGO8J5wVY9lyHNfcrzF3,15,1776704759465351000,1776704759459317000,47,Insert,i,48,"Volam sa filip, mam 23 rokov a hram futbal, teni"
8gGAdMn0cGO8J5wVY9lyHNfcrzF3,15,1776704759586844000,1776704759582897000,48,Insert,s,49,"Volam sa filip, mam 23 rokov a hram futbal, tenis"
8gGAdMn0cGO8J5wVY9lyHNfcrzF3,15,1776704759824163000,1776704759817976000,49,Insert, ,50,"Volam sa filip, mam 23 rokov a hram futbal, tenis "
8gGAdMn0cGO8J5wVY9lyHNfcrzF3,15,1776704760389140000,1776704760383079000,50,Delete, ,49,"Volam sa filip, mam 23 rokov a hram futbal, tenis"
8gGAdMn0cGO8J5wVY9lyHNfcrzF3,15,1776704760918961000,1776704760914043000,49,Insert,",",50,"Volam sa filip, mam 23 rokov a hram futbal, tenis,"
8gGAdMn0cGO8J5wVY9lyHNfcrzF3,15,1776704761195138000,1776704761188644000,50,Insert, ,51,"Volam sa filip, mam 23 rokov a hram futbal, tenis, "
8gGAdMn0cGO8J5wVY9lyHNfcrzF3,15,1776704762050226000,1776704762040095000,51,Insert,h,52,"Volam sa filip, mam 23 rokov a hram futbal, tenis, h"
8gGAdMn0cGO8J5wVY9lyHNfcrzF3,15,1776704762176016000,1776704762170359000,52,Insert,o,53,"Volam sa filip, mam 23 rokov a hram futbal, tenis, ho"
8gGAdMn0cGO8J5wVY9lyHNfcrzF3,15,1776704762373611000,1776704762369726000,53,Insert,k,54,"Volam sa filip, mam 23 rokov a hram futbal, tenis, hok"
8gGAdMn0cGO8J5wVY9lyHNfcrzF3,15,1776704762455088000,1776704762448041000,54,Insert,e,55,"Volam sa filip, mam 23 rokov a hram futbal, tenis, hoke"
8gGAdMn0cGO8J5wVY9lyHNfcrzF3,15,1776704762603137000,1776704762598156000,55,Insert,j,56,"Volam sa filip, mam 23 rokov a hram futbal, tenis, hokej"
8gGAdMn0cGO8J5wVY9lyHNfcrzF3,15,1776704762741083000,1776704762737196000,56,Insert, ,57,"Volam sa filip, mam 23 rokov a hram futbal, tenis, hokej "
8gGAdMn0cGO8J5wVY9lyHNfcrzF3,15,1776704763219952000,1776704763213308000,57,Insert,a,58,"Volam sa filip, mam 23 rokov a hram futbal, tenis, hokej a"
8gGAdMn0cGO8J5wVY9lyHNfcrzF3,15,1776704763477256000,1776704763469835000,58,Insert, ,59,"Volam sa filip, mam 23 rokov a hram futbal, tenis, hokej a "
8gGAdMn0cGO8J5wVY9lyHNfcrzF3,15,1776704763720775000,1776704763712205000,59,Insert,b,60,"Volam sa filip, mam 23 rokov a hram futbal, tenis, hokej a b"
8gGAdMn0cGO8J5wVY9lyHNfcrzF3,15,1776704763974428000,1776704763967949000,60,Insert,e,61,"Volam sa filip, mam 23 rokov a hram futbal, tenis, hokej a be"
8gGAdMn0cGO8J5wVY9lyHNfcrzF3,15,1776704764101210000,1776704764094066000,61,Insert,h,62,"Volam sa filip, mam 23 rokov a hram futbal, tenis, hokej a beh"
8gGAdMn0cGO8J5wVY9lyHNfcrzF3,15,1776704764263449000,1776704764259754000,62,Insert,a,63,"Volam sa filip, mam 23 rokov a hram futbal, tenis, hokej a beha"
8gGAdMn0cGO8J5wVY9lyHNfcrzF3,15,1776704764398011000,1776704764393949000,63,Insert,m,64,"Volam sa filip, mam 23 rokov a hram futbal, tenis, hokej a beham"
8gGAdMn0cGO8J5wVY9lyHNfcrzF3,15,1776704764557698000,1776704764553611000,64,Insert, ,65,"Volam sa filip, mam 23 rokov a hram futbal, tenis, hokej a beham "
8gGAdMn0cGO8J5wVY9lyHNfcrzF3,15,1776704765263666000,1776704765255173000,65,Insert,a,66,"Volam sa filip, mam 23 rokov a hram futbal, tenis, hokej a beham a"
8gGAdMn0cGO8J5wVY9lyHNfcrzF3,15,1776704765547335000,1776704765541445000,66,Insert, ,67,"Volam sa filip, mam 23 rokov a hram futbal, tenis, hokej a beham a "
8gGAdMn0cGO8J5wVY9lyHNfcrzF3,15,1776704766340300000,1776704766328783000,67,Insert,m,68,"Volam sa filip, mam 23 rokov a hram futbal, tenis, hokej a beham a m"
8gGAdMn0cGO8J5wVY9lyHNfcrzF3,15,1776704766472156000,1776704766466961000,68,Insert,a,69,"Volam sa filip, mam 23 rokov a hram futbal, tenis, hokej a beham a ma"
8gGAdMn0cGO8J5wVY9lyHNfcrzF3,15,1776704766582272000,1776704766578260000,69,Insert,m,70,"Volam sa filip, mam 23 rokov a hram futbal, tenis, hokej a beham a mam"
8gGAdMn0cGO8J5wVY9lyHNfcrzF3,15,1776704766797071000,1776704766787982000,70,Insert, ,71,"Volam sa filip, mam 23 rokov a hram futbal, tenis, hokej a beham a mam "
8gGAdMn0cGO8J5wVY9lyHNfcrzF3,15,1776704767698215000,1776704767692418000,71,Insert,m,72,"Volam sa filip, mam 23 rokov a hram futbal, tenis, hokej a beham a mam m"
8gGAdMn0cGO8J5wVY9lyHNfcrzF3,15,1776704767949318000,1776704767942791000,72,Insert,o,73,"Volam sa filip, mam 23 rokov a hram futbal, tenis, hokej a beham a mam mo"
8gGAdMn0cGO8J5wVY9lyHNfcrzF3,15,1776704768007467000,1776704768003441000,73,Insert,d,74,"Volam sa filip, mam 23 rokov a hram futbal, tenis, hokej a beham a mam mod"
8gGAdMn0cGO8J5wVY9lyHNfcrzF3,15,1776704768220912000,1776704768214380000,74,Insert,r,75,"Volam sa filip, mam 23 rokov a hram futbal, tenis, hokej a beham a mam modr"
8gGAdMn0cGO8J5wVY9lyHNfcrzF3,15,1776704768434963000,1776704768429158000,75,Insert,e,76,"Volam sa filip, mam 23 rokov a hram futbal, tenis, hokej a beham a mam modre"
8gGAdMn0cGO8J5wVY9lyHNfcrzF3,15,1776704768967425000,1776704768959078000,76,Insert, ,77,"Volam sa filip, mam 23 rokov a hram futbal, tenis, hokej a beham a mam modre "
8gGAdMn0cGO8J5wVY9lyHNfcrzF3,15,1776704769363543000,1776704769357847000,77,Insert,o,78,"Volam sa filip, mam 23 rokov a hram futbal, tenis, hokej a beham a mam modre o"
8gGAdMn0cGO8J5wVY9lyHNfcrzF3,15,1776704769579165000,1776704769572188000,78,Insert,c,79,"Volam sa filip, mam 23 rokov a hram futbal, tenis, hokej a beham a mam modre oc"
8gGAdMn0cGO8J5wVY9lyHNfcrzF3,15,1776704769682971000,1776704769678814000,79,Insert,i,80,"Volam sa filip, mam 23 rokov a hram futbal, tenis, hokej a beham a mam modre oci"
8gGAdMn0cGO8J5wVY9lyHNfcrzF3,15,1776704770854957000,1776704770844924000,80,Insert,.,81,"Volam sa filip, mam 23 rokov a hram futbal, tenis, hokej a beham a mam modre oci."
