UserId,RoundId,TimestampAfterNs,TimestampBeforeNs,ContentLengthBefore,ActionType,KeyChar,CursorPosition,InputContent
BnAXORhlmEgFSnmr5BPzEaj813f2,1,1772556085442107000,1772556085421749000,0,Insert,D,1,D
BnAXORhlmEgFSnmr5BPzEaj813f2,1,1772556085562871000,1772556085553115000,1,Insert,n,2,Dn
BnAXORhlmEgFSnmr5BPzEaj813f2,1,1772556085672349000,1772556085664867000,2,Insert,e,3,Dne
BnAXORhlmEgFSnmr5BPzEaj813f2,1,1772556085815799000,1772556085809935000,3,Insert,s,4,Dnes
BnAXORhlmEgFSnmr5BPzEaj813f2,1,1772556085998344000,1772556085991953000,4,Insert, ,5,Dnes 
BnAXORhlmEgFSnmr5BPzEaj813f2,1,1772556086171295000,1772556086167532000,5,Insert,j,6,Dnes j
BnAXORhlmEgFSnmr5BPzEaj813f2,1,1772556086301732000,1772556086296871000,6,Insert,e,7,Dnes je
BnAXORhlmEgFSnmr5BPzEaj813f2,1,1772556086480011000,1772556086475388000,7,Insert, ,8,Dnes je 
BnAXORhlmEgFSnmr5BPzEaj813f2,1,1772556086645208000,1772556086632349000,8,Insert,g,9,Dnes je g
BnAXORhlmEgFSnmr5BPzEaj813f2,1,1772556086772789000,1772556086740339000,9,Insert,o,10,Dnes je go
BnAXORhlmEgFSnmr5BPzEaj813f2,1,1772556086936949000,1772556086930639000,10,Insert,n,11,Dnes je gon
BnAXORhlmEgFSnmr5BPzEaj813f2,1,1772556087185372000,1772556087181545000,11,Delete,n,10,Dnes je go
BnAXORhlmEgFSnmr5BPzEaj813f2,1,1772556087316014000,1772556087313584000,10,Delete,o,9,Dnes je g
BnAXORhlmEgFSnmr5BPzEaj813f2,1,1772556087410867000,1772556087405948000,9,Delete,g,8,Dnes je 
BnAXORhlmEgFSnmr5BPzEaj813f2,1,1772556087887528000,1772556087883492000,8,Insert,v,9,Dnes je v
BnAXORhlmEgFSnmr5BPzEaj813f2,1,1772556088023085000,1772556088018426000,9,Insert,o,10,Dnes je vo
BnAXORhlmEgFSnmr5BPzEaj813f2,1,1772556088179156000,1772556088174643000,10,Insert,n,11,Dnes je von
BnAXORhlmEgFSnmr5BPzEaj813f2,1,1772556088335207000,1772556088326335000,11,Insert,k,12,Dnes je vonk
BnAXORhlmEgFSnmr5BPzEaj813f2,1,1772556088478241000,1772556088475377000,12,Insert,u,13,Dnes je vonku
BnAXORhlmEgFSnmr5BPzEaj813f2,1,1772556089188332000,1772556089182156000,13,Insert, ,14,Dnes je vonku 
BnAXORhlmEgFSnmr5BPzEaj813f2,1,1772556089322549000,1772556089319163000,14,Insert,p,15,Dnes je vonku p
BnAXORhlmEgFSnmr5BPzEaj813f2,1,1772556089448368000,1772556089443869000,15,Insert,e,16,Dnes je vonku pe
BnAXORhlmEgFSnmr5BPzEaj813f2,1,1772556089595726000,1772556089575987000,16,Insert,k,17,Dnes je vonku pek
BnAXORhlmEgFSnmr5BPzEaj813f2,1,1772556089723931000,1772556089719412000,17,Insert,n,18,Dnes je vonku pekn
BnAXORhlmEgFSnmr5BPzEaj813f2,1,1772556089806721000,1772556089797249000,18,Insert,e,19,Dnes je vonku pekne
BnAXORhlmEgFSnmr5BPzEaj813f2,1,1772556094730680000,1772556094723961000,19,Insert,",",20,"Dnes je vonku pekne,"
BnAXORhlmEgFSnmr5BPzEaj813f2,1,1772556095538974000,1772556095531988000,20,Insert, ,21,"Dnes je vonku pekne, "
BnAXORhlmEgFSnmr5BPzEaj813f2,1,1772556096163282000,1772556096150648000,21,Insert,i,22,"Dnes je vonku pekne, i"
BnAXORhlmEgFSnmr5BPzEaj813f2,1,1772556096312769000,1772556096308696000,22,Insert,d,23,"Dnes je vonku pekne, id"
BnAXORhlmEgFSnmr5BPzEaj813f2,1,1772556096470322000,1772556096465152000,23,Insert,e,24,"Dnes je vonku pekne, ide"
BnAXORhlmEgFSnmr5BPzEaj813f2,1,1772556096572505000,1772556096567098000,24,Insert,m,25,"Dnes je vonku pekne, idem"
BnAXORhlmEgFSnmr5BPzEaj813f2,1,1772556096704758000,1772556096701543000,25,Insert, ,26,"Dnes je vonku pekne, idem "
BnAXORhlmEgFSnmr5BPzEaj813f2,1,1772556096867463000,1772556096859665000,26,Insert,c,27,"Dnes je vonku pekne, idem c"
BnAXORhlmEgFSnmr5BPzEaj813f2,1,1772556096973909000,1772556096968855000,27,Insert,o,28,"Dnes je vonku pekne, idem co"
BnAXORhlmEgFSnmr5BPzEaj813f2,1,1772556097151464000,1772556097146614000,28,Insert,n,29,"Dnes je vonku pekne, idem con"
BnAXORhlmEgFSnmr5BPzEaj813f2,1,1772556097381296000,1772556097374710000,29,Insert, ,30,"Dnes je vonku pekne, idem con "
BnAXORhlmEgFSnmr5BPzEaj813f2,1,1772556097711881000,1772556097708731000,30,Delete, ,29,"Dnes je vonku pekne, idem con"
BnAXORhlmEgFSnmr5BPzEaj813f2,1,1772556097843496000,1772556097840161000,29,Delete,n,28,"Dnes je vonku pekne, idem co"
BnAXORhlmEgFSnmr5BPzEaj813f2,1,1772556098076596000,1772556098074509000,28,Delete,o,27,"Dnes je vonku pekne, idem c"
BnAXORhlmEgFSnmr5BPzEaj813f2,1,1772556098359001000,1772556098355222000,27,Delete,c,26,"Dnes je vonku pekne, idem "
BnAXORhlmEgFSnmr5BPzEaj813f2,1,1772556098664905000,1772556098653505000,26,Insert,v,27,"Dnes je vonku pekne, idem v"
BnAXORhlmEgFSnmr5BPzEaj813f2,1,1772556098847063000,1772556098841730000,27,Insert,o,28,"Dnes je vonku pekne, idem vo"
BnAXORhlmEgFSnmr5BPzEaj813f2,1,1772556099000569000,1772556098995833000,28,Insert,n,29,"Dnes je vonku pekne, idem von"
BnAXORhlmEgFSnmr5BPzEaj813f2,1,1772556099107642000,1772556099102504000,29,Insert, ,30,"Dnes je vonku pekne, idem von "
BnAXORhlmEgFSnmr5BPzEaj813f2,1,1772556099363381000,1772556099358203000,30,Insert,s,31,"Dnes je vonku pekne, idem von s"
BnAXORhlmEgFSnmr5BPzEaj813f2,1,1772556099501621000,1772556099496809000,31,Insert,o,32,"Dnes je vonku pekne, idem von so"
BnAXORhlmEgFSnmr5BPzEaj813f2,1,1772556099641569000,1772556099635773000,32,Insert, ,33,"Dnes je vonku pekne, idem von so "
BnAXORhlmEgFSnmr5BPzEaj813f2,1,1772556100037840000,1772556100028991000,33,Insert,p,34,"Dnes je vonku pekne, idem von so p"
BnAXORhlmEgFSnmr5BPzEaj813f2,1,1772556100115656000,1772556100110489000,34,Insert,s,35,"Dnes je vonku pekne, idem von so ps"
BnAXORhlmEgFSnmr5BPzEaj813f2,1,1772556100264168000,1772556100259623000,35,Insert,o,36,"Dnes je vonku pekne, idem von so pso"
BnAXORhlmEgFSnmr5BPzEaj813f2,1,1772556100426691000,1772556100418216000,36,Insert,m,37,"Dnes je vonku pekne, idem von so psom"
BnAXORhlmEgFSnmr5BPzEaj813f2,1,1772556100620057000,1772556100614237000,37,Insert, ,38,"Dnes je vonku pekne, idem von so psom "
BnAXORhlmEgFSnmr5BPzEaj813f2,1,1772556100800407000,1772556100794315000,38,Insert,b,39,"Dnes je vonku pekne, idem von so psom b"
BnAXORhlmEgFSnmr5BPzEaj813f2,1,1772556100935275000,1772556100930173000,39,Insert,a,40,"Dnes je vonku pekne, idem von so psom ba"
BnAXORhlmEgFSnmr5BPzEaj813f2,1,1772556101171584000,1772556101165636000,40,Insert, ,41,"Dnes je vonku pekne, idem von so psom ba "
BnAXORhlmEgFSnmr5BPzEaj813f2,1,1772556101695645000,1772556101693425000,41,Delete, ,40,"Dnes je vonku pekne, idem von so psom ba"
BnAXORhlmEgFSnmr5BPzEaj813f2,1,1772556101861812000,1772556101859903000,40,Delete,a,39,"Dnes je vonku pekne, idem von so psom b"
BnAXORhlmEgFSnmr5BPzEaj813f2,1,1772556102064810000,1772556102059258000,39,Delete,b,38,"Dnes je vonku pekne, idem von so psom "
BnAXORhlmEgFSnmr5BPzEaj813f2,1,1772556102563003000,1772556102556168000,38,Insert,n,39,"Dnes je vonku pekne, idem von so psom n"
BnAXORhlmEgFSnmr5BPzEaj813f2,1,1772556102733504000,1772556102722119000,39,Insert,a,40,"Dnes je vonku pekne, idem von so psom na"
BnAXORhlmEgFSnmr5BPzEaj813f2,1,1772556102818209000,1772556102814412000,40,Insert, ,41,"Dnes je vonku pekne, idem von so psom na "
BnAXORhlmEgFSnmr5BPzEaj813f2,1,1772556103001674000,1772556102996551000,41,Insert,d,42,"Dnes je vonku pekne, idem von so psom na d"
BnAXORhlmEgFSnmr5BPzEaj813f2,1,1772556103175797000,1772556103170980000,42,Insert,v,43,"Dnes je vonku pekne, idem von so psom na dv"
BnAXORhlmEgFSnmr5BPzEaj813f2,1,1772556103316641000,1772556103312694000,43,Insert,o,44,"Dnes je vonku pekne, idem von so psom na dvo"
BnAXORhlmEgFSnmr5BPzEaj813f2,1,1772556103495739000,1772556103489905000,44,Insert,r,45,"Dnes je vonku pekne, idem von so psom na dvor"
BnAXORhlmEgFSnmr5BPzEaj813f2,1,1772556104974099000,1772556104964051000,45,Insert, ,46,"Dnes je vonku pekne, idem von so psom na dvor "
BnAXORhlmEgFSnmr5BPzEaj813f2,1,1772556105098381000,1772556105091518000,46,Insert,a,47,"Dnes je vonku pekne, idem von so psom na dvor a"
BnAXORhlmEgFSnmr5BPzEaj813f2,1,1772556105385255000,1772556105377341000,47,Insert, ,48,"Dnes je vonku pekne, idem von so psom na dvor a "
BnAXORhlmEgFSnmr5BPzEaj813f2,1,1772556105914075000,1772556105906433000,48,Insert,v,49,"Dnes je vonku pekne, idem von so psom na dvor a v"
BnAXORhlmEgFSnmr5BPzEaj813f2,1,1772556106116257000,1772556106112145000,49,Insert,u,50,"Dnes je vonku pekne, idem von so psom na dvor a vu"
BnAXORhlmEgFSnmr5BPzEaj813f2,2,1772556122903100000,1772556122873746000,0,Insert,D,1,D
BnAXORhlmEgFSnmr5BPzEaj813f2,2,1772556123014009000,1772556123009571000,1,Insert,n,2,Dn
BnAXORhlmEgFSnmr5BPzEaj813f2,2,1772556123124804000,1772556123115367000,2,Insert,e,3,Dne
BnAXORhlmEgFSnmr5BPzEaj813f2,2,1772556123256264000,1772556123252097000,3,Insert,s,4,Dnes
BnAXORhlmEgFSnmr5BPzEaj813f2,2,1772556123451084000,1772556123446388000,4,Insert, ,5,Dnes 
BnAXORhlmEgFSnmr5BPzEaj813f2,2,1772556123696252000,1772556123685456000,5,Insert,j,6,Dnes j
BnAXORhlmEgFSnmr5BPzEaj813f2,2,1772556123767362000,1772556123764574000,6,Insert,e,7,Dnes je
BnAXORhlmEgFSnmr5BPzEaj813f2,2,1772556124020496000,1772556124016991000,7,Insert, ,8,Dnes je 
BnAXORhlmEgFSnmr5BPzEaj813f2,2,1772556124252582000,1772556124246632000,8,Insert,v,9,Dnes je v
BnAXORhlmEgFSnmr5BPzEaj813f2,2,1772556124390285000,1772556124381723000,9,Insert,o,10,Dnes je vo
BnAXORhlmEgFSnmr5BPzEaj813f2,2,1772556124585206000,1772556124579527000,10,Insert,n,11,Dnes je von
BnAXORhlmEgFSnmr5BPzEaj813f2,2,1772556124757005000,1772556124753338000,11,Insert,k,12,Dnes je vonk
BnAXORhlmEgFSnmr5BPzEaj813f2,2,1772556124938829000,1772556124934504000,12,Insert,u,13,Dnes je vonku
BnAXORhlmEgFSnmr5BPzEaj813f2,2,1772556127817209000,1772556127806453000,13,Insert,",",14,"Dnes je vonku,"
BnAXORhlmEgFSnmr5BPzEaj813f2,2,1772556128631834000,1772556128627015000,14,Insert, ,15,"Dnes je vonku, "
BnAXORhlmEgFSnmr5BPzEaj813f2,2,1772556129064941000,1772556129060726000,15,Delete, ,14,"Dnes je vonku,"
BnAXORhlmEgFSnmr5BPzEaj813f2,2,1772556129193888000,1772556129190924000,14,Delete,",",13,Dnes je vonku
BnAXORhlmEgFSnmr5BPzEaj813f2,2,1772556129287336000,1772556129284382000,13,Delete,u,12,Dnes je vonk
BnAXORhlmEgFSnmr5BPzEaj813f2,2,1772556130053270000,1772556130049023000,12,Insert,u,13,Dnes je vonku
BnAXORhlmEgFSnmr5BPzEaj813f2,2,1772556130194768000,1772556130191078000,13,Insert, ,14,Dnes je vonku 
BnAXORhlmEgFSnmr5BPzEaj813f2,2,1772556130367737000,1772556130363312000,14,Insert,p,15,Dnes je vonku p
BnAXORhlmEgFSnmr5BPzEaj813f2,2,1772556130468326000,1772556130463149000,15,Insert,e,16,Dnes je vonku pe
BnAXORhlmEgFSnmr5BPzEaj813f2,2,1772556130638790000,1772556130633962000,16,Insert,k,17,Dnes je vonku pek
BnAXORhlmEgFSnmr5BPzEaj813f2,2,1772556130816182000,1772556130812558000,17,Insert,n,18,Dnes je vonku pekn
BnAXORhlmEgFSnmr5BPzEaj813f2,2,1772556130934913000,1772556130929915000,18,Insert,e,19,Dnes je vonku pekne
BnAXORhlmEgFSnmr5BPzEaj813f2,2,1772556132069950000,1772556132066418000,19,Insert,",",20,"Dnes je vonku pekne,"
BnAXORhlmEgFSnmr5BPzEaj813f2,2,1772556132559459000,1772556132554647000,20,Insert, ,21,"Dnes je vonku pekne, "
BnAXORhlmEgFSnmr5BPzEaj813f2,2,1772556132925523000,1772556132920918000,21,Insert,i,22,"Dnes je vonku pekne, i"
BnAXORhlmEgFSnmr5BPzEaj813f2,2,1772556133018274000,1772556133013592000,22,Insert,d,23,"Dnes je vonku pekne, id"
BnAXORhlmEgFSnmr5BPzEaj813f2,2,1772556133172534000,1772556133167831000,23,Insert,e,24,"Dnes je vonku pekne, ide"
BnAXORhlmEgFSnmr5BPzEaj813f2,2,1772556133244915000,1772556133240544000,24,Insert,m,25,"Dnes je vonku pekne, idem"
BnAXORhlmEgFSnmr5BPzEaj813f2,2,1772556133391775000,1772556133383081000,25,Insert, ,26,"Dnes je vonku pekne, idem "
BnAXORhlmEgFSnmr5BPzEaj813f2,2,1772556133547650000,1772556133542427000,26,Insert,v,27,"Dnes je vonku pekne, idem v"
BnAXORhlmEgFSnmr5BPzEaj813f2,2,1772556133647236000,1772556133642138000,27,Insert,o,28,"Dnes je vonku pekne, idem vo"
BnAXORhlmEgFSnmr5BPzEaj813f2,2,1772556133814666000,1772556133809778000,28,Insert,n,29,"Dnes je vonku pekne, idem von"
BnAXORhlmEgFSnmr5BPzEaj813f2,2,1772556134033062000,1772556134025694000,29,Insert, ,30,"Dnes je vonku pekne, idem von "
BnAXORhlmEgFSnmr5BPzEaj813f2,2,1772556134452802000,1772556134447122000,30,Insert,s,31,"Dnes je vonku pekne, idem von s"
BnAXORhlmEgFSnmr5BPzEaj813f2,2,1772556134577750000,1772556134568727000,31,Insert,o,32,"Dnes je vonku pekne, idem von so"
BnAXORhlmEgFSnmr5BPzEaj813f2,2,1772556134732274000,1772556134729239000,32,Insert, ,33,"Dnes je vonku pekne, idem von so "
BnAXORhlmEgFSnmr5BPzEaj813f2,2,1772556134967731000,1772556134964950000,33,Insert,p,34,"Dnes je vonku pekne, idem von so p"
BnAXORhlmEgFSnmr5BPzEaj813f2,2,1772556135054111000,1772556135050567000,34,Insert,s,35,"Dnes je vonku pekne, idem von so ps"
BnAXORhlmEgFSnmr5BPzEaj813f2,2,1772556135468410000,1772556135461782000,35,Insert,o,36,"Dnes je vonku pekne, idem von so pso"
BnAXORhlmEgFSnmr5BPzEaj813f2,2,1772556135671567000,1772556135665712000,36,Insert,m,37,"Dnes je vonku pekne, idem von so psom"
BnAXORhlmEgFSnmr5BPzEaj813f2,2,1772556135845257000,1772556135839466000,37,Insert, ,38,"Dnes je vonku pekne, idem von so psom "
BnAXORhlmEgFSnmr5BPzEaj813f2,2,1772556144023440000,1772556144020074000,38,Insert, ,39,"Dnes je vonku pekne, idem von so psom  "
BnAXORhlmEgFSnmr5BPzEaj813f2,2,1772556144535686000,1772556144533520000,39,Delete, ,38,"Dnes je vonku pekne, idem von so psom "
BnAXORhlmEgFSnmr5BPzEaj813f2,2,1772556144920750000,1772556144917763000,38,Insert,n,39,"Dnes je vonku pekne, idem von so psom n"
BnAXORhlmEgFSnmr5BPzEaj813f2,2,1772556145074415000,1772556145071873000,39,Insert,a,40,"Dnes je vonku pekne, idem von so psom na"
BnAXORhlmEgFSnmr5BPzEaj813f2,2,1772556145210726000,1772556145207950000,40,Insert, ,41,"Dnes je vonku pekne, idem von so psom na "
BnAXORhlmEgFSnmr5BPzEaj813f2,2,1772556145615812000,1772556145611875000,41,Insert,d,42,"Dnes je vonku pekne, idem von so psom na d"
BnAXORhlmEgFSnmr5BPzEaj813f2,2,1772556145943895000,1772556145940749000,42,Insert,v,43,"Dnes je vonku pekne, idem von so psom na dv"
BnAXORhlmEgFSnmr5BPzEaj813f2,2,1772556146181345000,1772556146178778000,43,Insert,o,44,"Dnes je vonku pekne, idem von so psom na dvo"
BnAXORhlmEgFSnmr5BPzEaj813f2,2,1772556146331591000,1772556146328877000,44,Insert,r,45,"Dnes je vonku pekne, idem von so psom na dvor"
BnAXORhlmEgFSnmr5BPzEaj813f2,2,1772556146834361000,1772556146830333000,45,Insert, ,46,"Dnes je vonku pekne, idem von so psom na dvor "
BnAXORhlmEgFSnmr5BPzEaj813f2,2,1772556147055921000,1772556147052131000,46,Insert,a,47,"Dnes je vonku pekne, idem von so psom na dvor a"
BnAXORhlmEgFSnmr5BPzEaj813f2,2,1772556147258923000,1772556147256206000,47,Insert, ,48,"Dnes je vonku pekne, idem von so psom na dvor a "
BnAXORhlmEgFSnmr5BPzEaj813f2,2,1772556147413263000,1772556147409734000,48,Insert,b,49,"Dnes je vonku pekne, idem von so psom na dvor a b"
BnAXORhlmEgFSnmr5BPzEaj813f2,2,1772556147572442000,1772556147568167000,49,Insert,u,50,"Dnes je vonku pekne, idem von so psom na dvor a bu"
BnAXORhlmEgFSnmr5BPzEaj813f2,3,1772556162781619000,1772556162774997000,0,Insert,D,1,D
BnAXORhlmEgFSnmr5BPzEaj813f2,3,1772556162937636000,1772556162933092000,1,Insert,n,2,Dn
BnAXORhlmEgFSnmr5BPzEaj813f2,3,1772556163028828000,1772556163024721000,2,Insert,e,3,Dne
BnAXORhlmEgFSnmr5BPzEaj813f2,3,1772556163164224000,1772556163160173000,3,Insert,s,4,Dnes
BnAXORhlmEgFSnmr5BPzEaj813f2,3,1772556163295502000,1772556163291157000,4,Insert, ,5,Dnes 
BnAXORhlmEgFSnmr5BPzEaj813f2,3,1772556163688436000,1772556163684323000,5,Insert,j,6,Dnes j
BnAXORhlmEgFSnmr5BPzEaj813f2,3,1772556163762677000,1772556163758637000,6,Insert,e,7,Dnes je
BnAXORhlmEgFSnmr5BPzEaj813f2,3,1772556163960583000,1772556163953100000,7,Insert, ,8,Dnes je 
BnAXORhlmEgFSnmr5BPzEaj813f2,3,1772556164133850000,1772556164129803000,8,Insert,v,9,Dnes je v
BnAXORhlmEgFSnmr5BPzEaj813f2,3,1772556164233819000,1772556164229757000,9,Insert,o,10,Dnes je vo
BnAXORhlmEgFSnmr5BPzEaj813f2,3,1772556164422629000,1772556164418587000,10,Insert,n,11,Dnes je von
BnAXORhlmEgFSnmr5BPzEaj813f2,3,1772556164639890000,1772556164633590000,11,Insert,k,12,Dnes je vonk
BnAXORhlmEgFSnmr5BPzEaj813f2,3,1772556164819870000,1772556164815832000,12,Insert,u,13,Dnes je vonku
BnAXORhlmEgFSnmr5BPzEaj813f2,3,1772556164967284000,1772556164962783000,13,Insert, ,14,Dnes je vonku 
BnAXORhlmEgFSnmr5BPzEaj813f2,3,1772556165375311000,1772556165372005000,14,Insert,p,15,Dnes je vonku p
BnAXORhlmEgFSnmr5BPzEaj813f2,3,1772556165624381000,1772556165620112000,15,Insert,e,16,Dnes je vonku pe
BnAXORhlmEgFSnmr5BPzEaj813f2,3,1772556165798157000,1772556165793929000,16,Insert,k,17,Dnes je vonku pek
BnAXORhlmEgFSnmr5BPzEaj813f2,3,1772556165982348000,1772556165975379000,17,Insert,n,18,Dnes je vonku pekn
BnAXORhlmEgFSnmr5BPzEaj813f2,3,1772556166164068000,1772556166159466000,18,Insert,e,19,Dnes je vonku pekne
BnAXORhlmEgFSnmr5BPzEaj813f2,3,1772556167375395000,1772556167370332000,19,Insert,",",20,"Dnes je vonku pekne,"
BnAXORhlmEgFSnmr5BPzEaj813f2,3,1772556167785054000,1772556167779130000,20,Insert, ,21,"Dnes je vonku pekne, "
BnAXORhlmEgFSnmr5BPzEaj813f2,3,1772556168313430000,1772556168309248000,21,Insert,i,22,"Dnes je vonku pekne, i"
BnAXORhlmEgFSnmr5BPzEaj813f2,3,1772556168393542000,1772556168390803000,22,Insert,d,23,"Dnes je vonku pekne, id"
BnAXORhlmEgFSnmr5BPzEaj813f2,3,1772556168554994000,1772556168550355000,23,Insert,e,24,"Dnes je vonku pekne, ide"
BnAXORhlmEgFSnmr5BPzEaj813f2,3,1772556168674767000,1772556168670283000,24,Insert,n,25,"Dnes je vonku pekne, iden"
BnAXORhlmEgFSnmr5BPzEaj813f2,3,1772556168829413000,1772556168825299000,25,Insert, ,26,"Dnes je vonku pekne, iden "
BnAXORhlmEgFSnmr5BPzEaj813f2,3,1772556169043789000,1772556169041074000,26,Insert,v,27,"Dnes je vonku pekne, iden v"
BnAXORhlmEgFSnmr5BPzEaj813f2,3,1772556169362331000,1772556169360328000,27,Delete,v,26,"Dnes je vonku pekne, iden "
BnAXORhlmEgFSnmr5BPzEaj813f2,3,1772556169491936000,1772556169490032000,26,Delete, ,25,"Dnes je vonku pekne, iden"
BnAXORhlmEgFSnmr5BPzEaj813f2,3,1772556169583092000,1772556169580903000,25,Delete,n,24,"Dnes je vonku pekne, ide"
BnAXORhlmEgFSnmr5BPzEaj813f2,3,1772556170087241000,1772556170083674000,24,Insert,m,25,"Dnes je vonku pekne, idem"
BnAXORhlmEgFSnmr5BPzEaj813f2,3,1772556170197080000,1772556170192083000,25,Insert, ,26,"Dnes je vonku pekne, idem "
BnAXORhlmEgFSnmr5BPzEaj813f2,3,1772556170476643000,1772556170471590000,26,Insert,v,27,"Dnes je vonku pekne, idem v"
BnAXORhlmEgFSnmr5BPzEaj813f2,3,1772556170649187000,1772556170644261000,27,Insert,o,28,"Dnes je vonku pekne, idem vo"
BnAXORhlmEgFSnmr5BPzEaj813f2,3,1772556170896005000,1772556170886872000,28,Insert,n,29,"Dnes je vonku pekne, idem von"
BnAXORhlmEgFSnmr5BPzEaj813f2,3,1772556171096097000,1772556171091050000,29,Insert, ,30,"Dnes je vonku pekne, idem von "
BnAXORhlmEgFSnmr5BPzEaj813f2,3,1772556171716802000,1772556171708275000,30,Insert,s,31,"Dnes je vonku pekne, idem von s"
BnAXORhlmEgFSnmr5BPzEaj813f2,3,1772556171852739000,1772556171843581000,31,Insert,o,32,"Dnes je vonku pekne, idem von so"
BnAXORhlmEgFSnmr5BPzEaj813f2,3,1772556172232665000,1772556172221138000,32,Insert, ,33,"Dnes je vonku pekne, idem von so "
BnAXORhlmEgFSnmr5BPzEaj813f2,3,1772556172378159000,1772556172368304000,33,Insert,p,34,"Dnes je vonku pekne, idem von so p"
BnAXORhlmEgFSnmr5BPzEaj813f2,3,1772556172490411000,1772556172487281000,34,Insert,s,35,"Dnes je vonku pekne, idem von so ps"
BnAXORhlmEgFSnmr5BPzEaj813f2,3,1772556172620185000,1772556172615278000,35,Insert,o,36,"Dnes je vonku pekne, idem von so pso"
BnAXORhlmEgFSnmr5BPzEaj813f2,3,1772556172791296000,1772556172786809000,36,Insert,m,37,"Dnes je vonku pekne, idem von so psom"
BnAXORhlmEgFSnmr5BPzEaj813f2,3,1772556172955112000,1772556172951109000,37,Insert, ,38,"Dnes je vonku pekne, idem von so psom "
BnAXORhlmEgFSnmr5BPzEaj813f2,3,1772556173254953000,1772556173247273000,38,Insert,d,39,"Dnes je vonku pekne, idem von so psom d"
BnAXORhlmEgFSnmr5BPzEaj813f2,3,1772556173428853000,1772556173423979000,39,Insert,b,40,"Dnes je vonku pekne, idem von so psom db"
BnAXORhlmEgFSnmr5BPzEaj813f2,3,1772556173750063000,1772556173745840000,40,Delete,b,39,"Dnes je vonku pekne, idem von so psom d"
BnAXORhlmEgFSnmr5BPzEaj813f2,3,1772556173873568000,1772556173870494000,39,Delete,d,38,"Dnes je vonku pekne, idem von so psom "
BnAXORhlmEgFSnmr5BPzEaj813f2,3,1772556174227357000,1772556174220750000,38,Insert,n,39,"Dnes je vonku pekne, idem von so psom n"
BnAXORhlmEgFSnmr5BPzEaj813f2,3,1772556174667037000,1772556174659392000,39,Insert,a,40,"Dnes je vonku pekne, idem von so psom na"
BnAXORhlmEgFSnmr5BPzEaj813f2,3,1772556174834304000,1772556174828263000,40,Insert, ,41,"Dnes je vonku pekne, idem von so psom na "
BnAXORhlmEgFSnmr5BPzEaj813f2,3,1772556175014267000,1772556175008229000,41,Insert,d,42,"Dnes je vonku pekne, idem von so psom na d"
BnAXORhlmEgFSnmr5BPzEaj813f2,3,1772556175207011000,1772556175199159000,42,Insert,v,43,"Dnes je vonku pekne, idem von so psom na dv"
BnAXORhlmEgFSnmr5BPzEaj813f2,3,1772556175327302000,1772556175320930000,43,Insert,o,44,"Dnes je vonku pekne, idem von so psom na dvo"
BnAXORhlmEgFSnmr5BPzEaj813f2,3,1772556175493781000,1772556175488376000,44,Insert,r,45,"Dnes je vonku pekne, idem von so psom na dvor"
BnAXORhlmEgFSnmr5BPzEaj813f2,3,1772556176185393000,1772556176176486000,45,Insert, ,46,"Dnes je vonku pekne, idem von so psom na dvor "
BnAXORhlmEgFSnmr5BPzEaj813f2,3,1772556176315222000,1772556176309732000,46,Insert,a,47,"Dnes je vonku pekne, idem von so psom na dvor a"
BnAXORhlmEgFSnmr5BPzEaj813f2,3,1772556176537147000,1772556176530414000,47,Insert, ,48,"Dnes je vonku pekne, idem von so psom na dvor a "
BnAXORhlmEgFSnmr5BPzEaj813f2,3,1772556176854169000,1772556176847636000,48,Insert,b,49,"Dnes je vonku pekne, idem von so psom na dvor a b"
BnAXORhlmEgFSnmr5BPzEaj813f2,3,1772556177020601000,1772556177015750000,49,Insert,u,50,"Dnes je vonku pekne, idem von so psom na dvor a bu"
BnAXORhlmEgFSnmr5BPzEaj813f2,4,1772556186860014000,1772556186854050000,0,Insert,d,1,d
BnAXORhlmEgFSnmr5BPzEaj813f2,4,1772556187125728000,1772556187122169000,1,Delete,d,0,
BnAXORhlmEgFSnmr5BPzEaj813f2,4,1772556187433522000,1772556187429635000,0,Insert,D,1,D
BnAXORhlmEgFSnmr5BPzEaj813f2,4,1772556187526335000,1772556187522397000,1,Insert,n,2,Dn
BnAXORhlmEgFSnmr5BPzEaj813f2,4,1772556187655680000,1772556187651395000,2,Insert,e,3,Dne
BnAXORhlmEgFSnmr5BPzEaj813f2,4,1772556187787018000,1772556187782399000,3,Insert,s,4,Dnes
BnAXORhlmEgFSnmr5BPzEaj813f2,4,1772556187979824000,1772556187975640000,4,Insert, ,5,Dnes 
BnAXORhlmEgFSnmr5BPzEaj813f2,4,1772556188074712000,1772556188070946000,5,Insert,j,6,Dnes j
BnAXORhlmEgFSnmr5BPzEaj813f2,4,1772556188233543000,1772556188229262000,6,Insert,e,7,Dnes je
BnAXORhlmEgFSnmr5BPzEaj813f2,4,1772556188432521000,1772556188428438000,7,Insert, ,8,Dnes je 
BnAXORhlmEgFSnmr5BPzEaj813f2,4,1772556188606717000,1772556188602797000,8,Insert,v,9,Dnes je v
BnAXORhlmEgFSnmr5BPzEaj813f2,4,1772556188778429000,1772556188774084000,9,Insert,o,10,Dnes je vo
BnAXORhlmEgFSnmr5BPzEaj813f2,4,1772556188988006000,1772556188980229000,10,Insert,n,11,Dnes je von
BnAXORhlmEgFSnmr5BPzEaj813f2,4,1772556189172296000,1772556189168070000,11,Insert,k,12,Dnes je vonk
BnAXORhlmEgFSnmr5BPzEaj813f2,4,1772556189371016000,1772556189366983000,12,Insert,u,13,Dnes je vonku
BnAXORhlmEgFSnmr5BPzEaj813f2,4,1772556190273344000,1772556190265939000,13,Insert, ,14,Dnes je vonku 
BnAXORhlmEgFSnmr5BPzEaj813f2,4,1772556190587127000,1772556190583628000,14,Insert,p,15,Dnes je vonku p
BnAXORhlmEgFSnmr5BPzEaj813f2,4,1772556190684098000,1772556190679814000,15,Insert,e,16,Dnes je vonku pe
BnAXORhlmEgFSnmr5BPzEaj813f2,4,1772556190843752000,1772556190839869000,16,Insert,k,17,Dnes je vonku pek
BnAXORhlmEgFSnmr5BPzEaj813f2,4,1772556190988831000,1772556190984795000,17,Insert,n,18,Dnes je vonku pekn
BnAXORhlmEgFSnmr5BPzEaj813f2,4,1772556191142888000,1772556191139065000,18,Insert,e,19,Dnes je vonku pekne
BnAXORhlmEgFSnmr5BPzEaj813f2,4,1772556194514362000,1772556194507584000,19,Insert,",",20,"Dnes je vonku pekne,"
BnAXORhlmEgFSnmr5BPzEaj813f2,4,1772556194881208000,1772556194877007000,20,Insert, ,21,"Dnes je vonku pekne, "
BnAXORhlmEgFSnmr5BPzEaj813f2,4,1772556195652023000,1772556195644559000,21,Insert,i,22,"Dnes je vonku pekne, i"
BnAXORhlmEgFSnmr5BPzEaj813f2,4,1772556195741581000,1772556195733512000,22,Insert,d,23,"Dnes je vonku pekne, id"
BnAXORhlmEgFSnmr5BPzEaj813f2,4,1772556195913196000,1772556195908649000,23,Insert,e,24,"Dnes je vonku pekne, ide"
BnAXORhlmEgFSnmr5BPzEaj813f2,4,1772556196014518000,1772556196010591000,24,Insert,n,25,"Dnes je vonku pekne, iden"
BnAXORhlmEgFSnmr5BPzEaj813f2,4,1772556196191689000,1772556196186571000,25,Insert, ,26,"Dnes je vonku pekne, iden "
BnAXORhlmEgFSnmr5BPzEaj813f2,4,1772556196664389000,1772556196659875000,26,Delete, ,25,"Dnes je vonku pekne, iden"
BnAXORhlmEgFSnmr5BPzEaj813f2,4,1772556197170779000,1772556197166871000,25,Delete,n,24,"Dnes je vonku pekne, ide"
BnAXORhlmEgFSnmr5BPzEaj813f2,4,1772556197440939000,1772556197433127000,24,Insert,m,25,"Dnes je vonku pekne, idem"
BnAXORhlmEgFSnmr5BPzEaj813f2,4,1772556197520149000,1772556197515757000,25,Insert, ,26,"Dnes je vonku pekne, idem "
BnAXORhlmEgFSnmr5BPzEaj813f2,4,1772556197708444000,1772556197704178000,26,Insert,v,27,"Dnes je vonku pekne, idem v"
BnAXORhlmEgFSnmr5BPzEaj813f2,4,1772556197829602000,1772556197825192000,27,Insert,o,28,"Dnes je vonku pekne, idem vo"
BnAXORhlmEgFSnmr5BPzEaj813f2,4,1772556198067603000,1772556198061187000,28,Insert,n,29,"Dnes je vonku pekne, idem von"
BnAXORhlmEgFSnmr5BPzEaj813f2,4,1772556198274061000,1772556198269868000,29,Insert, ,30,"Dnes je vonku pekne, idem von "
BnAXORhlmEgFSnmr5BPzEaj813f2,4,1772556199282218000,1772556199274444000,30,Insert,s,31,"Dnes je vonku pekne, idem von s"
BnAXORhlmEgFSnmr5BPzEaj813f2,4,1772556200052786000,1772556200045032000,31,Insert,o,32,"Dnes je vonku pekne, idem von so"
BnAXORhlmEgFSnmr5BPzEaj813f2,4,1772556200218015000,1772556200212200000,32,Insert, ,33,"Dnes je vonku pekne, idem von so "
BnAXORhlmEgFSnmr5BPzEaj813f2,4,1772556200414782000,1772556200408019000,33,Insert,p,34,"Dnes je vonku pekne, idem von so p"
BnAXORhlmEgFSnmr5BPzEaj813f2,4,1772556200534315000,1772556200526384000,34,Insert,s,35,"Dnes je vonku pekne, idem von so ps"
BnAXORhlmEgFSnmr5BPzEaj813f2,4,1772556200657610000,1772556200652605000,35,Insert,o,36,"Dnes je vonku pekne, idem von so pso"
BnAXORhlmEgFSnmr5BPzEaj813f2,4,1772556200851998000,1772556200847410000,36,Insert,m,37,"Dnes je vonku pekne, idem von so psom"
BnAXORhlmEgFSnmr5BPzEaj813f2,4,1772556201009014000,1772556201004582000,37,Insert, ,38,"Dnes je vonku pekne, idem von so psom "
BnAXORhlmEgFSnmr5BPzEaj813f2,4,1772556202043628000,1772556202032901000,38,Insert,n,39,"Dnes je vonku pekne, idem von so psom n"
BnAXORhlmEgFSnmr5BPzEaj813f2,4,1772556202149066000,1772556202144849000,39,Insert,a,40,"Dnes je vonku pekne, idem von so psom na"
BnAXORhlmEgFSnmr5BPzEaj813f2,4,1772556202282644000,1772556202278340000,40,Insert, ,41,"Dnes je vonku pekne, idem von so psom na "
BnAXORhlmEgFSnmr5BPzEaj813f2,4,1772556202411413000,1772556202407842000,41,Insert,d,42,"Dnes je vonku pekne, idem von so psom na d"
BnAXORhlmEgFSnmr5BPzEaj813f2,4,1772556202683793000,1772556202674239000,42,Insert,v,43,"Dnes je vonku pekne, idem von so psom na dv"
BnAXORhlmEgFSnmr5BPzEaj813f2,4,1772556202816525000,1772556202812004000,43,Insert,o,44,"Dnes je vonku pekne, idem von so psom na dvo"
BnAXORhlmEgFSnmr5BPzEaj813f2,4,1772556202979496000,1772556202974567000,44,Insert,r,45,"Dnes je vonku pekne, idem von so psom na dvor"
BnAXORhlmEgFSnmr5BPzEaj813f2,4,1772556203763537000,1772556203754071000,45,Insert, ,46,"Dnes je vonku pekne, idem von so psom na dvor "
BnAXORhlmEgFSnmr5BPzEaj813f2,4,1772556203968964000,1772556203960671000,46,Insert,a,47,"Dnes je vonku pekne, idem von so psom na dvor a"
BnAXORhlmEgFSnmr5BPzEaj813f2,4,1772556204184084000,1772556204176959000,47,Insert, ,48,"Dnes je vonku pekne, idem von so psom na dvor a "
BnAXORhlmEgFSnmr5BPzEaj813f2,4,1772556204253200000,1772556204249192000,48,Insert,b,49,"Dnes je vonku pekne, idem von so psom na dvor a b"
BnAXORhlmEgFSnmr5BPzEaj813f2,4,1772556204436185000,1772556204432354000,49,Insert,u,50,"Dnes je vonku pekne, idem von so psom na dvor a bu"
BnAXORhlmEgFSnmr5BPzEaj813f2,5,1772556215912876000,1772556215898092000,0,Insert,D,1,D
BnAXORhlmEgFSnmr5BPzEaj813f2,5,1772556216055727000,1772556216051926000,1,Insert,n,2,Dn
BnAXORhlmEgFSnmr5BPzEaj813f2,5,1772556216167388000,1772556216162696000,2,Insert,e,3,Dne
BnAXORhlmEgFSnmr5BPzEaj813f2,5,1772556216333113000,1772556216329336000,3,Insert,s,4,Dnes
BnAXORhlmEgFSnmr5BPzEaj813f2,5,1772556216493676000,1772556216489544000,4,Insert, ,5,Dnes 
BnAXORhlmEgFSnmr5BPzEaj813f2,5,1772556216866035000,1772556216859671000,5,Insert,j,6,Dnes j
BnAXORhlmEgFSnmr5BPzEaj813f2,5,1772556217063900000,1772556217059899000,6,Insert,e,7,Dnes je
BnAXORhlmEgFSnmr5BPzEaj813f2,5,1772556217304810000,1772556217298015000,7,Insert, ,8,Dnes je 
BnAXORhlmEgFSnmr5BPzEaj813f2,5,1772556217551494000,1772556217544171000,8,Insert,v,9,Dnes je v
BnAXORhlmEgFSnmr5BPzEaj813f2,5,1772556217705756000,1772556217701511000,9,Insert,o,10,Dnes je vo
BnAXORhlmEgFSnmr5BPzEaj813f2,5,1772556217909366000,1772556217905438000,10,Insert,n,11,Dnes je von
BnAXORhlmEgFSnmr5BPzEaj813f2,5,1772556218076500000,1772556218072413000,11,Insert,k,12,Dnes je vonk
BnAXORhlmEgFSnmr5BPzEaj813f2,5,1772556218266299000,1772556218262415000,12,Insert,u,13,Dnes je vonku
BnAXORhlmEgFSnmr5BPzEaj813f2,5,1772556218409956000,1772556218405771000,13,Insert, ,14,Dnes je vonku 
BnAXORhlmEgFSnmr5BPzEaj813f2,5,1772556218880262000,1772556218876601000,14,Delete, ,13,Dnes je vonku
BnAXORhlmEgFSnmr5BPzEaj813f2,5,1772556219865703000,1772556219857187000,13,Insert,",",14,"Dnes je vonku,"
BnAXORhlmEgFSnmr5BPzEaj813f2,5,1772556220759392000,1772556220749569000,14,Insert, ,15,"Dnes je vonku, "
BnAXORhlmEgFSnmr5BPzEaj813f2,5,1772556221438036000,1772556221433535000,15,Delete, ,14,"Dnes je vonku,"
BnAXORhlmEgFSnmr5BPzEaj813f2,5,1772556221573918000,1772556221571463000,14,Delete,",",13,Dnes je vonku
BnAXORhlmEgFSnmr5BPzEaj813f2,5,1772556221808275000,1772556221801452000,13,Insert, ,14,Dnes je vonku 
BnAXORhlmEgFSnmr5BPzEaj813f2,5,1772556221968715000,1772556221964941000,14,Insert,p,15,Dnes je vonku p
BnAXORhlmEgFSnmr5BPzEaj813f2,5,1772556222112508000,1772556222108390000,15,Insert,e,16,Dnes je vonku pe
BnAXORhlmEgFSnmr5BPzEaj813f2,5,1772556222209938000,1772556222205457000,16,Insert,k,17,Dnes je vonku pek
BnAXORhlmEgFSnmr5BPzEaj813f2,5,1772556222387094000,1772556222382999000,17,Insert,n,18,Dnes je vonku pekn
BnAXORhlmEgFSnmr5BPzEaj813f2,5,1772556222561772000,1772556222557882000,18,Insert,e,19,Dnes je vonku pekne
BnAXORhlmEgFSnmr5BPzEaj813f2,5,1772556223757232000,1772556223748956000,19,Insert,",",20,"Dnes je vonku pekne,"
BnAXORhlmEgFSnmr5BPzEaj813f2,5,1772556224134671000,1772556224128487000,20,Insert, ,21,"Dnes je vonku pekne, "
BnAXORhlmEgFSnmr5BPzEaj813f2,5,1772556224460678000,1772556224453726000,21,Insert,i,22,"Dnes je vonku pekne, i"
BnAXORhlmEgFSnmr5BPzEaj813f2,5,1772556224529153000,1772556224524648000,22,Insert,d,23,"Dnes je vonku pekne, id"
BnAXORhlmEgFSnmr5BPzEaj813f2,5,1772556224713034000,1772556224708541000,23,Insert,e,24,"Dnes je vonku pekne, ide"
BnAXORhlmEgFSnmr5BPzEaj813f2,5,1772556224873645000,1772556224869338000,24,Insert,m,25,"Dnes je vonku pekne, idem"
BnAXORhlmEgFSnmr5BPzEaj813f2,5,1772556225006285000,1772556225002151000,25,Insert, ,26,"Dnes je vonku pekne, idem "
BnAXORhlmEgFSnmr5BPzEaj813f2,5,1772556225363084000,1772556225359028000,26,Insert,v,27,"Dnes je vonku pekne, idem v"
BnAXORhlmEgFSnmr5BPzEaj813f2,5,1772556225494089000,1772556225489377000,27,Insert,o,28,"Dnes je vonku pekne, idem vo"
BnAXORhlmEgFSnmr5BPzEaj813f2,5,1772556225671645000,1772556225667680000,28,Insert,n,29,"Dnes je vonku pekne, idem von"
BnAXORhlmEgFSnmr5BPzEaj813f2,5,1772556225834862000,1772556225830793000,29,Insert, ,30,"Dnes je vonku pekne, idem von "
BnAXORhlmEgFSnmr5BPzEaj813f2,5,1772556226396177000,1772556226389883000,30,Insert,s,31,"Dnes je vonku pekne, idem von s"
BnAXORhlmEgFSnmr5BPzEaj813f2,5,1772556226504926000,1772556226501059000,31,Insert,o,32,"Dnes je vonku pekne, idem von so"
BnAXORhlmEgFSnmr5BPzEaj813f2,5,1772556227136413000,1772556227127941000,32,Insert, ,33,"Dnes je vonku pekne, idem von so "
BnAXORhlmEgFSnmr5BPzEaj813f2,5,1772556227394329000,1772556227386852000,33,Insert,p,34,"Dnes je vonku pekne, idem von so p"
BnAXORhlmEgFSnmr5BPzEaj813f2,5,1772556227532199000,1772556227528232000,34,Insert,s,35,"Dnes je vonku pekne, idem von so ps"
BnAXORhlmEgFSnmr5BPzEaj813f2,5,1772556227638546000,1772556227634697000,35,Insert,o,36,"Dnes je vonku pekne, idem von so pso"
BnAXORhlmEgFSnmr5BPzEaj813f2,5,1772556227859966000,1772556227853894000,36,Insert,m,37,"Dnes je vonku pekne, idem von so psom"
BnAXORhlmEgFSnmr5BPzEaj813f2,5,1772556228079938000,1772556228072501000,37,Insert, ,38,"Dnes je vonku pekne, idem von so psom "
BnAXORhlmEgFSnmr5BPzEaj813f2,5,1772556228989014000,1772556228979128000,38,Insert,a,39,"Dnes je vonku pekne, idem von so psom a"
BnAXORhlmEgFSnmr5BPzEaj813f2,5,1772556229336842000,1772556229331950000,39,Delete,a,38,"Dnes je vonku pekne, idem von so psom "
BnAXORhlmEgFSnmr5BPzEaj813f2,5,1772556229639094000,1772556229632250000,38,Insert,n,39,"Dnes je vonku pekne, idem von so psom n"
BnAXORhlmEgFSnmr5BPzEaj813f2,5,1772556229706901000,1772556229702267000,39,Insert,a,40,"Dnes je vonku pekne, idem von so psom na"
BnAXORhlmEgFSnmr5BPzEaj813f2,5,1772556229860757000,1772556229851416000,40,Insert, ,41,"Dnes je vonku pekne, idem von so psom na "
BnAXORhlmEgFSnmr5BPzEaj813f2,5,1772556229991849000,1772556229987876000,41,Insert,d,42,"Dnes je vonku pekne, idem von so psom na d"
BnAXORhlmEgFSnmr5BPzEaj813f2,5,1772556230176337000,1772556230172221000,42,Insert,v,43,"Dnes je vonku pekne, idem von so psom na dv"
BnAXORhlmEgFSnmr5BPzEaj813f2,5,1772556230394898000,1772556230387209000,43,Insert,o,44,"Dnes je vonku pekne, idem von so psom na dvo"
BnAXORhlmEgFSnmr5BPzEaj813f2,5,1772556230548107000,1772556230543174000,44,Insert,r,45,"Dnes je vonku pekne, idem von so psom na dvor"
BnAXORhlmEgFSnmr5BPzEaj813f2,5,1772556231273890000,1772556231263374000,45,Insert, ,46,"Dnes je vonku pekne, idem von so psom na dvor "
BnAXORhlmEgFSnmr5BPzEaj813f2,5,1772556231488198000,1772556231481591000,46,Insert,a,47,"Dnes je vonku pekne, idem von so psom na dvor a"
BnAXORhlmEgFSnmr5BPzEaj813f2,5,1772556231683371000,1772556231677552000,47,Insert, ,48,"Dnes je vonku pekne, idem von so psom na dvor a "
BnAXORhlmEgFSnmr5BPzEaj813f2,5,1772556231808926000,1772556231803547000,48,Insert,b,49,"Dnes je vonku pekne, idem von so psom na dvor a b"
BnAXORhlmEgFSnmr5BPzEaj813f2,5,1772556231965297000,1772556231961134000,49,Insert,u,50,"Dnes je vonku pekne, idem von so psom na dvor a bu"
BnAXORhlmEgFSnmr5BPzEaj813f2,6,1772556242971249000,1772556242964194000,0,Insert,D,1,D
BnAXORhlmEgFSnmr5BPzEaj813f2,6,1772556243095297000,1772556243091344000,1,Insert,n,2,Dn
BnAXORhlmEgFSnmr5BPzEaj813f2,6,1772556243216450000,1772556243212447000,2,Insert,e,3,Dne
BnAXORhlmEgFSnmr5BPzEaj813f2,6,1772556243366380000,1772556243362669000,3,Insert,s,4,Dnes
BnAXORhlmEgFSnmr5BPzEaj813f2,6,1772556243581869000,1772556243575215000,4,Insert, ,5,Dnes 
BnAXORhlmEgFSnmr5BPzEaj813f2,6,1772556243676466000,1772556243672835000,5,Insert,j,6,Dnes j
BnAXORhlmEgFSnmr5BPzEaj813f2,6,1772556243838978000,1772556243834851000,6,Insert,o,7,Dnes jo
BnAXORhlmEgFSnmr5BPzEaj813f2,6,1772556244110277000,1772556244102479000,7,Insert, ,8,Dnes jo 
BnAXORhlmEgFSnmr5BPzEaj813f2,6,1772556244322447000,1772556244318188000,8,Delete, ,7,Dnes jo
BnAXORhlmEgFSnmr5BPzEaj813f2,6,1772556244459098000,1772556244455999000,7,Delete,o,6,Dnes j
BnAXORhlmEgFSnmr5BPzEaj813f2,6,1772556244621162000,1772556244617425000,6,Insert,e,7,Dnes je
BnAXORhlmEgFSnmr5BPzEaj813f2,6,1772556244824386000,1772556244820043000,7,Insert, ,8,Dnes je 
BnAXORhlmEgFSnmr5BPzEaj813f2,6,1772556244989988000,1772556244985810000,8,Insert,v,9,Dnes je v
BnAXORhlmEgFSnmr5BPzEaj813f2,6,1772556245091286000,1772556245087229000,9,Insert,o,10,Dnes je vo
BnAXORhlmEgFSnmr5BPzEaj813f2,6,1772556245254094000,1772556245249371000,10,Insert,n,11,Dnes je von
BnAXORhlmEgFSnmr5BPzEaj813f2,6,1772556245420569000,1772556245416556000,11,Insert,k,12,Dnes je vonk
BnAXORhlmEgFSnmr5BPzEaj813f2,6,1772556245582480000,1772556245578521000,12,Insert,u,13,Dnes je vonku
BnAXORhlmEgFSnmr5BPzEaj813f2,6,1772556245713084000,1772556245708977000,13,Insert, ,14,Dnes je vonku 
BnAXORhlmEgFSnmr5BPzEaj813f2,6,1772556245932271000,1772556245925973000,14,Insert,p,15,Dnes je vonku p
BnAXORhlmEgFSnmr5BPzEaj813f2,6,1772556246019472000,1772556246015517000,15,Insert,e,16,Dnes je vonku pe
BnAXORhlmEgFSnmr5BPzEaj813f2,6,1772556246181380000,1772556246176018000,16,Insert,k,17,Dnes je vonku pek
BnAXORhlmEgFSnmr5BPzEaj813f2,6,1772556246351162000,1772556246347143000,17,Insert,n,18,Dnes je vonku pekn
BnAXORhlmEgFSnmr5BPzEaj813f2,6,1772556246500849000,1772556246496946000,18,Insert,e,19,Dnes je vonku pekne
BnAXORhlmEgFSnmr5BPzEaj813f2,6,1772556247649182000,1772556247638044000,19,Insert,",",20,"Dnes je vonku pekne,"
BnAXORhlmEgFSnmr5BPzEaj813f2,6,1772556248068781000,1772556248064288000,20,Insert, ,21,"Dnes je vonku pekne, "
BnAXORhlmEgFSnmr5BPzEaj813f2,6,1772556248635872000,1772556248631595000,21,Insert,i,22,"Dnes je vonku pekne, i"
BnAXORhlmEgFSnmr5BPzEaj813f2,6,1772556248708675000,1772556248703926000,22,Insert,d,23,"Dnes je vonku pekne, id"
BnAXORhlmEgFSnmr5BPzEaj813f2,6,1772556248865225000,1772556248860882000,23,Insert,e,24,"Dnes je vonku pekne, ide"
BnAXORhlmEgFSnmr5BPzEaj813f2,6,1772556248949995000,1772556248945965000,24,Insert,m,25,"Dnes je vonku pekne, idem"
BnAXORhlmEgFSnmr5BPzEaj813f2,6,1772556249072565000,1772556249068035000,25,Insert, ,26,"Dnes je vonku pekne, idem "
BnAXORhlmEgFSnmr5BPzEaj813f2,6,1772556249242778000,1772556249238901000,26,Insert,v,27,"Dnes je vonku pekne, idem v"
BnAXORhlmEgFSnmr5BPzEaj813f2,6,1772556249349496000,1772556249345630000,27,Insert,o,28,"Dnes je vonku pekne, idem vo"
BnAXORhlmEgFSnmr5BPzEaj813f2,6,1772556249526121000,1772556249521773000,28,Insert,n,29,"Dnes je vonku pekne, idem von"
BnAXORhlmEgFSnmr5BPzEaj813f2,6,1772556249781961000,1772556249775147000,29,Insert, ,30,"Dnes je vonku pekne, idem von "
BnAXORhlmEgFSnmr5BPzEaj813f2,6,1772556250117983000,1772556250112322000,30,Insert,s,31,"Dnes je vonku pekne, idem von s"
BnAXORhlmEgFSnmr5BPzEaj813f2,6,1772556250242235000,1772556250237643000,31,Insert,o,32,"Dnes je vonku pekne, idem von so"
BnAXORhlmEgFSnmr5BPzEaj813f2,6,1772556250430395000,1772556250425752000,32,Insert, ,33,"Dnes je vonku pekne, idem von so "
BnAXORhlmEgFSnmr5BPzEaj813f2,6,1772556250689465000,1772556250680484000,33,Insert,p,34,"Dnes je vonku pekne, idem von so p"
BnAXORhlmEgFSnmr5BPzEaj813f2,6,1772556251027790000,1772556251023084000,34,Insert,s,35,"Dnes je vonku pekne, idem von so ps"
BnAXORhlmEgFSnmr5BPzEaj813f2,6,1772556251172434000,1772556251168097000,35,Insert,o,36,"Dnes je vonku pekne, idem von so pso"
BnAXORhlmEgFSnmr5BPzEaj813f2,6,1772556251351918000,1772556251347994000,36,Insert,m,37,"Dnes je vonku pekne, idem von so psom"
BnAXORhlmEgFSnmr5BPzEaj813f2,6,1772556251570698000,1772556251563437000,37,Insert, ,38,"Dnes je vonku pekne, idem von so psom "
BnAXORhlmEgFSnmr5BPzEaj813f2,6,1772556255223842000,1772556255216501000,38,Insert,n,39,"Dnes je vonku pekne, idem von so psom n"
BnAXORhlmEgFSnmr5BPzEaj813f2,6,1772556255318633000,1772556255309705000,39,Insert,a,40,"Dnes je vonku pekne, idem von so psom na"
BnAXORhlmEgFSnmr5BPzEaj813f2,6,1772556255484640000,1772556255476105000,40,Insert, ,41,"Dnes je vonku pekne, idem von so psom na "
BnAXORhlmEgFSnmr5BPzEaj813f2,6,1772556255620148000,1772556255612236000,41,Insert,d,42,"Dnes je vonku pekne, idem von so psom na d"
BnAXORhlmEgFSnmr5BPzEaj813f2,6,1772556255811852000,1772556255809417000,42,Insert,v,43,"Dnes je vonku pekne, idem von so psom na dv"
BnAXORhlmEgFSnmr5BPzEaj813f2,6,1772556255939288000,1772556255934562000,43,Insert,o,44,"Dnes je vonku pekne, idem von so psom na dvo"
BnAXORhlmEgFSnmr5BPzEaj813f2,6,1772556256118891000,1772556256111828000,44,Insert,r,45,"Dnes je vonku pekne, idem von so psom na dvor"
BnAXORhlmEgFSnmr5BPzEaj813f2,6,1772556256744008000,1772556256739346000,45,Insert, ,46,"Dnes je vonku pekne, idem von so psom na dvor "
BnAXORhlmEgFSnmr5BPzEaj813f2,6,1772556257083298000,1772556257076025000,46,Insert,a,47,"Dnes je vonku pekne, idem von so psom na dvor a"
BnAXORhlmEgFSnmr5BPzEaj813f2,6,1772556257295683000,1772556257290394000,47,Insert, ,48,"Dnes je vonku pekne, idem von so psom na dvor a "
BnAXORhlmEgFSnmr5BPzEaj813f2,6,1772556257413259000,1772556257408698000,48,Insert,b,49,"Dnes je vonku pekne, idem von so psom na dvor a b"
BnAXORhlmEgFSnmr5BPzEaj813f2,6,1772556257560016000,1772556257555321000,49,Insert,u,50,"Dnes je vonku pekne, idem von so psom na dvor a bu"
BnAXORhlmEgFSnmr5BPzEaj813f2,7,1772556273495745000,1772556273489079000,0,Insert,D,1,D
BnAXORhlmEgFSnmr5BPzEaj813f2,7,1772556273648065000,1772556273644284000,1,Insert,n,2,Dn
BnAXORhlmEgFSnmr5BPzEaj813f2,7,1772556273748048000,1772556273744405000,2,Insert,e,3,Dne
BnAXORhlmEgFSnmr5BPzEaj813f2,7,1772556273911922000,1772556273908264000,3,Insert,s,4,Dnes
BnAXORhlmEgFSnmr5BPzEaj813f2,7,1772556274055737000,1772556274051247000,4,Insert, ,5,Dnes 
BnAXORhlmEgFSnmr5BPzEaj813f2,7,1772556274301016000,1772556274296684000,5,Insert,j,6,Dnes j
BnAXORhlmEgFSnmr5BPzEaj813f2,7,1772556274381159000,1772556274377546000,6,Insert,e,7,Dnes je
BnAXORhlmEgFSnmr5BPzEaj813f2,7,1772556274583946000,1772556274575716000,7,Insert, ,8,Dnes je 
BnAXORhlmEgFSnmr5BPzEaj813f2,7,1772556274865682000,1772556274858688000,8,Insert,o,9,Dnes je o
BnAXORhlmEgFSnmr5BPzEaj813f2,7,1772556275164095000,1772556275159667000,9,Delete,o,8,Dnes je 
BnAXORhlmEgFSnmr5BPzEaj813f2,7,1772556275285028000,1772556275281344000,8,Insert,v,9,Dnes je v
BnAXORhlmEgFSnmr5BPzEaj813f2,7,1772556275442313000,1772556275438136000,9,Insert,o,10,Dnes je vo
BnAXORhlmEgFSnmr5BPzEaj813f2,7,1772556275624155000,1772556275620376000,10,Insert,n,11,Dnes je von
BnAXORhlmEgFSnmr5BPzEaj813f2,7,1772556275803027000,1772556275799270000,11,Insert,k,12,Dnes je vonk
BnAXORhlmEgFSnmr5BPzEaj813f2,7,1772556275966026000,1772556275962040000,12,Insert,u,13,Dnes je vonku
BnAXORhlmEgFSnmr5BPzEaj813f2,7,1772556276074993000,1772556276071072000,13,Insert, ,14,Dnes je vonku 
BnAXORhlmEgFSnmr5BPzEaj813f2,7,1772556276429200000,1772556276421439000,14,Insert,p,15,Dnes je vonku p
BnAXORhlmEgFSnmr5BPzEaj813f2,7,1772556276568945000,1772556276564078000,15,Insert,e,16,Dnes je vonku pe
BnAXORhlmEgFSnmr5BPzEaj813f2,7,1772556276686701000,1772556276682611000,16,Insert,k,17,Dnes je vonku pek
BnAXORhlmEgFSnmr5BPzEaj813f2,7,1772556276869774000,1772556276865477000,17,Insert,n,18,Dnes je vonku pekn
BnAXORhlmEgFSnmr5BPzEaj813f2,7,1772556276989237000,1772556276985309000,18,Insert,e,19,Dnes je vonku pekne
BnAXORhlmEgFSnmr5BPzEaj813f2,7,1772556278526668000,1772556278522361000,19,Insert, ,20,Dnes je vonku pekne 
BnAXORhlmEgFSnmr5BPzEaj813f2,7,1772556278723710000,1772556278718648000,20,Insert,i,21,Dnes je vonku pekne i
BnAXORhlmEgFSnmr5BPzEaj813f2,7,1772556278819132000,1772556278815137000,21,Insert,d,22,Dnes je vonku pekne id
BnAXORhlmEgFSnmr5BPzEaj813f2,7,1772556279085924000,1772556279083113000,22,Delete,d,21,Dnes je vonku pekne i
BnAXORhlmEgFSnmr5BPzEaj813f2,7,1772556279222378000,1772556279218435000,21,Delete,i,20,Dnes je vonku pekne 
BnAXORhlmEgFSnmr5BPzEaj813f2,7,1772556279333769000,1772556279331365000,20,Delete, ,19,Dnes je vonku pekne
BnAXORhlmEgFSnmr5BPzEaj813f2,7,1772556280527826000,1772556280520489000,19,Insert,",",20,"Dnes je vonku pekne,"
BnAXORhlmEgFSnmr5BPzEaj813f2,7,1772556280875494000,1772556280870276000,20,Insert, ,21,"Dnes je vonku pekne, "
BnAXORhlmEgFSnmr5BPzEaj813f2,7,1772556281152909000,1772556281146520000,21,Insert,i,22,"Dnes je vonku pekne, i"
BnAXORhlmEgFSnmr5BPzEaj813f2,7,1772556281282018000,1772556281277728000,22,Insert,d,23,"Dnes je vonku pekne, id"
BnAXORhlmEgFSnmr5BPzEaj813f2,7,1772556281451497000,1772556281447316000,23,Insert,e,24,"Dnes je vonku pekne, ide"
BnAXORhlmEgFSnmr5BPzEaj813f2,7,1772556281536015000,1772556281532137000,24,Insert,m,25,"Dnes je vonku pekne, idem"
BnAXORhlmEgFSnmr5BPzEaj813f2,7,1772556281696861000,1772556281691998000,25,Insert, ,26,"Dnes je vonku pekne, idem "
BnAXORhlmEgFSnmr5BPzEaj813f2,7,1772556281862821000,1772556281858641000,26,Insert,v,27,"Dnes je vonku pekne, idem v"
BnAXORhlmEgFSnmr5BPzEaj813f2,7,1772556281975198000,1772556281969954000,27,Insert,o,28,"Dnes je vonku pekne, idem vo"
BnAXORhlmEgFSnmr5BPzEaj813f2,7,1772556282153084000,1772556282149024000,28,Insert,n,29,"Dnes je vonku pekne, idem von"
BnAXORhlmEgFSnmr5BPzEaj813f2,7,1772556282367777000,1772556282361192000,29,Insert, ,30,"Dnes je vonku pekne, idem von "
BnAXORhlmEgFSnmr5BPzEaj813f2,7,1772556282849003000,1772556282844403000,30,Insert,p,31,"Dnes je vonku pekne, idem von p"
BnAXORhlmEgFSnmr5BPzEaj813f2,7,1772556283273441000,1772556283269334000,31,Delete,p,30,"Dnes je vonku pekne, idem von "
BnAXORhlmEgFSnmr5BPzEaj813f2,7,1772556283404705000,1772556283400751000,30,Insert,s,31,"Dnes je vonku pekne, idem von s"
BnAXORhlmEgFSnmr5BPzEaj813f2,7,1772556283582847000,1772556283578648000,31,Insert,o,32,"Dnes je vonku pekne, idem von so"
BnAXORhlmEgFSnmr5BPzEaj813f2,7,1772556283753112000,1772556283748632000,32,Insert, ,33,"Dnes je vonku pekne, idem von so "
BnAXORhlmEgFSnmr5BPzEaj813f2,7,1772556283901639000,1772556283896969000,33,Insert,p,34,"Dnes je vonku pekne, idem von so p"
BnAXORhlmEgFSnmr5BPzEaj813f2,7,1772556284077619000,1772556284073763000,34,Insert,s,35,"Dnes je vonku pekne, idem von so ps"
BnAXORhlmEgFSnmr5BPzEaj813f2,7,1772556284212178000,1772556284207854000,35,Insert,o,36,"Dnes je vonku pekne, idem von so pso"
BnAXORhlmEgFSnmr5BPzEaj813f2,7,1772556284420828000,1772556284414533000,36,Insert,n,37,"Dnes je vonku pekne, idem von so pson"
BnAXORhlmEgFSnmr5BPzEaj813f2,7,1772556284621366000,1772556284614040000,37,Insert, ,38,"Dnes je vonku pekne, idem von so pson "
BnAXORhlmEgFSnmr5BPzEaj813f2,7,1772556284976997000,1772556284972940000,38,Delete, ,37,"Dnes je vonku pekne, idem von so pson"
BnAXORhlmEgFSnmr5BPzEaj813f2,7,1772556285127924000,1772556285124363000,37,Delete,n,36,"Dnes je vonku pekne, idem von so pso"
BnAXORhlmEgFSnmr5BPzEaj813f2,7,1772556285357823000,1772556285353617000,36,Insert,m,37,"Dnes je vonku pekne, idem von so psom"
BnAXORhlmEgFSnmr5BPzEaj813f2,7,1772556285488800000,1772556285484105000,37,Insert, ,38,"Dnes je vonku pekne, idem von so psom "
BnAXORhlmEgFSnmr5BPzEaj813f2,7,1772556286538971000,1772556286534953000,38,Insert,b,39,"Dnes je vonku pekne, idem von so psom b"
BnAXORhlmEgFSnmr5BPzEaj813f2,7,1772556286653231000,1772556286648763000,39,Insert,a,40,"Dnes je vonku pekne, idem von so psom ba"
BnAXORhlmEgFSnmr5BPzEaj813f2,7,1772556286791295000,1772556286788632000,40,Insert, ,41,"Dnes je vonku pekne, idem von so psom ba "
BnAXORhlmEgFSnmr5BPzEaj813f2,7,1772556287103825000,1772556287100723000,41,Delete, ,40,"Dnes je vonku pekne, idem von so psom ba"
BnAXORhlmEgFSnmr5BPzEaj813f2,7,1772556287246576000,1772556287243646000,40,Delete,a,39,"Dnes je vonku pekne, idem von so psom b"
BnAXORhlmEgFSnmr5BPzEaj813f2,7,1772556287388098000,1772556287385174000,39,Delete,b,38,"Dnes je vonku pekne, idem von so psom "
BnAXORhlmEgFSnmr5BPzEaj813f2,7,1772556287779514000,1772556287772290000,38,Insert,n,39,"Dnes je vonku pekne, idem von so psom n"
BnAXORhlmEgFSnmr5BPzEaj813f2,7,1772556287897423000,1772556287892233000,39,Insert,a,40,"Dnes je vonku pekne, idem von so psom na"
BnAXORhlmEgFSnmr5BPzEaj813f2,7,1772556287999080000,1772556287994919000,40,Insert, ,41,"Dnes je vonku pekne, idem von so psom na "
BnAXORhlmEgFSnmr5BPzEaj813f2,7,1772556288170202000,1772556288165747000,41,Insert,d,42,"Dnes je vonku pekne, idem von so psom na d"
BnAXORhlmEgFSnmr5BPzEaj813f2,7,1772556288359862000,1772556288355695000,42,Insert,v,43,"Dnes je vonku pekne, idem von so psom na dv"
BnAXORhlmEgFSnmr5BPzEaj813f2,7,1772556288498187000,1772556288490845000,43,Insert,o,44,"Dnes je vonku pekne, idem von so psom na dvo"
BnAXORhlmEgFSnmr5BPzEaj813f2,7,1772556288652603000,1772556288648492000,44,Insert,r,45,"Dnes je vonku pekne, idem von so psom na dvor"
BnAXORhlmEgFSnmr5BPzEaj813f2,7,1772556288857792000,1772556288852235000,45,Insert, ,46,"Dnes je vonku pekne, idem von so psom na dvor "
BnAXORhlmEgFSnmr5BPzEaj813f2,7,1772556289432818000,1772556289425871000,46,Insert,a,47,"Dnes je vonku pekne, idem von so psom na dvor a"
BnAXORhlmEgFSnmr5BPzEaj813f2,7,1772556289623731000,1772556289619443000,47,Insert, ,48,"Dnes je vonku pekne, idem von so psom na dvor a "
BnAXORhlmEgFSnmr5BPzEaj813f2,7,1772556289717154000,1772556289709090000,48,Insert,b,49,"Dnes je vonku pekne, idem von so psom na dvor a b"
BnAXORhlmEgFSnmr5BPzEaj813f2,7,1772556289866718000,1772556289861192000,49,Insert,u,50,"Dnes je vonku pekne, idem von so psom na dvor a bu"
BnAXORhlmEgFSnmr5BPzEaj813f2,8,1772556301956986000,1772556301946213000,0,Insert,D,1,D
BnAXORhlmEgFSnmr5BPzEaj813f2,8,1772556302092999000,1772556302089162000,1,Insert,n,2,Dn
BnAXORhlmEgFSnmr5BPzEaj813f2,8,1772556302197551000,1772556302193776000,2,Insert,e,3,Dne
BnAXORhlmEgFSnmr5BPzEaj813f2,8,1772556302359774000,1772556302356215000,3,Insert,s,4,Dnes
BnAXORhlmEgFSnmr5BPzEaj813f2,8,1772556302597209000,1772556302593286000,4,Insert, ,5,Dnes 
BnAXORhlmEgFSnmr5BPzEaj813f2,8,1772556302750110000,1772556302746335000,5,Insert,j,6,Dnes j
BnAXORhlmEgFSnmr5BPzEaj813f2,8,1772556302977499000,1772556302971661000,6,Insert,e,7,Dnes je
BnAXORhlmEgFSnmr5BPzEaj813f2,8,1772556303213981000,1772556303206203000,7,Insert, ,8,Dnes je 
BnAXORhlmEgFSnmr5BPzEaj813f2,8,1772556303396750000,1772556303393084000,8,Insert,v,9,Dnes je v
BnAXORhlmEgFSnmr5BPzEaj813f2,8,1772556303502649000,1772556303498976000,9,Insert,o,10,Dnes je vo
BnAXORhlmEgFSnmr5BPzEaj813f2,8,1772556303721000000,1772556303713168000,10,Insert,n,11,Dnes je von
BnAXORhlmEgFSnmr5BPzEaj813f2,8,1772556303892434000,1772556303888661000,11,Insert,k,12,Dnes je vonk
BnAXORhlmEgFSnmr5BPzEaj813f2,8,1772556304074686000,1772556304070998000,12,Insert,u,13,Dnes je vonku
BnAXORhlmEgFSnmr5BPzEaj813f2,8,1772556304244373000,1772556304240379000,13,Insert, ,14,Dnes je vonku 
BnAXORhlmEgFSnmr5BPzEaj813f2,8,1772556305039852000,1772556305030256000,14,Insert,p,15,Dnes je vonku p
BnAXORhlmEgFSnmr5BPzEaj813f2,8,1772556305095212000,1772556305091137000,15,Insert,e,16,Dnes je vonku pe
BnAXORhlmEgFSnmr5BPzEaj813f2,8,1772556305332473000,1772556305325614000,16,Insert,k,17,Dnes je vonku pek
BnAXORhlmEgFSnmr5BPzEaj813f2,8,1772556305526647000,1772556305521342000,17,Insert,n,18,Dnes je vonku pekn
BnAXORhlmEgFSnmr5BPzEaj813f2,8,1772556305654482000,1772556305650604000,18,Insert,e,19,Dnes je vonku pekne
BnAXORhlmEgFSnmr5BPzEaj813f2,8,1772556307083322000,1772556307075334000,19,Insert,",",20,"Dnes je vonku pekne,"
BnAXORhlmEgFSnmr5BPzEaj813f2,8,1772556307542899000,1772556307536145000,20,Insert, ,21,"Dnes je vonku pekne, "
BnAXORhlmEgFSnmr5BPzEaj813f2,8,1772556307931023000,1772556307924703000,21,Insert,i,22,"Dnes je vonku pekne, i"
BnAXORhlmEgFSnmr5BPzEaj813f2,8,1772556308024648000,1772556308018234000,22,Insert,d,23,"Dnes je vonku pekne, id"
BnAXORhlmEgFSnmr5BPzEaj813f2,8,1772556308196126000,1772556308192339000,23,Insert,e,24,"Dnes je vonku pekne, ide"
BnAXORhlmEgFSnmr5BPzEaj813f2,8,1772556308273086000,1772556308267732000,24,Insert,m,25,"Dnes je vonku pekne, idem"
BnAXORhlmEgFSnmr5BPzEaj813f2,8,1772556308445857000,1772556308439277000,25,Insert, ,26,"Dnes je vonku pekne, idem "
BnAXORhlmEgFSnmr5BPzEaj813f2,8,1772556308718524000,1772556308714602000,26,Insert,v,27,"Dnes je vonku pekne, idem v"
BnAXORhlmEgFSnmr5BPzEaj813f2,8,1772556308836624000,1772556308832033000,27,Insert,o,28,"Dnes je vonku pekne, idem vo"
BnAXORhlmEgFSnmr5BPzEaj813f2,8,1772556309013132000,1772556309008581000,28,Insert,n,29,"Dnes je vonku pekne, idem von"
BnAXORhlmEgFSnmr5BPzEaj813f2,8,1772556309701146000,1772556309694163000,29,Delete,n,28,"Dnes je vonku pekne, idem vo"
BnAXORhlmEgFSnmr5BPzEaj813f2,8,1772556310538217000,1772556310531075000,28,Insert,n,29,"Dnes je vonku pekne, idem von"
BnAXORhlmEgFSnmr5BPzEaj813f2,8,1772556310686075000,1772556310681489000,29,Insert, ,30,"Dnes je vonku pekne, idem von "
BnAXORhlmEgFSnmr5BPzEaj813f2,8,1772556311081608000,1772556311074607000,30,Insert,s,31,"Dnes je vonku pekne, idem von s"
BnAXORhlmEgFSnmr5BPzEaj813f2,8,1772556311177627000,1772556311173389000,31,Insert,o,32,"Dnes je vonku pekne, idem von so"
BnAXORhlmEgFSnmr5BPzEaj813f2,8,1772556311475010000,1772556311468686000,32,Insert, ,33,"Dnes je vonku pekne, idem von so "
BnAXORhlmEgFSnmr5BPzEaj813f2,8,1772556311672088000,1772556311667987000,33,Insert,p,34,"Dnes je vonku pekne, idem von so p"
BnAXORhlmEgFSnmr5BPzEaj813f2,8,1772556311803649000,1772556311793609000,34,Insert,s,35,"Dnes je vonku pekne, idem von so ps"
BnAXORhlmEgFSnmr5BPzEaj813f2,8,1772556311935534000,1772556311930215000,35,Insert,o,36,"Dnes je vonku pekne, idem von so pso"
BnAXORhlmEgFSnmr5BPzEaj813f2,8,1772556312084936000,1772556312080972000,36,Insert,m,37,"Dnes je vonku pekne, idem von so psom"
BnAXORhlmEgFSnmr5BPzEaj813f2,8,1772556312244144000,1772556312240003000,37,Insert, ,38,"Dnes je vonku pekne, idem von so psom "
BnAXORhlmEgFSnmr5BPzEaj813f2,8,1772556312585787000,1772556312579752000,38,Insert,n,39,"Dnes je vonku pekne, idem von so psom n"
BnAXORhlmEgFSnmr5BPzEaj813f2,8,1772556312705920000,1772556312701638000,39,Insert,a,40,"Dnes je vonku pekne, idem von so psom na"
BnAXORhlmEgFSnmr5BPzEaj813f2,8,1772556312819166000,1772556312815067000,40,Insert, ,41,"Dnes je vonku pekne, idem von so psom na "
BnAXORhlmEgFSnmr5BPzEaj813f2,8,1772556313065243000,1772556313058910000,41,Insert,d,42,"Dnes je vonku pekne, idem von so psom na d"
BnAXORhlmEgFSnmr5BPzEaj813f2,8,1772556313279802000,1772556313275131000,42,Insert,b,43,"Dnes je vonku pekne, idem von so psom na db"
BnAXORhlmEgFSnmr5BPzEaj813f2,8,1772556313416590000,1772556313411883000,43,Insert,o,44,"Dnes je vonku pekne, idem von so psom na dbo"
BnAXORhlmEgFSnmr5BPzEaj813f2,8,1772556313749984000,1772556313745373000,44,Delete,o,43,"Dnes je vonku pekne, idem von so psom na db"
BnAXORhlmEgFSnmr5BPzEaj813f2,8,1772556313895227000,1772556313892473000,43,Delete,b,42,"Dnes je vonku pekne, idem von so psom na d"
BnAXORhlmEgFSnmr5BPzEaj813f2,8,1772556313981306000,1772556313977503000,42,Insert,v,43,"Dnes je vonku pekne, idem von so psom na dv"
BnAXORhlmEgFSnmr5BPzEaj813f2,8,1772556314159126000,1772556314155000000,43,Insert,o,44,"Dnes je vonku pekne, idem von so psom na dvo"
BnAXORhlmEgFSnmr5BPzEaj813f2,8,1772556314256370000,1772556314252081000,44,Insert,r,45,"Dnes je vonku pekne, idem von so psom na dvor"
BnAXORhlmEgFSnmr5BPzEaj813f2,8,1772556314937414000,1772556314927802000,45,Insert, ,46,"Dnes je vonku pekne, idem von so psom na dvor "
BnAXORhlmEgFSnmr5BPzEaj813f2,8,1772556315185920000,1772556315178890000,46,Insert,a,47,"Dnes je vonku pekne, idem von so psom na dvor a"
BnAXORhlmEgFSnmr5BPzEaj813f2,8,1772556315418354000,1772556315411458000,47,Insert, ,48,"Dnes je vonku pekne, idem von so psom na dvor a "
BnAXORhlmEgFSnmr5BPzEaj813f2,8,1772556315631430000,1772556315624365000,48,Insert,b,49,"Dnes je vonku pekne, idem von so psom na dvor a b"
BnAXORhlmEgFSnmr5BPzEaj813f2,8,1772556315798202000,1772556315792873000,49,Insert,u,50,"Dnes je vonku pekne, idem von so psom na dvor a bu"
BnAXORhlmEgFSnmr5BPzEaj813f2,9,1772556331943894000,1772556331929766000,0,Insert,D,1,D
BnAXORhlmEgFSnmr5BPzEaj813f2,9,1772556332067789000,1772556332064265000,1,Insert,n,2,Dn
BnAXORhlmEgFSnmr5BPzEaj813f2,9,1772556332187868000,1772556332183808000,2,Insert,e,3,Dne
BnAXORhlmEgFSnmr5BPzEaj813f2,9,1772556332338197000,1772556332334083000,3,Insert,s,4,Dnes
BnAXORhlmEgFSnmr5BPzEaj813f2,9,1772556332563491000,1772556332556055000,4,Insert, ,5,Dnes 
BnAXORhlmEgFSnmr5BPzEaj813f2,9,1772556332745454000,1772556332741206000,5,Insert,h,6,Dnes h
BnAXORhlmEgFSnmr5BPzEaj813f2,9,1772556333146665000,1772556333140660000,6,Insert,e,7,Dnes he
BnAXORhlmEgFSnmr5BPzEaj813f2,9,1772556333511546000,1772556333507635000,7,Delete,e,6,Dnes h
BnAXORhlmEgFSnmr5BPzEaj813f2,9,1772556335901863000,1772556335898567000,6,Delete,h,5,Dnes 
BnAXORhlmEgFSnmr5BPzEaj813f2,9,1772556337975497000,1772556337968873000,5,Insert,j,6,Dnes j
BnAXORhlmEgFSnmr5BPzEaj813f2,9,1772556338064992000,1772556338060981000,6,Insert,e,7,Dnes je
BnAXORhlmEgFSnmr5BPzEaj813f2,9,1772556338285034000,1772556338278648000,7,Insert, ,8,Dnes je 
BnAXORhlmEgFSnmr5BPzEaj813f2,9,1772556338476965000,1772556338473280000,8,Insert,v,9,Dnes je v
BnAXORhlmEgFSnmr5BPzEaj813f2,9,1772556338595314000,1772556338591017000,9,Insert,o,10,Dnes je vo
BnAXORhlmEgFSnmr5BPzEaj813f2,9,1772556338790435000,1772556338786579000,10,Insert,n,11,Dnes je von
BnAXORhlmEgFSnmr5BPzEaj813f2,9,1772556338976600000,1772556338972889000,11,Insert,k,12,Dnes je vonk
BnAXORhlmEgFSnmr5BPzEaj813f2,9,1772556339158328000,1772556339154540000,12,Insert,u,13,Dnes je vonku
BnAXORhlmEgFSnmr5BPzEaj813f2,9,1772556339298059000,1772556339294120000,13,Insert, ,14,Dnes je vonku 
BnAXORhlmEgFSnmr5BPzEaj813f2,9,1772556340003609000,1772556339995315000,14,Insert,p,15,Dnes je vonku p
BnAXORhlmEgFSnmr5BPzEaj813f2,9,1772556340126679000,1772556340122081000,15,Insert,r,16,Dnes je vonku pr
BnAXORhlmEgFSnmr5BPzEaj813f2,9,1772556340320171000,1772556340315956000,16,Insert,k,17,Dnes je vonku prk
BnAXORhlmEgFSnmr5BPzEaj813f2,9,1772556340470514000,1772556340465991000,17,Insert,n,18,Dnes je vonku prkn
BnAXORhlmEgFSnmr5BPzEaj813f2,9,1772556340701709000,1772556340697767000,18,Delete,n,17,Dnes je vonku prk
BnAXORhlmEgFSnmr5BPzEaj813f2,9,1772556340842127000,1772556340839651000,17,Delete,k,16,Dnes je vonku pr
BnAXORhlmEgFSnmr5BPzEaj813f2,9,1772556340970797000,1772556340968325000,16,Delete,r,15,Dnes je vonku p
BnAXORhlmEgFSnmr5BPzEaj813f2,9,1772556341345266000,1772556341338432000,15,Insert,e,16,Dnes je vonku pe
BnAXORhlmEgFSnmr5BPzEaj813f2,9,1772556341434812000,1772556341430715000,16,Insert,k,17,Dnes je vonku pek
BnAXORhlmEgFSnmr5BPzEaj813f2,9,1772556342009420000,1772556342005058000,17,Insert,n,18,Dnes je vonku pekn
BnAXORhlmEgFSnmr5BPzEaj813f2,9,1772556342241680000,1772556342232758000,18,Insert,e,19,Dnes je vonku pekne
BnAXORhlmEgFSnmr5BPzEaj813f2,9,1772556343688717000,1772556343681115000,19,Insert,",",20,"Dnes je vonku pekne,"
BnAXORhlmEgFSnmr5BPzEaj813f2,9,1772556344173276000,1772556344166070000,20,Insert, ,21,"Dnes je vonku pekne, "
BnAXORhlmEgFSnmr5BPzEaj813f2,9,1772556344783359000,1772556344774184000,21,Insert,i,22,"Dnes je vonku pekne, i"
BnAXORhlmEgFSnmr5BPzEaj813f2,9,1772556344873587000,1772556344869722000,22,Insert,d,23,"Dnes je vonku pekne, id"
BnAXORhlmEgFSnmr5BPzEaj813f2,9,1772556345048808000,1772556345044826000,23,Insert,e,24,"Dnes je vonku pekne, ide"
BnAXORhlmEgFSnmr5BPzEaj813f2,9,1772556345165539000,1772556345159271000,24,Insert,n,25,"Dnes je vonku pekne, iden"
BnAXORhlmEgFSnmr5BPzEaj813f2,9,1772556345315175000,1772556345310998000,25,Insert, ,26,"Dnes je vonku pekne, iden "
BnAXORhlmEgFSnmr5BPzEaj813f2,9,1772556346095215000,1772556346086246000,26,Delete, ,25,"Dnes je vonku pekne, iden"
BnAXORhlmEgFSnmr5BPzEaj813f2,9,1772556346592523000,1772556346588787000,25,Delete,n,24,"Dnes je vonku pekne, ide"
BnAXORhlmEgFSnmr5BPzEaj813f2,9,1772556346846011000,1772556346842104000,24,Insert,m,25,"Dnes je vonku pekne, idem"
BnAXORhlmEgFSnmr5BPzEaj813f2,9,1772556346985295000,1772556346979565000,25,Insert, ,26,"Dnes je vonku pekne, idem "
BnAXORhlmEgFSnmr5BPzEaj813f2,9,1772556347324112000,1772556347315613000,26,Insert,v,27,"Dnes je vonku pekne, idem v"
BnAXORhlmEgFSnmr5BPzEaj813f2,9,1772556347463034000,1772556347458316000,27,Insert,o,28,"Dnes je vonku pekne, idem vo"
BnAXORhlmEgFSnmr5BPzEaj813f2,9,1772556347625450000,1772556347621503000,28,Insert,n,29,"Dnes je vonku pekne, idem von"
BnAXORhlmEgFSnmr5BPzEaj813f2,9,1772556347779860000,1772556347775260000,29,Insert, ,30,"Dnes je vonku pekne, idem von "
BnAXORhlmEgFSnmr5BPzEaj813f2,9,1772556348187211000,1772556348180593000,30,Insert,s,31,"Dnes je vonku pekne, idem von s"
BnAXORhlmEgFSnmr5BPzEaj813f2,9,1772556348379348000,1772556348375134000,31,Insert,o,32,"Dnes je vonku pekne, idem von so"
BnAXORhlmEgFSnmr5BPzEaj813f2,9,1772556348550575000,1772556348545114000,32,Insert, ,33,"Dnes je vonku pekne, idem von so "
BnAXORhlmEgFSnmr5BPzEaj813f2,9,1772556349131079000,1772556349126657000,33,Insert,p,34,"Dnes je vonku pekne, idem von so p"
BnAXORhlmEgFSnmr5BPzEaj813f2,9,1772556349236103000,1772556349231636000,34,Insert,s,35,"Dnes je vonku pekne, idem von so ps"
BnAXORhlmEgFSnmr5BPzEaj813f2,9,1772556349378465000,1772556349373836000,35,Insert,o,36,"Dnes je vonku pekne, idem von so pso"
BnAXORhlmEgFSnmr5BPzEaj813f2,9,1772556349532999000,1772556349527963000,36,Insert,m,37,"Dnes je vonku pekne, idem von so psom"
BnAXORhlmEgFSnmr5BPzEaj813f2,9,1772556349673835000,1772556349669432000,37,Insert, ,38,"Dnes je vonku pekne, idem von so psom "
BnAXORhlmEgFSnmr5BPzEaj813f2,9,1772556349984944000,1772556349979864000,38,Insert,n,39,"Dnes je vonku pekne, idem von so psom n"
BnAXORhlmEgFSnmr5BPzEaj813f2,9,1772556350098592000,1772556350094243000,39,Insert,a,40,"Dnes je vonku pekne, idem von so psom na"
BnAXORhlmEgFSnmr5BPzEaj813f2,9,1772556350314407000,1772556350310256000,40,Insert, ,41,"Dnes je vonku pekne, idem von so psom na "
BnAXORhlmEgFSnmr5BPzEaj813f2,9,1772556350553581000,1772556350545711000,41,Insert,d,42,"Dnes je vonku pekne, idem von so psom na d"
BnAXORhlmEgFSnmr5BPzEaj813f2,9,1772556351282003000,1772556351276571000,42,Delete,d,41,"Dnes je vonku pekne, idem von so psom na "
BnAXORhlmEgFSnmr5BPzEaj813f2,9,1772556351459295000,1772556351454946000,41,Insert,v,42,"Dnes je vonku pekne, idem von so psom na v"
BnAXORhlmEgFSnmr5BPzEaj813f2,9,1772556351926535000,1772556351922495000,42,Delete,v,41,"Dnes je vonku pekne, idem von so psom na "
BnAXORhlmEgFSnmr5BPzEaj813f2,9,1772556352221793000,1772556352215022000,41,Insert,d,42,"Dnes je vonku pekne, idem von so psom na d"
BnAXORhlmEgFSnmr5BPzEaj813f2,9,1772556352489004000,1772556352481617000,42,Insert,c,43,"Dnes je vonku pekne, idem von so psom na dc"
BnAXORhlmEgFSnmr5BPzEaj813f2,9,1772556352904117000,1772556352900155000,43,Delete,c,42,"Dnes je vonku pekne, idem von so psom na d"
BnAXORhlmEgFSnmr5BPzEaj813f2,9,1772556353035570000,1772556353029990000,42,Insert,v,43,"Dnes je vonku pekne, idem von so psom na dv"
BnAXORhlmEgFSnmr5BPzEaj813f2,9,1772556353295101000,1772556353288827000,43,Insert,o,44,"Dnes je vonku pekne, idem von so psom na dvo"
BnAXORhlmEgFSnmr5BPzEaj813f2,9,1772556353623981000,1772556353616985000,44,Insert,r,45,"Dnes je vonku pekne, idem von so psom na dvor"
BnAXORhlmEgFSnmr5BPzEaj813f2,9,1772556357675581000,1772556357661532000,45,Insert, ,46,"Dnes je vonku pekne, idem von so psom na dvor "
BnAXORhlmEgFSnmr5BPzEaj813f2,9,1772556358066554000,1772556358060512000,46,Insert,a,47,"Dnes je vonku pekne, idem von so psom na dvor a"
BnAXORhlmEgFSnmr5BPzEaj813f2,9,1772556358288322000,1772556358280691000,47,Insert, ,48,"Dnes je vonku pekne, idem von so psom na dvor a "
BnAXORhlmEgFSnmr5BPzEaj813f2,9,1772556358444729000,1772556358438203000,48,Insert,b,49,"Dnes je vonku pekne, idem von so psom na dvor a b"
BnAXORhlmEgFSnmr5BPzEaj813f2,9,1772556358613051000,1772556358608606000,49,Insert,u,50,"Dnes je vonku pekne, idem von so psom na dvor a bu"
BnAXORhlmEgFSnmr5BPzEaj813f2,10,1772556371121209000,1772556371110241000,0,Insert,D,1,D
BnAXORhlmEgFSnmr5BPzEaj813f2,10,1772556371364606000,1772556371360200000,1,Insert,n,2,Dn
BnAXORhlmEgFSnmr5BPzEaj813f2,10,1772556371434089000,1772556371429932000,2,Insert,e,3,Dne
BnAXORhlmEgFSnmr5BPzEaj813f2,10,1772556371588122000,1772556371584278000,3,Insert,s,4,Dnes
BnAXORhlmEgFSnmr5BPzEaj813f2,10,1772556371782448000,1772556371773760000,4,Insert, ,5,Dnes 
BnAXORhlmEgFSnmr5BPzEaj813f2,10,1772556371891718000,1772556371887520000,5,Insert,j,6,Dnes j
BnAXORhlmEgFSnmr5BPzEaj813f2,10,1772556372029058000,1772556372025175000,6,Insert,e,7,Dnes je
BnAXORhlmEgFSnmr5BPzEaj813f2,10,1772556372211856000,1772556372207723000,7,Insert, ,8,Dnes je 
BnAXORhlmEgFSnmr5BPzEaj813f2,10,1772556372374929000,1772556372371177000,8,Insert,v,9,Dnes je v
BnAXORhlmEgFSnmr5BPzEaj813f2,10,1772556372501083000,1772556372496022000,9,Insert,o,10,Dnes je vo
BnAXORhlmEgFSnmr5BPzEaj813f2,10,1772556372732593000,1772556372724379000,10,Insert,b,11,Dnes je vob
BnAXORhlmEgFSnmr5BPzEaj813f2,10,1772556372973478000,1772556372965498000,11,Insert,k,12,Dnes je vobk
BnAXORhlmEgFSnmr5BPzEaj813f2,10,1772556373297963000,1772556373293783000,12,Delete,k,11,Dnes je vob
BnAXORhlmEgFSnmr5BPzEaj813f2,10,1772556373434118000,1772556373431460000,11,Delete,b,10,Dnes je vo
BnAXORhlmEgFSnmr5BPzEaj813f2,10,1772556373795636000,1772556373789009000,10,Insert,n,11,Dnes je von
BnAXORhlmEgFSnmr5BPzEaj813f2,10,1772556373979962000,1772556373975688000,11,Insert,k,12,Dnes je vonk
BnAXORhlmEgFSnmr5BPzEaj813f2,10,1772556374130814000,1772556374126679000,12,Insert,u,13,Dnes je vonku
BnAXORhlmEgFSnmr5BPzEaj813f2,10,1772556374276163000,1772556374272389000,13,Insert, ,14,Dnes je vonku 
BnAXORhlmEgFSnmr5BPzEaj813f2,10,1772556374753340000,1772556374749015000,14,Delete, ,13,Dnes je vonku
BnAXORhlmEgFSnmr5BPzEaj813f2,10,1772556375890430000,1772556375883636000,13,Insert,",",14,"Dnes je vonku,"
BnAXORhlmEgFSnmr5BPzEaj813f2,10,1772556376181124000,1772556376177242000,14,Insert, ,15,"Dnes je vonku, "
BnAXORhlmEgFSnmr5BPzEaj813f2,10,1772556378014634000,1772556378009596000,15,Delete, ,14,"Dnes je vonku,"
BnAXORhlmEgFSnmr5BPzEaj813f2,10,1772556378153798000,1772556378151298000,14,Delete,",",13,Dnes je vonku
BnAXORhlmEgFSnmr5BPzEaj813f2,10,1772556378468348000,1772556378460367000,13,Insert, ,14,Dnes je vonku 
BnAXORhlmEgFSnmr5BPzEaj813f2,10,1772556378672876000,1772556378668983000,14,Insert,p,15,Dnes je vonku p
BnAXORhlmEgFSnmr5BPzEaj813f2,10,1772556378840811000,1772556378836925000,15,Insert,e,16,Dnes je vonku pe
BnAXORhlmEgFSnmr5BPzEaj813f2,10,1772556378982827000,1772556378978818000,16,Insert,k,17,Dnes je vonku pek
BnAXORhlmEgFSnmr5BPzEaj813f2,10,1772556379202986000,1772556379196387000,17,Insert,n,18,Dnes je vonku pekn
BnAXORhlmEgFSnmr5BPzEaj813f2,10,1772556379351321000,1772556379347352000,18,Insert,e,19,Dnes je vonku pekne
BnAXORhlmEgFSnmr5BPzEaj813f2,10,1772556380763913000,1772556380755436000,19,Insert,",",20,"Dnes je vonku pekne,"
BnAXORhlmEgFSnmr5BPzEaj813f2,10,1772556381121744000,1772556381114149000,20,Insert, ,21,"Dnes je vonku pekne, "
BnAXORhlmEgFSnmr5BPzEaj813f2,10,1772556381662924000,1772556381659960000,21,Insert,i,22,"Dnes je vonku pekne, i"
BnAXORhlmEgFSnmr5BPzEaj813f2,10,1772556381753885000,1772556381749930000,22,Insert,d,23,"Dnes je vonku pekne, id"
BnAXORhlmEgFSnmr5BPzEaj813f2,10,1772556381919594000,1772556381915829000,23,Insert,e,24,"Dnes je vonku pekne, ide"
BnAXORhlmEgFSnmr5BPzEaj813f2,10,1772556382018036000,1772556382014287000,24,Insert,m,25,"Dnes je vonku pekne, idem"
BnAXORhlmEgFSnmr5BPzEaj813f2,10,1772556382136833000,1772556382132393000,25,Insert, ,26,"Dnes je vonku pekne, idem "
BnAXORhlmEgFSnmr5BPzEaj813f2,10,1772556382297900000,1772556382294127000,26,Insert,v,27,"Dnes je vonku pekne, idem v"
BnAXORhlmEgFSnmr5BPzEaj813f2,10,1772556382395901000,1772556382392207000,27,Insert,o,28,"Dnes je vonku pekne, idem vo"
BnAXORhlmEgFSnmr5BPzEaj813f2,10,1772556382582689000,1772556382578660000,28,Insert,n,29,"Dnes je vonku pekne, idem von"
BnAXORhlmEgFSnmr5BPzEaj813f2,10,1772556382766254000,1772556382761855000,29,Insert, ,30,"Dnes je vonku pekne, idem von "
BnAXORhlmEgFSnmr5BPzEaj813f2,10,1772556383154015000,1772556383147492000,30,Insert,s,31,"Dnes je vonku pekne, idem von s"
BnAXORhlmEgFSnmr5BPzEaj813f2,10,1772556383269076000,1772556383264844000,31,Insert,o,32,"Dnes je vonku pekne, idem von so"
BnAXORhlmEgFSnmr5BPzEaj813f2,10,1772556383428457000,1772556383423944000,32,Insert, ,33,"Dnes je vonku pekne, idem von so "
BnAXORhlmEgFSnmr5BPzEaj813f2,10,1772556383800051000,1772556383793752000,33,Insert,p,34,"Dnes je vonku pekne, idem von so p"
BnAXORhlmEgFSnmr5BPzEaj813f2,10,1772556383897801000,1772556383894023000,34,Insert,s,35,"Dnes je vonku pekne, idem von so ps"
BnAXORhlmEgFSnmr5BPzEaj813f2,10,1772556384184914000,1772556384178191000,35,Insert,o,36,"Dnes je vonku pekne, idem von so pso"
BnAXORhlmEgFSnmr5BPzEaj813f2,10,1772556384358872000,1772556384352377000,36,Insert,m,37,"Dnes je vonku pekne, idem von so psom"
BnAXORhlmEgFSnmr5BPzEaj813f2,10,1772556384554815000,1772556384550511000,37,Insert, ,38,"Dnes je vonku pekne, idem von so psom "
BnAXORhlmEgFSnmr5BPzEaj813f2,10,1772556384976743000,1772556384970849000,38,Insert,b,39,"Dnes je vonku pekne, idem von so psom b"
BnAXORhlmEgFSnmr5BPzEaj813f2,10,1772556385120585000,1772556385116478000,39,Insert,a,40,"Dnes je vonku pekne, idem von so psom ba"
BnAXORhlmEgFSnmr5BPzEaj813f2,10,1772556385480361000,1772556385472118000,40,Insert, ,41,"Dnes je vonku pekne, idem von so psom ba "
BnAXORhlmEgFSnmr5BPzEaj813f2,10,1772556385678923000,1772556385675633000,41,Delete, ,40,"Dnes je vonku pekne, idem von so psom ba"
BnAXORhlmEgFSnmr5BPzEaj813f2,10,1772556385815587000,1772556385810880000,40,Delete,a,39,"Dnes je vonku pekne, idem von so psom b"
BnAXORhlmEgFSnmr5BPzEaj813f2,10,1772556385918156000,1772556385914856000,39,Delete,b,38,"Dnes je vonku pekne, idem von so psom "
BnAXORhlmEgFSnmr5BPzEaj813f2,10,1772556386434510000,1772556386428415000,38,Insert,n,39,"Dnes je vonku pekne, idem von so psom n"
BnAXORhlmEgFSnmr5BPzEaj813f2,10,1772556386587589000,1772556386582958000,39,Insert,a,40,"Dnes je vonku pekne, idem von so psom na"
BnAXORhlmEgFSnmr5BPzEaj813f2,10,1772556386695531000,1772556386689334000,40,Insert, ,41,"Dnes je vonku pekne, idem von so psom na "
BnAXORhlmEgFSnmr5BPzEaj813f2,10,1772556386895181000,1772556386890260000,41,Insert,d,42,"Dnes je vonku pekne, idem von so psom na d"
BnAXORhlmEgFSnmr5BPzEaj813f2,10,1772556387128663000,1772556387122364000,42,Insert,v,43,"Dnes je vonku pekne, idem von so psom na dv"
BnAXORhlmEgFSnmr5BPzEaj813f2,10,1772556387247590000,1772556387240065000,43,Insert,o,44,"Dnes je vonku pekne, idem von so psom na dvo"
BnAXORhlmEgFSnmr5BPzEaj813f2,10,1772556387439825000,1772556387435967000,44,Insert,r,45,"Dnes je vonku pekne, idem von so psom na dvor"
BnAXORhlmEgFSnmr5BPzEaj813f2,10,1772556387931527000,1772556387922969000,45,Insert, ,46,"Dnes je vonku pekne, idem von so psom na dvor "
BnAXORhlmEgFSnmr5BPzEaj813f2,10,1772556388119610000,1772556388111539000,46,Insert,a,47,"Dnes je vonku pekne, idem von so psom na dvor a"
BnAXORhlmEgFSnmr5BPzEaj813f2,10,1772556388315131000,1772556388308644000,47,Insert, ,48,"Dnes je vonku pekne, idem von so psom na dvor a "
BnAXORhlmEgFSnmr5BPzEaj813f2,10,1772556388420343000,1772556388415183000,48,Insert,b,49,"Dnes je vonku pekne, idem von so psom na dvor a b"
BnAXORhlmEgFSnmr5BPzEaj813f2,10,1772556388606504000,1772556388601847000,49,Insert,u,50,"Dnes je vonku pekne, idem von so psom na dvor a bu"
BnAXORhlmEgFSnmr5BPzEaj813f2,11,1772556400414807000,1772556400408105000,0,Insert,D,1,D
BnAXORhlmEgFSnmr5BPzEaj813f2,11,1772556400528657000,1772556400523689000,1,Insert,n,2,Dn
BnAXORhlmEgFSnmr5BPzEaj813f2,11,1772556400647178000,1772556400643380000,2,Insert,e,3,Dne
BnAXORhlmEgFSnmr5BPzEaj813f2,11,1772556400782368000,1772556400778553000,3,Insert,s,4,Dnes
BnAXORhlmEgFSnmr5BPzEaj813f2,11,1772556401003306000,1772556400994649000,4,Insert, ,5,Dnes 
BnAXORhlmEgFSnmr5BPzEaj813f2,11,1772556401107546000,1772556401103837000,5,Insert,j,6,Dnes j
BnAXORhlmEgFSnmr5BPzEaj813f2,11,1772556401234475000,1772556401230271000,6,Insert,e,7,Dnes je
BnAXORhlmEgFSnmr5BPzEaj813f2,11,1772556401428662000,1772556401424451000,7,Insert, ,8,Dnes je 
BnAXORhlmEgFSnmr5BPzEaj813f2,11,1772556401589699000,1772556401586073000,8,Insert,v,9,Dnes je v
BnAXORhlmEgFSnmr5BPzEaj813f2,11,1772556401688487000,1772556401684742000,9,Insert,o,10,Dnes je vo
BnAXORhlmEgFSnmr5BPzEaj813f2,11,1772556401955876000,1772556401950095000,10,Insert,n,11,Dnes je von
BnAXORhlmEgFSnmr5BPzEaj813f2,11,1772556402149374000,1772556402144129000,11,Insert,k,12,Dnes je vonk
BnAXORhlmEgFSnmr5BPzEaj813f2,11,1772556402310091000,1772556402306513000,12,Insert,u,13,Dnes je vonku
BnAXORhlmEgFSnmr5BPzEaj813f2,11,1772556402818297000,1772556402811181000,13,Insert, ,14,Dnes je vonku 
BnAXORhlmEgFSnmr5BPzEaj813f2,11,1772556402973114000,1772556402969422000,14,Insert,p,15,Dnes je vonku p
BnAXORhlmEgFSnmr5BPzEaj813f2,11,1772556403111744000,1772556403108098000,15,Insert,e,16,Dnes je vonku pe
BnAXORhlmEgFSnmr5BPzEaj813f2,11,1772556403227718000,1772556403223874000,16,Insert,k,17,Dnes je vonku pek
BnAXORhlmEgFSnmr5BPzEaj813f2,11,1772556403395493000,1772556403391763000,17,Insert,n,18,Dnes je vonku pekn
BnAXORhlmEgFSnmr5BPzEaj813f2,11,1772556403615189000,1772556403608644000,18,Insert,e,19,Dnes je vonku pekne
BnAXORhlmEgFSnmr5BPzEaj813f2,11,1772556404423395000,1772556404414115000,19,Insert,",",20,"Dnes je vonku pekne,"
BnAXORhlmEgFSnmr5BPzEaj813f2,11,1772556404829011000,1772556404822369000,20,Insert, ,21,"Dnes je vonku pekne, "
BnAXORhlmEgFSnmr5BPzEaj813f2,11,1772556405581640000,1772556405574838000,21,Insert,i,22,"Dnes je vonku pekne, i"
BnAXORhlmEgFSnmr5BPzEaj813f2,11,1772556405665690000,1772556405661896000,22,Insert,d,23,"Dnes je vonku pekne, id"
BnAXORhlmEgFSnmr5BPzEaj813f2,11,1772556405831868000,1772556405827974000,23,Insert,e,24,"Dnes je vonku pekne, ide"
BnAXORhlmEgFSnmr5BPzEaj813f2,11,1772556405904615000,1772556405900882000,24,Insert,m,25,"Dnes je vonku pekne, idem"
BnAXORhlmEgFSnmr5BPzEaj813f2,11,1772556406089996000,1772556406085993000,25,Insert, ,26,"Dnes je vonku pekne, idem "
BnAXORhlmEgFSnmr5BPzEaj813f2,11,1772556406490383000,1772556406486199000,26,Insert,v,27,"Dnes je vonku pekne, idem v"
BnAXORhlmEgFSnmr5BPzEaj813f2,11,1772556406645571000,1772556406641890000,27,Insert,o,28,"Dnes je vonku pekne, idem vo"
BnAXORhlmEgFSnmr5BPzEaj813f2,11,1772556406843532000,1772556406835870000,28,Insert,n,29,"Dnes je vonku pekne, idem von"
BnAXORhlmEgFSnmr5BPzEaj813f2,11,1772556406984571000,1772556406980735000,29,Insert, ,30,"Dnes je vonku pekne, idem von "
BnAXORhlmEgFSnmr5BPzEaj813f2,11,1772556407347303000,1772556407340600000,30,Insert,s,31,"Dnes je vonku pekne, idem von s"
BnAXORhlmEgFSnmr5BPzEaj813f2,11,1772556407635562000,1772556407628756000,31,Insert,o,32,"Dnes je vonku pekne, idem von so"
BnAXORhlmEgFSnmr5BPzEaj813f2,11,1772556407861621000,1772556407854708000,32,Insert, ,33,"Dnes je vonku pekne, idem von so "
BnAXORhlmEgFSnmr5BPzEaj813f2,11,1772556408137752000,1772556408131747000,33,Insert,p,34,"Dnes je vonku pekne, idem von so p"
BnAXORhlmEgFSnmr5BPzEaj813f2,11,1772556408263700000,1772556408258151000,34,Insert,s,35,"Dnes je vonku pekne, idem von so ps"
BnAXORhlmEgFSnmr5BPzEaj813f2,11,1772556408434865000,1772556408430354000,35,Insert,o,36,"Dnes je vonku pekne, idem von so pso"
BnAXORhlmEgFSnmr5BPzEaj813f2,11,1772556408647100000,1772556408640061000,36,Insert,m,37,"Dnes je vonku pekne, idem von so psom"
BnAXORhlmEgFSnmr5BPzEaj813f2,11,1772556408839179000,1772556408834784000,37,Insert, ,38,"Dnes je vonku pekne, idem von so psom "
BnAXORhlmEgFSnmr5BPzEaj813f2,11,1772556410212902000,1772556410205359000,38,Insert,b,39,"Dnes je vonku pekne, idem von so psom b"
BnAXORhlmEgFSnmr5BPzEaj813f2,11,1772556410606640000,1772556410599245000,39,Insert,a,40,"Dnes je vonku pekne, idem von so psom ba"
BnAXORhlmEgFSnmr5BPzEaj813f2,11,1772556410933308000,1772556410928969000,40,Delete,a,39,"Dnes je vonku pekne, idem von so psom b"
BnAXORhlmEgFSnmr5BPzEaj813f2,11,1772556411058865000,1772556411053959000,39,Delete,b,38,"Dnes je vonku pekne, idem von so psom "
BnAXORhlmEgFSnmr5BPzEaj813f2,11,1772556411428296000,1772556411420223000,38,Insert,n,39,"Dnes je vonku pekne, idem von so psom n"
BnAXORhlmEgFSnmr5BPzEaj813f2,11,1772556411496840000,1772556411492292000,39,Insert,a,40,"Dnes je vonku pekne, idem von so psom na"
BnAXORhlmEgFSnmr5BPzEaj813f2,11,1772556412064591000,1772556412054229000,40,Insert, ,41,"Dnes je vonku pekne, idem von so psom na "
BnAXORhlmEgFSnmr5BPzEaj813f2,11,1772556412177439000,1772556412172757000,41,Insert,d,42,"Dnes je vonku pekne, idem von so psom na d"
BnAXORhlmEgFSnmr5BPzEaj813f2,11,1772556412391602000,1772556412385393000,42,Insert,v,43,"Dnes je vonku pekne, idem von so psom na dv"
BnAXORhlmEgFSnmr5BPzEaj813f2,11,1772556412503062000,1772556412497712000,43,Insert,o,44,"Dnes je vonku pekne, idem von so psom na dvo"
BnAXORhlmEgFSnmr5BPzEaj813f2,11,1772556412653232000,1772556412650279000,44,Insert,t,45,"Dnes je vonku pekne, idem von so psom na dvot"
BnAXORhlmEgFSnmr5BPzEaj813f2,11,1772556413715411000,1772556413708458000,45,Delete,t,44,"Dnes je vonku pekne, idem von so psom na dvo"
BnAXORhlmEgFSnmr5BPzEaj813f2,11,1772556413888378000,1772556413881538000,44,Insert,r,45,"Dnes je vonku pekne, idem von so psom na dvor"
BnAXORhlmEgFSnmr5BPzEaj813f2,11,1772556414184456000,1772556414177763000,45,Insert, ,46,"Dnes je vonku pekne, idem von so psom na dvor "
BnAXORhlmEgFSnmr5BPzEaj813f2,11,1772556414474923000,1772556414469210000,46,Insert,a,47,"Dnes je vonku pekne, idem von so psom na dvor a"
BnAXORhlmEgFSnmr5BPzEaj813f2,11,1772556414689044000,1772556414682358000,47,Insert, ,48,"Dnes je vonku pekne, idem von so psom na dvor a "
BnAXORhlmEgFSnmr5BPzEaj813f2,11,1772556414909476000,1772556414905192000,48,Insert,b,49,"Dnes je vonku pekne, idem von so psom na dvor a b"
BnAXORhlmEgFSnmr5BPzEaj813f2,11,1772556415049026000,1772556415042976000,49,Insert,u,50,"Dnes je vonku pekne, idem von so psom na dvor a bu"
BnAXORhlmEgFSnmr5BPzEaj813f2,12,1772556425513368000,1772556425507461000,0,Insert,D,1,D
BnAXORhlmEgFSnmr5BPzEaj813f2,12,1772556425676123000,1772556425670567000,1,Insert,n,2,Dn
BnAXORhlmEgFSnmr5BPzEaj813f2,12,1772556425766454000,1772556425762800000,2,Insert,e,3,Dne
BnAXORhlmEgFSnmr5BPzEaj813f2,12,1772556425918442000,1772556425914935000,3,Insert,s,4,Dnes
BnAXORhlmEgFSnmr5BPzEaj813f2,12,1772556426099294000,1772556426095365000,4,Insert, ,5,Dnes 
BnAXORhlmEgFSnmr5BPzEaj813f2,12,1772556427525119000,1772556427518135000,5,Insert,j,6,Dnes j
BnAXORhlmEgFSnmr5BPzEaj813f2,12,1772556427729527000,1772556427725417000,6,Insert,e,7,Dnes je
BnAXORhlmEgFSnmr5BPzEaj813f2,12,1772556427954084000,1772556427947323000,7,Insert, ,8,Dnes je 
BnAXORhlmEgFSnmr5BPzEaj813f2,12,1772556428137524000,1772556428133772000,8,Insert,v,9,Dnes je v
BnAXORhlmEgFSnmr5BPzEaj813f2,12,1772556428253273000,1772556428249574000,9,Insert,o,10,Dnes je vo
BnAXORhlmEgFSnmr5BPzEaj813f2,12,1772556428439064000,1772556428435367000,10,Insert,n,11,Dnes je von
BnAXORhlmEgFSnmr5BPzEaj813f2,12,1772556428608195000,1772556428604552000,11,Insert,k,12,Dnes je vonk
BnAXORhlmEgFSnmr5BPzEaj813f2,12,1772556428814953000,1772556428808836000,12,Insert,u,13,Dnes je vonku
BnAXORhlmEgFSnmr5BPzEaj813f2,12,1772556428955898000,1772556428951948000,13,Insert, ,14,Dnes je vonku 
BnAXORhlmEgFSnmr5BPzEaj813f2,12,1772556429805938000,1772556429802310000,14,Insert,p,15,Dnes je vonku p
BnAXORhlmEgFSnmr5BPzEaj813f2,12,1772556429898239000,1772556429894367000,15,Insert,e,16,Dnes je vonku pe
BnAXORhlmEgFSnmr5BPzEaj813f2,12,1772556430050631000,1772556430046370000,16,Insert,k,17,Dnes je vonku pek
BnAXORhlmEgFSnmr5BPzEaj813f2,12,1772556430253716000,1772556430249425000,17,Insert,n,18,Dnes je vonku pekn
BnAXORhlmEgFSnmr5BPzEaj813f2,12,1772556430480121000,1772556430474198000,18,Insert,e,19,Dnes je vonku pekne
BnAXORhlmEgFSnmr5BPzEaj813f2,12,1772556431278063000,1772556431271390000,19,Insert,",",20,"Dnes je vonku pekne,"
BnAXORhlmEgFSnmr5BPzEaj813f2,12,1772556432886725000,1772556432882926000,20,Insert, ,21,"Dnes je vonku pekne, "
BnAXORhlmEgFSnmr5BPzEaj813f2,12,1772556433287150000,1772556433279475000,21,Insert,i,22,"Dnes je vonku pekne, i"
BnAXORhlmEgFSnmr5BPzEaj813f2,12,1772556433364281000,1772556433360348000,22,Insert,d,23,"Dnes je vonku pekne, id"
BnAXORhlmEgFSnmr5BPzEaj813f2,12,1772556433528127000,1772556433523498000,23,Insert,e,24,"Dnes je vonku pekne, ide"
BnAXORhlmEgFSnmr5BPzEaj813f2,12,1772556433610068000,1772556433605812000,24,Insert,m,25,"Dnes je vonku pekne, idem"
BnAXORhlmEgFSnmr5BPzEaj813f2,12,1772556433754501000,1772556433750012000,25,Insert, ,26,"Dnes je vonku pekne, idem "
BnAXORhlmEgFSnmr5BPzEaj813f2,12,1772556433930346000,1772556433926360000,26,Insert,v,27,"Dnes je vonku pekne, idem v"
BnAXORhlmEgFSnmr5BPzEaj813f2,12,1772556434020881000,1772556434017045000,27,Insert,o,28,"Dnes je vonku pekne, idem vo"
BnAXORhlmEgFSnmr5BPzEaj813f2,12,1772556434194673000,1772556434189396000,28,Insert,n,29,"Dnes je vonku pekne, idem von"
BnAXORhlmEgFSnmr5BPzEaj813f2,12,1772556434388471000,1772556434384432000,29,Insert, ,30,"Dnes je vonku pekne, idem von "
BnAXORhlmEgFSnmr5BPzEaj813f2,12,1772556434748387000,1772556434741827000,30,Insert,s,31,"Dnes je vonku pekne, idem von s"
BnAXORhlmEgFSnmr5BPzEaj813f2,12,1772556435177083000,1772556435172536000,31,Insert,o,32,"Dnes je vonku pekne, idem von so"
BnAXORhlmEgFSnmr5BPzEaj813f2,12,1772556435273922000,1772556435269828000,32,Insert, ,33,"Dnes je vonku pekne, idem von so "
BnAXORhlmEgFSnmr5BPzEaj813f2,12,1772556435467994000,1772556435463983000,33,Insert,p,34,"Dnes je vonku pekne, idem von so p"
BnAXORhlmEgFSnmr5BPzEaj813f2,12,1772556435604193000,1772556435600575000,34,Insert,s,35,"Dnes je vonku pekne, idem von so ps"
BnAXORhlmEgFSnmr5BPzEaj813f2,12,1772556435741293000,1772556435737583000,35,Insert,o,36,"Dnes je vonku pekne, idem von so pso"
BnAXORhlmEgFSnmr5BPzEaj813f2,12,1772556435919597000,1772556435915790000,36,Insert,n,37,"Dnes je vonku pekne, idem von so pson"
BnAXORhlmEgFSnmr5BPzEaj813f2,12,1772556436137357000,1772556436130684000,37,Insert, ,38,"Dnes je vonku pekne, idem von so pson "
BnAXORhlmEgFSnmr5BPzEaj813f2,12,1772556436579643000,1772556436575850000,38,Delete, ,37,"Dnes je vonku pekne, idem von so pson"
BnAXORhlmEgFSnmr5BPzEaj813f2,12,1772556436724622000,1772556436721571000,37,Delete,n,36,"Dnes je vonku pekne, idem von so pso"
BnAXORhlmEgFSnmr5BPzEaj813f2,12,1772556436967927000,1772556436964140000,36,Insert,m,37,"Dnes je vonku pekne, idem von so psom"
BnAXORhlmEgFSnmr5BPzEaj813f2,12,1772556437094421000,1772556437090327000,37,Insert, ,38,"Dnes je vonku pekne, idem von so psom "
BnAXORhlmEgFSnmr5BPzEaj813f2,12,1772556437815782000,1772556437811089000,38,Insert,n,39,"Dnes je vonku pekne, idem von so psom n"
BnAXORhlmEgFSnmr5BPzEaj813f2,12,1772556437936276000,1772556437930342000,39,Insert,a,40,"Dnes je vonku pekne, idem von so psom na"
BnAXORhlmEgFSnmr5BPzEaj813f2,12,1772556438070532000,1772556438063512000,40,Insert, ,41,"Dnes je vonku pekne, idem von so psom na "
BnAXORhlmEgFSnmr5BPzEaj813f2,12,1772556438197837000,1772556438194079000,41,Insert,d,42,"Dnes je vonku pekne, idem von so psom na d"
BnAXORhlmEgFSnmr5BPzEaj813f2,12,1772556438372986000,1772556438368452000,42,Insert,v,43,"Dnes je vonku pekne, idem von so psom na dv"
BnAXORhlmEgFSnmr5BPzEaj813f2,12,1772556438563985000,1772556438560185000,43,Insert,o,44,"Dnes je vonku pekne, idem von so psom na dvo"
BnAXORhlmEgFSnmr5BPzEaj813f2,12,1772556438702499000,1772556438697790000,44,Insert,r,45,"Dnes je vonku pekne, idem von so psom na dvor"
BnAXORhlmEgFSnmr5BPzEaj813f2,12,1772556438966540000,1772556438959997000,45,Insert, ,46,"Dnes je vonku pekne, idem von so psom na dvor "
BnAXORhlmEgFSnmr5BPzEaj813f2,12,1772556439707359000,1772556439698382000,46,Insert,a,47,"Dnes je vonku pekne, idem von so psom na dvor a"
BnAXORhlmEgFSnmr5BPzEaj813f2,12,1772556439905780000,1772556439900904000,47,Insert, ,48,"Dnes je vonku pekne, idem von so psom na dvor a "
BnAXORhlmEgFSnmr5BPzEaj813f2,12,1772556440013382000,1772556440008757000,48,Insert,b,49,"Dnes je vonku pekne, idem von so psom na dvor a b"
BnAXORhlmEgFSnmr5BPzEaj813f2,12,1772556440179520000,1772556440174578000,49,Insert,u,50,"Dnes je vonku pekne, idem von so psom na dvor a bu"
BnAXORhlmEgFSnmr5BPzEaj813f2,13,1772556451874997000,1772556451871311000,0,Insert,D,1,D
BnAXORhlmEgFSnmr5BPzEaj813f2,13,1772556452033924000,1772556452029917000,1,Insert,n,2,Dn
BnAXORhlmEgFSnmr5BPzEaj813f2,13,1772556452155342000,1772556452149893000,2,Insert,e,3,Dne
BnAXORhlmEgFSnmr5BPzEaj813f2,13,1772556452319994000,1772556452316385000,3,Insert,s,4,Dnes
BnAXORhlmEgFSnmr5BPzEaj813f2,13,1772556452503475000,1772556452499646000,4,Insert, ,5,Dnes 
BnAXORhlmEgFSnmr5BPzEaj813f2,13,1772556453452547000,1772556453448863000,5,Insert,j,6,Dnes j
BnAXORhlmEgFSnmr5BPzEaj813f2,13,1772556453566925000,1772556453563383000,6,Insert,e,7,Dnes je
BnAXORhlmEgFSnmr5BPzEaj813f2,13,1772556453811252000,1772556453803941000,7,Insert, ,8,Dnes je 
BnAXORhlmEgFSnmr5BPzEaj813f2,13,1772556453996745000,1772556453993097000,8,Insert,v,9,Dnes je v
BnAXORhlmEgFSnmr5BPzEaj813f2,13,1772556454557271000,1772556454550492000,9,Insert,o,10,Dnes je vo
BnAXORhlmEgFSnmr5BPzEaj813f2,13,1772556454760407000,1772556454754641000,10,Insert,n,11,Dnes je von
BnAXORhlmEgFSnmr5BPzEaj813f2,13,1772556454928105000,1772556454922185000,11,Insert,k,12,Dnes je vonk
BnAXORhlmEgFSnmr5BPzEaj813f2,13,1772556455109951000,1772556455106352000,12,Insert,u,13,Dnes je vonku
BnAXORhlmEgFSnmr5BPzEaj813f2,13,1772556455260012000,1772556455256289000,13,Insert, ,14,Dnes je vonku 
BnAXORhlmEgFSnmr5BPzEaj813f2,13,1772556455490064000,1772556455483783000,14,Insert,p,15,Dnes je vonku p
BnAXORhlmEgFSnmr5BPzEaj813f2,13,1772556455605361000,1772556455601651000,15,Insert,e,16,Dnes je vonku pe
BnAXORhlmEgFSnmr5BPzEaj813f2,13,1772556455759353000,1772556455755665000,16,Insert,k,17,Dnes je vonku pek
BnAXORhlmEgFSnmr5BPzEaj813f2,13,1772556455968100000,1772556455960301000,17,Insert,n,18,Dnes je vonku pekn
BnAXORhlmEgFSnmr5BPzEaj813f2,13,1772556456203321000,1772556456195929000,18,Insert,e,19,Dnes je vonku pekne
BnAXORhlmEgFSnmr5BPzEaj813f2,13,1772556457837423000,1772556457830282000,19,Insert,",",20,"Dnes je vonku pekne,"
BnAXORhlmEgFSnmr5BPzEaj813f2,13,1772556458405037000,1772556458399524000,20,Insert, ,21,"Dnes je vonku pekne, "
BnAXORhlmEgFSnmr5BPzEaj813f2,13,1772556458551228000,1772556458547385000,21,Insert,i,22,"Dnes je vonku pekne, i"
BnAXORhlmEgFSnmr5BPzEaj813f2,13,1772556458654885000,1772556458650508000,22,Insert,d,23,"Dnes je vonku pekne, id"
BnAXORhlmEgFSnmr5BPzEaj813f2,13,1772556458821296000,1772556458817317000,23,Insert,e,24,"Dnes je vonku pekne, ide"
BnAXORhlmEgFSnmr5BPzEaj813f2,13,1772556458898601000,1772556458895049000,24,Insert,m,25,"Dnes je vonku pekne, idem"
BnAXORhlmEgFSnmr5BPzEaj813f2,13,1772556459121908000,1772556459115315000,25,Insert, ,26,"Dnes je vonku pekne, idem "
BnAXORhlmEgFSnmr5BPzEaj813f2,13,1772556460729164000,1772556460722068000,26,Insert,v,27,"Dnes je vonku pekne, idem v"
BnAXORhlmEgFSnmr5BPzEaj813f2,13,1772556460895638000,1772556460886792000,27,Insert,o,28,"Dnes je vonku pekne, idem vo"
BnAXORhlmEgFSnmr5BPzEaj813f2,13,1772556461065937000,1772556461062264000,28,Insert,n,29,"Dnes je vonku pekne, idem von"
BnAXORhlmEgFSnmr5BPzEaj813f2,13,1772556461177403000,1772556461173498000,29,Insert, ,30,"Dnes je vonku pekne, idem von "
BnAXORhlmEgFSnmr5BPzEaj813f2,13,1772556463206149000,1772556463196879000,30,Insert,s,31,"Dnes je vonku pekne, idem von s"
BnAXORhlmEgFSnmr5BPzEaj813f2,13,1772556463343380000,1772556463339126000,31,Insert,o,32,"Dnes je vonku pekne, idem von so"
BnAXORhlmEgFSnmr5BPzEaj813f2,13,1772556463521572000,1772556463517128000,32,Insert, ,33,"Dnes je vonku pekne, idem von so "
BnAXORhlmEgFSnmr5BPzEaj813f2,13,1772556463941754000,1772556463936785000,33,Insert,s,34,"Dnes je vonku pekne, idem von so s"
BnAXORhlmEgFSnmr5BPzEaj813f2,13,1772556464410012000,1772556464405740000,34,Delete,s,33,"Dnes je vonku pekne, idem von so "
BnAXORhlmEgFSnmr5BPzEaj813f2,13,1772556464765603000,1772556464759784000,33,Insert,p,34,"Dnes je vonku pekne, idem von so p"
BnAXORhlmEgFSnmr5BPzEaj813f2,13,1772556464898930000,1772556464893397000,34,Insert,s,35,"Dnes je vonku pekne, idem von so ps"
BnAXORhlmEgFSnmr5BPzEaj813f2,13,1772556465103619000,1772556465097413000,35,Insert,o,36,"Dnes je vonku pekne, idem von so pso"
BnAXORhlmEgFSnmr5BPzEaj813f2,13,1772556465317227000,1772556465310305000,36,Insert,m,37,"Dnes je vonku pekne, idem von so psom"
BnAXORhlmEgFSnmr5BPzEaj813f2,13,1772556465539347000,1772556465532597000,37,Insert, ,38,"Dnes je vonku pekne, idem von so psom "
BnAXORhlmEgFSnmr5BPzEaj813f2,13,1772556469484138000,1772556469474281000,38,Insert,n,39,"Dnes je vonku pekne, idem von so psom n"
BnAXORhlmEgFSnmr5BPzEaj813f2,13,1772556469564498000,1772556469560625000,39,Insert,a,40,"Dnes je vonku pekne, idem von so psom na"
BnAXORhlmEgFSnmr5BPzEaj813f2,13,1772556469699421000,1772556469692891000,40,Insert, ,41,"Dnes je vonku pekne, idem von so psom na "
BnAXORhlmEgFSnmr5BPzEaj813f2,13,1772556469830168000,1772556469822599000,41,Insert,d,42,"Dnes je vonku pekne, idem von so psom na d"
BnAXORhlmEgFSnmr5BPzEaj813f2,13,1772556470009311000,1772556470004931000,42,Insert,v,43,"Dnes je vonku pekne, idem von so psom na dv"
BnAXORhlmEgFSnmr5BPzEaj813f2,13,1772556470153591000,1772556470147947000,43,Insert,o,44,"Dnes je vonku pekne, idem von so psom na dvo"
BnAXORhlmEgFSnmr5BPzEaj813f2,13,1772556470307391000,1772556470301977000,44,Insert,r,45,"Dnes je vonku pekne, idem von so psom na dvor"
BnAXORhlmEgFSnmr5BPzEaj813f2,13,1772556470653873000,1772556470646205000,45,Insert, ,46,"Dnes je vonku pekne, idem von so psom na dvor "
BnAXORhlmEgFSnmr5BPzEaj813f2,13,1772556470916813000,1772556470908187000,46,Insert,a,47,"Dnes je vonku pekne, idem von so psom na dvor a"
BnAXORhlmEgFSnmr5BPzEaj813f2,13,1772556471137942000,1772556471129924000,47,Insert, ,48,"Dnes je vonku pekne, idem von so psom na dvor a "
BnAXORhlmEgFSnmr5BPzEaj813f2,13,1772556471254417000,1772556471252026000,48,Insert,b,49,"Dnes je vonku pekne, idem von so psom na dvor a b"
BnAXORhlmEgFSnmr5BPzEaj813f2,13,1772556471409356000,1772556471403430000,49,Insert,u,50,"Dnes je vonku pekne, idem von so psom na dvor a bu"
BnAXORhlmEgFSnmr5BPzEaj813f2,14,1772556492332358000,1772556492324142000,0,Insert,D,1,D
BnAXORhlmEgFSnmr5BPzEaj813f2,14,1772556492479473000,1772556492475046000,1,Insert,n,2,Dn
BnAXORhlmEgFSnmr5BPzEaj813f2,14,1772556492573621000,1772556492569728000,2,Insert,e,3,Dne
BnAXORhlmEgFSnmr5BPzEaj813f2,14,1772556492724179000,1772556492719909000,3,Insert,s,4,Dnes
BnAXORhlmEgFSnmr5BPzEaj813f2,14,1772556492938180000,1772556492933229000,4,Insert, ,5,Dnes 
BnAXORhlmEgFSnmr5BPzEaj813f2,14,1772556493127069000,1772556493123361000,5,Insert,j,6,Dnes j
BnAXORhlmEgFSnmr5BPzEaj813f2,14,1772556493227404000,1772556493223854000,6,Insert,e,7,Dnes je
BnAXORhlmEgFSnmr5BPzEaj813f2,14,1772556493438007000,1772556493431761000,7,Insert, ,8,Dnes je 
BnAXORhlmEgFSnmr5BPzEaj813f2,14,1772556493602611000,1772556493598510000,8,Insert,v,9,Dnes je v
BnAXORhlmEgFSnmr5BPzEaj813f2,14,1772556493741542000,1772556493735769000,9,Insert,o,10,Dnes je vo
BnAXORhlmEgFSnmr5BPzEaj813f2,14,1772556493940655000,1772556493934544000,10,Insert,n,11,Dnes je von
BnAXORhlmEgFSnmr5BPzEaj813f2,14,1772556494095373000,1772556494091393000,11,Insert,k,12,Dnes je vonk
BnAXORhlmEgFSnmr5BPzEaj813f2,14,1772556494437619000,1772556494433558000,12,Insert,u,13,Dnes je vonku
BnAXORhlmEgFSnmr5BPzEaj813f2,14,1772556496185071000,1772556496181252000,13,Insert,",",14,"Dnes je vonku,"
BnAXORhlmEgFSnmr5BPzEaj813f2,14,1772556496897016000,1772556496892509000,14,Delete,",",13,Dnes je vonku
BnAXORhlmEgFSnmr5BPzEaj813f2,14,1772556497092946000,1772556497088701000,13,Insert, ,14,Dnes je vonku 
BnAXORhlmEgFSnmr5BPzEaj813f2,14,1772556497254617000,1772556497251110000,14,Insert,p,15,Dnes je vonku p
BnAXORhlmEgFSnmr5BPzEaj813f2,14,1772556497345746000,1772556497341347000,15,Insert,r,16,Dnes je vonku pr
BnAXORhlmEgFSnmr5BPzEaj813f2,14,1772556497465598000,1772556497461570000,16,Insert,k,17,Dnes je vonku prk
BnAXORhlmEgFSnmr5BPzEaj813f2,14,1772556497621238000,1772556497617518000,17,Insert,n,18,Dnes je vonku prkn
BnAXORhlmEgFSnmr5BPzEaj813f2,14,1772556497915633000,1772556497911659000,18,Delete,n,17,Dnes je vonku prk
BnAXORhlmEgFSnmr5BPzEaj813f2,14,1772556498048392000,1772556498046055000,17,Delete,k,16,Dnes je vonku pr
BnAXORhlmEgFSnmr5BPzEaj813f2,14,1772556498168658000,1772556498166236000,16,Delete,r,15,Dnes je vonku p
BnAXORhlmEgFSnmr5BPzEaj813f2,14,1772556498273859000,1772556498271332000,15,Delete,p,14,Dnes je vonku 
BnAXORhlmEgFSnmr5BPzEaj813f2,14,1772556498987697000,1772556498976948000,14,Insert,p,15,Dnes je vonku p
BnAXORhlmEgFSnmr5BPzEaj813f2,14,1772556499142467000,1772556499138578000,15,Insert,e,16,Dnes je vonku pe
BnAXORhlmEgFSnmr5BPzEaj813f2,14,1772556499260510000,1772556499256168000,16,Insert,k,17,Dnes je vonku pek
BnAXORhlmEgFSnmr5BPzEaj813f2,14,1772556499420389000,1772556499416299000,17,Insert,n,18,Dnes je vonku pekn
BnAXORhlmEgFSnmr5BPzEaj813f2,14,1772556499594511000,1772556499590639000,18,Insert,e,19,Dnes je vonku pekne
BnAXORhlmEgFSnmr5BPzEaj813f2,14,1772556500501742000,1772556500493196000,19,Insert,",",20,"Dnes je vonku pekne,"
BnAXORhlmEgFSnmr5BPzEaj813f2,14,1772556500795659000,1772556500788915000,20,Insert, ,21,"Dnes je vonku pekne, "
BnAXORhlmEgFSnmr5BPzEaj813f2,14,1772556501596439000,1772556501589235000,21,Insert,i,22,"Dnes je vonku pekne, i"
BnAXORhlmEgFSnmr5BPzEaj813f2,14,1772556501735852000,1772556501732274000,22,Insert,d,23,"Dnes je vonku pekne, id"
BnAXORhlmEgFSnmr5BPzEaj813f2,14,1772556502041347000,1772556502035233000,23,Insert,e,24,"Dnes je vonku pekne, ide"
BnAXORhlmEgFSnmr5BPzEaj813f2,14,1772556502411856000,1772556502404242000,24,Insert,n,25,"Dnes je vonku pekne, iden"
BnAXORhlmEgFSnmr5BPzEaj813f2,14,1772556502579700000,1772556502575718000,25,Insert, ,26,"Dnes je vonku pekne, iden "
BnAXORhlmEgFSnmr5BPzEaj813f2,14,1772556503070604000,1772556503065581000,26,Delete, ,25,"Dnes je vonku pekne, iden"
BnAXORhlmEgFSnmr5BPzEaj813f2,14,1772556503235509000,1772556503232993000,25,Delete,n,24,"Dnes je vonku pekne, ide"
BnAXORhlmEgFSnmr5BPzEaj813f2,14,1772556503591745000,1772556503584721000,24,Insert,m,25,"Dnes je vonku pekne, idem"
BnAXORhlmEgFSnmr5BPzEaj813f2,14,1772556503700669000,1772556503696553000,25,Insert, ,26,"Dnes je vonku pekne, idem "
BnAXORhlmEgFSnmr5BPzEaj813f2,14,1772556503898650000,1772556503894138000,26,Insert,v,27,"Dnes je vonku pekne, idem v"
BnAXORhlmEgFSnmr5BPzEaj813f2,14,1772556503995636000,1772556503991887000,27,Insert,o,28,"Dnes je vonku pekne, idem vo"
BnAXORhlmEgFSnmr5BPzEaj813f2,14,1772556504182030000,1772556504177758000,28,Insert,n,29,"Dnes je vonku pekne, idem von"
BnAXORhlmEgFSnmr5BPzEaj813f2,14,1772556504348643000,1772556504344669000,29,Insert, ,30,"Dnes je vonku pekne, idem von "
BnAXORhlmEgFSnmr5BPzEaj813f2,14,1772556504835882000,1772556504832220000,30,Insert,s,31,"Dnes je vonku pekne, idem von s"
BnAXORhlmEgFSnmr5BPzEaj813f2,14,1772556505057642000,1772556505051594000,31,Insert,l,32,"Dnes je vonku pekne, idem von sl"
BnAXORhlmEgFSnmr5BPzEaj813f2,14,1772556505483097000,1772556505476723000,32,Insert,s,33,"Dnes je vonku pekne, idem von sls"
BnAXORhlmEgFSnmr5BPzEaj813f2,14,1772556505563879000,1772556505557558000,33,Insert,o,34,"Dnes je vonku pekne, idem von slso"
BnAXORhlmEgFSnmr5BPzEaj813f2,14,1772556505798483000,1772556505792082000,34,Insert,l,35,"Dnes je vonku pekne, idem von slsol"
BnAXORhlmEgFSnmr5BPzEaj813f2,14,1772556505916550000,1772556505913873000,35,Delete,l,34,"Dnes je vonku pekne, idem von slso"
BnAXORhlmEgFSnmr5BPzEaj813f2,14,1772556506069667000,1772556506067148000,34,Delete,o,33,"Dnes je vonku pekne, idem von sls"
BnAXORhlmEgFSnmr5BPzEaj813f2,14,1772556506212605000,1772556506210053000,33,Delete,s,32,"Dnes je vonku pekne, idem von sl"
BnAXORhlmEgFSnmr5BPzEaj813f2,14,1772556506335090000,1772556506330226000,32,Delete,l,31,"Dnes je vonku pekne, idem von s"
BnAXORhlmEgFSnmr5BPzEaj813f2,14,1772556506796174000,1772556506790584000,31,Insert,o,32,"Dnes je vonku pekne, idem von so"
BnAXORhlmEgFSnmr5BPzEaj813f2,14,1772556506891255000,1772556506886218000,32,Insert, ,33,"Dnes je vonku pekne, idem von so "
BnAXORhlmEgFSnmr5BPzEaj813f2,14,1772556507162102000,1772556507155793000,33,Insert,a,34,"Dnes je vonku pekne, idem von so a"
BnAXORhlmEgFSnmr5BPzEaj813f2,14,1772556507279898000,1772556507275933000,34,Insert,p,35,"Dnes je vonku pekne, idem von so ap"
BnAXORhlmEgFSnmr5BPzEaj813f2,14,1772556507736350000,1772556507730269000,35,Delete,p,34,"Dnes je vonku pekne, idem von so a"
BnAXORhlmEgFSnmr5BPzEaj813f2,14,1772556507875916000,1772556507873205000,34,Delete,a,33,"Dnes je vonku pekne, idem von so "
BnAXORhlmEgFSnmr5BPzEaj813f2,14,1772556508682994000,1772556508675652000,33,Insert,p,34,"Dnes je vonku pekne, idem von so p"
BnAXORhlmEgFSnmr5BPzEaj813f2,14,1772556508829364000,1772556508824824000,34,Insert,s,35,"Dnes je vonku pekne, idem von so ps"
BnAXORhlmEgFSnmr5BPzEaj813f2,14,1772556508967222000,1772556508963448000,35,Insert,o,36,"Dnes je vonku pekne, idem von so pso"
BnAXORhlmEgFSnmr5BPzEaj813f2,14,1772556509134533000,1772556509130819000,36,Insert,m,37,"Dnes je vonku pekne, idem von so psom"
BnAXORhlmEgFSnmr5BPzEaj813f2,14,1772556509311713000,1772556509307178000,37,Insert, ,38,"Dnes je vonku pekne, idem von so psom "
BnAXORhlmEgFSnmr5BPzEaj813f2,14,1772556510436017000,1772556510431872000,38,Insert,n,39,"Dnes je vonku pekne, idem von so psom n"
BnAXORhlmEgFSnmr5BPzEaj813f2,14,1772556510559432000,1772556510555672000,39,Insert,a,40,"Dnes je vonku pekne, idem von so psom na"
BnAXORhlmEgFSnmr5BPzEaj813f2,14,1772556510714574000,1772556510709783000,40,Insert, ,41,"Dnes je vonku pekne, idem von so psom na "
BnAXORhlmEgFSnmr5BPzEaj813f2,14,1772556510962465000,1772556510956307000,41,Insert,d,42,"Dnes je vonku pekne, idem von so psom na d"
BnAXORhlmEgFSnmr5BPzEaj813f2,14,1772556511181969000,1772556511176122000,42,Insert,v,43,"Dnes je vonku pekne, idem von so psom na dv"
BnAXORhlmEgFSnmr5BPzEaj813f2,14,1772556511314641000,1772556511309953000,43,Insert,o,44,"Dnes je vonku pekne, idem von so psom na dvo"
BnAXORhlmEgFSnmr5BPzEaj813f2,14,1772556511480696000,1772556511476427000,44,Insert,r,45,"Dnes je vonku pekne, idem von so psom na dvor"
BnAXORhlmEgFSnmr5BPzEaj813f2,14,1772556511754155000,1772556511747171000,45,Insert, ,46,"Dnes je vonku pekne, idem von so psom na dvor "
BnAXORhlmEgFSnmr5BPzEaj813f2,14,1772556512372771000,1772556512368782000,46,Insert,a,47,"Dnes je vonku pekne, idem von so psom na dvor a"
BnAXORhlmEgFSnmr5BPzEaj813f2,14,1772556512731354000,1772556512723861000,47,Insert, ,48,"Dnes je vonku pekne, idem von so psom na dvor a "
BnAXORhlmEgFSnmr5BPzEaj813f2,14,1772556512869662000,1772556512861029000,48,Insert,b,49,"Dnes je vonku pekne, idem von so psom na dvor a b"
BnAXORhlmEgFSnmr5BPzEaj813f2,14,1772556513026424000,1772556513021939000,49,Insert,u,50,"Dnes je vonku pekne, idem von so psom na dvor a bu"
BnAXORhlmEgFSnmr5BPzEaj813f2,15,1772556521795925000,1772556521788462000,0,Insert,d,1,d
BnAXORhlmEgFSnmr5BPzEaj813f2,15,1772556522084004000,1772556522082081000,1,Delete,d,0,
BnAXORhlmEgFSnmr5BPzEaj813f2,15,1772556522397097000,1772556522391219000,0,Insert,D,1,D
BnAXORhlmEgFSnmr5BPzEaj813f2,15,1772556522518220000,1772556522514684000,1,Insert,n,2,Dn
BnAXORhlmEgFSnmr5BPzEaj813f2,15,1772556522643657000,1772556522639773000,2,Insert,e,3,Dne
BnAXORhlmEgFSnmr5BPzEaj813f2,15,1772556522797398000,1772556522793876000,3,Insert,s,4,Dnes
BnAXORhlmEgFSnmr5BPzEaj813f2,15,1772556523005004000,1772556522997542000,4,Insert, ,5,Dnes 
BnAXORhlmEgFSnmr5BPzEaj813f2,15,1772556523114090000,1772556523110418000,5,Insert,j,6,Dnes j
BnAXORhlmEgFSnmr5BPzEaj813f2,15,1772556523214823000,1772556523211172000,6,Insert,e,7,Dnes je
BnAXORhlmEgFSnmr5BPzEaj813f2,15,1772556523407318000,1772556523403346000,7,Insert, ,8,Dnes je 
BnAXORhlmEgFSnmr5BPzEaj813f2,15,1772556523571225000,1772556523567492000,8,Insert,v,9,Dnes je v
BnAXORhlmEgFSnmr5BPzEaj813f2,15,1772556523666587000,1772556523663027000,9,Insert,o,10,Dnes je vo
BnAXORhlmEgFSnmr5BPzEaj813f2,15,1772556523860066000,1772556523854009000,10,Insert,n,11,Dnes je von
BnAXORhlmEgFSnmr5BPzEaj813f2,15,1772556524025042000,1772556524021476000,11,Insert,k,12,Dnes je vonk
BnAXORhlmEgFSnmr5BPzEaj813f2,15,1772556524194640000,1772556524191065000,12,Insert,u,13,Dnes je vonku
BnAXORhlmEgFSnmr5BPzEaj813f2,15,1772556524315991000,1772556524312035000,13,Insert, ,14,Dnes je vonku 
BnAXORhlmEgFSnmr5BPzEaj813f2,15,1772556524454572000,1772556524450694000,14,Insert,j,15,Dnes je vonku j
BnAXORhlmEgFSnmr5BPzEaj813f2,15,1772556524751546000,1772556524747816000,15,Delete,j,14,Dnes je vonku 
BnAXORhlmEgFSnmr5BPzEaj813f2,15,1772556525180719000,1772556525174486000,14,Insert,p,15,Dnes je vonku p
BnAXORhlmEgFSnmr5BPzEaj813f2,15,1772556525298322000,1772556525294577000,15,Insert,e,16,Dnes je vonku pe
BnAXORhlmEgFSnmr5BPzEaj813f2,15,1772556525440491000,1772556525436858000,16,Insert,k,17,Dnes je vonku pek
BnAXORhlmEgFSnmr5BPzEaj813f2,15,1772556525604449000,1772556525600432000,17,Insert,n,18,Dnes je vonku pekn
BnAXORhlmEgFSnmr5BPzEaj813f2,15,1772556525766467000,1772556525762802000,18,Insert,e,19,Dnes je vonku pekne
BnAXORhlmEgFSnmr5BPzEaj813f2,15,1772556527115422000,1772556527107999000,19,Insert,",",20,"Dnes je vonku pekne,"
BnAXORhlmEgFSnmr5BPzEaj813f2,15,1772556527413377000,1772556527407219000,20,Insert, ,21,"Dnes je vonku pekne, "
BnAXORhlmEgFSnmr5BPzEaj813f2,15,1772556528005809000,1772556527993673000,21,Insert,i,22,"Dnes je vonku pekne, i"
BnAXORhlmEgFSnmr5BPzEaj813f2,15,1772556528074790000,1772556528070657000,22,Insert,d,23,"Dnes je vonku pekne, id"
BnAXORhlmEgFSnmr5BPzEaj813f2,15,1772556528243779000,1772556528239656000,23,Insert,e,24,"Dnes je vonku pekne, ide"
BnAXORhlmEgFSnmr5BPzEaj813f2,15,1772556528358110000,1772556528354383000,24,Insert,m,25,"Dnes je vonku pekne, idem"
BnAXORhlmEgFSnmr5BPzEaj813f2,15,1772556528503688000,1772556528499764000,25,Insert, ,26,"Dnes je vonku pekne, idem "
BnAXORhlmEgFSnmr5BPzEaj813f2,15,1772556528714128000,1772556528710431000,26,Insert,v,27,"Dnes je vonku pekne, idem v"
BnAXORhlmEgFSnmr5BPzEaj813f2,15,1772556528856539000,1772556528849251000,27,Insert,o,28,"Dnes je vonku pekne, idem vo"
BnAXORhlmEgFSnmr5BPzEaj813f2,15,1772556529037974000,1772556529034355000,28,Insert,n,29,"Dnes je vonku pekne, idem von"
BnAXORhlmEgFSnmr5BPzEaj813f2,15,1772556529242629000,1772556529238621000,29,Insert, ,30,"Dnes je vonku pekne, idem von "
BnAXORhlmEgFSnmr5BPzEaj813f2,15,1772556529515093000,1772556529509578000,30,Insert,s,31,"Dnes je vonku pekne, idem von s"
BnAXORhlmEgFSnmr5BPzEaj813f2,15,1772556529675308000,1772556529670353000,31,Insert,o,32,"Dnes je vonku pekne, idem von so"
BnAXORhlmEgFSnmr5BPzEaj813f2,15,1772556529864146000,1772556529859493000,32,Insert, ,33,"Dnes je vonku pekne, idem von so "
BnAXORhlmEgFSnmr5BPzEaj813f2,15,1772556530039291000,1772556530033731000,33,Insert,p,34,"Dnes je vonku pekne, idem von so p"
BnAXORhlmEgFSnmr5BPzEaj813f2,15,1772556530179927000,1772556530176238000,34,Insert,s,35,"Dnes je vonku pekne, idem von so ps"
BnAXORhlmEgFSnmr5BPzEaj813f2,15,1772556530317700000,1772556530313945000,35,Insert,o,36,"Dnes je vonku pekne, idem von so pso"
BnAXORhlmEgFSnmr5BPzEaj813f2,15,1772556530526167000,1772556530519911000,36,Insert,n,37,"Dnes je vonku pekne, idem von so pson"
BnAXORhlmEgFSnmr5BPzEaj813f2,15,1772556530703975000,1772556530699373000,37,Insert, ,38,"Dnes je vonku pekne, idem von so pson "
BnAXORhlmEgFSnmr5BPzEaj813f2,15,1772556531134593000,1772556531129201000,38,Delete, ,37,"Dnes je vonku pekne, idem von so pson"
BnAXORhlmEgFSnmr5BPzEaj813f2,15,1772556531262295000,1772556531259705000,37,Delete,n,36,"Dnes je vonku pekne, idem von so pso"
BnAXORhlmEgFSnmr5BPzEaj813f2,15,1772556531597274000,1772556531591308000,36,Insert,m,37,"Dnes je vonku pekne, idem von so psom"
BnAXORhlmEgFSnmr5BPzEaj813f2,15,1772556532870528000,1772556532862675000,37,Insert,",",38,"Dnes je vonku pekne, idem von so psom,"
BnAXORhlmEgFSnmr5BPzEaj813f2,15,1772556533401389000,1772556533394397000,38,Insert,l,39,"Dnes je vonku pekne, idem von so psom,l"
BnAXORhlmEgFSnmr5BPzEaj813f2,15,1772556533957387000,1772556533954175000,39,Delete,l,38,"Dnes je vonku pekne, idem von so psom,"
BnAXORhlmEgFSnmr5BPzEaj813f2,15,1772556534102705000,1772556534100234000,38,Delete,",",37,"Dnes je vonku pekne, idem von so psom"
BnAXORhlmEgFSnmr5BPzEaj813f2,15,1772556535113068000,1772556535103379000,37,Insert, ,38,"Dnes je vonku pekne, idem von so psom "
BnAXORhlmEgFSnmr5BPzEaj813f2,15,1772556535492965000,1772556535489317000,38,Insert,n,39,"Dnes je vonku pekne, idem von so psom n"
BnAXORhlmEgFSnmr5BPzEaj813f2,15,1772556535586478000,1772556535582318000,39,Insert,a,40,"Dnes je vonku pekne, idem von so psom na"
BnAXORhlmEgFSnmr5BPzEaj813f2,15,1772556535723043000,1772556535718557000,40,Insert, ,41,"Dnes je vonku pekne, idem von so psom na "
BnAXORhlmEgFSnmr5BPzEaj813f2,15,1772556535865776000,1772556535861973000,41,Insert,d,42,"Dnes je vonku pekne, idem von so psom na d"
BnAXORhlmEgFSnmr5BPzEaj813f2,15,1772556536049605000,1772556536045589000,42,Insert,v,43,"Dnes je vonku pekne, idem von so psom na dv"
BnAXORhlmEgFSnmr5BPzEaj813f2,15,1772556536178604000,1772556536174910000,43,Insert,o,44,"Dnes je vonku pekne, idem von so psom na dvo"
BnAXORhlmEgFSnmr5BPzEaj813f2,15,1772556536312723000,1772556536309125000,44,Insert,r,45,"Dnes je vonku pekne, idem von so psom na dvor"
BnAXORhlmEgFSnmr5BPzEaj813f2,15,1772556536692259000,1772556536683949000,45,Insert, ,46,"Dnes je vonku pekne, idem von so psom na dvor "
BnAXORhlmEgFSnmr5BPzEaj813f2,15,1772556536868079000,1772556536862696000,46,Insert,a,47,"Dnes je vonku pekne, idem von so psom na dvor a"
BnAXORhlmEgFSnmr5BPzEaj813f2,15,1772556537057064000,1772556537051371000,47,Insert, ,48,"Dnes je vonku pekne, idem von so psom na dvor a "
BnAXORhlmEgFSnmr5BPzEaj813f2,15,1772556537173964000,1772556537169890000,48,Insert,b,49,"Dnes je vonku pekne, idem von so psom na dvor a b"
BnAXORhlmEgFSnmr5BPzEaj813f2,15,1772556537345371000,1772556537340979000,49,Insert,u,50,"Dnes je vonku pekne, idem von so psom na dvor a bu"
