UserId,RoundId,TimestampAfterNs,TimestampBeforeNs,ContentLengthBefore,ActionType,KeyChar,CursorPosition,InputContent
wL7w4dmBmxSYXUEO9tYBUp6XaA22,1,1771465221655970000,1771465221638123000,0,Insert,C,1,C
wL7w4dmBmxSYXUEO9tYBUp6XaA22,1,1771465221935791000,1771465221930188000,1,Insert,e,2,Ce
wL7w4dmBmxSYXUEO9tYBUp6XaA22,1,1771465222121200000,1771465222117401000,2,Insert,s,3,Ces
wL7w4dmBmxSYXUEO9tYBUp6XaA22,1,1771465222416346000,1771465222410411000,3,Insert,t,4,Cest
wL7w4dmBmxSYXUEO9tYBUp6XaA22,1,1771465222663154000,1771465222657471000,4,Insert,u,5,Cestu
wL7w4dmBmxSYXUEO9tYBUp6XaA22,1,1771465222843032000,1771465222839406000,5,Insert,j,6,Cestuj
wL7w4dmBmxSYXUEO9tYBUp6XaA22,1,1771465223112271000,1771465223106614000,6,Insert,e,7,Cestuje
wL7w4dmBmxSYXUEO9tYBUp6XaA22,1,1771465223687226000,1771465223683835000,7,Insert,m,8,Cestujem
wL7w4dmBmxSYXUEO9tYBUp6XaA22,1,1771465223973027000,1771465223967576000,8,Insert,e,9,Cestujeme
wL7w4dmBmxSYXUEO9tYBUp6XaA22,1,1771465224967591000,1771465224958900000,9,Insert, ,10,Cestujeme 
wL7w4dmBmxSYXUEO9tYBUp6XaA22,1,1771465225307388000,1771465225303889000,10,Insert,a,11,Cestujeme a
wL7w4dmBmxSYXUEO9tYBUp6XaA22,1,1771465225683451000,1771465225677189000,11,Insert,u,12,Cestujeme au
wL7w4dmBmxSYXUEO9tYBUp6XaA22,1,1771465226017566000,1771465226011995000,12,Insert,t,13,Cestujeme aut
wL7w4dmBmxSYXUEO9tYBUp6XaA22,1,1771465226336458000,1771465226332012000,13,Insert,o,14,Cestujeme auto
wL7w4dmBmxSYXUEO9tYBUp6XaA22,1,1771465226648898000,1771465226641267000,14,Insert,m,15,Cestujeme autom
wL7w4dmBmxSYXUEO9tYBUp6XaA22,1,1771465227098081000,1771465227093159000,15,Insert, ,16,Cestujeme autom 
wL7w4dmBmxSYXUEO9tYBUp6XaA22,1,1771465227604061000,1771465227597479000,16,Insert,a,17,Cestujeme autom a
wL7w4dmBmxSYXUEO9tYBUp6XaA22,1,1771465227970320000,1771465227964608000,17,Insert,l,18,Cestujeme autom al
wL7w4dmBmxSYXUEO9tYBUp6XaA22,1,1771465228238115000,1771465228232216000,18,Insert,e,19,Cestujeme autom ale
wL7w4dmBmxSYXUEO9tYBUp6XaA22,1,1771465228546003000,1771465228540026000,19,Insert, ,20,Cestujeme autom ale 
wL7w4dmBmxSYXUEO9tYBUp6XaA22,1,1771465228783577000,1771465228777333000,20,Insert,m,21,Cestujeme autom ale m
wL7w4dmBmxSYXUEO9tYBUp6XaA22,1,1771465229020987000,1771465229014075000,21,Insert,u,22,Cestujeme autom ale mu
wL7w4dmBmxSYXUEO9tYBUp6XaA22,1,1771465229504403000,1771465229498269000,22,Insert,s,23,Cestujeme autom ale mus
wL7w4dmBmxSYXUEO9tYBUp6XaA22,1,1771465229813044000,1771465229806997000,23,Insert,i,24,Cestujeme autom ale musi
wL7w4dmBmxSYXUEO9tYBUp6XaA22,1,1771465230085864000,1771465230079887000,24,Insert,m,25,Cestujeme autom ale musim
wL7w4dmBmxSYXUEO9tYBUp6XaA22,1,1771465230359267000,1771465230352949000,25,Insert,e,26,Cestujeme autom ale musime
wL7w4dmBmxSYXUEO9tYBUp6XaA22,1,1771465230649840000,1771465230643138000,26,Insert, ,27,Cestujeme autom ale musime 
wL7w4dmBmxSYXUEO9tYBUp6XaA22,1,1771465230940371000,1771465230934709000,27,Insert,i,28,Cestujeme autom ale musime i
wL7w4dmBmxSYXUEO9tYBUp6XaA22,1,1771465231294223000,1771465231288215000,28,Insert,s,29,Cestujeme autom ale musime is
wL7w4dmBmxSYXUEO9tYBUp6XaA22,1,1771465231555222000,1771465231548995000,29,Insert,t,30,Cestujeme autom ale musime ist
wL7w4dmBmxSYXUEO9tYBUp6XaA22,1,1771465231846456000,1771465231842186000,30,Insert, ,31,Cestujeme autom ale musime ist 
wL7w4dmBmxSYXUEO9tYBUp6XaA22,1,1771465232191631000,1771465232183269000,31,Insert,o,32,Cestujeme autom ale musime ist o
wL7w4dmBmxSYXUEO9tYBUp6XaA22,1,1771465232382573000,1771465232378623000,32,Insert,o,33,Cestujeme autom ale musime ist oo
wL7w4dmBmxSYXUEO9tYBUp6XaA22,1,1771465232658342000,1771465232651901000,33,Insert,m,34,Cestujeme autom ale musime ist oom
wL7w4dmBmxSYXUEO9tYBUp6XaA22,1,1771465232963073000,1771465232959207000,34,Insert,a,35,Cestujeme autom ale musime ist ooma
wL7w4dmBmxSYXUEO9tYBUp6XaA22,1,1771465233337901000,1771465233331560000,35,Insert,l,36,Cestujeme autom ale musime ist oomal
wL7w4dmBmxSYXUEO9tYBUp6XaA22,1,1771465233678600000,1771465233671685000,36,Insert,y,37,Cestujeme autom ale musime ist oomaly
wL7w4dmBmxSYXUEO9tYBUp6XaA22,1,1771465233880961000,1771465233877197000,37,Insert, ,38,Cestujeme autom ale musime ist oomaly 
wL7w4dmBmxSYXUEO9tYBUp6XaA22,1,1771465234195150000,1771465234188943000,38,Insert,k,39,Cestujeme autom ale musime ist oomaly k
wL7w4dmBmxSYXUEO9tYBUp6XaA22,1,1771465234524929000,1771465234518641000,39,Insert,e,40,Cestujeme autom ale musime ist oomaly ke
wL7w4dmBmxSYXUEO9tYBUp6XaA22,1,1771465234887961000,1771465234882199000,40,Insert,b,41,Cestujeme autom ale musime ist oomaly keb
wL7w4dmBmxSYXUEO9tYBUp6XaA22,1,1771465235163769000,1771465235156166000,41,Insert,o,42,Cestujeme autom ale musime ist oomaly kebo
wL7w4dmBmxSYXUEO9tYBUp6XaA22,1,1771465235919173000,1771465235914868000,42,Delete,o,41,Cestujeme autom ale musime ist oomaly keb
wL7w4dmBmxSYXUEO9tYBUp6XaA22,1,1771465236109413000,1771465236106936000,41,Delete,b,40,Cestujeme autom ale musime ist oomaly ke
wL7w4dmBmxSYXUEO9tYBUp6XaA22,1,1771465236317343000,1771465236313250000,40,Delete,e,39,Cestujeme autom ale musime ist oomaly k
wL7w4dmBmxSYXUEO9tYBUp6XaA22,1,1771465236511222000,1771465236507315000,39,Delete,k,38,Cestujeme autom ale musime ist oomaly 
wL7w4dmBmxSYXUEO9tYBUp6XaA22,1,1771465236943546000,1771465236937921000,38,Insert,l,39,Cestujeme autom ale musime ist oomaly l
wL7w4dmBmxSYXUEO9tYBUp6XaA22,1,1771465237264001000,1771465237258106000,39,Insert,e,40,Cestujeme autom ale musime ist oomaly le
wL7w4dmBmxSYXUEO9tYBUp6XaA22,1,1771465237591872000,1771465237588235000,40,Insert,b,41,Cestujeme autom ale musime ist oomaly leb
wL7w4dmBmxSYXUEO9tYBUp6XaA22,1,1771465237829055000,1771465237822715000,41,Insert,i,42,Cestujeme autom ale musime ist oomaly lebi
wL7w4dmBmxSYXUEO9tYBUp6XaA22,1,1771465238213396000,1771465238206565000,42,Insert, ,43,Cestujeme autom ale musime ist oomaly lebi 
wL7w4dmBmxSYXUEO9tYBUp6XaA22,1,1771465238637600000,1771465238633838000,43,Delete, ,42,Cestujeme autom ale musime ist oomaly lebi
wL7w4dmBmxSYXUEO9tYBUp6XaA22,1,1771465238813754000,1771465238810847000,42,Delete,i,41,Cestujeme autom ale musime ist oomaly leb
wL7w4dmBmxSYXUEO9tYBUp6XaA22,1,1771465239015071000,1771465239008361000,41,Insert,i,42,Cestujeme autom ale musime ist oomaly lebi
wL7w4dmBmxSYXUEO9tYBUp6XaA22,1,1771465239587437000,1771465239583654000,42,Delete,i,41,Cestujeme autom ale musime ist oomaly leb
wL7w4dmBmxSYXUEO9tYBUp6XaA22,1,1771465239861529000,1771465239855871000,41,Insert,o,42,Cestujeme autom ale musime ist oomaly lebo
wL7w4dmBmxSYXUEO9tYBUp6XaA22,1,1771465240384763000,1771465240374898000,42,Insert, ,43,Cestujeme autom ale musime ist oomaly lebo 
wL7w4dmBmxSYXUEO9tYBUp6XaA22,1,1771465240579220000,1771465240576061000,43,Insert,n,44,Cestujeme autom ale musime ist oomaly lebo n
wL7w4dmBmxSYXUEO9tYBUp6XaA22,1,1771465240876412000,1771465240868766000,44,Insert,a,45,Cestujeme autom ale musime ist oomaly lebo na
wL7w4dmBmxSYXUEO9tYBUp6XaA22,1,1771465241256329000,1771465241249776000,45,Insert,p,46,Cestujeme autom ale musime ist oomaly lebo nap
wL7w4dmBmxSYXUEO9tYBUp6XaA22,1,1771465241709639000,1771465241703890000,46,Insert,a,47,Cestujeme autom ale musime ist oomaly lebo napa
wL7w4dmBmxSYXUEO9tYBUp6XaA22,1,1771465241979450000,1771465241973521000,47,Insert,d,48,Cestujeme autom ale musime ist oomaly lebo napad
wL7w4dmBmxSYXUEO9tYBUp6XaA22,1,1771465242565305000,1771465242559078000,48,Insert,l,49,Cestujeme autom ale musime ist oomaly lebo napadl
wL7w4dmBmxSYXUEO9tYBUp6XaA22,1,1771465242749635000,1771465242741907000,49,Insert,i,50,Cestujeme autom ale musime ist oomaly lebo napadli
wL7w4dmBmxSYXUEO9tYBUp6XaA22,1,1771465243612904000,1771465243607261000,50,Delete,i,49,Cestujeme autom ale musime ist oomaly lebo napadl
wL7w4dmBmxSYXUEO9tYBUp6XaA22,1,1771465243852726000,1771465243844187000,49,Insert,o,50,Cestujeme autom ale musime ist oomaly lebo napadlo
wL7w4dmBmxSYXUEO9tYBUp6XaA22,1,1771465244607386000,1771465244602575000,50,Insert,v,51,Cestujeme autom ale musime ist oomaly lebo napadlov
wL7w4dmBmxSYXUEO9tYBUp6XaA22,1,1771465245411392000,1771465245407123000,51,Delete,v,50,Cestujeme autom ale musime ist oomaly lebo napadlo
wL7w4dmBmxSYXUEO9tYBUp6XaA22,1,1771465245825590000,1771465245817242000,50,Insert, ,51,Cestujeme autom ale musime ist oomaly lebo napadlo 
wL7w4dmBmxSYXUEO9tYBUp6XaA22,1,1771465246094535000,1771465246087382000,51,Insert,v,52,Cestujeme autom ale musime ist oomaly lebo napadlo v
wL7w4dmBmxSYXUEO9tYBUp6XaA22,1,1771465246373820000,1771465246367341000,52,Insert,e,53,Cestujeme autom ale musime ist oomaly lebo napadlo ve
wL7w4dmBmxSYXUEO9tYBUp6XaA22,1,1771465246973715000,1771465246965949000,53,Insert,l,54,Cestujeme autom ale musime ist oomaly lebo napadlo vel
wL7w4dmBmxSYXUEO9tYBUp6XaA22,1,1771465247386868000,1771465247382906000,54,Insert,a,55,Cestujeme autom ale musime ist oomaly lebo napadlo vela
wL7w4dmBmxSYXUEO9tYBUp6XaA22,1,1771465247732207000,1771465247718654000,55,Insert, ,56,Cestujeme autom ale musime ist oomaly lebo napadlo vela 
wL7w4dmBmxSYXUEO9tYBUp6XaA22,1,1771465248029812000,1771465248020537000,56,Insert,s,57,Cestujeme autom ale musime ist oomaly lebo napadlo vela s
wL7w4dmBmxSYXUEO9tYBUp6XaA22,1,1771465248502932000,1771465248499874000,57,Insert,n,58,Cestujeme autom ale musime ist oomaly lebo napadlo vela sn
wL7w4dmBmxSYXUEO9tYBUp6XaA22,1,1771465248937179000,1771465248931448000,58,Insert,e,59,Cestujeme autom ale musime ist oomaly lebo napadlo vela sne
wL7w4dmBmxSYXUEO9tYBUp6XaA22,1,1771465249311474000,1771465249306035000,59,Insert,h,60,Cestujeme autom ale musime ist oomaly lebo napadlo vela sneh
wL7w4dmBmxSYXUEO9tYBUp6XaA22,1,1771465249580583000,1771465249574432000,60,Insert,u,61,Cestujeme autom ale musime ist oomaly lebo napadlo vela snehu
wL7w4dmBmxSYXUEO9tYBUp6XaA22,1,1771465250352024000,1771465250342808000,61,Insert, ,62,Cestujeme autom ale musime ist oomaly lebo napadlo vela snehu 
wL7w4dmBmxSYXUEO9tYBUp6XaA22,1,1771465250954265000,1771465250946673000,62,Insert,a,63,Cestujeme autom ale musime ist oomaly lebo napadlo vela snehu a
wL7w4dmBmxSYXUEO9tYBUp6XaA22,1,1771465251333271000,1771465251327320000,63,Insert, ,64,Cestujeme autom ale musime ist oomaly lebo napadlo vela snehu a 
wL7w4dmBmxSYXUEO9tYBUp6XaA22,1,1771465251628145000,1771465251622612000,64,Insert,c,65,Cestujeme autom ale musime ist oomaly lebo napadlo vela snehu a c
wL7w4dmBmxSYXUEO9tYBUp6XaA22,1,1771465251878446000,1771465251873239000,65,Insert,e,66,Cestujeme autom ale musime ist oomaly lebo napadlo vela snehu a ce
wL7w4dmBmxSYXUEO9tYBUp6XaA22,1,1771465252071128000,1771465252065150000,66,Insert,s,67,Cestujeme autom ale musime ist oomaly lebo napadlo vela snehu a ces
wL7w4dmBmxSYXUEO9tYBUp6XaA22,1,1771465252306769000,1771465252301038000,67,Insert,t,68,Cestujeme autom ale musime ist oomaly lebo napadlo vela snehu a cest
wL7w4dmBmxSYXUEO9tYBUp6XaA22,1,1771465252993527000,1771465252982852000,68,Insert,y,69,Cestujeme autom ale musime ist oomaly lebo napadlo vela snehu a cesty
wL7w4dmBmxSYXUEO9tYBUp6XaA22,1,1771465253291817000,1771465253285843000,69,Insert, ,70,Cestujeme autom ale musime ist oomaly lebo napadlo vela snehu a cesty 
wL7w4dmBmxSYXUEO9tYBUp6XaA22,1,1771465253601531000,1771465253595597000,70,Insert,s,71,Cestujeme autom ale musime ist oomaly lebo napadlo vela snehu a cesty s
wL7w4dmBmxSYXUEO9tYBUp6XaA22,1,1771465254094455000,1771465254089206000,71,Insert,u,72,Cestujeme autom ale musime ist oomaly lebo napadlo vela snehu a cesty su
wL7w4dmBmxSYXUEO9tYBUp6XaA22,1,1771465254733796000,1771465254726318000,72,Insert, ,73,Cestujeme autom ale musime ist oomaly lebo napadlo vela snehu a cesty su 
wL7w4dmBmxSYXUEO9tYBUp6XaA22,1,1771465255060074000,1771465255054228000,73,Insert,z,74,Cestujeme autom ale musime ist oomaly lebo napadlo vela snehu a cesty su z
wL7w4dmBmxSYXUEO9tYBUp6XaA22,1,1771465255387170000,1771465255380406000,74,Insert,k,75,Cestujeme autom ale musime ist oomaly lebo napadlo vela snehu a cesty su zk
wL7w4dmBmxSYXUEO9tYBUp6XaA22,2,1771465280997253000,1771465280990622000,0,Insert,C,1,C
wL7w4dmBmxSYXUEO9tYBUp6XaA22,2,1771465281258538000,1771465281253519000,1,Insert,e,2,Ce
wL7w4dmBmxSYXUEO9tYBUp6XaA22,2,1771465281473117000,1771465281466625000,2,Insert,s,3,Ces
wL7w4dmBmxSYXUEO9tYBUp6XaA22,2,1771465281782282000,1771465281776148000,3,Insert,t,4,Cest
wL7w4dmBmxSYXUEO9tYBUp6XaA22,2,1771465282017530000,1771465282011518000,4,Insert,u,5,Cestu
wL7w4dmBmxSYXUEO9tYBUp6XaA22,2,1771465282204687000,1771465282200215000,5,Insert,j,6,Cestuj
wL7w4dmBmxSYXUEO9tYBUp6XaA22,2,1771465282485817000,1771465282478257000,6,Insert,e,7,Cestuje
wL7w4dmBmxSYXUEO9tYBUp6XaA22,2,1771465283082911000,1771465283078241000,7,Insert,m,8,Cestujem
wL7w4dmBmxSYXUEO9tYBUp6XaA22,2,1771465283384252000,1771465283374994000,8,Insert,e,9,Cestujeme
wL7w4dmBmxSYXUEO9tYBUp6XaA22,2,1771465283735591000,1771465283726468000,9,Insert, ,10,Cestujeme 
wL7w4dmBmxSYXUEO9tYBUp6XaA22,2,1771465284061236000,1771465284054552000,10,Insert,a,11,Cestujeme a
wL7w4dmBmxSYXUEO9tYBUp6XaA22,2,1771465284450324000,1771465284446638000,11,Insert,u,12,Cestujeme au
wL7w4dmBmxSYXUEO9tYBUp6XaA22,2,1771465284725646000,1771465284717930000,12,Insert,t,13,Cestujeme aut
wL7w4dmBmxSYXUEO9tYBUp6XaA22,2,1771465285009465000,1771465285002544000,13,Insert,o,14,Cestujeme auto
wL7w4dmBmxSYXUEO9tYBUp6XaA22,2,1771465285301273000,1771465285294625000,14,Insert,m,15,Cestujeme autom
wL7w4dmBmxSYXUEO9tYBUp6XaA22,2,1771465285598958000,1771465285591630000,15,Insert, ,16,Cestujeme autom 
wL7w4dmBmxSYXUEO9tYBUp6XaA22,2,1771465285914847000,1771465285907819000,16,Insert,a,17,Cestujeme autom a
wL7w4dmBmxSYXUEO9tYBUp6XaA22,2,1771465286336065000,1771465286329409000,17,Insert,l,18,Cestujeme autom al
wL7w4dmBmxSYXUEO9tYBUp6XaA22,2,1771465286656799000,1771465286650126000,18,Insert,e,19,Cestujeme autom ale
wL7w4dmBmxSYXUEO9tYBUp6XaA22,2,1771465286966200000,1771465286958584000,19,Insert, ,20,Cestujeme autom ale 
wL7w4dmBmxSYXUEO9tYBUp6XaA22,2,1771465287283374000,1771465287275810000,20,Insert,m,21,Cestujeme autom ale m
wL7w4dmBmxSYXUEO9tYBUp6XaA22,2,1771465287578337000,1771465287571581000,21,Insert,u,22,Cestujeme autom ale mu
wL7w4dmBmxSYXUEO9tYBUp6XaA22,2,1771465287917248000,1771465287910629000,22,Insert,s,23,Cestujeme autom ale mus
wL7w4dmBmxSYXUEO9tYBUp6XaA22,2,1771465288298656000,1771465288292096000,23,Insert,i,24,Cestujeme autom ale musi
wL7w4dmBmxSYXUEO9tYBUp6XaA22,2,1771465288632376000,1771465288624777000,24,Insert,m,25,Cestujeme autom ale musim
wL7w4dmBmxSYXUEO9tYBUp6XaA22,2,1771465288979320000,1771465288975123000,25,Insert,e,26,Cestujeme autom ale musime
wL7w4dmBmxSYXUEO9tYBUp6XaA22,2,1771465289273298000,1771465289266017000,26,Insert, ,27,Cestujeme autom ale musime 
wL7w4dmBmxSYXUEO9tYBUp6XaA22,2,1771465289588653000,1771465289581593000,27,Insert,i,28,Cestujeme autom ale musime i
wL7w4dmBmxSYXUEO9tYBUp6XaA22,2,1771465289927315000,1771465289919493000,28,Insert,s,29,Cestujeme autom ale musime is
wL7w4dmBmxSYXUEO9tYBUp6XaA22,2,1771465290235447000,1771465290229136000,29,Insert,t,30,Cestujeme autom ale musime ist
wL7w4dmBmxSYXUEO9tYBUp6XaA22,2,1771465290594699000,1771465290587174000,30,Insert, ,31,Cestujeme autom ale musime ist 
wL7w4dmBmxSYXUEO9tYBUp6XaA22,2,1771465290907343000,1771465290901869000,31,Insert,p,32,Cestujeme autom ale musime ist p
wL7w4dmBmxSYXUEO9tYBUp6XaA22,2,1771465291227698000,1771465291222921000,32,Insert,o,33,Cestujeme autom ale musime ist po
wL7w4dmBmxSYXUEO9tYBUp6XaA22,2,1771465291554962000,1771465291543677000,33,Insert,m,34,Cestujeme autom ale musime ist pom
wL7w4dmBmxSYXUEO9tYBUp6XaA22,2,1771465291874100000,1771465291869966000,34,Insert,a,35,Cestujeme autom ale musime ist poma
wL7w4dmBmxSYXUEO9tYBUp6XaA22,2,1771465292201159000,1771465292192787000,35,Insert,l,36,Cestujeme autom ale musime ist pomal
wL7w4dmBmxSYXUEO9tYBUp6XaA22,2,1771465292532893000,1771465292525328000,36,Insert,y,37,Cestujeme autom ale musime ist pomaly
wL7w4dmBmxSYXUEO9tYBUp6XaA22,2,1771465292859902000,1771465292852911000,37,Insert, ,38,Cestujeme autom ale musime ist pomaly 
wL7w4dmBmxSYXUEO9tYBUp6XaA22,2,1771465293192386000,1771465293185468000,38,Insert,l,39,Cestujeme autom ale musime ist pomaly l
wL7w4dmBmxSYXUEO9tYBUp6XaA22,2,1771465293492674000,1771465293488435000,39,Insert,e,40,Cestujeme autom ale musime ist pomaly le
wL7w4dmBmxSYXUEO9tYBUp6XaA22,2,1771465293801992000,1771465293795580000,40,Insert,b,41,Cestujeme autom ale musime ist pomaly leb
wL7w4dmBmxSYXUEO9tYBUp6XaA22,2,1771465294069510000,1771465294062272000,41,Insert,i,42,Cestujeme autom ale musime ist pomaly lebi
wL7w4dmBmxSYXUEO9tYBUp6XaA22,2,1771465294432585000,1771465294427782000,42,Insert, ,43,Cestujeme autom ale musime ist pomaly lebi 
wL7w4dmBmxSYXUEO9tYBUp6XaA22,2,1771465294706002000,1771465294699426000,43,Insert,n,44,Cestujeme autom ale musime ist pomaly lebi n
wL7w4dmBmxSYXUEO9tYBUp6XaA22,2,1771465295075595000,1771465295067758000,44,Insert,a,45,Cestujeme autom ale musime ist pomaly lebi na
wL7w4dmBmxSYXUEO9tYBUp6XaA22,2,1771465295378415000,1771465295374276000,45,Insert,o,46,Cestujeme autom ale musime ist pomaly lebi nao
wL7w4dmBmxSYXUEO9tYBUp6XaA22,2,1771465295778031000,1771465295771003000,46,Insert,a,47,Cestujeme autom ale musime ist pomaly lebi naoa
wL7w4dmBmxSYXUEO9tYBUp6XaA22,2,1771465296116880000,1771465296110399000,47,Insert,d,48,Cestujeme autom ale musime ist pomaly lebi naoad
wL7w4dmBmxSYXUEO9tYBUp6XaA22,2,1771465296518817000,1771465296508247000,48,Insert,l,49,Cestujeme autom ale musime ist pomaly lebi naoadl
wL7w4dmBmxSYXUEO9tYBUp6XaA22,2,1771465296760974000,1771465296751964000,49,Insert,i,50,Cestujeme autom ale musime ist pomaly lebi naoadli
wL7w4dmBmxSYXUEO9tYBUp6XaA22,2,1771465297144522000,1771465297136700000,50,Insert, ,51,Cestujeme autom ale musime ist pomaly lebi naoadli 
wL7w4dmBmxSYXUEO9tYBUp6XaA22,2,1771465297414723000,1771465297407058000,51,Insert,v,52,Cestujeme autom ale musime ist pomaly lebi naoadli v
wL7w4dmBmxSYXUEO9tYBUp6XaA22,2,1771465297766792000,1771465297760791000,52,Insert,e,53,Cestujeme autom ale musime ist pomaly lebi naoadli ve
wL7w4dmBmxSYXUEO9tYBUp6XaA22,2,1771465298138298000,1771465298134259000,53,Insert,l,54,Cestujeme autom ale musime ist pomaly lebi naoadli vel
wL7w4dmBmxSYXUEO9tYBUp6XaA22,2,1771465298458136000,1771465298450989000,54,Insert,a,55,Cestujeme autom ale musime ist pomaly lebi naoadli vela
wL7w4dmBmxSYXUEO9tYBUp6XaA22,2,1771465298775280000,1771465298768395000,55,Insert, ,56,Cestujeme autom ale musime ist pomaly lebi naoadli vela 
wL7w4dmBmxSYXUEO9tYBUp6XaA22,2,1771465299058546000,1771465299051858000,56,Insert,s,57,Cestujeme autom ale musime ist pomaly lebi naoadli vela s
wL7w4dmBmxSYXUEO9tYBUp6XaA22,2,1771465299417173000,1771465299409865000,57,Insert,n,58,Cestujeme autom ale musime ist pomaly lebi naoadli vela sn
wL7w4dmBmxSYXUEO9tYBUp6XaA22,2,1771465299726999000,1771465299720929000,58,Insert,e,59,Cestujeme autom ale musime ist pomaly lebi naoadli vela sne
wL7w4dmBmxSYXUEO9tYBUp6XaA22,2,1771465300091448000,1771465300082567000,59,Insert,h,60,Cestujeme autom ale musime ist pomaly lebi naoadli vela sneh
wL7w4dmBmxSYXUEO9tYBUp6XaA22,2,1771465300368812000,1771465300361167000,60,Insert,u,61,Cestujeme autom ale musime ist pomaly lebi naoadli vela snehu
wL7w4dmBmxSYXUEO9tYBUp6XaA22,2,1771465300761449000,1771465300756529000,61,Insert, ,62,Cestujeme autom ale musime ist pomaly lebi naoadli vela snehu 
wL7w4dmBmxSYXUEO9tYBUp6XaA22,2,1771465301054362000,1771465301045623000,62,Insert,a,63,Cestujeme autom ale musime ist pomaly lebi naoadli vela snehu a
wL7w4dmBmxSYXUEO9tYBUp6XaA22,2,1771465301400191000,1771465301392803000,63,Insert, ,64,Cestujeme autom ale musime ist pomaly lebi naoadli vela snehu a 
wL7w4dmBmxSYXUEO9tYBUp6XaA22,2,1771465301759223000,1771465301749631000,64,Insert,c,65,Cestujeme autom ale musime ist pomaly lebi naoadli vela snehu a c
wL7w4dmBmxSYXUEO9tYBUp6XaA22,2,1771465302044408000,1771465302034410000,65,Insert,e,66,Cestujeme autom ale musime ist pomaly lebi naoadli vela snehu a ce
wL7w4dmBmxSYXUEO9tYBUp6XaA22,2,1771465302386842000,1771465302380646000,66,Insert,s,67,Cestujeme autom ale musime ist pomaly lebi naoadli vela snehu a ces
wL7w4dmBmxSYXUEO9tYBUp6XaA22,2,1771465302677187000,1771465302670926000,67,Insert,t,68,Cestujeme autom ale musime ist pomaly lebi naoadli vela snehu a cest
wL7w4dmBmxSYXUEO9tYBUp6XaA22,2,1771465303052488000,1771465303044714000,68,Insert,y,69,Cestujeme autom ale musime ist pomaly lebi naoadli vela snehu a cesty
wL7w4dmBmxSYXUEO9tYBUp6XaA22,2,1771465303358900000,1771465303350720000,69,Insert, ,70,Cestujeme autom ale musime ist pomaly lebi naoadli vela snehu a cesty 
wL7w4dmBmxSYXUEO9tYBUp6XaA22,2,1771465304090534000,1771465304081180000,70,Insert,s,71,Cestujeme autom ale musime ist pomaly lebi naoadli vela snehu a cesty s
wL7w4dmBmxSYXUEO9tYBUp6XaA22,2,1771465304375823000,1771465304367504000,71,Insert,u,72,Cestujeme autom ale musime ist pomaly lebi naoadli vela snehu a cesty su
wL7w4dmBmxSYXUEO9tYBUp6XaA22,2,1771465304714081000,1771465304706881000,72,Insert, ,73,Cestujeme autom ale musime ist pomaly lebi naoadli vela snehu a cesty su 
wL7w4dmBmxSYXUEO9tYBUp6XaA22,2,1771465305047555000,1771465305040954000,73,Insert,z,74,Cestujeme autom ale musime ist pomaly lebi naoadli vela snehu a cesty su z
wL7w4dmBmxSYXUEO9tYBUp6XaA22,2,1771465305375391000,1771465305368574000,74,Insert,l,75,Cestujeme autom ale musime ist pomaly lebi naoadli vela snehu a cesty su zl
wL7w4dmBmxSYXUEO9tYBUp6XaA22,3,1771465328127646000,1771465328121468000,0,Insert,C,1,C
wL7w4dmBmxSYXUEO9tYBUp6XaA22,3,1771465328536062000,1771465328532092000,1,Insert,e,2,Ce
wL7w4dmBmxSYXUEO9tYBUp6XaA22,3,1771465328775443000,1771465328768453000,2,Insert,s,3,Ces
wL7w4dmBmxSYXUEO9tYBUp6XaA22,3,1771465329133638000,1771465329126426000,3,Insert,t,4,Cest
wL7w4dmBmxSYXUEO9tYBUp6XaA22,3,1771465329411465000,1771465329405111000,4,Insert,u,5,Cestu
wL7w4dmBmxSYXUEO9tYBUp6XaA22,3,1771465329670473000,1771465329665338000,5,Insert,j,6,Cestuj
wL7w4dmBmxSYXUEO9tYBUp6XaA22,3,1771465330041309000,1771465330034933000,6,Insert,e,7,Cestuje
wL7w4dmBmxSYXUEO9tYBUp6XaA22,3,1771465330447668000,1771465330441083000,7,Insert,m,8,Cestujem
wL7w4dmBmxSYXUEO9tYBUp6XaA22,3,1771465330768156000,1771465330762480000,8,Insert,e,9,Cestujeme
wL7w4dmBmxSYXUEO9tYBUp6XaA22,3,1771465331140504000,1771465331132874000,9,Insert, ,10,Cestujeme 
wL7w4dmBmxSYXUEO9tYBUp6XaA22,3,1771465331455182000,1771465331447761000,10,Insert,a,11,Cestujeme a
wL7w4dmBmxSYXUEO9tYBUp6XaA22,3,1771465331799417000,1771465331792763000,11,Insert,u,12,Cestujeme au
wL7w4dmBmxSYXUEO9tYBUp6XaA22,3,1771465332104875000,1771465332096671000,12,Insert,t,13,Cestujeme aut
wL7w4dmBmxSYXUEO9tYBUp6XaA22,3,1771465332364552000,1771465332357214000,13,Insert,o,14,Cestujeme auto
wL7w4dmBmxSYXUEO9tYBUp6XaA22,3,1771465332695599000,1771465332689281000,14,Insert,m,15,Cestujeme autom
wL7w4dmBmxSYXUEO9tYBUp6XaA22,3,1771465332988816000,1771465332982862000,15,Insert, ,16,Cestujeme autom 
wL7w4dmBmxSYXUEO9tYBUp6XaA22,3,1771465333334175000,1771465333327323000,16,Insert,a,17,Cestujeme autom a
wL7w4dmBmxSYXUEO9tYBUp6XaA22,3,1771465333649576000,1771465333643885000,17,Insert,k,18,Cestujeme autom ak
wL7w4dmBmxSYXUEO9tYBUp6XaA22,3,1771465333963934000,1771465333956770000,18,Insert,e,19,Cestujeme autom ake
wL7w4dmBmxSYXUEO9tYBUp6XaA22,3,1771465334559610000,1771465334554441000,19,Delete,e,18,Cestujeme autom ak
wL7w4dmBmxSYXUEO9tYBUp6XaA22,3,1771465334842310000,1771465334836898000,18,Delete,k,17,Cestujeme autom a
wL7w4dmBmxSYXUEO9tYBUp6XaA22,3,1771465335195506000,1771465335186908000,17,Insert,l,18,Cestujeme autom al
wL7w4dmBmxSYXUEO9tYBUp6XaA22,3,1771465335742734000,1771465335738570000,18,Insert,e,19,Cestujeme autom ale
wL7w4dmBmxSYXUEO9tYBUp6XaA22,3,1771465336024674000,1771465336017365000,19,Insert, ,20,Cestujeme autom ale 
wL7w4dmBmxSYXUEO9tYBUp6XaA22,3,1771465336313005000,1771465336309202000,20,Insert,m,21,Cestujeme autom ale m
wL7w4dmBmxSYXUEO9tYBUp6XaA22,3,1771465336606065000,1771465336598879000,21,Insert,u,22,Cestujeme autom ale mu
wL7w4dmBmxSYXUEO9tYBUp6XaA22,3,1771465336975602000,1771465336968718000,22,Insert,s,23,Cestujeme autom ale mus
wL7w4dmBmxSYXUEO9tYBUp6XaA22,3,1771465337323532000,1771465337315391000,23,Insert,i,24,Cestujeme autom ale musi
wL7w4dmBmxSYXUEO9tYBUp6XaA22,3,1771465337679692000,1771465337671744000,24,Insert,m,25,Cestujeme autom ale musim
wL7w4dmBmxSYXUEO9tYBUp6XaA22,3,1771465338004360000,1771465338000430000,25,Insert,e,26,Cestujeme autom ale musime
wL7w4dmBmxSYXUEO9tYBUp6XaA22,3,1771465338309064000,1771465338302042000,26,Insert, ,27,Cestujeme autom ale musime 
wL7w4dmBmxSYXUEO9tYBUp6XaA22,3,1771465338630188000,1771465338620031000,27,Insert,u,28,Cestujeme autom ale musime u
wL7w4dmBmxSYXUEO9tYBUp6XaA22,3,1771465339287960000,1771465339282796000,28,Delete,u,27,Cestujeme autom ale musime 
wL7w4dmBmxSYXUEO9tYBUp6XaA22,3,1771465339821106000,1771465339814279000,27,Insert,i,28,Cestujeme autom ale musime i
wL7w4dmBmxSYXUEO9tYBUp6XaA22,3,1771465340176435000,1771465340170264000,28,Insert,s,29,Cestujeme autom ale musime is
wL7w4dmBmxSYXUEO9tYBUp6XaA22,3,1771465340455311000,1771465340449171000,29,Insert,t,30,Cestujeme autom ale musime ist
wL7w4dmBmxSYXUEO9tYBUp6XaA22,3,1771465340826599000,1771465340819700000,30,Insert, ,31,Cestujeme autom ale musime ist 
wL7w4dmBmxSYXUEO9tYBUp6XaA22,3,1771465341171796000,1771465341165347000,31,Insert,p,32,Cestujeme autom ale musime ist p
wL7w4dmBmxSYXUEO9tYBUp6XaA22,3,1771465341535710000,1771465341527770000,32,Insert,o,33,Cestujeme autom ale musime ist po
wL7w4dmBmxSYXUEO9tYBUp6XaA22,3,1771465341856633000,1771465341848855000,33,Insert,m,34,Cestujeme autom ale musime ist pom
wL7w4dmBmxSYXUEO9tYBUp6XaA22,3,1771465342438951000,1771465342430898000,34,Insert,a,35,Cestujeme autom ale musime ist poma
wL7w4dmBmxSYXUEO9tYBUp6XaA22,3,1771465342780355000,1771465342776327000,35,Insert,l,36,Cestujeme autom ale musime ist pomal
wL7w4dmBmxSYXUEO9tYBUp6XaA22,3,1771465343427037000,1771465343419492000,36,Insert,y,37,Cestujeme autom ale musime ist pomaly
wL7w4dmBmxSYXUEO9tYBUp6XaA22,3,1771465344119700000,1771465344110484000,37,Insert, ,38,Cestujeme autom ale musime ist pomaly 
wL7w4dmBmxSYXUEO9tYBUp6XaA22,3,1771465344811607000,1771465344807837000,38,Insert,l,39,Cestujeme autom ale musime ist pomaly l
wL7w4dmBmxSYXUEO9tYBUp6XaA22,3,1771465345304817000,1771465345298637000,39,Insert,e,40,Cestujeme autom ale musime ist pomaly le
wL7w4dmBmxSYXUEO9tYBUp6XaA22,3,1771465345595592000,1771465345588458000,40,Insert,b,41,Cestujeme autom ale musime ist pomaly leb
wL7w4dmBmxSYXUEO9tYBUp6XaA22,3,1771465345898681000,1771465345894047000,41,Insert,o,42,Cestujeme autom ale musime ist pomaly lebo
wL7w4dmBmxSYXUEO9tYBUp6XaA22,3,1771465346230099000,1771465346221657000,42,Insert, ,43,Cestujeme autom ale musime ist pomaly lebo 
wL7w4dmBmxSYXUEO9tYBUp6XaA22,3,1771465346515409000,1771465346510965000,43,Insert,n,44,Cestujeme autom ale musime ist pomaly lebo n
wL7w4dmBmxSYXUEO9tYBUp6XaA22,3,1771465348219984000,1771465348213159000,44,Insert,a,45,Cestujeme autom ale musime ist pomaly lebo na
wL7w4dmBmxSYXUEO9tYBUp6XaA22,3,1771465348608089000,1771465348603696000,45,Insert,p,46,Cestujeme autom ale musime ist pomaly lebo nap
wL7w4dmBmxSYXUEO9tYBUp6XaA22,3,1771465349202429000,1771465349196685000,46,Insert,a,47,Cestujeme autom ale musime ist pomaly lebo napa
wL7w4dmBmxSYXUEO9tYBUp6XaA22,3,1771465349504728000,1771465349498430000,47,Insert,d,48,Cestujeme autom ale musime ist pomaly lebo napad
wL7w4dmBmxSYXUEO9tYBUp6XaA22,3,1771465349871268000,1771465349862541000,48,Insert,l,49,Cestujeme autom ale musime ist pomaly lebo napadl
wL7w4dmBmxSYXUEO9tYBUp6XaA22,3,1771465350106974000,1771465350098782000,49,Insert,i,50,Cestujeme autom ale musime ist pomaly lebo napadli
wL7w4dmBmxSYXUEO9tYBUp6XaA22,3,1771465350922429000,1771465350916770000,50,Delete,i,49,Cestujeme autom ale musime ist pomaly lebo napadl
wL7w4dmBmxSYXUEO9tYBUp6XaA22,3,1771465351179380000,1771465351168542000,49,Insert,o,50,Cestujeme autom ale musime ist pomaly lebo napadlo
wL7w4dmBmxSYXUEO9tYBUp6XaA22,3,1771465352628204000,1771465352618841000,50,Insert, ,51,Cestujeme autom ale musime ist pomaly lebo napadlo 
wL7w4dmBmxSYXUEO9tYBUp6XaA22,3,1771465352911996000,1771465352904808000,51,Insert,v,52,Cestujeme autom ale musime ist pomaly lebo napadlo v
wL7w4dmBmxSYXUEO9tYBUp6XaA22,3,1771465353215194000,1771465353207120000,52,Insert,e,53,Cestujeme autom ale musime ist pomaly lebo napadlo ve
wL7w4dmBmxSYXUEO9tYBUp6XaA22,3,1771465353681375000,1771465353674977000,53,Insert,l,54,Cestujeme autom ale musime ist pomaly lebo napadlo vel
wL7w4dmBmxSYXUEO9tYBUp6XaA22,3,1771465354109847000,1771465354103061000,54,Insert,a,55,Cestujeme autom ale musime ist pomaly lebo napadlo vela
wL7w4dmBmxSYXUEO9tYBUp6XaA22,3,1771465354472549000,1771465354462655000,55,Insert, ,56,Cestujeme autom ale musime ist pomaly lebo napadlo vela 
wL7w4dmBmxSYXUEO9tYBUp6XaA22,3,1771465354806937000,1771465354803512000,56,Insert,s,57,Cestujeme autom ale musime ist pomaly lebo napadlo vela s
wL7w4dmBmxSYXUEO9tYBUp6XaA22,3,1771465355324344000,1771465355317270000,57,Insert,n,58,Cestujeme autom ale musime ist pomaly lebo napadlo vela sn
wL7w4dmBmxSYXUEO9tYBUp6XaA22,3,1771465355671426000,1771465355661345000,58,Insert,e,59,Cestujeme autom ale musime ist pomaly lebo napadlo vela sne
wL7w4dmBmxSYXUEO9tYBUp6XaA22,3,1771465356120057000,1771465356111830000,59,Insert,h,60,Cestujeme autom ale musime ist pomaly lebo napadlo vela sneh
wL7w4dmBmxSYXUEO9tYBUp6XaA22,3,1771465356355839000,1771465356348372000,60,Insert,u,61,Cestujeme autom ale musime ist pomaly lebo napadlo vela snehu
wL7w4dmBmxSYXUEO9tYBUp6XaA22,3,1771465357537582000,1771465357527444000,61,Insert, ,62,Cestujeme autom ale musime ist pomaly lebo napadlo vela snehu 
wL7w4dmBmxSYXUEO9tYBUp6XaA22,3,1771465357864085000,1771465357857898000,62,Insert,a,63,Cestujeme autom ale musime ist pomaly lebo napadlo vela snehu a
wL7w4dmBmxSYXUEO9tYBUp6XaA22,3,1771465358196302000,1771465358190757000,63,Insert, ,64,Cestujeme autom ale musime ist pomaly lebo napadlo vela snehu a 
wL7w4dmBmxSYXUEO9tYBUp6XaA22,3,1771465358444720000,1771465358438542000,64,Insert,c,65,Cestujeme autom ale musime ist pomaly lebo napadlo vela snehu a c
wL7w4dmBmxSYXUEO9tYBUp6XaA22,3,1771465358730324000,1771465358723729000,65,Insert,e,66,Cestujeme autom ale musime ist pomaly lebo napadlo vela snehu a ce
wL7w4dmBmxSYXUEO9tYBUp6XaA22,3,1771465359062861000,1771465359052271000,66,Insert,s,67,Cestujeme autom ale musime ist pomaly lebo napadlo vela snehu a ces
wL7w4dmBmxSYXUEO9tYBUp6XaA22,3,1771465359299447000,1771465359295491000,67,Insert,t,68,Cestujeme autom ale musime ist pomaly lebo napadlo vela snehu a cest
wL7w4dmBmxSYXUEO9tYBUp6XaA22,3,1771465359693824000,1771465359687057000,68,Insert,y,69,Cestujeme autom ale musime ist pomaly lebo napadlo vela snehu a cesty
wL7w4dmBmxSYXUEO9tYBUp6XaA22,3,1771465359992454000,1771465359985037000,69,Insert, ,70,Cestujeme autom ale musime ist pomaly lebo napadlo vela snehu a cesty 
wL7w4dmBmxSYXUEO9tYBUp6XaA22,3,1771465360267744000,1771465360262931000,70,Insert,s,71,Cestujeme autom ale musime ist pomaly lebo napadlo vela snehu a cesty s
wL7w4dmBmxSYXUEO9tYBUp6XaA22,3,1771465360788231000,1771465360780462000,71,Insert,u,72,Cestujeme autom ale musime ist pomaly lebo napadlo vela snehu a cesty su
wL7w4dmBmxSYXUEO9tYBUp6XaA22,3,1771465361220878000,1771465361213137000,72,Insert, ,73,Cestujeme autom ale musime ist pomaly lebo napadlo vela snehu a cesty su 
wL7w4dmBmxSYXUEO9tYBUp6XaA22,3,1771465361546216000,1771465361539942000,73,Insert,z,74,Cestujeme autom ale musime ist pomaly lebo napadlo vela snehu a cesty su z
wL7w4dmBmxSYXUEO9tYBUp6XaA22,3,1771465362267861000,1771465362259988000,74,Insert,l,75,Cestujeme autom ale musime ist pomaly lebo napadlo vela snehu a cesty su zl
wL7w4dmBmxSYXUEO9tYBUp6XaA22,4,1771465364726605000,1771465364718141000,0,Insert,C,1,C
wL7w4dmBmxSYXUEO9tYBUp6XaA22,4,1771465364964756000,1771465364958666000,1,Insert,e,2,Ce
wL7w4dmBmxSYXUEO9tYBUp6XaA22,4,1771465365152158000,1771465365148102000,2,Insert,s,3,Ces
wL7w4dmBmxSYXUEO9tYBUp6XaA22,4,1771465365399078000,1771465365394819000,3,Insert,t,4,Cest
wL7w4dmBmxSYXUEO9tYBUp6XaA22,4,1771465365656707000,1771465365649464000,4,Insert,u,5,Cestu
wL7w4dmBmxSYXUEO9tYBUp6XaA22,4,1771465365865911000,1771465365861764000,5,Insert,j,6,Cestuj
wL7w4dmBmxSYXUEO9tYBUp6XaA22,4,1771465366116247000,1771465366110005000,6,Insert,e,7,Cestuje
wL7w4dmBmxSYXUEO9tYBUp6XaA22,4,1771465366988519000,1771465366982557000,7,Insert,m,8,Cestujem
wL7w4dmBmxSYXUEO9tYBUp6XaA22,4,1771465367342534000,1771465367335149000,8,Insert,r,9,Cestujemr
wL7w4dmBmxSYXUEO9tYBUp6XaA22,4,1771465369710106000,1771465369703422000,9,Delete,r,8,Cestujem
wL7w4dmBmxSYXUEO9tYBUp6XaA22,4,1771465370110160000,1771465370102437000,8,Insert,r,9,Cestujemr
wL7w4dmBmxSYXUEO9tYBUp6XaA22,4,1771465370998463000,1771465370993113000,9,Delete,r,8,Cestujem
wL7w4dmBmxSYXUEO9tYBUp6XaA22,4,1771465371455273000,1771465371448808000,8,Insert,e,9,Cestujeme
wL7w4dmBmxSYXUEO9tYBUp6XaA22,4,1771465371925850000,1771465371916401000,9,Insert, ,10,Cestujeme 
wL7w4dmBmxSYXUEO9tYBUp6XaA22,4,1771465372259539000,1771465372253095000,10,Insert,a,11,Cestujeme a
wL7w4dmBmxSYXUEO9tYBUp6XaA22,4,1771465372682392000,1771465372677993000,11,Insert,u,12,Cestujeme au
wL7w4dmBmxSYXUEO9tYBUp6XaA22,4,1771465372970206000,1771465372963558000,12,Insert,t,13,Cestujeme aut
wL7w4dmBmxSYXUEO9tYBUp6XaA22,4,1771465373549833000,1771465373545541000,13,Insert,o,14,Cestujeme auto
wL7w4dmBmxSYXUEO9tYBUp6XaA22,4,1771465373959321000,1771465373952657000,14,Insert,m,15,Cestujeme autom
wL7w4dmBmxSYXUEO9tYBUp6XaA22,4,1771465374267935000,1771465374261419000,15,Insert, ,16,Cestujeme autom 
wL7w4dmBmxSYXUEO9tYBUp6XaA22,4,1771465374588613000,1771465374584648000,16,Insert,a,17,Cestujeme autom a
wL7w4dmBmxSYXUEO9tYBUp6XaA22,4,1771465375080004000,1771465375072604000,17,Insert,l,18,Cestujeme autom al
wL7w4dmBmxSYXUEO9tYBUp6XaA22,4,1771465375466863000,1771465375460369000,18,Insert,e,19,Cestujeme autom ale
wL7w4dmBmxSYXUEO9tYBUp6XaA22,4,1771465375889490000,1771465375885421000,19,Insert, ,20,Cestujeme autom ale 
wL7w4dmBmxSYXUEO9tYBUp6XaA22,4,1771465376358321000,1771465376351718000,20,Insert,m,21,Cestujeme autom ale m
wL7w4dmBmxSYXUEO9tYBUp6XaA22,4,1771465376642163000,1771465376635686000,21,Insert,u,22,Cestujeme autom ale mu
wL7w4dmBmxSYXUEO9tYBUp6XaA22,4,1771465377181218000,1771465377177879000,22,Insert,s,23,Cestujeme autom ale mus
wL7w4dmBmxSYXUEO9tYBUp6XaA22,4,1771465377599782000,1771465377593315000,23,Insert,i,24,Cestujeme autom ale musi
wL7w4dmBmxSYXUEO9tYBUp6XaA22,4,1771465377951859000,1771465377945585000,24,Insert,m,25,Cestujeme autom ale musim
wL7w4dmBmxSYXUEO9tYBUp6XaA22,4,1771465378327452000,1771465378321352000,25,Insert,e,26,Cestujeme autom ale musime
wL7w4dmBmxSYXUEO9tYBUp6XaA22,4,1771465379002833000,1771465378995832000,26,Insert, ,27,Cestujeme autom ale musime 
wL7w4dmBmxSYXUEO9tYBUp6XaA22,4,1771465379587761000,1771465379583006000,27,Insert,i,28,Cestujeme autom ale musime i
wL7w4dmBmxSYXUEO9tYBUp6XaA22,4,1771465380050171000,1771465380042650000,28,Insert,s,29,Cestujeme autom ale musime is
wL7w4dmBmxSYXUEO9tYBUp6XaA22,4,1771465380301934000,1771465380297860000,29,Insert,t,30,Cestujeme autom ale musime ist
wL7w4dmBmxSYXUEO9tYBUp6XaA22,4,1771465380680284000,1771465380671789000,30,Insert, ,31,Cestujeme autom ale musime ist 
wL7w4dmBmxSYXUEO9tYBUp6XaA22,4,1771465381140461000,1771465381133338000,31,Insert,l,32,Cestujeme autom ale musime ist l
wL7w4dmBmxSYXUEO9tYBUp6XaA22,4,1771465381472743000,1771465381468662000,32,Insert,o,33,Cestujeme autom ale musime ist lo
wL7w4dmBmxSYXUEO9tYBUp6XaA22,4,1771465382130351000,1771465382124570000,33,Delete,o,32,Cestujeme autom ale musime ist l
wL7w4dmBmxSYXUEO9tYBUp6XaA22,4,1771465382283876000,1771465382280823000,32,Delete,l,31,Cestujeme autom ale musime ist 
wL7w4dmBmxSYXUEO9tYBUp6XaA22,4,1771465382626873000,1771465382621051000,31,Insert,p,32,Cestujeme autom ale musime ist p
wL7w4dmBmxSYXUEO9tYBUp6XaA22,4,1771465382817010000,1771465382812868000,32,Insert,o,33,Cestujeme autom ale musime ist po
wL7w4dmBmxSYXUEO9tYBUp6XaA22,4,1771465383391093000,1771465383382392000,33,Insert,m,34,Cestujeme autom ale musime ist pom
wL7w4dmBmxSYXUEO9tYBUp6XaA22,4,1771465383848047000,1771465383833577000,34,Insert,a,35,Cestujeme autom ale musime ist poma
wL7w4dmBmxSYXUEO9tYBUp6XaA22,4,1771465384341134000,1771465384335024000,35,Insert,l,36,Cestujeme autom ale musime ist pomal
wL7w4dmBmxSYXUEO9tYBUp6XaA22,4,1771465384873056000,1771465384868643000,36,Insert,y,37,Cestujeme autom ale musime ist pomaly
wL7w4dmBmxSYXUEO9tYBUp6XaA22,4,1771465385522210000,1771465385514722000,37,Insert, ,38,Cestujeme autom ale musime ist pomaly 
wL7w4dmBmxSYXUEO9tYBUp6XaA22,4,1771465386060727000,1771465386052513000,38,Insert,l,39,Cestujeme autom ale musime ist pomaly l
wL7w4dmBmxSYXUEO9tYBUp6XaA22,4,1771465386716938000,1771465386710689000,39,Insert,e,40,Cestujeme autom ale musime ist pomaly le
wL7w4dmBmxSYXUEO9tYBUp6XaA22,4,1771465387143326000,1771465387135764000,40,Insert,b,41,Cestujeme autom ale musime ist pomaly leb
wL7w4dmBmxSYXUEO9tYBUp6XaA22,4,1771465387440164000,1771465387435190000,41,Insert,o,42,Cestujeme autom ale musime ist pomaly lebo
wL7w4dmBmxSYXUEO9tYBUp6XaA22,4,1771465387870437000,1771465387863531000,42,Insert, ,43,Cestujeme autom ale musime ist pomaly lebo 
wL7w4dmBmxSYXUEO9tYBUp6XaA22,4,1771465388149374000,1771465388140992000,43,Insert,n,44,Cestujeme autom ale musime ist pomaly lebo n
wL7w4dmBmxSYXUEO9tYBUp6XaA22,4,1771465388525211000,1771465388516732000,44,Insert,a,45,Cestujeme autom ale musime ist pomaly lebo na
wL7w4dmBmxSYXUEO9tYBUp6XaA22,4,1771465388960636000,1771465388954112000,45,Insert,p,46,Cestujeme autom ale musime ist pomaly lebo nap
wL7w4dmBmxSYXUEO9tYBUp6XaA22,4,1771465389504642000,1771465389500427000,46,Insert,a,47,Cestujeme autom ale musime ist pomaly lebo napa
wL7w4dmBmxSYXUEO9tYBUp6XaA22,4,1771465389819980000,1771465389813873000,47,Insert,d,48,Cestujeme autom ale musime ist pomaly lebo napad
wL7w4dmBmxSYXUEO9tYBUp6XaA22,4,1771465390644519000,1771465390635368000,48,Insert,l,49,Cestujeme autom ale musime ist pomaly lebo napadl
wL7w4dmBmxSYXUEO9tYBUp6XaA22,4,1771465390894352000,1771465390886585000,49,Insert,i,50,Cestujeme autom ale musime ist pomaly lebo napadli
wL7w4dmBmxSYXUEO9tYBUp6XaA22,4,1771465391693475000,1771465391686751000,50,Delete,i,49,Cestujeme autom ale musime ist pomaly lebo napadl
wL7w4dmBmxSYXUEO9tYBUp6XaA22,4,1771465391936428000,1771465391929655000,49,Insert,o,50,Cestujeme autom ale musime ist pomaly lebo napadlo
wL7w4dmBmxSYXUEO9tYBUp6XaA22,4,1771465392686725000,1771465392680694000,50,Insert, ,51,Cestujeme autom ale musime ist pomaly lebo napadlo 
wL7w4dmBmxSYXUEO9tYBUp6XaA22,4,1771465392972691000,1771465392966553000,51,Insert,v,52,Cestujeme autom ale musime ist pomaly lebo napadlo v
wL7w4dmBmxSYXUEO9tYBUp6XaA22,4,1771465393289488000,1771465393283149000,52,Insert,e,53,Cestujeme autom ale musime ist pomaly lebo napadlo ve
wL7w4dmBmxSYXUEO9tYBUp6XaA22,4,1771465393654013000,1771465393646935000,53,Insert,l,54,Cestujeme autom ale musime ist pomaly lebo napadlo vel
wL7w4dmBmxSYXUEO9tYBUp6XaA22,4,1771465394143905000,1771465394137440000,54,Insert,a,55,Cestujeme autom ale musime ist pomaly lebo napadlo vela
wL7w4dmBmxSYXUEO9tYBUp6XaA22,4,1771465394488032000,1771465394481707000,55,Insert, ,56,Cestujeme autom ale musime ist pomaly lebo napadlo vela 
wL7w4dmBmxSYXUEO9tYBUp6XaA22,4,1771465394800428000,1771465394792058000,56,Insert,s,57,Cestujeme autom ale musime ist pomaly lebo napadlo vela s
wL7w4dmBmxSYXUEO9tYBUp6XaA22,4,1771465395354929000,1771465395350188000,57,Insert,n,58,Cestujeme autom ale musime ist pomaly lebo napadlo vela sn
wL7w4dmBmxSYXUEO9tYBUp6XaA22,4,1771465395798223000,1771465395791245000,58,Insert,e,59,Cestujeme autom ale musime ist pomaly lebo napadlo vela sne
wL7w4dmBmxSYXUEO9tYBUp6XaA22,4,1771465396253512000,1771465396245215000,59,Insert,h,60,Cestujeme autom ale musime ist pomaly lebo napadlo vela sneh
wL7w4dmBmxSYXUEO9tYBUp6XaA22,4,1771465396454841000,1771465396450160000,60,Insert,u,61,Cestujeme autom ale musime ist pomaly lebo napadlo vela snehu
wL7w4dmBmxSYXUEO9tYBUp6XaA22,4,1771465398271505000,1771465398263381000,61,Insert, ,62,Cestujeme autom ale musime ist pomaly lebo napadlo vela snehu 
wL7w4dmBmxSYXUEO9tYBUp6XaA22,4,1771465398624595000,1771465398618544000,62,Insert,a,63,Cestujeme autom ale musime ist pomaly lebo napadlo vela snehu a
wL7w4dmBmxSYXUEO9tYBUp6XaA22,4,1771465399307840000,1771465399298762000,63,Insert, ,64,Cestujeme autom ale musime ist pomaly lebo napadlo vela snehu a 
wL7w4dmBmxSYXUEO9tYBUp6XaA22,4,1771465399574002000,1771465399567366000,64,Insert,c,65,Cestujeme autom ale musime ist pomaly lebo napadlo vela snehu a c
wL7w4dmBmxSYXUEO9tYBUp6XaA22,4,1771465399847177000,1771465399841098000,65,Insert,e,66,Cestujeme autom ale musime ist pomaly lebo napadlo vela snehu a ce
wL7w4dmBmxSYXUEO9tYBUp6XaA22,4,1771465400067593000,1771465400059028000,66,Insert,s,67,Cestujeme autom ale musime ist pomaly lebo napadlo vela snehu a ces
wL7w4dmBmxSYXUEO9tYBUp6XaA22,4,1771465400311600000,1771465400302569000,67,Insert,t,68,Cestujeme autom ale musime ist pomaly lebo napadlo vela snehu a cest
wL7w4dmBmxSYXUEO9tYBUp6XaA22,4,1771465400875999000,1771465400867607000,68,Insert,y,69,Cestujeme autom ale musime ist pomaly lebo napadlo vela snehu a cesty
wL7w4dmBmxSYXUEO9tYBUp6XaA22,4,1771465401297915000,1771465401289274000,69,Insert, ,70,Cestujeme autom ale musime ist pomaly lebo napadlo vela snehu a cesty 
wL7w4dmBmxSYXUEO9tYBUp6XaA22,4,1771465401651617000,1771465401642757000,70,Insert,s,71,Cestujeme autom ale musime ist pomaly lebo napadlo vela snehu a cesty s
wL7w4dmBmxSYXUEO9tYBUp6XaA22,4,1771465402073191000,1771465402066782000,71,Insert,u,72,Cestujeme autom ale musime ist pomaly lebo napadlo vela snehu a cesty su
wL7w4dmBmxSYXUEO9tYBUp6XaA22,4,1771465402490535000,1771465402483864000,72,Insert, ,73,Cestujeme autom ale musime ist pomaly lebo napadlo vela snehu a cesty su 
wL7w4dmBmxSYXUEO9tYBUp6XaA22,4,1771465402814012000,1771465402806726000,73,Insert,z,74,Cestujeme autom ale musime ist pomaly lebo napadlo vela snehu a cesty su z
wL7w4dmBmxSYXUEO9tYBUp6XaA22,4,1771465403278456000,1771465403273094000,74,Insert,l,75,Cestujeme autom ale musime ist pomaly lebo napadlo vela snehu a cesty su zl
wL7w4dmBmxSYXUEO9tYBUp6XaA22,5,1771465405826285000,1771465405815726000,0,Insert,C,1,C
wL7w4dmBmxSYXUEO9tYBUp6XaA22,5,1771465406103655000,1771465406096922000,1,Insert,e,2,Ce
wL7w4dmBmxSYXUEO9tYBUp6XaA22,5,1771465406327671000,1771465406322091000,2,Insert,s,3,Ces
wL7w4dmBmxSYXUEO9tYBUp6XaA22,5,1771465406660774000,1771465406653197000,3,Insert,t,4,Cest
wL7w4dmBmxSYXUEO9tYBUp6XaA22,5,1771465406891591000,1771465406885200000,4,Insert,u,5,Cestu
wL7w4dmBmxSYXUEO9tYBUp6XaA22,5,1771465407102568000,1771465407098402000,5,Insert,j,6,Cestuj
wL7w4dmBmxSYXUEO9tYBUp6XaA22,5,1771465407394784000,1771465407386808000,6,Insert,e,7,Cestuje
wL7w4dmBmxSYXUEO9tYBUp6XaA22,5,1771465408000821000,1771465407996861000,7,Insert,m,8,Cestujem
wL7w4dmBmxSYXUEO9tYBUp6XaA22,5,1771465408382181000,1771465408375891000,8,Insert,e,9,Cestujeme
wL7w4dmBmxSYXUEO9tYBUp6XaA22,5,1771465408964225000,1771465408954948000,9,Insert, ,10,Cestujeme 
wL7w4dmBmxSYXUEO9tYBUp6XaA22,5,1771465409294513000,1771465409290354000,10,Insert,a,11,Cestujeme a
wL7w4dmBmxSYXUEO9tYBUp6XaA22,5,1771465409704729000,1771465409698584000,11,Insert,u,12,Cestujeme au
wL7w4dmBmxSYXUEO9tYBUp6XaA22,5,1771465410119539000,1771465410115818000,12,Insert,t,13,Cestujeme aut
wL7w4dmBmxSYXUEO9tYBUp6XaA22,5,1771465410497269000,1771465410492682000,13,Insert,o,14,Cestujeme auto
wL7w4dmBmxSYXUEO9tYBUp6XaA22,5,1771465410975670000,1771465410969422000,14,Insert,m,15,Cestujeme autom
wL7w4dmBmxSYXUEO9tYBUp6XaA22,5,1771465411706918000,1771465411694337000,15,Insert, ,16,Cestujeme autom 
wL7w4dmBmxSYXUEO9tYBUp6XaA22,5,1771465411993333000,1771465411987322000,16,Insert,a,17,Cestujeme autom a
wL7w4dmBmxSYXUEO9tYBUp6XaA22,5,1771465412484649000,1771465412478257000,17,Insert,l,18,Cestujeme autom al
wL7w4dmBmxSYXUEO9tYBUp6XaA22,5,1771465412928055000,1771465412922134000,18,Insert,e,19,Cestujeme autom ale
wL7w4dmBmxSYXUEO9tYBUp6XaA22,5,1771465413901071000,1771465413890674000,19,Insert, ,20,Cestujeme autom ale 
wL7w4dmBmxSYXUEO9tYBUp6XaA22,5,1771465414300124000,1771465414293876000,20,Insert,m,21,Cestujeme autom ale m
wL7w4dmBmxSYXUEO9tYBUp6XaA22,5,1771465414620526000,1771465414614231000,21,Insert,u,22,Cestujeme autom ale mu
wL7w4dmBmxSYXUEO9tYBUp6XaA22,5,1771465415135954000,1771465415128631000,22,Insert,s,23,Cestujeme autom ale mus
wL7w4dmBmxSYXUEO9tYBUp6XaA22,5,1771465415573636000,1771465415567466000,23,Insert,i,24,Cestujeme autom ale musi
wL7w4dmBmxSYXUEO9tYBUp6XaA22,5,1771465416052886000,1771465416046859000,24,Insert,m,25,Cestujeme autom ale musim
wL7w4dmBmxSYXUEO9tYBUp6XaA22,5,1771465416485949000,1771465416480276000,25,Insert,e,26,Cestujeme autom ale musime
wL7w4dmBmxSYXUEO9tYBUp6XaA22,5,1771465417024422000,1771465417020084000,26,Insert, ,27,Cestujeme autom ale musime 
wL7w4dmBmxSYXUEO9tYBUp6XaA22,5,1771465417485148000,1771465417478996000,27,Insert,i,28,Cestujeme autom ale musime i
wL7w4dmBmxSYXUEO9tYBUp6XaA22,5,1771465417977298000,1771465417970746000,28,Insert,s,29,Cestujeme autom ale musime is
wL7w4dmBmxSYXUEO9tYBUp6XaA22,5,1771465418255873000,1771465418248871000,29,Insert,t,30,Cestujeme autom ale musime ist
wL7w4dmBmxSYXUEO9tYBUp6XaA22,5,1771465418528540000,1771465418521223000,30,Insert, ,31,Cestujeme autom ale musime ist 
wL7w4dmBmxSYXUEO9tYBUp6XaA22,5,1771465419080924000,1771465419076744000,31,Insert,o,32,Cestujeme autom ale musime ist o
wL7w4dmBmxSYXUEO9tYBUp6XaA22,5,1771465419280786000,1771465419276926000,32,Insert,o,33,Cestujeme autom ale musime ist oo
wL7w4dmBmxSYXUEO9tYBUp6XaA22,5,1771465419921184000,1771465419913551000,33,Delete,o,32,Cestujeme autom ale musime ist o
wL7w4dmBmxSYXUEO9tYBUp6XaA22,5,1771465420566184000,1771465420562433000,32,Delete,o,31,Cestujeme autom ale musime ist 
wL7w4dmBmxSYXUEO9tYBUp6XaA22,5,1771465420940799000,1771465420934688000,31,Insert,p,32,Cestujeme autom ale musime ist p
wL7w4dmBmxSYXUEO9tYBUp6XaA22,5,1771465421113611000,1771465421109760000,32,Insert,o,33,Cestujeme autom ale musime ist po
wL7w4dmBmxSYXUEO9tYBUp6XaA22,5,1771465421634942000,1771465421626016000,33,Insert,m,34,Cestujeme autom ale musime ist pom
wL7w4dmBmxSYXUEO9tYBUp6XaA22,5,1771465422031264000,1771465422024633000,34,Insert,a,35,Cestujeme autom ale musime ist poma
wL7w4dmBmxSYXUEO9tYBUp6XaA22,5,1771465422729301000,1771465422717861000,35,Insert,l,36,Cestujeme autom ale musime ist pomal
wL7w4dmBmxSYXUEO9tYBUp6XaA22,5,1771465423175502000,1771465423167696000,36,Insert,y,37,Cestujeme autom ale musime ist pomaly
wL7w4dmBmxSYXUEO9tYBUp6XaA22,5,1771465423504790000,1771465423495909000,37,Insert, ,38,Cestujeme autom ale musime ist pomaly 
wL7w4dmBmxSYXUEO9tYBUp6XaA22,5,1771465423853081000,1771465423848515000,38,Insert,l,39,Cestujeme autom ale musime ist pomaly l
wL7w4dmBmxSYXUEO9tYBUp6XaA22,5,1771465424246817000,1771465424240746000,39,Insert,e,40,Cestujeme autom ale musime ist pomaly le
wL7w4dmBmxSYXUEO9tYBUp6XaA22,5,1771465424659804000,1771465424653488000,40,Insert,b,41,Cestujeme autom ale musime ist pomaly leb
wL7w4dmBmxSYXUEO9tYBUp6XaA22,5,1771465424920240000,1771465424913743000,41,Insert,o,42,Cestujeme autom ale musime ist pomaly lebo
wL7w4dmBmxSYXUEO9tYBUp6XaA22,5,1771465425400796000,1771465425393501000,42,Insert, ,43,Cestujeme autom ale musime ist pomaly lebo 
wL7w4dmBmxSYXUEO9tYBUp6XaA22,5,1771465425671480000,1771465425664735000,43,Insert,n,44,Cestujeme autom ale musime ist pomaly lebo n
wL7w4dmBmxSYXUEO9tYBUp6XaA22,5,1771465426054168000,1771465426047429000,44,Insert,a,45,Cestujeme autom ale musime ist pomaly lebo na
wL7w4dmBmxSYXUEO9tYBUp6XaA22,5,1771465426500013000,1771465426493477000,45,Insert,p,46,Cestujeme autom ale musime ist pomaly lebo nap
wL7w4dmBmxSYXUEO9tYBUp6XaA22,5,1771465426988846000,1771465426980687000,46,Insert,a,47,Cestujeme autom ale musime ist pomaly lebo napa
wL7w4dmBmxSYXUEO9tYBUp6XaA22,5,1771465427309504000,1771465427302705000,47,Insert,d,48,Cestujeme autom ale musime ist pomaly lebo napad
wL7w4dmBmxSYXUEO9tYBUp6XaA22,5,1771465427817385000,1771465427809602000,48,Insert,l,49,Cestujeme autom ale musime ist pomaly lebo napadl
wL7w4dmBmxSYXUEO9tYBUp6XaA22,5,1771465428002849000,1771465427998311000,49,Insert,o,50,Cestujeme autom ale musime ist pomaly lebo napadlo
wL7w4dmBmxSYXUEO9tYBUp6XaA22,5,1771465428590335000,1771465428581548000,50,Insert, ,51,Cestujeme autom ale musime ist pomaly lebo napadlo 
wL7w4dmBmxSYXUEO9tYBUp6XaA22,5,1771465428818488000,1771465428811621000,51,Insert,v,52,Cestujeme autom ale musime ist pomaly lebo napadlo v
wL7w4dmBmxSYXUEO9tYBUp6XaA22,5,1771465429070145000,1771465429063695000,52,Insert,e,53,Cestujeme autom ale musime ist pomaly lebo napadlo ve
wL7w4dmBmxSYXUEO9tYBUp6XaA22,5,1771465429665220000,1771465429656412000,53,Insert,l,54,Cestujeme autom ale musime ist pomaly lebo napadlo vel
wL7w4dmBmxSYXUEO9tYBUp6XaA22,5,1771465430094604000,1771465430087519000,54,Insert,a,55,Cestujeme autom ale musime ist pomaly lebo napadlo vela
wL7w4dmBmxSYXUEO9tYBUp6XaA22,5,1771465430405077000,1771465430398352000,55,Insert, ,56,Cestujeme autom ale musime ist pomaly lebo napadlo vela 
wL7w4dmBmxSYXUEO9tYBUp6XaA22,5,1771465430682866000,1771465430676049000,56,Insert,s,57,Cestujeme autom ale musime ist pomaly lebo napadlo vela s
wL7w4dmBmxSYXUEO9tYBUp6XaA22,5,1771465431094846000,1771465431086971000,57,Insert,n,58,Cestujeme autom ale musime ist pomaly lebo napadlo vela sn
wL7w4dmBmxSYXUEO9tYBUp6XaA22,5,1771465431487273000,1771465431481622000,58,Insert,e,59,Cestujeme autom ale musime ist pomaly lebo napadlo vela sne
wL7w4dmBmxSYXUEO9tYBUp6XaA22,5,1771465432022987000,1771465432018915000,59,Insert,h,60,Cestujeme autom ale musime ist pomaly lebo napadlo vela sneh
wL7w4dmBmxSYXUEO9tYBUp6XaA22,5,1771465432223079000,1771465432218819000,60,Insert,u,61,Cestujeme autom ale musime ist pomaly lebo napadlo vela snehu
wL7w4dmBmxSYXUEO9tYBUp6XaA22,5,1771465433292950000,1771465433282979000,61,Insert, ,62,Cestujeme autom ale musime ist pomaly lebo napadlo vela snehu 
wL7w4dmBmxSYXUEO9tYBUp6XaA22,5,1771465433621067000,1771465433614889000,62,Insert,a,63,Cestujeme autom ale musime ist pomaly lebo napadlo vela snehu a
wL7w4dmBmxSYXUEO9tYBUp6XaA22,5,1771465433944766000,1771465433938074000,63,Insert, ,64,Cestujeme autom ale musime ist pomaly lebo napadlo vela snehu a 
wL7w4dmBmxSYXUEO9tYBUp6XaA22,5,1771465434197217000,1771465434189068000,64,Insert,c,65,Cestujeme autom ale musime ist pomaly lebo napadlo vela snehu a c
wL7w4dmBmxSYXUEO9tYBUp6XaA22,5,1771465434474684000,1771465434467511000,65,Insert,e,66,Cestujeme autom ale musime ist pomaly lebo napadlo vela snehu a ce
wL7w4dmBmxSYXUEO9tYBUp6XaA22,5,1771465434679043000,1771465434673146000,66,Insert,s,67,Cestujeme autom ale musime ist pomaly lebo napadlo vela snehu a ces
wL7w4dmBmxSYXUEO9tYBUp6XaA22,5,1771465434900525000,1771465434893168000,67,Insert,t,68,Cestujeme autom ale musime ist pomaly lebo napadlo vela snehu a cest
wL7w4dmBmxSYXUEO9tYBUp6XaA22,5,1771465435483256000,1771465435476015000,68,Insert,y,69,Cestujeme autom ale musime ist pomaly lebo napadlo vela snehu a cesty
wL7w4dmBmxSYXUEO9tYBUp6XaA22,5,1771465435721274000,1771465435714291000,69,Insert, ,70,Cestujeme autom ale musime ist pomaly lebo napadlo vela snehu a cesty 
wL7w4dmBmxSYXUEO9tYBUp6XaA22,5,1771465435964933000,1771465435958238000,70,Insert,s,71,Cestujeme autom ale musime ist pomaly lebo napadlo vela snehu a cesty s
wL7w4dmBmxSYXUEO9tYBUp6XaA22,5,1771465436537458000,1771465436533348000,71,Insert,u,72,Cestujeme autom ale musime ist pomaly lebo napadlo vela snehu a cesty su
wL7w4dmBmxSYXUEO9tYBUp6XaA22,5,1771465436959502000,1771465436951411000,72,Insert, ,73,Cestujeme autom ale musime ist pomaly lebo napadlo vela snehu a cesty su 
wL7w4dmBmxSYXUEO9tYBUp6XaA22,5,1771465437339463000,1771465437332828000,73,Insert,z,74,Cestujeme autom ale musime ist pomaly lebo napadlo vela snehu a cesty su z
wL7w4dmBmxSYXUEO9tYBUp6XaA22,5,1771465437689580000,1771465437683207000,74,Insert,l,75,Cestujeme autom ale musime ist pomaly lebo napadlo vela snehu a cesty su zl
wL7w4dmBmxSYXUEO9tYBUp6XaA22,6,1771465440175742000,1771465440164781000,0,Insert,C,1,C
wL7w4dmBmxSYXUEO9tYBUp6XaA22,6,1771465440394089000,1771465440386538000,1,Insert,e,2,Ce
wL7w4dmBmxSYXUEO9tYBUp6XaA22,6,1771465440573614000,1771465440568449000,2,Insert,s,3,Ces
wL7w4dmBmxSYXUEO9tYBUp6XaA22,6,1771465440823884000,1771465440815849000,3,Insert,t,4,Cest
wL7w4dmBmxSYXUEO9tYBUp6XaA22,6,1771465441064160000,1771465441058032000,4,Insert,u,5,Cestu
wL7w4dmBmxSYXUEO9tYBUp6XaA22,6,1771465441257026000,1771465441251892000,5,Insert,j,6,Cestuj
wL7w4dmBmxSYXUEO9tYBUp6XaA22,6,1771465441512039000,1771465441505803000,6,Insert,e,7,Cestuje
wL7w4dmBmxSYXUEO9tYBUp6XaA22,6,1771465442018230000,1771465442010308000,7,Insert,m,8,Cestujem
wL7w4dmBmxSYXUEO9tYBUp6XaA22,6,1771465442293854000,1771465442287365000,8,Insert,e,9,Cestujeme
wL7w4dmBmxSYXUEO9tYBUp6XaA22,6,1771465442601621000,1771465442591728000,9,Insert, ,10,Cestujeme 
wL7w4dmBmxSYXUEO9tYBUp6XaA22,6,1771465442931586000,1771465442925513000,10,Insert,a,11,Cestujeme a
wL7w4dmBmxSYXUEO9tYBUp6XaA22,6,1771465443293532000,1771465443286915000,11,Insert,u,12,Cestujeme au
wL7w4dmBmxSYXUEO9tYBUp6XaA22,6,1771465443682339000,1771465443675784000,12,Insert,t,13,Cestujeme aut
wL7w4dmBmxSYXUEO9tYBUp6XaA22,6,1771465443994179000,1771465443988332000,13,Insert,o,14,Cestujeme auto
wL7w4dmBmxSYXUEO9tYBUp6XaA22,6,1771465444361461000,1771465444355235000,14,Insert,m,15,Cestujeme autom
wL7w4dmBmxSYXUEO9tYBUp6XaA22,6,1771465444660562000,1771465444656487000,15,Insert, ,16,Cestujeme autom 
wL7w4dmBmxSYXUEO9tYBUp6XaA22,6,1771465444963982000,1771465444959834000,16,Insert,a,17,Cestujeme autom a
wL7w4dmBmxSYXUEO9tYBUp6XaA22,6,1771465445407163000,1771465445399856000,17,Insert,l,18,Cestujeme autom al
wL7w4dmBmxSYXUEO9tYBUp6XaA22,6,1771465445825256000,1771465445819118000,18,Insert,e,19,Cestujeme autom ale
wL7w4dmBmxSYXUEO9tYBUp6XaA22,6,1771465446408913000,1771465446399152000,19,Insert, ,20,Cestujeme autom ale 
wL7w4dmBmxSYXUEO9tYBUp6XaA22,6,1771465446814525000,1771465446807791000,20,Insert,m,21,Cestujeme autom ale m
wL7w4dmBmxSYXUEO9tYBUp6XaA22,6,1771465447051110000,1771465447043649000,21,Insert,u,22,Cestujeme autom ale mu
wL7w4dmBmxSYXUEO9tYBUp6XaA22,6,1771465447546250000,1771465447540191000,22,Insert,s,23,Cestujeme autom ale mus
wL7w4dmBmxSYXUEO9tYBUp6XaA22,6,1771465448048626000,1771465448042878000,23,Insert,i,24,Cestujeme autom ale musi
wL7w4dmBmxSYXUEO9tYBUp6XaA22,6,1771465448478035000,1771465448471818000,24,Insert,m,25,Cestujeme autom ale musim
wL7w4dmBmxSYXUEO9tYBUp6XaA22,6,1771465448939495000,1771465448933153000,25,Insert,e,26,Cestujeme autom ale musime
wL7w4dmBmxSYXUEO9tYBUp6XaA22,6,1771465449290538000,1771465449283702000,26,Insert, ,27,Cestujeme autom ale musime 
wL7w4dmBmxSYXUEO9tYBUp6XaA22,6,1771465449618663000,1771465449611696000,27,Insert,i,28,Cestujeme autom ale musime i
wL7w4dmBmxSYXUEO9tYBUp6XaA22,6,1771465450072833000,1771465450066674000,28,Insert,s,29,Cestujeme autom ale musime is
wL7w4dmBmxSYXUEO9tYBUp6XaA22,6,1771465450313854000,1771465450307290000,29,Insert,t,30,Cestujeme autom ale musime ist
wL7w4dmBmxSYXUEO9tYBUp6XaA22,6,1771465450601823000,1771465450597791000,30,Insert, ,31,Cestujeme autom ale musime ist 
wL7w4dmBmxSYXUEO9tYBUp6XaA22,6,1771465450991124000,1771465450986922000,31,Insert,p,32,Cestujeme autom ale musime ist p
wL7w4dmBmxSYXUEO9tYBUp6XaA22,6,1771465451177889000,1771465451172992000,32,Insert,o,33,Cestujeme autom ale musime ist po
wL7w4dmBmxSYXUEO9tYBUp6XaA22,6,1771465451592717000,1771465451586547000,33,Insert,m,34,Cestujeme autom ale musime ist pom
wL7w4dmBmxSYXUEO9tYBUp6XaA22,6,1771465451937661000,1771465451931285000,34,Insert,a,35,Cestujeme autom ale musime ist poma
wL7w4dmBmxSYXUEO9tYBUp6XaA22,6,1771465452459592000,1771465452452505000,35,Insert,l,36,Cestujeme autom ale musime ist pomal
wL7w4dmBmxSYXUEO9tYBUp6XaA22,6,1771465452917919000,1771465452911777000,36,Insert,y,37,Cestujeme autom ale musime ist pomaly
wL7w4dmBmxSYXUEO9tYBUp6XaA22,6,1771465453679999000,1771465453671677000,37,Insert, ,38,Cestujeme autom ale musime ist pomaly 
wL7w4dmBmxSYXUEO9tYBUp6XaA22,6,1771465453995159000,1771465453988814000,38,Insert,k,39,Cestujeme autom ale musime ist pomaly k
wL7w4dmBmxSYXUEO9tYBUp6XaA22,6,1771465454733804000,1771465454729357000,39,Delete,k,38,Cestujeme autom ale musime ist pomaly 
wL7w4dmBmxSYXUEO9tYBUp6XaA22,6,1771465455046791000,1771465455042554000,38,Delete, ,37,Cestujeme autom ale musime ist pomaly
wL7w4dmBmxSYXUEO9tYBUp6XaA22,6,1771465456692663000,1771465456684326000,37,Insert, ,38,Cestujeme autom ale musime ist pomaly 
wL7w4dmBmxSYXUEO9tYBUp6XaA22,6,1771465457129478000,1771465457119980000,38,Insert,l,39,Cestujeme autom ale musime ist pomaly l
wL7w4dmBmxSYXUEO9tYBUp6XaA22,6,1771465457622886000,1771465457615567000,39,Insert,e,40,Cestujeme autom ale musime ist pomaly le
wL7w4dmBmxSYXUEO9tYBUp6XaA22,6,1771465458101582000,1771465458093847000,40,Insert,b,41,Cestujeme autom ale musime ist pomaly leb
wL7w4dmBmxSYXUEO9tYBUp6XaA22,6,1771465458720566000,1771465458715911000,41,Insert,k,42,Cestujeme autom ale musime ist pomaly lebk
wL7w4dmBmxSYXUEO9tYBUp6XaA22,6,1771465459883897000,1771465459878750000,42,Delete,k,41,Cestujeme autom ale musime ist pomaly leb
wL7w4dmBmxSYXUEO9tYBUp6XaA22,6,1771465460168503000,1771465460159983000,41,Insert,o,42,Cestujeme autom ale musime ist pomaly lebo
wL7w4dmBmxSYXUEO9tYBUp6XaA22,6,1771465460905087000,1771465460895405000,42,Insert, ,43,Cestujeme autom ale musime ist pomaly lebo 
wL7w4dmBmxSYXUEO9tYBUp6XaA22,6,1771465461134020000,1771465461127058000,43,Insert,n,44,Cestujeme autom ale musime ist pomaly lebo n
wL7w4dmBmxSYXUEO9tYBUp6XaA22,6,1771465461509996000,1771465461503421000,44,Insert,a,45,Cestujeme autom ale musime ist pomaly lebo na
wL7w4dmBmxSYXUEO9tYBUp6XaA22,6,1771465461957193000,1771465461950195000,45,Insert,p,46,Cestujeme autom ale musime ist pomaly lebo nap
wL7w4dmBmxSYXUEO9tYBUp6XaA22,6,1771465462467115000,1771465462460673000,46,Insert,a,47,Cestujeme autom ale musime ist pomaly lebo napa
wL7w4dmBmxSYXUEO9tYBUp6XaA22,6,1771465462812496000,1771465462804804000,47,Insert,d,48,Cestujeme autom ale musime ist pomaly lebo napad
wL7w4dmBmxSYXUEO9tYBUp6XaA22,6,1771465463266720000,1771465463259426000,48,Insert,l,49,Cestujeme autom ale musime ist pomaly lebo napadl
wL7w4dmBmxSYXUEO9tYBUp6XaA22,6,1771465463467976000,1771465463464090000,49,Insert,i,50,Cestujeme autom ale musime ist pomaly lebo napadli
wL7w4dmBmxSYXUEO9tYBUp6XaA22,6,1771465464439569000,1771465464434597000,50,Delete,i,49,Cestujeme autom ale musime ist pomaly lebo napadl
wL7w4dmBmxSYXUEO9tYBUp6XaA22,6,1771465464732647000,1771465464726365000,49,Insert,o,50,Cestujeme autom ale musime ist pomaly lebo napadlo
wL7w4dmBmxSYXUEO9tYBUp6XaA22,6,1771465465927560000,1771465465919832000,50,Insert, ,51,Cestujeme autom ale musime ist pomaly lebo napadlo 
wL7w4dmBmxSYXUEO9tYBUp6XaA22,6,1771465466125513000,1771465466121001000,51,Insert,v,52,Cestujeme autom ale musime ist pomaly lebo napadlo v
wL7w4dmBmxSYXUEO9tYBUp6XaA22,6,1771465466451822000,1771465466444692000,52,Insert,e,53,Cestujeme autom ale musime ist pomaly lebo napadlo ve
wL7w4dmBmxSYXUEO9tYBUp6XaA22,6,1771465467130936000,1771465467123692000,53,Insert,l,54,Cestujeme autom ale musime ist pomaly lebo napadlo vel
wL7w4dmBmxSYXUEO9tYBUp6XaA22,6,1771465467661938000,1771465467654158000,54,Insert,a,55,Cestujeme autom ale musime ist pomaly lebo napadlo vela
wL7w4dmBmxSYXUEO9tYBUp6XaA22,6,1771465468804080000,1771465468793155000,55,Insert, ,56,Cestujeme autom ale musime ist pomaly lebo napadlo vela 
wL7w4dmBmxSYXUEO9tYBUp6XaA22,6,1771465469120806000,1771465469113998000,56,Insert,s,57,Cestujeme autom ale musime ist pomaly lebo napadlo vela s
wL7w4dmBmxSYXUEO9tYBUp6XaA22,6,1771465472630961000,1771465472623505000,57,Insert,n,58,Cestujeme autom ale musime ist pomaly lebo napadlo vela sn
wL7w4dmBmxSYXUEO9tYBUp6XaA22,6,1771465472945190000,1771465472941156000,58,Insert,e,59,Cestujeme autom ale musime ist pomaly lebo napadlo vela sne
wL7w4dmBmxSYXUEO9tYBUp6XaA22,6,1771465473272913000,1771465473263685000,59,Insert,h,60,Cestujeme autom ale musime ist pomaly lebo napadlo vela sneh
wL7w4dmBmxSYXUEO9tYBUp6XaA22,6,1771465473438630000,1771465473434484000,60,Insert,u,61,Cestujeme autom ale musime ist pomaly lebo napadlo vela snehu
wL7w4dmBmxSYXUEO9tYBUp6XaA22,6,1771465474527878000,1771465474520273000,61,Insert, ,62,Cestujeme autom ale musime ist pomaly lebo napadlo vela snehu 
wL7w4dmBmxSYXUEO9tYBUp6XaA22,6,1771465475927270000,1771465475919482000,62,Insert,a,63,Cestujeme autom ale musime ist pomaly lebo napadlo vela snehu a
wL7w4dmBmxSYXUEO9tYBUp6XaA22,6,1771465476216363000,1771465476209597000,63,Insert, ,64,Cestujeme autom ale musime ist pomaly lebo napadlo vela snehu a 
wL7w4dmBmxSYXUEO9tYBUp6XaA22,6,1771465476535934000,1771465476529482000,64,Insert,c,65,Cestujeme autom ale musime ist pomaly lebo napadlo vela snehu a c
wL7w4dmBmxSYXUEO9tYBUp6XaA22,6,1771465476798397000,1771465476790797000,65,Insert,e,66,Cestujeme autom ale musime ist pomaly lebo napadlo vela snehu a ce
wL7w4dmBmxSYXUEO9tYBUp6XaA22,6,1771465477027043000,1771465477018581000,66,Insert,s,67,Cestujeme autom ale musime ist pomaly lebo napadlo vela snehu a ces
wL7w4dmBmxSYXUEO9tYBUp6XaA22,6,1771465477258155000,1771465477249222000,67,Insert,t,68,Cestujeme autom ale musime ist pomaly lebo napadlo vela snehu a cest
wL7w4dmBmxSYXUEO9tYBUp6XaA22,6,1771465477828746000,1771465477823085000,68,Insert,y,69,Cestujeme autom ale musime ist pomaly lebo napadlo vela snehu a cesty
wL7w4dmBmxSYXUEO9tYBUp6XaA22,6,1771465478164100000,1771465478154614000,69,Insert, ,70,Cestujeme autom ale musime ist pomaly lebo napadlo vela snehu a cesty 
wL7w4dmBmxSYXUEO9tYBUp6XaA22,6,1771465478448535000,1771465478441516000,70,Insert,s,71,Cestujeme autom ale musime ist pomaly lebo napadlo vela snehu a cesty s
wL7w4dmBmxSYXUEO9tYBUp6XaA22,6,1771465478874273000,1771465478865435000,71,Insert,u,72,Cestujeme autom ale musime ist pomaly lebo napadlo vela snehu a cesty su
wL7w4dmBmxSYXUEO9tYBUp6XaA22,6,1771465479320282000,1771465479313015000,72,Insert, ,73,Cestujeme autom ale musime ist pomaly lebo napadlo vela snehu a cesty su 
wL7w4dmBmxSYXUEO9tYBUp6XaA22,6,1771465480443476000,1771465480438973000,73,Insert,z,74,Cestujeme autom ale musime ist pomaly lebo napadlo vela snehu a cesty su z
wL7w4dmBmxSYXUEO9tYBUp6XaA22,6,1771465480852787000,1771465480846244000,74,Insert,l,75,Cestujeme autom ale musime ist pomaly lebo napadlo vela snehu a cesty su zl
wL7w4dmBmxSYXUEO9tYBUp6XaA22,7,1771465484246388000,1771465484236264000,0,Insert,C,1,C
wL7w4dmBmxSYXUEO9tYBUp6XaA22,7,1771465484527881000,1771465484518910000,1,Insert,e,2,Ce
wL7w4dmBmxSYXUEO9tYBUp6XaA22,7,1771465484710909000,1771465484707225000,2,Insert,s,3,Ces
wL7w4dmBmxSYXUEO9tYBUp6XaA22,7,1771465485292451000,1771465485288778000,3,Insert,t,4,Cest
wL7w4dmBmxSYXUEO9tYBUp6XaA22,7,1771465485574728000,1771465485568014000,4,Insert,u,5,Cestu
wL7w4dmBmxSYXUEO9tYBUp6XaA22,7,1771465485779857000,1771465485773108000,5,Insert,j,6,Cestuj
wL7w4dmBmxSYXUEO9tYBUp6XaA22,7,1771465486089337000,1771465486083510000,6,Insert,e,7,Cestuje
wL7w4dmBmxSYXUEO9tYBUp6XaA22,7,1771465486470793000,1771465486466699000,7,Insert,m,8,Cestujem
wL7w4dmBmxSYXUEO9tYBUp6XaA22,7,1771465486815882000,1771465486809988000,8,Insert,r,9,Cestujemr
wL7w4dmBmxSYXUEO9tYBUp6XaA22,7,1771465487742261000,1771465487737045000,9,Delete,r,8,Cestujem
wL7w4dmBmxSYXUEO9tYBUp6XaA22,7,1771465488192732000,1771465488182614000,8,Insert,e,9,Cestujeme
wL7w4dmBmxSYXUEO9tYBUp6XaA22,7,1771465488648161000,1771465488640385000,9,Insert, ,10,Cestujeme 
wL7w4dmBmxSYXUEO9tYBUp6XaA22,7,1771465489022077000,1771465489015981000,10,Insert,a,11,Cestujeme a
wL7w4dmBmxSYXUEO9tYBUp6XaA22,7,1771465489499595000,1771465489492798000,11,Insert,u,12,Cestujeme au
wL7w4dmBmxSYXUEO9tYBUp6XaA22,7,1771465490032825000,1771465490028871000,12,Insert,t,13,Cestujeme aut
wL7w4dmBmxSYXUEO9tYBUp6XaA22,7,1771465490458542000,1771465490452214000,13,Insert,o,14,Cestujeme auto
wL7w4dmBmxSYXUEO9tYBUp6XaA22,7,1771465490949856000,1771465490942420000,14,Insert,m,15,Cestujeme autom
wL7w4dmBmxSYXUEO9tYBUp6XaA22,7,1771465491802706000,1771465491794059000,15,Insert, ,16,Cestujeme autom 
wL7w4dmBmxSYXUEO9tYBUp6XaA22,7,1771465492143419000,1771465492135760000,16,Insert,a,17,Cestujeme autom a
wL7w4dmBmxSYXUEO9tYBUp6XaA22,7,1771465492573126000,1771465492564833000,17,Insert,l,18,Cestujeme autom al
wL7w4dmBmxSYXUEO9tYBUp6XaA22,7,1771465492984518000,1771465492978641000,18,Insert,e,19,Cestujeme autom ale
wL7w4dmBmxSYXUEO9tYBUp6XaA22,7,1771465493458955000,1771465493452170000,19,Insert, ,20,Cestujeme autom ale 
wL7w4dmBmxSYXUEO9tYBUp6XaA22,7,1771465493828097000,1771465493822281000,20,Insert,m,21,Cestujeme autom ale m
wL7w4dmBmxSYXUEO9tYBUp6XaA22,7,1771465494193290000,1771465494185599000,21,Insert,u,22,Cestujeme autom ale mu
wL7w4dmBmxSYXUEO9tYBUp6XaA22,7,1771465494654393000,1771465494651209000,22,Insert,s,23,Cestujeme autom ale mus
wL7w4dmBmxSYXUEO9tYBUp6XaA22,7,1771465495137544000,1771465495132087000,23,Insert,i,24,Cestujeme autom ale musi
wL7w4dmBmxSYXUEO9tYBUp6XaA22,7,1771465495546808000,1771465495542205000,24,Insert,m,25,Cestujeme autom ale musim
wL7w4dmBmxSYXUEO9tYBUp6XaA22,7,1771465496035794000,1771465496027072000,25,Insert,e,26,Cestujeme autom ale musime
wL7w4dmBmxSYXUEO9tYBUp6XaA22,7,1771465496497200000,1771465496493837000,26,Insert, ,27,Cestujeme autom ale musime 
wL7w4dmBmxSYXUEO9tYBUp6XaA22,7,1771465496871302000,1771465496863584000,27,Insert,u,28,Cestujeme autom ale musime u
wL7w4dmBmxSYXUEO9tYBUp6XaA22,7,1771465497544316000,1771465497537608000,28,Delete,u,27,Cestujeme autom ale musime 
wL7w4dmBmxSYXUEO9tYBUp6XaA22,7,1771465497846762000,1771465497841069000,27,Insert,i,28,Cestujeme autom ale musime i
wL7w4dmBmxSYXUEO9tYBUp6XaA22,7,1771465498457092000,1771465498453119000,28,Insert,s,29,Cestujeme autom ale musime is
wL7w4dmBmxSYXUEO9tYBUp6XaA22,7,1771465498730865000,1771465498726391000,29,Insert,t,30,Cestujeme autom ale musime ist
wL7w4dmBmxSYXUEO9tYBUp6XaA22,7,1771465499253941000,1771465499246032000,30,Insert, ,31,Cestujeme autom ale musime ist 
wL7w4dmBmxSYXUEO9tYBUp6XaA22,7,1771465499701508000,1771465499695344000,31,Insert,p,32,Cestujeme autom ale musime ist p
wL7w4dmBmxSYXUEO9tYBUp6XaA22,7,1771465499921145000,1771465499913319000,32,Insert,o,33,Cestujeme autom ale musime ist po
wL7w4dmBmxSYXUEO9tYBUp6XaA22,7,1771465500587942000,1771465500583649000,33,Insert,m,34,Cestujeme autom ale musime ist pom
wL7w4dmBmxSYXUEO9tYBUp6XaA22,7,1771465501036731000,1771465501029163000,34,Insert,a,35,Cestujeme autom ale musime ist poma
wL7w4dmBmxSYXUEO9tYBUp6XaA22,7,1771465501559012000,1771465501551474000,35,Insert,l,36,Cestujeme autom ale musime ist pomal
wL7w4dmBmxSYXUEO9tYBUp6XaA22,7,1771465502066064000,1771465502058598000,36,Insert,y,37,Cestujeme autom ale musime ist pomaly
wL7w4dmBmxSYXUEO9tYBUp6XaA22,7,1771465502547621000,1771465502541809000,37,Insert, ,38,Cestujeme autom ale musime ist pomaly 
wL7w4dmBmxSYXUEO9tYBUp6XaA22,7,1771465503568252000,1771465503559131000,38,Insert,l,39,Cestujeme autom ale musime ist pomaly l
wL7w4dmBmxSYXUEO9tYBUp6XaA22,7,1771465504064377000,1771465504057998000,39,Insert,e,40,Cestujeme autom ale musime ist pomaly le
wL7w4dmBmxSYXUEO9tYBUp6XaA22,7,1771465504495436000,1771465504487162000,40,Insert,b,41,Cestujeme autom ale musime ist pomaly leb
wL7w4dmBmxSYXUEO9tYBUp6XaA22,7,1771465504923555000,1771465504916638000,41,Insert,o,42,Cestujeme autom ale musime ist pomaly lebo
wL7w4dmBmxSYXUEO9tYBUp6XaA22,7,1771465505332583000,1771465505324583000,42,Insert, ,43,Cestujeme autom ale musime ist pomaly lebo 
wL7w4dmBmxSYXUEO9tYBUp6XaA22,7,1771465505584590000,1771465505578556000,43,Insert,n,44,Cestujeme autom ale musime ist pomaly lebo n
wL7w4dmBmxSYXUEO9tYBUp6XaA22,7,1771465506039914000,1771465506033089000,44,Insert,a,45,Cestujeme autom ale musime ist pomaly lebo na
wL7w4dmBmxSYXUEO9tYBUp6XaA22,7,1771465506570096000,1771465506563704000,45,Insert,p,46,Cestujeme autom ale musime ist pomaly lebo nap
wL7w4dmBmxSYXUEO9tYBUp6XaA22,7,1771465507098842000,1771465507093552000,46,Insert,a,47,Cestujeme autom ale musime ist pomaly lebo napa
wL7w4dmBmxSYXUEO9tYBUp6XaA22,7,1771465507490453000,1771465507486197000,47,Insert,d,48,Cestujeme autom ale musime ist pomaly lebo napad
wL7w4dmBmxSYXUEO9tYBUp6XaA22,7,1771465508068580000,1771465508062253000,48,Insert,l,49,Cestujeme autom ale musime ist pomaly lebo napadl
wL7w4dmBmxSYXUEO9tYBUp6XaA22,7,1771465508268103000,1771465508262625000,49,Insert,i,50,Cestujeme autom ale musime ist pomaly lebo napadli
wL7w4dmBmxSYXUEO9tYBUp6XaA22,7,1771465509185936000,1771465509180419000,50,Delete,i,49,Cestujeme autom ale musime ist pomaly lebo napadl
wL7w4dmBmxSYXUEO9tYBUp6XaA22,7,1771465509528546000,1771465509522328000,49,Insert,o,50,Cestujeme autom ale musime ist pomaly lebo napadlo
wL7w4dmBmxSYXUEO9tYBUp6XaA22,7,1771465510074975000,1771465510066363000,50,Insert, ,51,Cestujeme autom ale musime ist pomaly lebo napadlo 
wL7w4dmBmxSYXUEO9tYBUp6XaA22,7,1771465510293547000,1771465510285873000,51,Insert,v,52,Cestujeme autom ale musime ist pomaly lebo napadlo v
wL7w4dmBmxSYXUEO9tYBUp6XaA22,7,1771465510571324000,1771465510565034000,52,Insert,e,53,Cestujeme autom ale musime ist pomaly lebo napadlo ve
wL7w4dmBmxSYXUEO9tYBUp6XaA22,7,1771465510983687000,1771465510977156000,53,Insert,l,54,Cestujeme autom ale musime ist pomaly lebo napadlo vel
wL7w4dmBmxSYXUEO9tYBUp6XaA22,7,1771465512463558000,1771465512455299000,54,Insert,a,55,Cestujeme autom ale musime ist pomaly lebo napadlo vela
wL7w4dmBmxSYXUEO9tYBUp6XaA22,7,1771465514506849000,1771465514498806000,55,Insert, ,56,Cestujeme autom ale musime ist pomaly lebo napadlo vela 
wL7w4dmBmxSYXUEO9tYBUp6XaA22,7,1771465514826373000,1771465514818786000,56,Insert,s,57,Cestujeme autom ale musime ist pomaly lebo napadlo vela s
wL7w4dmBmxSYXUEO9tYBUp6XaA22,7,1771465515290173000,1771465515285880000,57,Insert,n,58,Cestujeme autom ale musime ist pomaly lebo napadlo vela sn
wL7w4dmBmxSYXUEO9tYBUp6XaA22,7,1771465515657268000,1771465515651158000,58,Insert,e,59,Cestujeme autom ale musime ist pomaly lebo napadlo vela sne
wL7w4dmBmxSYXUEO9tYBUp6XaA22,7,1771465516191707000,1771465516182672000,59,Insert,h,60,Cestujeme autom ale musime ist pomaly lebo napadlo vela sneh
wL7w4dmBmxSYXUEO9tYBUp6XaA22,7,1771465516409186000,1771465516402846000,60,Insert,u,61,Cestujeme autom ale musime ist pomaly lebo napadlo vela snehu
wL7w4dmBmxSYXUEO9tYBUp6XaA22,7,1771465517374028000,1771465517364182000,61,Insert, ,62,Cestujeme autom ale musime ist pomaly lebo napadlo vela snehu 
wL7w4dmBmxSYXUEO9tYBUp6XaA22,7,1771465517693171000,1771465517685951000,62,Insert,a,63,Cestujeme autom ale musime ist pomaly lebo napadlo vela snehu a
wL7w4dmBmxSYXUEO9tYBUp6XaA22,7,1771465518040006000,1771465518032927000,63,Insert, ,64,Cestujeme autom ale musime ist pomaly lebo napadlo vela snehu a 
wL7w4dmBmxSYXUEO9tYBUp6XaA22,7,1771465518313538000,1771465518309392000,64,Insert,c,65,Cestujeme autom ale musime ist pomaly lebo napadlo vela snehu a c
wL7w4dmBmxSYXUEO9tYBUp6XaA22,7,1771465518600597000,1771465518594380000,65,Insert,e,66,Cestujeme autom ale musime ist pomaly lebo napadlo vela snehu a ce
wL7w4dmBmxSYXUEO9tYBUp6XaA22,7,1771465518813148000,1771465518808669000,66,Insert,s,67,Cestujeme autom ale musime ist pomaly lebo napadlo vela snehu a ces
wL7w4dmBmxSYXUEO9tYBUp6XaA22,7,1771465519044615000,1771465519037830000,67,Insert,t,68,Cestujeme autom ale musime ist pomaly lebo napadlo vela snehu a cest
wL7w4dmBmxSYXUEO9tYBUp6XaA22,7,1771465519667704000,1771465519663298000,68,Insert,y,69,Cestujeme autom ale musime ist pomaly lebo napadlo vela snehu a cesty
wL7w4dmBmxSYXUEO9tYBUp6XaA22,7,1771465519972258000,1771465519965512000,69,Insert, ,70,Cestujeme autom ale musime ist pomaly lebo napadlo vela snehu a cesty 
wL7w4dmBmxSYXUEO9tYBUp6XaA22,7,1771465520275971000,1771465520267496000,70,Insert,s,71,Cestujeme autom ale musime ist pomaly lebo napadlo vela snehu a cesty s
wL7w4dmBmxSYXUEO9tYBUp6XaA22,7,1771465520640027000,1771465520632270000,71,Insert,u,72,Cestujeme autom ale musime ist pomaly lebo napadlo vela snehu a cesty su
wL7w4dmBmxSYXUEO9tYBUp6XaA22,7,1771465521098620000,1771465521091721000,72,Insert, ,73,Cestujeme autom ale musime ist pomaly lebo napadlo vela snehu a cesty su 
wL7w4dmBmxSYXUEO9tYBUp6XaA22,7,1771465521391561000,1771465521385400000,73,Insert,z,74,Cestujeme autom ale musime ist pomaly lebo napadlo vela snehu a cesty su z
wL7w4dmBmxSYXUEO9tYBUp6XaA22,7,1771465521792443000,1771465521783520000,74,Insert,l,75,Cestujeme autom ale musime ist pomaly lebo napadlo vela snehu a cesty su zl
wL7w4dmBmxSYXUEO9tYBUp6XaA22,8,1771465524278295000,1771465524274086000,0,Insert,C,1,C
wL7w4dmBmxSYXUEO9tYBUp6XaA22,8,1771465524518002000,1771465524511810000,1,Insert,e,2,Ce
wL7w4dmBmxSYXUEO9tYBUp6XaA22,8,1771465524701777000,1771465524697834000,2,Insert,s,3,Ces
wL7w4dmBmxSYXUEO9tYBUp6XaA22,8,1771465525318657000,1771465525311598000,3,Insert,t,4,Cest
wL7w4dmBmxSYXUEO9tYBUp6XaA22,8,1771465525594497000,1771465525588064000,4,Insert,u,5,Cestu
wL7w4dmBmxSYXUEO9tYBUp6XaA22,8,1771465525822403000,1771465525815194000,5,Insert,j,6,Cestuj
wL7w4dmBmxSYXUEO9tYBUp6XaA22,8,1771465526134354000,1771465526128147000,6,Insert,e,7,Cestuje
wL7w4dmBmxSYXUEO9tYBUp6XaA22,8,1771465526873295000,1771465526864216000,7,Insert,m,8,Cestujem
wL7w4dmBmxSYXUEO9tYBUp6XaA22,8,1771465527235841000,1771465527231079000,8,Insert,e,9,Cestujeme
wL7w4dmBmxSYXUEO9tYBUp6XaA22,8,1771465528195990000,1771465528187800000,9,Insert, ,10,Cestujeme 
wL7w4dmBmxSYXUEO9tYBUp6XaA22,8,1771465528538987000,1771465528531160000,10,Insert,a,11,Cestujeme a
wL7w4dmBmxSYXUEO9tYBUp6XaA22,8,1771465528930716000,1771465528924312000,11,Insert,u,12,Cestujeme au
wL7w4dmBmxSYXUEO9tYBUp6XaA22,8,1771465529368628000,1771465529364993000,12,Insert,t,13,Cestujeme aut
wL7w4dmBmxSYXUEO9tYBUp6XaA22,8,1771465529870987000,1771465529862230000,13,Insert,o,14,Cestujeme auto
wL7w4dmBmxSYXUEO9tYBUp6XaA22,8,1771465530210254000,1771465530203831000,14,Insert,m,15,Cestujeme autom
wL7w4dmBmxSYXUEO9tYBUp6XaA22,8,1771465531125466000,1771465531116658000,15,Insert, ,16,Cestujeme autom 
wL7w4dmBmxSYXUEO9tYBUp6XaA22,8,1771465531428502000,1771465531422440000,16,Insert,a,17,Cestujeme autom a
wL7w4dmBmxSYXUEO9tYBUp6XaA22,8,1771465532086897000,1771465532079980000,17,Insert,l,18,Cestujeme autom al
wL7w4dmBmxSYXUEO9tYBUp6XaA22,8,1771465532156602000,1771465532151201000,18,Insert,l,19,Cestujeme autom all
wL7w4dmBmxSYXUEO9tYBUp6XaA22,8,1771465533063105000,1771465533057263000,19,Delete,l,18,Cestujeme autom al
wL7w4dmBmxSYXUEO9tYBUp6XaA22,8,1771465533441068000,1771465533433594000,18,Insert,e,19,Cestujeme autom ale
wL7w4dmBmxSYXUEO9tYBUp6XaA22,8,1771465534571225000,1771465534559703000,19,Insert, ,20,Cestujeme autom ale 
wL7w4dmBmxSYXUEO9tYBUp6XaA22,8,1771465534923484000,1771465534916938000,20,Insert,m,21,Cestujeme autom ale m
wL7w4dmBmxSYXUEO9tYBUp6XaA22,8,1771465535203393000,1771465535197549000,21,Insert,u,22,Cestujeme autom ale mu
wL7w4dmBmxSYXUEO9tYBUp6XaA22,8,1771465535727052000,1771465535717830000,22,Insert,s,23,Cestujeme autom ale mus
wL7w4dmBmxSYXUEO9tYBUp6XaA22,8,1771465536244611000,1771465536239989000,23,Insert,i,24,Cestujeme autom ale musi
wL7w4dmBmxSYXUEO9tYBUp6XaA22,8,1771465536707590000,1771465536702056000,24,Insert,m,25,Cestujeme autom ale musim
wL7w4dmBmxSYXUEO9tYBUp6XaA22,8,1771465537230872000,1771465537221113000,25,Insert,e,26,Cestujeme autom ale musime
wL7w4dmBmxSYXUEO9tYBUp6XaA22,8,1771465538161028000,1771465538148691000,26,Insert, ,27,Cestujeme autom ale musime 
wL7w4dmBmxSYXUEO9tYBUp6XaA22,8,1771465538562840000,1771465538556550000,27,Insert,i,28,Cestujeme autom ale musime i
wL7w4dmBmxSYXUEO9tYBUp6XaA22,8,1771465539052602000,1771465539046748000,28,Insert,s,29,Cestujeme autom ale musime is
wL7w4dmBmxSYXUEO9tYBUp6XaA22,8,1771465539404667000,1771465539397484000,29,Insert,t,30,Cestujeme autom ale musime ist
wL7w4dmBmxSYXUEO9tYBUp6XaA22,8,1771465539863081000,1771465539854966000,30,Insert, ,31,Cestujeme autom ale musime ist 
wL7w4dmBmxSYXUEO9tYBUp6XaA22,8,1771465540289830000,1771465540283229000,31,Insert,p,32,Cestujeme autom ale musime ist p
wL7w4dmBmxSYXUEO9tYBUp6XaA22,8,1771465540508012000,1771465540501608000,32,Insert,o,33,Cestujeme autom ale musime ist po
wL7w4dmBmxSYXUEO9tYBUp6XaA22,8,1771465541107214000,1771465541102388000,33,Insert,m,34,Cestujeme autom ale musime ist pom
wL7w4dmBmxSYXUEO9tYBUp6XaA22,8,1771465541560910000,1771465541556764000,34,Insert,a,35,Cestujeme autom ale musime ist poma
wL7w4dmBmxSYXUEO9tYBUp6XaA22,8,1771465542045562000,1771465542039534000,35,Insert,l,36,Cestujeme autom ale musime ist pomal
wL7w4dmBmxSYXUEO9tYBUp6XaA22,8,1771465542532067000,1771465542525775000,36,Insert,y,37,Cestujeme autom ale musime ist pomaly
wL7w4dmBmxSYXUEO9tYBUp6XaA22,8,1771465544534521000,1771465544526587000,37,Insert, ,38,Cestujeme autom ale musime ist pomaly 
wL7w4dmBmxSYXUEO9tYBUp6XaA22,8,1771465544901384000,1771465544895063000,38,Insert,l,39,Cestujeme autom ale musime ist pomaly l
wL7w4dmBmxSYXUEO9tYBUp6XaA22,8,1771465545379100000,1771465545373618000,39,Insert,e,40,Cestujeme autom ale musime ist pomaly le
wL7w4dmBmxSYXUEO9tYBUp6XaA22,8,1771465545842603000,1771465545835672000,40,Insert,b,41,Cestujeme autom ale musime ist pomaly leb
wL7w4dmBmxSYXUEO9tYBUp6XaA22,8,1771465546269591000,1771465546263492000,41,Insert,o,42,Cestujeme autom ale musime ist pomaly lebo
wL7w4dmBmxSYXUEO9tYBUp6XaA22,8,1771465546784405000,1771465546776881000,42,Insert, ,43,Cestujeme autom ale musime ist pomaly lebo 
wL7w4dmBmxSYXUEO9tYBUp6XaA22,8,1771465547541224000,1771465547537457000,43,Insert,n,44,Cestujeme autom ale musime ist pomaly lebo n
wL7w4dmBmxSYXUEO9tYBUp6XaA22,8,1771465547956091000,1771465547948062000,44,Insert,a,45,Cestujeme autom ale musime ist pomaly lebo na
wL7w4dmBmxSYXUEO9tYBUp6XaA22,8,1771465548857917000,1771465548848729000,45,Insert,p,46,Cestujeme autom ale musime ist pomaly lebo nap
wL7w4dmBmxSYXUEO9tYBUp6XaA22,8,1771465549359494000,1771465549355046000,46,Insert,a,47,Cestujeme autom ale musime ist pomaly lebo napa
wL7w4dmBmxSYXUEO9tYBUp6XaA22,8,1771465549722658000,1771465549712850000,47,Insert,d,48,Cestujeme autom ale musime ist pomaly lebo napad
wL7w4dmBmxSYXUEO9tYBUp6XaA22,8,1771465550273482000,1771465550267510000,48,Insert,l,49,Cestujeme autom ale musime ist pomaly lebo napadl
wL7w4dmBmxSYXUEO9tYBUp6XaA22,8,1771465550453064000,1771465550447675000,49,Insert,i,50,Cestujeme autom ale musime ist pomaly lebo napadli
wL7w4dmBmxSYXUEO9tYBUp6XaA22,8,1771465551400502000,1771465551394280000,50,Delete,i,49,Cestujeme autom ale musime ist pomaly lebo napadl
wL7w4dmBmxSYXUEO9tYBUp6XaA22,8,1771465551649938000,1771465551643721000,49,Insert,o,50,Cestujeme autom ale musime ist pomaly lebo napadlo
wL7w4dmBmxSYXUEO9tYBUp6XaA22,8,1771465552336649000,1771465552327267000,50,Insert, ,51,Cestujeme autom ale musime ist pomaly lebo napadlo 
wL7w4dmBmxSYXUEO9tYBUp6XaA22,8,1771465552557995000,1771465552551512000,51,Insert,v,52,Cestujeme autom ale musime ist pomaly lebo napadlo v
wL7w4dmBmxSYXUEO9tYBUp6XaA22,8,1771465552845749000,1771465552836144000,52,Insert,e,53,Cestujeme autom ale musime ist pomaly lebo napadlo ve
wL7w4dmBmxSYXUEO9tYBUp6XaA22,8,1771465553452753000,1771465553448786000,53,Insert,l,54,Cestujeme autom ale musime ist pomaly lebo napadlo vel
wL7w4dmBmxSYXUEO9tYBUp6XaA22,8,1771465553989556000,1771465553985528000,54,Insert,a,55,Cestujeme autom ale musime ist pomaly lebo napadlo vela
wL7w4dmBmxSYXUEO9tYBUp6XaA22,8,1771465555306362000,1771465555294753000,55,Insert, ,56,Cestujeme autom ale musime ist pomaly lebo napadlo vela 
wL7w4dmBmxSYXUEO9tYBUp6XaA22,8,1771465555608161000,1771465555600396000,56,Insert,s,57,Cestujeme autom ale musime ist pomaly lebo napadlo vela s
wL7w4dmBmxSYXUEO9tYBUp6XaA22,8,1771465556077997000,1771465556073094000,57,Insert,n,58,Cestujeme autom ale musime ist pomaly lebo napadlo vela sn
wL7w4dmBmxSYXUEO9tYBUp6XaA22,8,1771465556430879000,1771465556424637000,58,Insert,e,59,Cestujeme autom ale musime ist pomaly lebo napadlo vela sne
wL7w4dmBmxSYXUEO9tYBUp6XaA22,8,1771465556847278000,1771465556841286000,59,Insert,h,60,Cestujeme autom ale musime ist pomaly lebo napadlo vela sneh
wL7w4dmBmxSYXUEO9tYBUp6XaA22,8,1771465557071907000,1771465557065860000,60,Insert,u,61,Cestujeme autom ale musime ist pomaly lebo napadlo vela snehu
wL7w4dmBmxSYXUEO9tYBUp6XaA22,8,1771465558921215000,1771465558912357000,61,Insert, ,62,Cestujeme autom ale musime ist pomaly lebo napadlo vela snehu 
wL7w4dmBmxSYXUEO9tYBUp6XaA22,8,1771465559261556000,1771465559251170000,62,Insert,a,63,Cestujeme autom ale musime ist pomaly lebo napadlo vela snehu a
wL7w4dmBmxSYXUEO9tYBUp6XaA22,8,1771465560667596000,1771465560658697000,63,Insert, ,64,Cestujeme autom ale musime ist pomaly lebo napadlo vela snehu a 
wL7w4dmBmxSYXUEO9tYBUp6XaA22,8,1771465561056488000,1771465561050431000,64,Insert,c,65,Cestujeme autom ale musime ist pomaly lebo napadlo vela snehu a c
wL7w4dmBmxSYXUEO9tYBUp6XaA22,8,1771465561366733000,1771465561360596000,65,Insert,e,66,Cestujeme autom ale musime ist pomaly lebo napadlo vela snehu a ce
wL7w4dmBmxSYXUEO9tYBUp6XaA22,8,1771465561584021000,1771465561573931000,66,Insert,s,67,Cestujeme autom ale musime ist pomaly lebo napadlo vela snehu a ces
wL7w4dmBmxSYXUEO9tYBUp6XaA22,8,1771465562015541000,1771465562008100000,67,Insert,t,68,Cestujeme autom ale musime ist pomaly lebo napadlo vela snehu a cest
wL7w4dmBmxSYXUEO9tYBUp6XaA22,8,1771465562566618000,1771465562559784000,68,Insert,y,69,Cestujeme autom ale musime ist pomaly lebo napadlo vela snehu a cesty
wL7w4dmBmxSYXUEO9tYBUp6XaA22,8,1771465563010582000,1771465563003618000,69,Insert, ,70,Cestujeme autom ale musime ist pomaly lebo napadlo vela snehu a cesty 
wL7w4dmBmxSYXUEO9tYBUp6XaA22,8,1771465563299029000,1771465563292749000,70,Insert,s,71,Cestujeme autom ale musime ist pomaly lebo napadlo vela snehu a cesty s
wL7w4dmBmxSYXUEO9tYBUp6XaA22,8,1771465563663850000,1771465563656924000,71,Insert,u,72,Cestujeme autom ale musime ist pomaly lebo napadlo vela snehu a cesty su
wL7w4dmBmxSYXUEO9tYBUp6XaA22,8,1771465564203845000,1771465564194822000,72,Insert, ,73,Cestujeme autom ale musime ist pomaly lebo napadlo vela snehu a cesty su 
wL7w4dmBmxSYXUEO9tYBUp6XaA22,8,1771465564524432000,1771465564518139000,73,Insert,z,74,Cestujeme autom ale musime ist pomaly lebo napadlo vela snehu a cesty su z
wL7w4dmBmxSYXUEO9tYBUp6XaA22,8,1771465564925265000,1771465564917310000,74,Insert,l,75,Cestujeme autom ale musime ist pomaly lebo napadlo vela snehu a cesty su zl
wL7w4dmBmxSYXUEO9tYBUp6XaA22,9,1771465568675282000,1771465568666735000,0,Insert,C,1,C
wL7w4dmBmxSYXUEO9tYBUp6XaA22,9,1771465568911858000,1771465568904106000,1,Insert,e,2,Ce
wL7w4dmBmxSYXUEO9tYBUp6XaA22,9,1771465569116345000,1771465569112472000,2,Insert,s,3,Ces
wL7w4dmBmxSYXUEO9tYBUp6XaA22,9,1771465569757834000,1771465569745326000,3,Insert,t,4,Cest
wL7w4dmBmxSYXUEO9tYBUp6XaA22,9,1771465570505069000,1771465570496369000,4,Insert,u,5,Cestu
wL7w4dmBmxSYXUEO9tYBUp6XaA22,9,1771465570715645000,1771465570709482000,5,Insert,j,6,Cestuj
wL7w4dmBmxSYXUEO9tYBUp6XaA22,9,1771465571258573000,1771465571254655000,6,Insert,e,7,Cestuje
wL7w4dmBmxSYXUEO9tYBUp6XaA22,9,1771465571681346000,1771465571675278000,7,Insert,m,8,Cestujem
wL7w4dmBmxSYXUEO9tYBUp6XaA22,9,1771465572021403000,1771465572015620000,8,Insert,e,9,Cestujeme
wL7w4dmBmxSYXUEO9tYBUp6XaA22,9,1771465573051867000,1771465573043305000,9,Insert, ,10,Cestujeme 
wL7w4dmBmxSYXUEO9tYBUp6XaA22,9,1771465573303456000,1771465573297462000,10,Insert,a,11,Cestujeme a
wL7w4dmBmxSYXUEO9tYBUp6XaA22,9,1771465573662796000,1771465573655766000,11,Insert,u,12,Cestujeme au
wL7w4dmBmxSYXUEO9tYBUp6XaA22,9,1771465574087484000,1771465574080787000,12,Insert,t,13,Cestujeme aut
wL7w4dmBmxSYXUEO9tYBUp6XaA22,9,1771465574475392000,1771465574468023000,13,Insert,o,14,Cestujeme auto
wL7w4dmBmxSYXUEO9tYBUp6XaA22,9,1771465574864156000,1771465574857401000,14,Insert,n,15,Cestujeme auton
wL7w4dmBmxSYXUEO9tYBUp6XaA22,9,1771465575678314000,1771465575672892000,15,Delete,n,14,Cestujeme auto
wL7w4dmBmxSYXUEO9tYBUp6XaA22,9,1771465575913547000,1771465575906566000,14,Insert,m,15,Cestujeme autom
wL7w4dmBmxSYXUEO9tYBUp6XaA22,9,1771465577047792000,1771465577040545000,15,Insert, ,16,Cestujeme autom 
wL7w4dmBmxSYXUEO9tYBUp6XaA22,9,1771465577377543000,1771465577372962000,16,Insert,a,17,Cestujeme autom a
wL7w4dmBmxSYXUEO9tYBUp6XaA22,9,1771465577852427000,1771465577844840000,17,Insert,l,18,Cestujeme autom al
wL7w4dmBmxSYXUEO9tYBUp6XaA22,9,1771465578360915000,1771465578357417000,18,Insert,e,19,Cestujeme autom ale
wL7w4dmBmxSYXUEO9tYBUp6XaA22,9,1771465578843502000,1771465578839178000,19,Insert, ,20,Cestujeme autom ale 
wL7w4dmBmxSYXUEO9tYBUp6XaA22,9,1771465579324633000,1771465579319126000,20,Insert,m,21,Cestujeme autom ale m
wL7w4dmBmxSYXUEO9tYBUp6XaA22,9,1771465579700214000,1771465579693649000,21,Insert,u,22,Cestujeme autom ale mu
wL7w4dmBmxSYXUEO9tYBUp6XaA22,9,1771465580113826000,1771465580105842000,22,Insert,s,23,Cestujeme autom ale mus
wL7w4dmBmxSYXUEO9tYBUp6XaA22,9,1771465580578981000,1771465580571801000,23,Insert,i,24,Cestujeme autom ale musi
wL7w4dmBmxSYXUEO9tYBUp6XaA22,9,1771465580979196000,1771465580972514000,24,Insert,m,25,Cestujeme autom ale musim
wL7w4dmBmxSYXUEO9tYBUp6XaA22,9,1771465581658856000,1771465581649620000,25,Insert,e,26,Cestujeme autom ale musime
wL7w4dmBmxSYXUEO9tYBUp6XaA22,9,1771465582220641000,1771465582216358000,26,Insert, ,27,Cestujeme autom ale musime 
wL7w4dmBmxSYXUEO9tYBUp6XaA22,9,1771465582603571000,1771465582594805000,27,Insert,u,28,Cestujeme autom ale musime u
wL7w4dmBmxSYXUEO9tYBUp6XaA22,9,1771465583283038000,1771465583276922000,28,Delete,u,27,Cestujeme autom ale musime 
wL7w4dmBmxSYXUEO9tYBUp6XaA22,9,1771465583631119000,1771465583624973000,27,Insert,i,28,Cestujeme autom ale musime i
wL7w4dmBmxSYXUEO9tYBUp6XaA22,9,1771465584220760000,1771465584211177000,28,Insert,s,29,Cestujeme autom ale musime is
wL7w4dmBmxSYXUEO9tYBUp6XaA22,9,1771465584498811000,1771465584491861000,29,Insert,t,30,Cestujeme autom ale musime ist
wL7w4dmBmxSYXUEO9tYBUp6XaA22,9,1771465584819942000,1771465584812762000,30,Insert, ,31,Cestujeme autom ale musime ist 
wL7w4dmBmxSYXUEO9tYBUp6XaA22,9,1771465585489407000,1771465585484460000,31,Insert,p,32,Cestujeme autom ale musime ist p
wL7w4dmBmxSYXUEO9tYBUp6XaA22,9,1771465585709054000,1771465585702653000,32,Insert,o,33,Cestujeme autom ale musime ist po
wL7w4dmBmxSYXUEO9tYBUp6XaA22,9,1771465587012869000,1771465587004632000,33,Insert,m,34,Cestujeme autom ale musime ist pom
wL7w4dmBmxSYXUEO9tYBUp6XaA22,9,1771465587477389000,1771465587468676000,34,Insert,a,35,Cestujeme autom ale musime ist poma
wL7w4dmBmxSYXUEO9tYBUp6XaA22,9,1771465587932281000,1771465587928344000,35,Insert,l,36,Cestujeme autom ale musime ist pomal
wL7w4dmBmxSYXUEO9tYBUp6XaA22,9,1771465588397098000,1771465588390864000,36,Insert,y,37,Cestujeme autom ale musime ist pomaly
wL7w4dmBmxSYXUEO9tYBUp6XaA22,9,1771465588720512000,1771465588716295000,37,Insert, ,38,Cestujeme autom ale musime ist pomaly 
wL7w4dmBmxSYXUEO9tYBUp6XaA22,9,1771465589181492000,1771465589177291000,38,Insert,l,39,Cestujeme autom ale musime ist pomaly l
wL7w4dmBmxSYXUEO9tYBUp6XaA22,9,1771465589639180000,1771465589632598000,39,Insert,e,40,Cestujeme autom ale musime ist pomaly le
wL7w4dmBmxSYXUEO9tYBUp6XaA22,9,1771465590095220000,1771465590087476000,40,Insert,b,41,Cestujeme autom ale musime ist pomaly leb
wL7w4dmBmxSYXUEO9tYBUp6XaA22,9,1771465590477545000,1771465590473803000,41,Insert,o,42,Cestujeme autom ale musime ist pomaly lebo
wL7w4dmBmxSYXUEO9tYBUp6XaA22,9,1771465591590880000,1771465591586286000,42,Insert, ,43,Cestujeme autom ale musime ist pomaly lebo 
wL7w4dmBmxSYXUEO9tYBUp6XaA22,9,1771465591827285000,1771465591819770000,43,Insert,n,44,Cestujeme autom ale musime ist pomaly lebo n
wL7w4dmBmxSYXUEO9tYBUp6XaA22,9,1771465592184804000,1771465592177381000,44,Insert,a,45,Cestujeme autom ale musime ist pomaly lebo na
wL7w4dmBmxSYXUEO9tYBUp6XaA22,9,1771465592662797000,1771465592655484000,45,Insert,p,46,Cestujeme autom ale musime ist pomaly lebo nap
wL7w4dmBmxSYXUEO9tYBUp6XaA22,9,1771465593575497000,1771465593567284000,46,Insert,a,47,Cestujeme autom ale musime ist pomaly lebo napa
wL7w4dmBmxSYXUEO9tYBUp6XaA22,9,1771465593911064000,1771465593904115000,47,Insert,d,48,Cestujeme autom ale musime ist pomaly lebo napad
wL7w4dmBmxSYXUEO9tYBUp6XaA22,9,1771465594421646000,1771465594414941000,48,Insert,l,49,Cestujeme autom ale musime ist pomaly lebo napadl
wL7w4dmBmxSYXUEO9tYBUp6XaA22,9,1771465594612276000,1771465594607986000,49,Insert,i,50,Cestujeme autom ale musime ist pomaly lebo napadli
wL7w4dmBmxSYXUEO9tYBUp6XaA22,9,1771465595521281000,1771465595516223000,50,Delete,i,49,Cestujeme autom ale musime ist pomaly lebo napadl
wL7w4dmBmxSYXUEO9tYBUp6XaA22,9,1771465595840723000,1771465595833429000,49,Insert,o,50,Cestujeme autom ale musime ist pomaly lebo napadlo
wL7w4dmBmxSYXUEO9tYBUp6XaA22,9,1771465597064059000,1771465597055687000,50,Insert, ,51,Cestujeme autom ale musime ist pomaly lebo napadlo 
wL7w4dmBmxSYXUEO9tYBUp6XaA22,9,1771465597248962000,1771465597243837000,51,Insert,v,52,Cestujeme autom ale musime ist pomaly lebo napadlo v
wL7w4dmBmxSYXUEO9tYBUp6XaA22,9,1771465597499485000,1771465597492991000,52,Insert,e,53,Cestujeme autom ale musime ist pomaly lebo napadlo ve
wL7w4dmBmxSYXUEO9tYBUp6XaA22,9,1771465598171754000,1771465598160244000,53,Insert,l,54,Cestujeme autom ale musime ist pomaly lebo napadlo vel
wL7w4dmBmxSYXUEO9tYBUp6XaA22,9,1771465598546535000,1771465598540840000,54,Insert,a,55,Cestujeme autom ale musime ist pomaly lebo napadlo vela
wL7w4dmBmxSYXUEO9tYBUp6XaA22,9,1771465601511586000,1771465601498302000,55,Insert, ,56,Cestujeme autom ale musime ist pomaly lebo napadlo vela 
wL7w4dmBmxSYXUEO9tYBUp6XaA22,9,1771465601782665000,1771465601776632000,56,Insert,s,57,Cestujeme autom ale musime ist pomaly lebo napadlo vela s
wL7w4dmBmxSYXUEO9tYBUp6XaA22,9,1771465602129347000,1771465602120534000,57,Insert,n,58,Cestujeme autom ale musime ist pomaly lebo napadlo vela sn
wL7w4dmBmxSYXUEO9tYBUp6XaA22,9,1771465602424623000,1771465602418661000,58,Insert,e,59,Cestujeme autom ale musime ist pomaly lebo napadlo vela sne
wL7w4dmBmxSYXUEO9tYBUp6XaA22,9,1771465603048091000,1771465603042048000,59,Insert,h,60,Cestujeme autom ale musime ist pomaly lebo napadlo vela sneh
wL7w4dmBmxSYXUEO9tYBUp6XaA22,9,1771465603245101000,1771465603240936000,60,Insert,u,61,Cestujeme autom ale musime ist pomaly lebo napadlo vela snehu
wL7w4dmBmxSYXUEO9tYBUp6XaA22,9,1771465603620000000,1771465603611799000,61,Insert, ,62,Cestujeme autom ale musime ist pomaly lebo napadlo vela snehu 
wL7w4dmBmxSYXUEO9tYBUp6XaA22,9,1771465604312740000,1771465604304963000,62,Insert,a,63,Cestujeme autom ale musime ist pomaly lebo napadlo vela snehu a
wL7w4dmBmxSYXUEO9tYBUp6XaA22,9,1771465604605019000,1771465604599865000,63,Insert, ,64,Cestujeme autom ale musime ist pomaly lebo napadlo vela snehu a 
wL7w4dmBmxSYXUEO9tYBUp6XaA22,9,1771465604827976000,1771465604822589000,64,Insert,c,65,Cestujeme autom ale musime ist pomaly lebo napadlo vela snehu a c
wL7w4dmBmxSYXUEO9tYBUp6XaA22,9,1771465605041653000,1771465605035519000,65,Insert,e,66,Cestujeme autom ale musime ist pomaly lebo napadlo vela snehu a ce
wL7w4dmBmxSYXUEO9tYBUp6XaA22,9,1771465605242271000,1771465605236059000,66,Insert,s,67,Cestujeme autom ale musime ist pomaly lebo napadlo vela snehu a ces
wL7w4dmBmxSYXUEO9tYBUp6XaA22,9,1771465605446089000,1771465605440998000,67,Insert,t,68,Cestujeme autom ale musime ist pomaly lebo napadlo vela snehu a cest
wL7w4dmBmxSYXUEO9tYBUp6XaA22,9,1771465605983039000,1771465605979535000,68,Insert,y,69,Cestujeme autom ale musime ist pomaly lebo napadlo vela snehu a cesty
wL7w4dmBmxSYXUEO9tYBUp6XaA22,9,1771465606216108000,1771465606207165000,69,Insert, ,70,Cestujeme autom ale musime ist pomaly lebo napadlo vela snehu a cesty 
wL7w4dmBmxSYXUEO9tYBUp6XaA22,9,1771465606462526000,1771465606457980000,70,Insert,s,71,Cestujeme autom ale musime ist pomaly lebo napadlo vela snehu a cesty s
wL7w4dmBmxSYXUEO9tYBUp6XaA22,9,1771465606762266000,1771465606754004000,71,Insert,u,72,Cestujeme autom ale musime ist pomaly lebo napadlo vela snehu a cesty su
wL7w4dmBmxSYXUEO9tYBUp6XaA22,9,1771465607243356000,1771465607236173000,72,Insert, ,73,Cestujeme autom ale musime ist pomaly lebo napadlo vela snehu a cesty su 
wL7w4dmBmxSYXUEO9tYBUp6XaA22,9,1771465607593175000,1771465607586878000,73,Insert,z,74,Cestujeme autom ale musime ist pomaly lebo napadlo vela snehu a cesty su z
wL7w4dmBmxSYXUEO9tYBUp6XaA22,9,1771465607939621000,1771465607933203000,74,Insert,l,75,Cestujeme autom ale musime ist pomaly lebo napadlo vela snehu a cesty su zl
wL7w4dmBmxSYXUEO9tYBUp6XaA22,10,1771465610465081000,1771465610458334000,0,Insert,C,1,C
wL7w4dmBmxSYXUEO9tYBUp6XaA22,10,1771465610722408000,1771465610718580000,1,Insert,e,2,Ce
wL7w4dmBmxSYXUEO9tYBUp6XaA22,10,1771465610943010000,1771465610936964000,2,Insert,s,3,Ces
wL7w4dmBmxSYXUEO9tYBUp6XaA22,10,1771465611528388000,1771465611524488000,3,Insert,t,4,Cest
wL7w4dmBmxSYXUEO9tYBUp6XaA22,10,1771465611822454000,1771465611816170000,4,Insert,u,5,Cestu
wL7w4dmBmxSYXUEO9tYBUp6XaA22,10,1771465612031737000,1771465612025951000,5,Insert,j,6,Cestuj
wL7w4dmBmxSYXUEO9tYBUp6XaA22,10,1771465612289216000,1771465612281597000,6,Insert,e,7,Cestuje
wL7w4dmBmxSYXUEO9tYBUp6XaA22,10,1771465612982811000,1771465612972719000,7,Insert,m,8,Cestujem
wL7w4dmBmxSYXUEO9tYBUp6XaA22,10,1771465613306436000,1771465613301098000,8,Insert,r,9,Cestujemr
wL7w4dmBmxSYXUEO9tYBUp6XaA22,10,1771465613645794000,1771465613639437000,9,Insert, ,10,Cestujemr 
wL7w4dmBmxSYXUEO9tYBUp6XaA22,10,1771465613965972000,1771465613960241000,10,Insert,a,11,Cestujemr a
wL7w4dmBmxSYXUEO9tYBUp6XaA22,10,1771465614428273000,1771465614420701000,11,Insert,u,12,Cestujemr au
wL7w4dmBmxSYXUEO9tYBUp6XaA22,10,1771465614894244000,1771465614886961000,12,Insert,t,13,Cestujemr aut
wL7w4dmBmxSYXUEO9tYBUp6XaA22,10,1771465615304807000,1771465615300960000,13,Insert,o,14,Cestujemr auto
wL7w4dmBmxSYXUEO9tYBUp6XaA22,10,1771465615762807000,1771465615754449000,14,Insert,m,15,Cestujemr autom
wL7w4dmBmxSYXUEO9tYBUp6XaA22,10,1771465619346494000,1771465619341333000,15,Delete,r,14,Cestujem autom
wL7w4dmBmxSYXUEO9tYBUp6XaA22,10,1771465619723551000,1771465619717270000,14,Insert,r,15,Cestujemr autom
wL7w4dmBmxSYXUEO9tYBUp6XaA22,10,1771465620654957000,1771465620648616000,15,Delete,r,14,Cestujem autom
wL7w4dmBmxSYXUEO9tYBUp6XaA22,10,1771465621051137000,1771465621044574000,14,Insert,e,15,Cestujeme autom
wL7w4dmBmxSYXUEO9tYBUp6XaA22,10,1771465622703019000,1771465622670473000,15,Insert, ,16,Cestujeme autom 
wL7w4dmBmxSYXUEO9tYBUp6XaA22,10,1771465622944446000,1771465622940535000,16,Insert,a,17,Cestujeme autom a
wL7w4dmBmxSYXUEO9tYBUp6XaA22,10,1771465623413635000,1771465623405582000,17,Insert,l,18,Cestujeme autom al
wL7w4dmBmxSYXUEO9tYBUp6XaA22,10,1771465623816204000,1771465623811807000,18,Insert,e,19,Cestujeme autom ale
wL7w4dmBmxSYXUEO9tYBUp6XaA22,10,1771465624166695000,1771465624158580000,19,Insert, ,20,Cestujeme autom ale 
wL7w4dmBmxSYXUEO9tYBUp6XaA22,10,1771465624539315000,1771465624532273000,20,Insert,m,21,Cestujeme autom ale m
wL7w4dmBmxSYXUEO9tYBUp6XaA22,10,1771465624841375000,1771465624836941000,21,Insert,u,22,Cestujeme autom ale mu
wL7w4dmBmxSYXUEO9tYBUp6XaA22,10,1771465625364232000,1771465625356623000,22,Insert,s,23,Cestujeme autom ale mus
wL7w4dmBmxSYXUEO9tYBUp6XaA22,10,1771465625848103000,1771465625840941000,23,Insert,i,24,Cestujeme autom ale musi
wL7w4dmBmxSYXUEO9tYBUp6XaA22,10,1771465626338586000,1771465626333238000,24,Insert,m,25,Cestujeme autom ale musim
wL7w4dmBmxSYXUEO9tYBUp6XaA22,10,1771465626812579000,1771465626805419000,25,Insert,e,26,Cestujeme autom ale musime
wL7w4dmBmxSYXUEO9tYBUp6XaA22,10,1771465627265640000,1771465627259676000,26,Insert, ,27,Cestujeme autom ale musime 
wL7w4dmBmxSYXUEO9tYBUp6XaA22,10,1771465627707669000,1771465627700616000,27,Insert,i,28,Cestujeme autom ale musime i
wL7w4dmBmxSYXUEO9tYBUp6XaA22,10,1771465628193393000,1771465628187280000,28,Insert,s,29,Cestujeme autom ale musime is
wL7w4dmBmxSYXUEO9tYBUp6XaA22,10,1771465628691361000,1771465628685255000,29,Insert,t,30,Cestujeme autom ale musime ist
wL7w4dmBmxSYXUEO9tYBUp6XaA22,10,1771465629214682000,1771465629207818000,30,Insert, ,31,Cestujeme autom ale musime ist 
wL7w4dmBmxSYXUEO9tYBUp6XaA22,10,1771465629795422000,1771465629788788000,31,Insert,p,32,Cestujeme autom ale musime ist p
wL7w4dmBmxSYXUEO9tYBUp6XaA22,10,1771465630247117000,1771465630240580000,32,Insert,o,33,Cestujeme autom ale musime ist po
wL7w4dmBmxSYXUEO9tYBUp6XaA22,10,1771465630684764000,1771465630678097000,33,Insert,m,34,Cestujeme autom ale musime ist pom
wL7w4dmBmxSYXUEO9tYBUp6XaA22,10,1771465631145242000,1771465631138080000,34,Insert,a,35,Cestujeme autom ale musime ist poma
wL7w4dmBmxSYXUEO9tYBUp6XaA22,10,1771465631670853000,1771465631666512000,35,Insert,l,36,Cestujeme autom ale musime ist pomal
wL7w4dmBmxSYXUEO9tYBUp6XaA22,10,1771465632133558000,1771465632127095000,36,Insert,y,37,Cestujeme autom ale musime ist pomaly
wL7w4dmBmxSYXUEO9tYBUp6XaA22,10,1771465632856515000,1771465632844384000,37,Insert, ,38,Cestujeme autom ale musime ist pomaly 
wL7w4dmBmxSYXUEO9tYBUp6XaA22,10,1771465633302491000,1771465633295231000,38,Insert,l,39,Cestujeme autom ale musime ist pomaly l
wL7w4dmBmxSYXUEO9tYBUp6XaA22,10,1771465633786735000,1771465633779718000,39,Insert,e,40,Cestujeme autom ale musime ist pomaly le
wL7w4dmBmxSYXUEO9tYBUp6XaA22,10,1771465634241662000,1771465634235434000,40,Insert,b,41,Cestujeme autom ale musime ist pomaly leb
wL7w4dmBmxSYXUEO9tYBUp6XaA22,10,1771465634688198000,1771465634681415000,41,Insert,o,42,Cestujeme autom ale musime ist pomaly lebo
wL7w4dmBmxSYXUEO9tYBUp6XaA22,10,1771465636125132000,1771465636116686000,42,Insert, ,43,Cestujeme autom ale musime ist pomaly lebo 
wL7w4dmBmxSYXUEO9tYBUp6XaA22,10,1771465636406776000,1771465636400647000,43,Insert,n,44,Cestujeme autom ale musime ist pomaly lebo n
wL7w4dmBmxSYXUEO9tYBUp6XaA22,10,1771465636819295000,1771465636814516000,44,Insert,a,45,Cestujeme autom ale musime ist pomaly lebo na
wL7w4dmBmxSYXUEO9tYBUp6XaA22,10,1771465637267169000,1771465637261076000,45,Insert,p,46,Cestujeme autom ale musime ist pomaly lebo nap
wL7w4dmBmxSYXUEO9tYBUp6XaA22,10,1771465637799532000,1771465637795612000,46,Insert,a,47,Cestujeme autom ale musime ist pomaly lebo napa
wL7w4dmBmxSYXUEO9tYBUp6XaA22,10,1771465638180542000,1771465638174093000,47,Insert,d,48,Cestujeme autom ale musime ist pomaly lebo napad
wL7w4dmBmxSYXUEO9tYBUp6XaA22,10,1771465638704040000,1771465638699810000,48,Insert,l,49,Cestujeme autom ale musime ist pomaly lebo napadl
wL7w4dmBmxSYXUEO9tYBUp6XaA22,10,1771465638906405000,1771465638902422000,49,Insert,o,50,Cestujeme autom ale musime ist pomaly lebo napadlo
wL7w4dmBmxSYXUEO9tYBUp6XaA22,10,1771465639515003000,1771465639505084000,50,Insert, ,51,Cestujeme autom ale musime ist pomaly lebo napadlo 
wL7w4dmBmxSYXUEO9tYBUp6XaA22,10,1771465639739729000,1771465639733189000,51,Insert,v,52,Cestujeme autom ale musime ist pomaly lebo napadlo v
wL7w4dmBmxSYXUEO9tYBUp6XaA22,10,1771465640004705000,1771465639999015000,52,Insert,e,53,Cestujeme autom ale musime ist pomaly lebo napadlo ve
wL7w4dmBmxSYXUEO9tYBUp6XaA22,10,1771465640622835000,1771465640614735000,53,Insert,l,54,Cestujeme autom ale musime ist pomaly lebo napadlo vel
wL7w4dmBmxSYXUEO9tYBUp6XaA22,10,1771465641067822000,1771465641060305000,54,Insert,a,55,Cestujeme autom ale musime ist pomaly lebo napadlo vela
wL7w4dmBmxSYXUEO9tYBUp6XaA22,10,1771465641407602000,1771465641398589000,55,Insert, ,56,Cestujeme autom ale musime ist pomaly lebo napadlo vela 
wL7w4dmBmxSYXUEO9tYBUp6XaA22,10,1771465641684604000,1771465641678415000,56,Insert,s,57,Cestujeme autom ale musime ist pomaly lebo napadlo vela s
wL7w4dmBmxSYXUEO9tYBUp6XaA22,10,1771465642212932000,1771465642206247000,57,Insert,n,58,Cestujeme autom ale musime ist pomaly lebo napadlo vela sn
wL7w4dmBmxSYXUEO9tYBUp6XaA22,10,1771465642627766000,1771465642623542000,58,Insert,e,59,Cestujeme autom ale musime ist pomaly lebo napadlo vela sne
wL7w4dmBmxSYXUEO9tYBUp6XaA22,10,1771465643098213000,1771465643089392000,59,Insert,h,60,Cestujeme autom ale musime ist pomaly lebo napadlo vela sneh
wL7w4dmBmxSYXUEO9tYBUp6XaA22,10,1771465643344554000,1771465643337944000,60,Insert,u,61,Cestujeme autom ale musime ist pomaly lebo napadlo vela snehu
wL7w4dmBmxSYXUEO9tYBUp6XaA22,10,1771465643854528000,1771465643847109000,61,Insert, ,62,Cestujeme autom ale musime ist pomaly lebo napadlo vela snehu 
wL7w4dmBmxSYXUEO9tYBUp6XaA22,10,1771465644223482000,1771465644215805000,62,Insert,a,63,Cestujeme autom ale musime ist pomaly lebo napadlo vela snehu a
wL7w4dmBmxSYXUEO9tYBUp6XaA22,10,1771465645495580000,1771465645487846000,63,Insert, ,64,Cestujeme autom ale musime ist pomaly lebo napadlo vela snehu a 
wL7w4dmBmxSYXUEO9tYBUp6XaA22,10,1771465645810182000,1771465645803901000,64,Insert,c,65,Cestujeme autom ale musime ist pomaly lebo napadlo vela snehu a c
wL7w4dmBmxSYXUEO9tYBUp6XaA22,10,1771465646096685000,1771465646090067000,65,Insert,e,66,Cestujeme autom ale musime ist pomaly lebo napadlo vela snehu a ce
wL7w4dmBmxSYXUEO9tYBUp6XaA22,10,1771465646310717000,1771465646304882000,66,Insert,s,67,Cestujeme autom ale musime ist pomaly lebo napadlo vela snehu a ces
wL7w4dmBmxSYXUEO9tYBUp6XaA22,10,1771465646573290000,1771465646568288000,67,Insert,t,68,Cestujeme autom ale musime ist pomaly lebo napadlo vela snehu a cest
wL7w4dmBmxSYXUEO9tYBUp6XaA22,10,1771465647153343000,1771465647145826000,68,Insert,y,69,Cestujeme autom ale musime ist pomaly lebo napadlo vela snehu a cesty
wL7w4dmBmxSYXUEO9tYBUp6XaA22,10,1771465647448380000,1771465647441474000,69,Insert, ,70,Cestujeme autom ale musime ist pomaly lebo napadlo vela snehu a cesty 
wL7w4dmBmxSYXUEO9tYBUp6XaA22,10,1771465647753098000,1771465647744999000,70,Insert,s,71,Cestujeme autom ale musime ist pomaly lebo napadlo vela snehu a cesty s
wL7w4dmBmxSYXUEO9tYBUp6XaA22,10,1771465648500910000,1771465648496037000,71,Insert,u,72,Cestujeme autom ale musime ist pomaly lebo napadlo vela snehu a cesty su
wL7w4dmBmxSYXUEO9tYBUp6XaA22,10,1771465649145987000,1771465649135420000,72,Insert, ,73,Cestujeme autom ale musime ist pomaly lebo napadlo vela snehu a cesty su 
wL7w4dmBmxSYXUEO9tYBUp6XaA22,10,1771465649526948000,1771465649520868000,73,Insert,z,74,Cestujeme autom ale musime ist pomaly lebo napadlo vela snehu a cesty su z
wL7w4dmBmxSYXUEO9tYBUp6XaA22,10,1771465649981033000,1771465649974373000,74,Insert,l,75,Cestujeme autom ale musime ist pomaly lebo napadlo vela snehu a cesty su zl
wL7w4dmBmxSYXUEO9tYBUp6XaA22,11,1771465653828110000,1771465653821191000,0,Insert,C,1,C
wL7w4dmBmxSYXUEO9tYBUp6XaA22,11,1771465654093621000,1771465654087631000,1,Insert,e,2,Ce
wL7w4dmBmxSYXUEO9tYBUp6XaA22,11,1771465654303557000,1771465654297129000,2,Insert,s,3,Ces
wL7w4dmBmxSYXUEO9tYBUp6XaA22,11,1771465654911907000,1771465654907981000,3,Insert,t,4,Cest
wL7w4dmBmxSYXUEO9tYBUp6XaA22,11,1771465655182849000,1771465655175279000,4,Insert,u,5,Cestu
wL7w4dmBmxSYXUEO9tYBUp6XaA22,11,1771465655510283000,1771465655506449000,5,Insert,j,6,Cestuj
wL7w4dmBmxSYXUEO9tYBUp6XaA22,11,1771465655813157000,1771465655810472000,6,Insert,e,7,Cestuje
wL7w4dmBmxSYXUEO9tYBUp6XaA22,11,1771465656525631000,1771465656518745000,7,Insert,m,8,Cestujem
wL7w4dmBmxSYXUEO9tYBUp6XaA22,11,1771465656839546000,1771465656833443000,8,Insert,e,9,Cestujeme
wL7w4dmBmxSYXUEO9tYBUp6XaA22,11,1771465657619522000,1771465657611944000,9,Insert, ,10,Cestujeme 
wL7w4dmBmxSYXUEO9tYBUp6XaA22,11,1771465657931308000,1771465657922308000,10,Insert,a,11,Cestujeme a
wL7w4dmBmxSYXUEO9tYBUp6XaA22,11,1771465658279954000,1771465658271696000,11,Insert,u,12,Cestujeme au
wL7w4dmBmxSYXUEO9tYBUp6XaA22,11,1771465658598336000,1771465658590295000,12,Insert,t,13,Cestujeme aut
wL7w4dmBmxSYXUEO9tYBUp6XaA22,11,1771465658932446000,1771465658926252000,13,Insert,o,14,Cestujeme auto
wL7w4dmBmxSYXUEO9tYBUp6XaA22,11,1771465659493023000,1771465659483594000,14,Insert,m,15,Cestujeme autom
wL7w4dmBmxSYXUEO9tYBUp6XaA22,11,1771465659855977000,1771465659846234000,15,Insert, ,16,Cestujeme autom 
wL7w4dmBmxSYXUEO9tYBUp6XaA22,11,1771465660199107000,1771465660194011000,16,Insert,a,17,Cestujeme autom a
wL7w4dmBmxSYXUEO9tYBUp6XaA22,11,1771465660596128000,1771465660592450000,17,Insert,l,18,Cestujeme autom al
wL7w4dmBmxSYXUEO9tYBUp6XaA22,11,1771465660938103000,1771465660933810000,18,Insert,e,19,Cestujeme autom ale
wL7w4dmBmxSYXUEO9tYBUp6XaA22,11,1771465661642478000,1771465661635566000,19,Insert, ,20,Cestujeme autom ale 
wL7w4dmBmxSYXUEO9tYBUp6XaA22,11,1771465661971860000,1771465661968081000,20,Insert,m,21,Cestujeme autom ale m
wL7w4dmBmxSYXUEO9tYBUp6XaA22,11,1771465662253221000,1771465662246249000,21,Insert,u,22,Cestujeme autom ale mu
wL7w4dmBmxSYXUEO9tYBUp6XaA22,11,1771465662781844000,1771465662774377000,22,Insert,s,23,Cestujeme autom ale mus
wL7w4dmBmxSYXUEO9tYBUp6XaA22,11,1771465663204740000,1771465663198423000,23,Insert,i,24,Cestujeme autom ale musi
wL7w4dmBmxSYXUEO9tYBUp6XaA22,11,1771465663591649000,1771465663585052000,24,Insert,m,25,Cestujeme autom ale musim
wL7w4dmBmxSYXUEO9tYBUp6XaA22,11,1771465664214626000,1771465664206967000,25,Insert,e,26,Cestujeme autom ale musime
wL7w4dmBmxSYXUEO9tYBUp6XaA22,11,1771465664743736000,1771465664734241000,26,Insert, ,27,Cestujeme autom ale musime 
wL7w4dmBmxSYXUEO9tYBUp6XaA22,11,1771465665063540000,1771465665057312000,27,Insert,i,28,Cestujeme autom ale musime i
wL7w4dmBmxSYXUEO9tYBUp6XaA22,11,1771465665654063000,1771465665650245000,28,Insert,s,29,Cestujeme autom ale musime is
wL7w4dmBmxSYXUEO9tYBUp6XaA22,11,1771465665966307000,1771465665960172000,29,Insert,t,30,Cestujeme autom ale musime ist
wL7w4dmBmxSYXUEO9tYBUp6XaA22,11,1771465666362113000,1771465666355545000,30,Insert, ,31,Cestujeme autom ale musime ist 
wL7w4dmBmxSYXUEO9tYBUp6XaA22,11,1771465666750803000,1771465666743090000,31,Insert,p,32,Cestujeme autom ale musime ist p
wL7w4dmBmxSYXUEO9tYBUp6XaA22,11,1771465667125130000,1771465667118072000,32,Insert,o,33,Cestujeme autom ale musime ist po
wL7w4dmBmxSYXUEO9tYBUp6XaA22,11,1771465667463518000,1771465667457059000,33,Insert,m,34,Cestujeme autom ale musime ist pom
wL7w4dmBmxSYXUEO9tYBUp6XaA22,11,1771465667875545000,1771465667871582000,34,Insert,a,35,Cestujeme autom ale musime ist poma
wL7w4dmBmxSYXUEO9tYBUp6XaA22,11,1771465668437857000,1771465668433933000,35,Insert,l,36,Cestujeme autom ale musime ist pomal
wL7w4dmBmxSYXUEO9tYBUp6XaA22,11,1771465668898623000,1771465668889419000,36,Insert,y,37,Cestujeme autom ale musime ist pomaly
wL7w4dmBmxSYXUEO9tYBUp6XaA22,11,1771465669175323000,1771465669168266000,37,Insert, ,38,Cestujeme autom ale musime ist pomaly 
wL7w4dmBmxSYXUEO9tYBUp6XaA22,11,1771465669555762000,1771465669552833000,38,Insert,l,39,Cestujeme autom ale musime ist pomaly l
wL7w4dmBmxSYXUEO9tYBUp6XaA22,11,1771465669980929000,1771465669973260000,39,Insert,r,40,Cestujeme autom ale musime ist pomaly lr
wL7w4dmBmxSYXUEO9tYBUp6XaA22,11,1771465670300948000,1771465670294416000,40,Insert,b,41,Cestujeme autom ale musime ist pomaly lrb
wL7w4dmBmxSYXUEO9tYBUp6XaA22,11,1771465670640295000,1771465670632796000,41,Insert,k,42,Cestujeme autom ale musime ist pomaly lrbk
wL7w4dmBmxSYXUEO9tYBUp6XaA22,11,1771465671308254000,1771465671302804000,42,Delete,k,41,Cestujeme autom ale musime ist pomaly lrb
wL7w4dmBmxSYXUEO9tYBUp6XaA22,11,1771465671497259000,1771465671494236000,41,Delete,b,40,Cestujeme autom ale musime ist pomaly lr
wL7w4dmBmxSYXUEO9tYBUp6XaA22,11,1771465671760180000,1771465671756120000,40,Delete,r,39,Cestujeme autom ale musime ist pomaly l
wL7w4dmBmxSYXUEO9tYBUp6XaA22,11,1771465672639730000,1771465672630842000,39,Insert,e,40,Cestujeme autom ale musime ist pomaly le
wL7w4dmBmxSYXUEO9tYBUp6XaA22,11,1771465673006107000,1771465673000407000,40,Insert,b,41,Cestujeme autom ale musime ist pomaly leb
wL7w4dmBmxSYXUEO9tYBUp6XaA22,11,1771465673306443000,1771465673299118000,41,Insert,i,42,Cestujeme autom ale musime ist pomaly lebi
wL7w4dmBmxSYXUEO9tYBUp6XaA22,11,1771465674248275000,1771465674243383000,42,Delete,i,41,Cestujeme autom ale musime ist pomaly leb
wL7w4dmBmxSYXUEO9tYBUp6XaA22,11,1771465674555256000,1771465674547101000,41,Insert,o,42,Cestujeme autom ale musime ist pomaly lebo
wL7w4dmBmxSYXUEO9tYBUp6XaA22,11,1771465675210024000,1771465675203114000,42,Insert, ,43,Cestujeme autom ale musime ist pomaly lebo 
wL7w4dmBmxSYXUEO9tYBUp6XaA22,11,1771465675541043000,1771465675533822000,43,Insert,n,44,Cestujeme autom ale musime ist pomaly lebo n
wL7w4dmBmxSYXUEO9tYBUp6XaA22,11,1771465676721029000,1771465676713482000,44,Insert,a,45,Cestujeme autom ale musime ist pomaly lebo na
wL7w4dmBmxSYXUEO9tYBUp6XaA22,11,1771465677141808000,1771465677134779000,45,Insert,p,46,Cestujeme autom ale musime ist pomaly lebo nap
wL7w4dmBmxSYXUEO9tYBUp6XaA22,11,1771465677638844000,1771465677632323000,46,Insert,a,47,Cestujeme autom ale musime ist pomaly lebo napa
wL7w4dmBmxSYXUEO9tYBUp6XaA22,11,1771465677989167000,1771465677982836000,47,Insert,d,48,Cestujeme autom ale musime ist pomaly lebo napad
wL7w4dmBmxSYXUEO9tYBUp6XaA22,11,1771465678460577000,1771465678454319000,48,Insert,l,49,Cestujeme autom ale musime ist pomaly lebo napadl
wL7w4dmBmxSYXUEO9tYBUp6XaA22,11,1771465678652785000,1771465678648863000,49,Insert,o,50,Cestujeme autom ale musime ist pomaly lebo napadlo
wL7w4dmBmxSYXUEO9tYBUp6XaA22,11,1771465679146637000,1771465679140344000,50,Insert, ,51,Cestujeme autom ale musime ist pomaly lebo napadlo 
wL7w4dmBmxSYXUEO9tYBUp6XaA22,11,1771465679369243000,1771465679363005000,51,Insert,v,52,Cestujeme autom ale musime ist pomaly lebo napadlo v
wL7w4dmBmxSYXUEO9tYBUp6XaA22,11,1771465679637514000,1771465679630623000,52,Insert,e,53,Cestujeme autom ale musime ist pomaly lebo napadlo ve
wL7w4dmBmxSYXUEO9tYBUp6XaA22,11,1771465680057528000,1771465680054240000,53,Insert,l,54,Cestujeme autom ale musime ist pomaly lebo napadlo vel
wL7w4dmBmxSYXUEO9tYBUp6XaA22,11,1771465681443722000,1771465681437030000,54,Insert,a,55,Cestujeme autom ale musime ist pomaly lebo napadlo vela
wL7w4dmBmxSYXUEO9tYBUp6XaA22,11,1771465681795612000,1771465681792316000,55,Insert, ,56,Cestujeme autom ale musime ist pomaly lebo napadlo vela 
wL7w4dmBmxSYXUEO9tYBUp6XaA22,11,1771465682084310000,1771465682075170000,56,Insert,s,57,Cestujeme autom ale musime ist pomaly lebo napadlo vela s
wL7w4dmBmxSYXUEO9tYBUp6XaA22,11,1771465682444228000,1771465682436422000,57,Insert,n,58,Cestujeme autom ale musime ist pomaly lebo napadlo vela sn
wL7w4dmBmxSYXUEO9tYBUp6XaA22,11,1771465682783497000,1771465682776640000,58,Insert,e,59,Cestujeme autom ale musime ist pomaly lebo napadlo vela sne
wL7w4dmBmxSYXUEO9tYBUp6XaA22,11,1771465683212973000,1771465683206652000,59,Insert,h,60,Cestujeme autom ale musime ist pomaly lebo napadlo vela sneh
wL7w4dmBmxSYXUEO9tYBUp6XaA22,11,1771465683424517000,1771465683418947000,60,Insert,u,61,Cestujeme autom ale musime ist pomaly lebo napadlo vela snehu
wL7w4dmBmxSYXUEO9tYBUp6XaA22,11,1771465685061788000,1771465685054477000,61,Insert, ,62,Cestujeme autom ale musime ist pomaly lebo napadlo vela snehu 
wL7w4dmBmxSYXUEO9tYBUp6XaA22,11,1771465685559662000,1771465685552576000,62,Insert,a,63,Cestujeme autom ale musime ist pomaly lebo napadlo vela snehu a
wL7w4dmBmxSYXUEO9tYBUp6XaA22,11,1771465685882442000,1771465685875354000,63,Insert, ,64,Cestujeme autom ale musime ist pomaly lebo napadlo vela snehu a 
wL7w4dmBmxSYXUEO9tYBUp6XaA22,11,1771465686087978000,1771465686084076000,64,Insert,c,65,Cestujeme autom ale musime ist pomaly lebo napadlo vela snehu a c
wL7w4dmBmxSYXUEO9tYBUp6XaA22,11,1771465686318233000,1771465686310956000,65,Insert,e,66,Cestujeme autom ale musime ist pomaly lebo napadlo vela snehu a ce
wL7w4dmBmxSYXUEO9tYBUp6XaA22,11,1771465686507948000,1771465686502575000,66,Insert,s,67,Cestujeme autom ale musime ist pomaly lebo napadlo vela snehu a ces
wL7w4dmBmxSYXUEO9tYBUp6XaA22,11,1771465686724562000,1771465686717978000,67,Insert,t,68,Cestujeme autom ale musime ist pomaly lebo napadlo vela snehu a cest
wL7w4dmBmxSYXUEO9tYBUp6XaA22,11,1771465687369752000,1771465687362354000,68,Insert,y,69,Cestujeme autom ale musime ist pomaly lebo napadlo vela snehu a cesty
wL7w4dmBmxSYXUEO9tYBUp6XaA22,11,1771465688385108000,1771465688375143000,69,Insert, ,70,Cestujeme autom ale musime ist pomaly lebo napadlo vela snehu a cesty 
wL7w4dmBmxSYXUEO9tYBUp6XaA22,11,1771465689079310000,1771465689072985000,70,Insert,s,71,Cestujeme autom ale musime ist pomaly lebo napadlo vela snehu a cesty s
wL7w4dmBmxSYXUEO9tYBUp6XaA22,11,1771465689559289000,1771465689552540000,71,Insert,u,72,Cestujeme autom ale musime ist pomaly lebo napadlo vela snehu a cesty su
wL7w4dmBmxSYXUEO9tYBUp6XaA22,11,1771465690016132000,1771465690008072000,72,Insert, ,73,Cestujeme autom ale musime ist pomaly lebo napadlo vela snehu a cesty su 
wL7w4dmBmxSYXUEO9tYBUp6XaA22,11,1771465690354902000,1771465690347402000,73,Insert,z,74,Cestujeme autom ale musime ist pomaly lebo napadlo vela snehu a cesty su z
wL7w4dmBmxSYXUEO9tYBUp6XaA22,11,1771465690728628000,1771465690721057000,74,Insert,l,75,Cestujeme autom ale musime ist pomaly lebo napadlo vela snehu a cesty su zl
wL7w4dmBmxSYXUEO9tYBUp6XaA22,12,1771465693318206000,1771465693311799000,0,Insert,C,1,C
wL7w4dmBmxSYXUEO9tYBUp6XaA22,12,1771465693560627000,1771465693554052000,1,Insert,e,2,Ce
wL7w4dmBmxSYXUEO9tYBUp6XaA22,12,1771465694104149000,1771465694100399000,2,Insert,s,3,Ces
wL7w4dmBmxSYXUEO9tYBUp6XaA22,12,1771465696115839000,1771465696109030000,3,Insert,t,4,Cest
wL7w4dmBmxSYXUEO9tYBUp6XaA22,12,1771465696455294000,1771465696451519000,4,Insert,u,5,Cestu
wL7w4dmBmxSYXUEO9tYBUp6XaA22,12,1771465696679748000,1771465696673936000,5,Insert,j,6,Cestuj
wL7w4dmBmxSYXUEO9tYBUp6XaA22,12,1771465697274693000,1771465697266684000,6,Insert,e,7,Cestuje
wL7w4dmBmxSYXUEO9tYBUp6XaA22,12,1771465697711893000,1771465697704870000,7,Insert,m,8,Cestujem
wL7w4dmBmxSYXUEO9tYBUp6XaA22,12,1771465698118205000,1771465698109387000,8,Insert,e,9,Cestujeme
wL7w4dmBmxSYXUEO9tYBUp6XaA22,12,1771465699992376000,1771465699979202000,9,Insert, ,10,Cestujeme 
wL7w4dmBmxSYXUEO9tYBUp6XaA22,12,1771465700356523000,1771465700349491000,10,Insert,a,11,Cestujeme a
wL7w4dmBmxSYXUEO9tYBUp6XaA22,12,1771465700724167000,1771465700717287000,11,Insert,u,12,Cestujeme au
wL7w4dmBmxSYXUEO9tYBUp6XaA22,12,1771465701074575000,1771465701068370000,12,Insert,t,13,Cestujeme aut
wL7w4dmBmxSYXUEO9tYBUp6XaA22,12,1771465701373463000,1771465701367112000,13,Insert,o,14,Cestujeme auto
wL7w4dmBmxSYXUEO9tYBUp6XaA22,12,1771465701730148000,1771465701723588000,14,Insert,m,15,Cestujeme autom
wL7w4dmBmxSYXUEO9tYBUp6XaA22,12,1771465702387368000,1771465702377213000,15,Insert, ,16,Cestujeme autom 
wL7w4dmBmxSYXUEO9tYBUp6XaA22,12,1771465702704042000,1771465702697972000,16,Insert,a,17,Cestujeme autom a
wL7w4dmBmxSYXUEO9tYBUp6XaA22,12,1771465703076258000,1771465703070381000,17,Insert,l,18,Cestujeme autom al
wL7w4dmBmxSYXUEO9tYBUp6XaA22,12,1771465703354492000,1771465703347792000,18,Insert,e,19,Cestujeme autom ale
wL7w4dmBmxSYXUEO9tYBUp6XaA22,12,1771465703693770000,1771465703687311000,19,Insert, ,20,Cestujeme autom ale 
wL7w4dmBmxSYXUEO9tYBUp6XaA22,12,1771465704020659000,1771465704014489000,20,Insert,m,21,Cestujeme autom ale m
wL7w4dmBmxSYXUEO9tYBUp6XaA22,12,1771465704269582000,1771465704263423000,21,Insert,u,22,Cestujeme autom ale mu
wL7w4dmBmxSYXUEO9tYBUp6XaA22,12,1771465704748933000,1771465704741854000,22,Insert,s,23,Cestujeme autom ale mus
wL7w4dmBmxSYXUEO9tYBUp6XaA22,12,1771465705086760000,1771465705080713000,23,Insert,i,24,Cestujeme autom ale musi
wL7w4dmBmxSYXUEO9tYBUp6XaA22,12,1771465705434558000,1771465705428124000,24,Insert,m,25,Cestujeme autom ale musim
wL7w4dmBmxSYXUEO9tYBUp6XaA22,12,1771465705981406000,1771465705972122000,25,Insert,e,26,Cestujeme autom ale musime
wL7w4dmBmxSYXUEO9tYBUp6XaA22,12,1771465707167421000,1771465707158296000,26,Insert, ,27,Cestujeme autom ale musime 
wL7w4dmBmxSYXUEO9tYBUp6XaA22,12,1771465707447605000,1771465707439632000,27,Insert,u,28,Cestujeme autom ale musime u
wL7w4dmBmxSYXUEO9tYBUp6XaA22,12,1771465708087267000,1771465708081953000,28,Delete,u,27,Cestujeme autom ale musime 
wL7w4dmBmxSYXUEO9tYBUp6XaA22,12,1771465708422278000,1771465708415115000,27,Insert,o,28,Cestujeme autom ale musime o
wL7w4dmBmxSYXUEO9tYBUp6XaA22,12,1771465709101469000,1771465709095312000,28,Delete,o,27,Cestujeme autom ale musime 
wL7w4dmBmxSYXUEO9tYBUp6XaA22,12,1771465709409968000,1771465709403591000,27,Insert,i,28,Cestujeme autom ale musime i
wL7w4dmBmxSYXUEO9tYBUp6XaA22,12,1771465710022585000,1771465710013810000,28,Insert,s,29,Cestujeme autom ale musime is
wL7w4dmBmxSYXUEO9tYBUp6XaA22,12,1771465710288366000,1771465710280979000,29,Insert,t,30,Cestujeme autom ale musime ist
wL7w4dmBmxSYXUEO9tYBUp6XaA22,12,1771465715089649000,1771465715081575000,30,Insert, ,31,Cestujeme autom ale musime ist 
wL7w4dmBmxSYXUEO9tYBUp6XaA22,12,1771465716775878000,1771465716769146000,31,Insert,p,32,Cestujeme autom ale musime ist p
wL7w4dmBmxSYXUEO9tYBUp6XaA22,12,1771465716963859000,1771465716959423000,32,Insert,o,33,Cestujeme autom ale musime ist po
wL7w4dmBmxSYXUEO9tYBUp6XaA22,12,1771465717495823000,1771465717486597000,33,Insert,m,34,Cestujeme autom ale musime ist pom
wL7w4dmBmxSYXUEO9tYBUp6XaA22,12,1771465717921171000,1771465717916463000,34,Insert,a,35,Cestujeme autom ale musime ist poma
wL7w4dmBmxSYXUEO9tYBUp6XaA22,12,1771465718303857000,1771465718298695000,35,Insert,l,36,Cestujeme autom ale musime ist pomal
wL7w4dmBmxSYXUEO9tYBUp6XaA22,12,1771465718787230000,1771465718781418000,36,Insert,y,37,Cestujeme autom ale musime ist pomaly
wL7w4dmBmxSYXUEO9tYBUp6XaA22,12,1771465719050581000,1771465719042527000,37,Insert, ,38,Cestujeme autom ale musime ist pomaly 
wL7w4dmBmxSYXUEO9tYBUp6XaA22,12,1771465719987172000,1771465719979687000,38,Insert,l,39,Cestujeme autom ale musime ist pomaly l
wL7w4dmBmxSYXUEO9tYBUp6XaA22,12,1771465720316031000,1771465720309214000,39,Insert,e,40,Cestujeme autom ale musime ist pomaly le
wL7w4dmBmxSYXUEO9tYBUp6XaA22,12,1771465721267135000,1771465721262759000,40,Insert,b,41,Cestujeme autom ale musime ist pomaly leb
wL7w4dmBmxSYXUEO9tYBUp6XaA22,12,1771465721543910000,1771465721537975000,41,Insert,o,42,Cestujeme autom ale musime ist pomaly lebo
wL7w4dmBmxSYXUEO9tYBUp6XaA22,12,1771465721904336000,1771465721897336000,42,Insert, ,43,Cestujeme autom ale musime ist pomaly lebo 
wL7w4dmBmxSYXUEO9tYBUp6XaA22,12,1771465722141831000,1771465722134229000,43,Insert,n,44,Cestujeme autom ale musime ist pomaly lebo n
wL7w4dmBmxSYXUEO9tYBUp6XaA22,12,1771465722468240000,1771465722460996000,44,Insert,a,45,Cestujeme autom ale musime ist pomaly lebo na
wL7w4dmBmxSYXUEO9tYBUp6XaA22,12,1771465722921536000,1771465722914880000,45,Insert,p,46,Cestujeme autom ale musime ist pomaly lebo nap
wL7w4dmBmxSYXUEO9tYBUp6XaA22,12,1771465723382759000,1771465723376403000,46,Insert,a,47,Cestujeme autom ale musime ist pomaly lebo napa
wL7w4dmBmxSYXUEO9tYBUp6XaA22,12,1771465723714944000,1771465723708194000,47,Insert,d,48,Cestujeme autom ale musime ist pomaly lebo napad
wL7w4dmBmxSYXUEO9tYBUp6XaA22,12,1771465724785389000,1771465724777534000,48,Insert,l,49,Cestujeme autom ale musime ist pomaly lebo napadl
wL7w4dmBmxSYXUEO9tYBUp6XaA22,12,1771465724978710000,1771465724974595000,49,Insert,o,50,Cestujeme autom ale musime ist pomaly lebo napadlo
wL7w4dmBmxSYXUEO9tYBUp6XaA22,12,1771465725872374000,1771465725863805000,50,Insert, ,51,Cestujeme autom ale musime ist pomaly lebo napadlo 
wL7w4dmBmxSYXUEO9tYBUp6XaA22,12,1771465726139848000,1771465726132663000,51,Insert,v,52,Cestujeme autom ale musime ist pomaly lebo napadlo v
wL7w4dmBmxSYXUEO9tYBUp6XaA22,12,1771465726465398000,1771465726459439000,52,Insert,e,53,Cestujeme autom ale musime ist pomaly lebo napadlo ve
wL7w4dmBmxSYXUEO9tYBUp6XaA22,12,1771465726836667000,1771465726829546000,53,Insert,l,54,Cestujeme autom ale musime ist pomaly lebo napadlo vel
wL7w4dmBmxSYXUEO9tYBUp6XaA22,12,1771465727238585000,1771465727231388000,54,Insert,a,55,Cestujeme autom ale musime ist pomaly lebo napadlo vela
wL7w4dmBmxSYXUEO9tYBUp6XaA22,12,1771465727836353000,1771465727827452000,55,Insert, ,56,Cestujeme autom ale musime ist pomaly lebo napadlo vela 
wL7w4dmBmxSYXUEO9tYBUp6XaA22,12,1771465728993273000,1771465728986934000,56,Insert,s,57,Cestujeme autom ale musime ist pomaly lebo napadlo vela s
wL7w4dmBmxSYXUEO9tYBUp6XaA22,12,1771465729398479000,1771465729392229000,57,Insert,n,58,Cestujeme autom ale musime ist pomaly lebo napadlo vela sn
wL7w4dmBmxSYXUEO9tYBUp6XaA22,12,1771465729720934000,1771465729714021000,58,Insert,e,59,Cestujeme autom ale musime ist pomaly lebo napadlo vela sne
wL7w4dmBmxSYXUEO9tYBUp6XaA22,12,1771465730409399000,1771465730400466000,59,Insert,h,60,Cestujeme autom ale musime ist pomaly lebo napadlo vela sneh
wL7w4dmBmxSYXUEO9tYBUp6XaA22,12,1771465730605926000,1771465730596825000,60,Insert,u,61,Cestujeme autom ale musime ist pomaly lebo napadlo vela snehu
wL7w4dmBmxSYXUEO9tYBUp6XaA22,12,1771465731509768000,1771465731499880000,61,Insert, ,62,Cestujeme autom ale musime ist pomaly lebo napadlo vela snehu 
wL7w4dmBmxSYXUEO9tYBUp6XaA22,12,1771465731850854000,1771465731844554000,62,Insert,a,63,Cestujeme autom ale musime ist pomaly lebo napadlo vela snehu a
wL7w4dmBmxSYXUEO9tYBUp6XaA22,12,1771465732194083000,1771465732189453000,63,Insert, ,64,Cestujeme autom ale musime ist pomaly lebo napadlo vela snehu a 
wL7w4dmBmxSYXUEO9tYBUp6XaA22,12,1771465732595474000,1771465732589379000,64,Insert,c,65,Cestujeme autom ale musime ist pomaly lebo napadlo vela snehu a c
wL7w4dmBmxSYXUEO9tYBUp6XaA22,12,1771465732874457000,1771465732868049000,65,Insert,e,66,Cestujeme autom ale musime ist pomaly lebo napadlo vela snehu a ce
wL7w4dmBmxSYXUEO9tYBUp6XaA22,12,1771465733224171000,1771465733214353000,66,Insert,s,67,Cestujeme autom ale musime ist pomaly lebo napadlo vela snehu a ces
wL7w4dmBmxSYXUEO9tYBUp6XaA22,12,1771465733532646000,1771465733526239000,67,Insert,t,68,Cestujeme autom ale musime ist pomaly lebo napadlo vela snehu a cest
wL7w4dmBmxSYXUEO9tYBUp6XaA22,12,1771465734813167000,1771465734805282000,68,Insert,y,69,Cestujeme autom ale musime ist pomaly lebo napadlo vela snehu a cesty
wL7w4dmBmxSYXUEO9tYBUp6XaA22,12,1771465735154705000,1771465735147256000,69,Insert, ,70,Cestujeme autom ale musime ist pomaly lebo napadlo vela snehu a cesty 
wL7w4dmBmxSYXUEO9tYBUp6XaA22,12,1771465735467518000,1771465735461295000,70,Insert,s,71,Cestujeme autom ale musime ist pomaly lebo napadlo vela snehu a cesty s
wL7w4dmBmxSYXUEO9tYBUp6XaA22,12,1771465735860337000,1771465735856052000,71,Insert,u,72,Cestujeme autom ale musime ist pomaly lebo napadlo vela snehu a cesty su
wL7w4dmBmxSYXUEO9tYBUp6XaA22,12,1771465737501110000,1771465737493409000,72,Insert, ,73,Cestujeme autom ale musime ist pomaly lebo napadlo vela snehu a cesty su 
wL7w4dmBmxSYXUEO9tYBUp6XaA22,12,1771465737848432000,1771465737842423000,73,Insert,z,74,Cestujeme autom ale musime ist pomaly lebo napadlo vela snehu a cesty su z
wL7w4dmBmxSYXUEO9tYBUp6XaA22,12,1771465738364012000,1771465738359636000,74,Insert,l,75,Cestujeme autom ale musime ist pomaly lebo napadlo vela snehu a cesty su zl
wL7w4dmBmxSYXUEO9tYBUp6XaA22,13,1771465741398774000,1771465741395237000,0,Insert,C,1,C
wL7w4dmBmxSYXUEO9tYBUp6XaA22,13,1771465741697195000,1771465741692639000,1,Insert,e,2,Ce
wL7w4dmBmxSYXUEO9tYBUp6XaA22,13,1771465741901603000,1771465741896331000,2,Insert,s,3,Ces
wL7w4dmBmxSYXUEO9tYBUp6XaA22,13,1771465742923821000,1771465742917975000,3,Insert,t,4,Cest
wL7w4dmBmxSYXUEO9tYBUp6XaA22,13,1771465743311089000,1771465743306582000,4,Insert,u,5,Cestu
wL7w4dmBmxSYXUEO9tYBUp6XaA22,13,1771465743620858000,1771465743613485000,5,Insert,j,6,Cestuj
wL7w4dmBmxSYXUEO9tYBUp6XaA22,13,1771465743945302000,1771465743941055000,6,Insert,e,7,Cestuje
wL7w4dmBmxSYXUEO9tYBUp6XaA22,13,1771465744364195000,1771465744358441000,7,Insert,m,8,Cestujem
wL7w4dmBmxSYXUEO9tYBUp6XaA22,13,1771465744711618000,1771465744704785000,8,Insert,e,9,Cestujeme
wL7w4dmBmxSYXUEO9tYBUp6XaA22,13,1771465745722156000,1771465745714749000,9,Insert, ,10,Cestujeme 
wL7w4dmBmxSYXUEO9tYBUp6XaA22,13,1771465746056950000,1771465746051457000,10,Insert,a,11,Cestujeme a
wL7w4dmBmxSYXUEO9tYBUp6XaA22,13,1771465746471227000,1771465746463154000,11,Insert,u,12,Cestujeme au
wL7w4dmBmxSYXUEO9tYBUp6XaA22,13,1771465747000684000,1771465746994809000,12,Insert,t,13,Cestujeme aut
wL7w4dmBmxSYXUEO9tYBUp6XaA22,13,1771465747334858000,1771465747327920000,13,Insert,o,14,Cestujeme auto
wL7w4dmBmxSYXUEO9tYBUp6XaA22,13,1771465747678131000,1771465747672281000,14,Insert,m,15,Cestujeme autom
wL7w4dmBmxSYXUEO9tYBUp6XaA22,13,1771465748352527000,1771465748342599000,15,Insert, ,16,Cestujeme autom 
wL7w4dmBmxSYXUEO9tYBUp6XaA22,13,1771465748689255000,1771465748682552000,16,Insert,a,17,Cestujeme autom a
wL7w4dmBmxSYXUEO9tYBUp6XaA22,13,1771465749166955000,1771465749161195000,17,Insert,l,18,Cestujeme autom al
wL7w4dmBmxSYXUEO9tYBUp6XaA22,13,1771465749510258000,1771465749503902000,18,Insert,e,19,Cestujeme autom ale
wL7w4dmBmxSYXUEO9tYBUp6XaA22,13,1771465750662011000,1771465750649228000,19,Insert, ,20,Cestujeme autom ale 
wL7w4dmBmxSYXUEO9tYBUp6XaA22,13,1771465751012670000,1771465751006386000,20,Insert,m,21,Cestujeme autom ale m
wL7w4dmBmxSYXUEO9tYBUp6XaA22,13,1771465751300963000,1771465751294635000,21,Insert,u,22,Cestujeme autom ale mu
wL7w4dmBmxSYXUEO9tYBUp6XaA22,13,1771465751726820000,1771465751721206000,22,Insert,s,23,Cestujeme autom ale mus
wL7w4dmBmxSYXUEO9tYBUp6XaA22,13,1771465752157850000,1771465752151468000,23,Insert,i,24,Cestujeme autom ale musi
wL7w4dmBmxSYXUEO9tYBUp6XaA22,13,1771465752495915000,1771465752492142000,24,Insert,m,25,Cestujeme autom ale musim
wL7w4dmBmxSYXUEO9tYBUp6XaA22,13,1771465752857783000,1771465752849754000,25,Insert,e,26,Cestujeme autom ale musime
wL7w4dmBmxSYXUEO9tYBUp6XaA22,13,1771465753851699000,1771465753842642000,26,Insert, ,27,Cestujeme autom ale musime 
wL7w4dmBmxSYXUEO9tYBUp6XaA22,13,1771465754176198000,1771465754169975000,27,Insert,i,28,Cestujeme autom ale musime i
wL7w4dmBmxSYXUEO9tYBUp6XaA22,13,1771465754584187000,1771465754577249000,28,Insert,s,29,Cestujeme autom ale musime is
wL7w4dmBmxSYXUEO9tYBUp6XaA22,13,1771465754872633000,1771465754866789000,29,Insert,t,30,Cestujeme autom ale musime ist
wL7w4dmBmxSYXUEO9tYBUp6XaA22,13,1771465755699601000,1771465755688318000,30,Insert, ,31,Cestujeme autom ale musime ist 
wL7w4dmBmxSYXUEO9tYBUp6XaA22,13,1771465756160530000,1771465756154138000,31,Insert,p,32,Cestujeme autom ale musime ist p
wL7w4dmBmxSYXUEO9tYBUp6XaA22,13,1771465756355182000,1771465756350752000,32,Insert,o,33,Cestujeme autom ale musime ist po
wL7w4dmBmxSYXUEO9tYBUp6XaA22,13,1771465756880459000,1771465756874797000,33,Insert,m,34,Cestujeme autom ale musime ist pom
wL7w4dmBmxSYXUEO9tYBUp6XaA22,13,1771465757236202000,1771465757231778000,34,Insert,a,35,Cestujeme autom ale musime ist poma
wL7w4dmBmxSYXUEO9tYBUp6XaA22,13,1771465757672535000,1771465757668999000,35,Insert,l,36,Cestujeme autom ale musime ist pomal
wL7w4dmBmxSYXUEO9tYBUp6XaA22,13,1771465758142899000,1771465758139489000,36,Insert,y,37,Cestujeme autom ale musime ist pomaly
wL7w4dmBmxSYXUEO9tYBUp6XaA22,13,1771465759063625000,1771465759060905000,37,Insert, ,38,Cestujeme autom ale musime ist pomaly 
wL7w4dmBmxSYXUEO9tYBUp6XaA22,13,1771465759442064000,1771465759432549000,38,Insert,l,39,Cestujeme autom ale musime ist pomaly l
wL7w4dmBmxSYXUEO9tYBUp6XaA22,13,1771465759824721000,1771465759819144000,39,Insert,r,40,Cestujeme autom ale musime ist pomaly lr
wL7w4dmBmxSYXUEO9tYBUp6XaA22,13,1771465760176656000,1771465760169375000,40,Insert,b,41,Cestujeme autom ale musime ist pomaly lrb
wL7w4dmBmxSYXUEO9tYBUp6XaA22,13,1771465760462018000,1771465760453062000,41,Insert,i,42,Cestujeme autom ale musime ist pomaly lrbi
wL7w4dmBmxSYXUEO9tYBUp6XaA22,13,1771465760980529000,1771465760975670000,42,Delete,i,41,Cestujeme autom ale musime ist pomaly lrb
wL7w4dmBmxSYXUEO9tYBUp6XaA22,13,1771465761161817000,1771465761158757000,41,Delete,b,40,Cestujeme autom ale musime ist pomaly lr
wL7w4dmBmxSYXUEO9tYBUp6XaA22,13,1771465761368365000,1771465761364273000,40,Delete,r,39,Cestujeme autom ale musime ist pomaly l
wL7w4dmBmxSYXUEO9tYBUp6XaA22,13,1771465761922634000,1771465761912646000,39,Insert,e,40,Cestujeme autom ale musime ist pomaly le
wL7w4dmBmxSYXUEO9tYBUp6XaA22,13,1771465762500821000,1771465762495842000,40,Insert,b,41,Cestujeme autom ale musime ist pomaly leb
wL7w4dmBmxSYXUEO9tYBUp6XaA22,13,1771465762788064000,1771465762781619000,41,Insert,o,42,Cestujeme autom ale musime ist pomaly lebo
wL7w4dmBmxSYXUEO9tYBUp6XaA22,13,1771465763758947000,1771465763748542000,42,Insert, ,43,Cestujeme autom ale musime ist pomaly lebo 
wL7w4dmBmxSYXUEO9tYBUp6XaA22,13,1771465763987467000,1771465763981364000,43,Insert,n,44,Cestujeme autom ale musime ist pomaly lebo n
wL7w4dmBmxSYXUEO9tYBUp6XaA22,13,1771465764357005000,1771465764350199000,44,Insert,a,45,Cestujeme autom ale musime ist pomaly lebo na
wL7w4dmBmxSYXUEO9tYBUp6XaA22,13,1771465764729745000,1771465764725040000,45,Insert,p,46,Cestujeme autom ale musime ist pomaly lebo nap
wL7w4dmBmxSYXUEO9tYBUp6XaA22,13,1771465765263451000,1771465765258769000,46,Insert,a,47,Cestujeme autom ale musime ist pomaly lebo napa
wL7w4dmBmxSYXUEO9tYBUp6XaA22,13,1771465765605020000,1771465765598539000,47,Insert,d,48,Cestujeme autom ale musime ist pomaly lebo napad
wL7w4dmBmxSYXUEO9tYBUp6XaA22,13,1771465766045286000,1771465766038081000,48,Insert,l,49,Cestujeme autom ale musime ist pomaly lebo napadl
wL7w4dmBmxSYXUEO9tYBUp6XaA22,13,1771465766240401000,1771465766233227000,49,Insert,i,50,Cestujeme autom ale musime ist pomaly lebo napadli
wL7w4dmBmxSYXUEO9tYBUp6XaA22,13,1771465767109587000,1771465767104743000,50,Delete,i,49,Cestujeme autom ale musime ist pomaly lebo napadl
wL7w4dmBmxSYXUEO9tYBUp6XaA22,13,1771465767419726000,1771465767413619000,49,Insert,o,50,Cestujeme autom ale musime ist pomaly lebo napadlo
wL7w4dmBmxSYXUEO9tYBUp6XaA22,13,1771465768100987000,1771465768091318000,50,Insert, ,51,Cestujeme autom ale musime ist pomaly lebo napadlo 
wL7w4dmBmxSYXUEO9tYBUp6XaA22,13,1771465768402883000,1771465768395341000,51,Insert,v,52,Cestujeme autom ale musime ist pomaly lebo napadlo v
wL7w4dmBmxSYXUEO9tYBUp6XaA22,13,1771465768720936000,1771465768716519000,52,Insert,e,53,Cestujeme autom ale musime ist pomaly lebo napadlo ve
wL7w4dmBmxSYXUEO9tYBUp6XaA22,13,1771465769082463000,1771465769074128000,53,Insert,l,54,Cestujeme autom ale musime ist pomaly lebo napadlo vel
wL7w4dmBmxSYXUEO9tYBUp6XaA22,13,1771465769464269000,1771465769456402000,54,Insert,a,55,Cestujeme autom ale musime ist pomaly lebo napadlo vela
wL7w4dmBmxSYXUEO9tYBUp6XaA22,13,1771465769876213000,1771465769868771000,55,Insert, ,56,Cestujeme autom ale musime ist pomaly lebo napadlo vela 
wL7w4dmBmxSYXUEO9tYBUp6XaA22,13,1771465770197394000,1771465770190414000,56,Insert,s,57,Cestujeme autom ale musime ist pomaly lebo napadlo vela s
wL7w4dmBmxSYXUEO9tYBUp6XaA22,13,1771465770562646000,1771465770556796000,57,Insert,n,58,Cestujeme autom ale musime ist pomaly lebo napadlo vela sn
wL7w4dmBmxSYXUEO9tYBUp6XaA22,13,1771465770904949000,1771465770898305000,58,Insert,e,59,Cestujeme autom ale musime ist pomaly lebo napadlo vela sne
wL7w4dmBmxSYXUEO9tYBUp6XaA22,13,1771465771316730000,1771465771310523000,59,Insert,h,60,Cestujeme autom ale musime ist pomaly lebo napadlo vela sneh
wL7w4dmBmxSYXUEO9tYBUp6XaA22,13,1771465771535489000,1771465771528626000,60,Insert,u,61,Cestujeme autom ale musime ist pomaly lebo napadlo vela snehu
wL7w4dmBmxSYXUEO9tYBUp6XaA22,13,1771465773161375000,1771465773138574000,61,Insert,a,62,Cestujeme autom ale musime ist pomaly lebo napadlo vela snehua
wL7w4dmBmxSYXUEO9tYBUp6XaA22,13,1771465776403736000,1771465776392930000,62,Delete,a,61,Cestujeme autom ale musime ist pomaly lebo napadlo vela snehu
wL7w4dmBmxSYXUEO9tYBUp6XaA22,13,1771465777184894000,1771465777180746000,61,Insert, ,62,Cestujeme autom ale musime ist pomaly lebo napadlo vela snehu 
wL7w4dmBmxSYXUEO9tYBUp6XaA22,13,1771465779312835000,1771465779309799000,62,Insert,a,63,Cestujeme autom ale musime ist pomaly lebo napadlo vela snehu a
wL7w4dmBmxSYXUEO9tYBUp6XaA22,13,1771465780376607000,1771465780371304000,63,Insert, ,64,Cestujeme autom ale musime ist pomaly lebo napadlo vela snehu a 
wL7w4dmBmxSYXUEO9tYBUp6XaA22,13,1771465780648736000,1771465780644555000,64,Insert,c,65,Cestujeme autom ale musime ist pomaly lebo napadlo vela snehu a c
wL7w4dmBmxSYXUEO9tYBUp6XaA22,13,1771465780942358000,1771465780935038000,65,Insert,e,66,Cestujeme autom ale musime ist pomaly lebo napadlo vela snehu a ce
wL7w4dmBmxSYXUEO9tYBUp6XaA22,13,1771465781132445000,1771465781128306000,66,Insert,s,67,Cestujeme autom ale musime ist pomaly lebo napadlo vela snehu a ces
wL7w4dmBmxSYXUEO9tYBUp6XaA22,13,1771465781334062000,1771465781330233000,67,Insert,t,68,Cestujeme autom ale musime ist pomaly lebo napadlo vela snehu a cest
wL7w4dmBmxSYXUEO9tYBUp6XaA22,13,1771465781980700000,1771465781973813000,68,Insert,y,69,Cestujeme autom ale musime ist pomaly lebo napadlo vela snehu a cesty
wL7w4dmBmxSYXUEO9tYBUp6XaA22,13,1771465782745658000,1771465782735810000,69,Insert, ,70,Cestujeme autom ale musime ist pomaly lebo napadlo vela snehu a cesty 
wL7w4dmBmxSYXUEO9tYBUp6XaA22,13,1771465783363999000,1771465783359816000,70,Insert,s,71,Cestujeme autom ale musime ist pomaly lebo napadlo vela snehu a cesty s
wL7w4dmBmxSYXUEO9tYBUp6XaA22,13,1771465783657090000,1771465783649960000,71,Insert,u,72,Cestujeme autom ale musime ist pomaly lebo napadlo vela snehu a cesty su
wL7w4dmBmxSYXUEO9tYBUp6XaA22,13,1771465784326558000,1771465784318426000,72,Insert, ,73,Cestujeme autom ale musime ist pomaly lebo napadlo vela snehu a cesty su 
wL7w4dmBmxSYXUEO9tYBUp6XaA22,13,1771465784672532000,1771465784667217000,73,Insert,z,74,Cestujeme autom ale musime ist pomaly lebo napadlo vela snehu a cesty su z
wL7w4dmBmxSYXUEO9tYBUp6XaA22,13,1771465785100358000,1771465785093964000,74,Insert,l,75,Cestujeme autom ale musime ist pomaly lebo napadlo vela snehu a cesty su zl
wL7w4dmBmxSYXUEO9tYBUp6XaA22,14,1771465787792494000,1771465787783613000,0,Insert,c,1,c
wL7w4dmBmxSYXUEO9tYBUp6XaA22,14,1771465788616152000,1771465788611859000,1,Delete,c,0,
wL7w4dmBmxSYXUEO9tYBUp6XaA22,14,1771465789476205000,1771465789467200000,0,Insert,C,1,C
wL7w4dmBmxSYXUEO9tYBUp6XaA22,14,1771465789745905000,1771465789739640000,1,Insert,e,2,Ce
wL7w4dmBmxSYXUEO9tYBUp6XaA22,14,1771465789931997000,1771465789927490000,2,Insert,s,3,Ces
wL7w4dmBmxSYXUEO9tYBUp6XaA22,14,1771465790266253000,1771465790258062000,3,Insert,t,4,Cest
wL7w4dmBmxSYXUEO9tYBUp6XaA22,14,1771465790522526000,1771465790515845000,4,Insert,u,5,Cestu
wL7w4dmBmxSYXUEO9tYBUp6XaA22,14,1771465790725882000,1771465790722333000,5,Insert,j,6,Cestuj
wL7w4dmBmxSYXUEO9tYBUp6XaA22,14,1771465790999868000,1771465790994132000,6,Insert,e,7,Cestuje
wL7w4dmBmxSYXUEO9tYBUp6XaA22,14,1771465791568400000,1771465791563937000,7,Insert,m,8,Cestujem
wL7w4dmBmxSYXUEO9tYBUp6XaA22,14,1771465791885049000,1771465791879708000,8,Insert,e,9,Cestujeme
wL7w4dmBmxSYXUEO9tYBUp6XaA22,14,1771465792590063000,1771465792580393000,9,Insert, ,10,Cestujeme 
wL7w4dmBmxSYXUEO9tYBUp6XaA22,14,1771465793152039000,1771465793146249000,10,Insert,a,11,Cestujeme a
wL7w4dmBmxSYXUEO9tYBUp6XaA22,14,1771465793977003000,1771465793966117000,11,Insert,u,12,Cestujeme au
wL7w4dmBmxSYXUEO9tYBUp6XaA22,14,1771465794401895000,1771465794395969000,12,Insert,t,13,Cestujeme aut
wL7w4dmBmxSYXUEO9tYBUp6XaA22,14,1771465794770817000,1771465794764959000,13,Insert,o,14,Cestujeme auto
wL7w4dmBmxSYXUEO9tYBUp6XaA22,14,1771465795239568000,1771465795233593000,14,Insert,m,15,Cestujeme autom
wL7w4dmBmxSYXUEO9tYBUp6XaA22,14,1771465798848771000,1771465798841808000,15,Insert, ,16,Cestujeme autom 
wL7w4dmBmxSYXUEO9tYBUp6XaA22,14,1771465799165842000,1771465799160013000,16,Insert,a,17,Cestujeme autom a
wL7w4dmBmxSYXUEO9tYBUp6XaA22,14,1771465800016568000,1771465800006639000,17,Insert,l,18,Cestujeme autom al
wL7w4dmBmxSYXUEO9tYBUp6XaA22,14,1771465800373524000,1771465800365970000,18,Insert,e,19,Cestujeme autom ale
wL7w4dmBmxSYXUEO9tYBUp6XaA22,14,1771465801411032000,1771465801402932000,19,Insert, ,20,Cestujeme autom ale 
wL7w4dmBmxSYXUEO9tYBUp6XaA22,14,1771465801783186000,1771465801773398000,20,Insert,m,21,Cestujeme autom ale m
wL7w4dmBmxSYXUEO9tYBUp6XaA22,14,1771465802056413000,1771465802050167000,21,Insert,u,22,Cestujeme autom ale mu
wL7w4dmBmxSYXUEO9tYBUp6XaA22,14,1771465802615416000,1771465802610676000,22,Insert,s,23,Cestujeme autom ale mus
wL7w4dmBmxSYXUEO9tYBUp6XaA22,14,1771465803045557000,1771465803040058000,23,Insert,i,24,Cestujeme autom ale musi
wL7w4dmBmxSYXUEO9tYBUp6XaA22,14,1771465803385473000,1771465803378923000,24,Insert,m,25,Cestujeme autom ale musim
wL7w4dmBmxSYXUEO9tYBUp6XaA22,14,1771465803730523000,1771465803724456000,25,Insert,e,26,Cestujeme autom ale musime
wL7w4dmBmxSYXUEO9tYBUp6XaA22,14,1771465805012869000,1771465805001808000,26,Insert, ,27,Cestujeme autom ale musime 
wL7w4dmBmxSYXUEO9tYBUp6XaA22,14,1771465805414024000,1771465805408148000,27,Insert,i,28,Cestujeme autom ale musime i
wL7w4dmBmxSYXUEO9tYBUp6XaA22,14,1771465805895593000,1771465805888498000,28,Insert,s,29,Cestujeme autom ale musime is
wL7w4dmBmxSYXUEO9tYBUp6XaA22,14,1771465806172838000,1771465806165980000,29,Insert,t,30,Cestujeme autom ale musime ist
wL7w4dmBmxSYXUEO9tYBUp6XaA22,14,1771465807333885000,1771465807322745000,30,Insert, ,31,Cestujeme autom ale musime ist 
wL7w4dmBmxSYXUEO9tYBUp6XaA22,14,1771465807739899000,1771465807731257000,31,Insert,p,32,Cestujeme autom ale musime ist p
wL7w4dmBmxSYXUEO9tYBUp6XaA22,14,1771465807928881000,1771465807924818000,32,Insert,o,33,Cestujeme autom ale musime ist po
wL7w4dmBmxSYXUEO9tYBUp6XaA22,14,1771465808426893000,1771465808421044000,33,Insert,m,34,Cestujeme autom ale musime ist pom
wL7w4dmBmxSYXUEO9tYBUp6XaA22,14,1771465808834865000,1771465808828311000,34,Insert,a,35,Cestujeme autom ale musime ist poma
wL7w4dmBmxSYXUEO9tYBUp6XaA22,14,1771465809253042000,1771465809246848000,35,Insert,l,36,Cestujeme autom ale musime ist pomal
wL7w4dmBmxSYXUEO9tYBUp6XaA22,14,1771465809709574000,1771465809702891000,36,Insert,y,37,Cestujeme autom ale musime ist pomaly
wL7w4dmBmxSYXUEO9tYBUp6XaA22,14,1771465811030039000,1771465811021113000,37,Insert, ,38,Cestujeme autom ale musime ist pomaly 
wL7w4dmBmxSYXUEO9tYBUp6XaA22,14,1771465811421515000,1771465811417287000,38,Insert,l,39,Cestujeme autom ale musime ist pomaly l
wL7w4dmBmxSYXUEO9tYBUp6XaA22,14,1771465811787973000,1771465811784148000,39,Insert,e,40,Cestujeme autom ale musime ist pomaly le
wL7w4dmBmxSYXUEO9tYBUp6XaA22,14,1771465812193633000,1771465812187335000,40,Insert,b,41,Cestujeme autom ale musime ist pomaly leb
wL7w4dmBmxSYXUEO9tYBUp6XaA22,14,1771465812424171000,1771465812416747000,41,Insert,i,42,Cestujeme autom ale musime ist pomaly lebi
wL7w4dmBmxSYXUEO9tYBUp6XaA22,14,1771465813348443000,1771465813342792000,42,Delete,i,41,Cestujeme autom ale musime ist pomaly leb
wL7w4dmBmxSYXUEO9tYBUp6XaA22,14,1771465813594135000,1771465813587497000,41,Insert,o,42,Cestujeme autom ale musime ist pomaly lebo
wL7w4dmBmxSYXUEO9tYBUp6XaA22,14,1771465814681475000,1771465814677101000,42,Insert, ,43,Cestujeme autom ale musime ist pomaly lebo 
wL7w4dmBmxSYXUEO9tYBUp6XaA22,14,1771465814965045000,1771465814956515000,43,Insert,n,44,Cestujeme autom ale musime ist pomaly lebo n
wL7w4dmBmxSYXUEO9tYBUp6XaA22,14,1771465815444423000,1771465815434894000,44,Insert,a,45,Cestujeme autom ale musime ist pomaly lebo na
wL7w4dmBmxSYXUEO9tYBUp6XaA22,14,1771465815884124000,1771465815876291000,45,Insert,p,46,Cestujeme autom ale musime ist pomaly lebo nap
wL7w4dmBmxSYXUEO9tYBUp6XaA22,14,1771465816487844000,1771465816479985000,46,Insert,a,47,Cestujeme autom ale musime ist pomaly lebo napa
wL7w4dmBmxSYXUEO9tYBUp6XaA22,14,1771465816828028000,1771465816822090000,47,Insert,d,48,Cestujeme autom ale musime ist pomaly lebo napad
wL7w4dmBmxSYXUEO9tYBUp6XaA22,14,1771465817488007000,1771465817479627000,48,Insert,l,49,Cestujeme autom ale musime ist pomaly lebo napadl
wL7w4dmBmxSYXUEO9tYBUp6XaA22,14,1771465817682820000,1771465817678695000,49,Insert,o,50,Cestujeme autom ale musime ist pomaly lebo napadlo
wL7w4dmBmxSYXUEO9tYBUp6XaA22,14,1771465818843559000,1771465818833517000,50,Insert, ,51,Cestujeme autom ale musime ist pomaly lebo napadlo 
wL7w4dmBmxSYXUEO9tYBUp6XaA22,14,1771465819067798000,1771465819061183000,51,Insert,v,52,Cestujeme autom ale musime ist pomaly lebo napadlo v
wL7w4dmBmxSYXUEO9tYBUp6XaA22,14,1771465819369275000,1771465819362864000,52,Insert,e,53,Cestujeme autom ale musime ist pomaly lebo napadlo ve
wL7w4dmBmxSYXUEO9tYBUp6XaA22,14,1771465819935720000,1771465819928102000,53,Insert,l,54,Cestujeme autom ale musime ist pomaly lebo napadlo vel
wL7w4dmBmxSYXUEO9tYBUp6XaA22,14,1771465820359203000,1771465820353245000,54,Insert,a,55,Cestujeme autom ale musime ist pomaly lebo napadlo vela
wL7w4dmBmxSYXUEO9tYBUp6XaA22,14,1771465820730546000,1771465820722662000,55,Insert, ,56,Cestujeme autom ale musime ist pomaly lebo napadlo vela 
wL7w4dmBmxSYXUEO9tYBUp6XaA22,14,1771465821056812000,1771465821048913000,56,Insert,s,57,Cestujeme autom ale musime ist pomaly lebo napadlo vela s
wL7w4dmBmxSYXUEO9tYBUp6XaA22,14,1771465821593763000,1771465821589893000,57,Insert,n,58,Cestujeme autom ale musime ist pomaly lebo napadlo vela sn
wL7w4dmBmxSYXUEO9tYBUp6XaA22,14,1771465821999774000,1771465821993980000,58,Insert,e,59,Cestujeme autom ale musime ist pomaly lebo napadlo vela sne
wL7w4dmBmxSYXUEO9tYBUp6XaA22,14,1771465822460733000,1771465822456456000,59,Insert,h,60,Cestujeme autom ale musime ist pomaly lebo napadlo vela sneh
wL7w4dmBmxSYXUEO9tYBUp6XaA22,14,1771465822659372000,1771465822654935000,60,Insert,u,61,Cestujeme autom ale musime ist pomaly lebo napadlo vela snehu
wL7w4dmBmxSYXUEO9tYBUp6XaA22,14,1771465823815536000,1771465823805212000,61,Insert, ,62,Cestujeme autom ale musime ist pomaly lebo napadlo vela snehu 
wL7w4dmBmxSYXUEO9tYBUp6XaA22,14,1771465824148209000,1771465824141169000,62,Insert,a,63,Cestujeme autom ale musime ist pomaly lebo napadlo vela snehu a
wL7w4dmBmxSYXUEO9tYBUp6XaA22,14,1771465824516816000,1771465824510474000,63,Insert, ,64,Cestujeme autom ale musime ist pomaly lebo napadlo vela snehu a 
wL7w4dmBmxSYXUEO9tYBUp6XaA22,14,1771465824856546000,1771465824849304000,64,Insert,c,65,Cestujeme autom ale musime ist pomaly lebo napadlo vela snehu a c
wL7w4dmBmxSYXUEO9tYBUp6XaA22,14,1771465825213172000,1771465825206917000,65,Insert,e,66,Cestujeme autom ale musime ist pomaly lebo napadlo vela snehu a ce
wL7w4dmBmxSYXUEO9tYBUp6XaA22,14,1771465825528431000,1771465825522350000,66,Insert,s,67,Cestujeme autom ale musime ist pomaly lebo napadlo vela snehu a ces
wL7w4dmBmxSYXUEO9tYBUp6XaA22,14,1771465825824898000,1771465825818735000,67,Insert,t,68,Cestujeme autom ale musime ist pomaly lebo napadlo vela snehu a cest
wL7w4dmBmxSYXUEO9tYBUp6XaA22,14,1771465826242600000,1771465826235439000,68,Insert,y,69,Cestujeme autom ale musime ist pomaly lebo napadlo vela snehu a cesty
wL7w4dmBmxSYXUEO9tYBUp6XaA22,14,1771465826576438000,1771465826569933000,69,Insert, ,70,Cestujeme autom ale musime ist pomaly lebo napadlo vela snehu a cesty 
wL7w4dmBmxSYXUEO9tYBUp6XaA22,14,1771465826886569000,1771465826879147000,70,Insert,d,71,Cestujeme autom ale musime ist pomaly lebo napadlo vela snehu a cesty d
wL7w4dmBmxSYXUEO9tYBUp6XaA22,14,1771465827192870000,1771465827186426000,71,Insert,u,72,Cestujeme autom ale musime ist pomaly lebo napadlo vela snehu a cesty du
wL7w4dmBmxSYXUEO9tYBUp6XaA22,14,1771465827896786000,1771465827891523000,72,Delete,u,71,Cestujeme autom ale musime ist pomaly lebo napadlo vela snehu a cesty d
wL7w4dmBmxSYXUEO9tYBUp6XaA22,14,1771465828071780000,1771465828068239000,71,Delete,d,70,Cestujeme autom ale musime ist pomaly lebo napadlo vela snehu a cesty 
wL7w4dmBmxSYXUEO9tYBUp6XaA22,14,1771465828623697000,1771465828618759000,70,Insert,s,71,Cestujeme autom ale musime ist pomaly lebo napadlo vela snehu a cesty s
wL7w4dmBmxSYXUEO9tYBUp6XaA22,14,1771465828935261000,1771465828928334000,71,Insert,u,72,Cestujeme autom ale musime ist pomaly lebo napadlo vela snehu a cesty su
wL7w4dmBmxSYXUEO9tYBUp6XaA22,14,1771465829559204000,1771465829548334000,72,Insert, ,73,Cestujeme autom ale musime ist pomaly lebo napadlo vela snehu a cesty su 
wL7w4dmBmxSYXUEO9tYBUp6XaA22,14,1771465829881418000,1771465829875154000,73,Insert,z,74,Cestujeme autom ale musime ist pomaly lebo napadlo vela snehu a cesty su z
wL7w4dmBmxSYXUEO9tYBUp6XaA22,14,1771465830235904000,1771465830231126000,74,Insert,l,75,Cestujeme autom ale musime ist pomaly lebo napadlo vela snehu a cesty su zl
wL7w4dmBmxSYXUEO9tYBUp6XaA22,15,1771465837487747000,1771465837475044000,0,Insert,C,1,C
wL7w4dmBmxSYXUEO9tYBUp6XaA22,15,1771465837728294000,1771465837722105000,1,Insert,e,2,Ce
wL7w4dmBmxSYXUEO9tYBUp6XaA22,15,1771465837913531000,1771465837909463000,2,Insert,s,3,Ces
wL7w4dmBmxSYXUEO9tYBUp6XaA22,15,1771465838150753000,1771465838146843000,3,Insert,t,4,Cest
wL7w4dmBmxSYXUEO9tYBUp6XaA22,15,1771465838451513000,1771465838445386000,4,Insert,u,5,Cestu
wL7w4dmBmxSYXUEO9tYBUp6XaA22,15,1771465838656556000,1771465838649305000,5,Insert,j,6,Cestuj
wL7w4dmBmxSYXUEO9tYBUp6XaA22,15,1771465839241388000,1771465839237661000,6,Insert,e,7,Cestuje
wL7w4dmBmxSYXUEO9tYBUp6XaA22,15,1771465839686600000,1771465839680623000,7,Insert,m,8,Cestujem
wL7w4dmBmxSYXUEO9tYBUp6XaA22,15,1771465840038413000,1771465840029970000,8,Insert,e,9,Cestujeme
wL7w4dmBmxSYXUEO9tYBUp6XaA22,15,1771465840919472000,1771465840911538000,9,Insert, ,10,Cestujeme 
wL7w4dmBmxSYXUEO9tYBUp6XaA22,15,1771465841240792000,1771465841233933000,10,Insert,a,11,Cestujeme a
wL7w4dmBmxSYXUEO9tYBUp6XaA22,15,1771465841687644000,1771465841682367000,11,Insert,u,12,Cestujeme au
wL7w4dmBmxSYXUEO9tYBUp6XaA22,15,1771465842070558000,1771465842063823000,12,Insert,t,13,Cestujeme aut
wL7w4dmBmxSYXUEO9tYBUp6XaA22,15,1771465846103951000,1771465846096120000,13,Insert,o,14,Cestujeme auto
wL7w4dmBmxSYXUEO9tYBUp6XaA22,15,1771465846747677000,1771465846738107000,14,Insert,m,15,Cestujeme autom
wL7w4dmBmxSYXUEO9tYBUp6XaA22,15,1771465855348737000,1771465855338166000,15,Insert, ,16,Cestujeme autom 
wL7w4dmBmxSYXUEO9tYBUp6XaA22,15,1771465855640855000,1771465855634974000,16,Insert,a,17,Cestujeme autom a
wL7w4dmBmxSYXUEO9tYBUp6XaA22,15,1771465856106267000,1771465856099865000,17,Insert,l,18,Cestujeme autom al
wL7w4dmBmxSYXUEO9tYBUp6XaA22,15,1771465856712246000,1771465856703990000,18,Insert,e,19,Cestujeme autom ale
wL7w4dmBmxSYXUEO9tYBUp6XaA22,15,1771465859454840000,1771465859442829000,19,Insert, ,20,Cestujeme autom ale 
wL7w4dmBmxSYXUEO9tYBUp6XaA22,15,1771465860544009000,1771465860539328000,21,Delete, ,20,Cestujeme autom ale.
wL7w4dmBmxSYXUEO9tYBUp6XaA22,15,1771465860699649000,1771465860695027000,20,Delete,.,19,Cestujeme autom ale
wL7w4dmBmxSYXUEO9tYBUp6XaA22,15,1771465861303520000,1771465861294550000,19,Insert, ,20,Cestujeme autom ale 
wL7w4dmBmxSYXUEO9tYBUp6XaA22,15,1771465861594824000,1771465861587962000,20,Insert,m,21,Cestujeme autom ale m
wL7w4dmBmxSYXUEO9tYBUp6XaA22,15,1771465862606463000,1771465862596901000,21,Insert,u,22,Cestujeme autom ale mu
wL7w4dmBmxSYXUEO9tYBUp6XaA22,15,1771465863056985000,1771465863049077000,22,Insert,s,23,Cestujeme autom ale mus
wL7w4dmBmxSYXUEO9tYBUp6XaA22,15,1771465863608856000,1771465863600667000,23,Insert,i,24,Cestujeme autom ale musi
wL7w4dmBmxSYXUEO9tYBUp6XaA22,15,1771465864201189000,1771465864192233000,24,Insert,m,25,Cestujeme autom ale musim
wL7w4dmBmxSYXUEO9tYBUp6XaA22,15,1771465864552077000,1771465864545565000,25,Insert,e,26,Cestujeme autom ale musime
wL7w4dmBmxSYXUEO9tYBUp6XaA22,15,1771465864952120000,1771465864947292000,26,Insert, ,27,Cestujeme autom ale musime 
wL7w4dmBmxSYXUEO9tYBUp6XaA22,15,1771465865454796000,1771465865447281000,27,Insert,i,28,Cestujeme autom ale musime i
wL7w4dmBmxSYXUEO9tYBUp6XaA22,15,1771465865863746000,1771465865855747000,28,Insert,s,29,Cestujeme autom ale musime is
wL7w4dmBmxSYXUEO9tYBUp6XaA22,15,1771465866184296000,1771465866175950000,29,Insert,t,30,Cestujeme autom ale musime ist
wL7w4dmBmxSYXUEO9tYBUp6XaA22,15,1771465866551260000,1771465866543538000,30,Insert, ,31,Cestujeme autom ale musime ist 
wL7w4dmBmxSYXUEO9tYBUp6XaA22,15,1771465867490914000,1771465867486638000,31,Insert,p,32,Cestujeme autom ale musime ist p
wL7w4dmBmxSYXUEO9tYBUp6XaA22,15,1771465867663902000,1771465867657734000,32,Insert,o,33,Cestujeme autom ale musime ist po
wL7w4dmBmxSYXUEO9tYBUp6XaA22,15,1771465868189389000,1771465868182731000,33,Insert,m,34,Cestujeme autom ale musime ist pom
wL7w4dmBmxSYXUEO9tYBUp6XaA22,15,1771465868592367000,1771465868584055000,34,Insert,a,35,Cestujeme autom ale musime ist poma
wL7w4dmBmxSYXUEO9tYBUp6XaA22,15,1771465869026398000,1771465869019992000,35,Insert,l,36,Cestujeme autom ale musime ist pomal
wL7w4dmBmxSYXUEO9tYBUp6XaA22,15,1771465869426511000,1771465869420648000,36,Insert,y,37,Cestujeme autom ale musime ist pomaly
wL7w4dmBmxSYXUEO9tYBUp6XaA22,15,1771465870386085000,1771465870375405000,37,Insert, ,38,Cestujeme autom ale musime ist pomaly 
wL7w4dmBmxSYXUEO9tYBUp6XaA22,15,1771465871028875000,1771465871024286000,38,Insert,l,39,Cestujeme autom ale musime ist pomaly l
wL7w4dmBmxSYXUEO9tYBUp6XaA22,15,1771465871375558000,1771465871369416000,39,Insert,e,40,Cestujeme autom ale musime ist pomaly le
wL7w4dmBmxSYXUEO9tYBUp6XaA22,15,1771465871722125000,1771465871715702000,40,Insert,b,41,Cestujeme autom ale musime ist pomaly leb
wL7w4dmBmxSYXUEO9tYBUp6XaA22,15,1771465871996014000,1771465871990034000,41,Insert,i,42,Cestujeme autom ale musime ist pomaly lebi
wL7w4dmBmxSYXUEO9tYBUp6XaA22,15,1771465872819310000,1771465872812962000,42,Delete,i,41,Cestujeme autom ale musime ist pomaly leb
wL7w4dmBmxSYXUEO9tYBUp6XaA22,15,1771465873062714000,1771465873055140000,41,Insert,o,42,Cestujeme autom ale musime ist pomaly lebo
wL7w4dmBmxSYXUEO9tYBUp6XaA22,15,1771465873790483000,1771465873782600000,42,Insert, ,43,Cestujeme autom ale musime ist pomaly lebo 
wL7w4dmBmxSYXUEO9tYBUp6XaA22,15,1771465874319408000,1771465874313391000,43,Insert,n,44,Cestujeme autom ale musime ist pomaly lebo n
wL7w4dmBmxSYXUEO9tYBUp6XaA22,15,1771465874698550000,1771465874692340000,44,Insert,a,45,Cestujeme autom ale musime ist pomaly lebo na
wL7w4dmBmxSYXUEO9tYBUp6XaA22,15,1771465875117866000,1771465875109645000,45,Insert,p,46,Cestujeme autom ale musime ist pomaly lebo nap
wL7w4dmBmxSYXUEO9tYBUp6XaA22,15,1771465875545602000,1771465875539248000,46,Insert,a,47,Cestujeme autom ale musime ist pomaly lebo napa
wL7w4dmBmxSYXUEO9tYBUp6XaA22,15,1771465875873197000,1771465875866987000,47,Insert,d,48,Cestujeme autom ale musime ist pomaly lebo napad
wL7w4dmBmxSYXUEO9tYBUp6XaA22,15,1771465876399659000,1771465876394833000,48,Insert,l,49,Cestujeme autom ale musime ist pomaly lebo napadl
wL7w4dmBmxSYXUEO9tYBUp6XaA22,15,1771465876560482000,1771465876556494000,49,Insert,i,50,Cestujeme autom ale musime ist pomaly lebo napadli
wL7w4dmBmxSYXUEO9tYBUp6XaA22,15,1771465877364153000,1771465877356589000,50,Delete,i,49,Cestujeme autom ale musime ist pomaly lebo napadl
wL7w4dmBmxSYXUEO9tYBUp6XaA22,15,1771465877595002000,1771465877588212000,49,Insert,o,50,Cestujeme autom ale musime ist pomaly lebo napadlo
wL7w4dmBmxSYXUEO9tYBUp6XaA22,15,1771465878154653000,1771465878144858000,50,Insert, ,51,Cestujeme autom ale musime ist pomaly lebo napadlo 
wL7w4dmBmxSYXUEO9tYBUp6XaA22,15,1771465878399765000,1771465878393820000,51,Insert,v,52,Cestujeme autom ale musime ist pomaly lebo napadlo v
wL7w4dmBmxSYXUEO9tYBUp6XaA22,15,1771465878643299000,1771465878634326000,52,Insert,e,53,Cestujeme autom ale musime ist pomaly lebo napadlo ve
wL7w4dmBmxSYXUEO9tYBUp6XaA22,15,1771465879011788000,1771465879004205000,53,Insert,l,54,Cestujeme autom ale musime ist pomaly lebo napadlo vel
wL7w4dmBmxSYXUEO9tYBUp6XaA22,15,1771465879398407000,1771465879393744000,54,Insert,a,55,Cestujeme autom ale musime ist pomaly lebo napadlo vela
wL7w4dmBmxSYXUEO9tYBUp6XaA22,15,1771465880842288000,1771465880832492000,55,Insert, ,56,Cestujeme autom ale musime ist pomaly lebo napadlo vela 
wL7w4dmBmxSYXUEO9tYBUp6XaA22,15,1771465881205081000,1771465881198619000,56,Insert,s,57,Cestujeme autom ale musime ist pomaly lebo napadlo vela s
wL7w4dmBmxSYXUEO9tYBUp6XaA22,15,1771465881652337000,1771465881642499000,57,Insert,n,58,Cestujeme autom ale musime ist pomaly lebo napadlo vela sn
wL7w4dmBmxSYXUEO9tYBUp6XaA22,15,1771465881980588000,1771465881974255000,58,Insert,e,59,Cestujeme autom ale musime ist pomaly lebo napadlo vela sne
wL7w4dmBmxSYXUEO9tYBUp6XaA22,15,1771465882325449000,1771465882317615000,59,Insert,h,60,Cestujeme autom ale musime ist pomaly lebo napadlo vela sneh
wL7w4dmBmxSYXUEO9tYBUp6XaA22,15,1771465882524850000,1771465882519583000,60,Insert,u,61,Cestujeme autom ale musime ist pomaly lebo napadlo vela snehu
wL7w4dmBmxSYXUEO9tYBUp6XaA22,15,1771465883383646000,1771465883375926000,61,Insert, ,62,Cestujeme autom ale musime ist pomaly lebo napadlo vela snehu 
wL7w4dmBmxSYXUEO9tYBUp6XaA22,15,1771465883796925000,1771465883791011000,62,Insert,a,63,Cestujeme autom ale musime ist pomaly lebo napadlo vela snehu a
wL7w4dmBmxSYXUEO9tYBUp6XaA22,15,1771465884144111000,1771465884136742000,63,Insert, ,64,Cestujeme autom ale musime ist pomaly lebo napadlo vela snehu a 
wL7w4dmBmxSYXUEO9tYBUp6XaA22,15,1771465884392502000,1771465884386397000,64,Insert,c,65,Cestujeme autom ale musime ist pomaly lebo napadlo vela snehu a c
wL7w4dmBmxSYXUEO9tYBUp6XaA22,15,1771465884644682000,1771465884640688000,65,Insert,e,66,Cestujeme autom ale musime ist pomaly lebo napadlo vela snehu a ce
wL7w4dmBmxSYXUEO9tYBUp6XaA22,15,1771465884832852000,1771465884828268000,66,Insert,s,67,Cestujeme autom ale musime ist pomaly lebo napadlo vela snehu a ces
wL7w4dmBmxSYXUEO9tYBUp6XaA22,15,1771465885220664000,1771465885214424000,67,Insert,t,68,Cestujeme autom ale musime ist pomaly lebo napadlo vela snehu a cest
wL7w4dmBmxSYXUEO9tYBUp6XaA22,15,1771465885506735000,1771465885498869000,68,Insert,y,69,Cestujeme autom ale musime ist pomaly lebo napadlo vela snehu a cesty
wL7w4dmBmxSYXUEO9tYBUp6XaA22,15,1771465886074067000,1771465886063255000,69,Insert, ,70,Cestujeme autom ale musime ist pomaly lebo napadlo vela snehu a cesty 
wL7w4dmBmxSYXUEO9tYBUp6XaA22,15,1771465886340533000,1771465886334435000,70,Insert,s,71,Cestujeme autom ale musime ist pomaly lebo napadlo vela snehu a cesty s
wL7w4dmBmxSYXUEO9tYBUp6XaA22,15,1771465886687283000,1771465886680202000,71,Insert,u,72,Cestujeme autom ale musime ist pomaly lebo napadlo vela snehu a cesty su
wL7w4dmBmxSYXUEO9tYBUp6XaA22,15,1771465887114476000,1771465887106456000,72,Insert, ,73,Cestujeme autom ale musime ist pomaly lebo napadlo vela snehu a cesty su 
wL7w4dmBmxSYXUEO9tYBUp6XaA22,15,1771465887451704000,1771465887445093000,73,Insert,z,74,Cestujeme autom ale musime ist pomaly lebo napadlo vela snehu a cesty su z
wL7w4dmBmxSYXUEO9tYBUp6XaA22,15,1771465887758535000,1771465887752157000,74,Insert,l,75,Cestujeme autom ale musime ist pomaly lebo napadlo vela snehu a cesty su zl
