UserId,RoundId,TimestampAfterNs,TimestampBeforeNs,ContentLengthBefore,ActionType,KeyChar,CursorPosition,InputContent
zADTuV7nEORpOPqPqjLYGgZyVUD3,1,1770917409327272000,1770917409299023000,0,Insert,F,1,F
zADTuV7nEORpOPqPqjLYGgZyVUD3,1,1770917410568798000,1770917410565620000,1,Delete,F,0,
zADTuV7nEORpOPqPqjLYGgZyVUD3,1,1770917411580659000,1770917411575969000,0,Insert,D,1,D
zADTuV7nEORpOPqPqjLYGgZyVUD3,1,1770917412609818000,1770917412605021000,1,Insert,n,2,Dn
zADTuV7nEORpOPqPqjLYGgZyVUD3,1,1770917413196691000,1770917413189082000,2,Insert,e,3,Dne
zADTuV7nEORpOPqPqjLYGgZyVUD3,1,1770917413442938000,1770917413437268000,3,Insert,s,4,Dnes
zADTuV7nEORpOPqPqjLYGgZyVUD3,1,1770917414492351000,1770917414481804000,4,Insert, ,5,Dnes 
zADTuV7nEORpOPqPqjLYGgZyVUD3,1,1770917414949332000,1770917414942140000,5,Insert,j,6,Dnes j
zADTuV7nEORpOPqPqjLYGgZyVUD3,1,1770917415319749000,1770917415312533000,6,Insert,e,7,Dnes je
zADTuV7nEORpOPqPqjLYGgZyVUD3,1,1770917416308392000,1770917416303691000,7,Insert, ,8,Dnes je 
zADTuV7nEORpOPqPqjLYGgZyVUD3,1,1770917419323200000,1770917419314568000,8,Insert,c,9,Dnes je c
zADTuV7nEORpOPqPqjLYGgZyVUD3,1,1770917419570294000,1770917419563250000,9,Insert,o,10,Dnes je co
zADTuV7nEORpOPqPqjLYGgZyVUD3,1,1770917419906568000,1770917419899415000,10,Insert,n,11,Dnes je con
zADTuV7nEORpOPqPqjLYGgZyVUD3,1,1770917420781139000,1770917420776013000,11,Delete,n,10,Dnes je co
zADTuV7nEORpOPqPqjLYGgZyVUD3,1,1770917420924699000,1770917420921887000,10,Delete,o,9,Dnes je c
zADTuV7nEORpOPqPqjLYGgZyVUD3,1,1770917421247485000,1770917421242706000,9,Delete,c,8,Dnes je 
zADTuV7nEORpOPqPqjLYGgZyVUD3,1,1770917422987651000,1770917422975639000,8,Insert,v,9,Dnes je v
zADTuV7nEORpOPqPqjLYGgZyVUD3,1,1770917423225445000,1770917423220659000,9,Insert,o,10,Dnes je vo
zADTuV7nEORpOPqPqjLYGgZyVUD3,1,1770917423615683000,1770917423608846000,10,Insert,n,11,Dnes je von
zADTuV7nEORpOPqPqjLYGgZyVUD3,1,1770917423906498000,1770917423898452000,11,Insert,k,12,Dnes je vonk
zADTuV7nEORpOPqPqjLYGgZyVUD3,1,1770917424812216000,1770917424804064000,12,Insert,u,13,Dnes je vonku
zADTuV7nEORpOPqPqjLYGgZyVUD3,1,1770917426720898000,1770917426715883000,13,Insert, ,14,Dnes je vonku 
zADTuV7nEORpOPqPqjLYGgZyVUD3,1,1770917427168238000,1770917427157453000,14,Insert,p,15,Dnes je vonku p
zADTuV7nEORpOPqPqjLYGgZyVUD3,1,1770917427606311000,1770917427599003000,15,Insert,e,16,Dnes je vonku pe
zADTuV7nEORpOPqPqjLYGgZyVUD3,1,1770917428204350000,1770917428198749000,16,Insert,k,17,Dnes je vonku pek
zADTuV7nEORpOPqPqjLYGgZyVUD3,1,1770917428464136000,1770917428459300000,17,Insert,n,18,Dnes je vonku pekn
zADTuV7nEORpOPqPqjLYGgZyVUD3,1,1770917428899730000,1770917428894711000,18,Insert,e,19,Dnes je vonku pekne
zADTuV7nEORpOPqPqjLYGgZyVUD3,1,1770917432511697000,1770917432503375000,19,Insert,",",20,"Dnes je vonku pekne,"
zADTuV7nEORpOPqPqjLYGgZyVUD3,1,1770917433771979000,1770917433762661000,20,Insert, ,21,"Dnes je vonku pekne, "
zADTuV7nEORpOPqPqjLYGgZyVUD3,1,1770917434351851000,1770917434347154000,21,Insert,i,22,"Dnes je vonku pekne, i"
zADTuV7nEORpOPqPqjLYGgZyVUD3,1,1770917434717148000,1770917434709951000,22,Insert,d,23,"Dnes je vonku pekne, id"
zADTuV7nEORpOPqPqjLYGgZyVUD3,1,1770917434889427000,1770917434885029000,23,Insert,e,24,"Dnes je vonku pekne, ide"
zADTuV7nEORpOPqPqjLYGgZyVUD3,1,1770917435756156000,1770917435741275000,24,Insert,m,25,"Dnes je vonku pekne, idem"
zADTuV7nEORpOPqPqjLYGgZyVUD3,1,1770917435967996000,1770917435959078000,25,Insert, ,26,"Dnes je vonku pekne, idem "
zADTuV7nEORpOPqPqjLYGgZyVUD3,1,1770917436250702000,1770917436243648000,26,Insert,v,27,"Dnes je vonku pekne, idem v"
zADTuV7nEORpOPqPqjLYGgZyVUD3,1,1770917436620239000,1770917436613250000,27,Insert,o,28,"Dnes je vonku pekne, idem vo"
zADTuV7nEORpOPqPqjLYGgZyVUD3,1,1770917436963538000,1770917436959126000,28,Insert,m,29,"Dnes je vonku pekne, idem vom"
zADTuV7nEORpOPqPqjLYGgZyVUD3,1,1770917438215079000,1770917438203731000,29,Insert, ,30,"Dnes je vonku pekne, idem vom "
zADTuV7nEORpOPqPqjLYGgZyVUD3,1,1770917438770091000,1770917438765438000,30,Insert,s,31,"Dnes je vonku pekne, idem vom s"
zADTuV7nEORpOPqPqjLYGgZyVUD3,1,1770917438976343000,1770917438971561000,31,Insert,o,32,"Dnes je vonku pekne, idem vom so"
zADTuV7nEORpOPqPqjLYGgZyVUD3,1,1770917440013247000,1770917440004599000,32,Insert, ,33,"Dnes je vonku pekne, idem vom so "
zADTuV7nEORpOPqPqjLYGgZyVUD3,1,1770917441365889000,1770917441358250000,33,Insert,p,34,"Dnes je vonku pekne, idem vom so p"
zADTuV7nEORpOPqPqjLYGgZyVUD3,1,1770917441828436000,1770917441821406000,34,Insert,s,35,"Dnes je vonku pekne, idem vom so ps"
zADTuV7nEORpOPqPqjLYGgZyVUD3,1,1770917442002414000,1770917441997519000,35,Insert,o,36,"Dnes je vonku pekne, idem vom so pso"
zADTuV7nEORpOPqPqjLYGgZyVUD3,1,1770917443034362000,1770917443021891000,36,Insert,m,37,"Dnes je vonku pekne, idem vom so psom"
zADTuV7nEORpOPqPqjLYGgZyVUD3,1,1770917444019702000,1770917444010284000,37,Insert, ,38,"Dnes je vonku pekne, idem vom so psom "
zADTuV7nEORpOPqPqjLYGgZyVUD3,1,1770917444267920000,1770917444261409000,38,Insert,n,39,"Dnes je vonku pekne, idem vom so psom n"
zADTuV7nEORpOPqPqjLYGgZyVUD3,1,1770917444643666000,1770917444638240000,39,Insert,a,40,"Dnes je vonku pekne, idem vom so psom na"
zADTuV7nEORpOPqPqjLYGgZyVUD3,1,1770917444826117000,1770917444820194000,40,Insert, ,41,"Dnes je vonku pekne, idem vom so psom na "
zADTuV7nEORpOPqPqjLYGgZyVUD3,1,1770917445637849000,1770917445625991000,41,Insert,d,42,"Dnes je vonku pekne, idem vom so psom na d"
zADTuV7nEORpOPqPqjLYGgZyVUD3,1,1770917445943920000,1770917445936994000,42,Insert,v,43,"Dnes je vonku pekne, idem vom so psom na dv"
zADTuV7nEORpOPqPqjLYGgZyVUD3,1,1770917446358904000,1770917446351893000,43,Insert,o,44,"Dnes je vonku pekne, idem vom so psom na dvo"
zADTuV7nEORpOPqPqjLYGgZyVUD3,1,1770917446752848000,1770917446748010000,44,Insert,r,45,"Dnes je vonku pekne, idem vom so psom na dvor"
zADTuV7nEORpOPqPqjLYGgZyVUD3,1,1770917448331607000,1770917448325629000,45,Insert, ,46,"Dnes je vonku pekne, idem vom so psom na dvor "
zADTuV7nEORpOPqPqjLYGgZyVUD3,1,1770917448854248000,1770917448846622000,46,Insert,a,47,"Dnes je vonku pekne, idem vom so psom na dvor a"
zADTuV7nEORpOPqPqjLYGgZyVUD3,1,1770917449273827000,1770917449268574000,47,Insert, ,48,"Dnes je vonku pekne, idem vom so psom na dvor a "
zADTuV7nEORpOPqPqjLYGgZyVUD3,1,1770917450485518000,1770917450477042000,48,Insert,b,49,"Dnes je vonku pekne, idem vom so psom na dvor a b"
zADTuV7nEORpOPqPqjLYGgZyVUD3,1,1770917450812024000,1770917450802828000,49,Insert,u,50,"Dnes je vonku pekne, idem vom so psom na dvor a bu"
zADTuV7nEORpOPqPqjLYGgZyVUD3,1,1770917451141561000,1770917451136053000,50,Insert,d,51,"Dnes je vonku pekne, idem vom so psom na dvor a bud"
zADTuV7nEORpOPqPqjLYGgZyVUD3,1,1770917451442530000,1770917451437103000,51,Insert,e,52,"Dnes je vonku pekne, idem vom so psom na dvor a bude"
zADTuV7nEORpOPqPqjLYGgZyVUD3,1,1770917452259478000,1770917452249816000,52,Insert,m,53,"Dnes je vonku pekne, idem vom so psom na dvor a budem"
zADTuV7nEORpOPqPqjLYGgZyVUD3,1,1770917452586097000,1770917452580273000,53,Insert, ,54,"Dnes je vonku pekne, idem vom so psom na dvor a budem "
zADTuV7nEORpOPqPqjLYGgZyVUD3,1,1770917455488491000,1770917455482961000,54,Insert,t,55,"Dnes je vonku pekne, idem vom so psom na dvor a budem t"
zADTuV7nEORpOPqPqjLYGgZyVUD3,1,1770917455896941000,1770917455889344000,55,Insert,a,56,"Dnes je vonku pekne, idem vom so psom na dvor a budem ta"
zADTuV7nEORpOPqPqjLYGgZyVUD3,1,1770917456271558000,1770917456264607000,56,Insert,m,57,"Dnes je vonku pekne, idem vom so psom na dvor a budem tam"
zADTuV7nEORpOPqPqjLYGgZyVUD3,1,1770917456599351000,1770917456590915000,57,Insert, ,58,"Dnes je vonku pekne, idem vom so psom na dvor a budem tam "
zADTuV7nEORpOPqPqjLYGgZyVUD3,1,1770917457890977000,1770917457886045000,58,Insert,a,59,"Dnes je vonku pekne, idem vom so psom na dvor a budem tam a"
zADTuV7nEORpOPqPqjLYGgZyVUD3,1,1770917458184016000,1770917458174322000,59,Insert,a,60,"Dnes je vonku pekne, idem vom so psom na dvor a budem tam aa"
zADTuV7nEORpOPqPqjLYGgZyVUD3,1,1770917458853534000,1770917458843358000,60,Insert,i,61,"Dnes je vonku pekne, idem vom so psom na dvor a budem tam aai"
zADTuV7nEORpOPqPqjLYGgZyVUD3,1,1770917460401354000,1770917460397501000,61,Delete,i,60,"Dnes je vonku pekne, idem vom so psom na dvor a budem tam aa"
zADTuV7nEORpOPqPqjLYGgZyVUD3,1,1770917460549843000,1770917460547183000,60,Delete,a,59,"Dnes je vonku pekne, idem vom so psom na dvor a budem tam a"
zADTuV7nEORpOPqPqjLYGgZyVUD3,1,1770917461281332000,1770917461271452000,59,Insert,s,60,"Dnes je vonku pekne, idem vom so psom na dvor a budem tam as"
zADTuV7nEORpOPqPqjLYGgZyVUD3,1,1770917461817886000,1770917461813302000,60,Insert,i,61,"Dnes je vonku pekne, idem vom so psom na dvor a budem tam asi"
zADTuV7nEORpOPqPqjLYGgZyVUD3,1,1770917462659809000,1770917462651098000,61,Insert, ,62,"Dnes je vonku pekne, idem vom so psom na dvor a budem tam asi "
zADTuV7nEORpOPqPqjLYGgZyVUD3,1,1770917464378552000,1770917464372736000,62,Insert,h,63,"Dnes je vonku pekne, idem vom so psom na dvor a budem tam asi h"
zADTuV7nEORpOPqPqjLYGgZyVUD3,1,1770917464723458000,1770917464718378000,63,Insert,o,64,"Dnes je vonku pekne, idem vom so psom na dvor a budem tam asi ho"
zADTuV7nEORpOPqPqjLYGgZyVUD3,1,1770917465245693000,1770917465240420000,64,Insert,d,65,"Dnes je vonku pekne, idem vom so psom na dvor a budem tam asi hod"
zADTuV7nEORpOPqPqjLYGgZyVUD3,1,1770917465710626000,1770917465704391000,65,Insert,i,66,"Dnes je vonku pekne, idem vom so psom na dvor a budem tam asi hodi"
zADTuV7nEORpOPqPqjLYGgZyVUD3,1,1770917466095217000,1770917466087756000,66,Insert,n,67,"Dnes je vonku pekne, idem vom so psom na dvor a budem tam asi hodin"
zADTuV7nEORpOPqPqjLYGgZyVUD3,1,1770917466410101000,1770917466405071000,67,Insert,u,68,"Dnes je vonku pekne, idem vom so psom na dvor a budem tam asi hodinu"
zADTuV7nEORpOPqPqjLYGgZyVUD3,1,1770917467545840000,1770917467537329000,68,Insert,",",69,"Dnes je vonku pekne, idem vom so psom na dvor a budem tam asi hodinu,"
zADTuV7nEORpOPqPqjLYGgZyVUD3,1,1770917470383583000,1770917470370928000,69,Insert, ,70,"Dnes je vonku pekne, idem vom so psom na dvor a budem tam asi hodinu, "
zADTuV7nEORpOPqPqjLYGgZyVUD3,1,1770917471209750000,1770917471196706000,70,Insert,b,71,"Dnes je vonku pekne, idem vom so psom na dvor a budem tam asi hodinu, b"
zADTuV7nEORpOPqPqjLYGgZyVUD3,1,1770917471465468000,1770917471457731000,71,Insert,u,72,"Dnes je vonku pekne, idem vom so psom na dvor a budem tam asi hodinu, bu"
zADTuV7nEORpOPqPqjLYGgZyVUD3,1,1770917471813249000,1770917471807882000,72,Insert,d,73,"Dnes je vonku pekne, idem vom so psom na dvor a budem tam asi hodinu, bud"
zADTuV7nEORpOPqPqjLYGgZyVUD3,1,1770917471992469000,1770917471986481000,73,Insert,e,74,"Dnes je vonku pekne, idem vom so psom na dvor a budem tam asi hodinu, bude"
zADTuV7nEORpOPqPqjLYGgZyVUD3,1,1770917473457507000,1770917473447625000,74,Insert, ,75,"Dnes je vonku pekne, idem vom so psom na dvor a budem tam asi hodinu, bude "
zADTuV7nEORpOPqPqjLYGgZyVUD3,2,1770917506699418000,1770917506689620000,0,Insert,D,1,D
zADTuV7nEORpOPqPqjLYGgZyVUD3,2,1770917507771852000,1770917507765133000,1,Insert,n,2,Dn
zADTuV7nEORpOPqPqjLYGgZyVUD3,2,1770917508160476000,1770917508152223000,2,Insert,e,3,Dne
zADTuV7nEORpOPqPqjLYGgZyVUD3,2,1770917508413131000,1770917508405712000,3,Insert,s,4,Dnes
zADTuV7nEORpOPqPqjLYGgZyVUD3,2,1770917509047990000,1770917509038149000,4,Insert, ,5,Dnes 
zADTuV7nEORpOPqPqjLYGgZyVUD3,2,1770917509419899000,1770917509412842000,5,Insert,j,6,Dnes j
zADTuV7nEORpOPqPqjLYGgZyVUD3,2,1770917510269929000,1770917510258884000,6,Insert,e,7,Dnes je
zADTuV7nEORpOPqPqjLYGgZyVUD3,2,1770917510595554000,1770917510586045000,7,Insert, ,8,Dnes je 
zADTuV7nEORpOPqPqjLYGgZyVUD3,2,1770917511788397000,1770917511779050000,8,Insert,c,9,Dnes je c
zADTuV7nEORpOPqPqjLYGgZyVUD3,2,1770917512074043000,1770917512066769000,9,Insert,o,10,Dnes je co
zADTuV7nEORpOPqPqjLYGgZyVUD3,2,1770917512427351000,1770917512419287000,10,Insert,n,11,Dnes je con
zADTuV7nEORpOPqPqjLYGgZyVUD3,2,1770917512659199000,1770917512652615000,11,Insert,k,12,Dnes je conk
zADTuV7nEORpOPqPqjLYGgZyVUD3,2,1770917512911680000,1770917512906375000,12,Insert,u,13,Dnes je conku
zADTuV7nEORpOPqPqjLYGgZyVUD3,2,1770917513836809000,1770917513832056000,13,Delete,u,12,Dnes je conk
zADTuV7nEORpOPqPqjLYGgZyVUD3,2,1770917514017674000,1770917514014314000,12,Delete,k,11,Dnes je con
zADTuV7nEORpOPqPqjLYGgZyVUD3,2,1770917514176945000,1770917514174033000,11,Delete,n,10,Dnes je co
zADTuV7nEORpOPqPqjLYGgZyVUD3,2,1770917514341352000,1770917514338364000,10,Delete,o,9,Dnes je c
zADTuV7nEORpOPqPqjLYGgZyVUD3,2,1770917514511430000,1770917514508609000,9,Delete,c,8,Dnes je 
zADTuV7nEORpOPqPqjLYGgZyVUD3,2,1770917515435775000,1770917515426085000,8,Insert,v,9,Dnes je v
zADTuV7nEORpOPqPqjLYGgZyVUD3,2,1770917515685196000,1770917515677001000,9,Insert,o,10,Dnes je vo
zADTuV7nEORpOPqPqjLYGgZyVUD3,2,1770917516012304000,1770917516007835000,10,Insert,n,11,Dnes je von
zADTuV7nEORpOPqPqjLYGgZyVUD3,2,1770917516218779000,1770917516214527000,11,Insert,k,12,Dnes je vonk
zADTuV7nEORpOPqPqjLYGgZyVUD3,2,1770917516457112000,1770917516452751000,12,Insert,u,13,Dnes je vonku
zADTuV7nEORpOPqPqjLYGgZyVUD3,2,1770917517247321000,1770917517237502000,13,Insert, ,14,Dnes je vonku 
zADTuV7nEORpOPqPqjLYGgZyVUD3,2,1770917517641012000,1770917517634502000,14,Insert,p,15,Dnes je vonku p
zADTuV7nEORpOPqPqjLYGgZyVUD3,2,1770917518057042000,1770917518045407000,15,Insert,e,16,Dnes je vonku pe
zADTuV7nEORpOPqPqjLYGgZyVUD3,2,1770917518238875000,1770917518234447000,16,Insert,k,17,Dnes je vonku pek
zADTuV7nEORpOPqPqjLYGgZyVUD3,2,1770917518514744000,1770917518508682000,17,Insert,n,18,Dnes je vonku pekn
zADTuV7nEORpOPqPqjLYGgZyVUD3,2,1770917518870313000,1770917518860905000,18,Insert,e,19,Dnes je vonku pekne
zADTuV7nEORpOPqPqjLYGgZyVUD3,2,1770917521195302000,1770917521186483000,19,Insert,",",20,"Dnes je vonku pekne,"
zADTuV7nEORpOPqPqjLYGgZyVUD3,2,1770917521809397000,1770917521798286000,20,Insert, ,21,"Dnes je vonku pekne, "
zADTuV7nEORpOPqPqjLYGgZyVUD3,2,1770917522751427000,1770917522743262000,21,Insert,i,22,"Dnes je vonku pekne, i"
zADTuV7nEORpOPqPqjLYGgZyVUD3,2,1770917523171288000,1770917523164037000,22,Insert,d,23,"Dnes je vonku pekne, id"
zADTuV7nEORpOPqPqjLYGgZyVUD3,2,1770917523451203000,1770917523441161000,23,Insert,e,24,"Dnes je vonku pekne, ide"
zADTuV7nEORpOPqPqjLYGgZyVUD3,2,1770917524123696000,1770917524113474000,24,Insert,m,25,"Dnes je vonku pekne, idem"
zADTuV7nEORpOPqPqjLYGgZyVUD3,2,1770917524453509000,1770917524448063000,25,Insert, ,26,"Dnes je vonku pekne, idem "
zADTuV7nEORpOPqPqjLYGgZyVUD3,2,1770917525615023000,1770917525602938000,26,Insert,c,27,"Dnes je vonku pekne, idem c"
zADTuV7nEORpOPqPqjLYGgZyVUD3,2,1770917525790406000,1770917525783592000,27,Insert,o,28,"Dnes je vonku pekne, idem co"
zADTuV7nEORpOPqPqjLYGgZyVUD3,2,1770917526118694000,1770917526112399000,28,Insert,n,29,"Dnes je vonku pekne, idem con"
zADTuV7nEORpOPqPqjLYGgZyVUD3,2,1770917526976487000,1770917526971632000,29,Delete,n,28,"Dnes je vonku pekne, idem co"
zADTuV7nEORpOPqPqjLYGgZyVUD3,2,1770917527169692000,1770917527166689000,28,Delete,o,27,"Dnes je vonku pekne, idem c"
zADTuV7nEORpOPqPqjLYGgZyVUD3,2,1770917527321709000,1770917527318555000,27,Delete,c,26,"Dnes je vonku pekne, idem "
zADTuV7nEORpOPqPqjLYGgZyVUD3,2,1770917527900136000,1770917527895355000,26,Insert,v,27,"Dnes je vonku pekne, idem v"
zADTuV7nEORpOPqPqjLYGgZyVUD3,2,1770917528249883000,1770917528242270000,27,Insert,o,28,"Dnes je vonku pekne, idem vo"
zADTuV7nEORpOPqPqjLYGgZyVUD3,2,1770917528601286000,1770917528596821000,28,Insert,n,29,"Dnes je vonku pekne, idem von"
zADTuV7nEORpOPqPqjLYGgZyVUD3,2,1770917528836372000,1770917528827509000,29,Insert, ,30,"Dnes je vonku pekne, idem von "
zADTuV7nEORpOPqPqjLYGgZyVUD3,2,1770917529139322000,1770917529129486000,30,Insert,s,31,"Dnes je vonku pekne, idem von s"
zADTuV7nEORpOPqPqjLYGgZyVUD3,2,1770917529326104000,1770917529321696000,31,Insert,o,32,"Dnes je vonku pekne, idem von so"
zADTuV7nEORpOPqPqjLYGgZyVUD3,2,1770917530828464000,1770917530817867000,32,Insert, ,33,"Dnes je vonku pekne, idem von so "
zADTuV7nEORpOPqPqjLYGgZyVUD3,2,1770917531266277000,1770917531256124000,33,Insert,p,34,"Dnes je vonku pekne, idem von so p"
zADTuV7nEORpOPqPqjLYGgZyVUD3,2,1770917531664099000,1770917531652166000,34,Insert,s,35,"Dnes je vonku pekne, idem von so ps"
zADTuV7nEORpOPqPqjLYGgZyVUD3,2,1770917533247572000,1770917533239446000,35,Insert,o,36,"Dnes je vonku pekne, idem von so pso"
zADTuV7nEORpOPqPqjLYGgZyVUD3,2,1770917533644645000,1770917533636165000,36,Insert,m,37,"Dnes je vonku pekne, idem von so psom"
zADTuV7nEORpOPqPqjLYGgZyVUD3,2,1770917535286248000,1770917535269482000,37,Insert, ,38,"Dnes je vonku pekne, idem von so psom "
zADTuV7nEORpOPqPqjLYGgZyVUD3,2,1770917535556938000,1770917535548822000,38,Insert,n,39,"Dnes je vonku pekne, idem von so psom n"
zADTuV7nEORpOPqPqjLYGgZyVUD3,2,1770917535891276000,1770917535884034000,39,Insert,a,40,"Dnes je vonku pekne, idem von so psom na"
zADTuV7nEORpOPqPqjLYGgZyVUD3,2,1770917536133570000,1770917536125894000,40,Insert, ,41,"Dnes je vonku pekne, idem von so psom na "
zADTuV7nEORpOPqPqjLYGgZyVUD3,2,1770917537378267000,1770917537370460000,41,Insert,d,42,"Dnes je vonku pekne, idem von so psom na d"
zADTuV7nEORpOPqPqjLYGgZyVUD3,2,1770917537714189000,1770917537704482000,42,Insert,v,43,"Dnes je vonku pekne, idem von so psom na dv"
zADTuV7nEORpOPqPqjLYGgZyVUD3,2,1770917538839186000,1770917538834201000,43,Insert,o,44,"Dnes je vonku pekne, idem von so psom na dvo"
zADTuV7nEORpOPqPqjLYGgZyVUD3,2,1770917539402561000,1770917539392010000,44,Insert,r,45,"Dnes je vonku pekne, idem von so psom na dvor"
zADTuV7nEORpOPqPqjLYGgZyVUD3,2,1770917540519674000,1770917540507615000,45,Insert, ,46,"Dnes je vonku pekne, idem von so psom na dvor "
zADTuV7nEORpOPqPqjLYGgZyVUD3,2,1770917541497967000,1770917541487980000,46,Insert,a,47,"Dnes je vonku pekne, idem von so psom na dvor a"
zADTuV7nEORpOPqPqjLYGgZyVUD3,2,1770917541815071000,1770917541807387000,47,Insert, ,48,"Dnes je vonku pekne, idem von so psom na dvor a "
zADTuV7nEORpOPqPqjLYGgZyVUD3,2,1770917542583790000,1770917542575377000,48,Insert,b,49,"Dnes je vonku pekne, idem von so psom na dvor a b"
zADTuV7nEORpOPqPqjLYGgZyVUD3,2,1770917542907120000,1770917542898544000,49,Insert,u,50,"Dnes je vonku pekne, idem von so psom na dvor a bu"
zADTuV7nEORpOPqPqjLYGgZyVUD3,2,1770917543353956000,1770917543348121000,50,Insert,d,51,"Dnes je vonku pekne, idem von so psom na dvor a bud"
zADTuV7nEORpOPqPqjLYGgZyVUD3,2,1770917543628506000,1770917543617191000,51,Insert,e,52,"Dnes je vonku pekne, idem von so psom na dvor a bude"
zADTuV7nEORpOPqPqjLYGgZyVUD3,2,1770917544381178000,1770917544376389000,52,Insert,m,53,"Dnes je vonku pekne, idem von so psom na dvor a budem"
zADTuV7nEORpOPqPqjLYGgZyVUD3,2,1770917544646377000,1770917544635679000,53,Insert, ,54,"Dnes je vonku pekne, idem von so psom na dvor a budem "
zADTuV7nEORpOPqPqjLYGgZyVUD3,2,1770917545290069000,1770917545283256000,54,Insert,t,55,"Dnes je vonku pekne, idem von so psom na dvor a budem t"
zADTuV7nEORpOPqPqjLYGgZyVUD3,2,1770917545601966000,1770917545595303000,55,Insert,a,56,"Dnes je vonku pekne, idem von so psom na dvor a budem ta"
zADTuV7nEORpOPqPqjLYGgZyVUD3,2,1770917545837957000,1770917545832345000,56,Insert,m,57,"Dnes je vonku pekne, idem von so psom na dvor a budem tam"
zADTuV7nEORpOPqPqjLYGgZyVUD3,2,1770917546310386000,1770917546304327000,57,Insert, ,58,"Dnes je vonku pekne, idem von so psom na dvor a budem tam "
zADTuV7nEORpOPqPqjLYGgZyVUD3,2,1770917546987467000,1770917546982796000,58,Insert,a,59,"Dnes je vonku pekne, idem von so psom na dvor a budem tam a"
zADTuV7nEORpOPqPqjLYGgZyVUD3,2,1770917547237691000,1770917547230141000,59,Insert,a,60,"Dnes je vonku pekne, idem von so psom na dvor a budem tam aa"
zADTuV7nEORpOPqPqjLYGgZyVUD3,2,1770917547455110000,1770917547447583000,60,Insert,i,61,"Dnes je vonku pekne, idem von so psom na dvor a budem tam aai"
zADTuV7nEORpOPqPqjLYGgZyVUD3,2,1770917548169019000,1770917548163492000,61,Delete,i,60,"Dnes je vonku pekne, idem von so psom na dvor a budem tam aa"
zADTuV7nEORpOPqPqjLYGgZyVUD3,2,1770917548351927000,1770917548347096000,60,Delete,a,59,"Dnes je vonku pekne, idem von so psom na dvor a budem tam a"
zADTuV7nEORpOPqPqjLYGgZyVUD3,2,1770917549086263000,1770917549069632000,59,Insert,s,60,"Dnes je vonku pekne, idem von so psom na dvor a budem tam as"
zADTuV7nEORpOPqPqjLYGgZyVUD3,2,1770917549395762000,1770917549387593000,60,Insert,i,61,"Dnes je vonku pekne, idem von so psom na dvor a budem tam asi"
zADTuV7nEORpOPqPqjLYGgZyVUD3,2,1770917550079529000,1770917550067187000,61,Insert, ,62,"Dnes je vonku pekne, idem von so psom na dvor a budem tam asi "
zADTuV7nEORpOPqPqjLYGgZyVUD3,2,1770917550451739000,1770917550445139000,62,Insert,h,63,"Dnes je vonku pekne, idem von so psom na dvor a budem tam asi h"
zADTuV7nEORpOPqPqjLYGgZyVUD3,2,1770917550819837000,1770917550813314000,63,Insert,o,64,"Dnes je vonku pekne, idem von so psom na dvor a budem tam asi ho"
zADTuV7nEORpOPqPqjLYGgZyVUD3,2,1770917551223595000,1770917551216343000,64,Insert,d,65,"Dnes je vonku pekne, idem von so psom na dvor a budem tam asi hod"
zADTuV7nEORpOPqPqjLYGgZyVUD3,2,1770917551664737000,1770917551659043000,65,Insert,i,66,"Dnes je vonku pekne, idem von so psom na dvor a budem tam asi hodi"
zADTuV7nEORpOPqPqjLYGgZyVUD3,2,1770917552006554000,1770917551997770000,66,Insert,n,67,"Dnes je vonku pekne, idem von so psom na dvor a budem tam asi hodin"
zADTuV7nEORpOPqPqjLYGgZyVUD3,2,1770917552318218000,1770917552313231000,67,Insert,u,68,"Dnes je vonku pekne, idem von so psom na dvor a budem tam asi hodinu"
zADTuV7nEORpOPqPqjLYGgZyVUD3,2,1770917554506534000,1770917554496602000,68,Insert,",",69,"Dnes je vonku pekne, idem von so psom na dvor a budem tam asi hodinu,"
zADTuV7nEORpOPqPqjLYGgZyVUD3,2,1770917558038388000,1770917558029689000,69,Insert, ,70,"Dnes je vonku pekne, idem von so psom na dvor a budem tam asi hodinu, "
zADTuV7nEORpOPqPqjLYGgZyVUD3,2,1770917558728983000,1770917558724196000,70,Insert,b,71,"Dnes je vonku pekne, idem von so psom na dvor a budem tam asi hodinu, b"
zADTuV7nEORpOPqPqjLYGgZyVUD3,2,1770917559088432000,1770917559080003000,71,Insert,u,72,"Dnes je vonku pekne, idem von so psom na dvor a budem tam asi hodinu, bu"
zADTuV7nEORpOPqPqjLYGgZyVUD3,2,1770917559410859000,1770917559402746000,72,Insert,d,73,"Dnes je vonku pekne, idem von so psom na dvor a budem tam asi hodinu, bud"
zADTuV7nEORpOPqPqjLYGgZyVUD3,2,1770917559577428000,1770917559572195000,73,Insert,e,74,"Dnes je vonku pekne, idem von so psom na dvor a budem tam asi hodinu, bude"
zADTuV7nEORpOPqPqjLYGgZyVUD3,2,1770917560337949000,1770917560330098000,74,Insert, ,75,"Dnes je vonku pekne, idem von so psom na dvor a budem tam asi hodinu, bude "
zADTuV7nEORpOPqPqjLYGgZyVUD3,3,1770917566904378000,1770917566900040000,0,Insert,D,1,D
zADTuV7nEORpOPqPqjLYGgZyVUD3,3,1770917567351374000,1770917567342508000,1,Insert,n,2,Dn
zADTuV7nEORpOPqPqjLYGgZyVUD3,3,1770917567684319000,1770917567678306000,2,Insert,e,3,Dne
zADTuV7nEORpOPqPqjLYGgZyVUD3,3,1770917567955502000,1770917567945207000,3,Insert,s,4,Dnes
zADTuV7nEORpOPqPqjLYGgZyVUD3,3,1770917568319186000,1770917568309521000,4,Insert, ,5,Dnes 
zADTuV7nEORpOPqPqjLYGgZyVUD3,3,1770917568960006000,1770917568947683000,5,Insert,j,6,Dnes j
zADTuV7nEORpOPqPqjLYGgZyVUD3,3,1770917569310644000,1770917569300456000,6,Insert,e,7,Dnes je
zADTuV7nEORpOPqPqjLYGgZyVUD3,3,1770917569487796000,1770917569481825000,7,Insert, ,8,Dnes je 
zADTuV7nEORpOPqPqjLYGgZyVUD3,3,1770917570259078000,1770917570248659000,8,Insert,v,9,Dnes je v
zADTuV7nEORpOPqPqjLYGgZyVUD3,3,1770917570527645000,1770917570520140000,9,Insert,o,10,Dnes je vo
zADTuV7nEORpOPqPqjLYGgZyVUD3,3,1770917571279741000,1770917571266606000,10,Insert,n,11,Dnes je von
zADTuV7nEORpOPqPqjLYGgZyVUD3,3,1770917571507941000,1770917571501072000,11,Insert,k,12,Dnes je vonk
zADTuV7nEORpOPqPqjLYGgZyVUD3,3,1770917571744377000,1770917571737333000,12,Insert,u,13,Dnes je vonku
zADTuV7nEORpOPqPqjLYGgZyVUD3,3,1770917572128927000,1770917572120818000,13,Insert, ,14,Dnes je vonku 
zADTuV7nEORpOPqPqjLYGgZyVUD3,3,1770917572631911000,1770917572623989000,14,Insert,p,15,Dnes je vonku p
zADTuV7nEORpOPqPqjLYGgZyVUD3,3,1770917573039202000,1770917573031158000,15,Insert,e,16,Dnes je vonku pe
zADTuV7nEORpOPqPqjLYGgZyVUD3,3,1770917573245411000,1770917573237465000,16,Insert,k,17,Dnes je vonku pek
zADTuV7nEORpOPqPqjLYGgZyVUD3,3,1770917573475194000,1770917573466871000,17,Insert,n,18,Dnes je vonku pekn
zADTuV7nEORpOPqPqjLYGgZyVUD3,3,1770917573818564000,1770917573808417000,18,Insert,e,19,Dnes je vonku pekne
zADTuV7nEORpOPqPqjLYGgZyVUD3,3,1770917575231792000,1770917575224235000,19,Insert,",",20,"Dnes je vonku pekne,"
zADTuV7nEORpOPqPqjLYGgZyVUD3,3,1770917577886084000,1770917577877582000,20,Insert, ,21,"Dnes je vonku pekne, "
zADTuV7nEORpOPqPqjLYGgZyVUD3,3,1770917578261559000,1770917578257098000,21,Insert,i,22,"Dnes je vonku pekne, i"
zADTuV7nEORpOPqPqjLYGgZyVUD3,3,1770917578659714000,1770917578651219000,22,Insert,d,23,"Dnes je vonku pekne, id"
zADTuV7nEORpOPqPqjLYGgZyVUD3,3,1770917578924492000,1770917578917337000,23,Insert,e,24,"Dnes je vonku pekne, ide"
zADTuV7nEORpOPqPqjLYGgZyVUD3,3,1770917579077747000,1770917579070761000,24,Insert,m,25,"Dnes je vonku pekne, idem"
zADTuV7nEORpOPqPqjLYGgZyVUD3,3,1770917579566588000,1770917579558141000,25,Insert, ,26,"Dnes je vonku pekne, idem "
zADTuV7nEORpOPqPqjLYGgZyVUD3,3,1770917580710537000,1770917580702511000,26,Insert,v,27,"Dnes je vonku pekne, idem v"
zADTuV7nEORpOPqPqjLYGgZyVUD3,3,1770917580810952000,1770917580806258000,27,Insert,o,28,"Dnes je vonku pekne, idem vo"
zADTuV7nEORpOPqPqjLYGgZyVUD3,3,1770917581133932000,1770917581128631000,28,Insert,n,29,"Dnes je vonku pekne, idem von"
zADTuV7nEORpOPqPqjLYGgZyVUD3,3,1770917581502335000,1770917581492730000,29,Insert, ,30,"Dnes je vonku pekne, idem von "
zADTuV7nEORpOPqPqjLYGgZyVUD3,3,1770917582203269000,1770917582191435000,30,Insert,s,31,"Dnes je vonku pekne, idem von s"
zADTuV7nEORpOPqPqjLYGgZyVUD3,3,1770917582439460000,1770917582432113000,31,Insert,o,32,"Dnes je vonku pekne, idem von so"
zADTuV7nEORpOPqPqjLYGgZyVUD3,3,1770917583041940000,1770917583027976000,32,Insert, ,33,"Dnes je vonku pekne, idem von so "
zADTuV7nEORpOPqPqjLYGgZyVUD3,3,1770917583587860000,1770917583580051000,33,Insert,p,34,"Dnes je vonku pekne, idem von so p"
zADTuV7nEORpOPqPqjLYGgZyVUD3,3,1770917583922875000,1770917583915412000,34,Insert,s,35,"Dnes je vonku pekne, idem von so ps"
zADTuV7nEORpOPqPqjLYGgZyVUD3,3,1770917584114770000,1770917584110069000,35,Insert,o,36,"Dnes je vonku pekne, idem von so pso"
zADTuV7nEORpOPqPqjLYGgZyVUD3,3,1770917585246279000,1770917585236785000,36,Insert,m,37,"Dnes je vonku pekne, idem von so psom"
zADTuV7nEORpOPqPqjLYGgZyVUD3,3,1770917586172105000,1770917586166117000,37,Insert, ,38,"Dnes je vonku pekne, idem von so psom "
zADTuV7nEORpOPqPqjLYGgZyVUD3,3,1770917586432579000,1770917586422228000,38,Insert,n,39,"Dnes je vonku pekne, idem von so psom n"
zADTuV7nEORpOPqPqjLYGgZyVUD3,3,1770917586735633000,1770917586727403000,39,Insert,a,40,"Dnes je vonku pekne, idem von so psom na"
zADTuV7nEORpOPqPqjLYGgZyVUD3,3,1770917586871361000,1770917586866436000,40,Insert, ,41,"Dnes je vonku pekne, idem von so psom na "
zADTuV7nEORpOPqPqjLYGgZyVUD3,3,1770917589580726000,1770917589575666000,41,Insert,d,42,"Dnes je vonku pekne, idem von so psom na d"
zADTuV7nEORpOPqPqjLYGgZyVUD3,3,1770917590111045000,1770917590106459000,42,Insert,v,43,"Dnes je vonku pekne, idem von so psom na dv"
zADTuV7nEORpOPqPqjLYGgZyVUD3,3,1770917590384221000,1770917590376714000,43,Insert,o,44,"Dnes je vonku pekne, idem von so psom na dvo"
zADTuV7nEORpOPqPqjLYGgZyVUD3,3,1770917591388491000,1770917591377916000,44,Insert,r,45,"Dnes je vonku pekne, idem von so psom na dvor"
zADTuV7nEORpOPqPqjLYGgZyVUD3,3,1770917592526157000,1770917592517350000,45,Insert, ,46,"Dnes je vonku pekne, idem von so psom na dvor "
zADTuV7nEORpOPqPqjLYGgZyVUD3,3,1770917592951008000,1770917592943618000,46,Insert,a,47,"Dnes je vonku pekne, idem von so psom na dvor a"
zADTuV7nEORpOPqPqjLYGgZyVUD3,3,1770917593090206000,1770917593084791000,47,Insert, ,48,"Dnes je vonku pekne, idem von so psom na dvor a "
zADTuV7nEORpOPqPqjLYGgZyVUD3,3,1770917594084733000,1770917594079437000,48,Insert,b,49,"Dnes je vonku pekne, idem von so psom na dvor a b"
zADTuV7nEORpOPqPqjLYGgZyVUD3,3,1770917594378508000,1770917594369342000,49,Insert,u,50,"Dnes je vonku pekne, idem von so psom na dvor a bu"
zADTuV7nEORpOPqPqjLYGgZyVUD3,3,1770917594722145000,1770917594717277000,50,Insert,d,51,"Dnes je vonku pekne, idem von so psom na dvor a bud"
zADTuV7nEORpOPqPqjLYGgZyVUD3,3,1770917594995156000,1770917594987864000,51,Insert,e,52,"Dnes je vonku pekne, idem von so psom na dvor a bude"
zADTuV7nEORpOPqPqjLYGgZyVUD3,3,1770917595229826000,1770917595221335000,52,Insert,m,53,"Dnes je vonku pekne, idem von so psom na dvor a budem"
zADTuV7nEORpOPqPqjLYGgZyVUD3,3,1770917595985184000,1770917595975259000,53,Insert, ,54,"Dnes je vonku pekne, idem von so psom na dvor a budem "
zADTuV7nEORpOPqPqjLYGgZyVUD3,3,1770917596658424000,1770917596649829000,54,Insert,t,55,"Dnes je vonku pekne, idem von so psom na dvor a budem t"
zADTuV7nEORpOPqPqjLYGgZyVUD3,3,1770917596965753000,1770917596957706000,55,Insert,a,56,"Dnes je vonku pekne, idem von so psom na dvor a budem ta"
zADTuV7nEORpOPqPqjLYGgZyVUD3,3,1770917597178529000,1770917597173965000,56,Insert,m,57,"Dnes je vonku pekne, idem von so psom na dvor a budem tam"
zADTuV7nEORpOPqPqjLYGgZyVUD3,3,1770917597510368000,1770917597501497000,57,Insert, ,58,"Dnes je vonku pekne, idem von so psom na dvor a budem tam "
zADTuV7nEORpOPqPqjLYGgZyVUD3,3,1770917598000627000,1770917597994429000,58,Insert,a,59,"Dnes je vonku pekne, idem von so psom na dvor a budem tam a"
zADTuV7nEORpOPqPqjLYGgZyVUD3,3,1770917598271452000,1770917598259597000,59,Insert,s,60,"Dnes je vonku pekne, idem von so psom na dvor a budem tam as"
zADTuV7nEORpOPqPqjLYGgZyVUD3,3,1770917599445097000,1770917599434823000,60,Insert,o,61,"Dnes je vonku pekne, idem von so psom na dvor a budem tam aso"
zADTuV7nEORpOPqPqjLYGgZyVUD3,3,1770917599856742000,1770917599844043000,61,Insert, ,62,"Dnes je vonku pekne, idem von so psom na dvor a budem tam aso "
zADTuV7nEORpOPqPqjLYGgZyVUD3,3,1770917600399766000,1770917600395029000,62,Insert,h,63,"Dnes je vonku pekne, idem von so psom na dvor a budem tam aso h"
zADTuV7nEORpOPqPqjLYGgZyVUD3,3,1770917601160432000,1770917601151737000,63,Delete,h,62,"Dnes je vonku pekne, idem von so psom na dvor a budem tam aso "
zADTuV7nEORpOPqPqjLYGgZyVUD3,3,1770917601306161000,1770917601302951000,62,Delete, ,61,"Dnes je vonku pekne, idem von so psom na dvor a budem tam aso"
zADTuV7nEORpOPqPqjLYGgZyVUD3,3,1770917601474480000,1770917601469268000,61,Delete,o,60,"Dnes je vonku pekne, idem von so psom na dvor a budem tam as"
zADTuV7nEORpOPqPqjLYGgZyVUD3,3,1770917602203284000,1770917602196448000,60,Insert,i,61,"Dnes je vonku pekne, idem von so psom na dvor a budem tam asi"
zADTuV7nEORpOPqPqjLYGgZyVUD3,3,1770917602995058000,1770917602983336000,61,Insert, ,62,"Dnes je vonku pekne, idem von so psom na dvor a budem tam asi "
zADTuV7nEORpOPqPqjLYGgZyVUD3,3,1770917603410386000,1770917603401864000,62,Insert,h,63,"Dnes je vonku pekne, idem von so psom na dvor a budem tam asi h"
zADTuV7nEORpOPqPqjLYGgZyVUD3,3,1770917603741609000,1770917603735872000,63,Insert,o,64,"Dnes je vonku pekne, idem von so psom na dvor a budem tam asi ho"
zADTuV7nEORpOPqPqjLYGgZyVUD3,3,1770917604135543000,1770917604126088000,64,Insert,s,65,"Dnes je vonku pekne, idem von so psom na dvor a budem tam asi hos"
zADTuV7nEORpOPqPqjLYGgZyVUD3,3,1770917605328241000,1770917605320781000,65,Delete,s,64,"Dnes je vonku pekne, idem von so psom na dvor a budem tam asi ho"
zADTuV7nEORpOPqPqjLYGgZyVUD3,3,1770917605717567000,1770917605710530000,64,Insert,d,65,"Dnes je vonku pekne, idem von so psom na dvor a budem tam asi hod"
zADTuV7nEORpOPqPqjLYGgZyVUD3,3,1770917605897336000,1770917605891759000,65,Insert,i,66,"Dnes je vonku pekne, idem von so psom na dvor a budem tam asi hodi"
zADTuV7nEORpOPqPqjLYGgZyVUD3,3,1770917606237708000,1770917606232952000,66,Insert,n,67,"Dnes je vonku pekne, idem von so psom na dvor a budem tam asi hodin"
zADTuV7nEORpOPqPqjLYGgZyVUD3,3,1770917606526038000,1770917606516143000,67,Insert,u,68,"Dnes je vonku pekne, idem von so psom na dvor a budem tam asi hodinu"
zADTuV7nEORpOPqPqjLYGgZyVUD3,3,1770917607470045000,1770917607459972000,68,Insert,",",69,"Dnes je vonku pekne, idem von so psom na dvor a budem tam asi hodinu,"
zADTuV7nEORpOPqPqjLYGgZyVUD3,3,1770917608762382000,1770917608742948000,69,Insert, ,70,"Dnes je vonku pekne, idem von so psom na dvor a budem tam asi hodinu, "
zADTuV7nEORpOPqPqjLYGgZyVUD3,3,1770917609174849000,1770917609167518000,70,Insert,b,71,"Dnes je vonku pekne, idem von so psom na dvor a budem tam asi hodinu, b"
zADTuV7nEORpOPqPqjLYGgZyVUD3,3,1770917609453775000,1770917609445608000,71,Insert,u,72,"Dnes je vonku pekne, idem von so psom na dvor a budem tam asi hodinu, bu"
zADTuV7nEORpOPqPqjLYGgZyVUD3,3,1770917609788360000,1770917609773793000,72,Insert,d,73,"Dnes je vonku pekne, idem von so psom na dvor a budem tam asi hodinu, bud"
zADTuV7nEORpOPqPqjLYGgZyVUD3,3,1770917609962130000,1770917609955765000,73,Insert,e,74,"Dnes je vonku pekne, idem von so psom na dvor a budem tam asi hodinu, bude"
zADTuV7nEORpOPqPqjLYGgZyVUD3,3,1770917610758489000,1770917610742033000,74,Insert, ,75,"Dnes je vonku pekne, idem von so psom na dvor a budem tam asi hodinu, bude "
zADTuV7nEORpOPqPqjLYGgZyVUD3,4,1770917616359880000,1770917616355708000,0,Insert,D,1,D
zADTuV7nEORpOPqPqjLYGgZyVUD3,4,1770917616835487000,1770917616830461000,1,Insert,n,2,Dn
zADTuV7nEORpOPqPqjLYGgZyVUD3,4,1770917617146071000,1770917617139281000,2,Insert,e,3,Dne
zADTuV7nEORpOPqPqjLYGgZyVUD3,4,1770917617436535000,1770917617427671000,3,Insert,s,4,Dnes
zADTuV7nEORpOPqPqjLYGgZyVUD3,4,1770917617890152000,1770917617881836000,4,Insert, ,5,Dnes 
zADTuV7nEORpOPqPqjLYGgZyVUD3,4,1770917618410539000,1770917618406030000,5,Insert,j,6,Dnes j
zADTuV7nEORpOPqPqjLYGgZyVUD3,4,1770917618742291000,1770917618736093000,6,Insert,e,7,Dnes je
zADTuV7nEORpOPqPqjLYGgZyVUD3,4,1770917618880597000,1770917618876264000,7,Insert, ,8,Dnes je 
zADTuV7nEORpOPqPqjLYGgZyVUD3,4,1770917619745191000,1770917619737365000,8,Insert,v,9,Dnes je v
zADTuV7nEORpOPqPqjLYGgZyVUD3,4,1770917619917209000,1770917619913069000,9,Insert,o,10,Dnes je vo
zADTuV7nEORpOPqPqjLYGgZyVUD3,4,1770917620735204000,1770917620726522000,10,Insert,n,11,Dnes je von
zADTuV7nEORpOPqPqjLYGgZyVUD3,4,1770917620956770000,1770917620949004000,11,Insert,k,12,Dnes je vonk
zADTuV7nEORpOPqPqjLYGgZyVUD3,4,1770917621153397000,1770917621149043000,12,Insert,i,13,Dnes je vonki
zADTuV7nEORpOPqPqjLYGgZyVUD3,4,1770917621940465000,1770917621933645000,13,Delete,i,12,Dnes je vonk
zADTuV7nEORpOPqPqjLYGgZyVUD3,4,1770917622233090000,1770917622224050000,12,Insert,u,13,Dnes je vonku
zADTuV7nEORpOPqPqjLYGgZyVUD3,4,1770917622505679000,1770917622498346000,13,Insert, ,14,Dnes je vonku 
zADTuV7nEORpOPqPqjLYGgZyVUD3,4,1770917623511014000,1770917623500362000,14,Insert,p,15,Dnes je vonku p
zADTuV7nEORpOPqPqjLYGgZyVUD3,4,1770917624042407000,1770917624034085000,15,Insert,e,16,Dnes je vonku pe
zADTuV7nEORpOPqPqjLYGgZyVUD3,4,1770917624173647000,1770917624167920000,16,Insert,k,17,Dnes je vonku pek
zADTuV7nEORpOPqPqjLYGgZyVUD3,4,1770917624397306000,1770917624389086000,17,Insert,n,18,Dnes je vonku pekn
zADTuV7nEORpOPqPqjLYGgZyVUD3,4,1770917624723913000,1770917624715804000,18,Insert,e,19,Dnes je vonku pekne
zADTuV7nEORpOPqPqjLYGgZyVUD3,4,1770917625995316000,1770917625982973000,19,Insert,",",20,"Dnes je vonku pekne,"
zADTuV7nEORpOPqPqjLYGgZyVUD3,4,1770917626609995000,1770917626600188000,20,Insert, ,21,"Dnes je vonku pekne, "
zADTuV7nEORpOPqPqjLYGgZyVUD3,4,1770917627403697000,1770917627396510000,21,Insert,i,22,"Dnes je vonku pekne, i"
zADTuV7nEORpOPqPqjLYGgZyVUD3,4,1770917627833178000,1770917627826097000,22,Insert,d,23,"Dnes je vonku pekne, id"
zADTuV7nEORpOPqPqjLYGgZyVUD3,4,1770917628012992000,1770917628008680000,23,Insert,e,24,"Dnes je vonku pekne, ide"
zADTuV7nEORpOPqPqjLYGgZyVUD3,4,1770917628735274000,1770917628723867000,24,Insert,m,25,"Dnes je vonku pekne, idem"
zADTuV7nEORpOPqPqjLYGgZyVUD3,4,1770917629176325000,1770917629169346000,25,Insert, ,26,"Dnes je vonku pekne, idem "
zADTuV7nEORpOPqPqjLYGgZyVUD3,4,1770917630036608000,1770917630023566000,26,Insert,v,27,"Dnes je vonku pekne, idem v"
zADTuV7nEORpOPqPqjLYGgZyVUD3,4,1770917630223526000,1770917630218709000,27,Insert,o,28,"Dnes je vonku pekne, idem vo"
zADTuV7nEORpOPqPqjLYGgZyVUD3,4,1770917630529762000,1770917630522700000,28,Insert,n,29,"Dnes je vonku pekne, idem von"
zADTuV7nEORpOPqPqjLYGgZyVUD3,4,1770917631959448000,1770917631949262000,29,Insert, ,30,"Dnes je vonku pekne, idem von "
zADTuV7nEORpOPqPqjLYGgZyVUD3,4,1770917632433092000,1770917632426190000,30,Insert,s,31,"Dnes je vonku pekne, idem von s"
zADTuV7nEORpOPqPqjLYGgZyVUD3,4,1770917632526793000,1770917632522006000,31,Insert,o,32,"Dnes je vonku pekne, idem von so"
zADTuV7nEORpOPqPqjLYGgZyVUD3,4,1770917632989749000,1770917632984056000,32,Insert, ,33,"Dnes je vonku pekne, idem von so "
zADTuV7nEORpOPqPqjLYGgZyVUD3,4,1770917633770377000,1770917633760632000,33,Insert,p,34,"Dnes je vonku pekne, idem von so p"
zADTuV7nEORpOPqPqjLYGgZyVUD3,4,1770917634217166000,1770917634209998000,34,Insert,s,35,"Dnes je vonku pekne, idem von so ps"
zADTuV7nEORpOPqPqjLYGgZyVUD3,4,1770917634382484000,1770917634378231000,35,Insert,o,36,"Dnes je vonku pekne, idem von so pso"
zADTuV7nEORpOPqPqjLYGgZyVUD3,4,1770917634751004000,1770917634744141000,36,Insert,m,37,"Dnes je vonku pekne, idem von so psom"
zADTuV7nEORpOPqPqjLYGgZyVUD3,4,1770917635527025000,1770917635517560000,37,Insert, ,38,"Dnes je vonku pekne, idem von so psom "
zADTuV7nEORpOPqPqjLYGgZyVUD3,4,1770917635784750000,1770917635774000000,38,Insert,n,39,"Dnes je vonku pekne, idem von so psom n"
zADTuV7nEORpOPqPqjLYGgZyVUD3,4,1770917636097878000,1770917636090852000,39,Insert,a,40,"Dnes je vonku pekne, idem von so psom na"
zADTuV7nEORpOPqPqjLYGgZyVUD3,4,1770917636289723000,1770917636276635000,40,Insert, ,41,"Dnes je vonku pekne, idem von so psom na "
zADTuV7nEORpOPqPqjLYGgZyVUD3,4,1770917637558615000,1770917637548143000,41,Insert,d,42,"Dnes je vonku pekne, idem von so psom na d"
zADTuV7nEORpOPqPqjLYGgZyVUD3,4,1770917637842927000,1770917637835135000,42,Insert,v,43,"Dnes je vonku pekne, idem von so psom na dv"
zADTuV7nEORpOPqPqjLYGgZyVUD3,4,1770917638251483000,1770917638243003000,43,Insert,o,44,"Dnes je vonku pekne, idem von so psom na dvo"
zADTuV7nEORpOPqPqjLYGgZyVUD3,4,1770917638683621000,1770917638678411000,44,Insert,r,45,"Dnes je vonku pekne, idem von so psom na dvor"
zADTuV7nEORpOPqPqjLYGgZyVUD3,4,1770917639800028000,1770917639790525000,45,Insert, ,46,"Dnes je vonku pekne, idem von so psom na dvor "
zADTuV7nEORpOPqPqjLYGgZyVUD3,4,1770917640203476000,1770917640196697000,46,Insert,a,47,"Dnes je vonku pekne, idem von so psom na dvor a"
zADTuV7nEORpOPqPqjLYGgZyVUD3,4,1770917640348662000,1770917640343581000,47,Insert, ,48,"Dnes je vonku pekne, idem von so psom na dvor a "
zADTuV7nEORpOPqPqjLYGgZyVUD3,4,1770917641458327000,1770917641452110000,48,Insert,b,49,"Dnes je vonku pekne, idem von so psom na dvor a b"
zADTuV7nEORpOPqPqjLYGgZyVUD3,4,1770917641754824000,1770917641747242000,49,Insert,u,50,"Dnes je vonku pekne, idem von so psom na dvor a bu"
zADTuV7nEORpOPqPqjLYGgZyVUD3,4,1770917642091266000,1770917642086887000,50,Insert,d,51,"Dnes je vonku pekne, idem von so psom na dvor a bud"
zADTuV7nEORpOPqPqjLYGgZyVUD3,4,1770917642255004000,1770917642250405000,51,Insert,e,52,"Dnes je vonku pekne, idem von so psom na dvor a bude"
zADTuV7nEORpOPqPqjLYGgZyVUD3,4,1770917643023488000,1770917643013605000,52,Insert,m,53,"Dnes je vonku pekne, idem von so psom na dvor a budem"
zADTuV7nEORpOPqPqjLYGgZyVUD3,4,1770917643578230000,1770917643569584000,53,Insert, ,54,"Dnes je vonku pekne, idem von so psom na dvor a budem "
zADTuV7nEORpOPqPqjLYGgZyVUD3,4,1770917644430258000,1770917644422136000,54,Insert,t,55,"Dnes je vonku pekne, idem von so psom na dvor a budem t"
zADTuV7nEORpOPqPqjLYGgZyVUD3,4,1770917644768377000,1770917644761192000,55,Insert,a,56,"Dnes je vonku pekne, idem von so psom na dvor a budem ta"
zADTuV7nEORpOPqPqjLYGgZyVUD3,4,1770917645033774000,1770917645026325000,56,Insert,m,57,"Dnes je vonku pekne, idem von so psom na dvor a budem tam"
zADTuV7nEORpOPqPqjLYGgZyVUD3,4,1770917645647665000,1770917645638760000,57,Insert, ,58,"Dnes je vonku pekne, idem von so psom na dvor a budem tam "
zADTuV7nEORpOPqPqjLYGgZyVUD3,4,1770917646228569000,1770917646222201000,58,Insert,a,59,"Dnes je vonku pekne, idem von so psom na dvor a budem tam a"
zADTuV7nEORpOPqPqjLYGgZyVUD3,4,1770917646523759000,1770917646516497000,59,Insert,s,60,"Dnes je vonku pekne, idem von so psom na dvor a budem tam as"
zADTuV7nEORpOPqPqjLYGgZyVUD3,4,1770917646709769000,1770917646701827000,60,Insert,i,61,"Dnes je vonku pekne, idem von so psom na dvor a budem tam asi"
zADTuV7nEORpOPqPqjLYGgZyVUD3,4,1770917647870163000,1770917647858588000,61,Insert, ,62,"Dnes je vonku pekne, idem von so psom na dvor a budem tam asi "
zADTuV7nEORpOPqPqjLYGgZyVUD3,4,1770917648285313000,1770917648276163000,62,Insert,h,63,"Dnes je vonku pekne, idem von so psom na dvor a budem tam asi h"
zADTuV7nEORpOPqPqjLYGgZyVUD3,4,1770917648586538000,1770917648579511000,63,Insert,o,64,"Dnes je vonku pekne, idem von so psom na dvor a budem tam asi ho"
zADTuV7nEORpOPqPqjLYGgZyVUD3,4,1770917649065292000,1770917649055238000,64,Insert,d,65,"Dnes je vonku pekne, idem von so psom na dvor a budem tam asi hod"
zADTuV7nEORpOPqPqjLYGgZyVUD3,4,1770917649175685000,1770917649170313000,65,Insert,i,66,"Dnes je vonku pekne, idem von so psom na dvor a budem tam asi hodi"
zADTuV7nEORpOPqPqjLYGgZyVUD3,4,1770917650139038000,1770917650126080000,66,Insert,n,67,"Dnes je vonku pekne, idem von so psom na dvor a budem tam asi hodin"
zADTuV7nEORpOPqPqjLYGgZyVUD3,4,1770917650489720000,1770917650484650000,67,Insert,u,68,"Dnes je vonku pekne, idem von so psom na dvor a budem tam asi hodinu"
zADTuV7nEORpOPqPqjLYGgZyVUD3,4,1770917651419680000,1770917651412018000,68,Insert,",",69,"Dnes je vonku pekne, idem von so psom na dvor a budem tam asi hodinu,"
zADTuV7nEORpOPqPqjLYGgZyVUD3,4,1770917653008533000,1770917652999291000,69,Insert, ,70,"Dnes je vonku pekne, idem von so psom na dvor a budem tam asi hodinu, "
zADTuV7nEORpOPqPqjLYGgZyVUD3,4,1770917653448816000,1770917653440356000,70,Insert,b,71,"Dnes je vonku pekne, idem von so psom na dvor a budem tam asi hodinu, b"
zADTuV7nEORpOPqPqjLYGgZyVUD3,4,1770917653744792000,1770917653737589000,71,Insert,u,72,"Dnes je vonku pekne, idem von so psom na dvor a budem tam asi hodinu, bu"
zADTuV7nEORpOPqPqjLYGgZyVUD3,4,1770917654050728000,1770917654042437000,72,Insert,d,73,"Dnes je vonku pekne, idem von so psom na dvor a budem tam asi hodinu, bud"
zADTuV7nEORpOPqPqjLYGgZyVUD3,4,1770917654215286000,1770917654210204000,73,Insert,e,74,"Dnes je vonku pekne, idem von so psom na dvor a budem tam asi hodinu, bude"
zADTuV7nEORpOPqPqjLYGgZyVUD3,4,1770917654586077000,1770917654581247000,74,Insert, ,75,"Dnes je vonku pekne, idem von so psom na dvor a budem tam asi hodinu, bude "
zADTuV7nEORpOPqPqjLYGgZyVUD3,5,1770917661076578000,1770917661066481000,0,Insert,D,1,D
zADTuV7nEORpOPqPqjLYGgZyVUD3,5,1770917662227563000,1770917662221527000,1,Insert,n,2,Dn
zADTuV7nEORpOPqPqjLYGgZyVUD3,5,1770917662497003000,1770917662489533000,2,Insert,e,3,Dne
zADTuV7nEORpOPqPqjLYGgZyVUD3,5,1770917662807635000,1770917662801165000,3,Insert,s,4,Dnes
zADTuV7nEORpOPqPqjLYGgZyVUD3,5,1770917663089389000,1770917663084754000,4,Insert, ,5,Dnes 
zADTuV7nEORpOPqPqjLYGgZyVUD3,5,1770917663641470000,1770917663632242000,5,Insert,j,6,Dnes j
zADTuV7nEORpOPqPqjLYGgZyVUD3,5,1770917663994789000,1770917663987920000,6,Insert,e,7,Dnes je
zADTuV7nEORpOPqPqjLYGgZyVUD3,5,1770917664133991000,1770917664128769000,7,Insert, ,8,Dnes je 
zADTuV7nEORpOPqPqjLYGgZyVUD3,5,1770917664910547000,1770917664902269000,8,Insert,v,9,Dnes je v
zADTuV7nEORpOPqPqjLYGgZyVUD3,5,1770917665299731000,1770917665292039000,9,Insert,o,10,Dnes je vo
zADTuV7nEORpOPqPqjLYGgZyVUD3,5,1770917665606239000,1770917665599309000,10,Insert,n,11,Dnes je von
zADTuV7nEORpOPqPqjLYGgZyVUD3,5,1770917665798630000,1770917665793907000,11,Insert,k,12,Dnes je vonk
zADTuV7nEORpOPqPqjLYGgZyVUD3,5,1770917665992533000,1770917665988237000,12,Insert,u,13,Dnes je vonku
zADTuV7nEORpOPqPqjLYGgZyVUD3,5,1770917666331125000,1770917666323551000,13,Insert, ,14,Dnes je vonku 
zADTuV7nEORpOPqPqjLYGgZyVUD3,5,1770917666794023000,1770917666788530000,14,Insert,p,15,Dnes je vonku p
zADTuV7nEORpOPqPqjLYGgZyVUD3,5,1770917667217885000,1770917667210744000,15,Insert,e,16,Dnes je vonku pe
zADTuV7nEORpOPqPqjLYGgZyVUD3,5,1770917667325235000,1770917667317320000,16,Insert,k,17,Dnes je vonku pek
zADTuV7nEORpOPqPqjLYGgZyVUD3,5,1770917667566177000,1770917667559172000,17,Insert,n,18,Dnes je vonku pekn
zADTuV7nEORpOPqPqjLYGgZyVUD3,5,1770917667922905000,1770917667912676000,18,Insert,e,19,Dnes je vonku pekne
zADTuV7nEORpOPqPqjLYGgZyVUD3,5,1770917668891003000,1770917668881537000,19,Insert,",",20,"Dnes je vonku pekne,"
zADTuV7nEORpOPqPqjLYGgZyVUD3,5,1770917669325767000,1770917669318232000,20,Insert, ,21,"Dnes je vonku pekne, "
zADTuV7nEORpOPqPqjLYGgZyVUD3,5,1770917670298097000,1770917670290642000,21,Insert,i,22,"Dnes je vonku pekne, i"
zADTuV7nEORpOPqPqjLYGgZyVUD3,5,1770917670639544000,1770917670631420000,22,Insert,d,23,"Dnes je vonku pekne, id"
zADTuV7nEORpOPqPqjLYGgZyVUD3,5,1770917670984170000,1770917670977190000,23,Insert,e,24,"Dnes je vonku pekne, ide"
zADTuV7nEORpOPqPqjLYGgZyVUD3,5,1770917671109854000,1770917671105686000,24,Insert,m,25,"Dnes je vonku pekne, idem"
zADTuV7nEORpOPqPqjLYGgZyVUD3,5,1770917671766930000,1770917671756408000,25,Insert, ,26,"Dnes je vonku pekne, idem "
zADTuV7nEORpOPqPqjLYGgZyVUD3,5,1770917672582439000,1770917672573916000,26,Insert,c,27,"Dnes je vonku pekne, idem c"
zADTuV7nEORpOPqPqjLYGgZyVUD3,5,1770917672716744000,1770917672710760000,27,Insert,o,28,"Dnes je vonku pekne, idem co"
zADTuV7nEORpOPqPqjLYGgZyVUD3,5,1770917673025894000,1770917673018057000,28,Insert,n,29,"Dnes je vonku pekne, idem con"
zADTuV7nEORpOPqPqjLYGgZyVUD3,5,1770917673995710000,1770917673990194000,29,Delete,n,28,"Dnes je vonku pekne, idem co"
zADTuV7nEORpOPqPqjLYGgZyVUD3,5,1770917674162134000,1770917674159180000,28,Delete,o,27,"Dnes je vonku pekne, idem c"
zADTuV7nEORpOPqPqjLYGgZyVUD3,5,1770917674317060000,1770917674313798000,27,Delete,c,26,"Dnes je vonku pekne, idem "
zADTuV7nEORpOPqPqjLYGgZyVUD3,5,1770917674909786000,1770917674903176000,26,Insert,v,27,"Dnes je vonku pekne, idem v"
zADTuV7nEORpOPqPqjLYGgZyVUD3,5,1770917675315234000,1770917675306924000,27,Insert,o,28,"Dnes je vonku pekne, idem vo"
zADTuV7nEORpOPqPqjLYGgZyVUD3,5,1770917675641680000,1770917675634675000,28,Insert,n,29,"Dnes je vonku pekne, idem von"
zADTuV7nEORpOPqPqjLYGgZyVUD3,5,1770917675917897000,1770917675909947000,29,Insert, ,30,"Dnes je vonku pekne, idem von "
zADTuV7nEORpOPqPqjLYGgZyVUD3,5,1770917676458065000,1770917676453358000,30,Insert,n,31,"Dnes je vonku pekne, idem von n"
zADTuV7nEORpOPqPqjLYGgZyVUD3,5,1770917676818099000,1770917676812002000,31,Insert,a,32,"Dnes je vonku pekne, idem von na"
zADTuV7nEORpOPqPqjLYGgZyVUD3,5,1770917676981327000,1770917676976720000,32,Insert, ,33,"Dnes je vonku pekne, idem von na "
zADTuV7nEORpOPqPqjLYGgZyVUD3,5,1770917679092500000,1770917679087752000,33,Delete, ,32,"Dnes je vonku pekne, idem von na"
zADTuV7nEORpOPqPqjLYGgZyVUD3,5,1770917679504643000,1770917679498609000,32,Delete,a,31,"Dnes je vonku pekne, idem von n"
zADTuV7nEORpOPqPqjLYGgZyVUD3,5,1770917679806016000,1770917679799955000,31,Delete,n,30,"Dnes je vonku pekne, idem von "
zADTuV7nEORpOPqPqjLYGgZyVUD3,5,1770917681355769000,1770917681344058000,30,Insert,s,31,"Dnes je vonku pekne, idem von s"
zADTuV7nEORpOPqPqjLYGgZyVUD3,5,1770917681509777000,1770917681505547000,31,Insert,o,32,"Dnes je vonku pekne, idem von so"
zADTuV7nEORpOPqPqjLYGgZyVUD3,5,1770917681905988000,1770917681897231000,32,Insert, ,33,"Dnes je vonku pekne, idem von so "
zADTuV7nEORpOPqPqjLYGgZyVUD3,5,1770917682414446000,1770917682407533000,33,Insert,p,34,"Dnes je vonku pekne, idem von so p"
zADTuV7nEORpOPqPqjLYGgZyVUD3,5,1770917682832056000,1770917682825351000,34,Insert,s,35,"Dnes je vonku pekne, idem von so ps"
zADTuV7nEORpOPqPqjLYGgZyVUD3,5,1770917682934273000,1770917682930182000,35,Insert,o,36,"Dnes je vonku pekne, idem von so pso"
zADTuV7nEORpOPqPqjLYGgZyVUD3,5,1770917683247997000,1770917683238624000,36,Insert,m,37,"Dnes je vonku pekne, idem von so psom"
zADTuV7nEORpOPqPqjLYGgZyVUD3,5,1770917683897116000,1770917683885781000,37,Insert, ,38,"Dnes je vonku pekne, idem von so psom "
zADTuV7nEORpOPqPqjLYGgZyVUD3,5,1770917684381664000,1770917684373163000,38,Insert,n,39,"Dnes je vonku pekne, idem von so psom n"
zADTuV7nEORpOPqPqjLYGgZyVUD3,5,1770917684673061000,1770917684665988000,39,Insert,a,40,"Dnes je vonku pekne, idem von so psom na"
zADTuV7nEORpOPqPqjLYGgZyVUD3,5,1770917684758326000,1770917684751192000,40,Insert, ,41,"Dnes je vonku pekne, idem von so psom na "
zADTuV7nEORpOPqPqjLYGgZyVUD3,5,1770917685607874000,1770917685596771000,41,Insert,d,42,"Dnes je vonku pekne, idem von so psom na d"
zADTuV7nEORpOPqPqjLYGgZyVUD3,5,1770917685798211000,1770917685792424000,42,Insert,b,43,"Dnes je vonku pekne, idem von so psom na db"
zADTuV7nEORpOPqPqjLYGgZyVUD3,5,1770917686325292000,1770917686321524000,43,Delete,b,42,"Dnes je vonku pekne, idem von so psom na d"
zADTuV7nEORpOPqPqjLYGgZyVUD3,5,1770917686727753000,1770917686714016000,42,Insert,v,43,"Dnes je vonku pekne, idem von so psom na dv"
zADTuV7nEORpOPqPqjLYGgZyVUD3,5,1770917686865247000,1770917686859207000,43,Insert,o,44,"Dnes je vonku pekne, idem von so psom na dvo"
zADTuV7nEORpOPqPqjLYGgZyVUD3,5,1770917687743679000,1770917687736532000,44,Insert,r,45,"Dnes je vonku pekne, idem von so psom na dvor"
zADTuV7nEORpOPqPqjLYGgZyVUD3,5,1770917688854226000,1770917688849055000,45,Insert, ,46,"Dnes je vonku pekne, idem von so psom na dvor "
zADTuV7nEORpOPqPqjLYGgZyVUD3,5,1770917689633047000,1770917689625855000,46,Insert,a,47,"Dnes je vonku pekne, idem von so psom na dvor a"
zADTuV7nEORpOPqPqjLYGgZyVUD3,5,1770917689857676000,1770917689850240000,47,Insert, ,48,"Dnes je vonku pekne, idem von so psom na dvor a "
zADTuV7nEORpOPqPqjLYGgZyVUD3,5,1770917690129258000,1770917690121813000,48,Insert,b,49,"Dnes je vonku pekne, idem von so psom na dvor a b"
zADTuV7nEORpOPqPqjLYGgZyVUD3,5,1770917690389689000,1770917690382439000,49,Insert,u,50,"Dnes je vonku pekne, idem von so psom na dvor a bu"
zADTuV7nEORpOPqPqjLYGgZyVUD3,5,1770917690794578000,1770917690784915000,50,Insert,d,51,"Dnes je vonku pekne, idem von so psom na dvor a bud"
zADTuV7nEORpOPqPqjLYGgZyVUD3,5,1770917691088246000,1770917691079354000,51,Insert,e,52,"Dnes je vonku pekne, idem von so psom na dvor a bude"
zADTuV7nEORpOPqPqjLYGgZyVUD3,5,1770917691797620000,1770917691789176000,52,Insert,m,53,"Dnes je vonku pekne, idem von so psom na dvor a budem"
zADTuV7nEORpOPqPqjLYGgZyVUD3,5,1770917692038983000,1770917692032662000,53,Insert, ,54,"Dnes je vonku pekne, idem von so psom na dvor a budem "
zADTuV7nEORpOPqPqjLYGgZyVUD3,5,1770917692518419000,1770917692508282000,54,Insert,t,55,"Dnes je vonku pekne, idem von so psom na dvor a budem t"
zADTuV7nEORpOPqPqjLYGgZyVUD3,5,1770917692795188000,1770917692787960000,55,Insert,a,56,"Dnes je vonku pekne, idem von so psom na dvor a budem ta"
zADTuV7nEORpOPqPqjLYGgZyVUD3,5,1770917693037929000,1770917693030339000,56,Insert,m,57,"Dnes je vonku pekne, idem von so psom na dvor a budem tam"
zADTuV7nEORpOPqPqjLYGgZyVUD3,5,1770917693617574000,1770917693604368000,57,Insert, ,58,"Dnes je vonku pekne, idem von so psom na dvor a budem tam "
zADTuV7nEORpOPqPqjLYGgZyVUD3,5,1770917694714758000,1770917694704702000,58,Insert,a,59,"Dnes je vonku pekne, idem von so psom na dvor a budem tam a"
zADTuV7nEORpOPqPqjLYGgZyVUD3,5,1770917694991454000,1770917694984185000,59,Insert,s,60,"Dnes je vonku pekne, idem von so psom na dvor a budem tam as"
zADTuV7nEORpOPqPqjLYGgZyVUD3,5,1770917695237597000,1770917695230238000,60,Insert,i,61,"Dnes je vonku pekne, idem von so psom na dvor a budem tam asi"
zADTuV7nEORpOPqPqjLYGgZyVUD3,5,1770917695766516000,1770917695759912000,61,Insert, ,62,"Dnes je vonku pekne, idem von so psom na dvor a budem tam asi "
zADTuV7nEORpOPqPqjLYGgZyVUD3,5,1770917696174596000,1770917696170204000,62,Insert,h,63,"Dnes je vonku pekne, idem von so psom na dvor a budem tam asi h"
zADTuV7nEORpOPqPqjLYGgZyVUD3,5,1770917696506476000,1770917696499491000,63,Insert,o,64,"Dnes je vonku pekne, idem von so psom na dvor a budem tam asi ho"
zADTuV7nEORpOPqPqjLYGgZyVUD3,5,1770917697339613000,1770917697332171000,64,Insert,ď,65,"Dnes je vonku pekne, idem von so psom na dvor a budem tam asi hoď"
zADTuV7nEORpOPqPqjLYGgZyVUD3,5,1770917698228017000,1770917698222072000,65,Delete,ď,64,"Dnes je vonku pekne, idem von so psom na dvor a budem tam asi ho"
zADTuV7nEORpOPqPqjLYGgZyVUD3,5,1770917698725262000,1770917698715003000,64,Insert,d,65,"Dnes je vonku pekne, idem von so psom na dvor a budem tam asi hod"
zADTuV7nEORpOPqPqjLYGgZyVUD3,5,1770917698952811000,1770917698942743000,65,Insert,i,66,"Dnes je vonku pekne, idem von so psom na dvor a budem tam asi hodi"
zADTuV7nEORpOPqPqjLYGgZyVUD3,5,1770917699253822000,1770917699246436000,66,Insert,n,67,"Dnes je vonku pekne, idem von so psom na dvor a budem tam asi hodin"
zADTuV7nEORpOPqPqjLYGgZyVUD3,5,1770917699490943000,1770917699482807000,67,Insert,u,68,"Dnes je vonku pekne, idem von so psom na dvor a budem tam asi hodinu"
zADTuV7nEORpOPqPqjLYGgZyVUD3,5,1770917700291705000,1770917700281760000,68,Insert,",",69,"Dnes je vonku pekne, idem von so psom na dvor a budem tam asi hodinu,"
zADTuV7nEORpOPqPqjLYGgZyVUD3,5,1770917700624121000,1770917700615499000,69,Insert, ,70,"Dnes je vonku pekne, idem von so psom na dvor a budem tam asi hodinu, "
zADTuV7nEORpOPqPqjLYGgZyVUD3,5,1770917701402397000,1770917701392791000,70,Insert,b,71,"Dnes je vonku pekne, idem von so psom na dvor a budem tam asi hodinu, b"
zADTuV7nEORpOPqPqjLYGgZyVUD3,5,1770917701749800000,1770917701744215000,71,Insert,u,72,"Dnes je vonku pekne, idem von so psom na dvor a budem tam asi hodinu, bu"
zADTuV7nEORpOPqPqjLYGgZyVUD3,5,1770917702054609000,1770917702046810000,72,Insert,d,73,"Dnes je vonku pekne, idem von so psom na dvor a budem tam asi hodinu, bud"
zADTuV7nEORpOPqPqjLYGgZyVUD3,5,1770917702199611000,1770917702193568000,73,Insert,e,74,"Dnes je vonku pekne, idem von so psom na dvor a budem tam asi hodinu, bude"
zADTuV7nEORpOPqPqjLYGgZyVUD3,5,1770917716300476000,1770917716293044000,74,Insert, ,75,"Dnes je vonku pekne, idem von so psom na dvor a budem tam asi hodinu, bude "
zADTuV7nEORpOPqPqjLYGgZyVUD3,6,1770917724175749000,1770917724166898000,0,Insert,D,1,D
zADTuV7nEORpOPqPqjLYGgZyVUD3,6,1770917724648813000,1770917724642107000,1,Insert,n,2,Dn
zADTuV7nEORpOPqPqjLYGgZyVUD3,6,1770917724961602000,1770917724953601000,2,Insert,e,3,Dne
zADTuV7nEORpOPqPqjLYGgZyVUD3,6,1770917725146887000,1770917725142609000,3,Insert,s,4,Dnes
zADTuV7nEORpOPqPqjLYGgZyVUD3,6,1770917725899786000,1770917725888962000,4,Insert, ,5,Dnes 
zADTuV7nEORpOPqPqjLYGgZyVUD3,6,1770917726679562000,1770917726671879000,5,Insert,j,6,Dnes j
zADTuV7nEORpOPqPqjLYGgZyVUD3,6,1770917727088173000,1770917727078799000,6,Insert,e,7,Dnes je
zADTuV7nEORpOPqPqjLYGgZyVUD3,6,1770917727365109000,1770917727357748000,7,Insert, ,8,Dnes je 
zADTuV7nEORpOPqPqjLYGgZyVUD3,6,1770917727992455000,1770917727984780000,8,Insert,v,9,Dnes je v
zADTuV7nEORpOPqPqjLYGgZyVUD3,6,1770917728431168000,1770917728423805000,9,Insert,o,10,Dnes je vo
zADTuV7nEORpOPqPqjLYGgZyVUD3,6,1770917728761399000,1770917728757222000,10,Insert,n,11,Dnes je von
zADTuV7nEORpOPqPqjLYGgZyVUD3,6,1770917728972153000,1770917728968047000,11,Insert,k,12,Dnes je vonk
zADTuV7nEORpOPqPqjLYGgZyVUD3,6,1770917729194150000,1770917729187860000,12,Insert,u,13,Dnes je vonku
zADTuV7nEORpOPqPqjLYGgZyVUD3,6,1770917729543389000,1770917729538941000,13,Insert, ,14,Dnes je vonku 
zADTuV7nEORpOPqPqjLYGgZyVUD3,6,1770917730761973000,1770917730754107000,14,Insert,p,15,Dnes je vonku p
zADTuV7nEORpOPqPqjLYGgZyVUD3,6,1770917731131078000,1770917731124331000,15,Insert,e,16,Dnes je vonku pe
zADTuV7nEORpOPqPqjLYGgZyVUD3,6,1770917731287670000,1770917731281681000,16,Insert,k,17,Dnes je vonku pek
zADTuV7nEORpOPqPqjLYGgZyVUD3,6,1770917731521587000,1770917731514871000,17,Insert,n,18,Dnes je vonku pekn
zADTuV7nEORpOPqPqjLYGgZyVUD3,6,1770917731847376000,1770917731839451000,18,Insert,e,19,Dnes je vonku pekne
zADTuV7nEORpOPqPqjLYGgZyVUD3,6,1770917733331543000,1770917733322282000,19,Insert,",",20,"Dnes je vonku pekne,"
zADTuV7nEORpOPqPqjLYGgZyVUD3,6,1770917733700022000,1770917733692736000,20,Insert, ,21,"Dnes je vonku pekne, "
zADTuV7nEORpOPqPqjLYGgZyVUD3,6,1770917734037834000,1770917734032723000,21,Insert,i,22,"Dnes je vonku pekne, i"
zADTuV7nEORpOPqPqjLYGgZyVUD3,6,1770917734352422000,1770917734347567000,22,Insert,d,23,"Dnes je vonku pekne, id"
zADTuV7nEORpOPqPqjLYGgZyVUD3,6,1770917734518458000,1770917734511882000,23,Insert,e,24,"Dnes je vonku pekne, ide"
zADTuV7nEORpOPqPqjLYGgZyVUD3,6,1770917735130499000,1770917735125876000,24,Insert,m,25,"Dnes je vonku pekne, idem"
zADTuV7nEORpOPqPqjLYGgZyVUD3,6,1770917735494486000,1770917735487942000,25,Insert, ,26,"Dnes je vonku pekne, idem "
zADTuV7nEORpOPqPqjLYGgZyVUD3,6,1770917736038661000,1770917736028939000,26,Insert,v,27,"Dnes je vonku pekne, idem v"
zADTuV7nEORpOPqPqjLYGgZyVUD3,6,1770917736433796000,1770917736429291000,27,Insert,o,28,"Dnes je vonku pekne, idem vo"
zADTuV7nEORpOPqPqjLYGgZyVUD3,6,1770917736713230000,1770917736706950000,28,Insert,n,29,"Dnes je vonku pekne, idem von"
zADTuV7nEORpOPqPqjLYGgZyVUD3,6,1770917736928709000,1770917736916605000,29,Insert, ,30,"Dnes je vonku pekne, idem von "
zADTuV7nEORpOPqPqjLYGgZyVUD3,6,1770917737246522000,1770917737241616000,30,Insert,n,31,"Dnes je vonku pekne, idem von n"
zADTuV7nEORpOPqPqjLYGgZyVUD3,6,1770917738147081000,1770917738141615000,31,Delete,n,30,"Dnes je vonku pekne, idem von "
zADTuV7nEORpOPqPqjLYGgZyVUD3,6,1770917738585722000,1770917738573890000,30,Insert,s,31,"Dnes je vonku pekne, idem von s"
zADTuV7nEORpOPqPqjLYGgZyVUD3,6,1770917738702474000,1770917738697792000,31,Insert,o,32,"Dnes je vonku pekne, idem von so"
zADTuV7nEORpOPqPqjLYGgZyVUD3,6,1770917740245714000,1770917740232753000,32,Insert, ,33,"Dnes je vonku pekne, idem von so "
zADTuV7nEORpOPqPqjLYGgZyVUD3,6,1770917740954597000,1770917740946264000,33,Insert,p,34,"Dnes je vonku pekne, idem von so p"
zADTuV7nEORpOPqPqjLYGgZyVUD3,6,1770917741319667000,1770917741312646000,34,Insert,s,35,"Dnes je vonku pekne, idem von so ps"
zADTuV7nEORpOPqPqjLYGgZyVUD3,6,1770917741407092000,1770917741402561000,35,Insert,o,36,"Dnes je vonku pekne, idem von so pso"
zADTuV7nEORpOPqPqjLYGgZyVUD3,6,1770917741726686000,1770917741719123000,36,Insert,m,37,"Dnes je vonku pekne, idem von so psom"
zADTuV7nEORpOPqPqjLYGgZyVUD3,6,1770917742680340000,1770917742669387000,37,Insert, ,38,"Dnes je vonku pekne, idem von so psom "
zADTuV7nEORpOPqPqjLYGgZyVUD3,6,1770917743150612000,1770917743138928000,38,Insert,n,39,"Dnes je vonku pekne, idem von so psom n"
zADTuV7nEORpOPqPqjLYGgZyVUD3,6,1770917743467676000,1770917743459927000,39,Insert,a,40,"Dnes je vonku pekne, idem von so psom na"
zADTuV7nEORpOPqPqjLYGgZyVUD3,6,1770917743977153000,1770917743963710000,40,Insert, ,41,"Dnes je vonku pekne, idem von so psom na "
zADTuV7nEORpOPqPqjLYGgZyVUD3,6,1770917744959083000,1770917744950292000,41,Insert,d,42,"Dnes je vonku pekne, idem von so psom na d"
zADTuV7nEORpOPqPqjLYGgZyVUD3,6,1770917745326787000,1770917745318988000,42,Insert,v,43,"Dnes je vonku pekne, idem von so psom na dv"
zADTuV7nEORpOPqPqjLYGgZyVUD3,6,1770917745657118000,1770917745649183000,43,Insert,o,44,"Dnes je vonku pekne, idem von so psom na dvo"
zADTuV7nEORpOPqPqjLYGgZyVUD3,6,1770917746713335000,1770917746703371000,44,Insert,r,45,"Dnes je vonku pekne, idem von so psom na dvor"
zADTuV7nEORpOPqPqjLYGgZyVUD3,6,1770917748059854000,1770917748049466000,45,Insert, ,46,"Dnes je vonku pekne, idem von so psom na dvor "
zADTuV7nEORpOPqPqjLYGgZyVUD3,6,1770917748427129000,1770917748417285000,46,Insert,a,47,"Dnes je vonku pekne, idem von so psom na dvor a"
zADTuV7nEORpOPqPqjLYGgZyVUD3,6,1770917748777272000,1770917748767142000,47,Insert, ,48,"Dnes je vonku pekne, idem von so psom na dvor a "
zADTuV7nEORpOPqPqjLYGgZyVUD3,6,1770917749368615000,1770917749361615000,48,Insert,b,49,"Dnes je vonku pekne, idem von so psom na dvor a b"
zADTuV7nEORpOPqPqjLYGgZyVUD3,6,1770917749638830000,1770917749631454000,49,Insert,u,50,"Dnes je vonku pekne, idem von so psom na dvor a bu"
zADTuV7nEORpOPqPqjLYGgZyVUD3,6,1770917750001608000,1770917749992589000,50,Insert,d,51,"Dnes je vonku pekne, idem von so psom na dvor a bud"
zADTuV7nEORpOPqPqjLYGgZyVUD3,6,1770917750303021000,1770917750295914000,51,Insert,e,52,"Dnes je vonku pekne, idem von so psom na dvor a bude"
zADTuV7nEORpOPqPqjLYGgZyVUD3,6,1770917750515314000,1770917750507085000,52,Insert,m,53,"Dnes je vonku pekne, idem von so psom na dvor a budem"
zADTuV7nEORpOPqPqjLYGgZyVUD3,6,1770917750958295000,1770917750950589000,53,Insert, ,54,"Dnes je vonku pekne, idem von so psom na dvor a budem "
zADTuV7nEORpOPqPqjLYGgZyVUD3,6,1770917751599708000,1770917751592353000,54,Insert,t,55,"Dnes je vonku pekne, idem von so psom na dvor a budem t"
zADTuV7nEORpOPqPqjLYGgZyVUD3,6,1770917751880613000,1770917751874471000,55,Insert,a,56,"Dnes je vonku pekne, idem von so psom na dvor a budem ta"
zADTuV7nEORpOPqPqjLYGgZyVUD3,6,1770917752151830000,1770917752143976000,56,Insert,m,57,"Dnes je vonku pekne, idem von so psom na dvor a budem tam"
zADTuV7nEORpOPqPqjLYGgZyVUD3,6,1770917753137296000,1770917753125458000,57,Insert, ,58,"Dnes je vonku pekne, idem von so psom na dvor a budem tam "
zADTuV7nEORpOPqPqjLYGgZyVUD3,6,1770917753600346000,1770917753595068000,58,Insert,a,59,"Dnes je vonku pekne, idem von so psom na dvor a budem tam a"
zADTuV7nEORpOPqPqjLYGgZyVUD3,6,1770917753918889000,1770917753911327000,59,Insert,s,60,"Dnes je vonku pekne, idem von so psom na dvor a budem tam as"
zADTuV7nEORpOPqPqjLYGgZyVUD3,6,1770917754091988000,1770917754087375000,60,Insert,i,61,"Dnes je vonku pekne, idem von so psom na dvor a budem tam asi"
zADTuV7nEORpOPqPqjLYGgZyVUD3,6,1770917754745707000,1770917754734951000,61,Insert, ,62,"Dnes je vonku pekne, idem von so psom na dvor a budem tam asi "
zADTuV7nEORpOPqPqjLYGgZyVUD3,6,1770917755507173000,1770917755500549000,62,Insert,h,63,"Dnes je vonku pekne, idem von so psom na dvor a budem tam asi h"
zADTuV7nEORpOPqPqjLYGgZyVUD3,6,1770917755769636000,1770917755760836000,63,Insert,o,64,"Dnes je vonku pekne, idem von so psom na dvor a budem tam asi ho"
zADTuV7nEORpOPqPqjLYGgZyVUD3,6,1770917756218903000,1770917756212447000,64,Insert,d,65,"Dnes je vonku pekne, idem von so psom na dvor a budem tam asi hod"
zADTuV7nEORpOPqPqjLYGgZyVUD3,6,1770917756460444000,1770917756453187000,65,Insert,i,66,"Dnes je vonku pekne, idem von so psom na dvor a budem tam asi hodi"
zADTuV7nEORpOPqPqjLYGgZyVUD3,6,1770917757217017000,1770917757209180000,66,Insert,n,67,"Dnes je vonku pekne, idem von so psom na dvor a budem tam asi hodin"
zADTuV7nEORpOPqPqjLYGgZyVUD3,6,1770917757467871000,1770917757461355000,67,Insert,u,68,"Dnes je vonku pekne, idem von so psom na dvor a budem tam asi hodinu"
zADTuV7nEORpOPqPqjLYGgZyVUD3,6,1770917758315483000,1770917758305284000,68,Insert,",",69,"Dnes je vonku pekne, idem von so psom na dvor a budem tam asi hodinu,"
zADTuV7nEORpOPqPqjLYGgZyVUD3,6,1770917758704814000,1770917758694209000,69,Insert, ,70,"Dnes je vonku pekne, idem von so psom na dvor a budem tam asi hodinu, "
zADTuV7nEORpOPqPqjLYGgZyVUD3,6,1770917759384791000,1770917759378212000,70,Insert,b,71,"Dnes je vonku pekne, idem von so psom na dvor a budem tam asi hodinu, b"
zADTuV7nEORpOPqPqjLYGgZyVUD3,6,1770917759631878000,1770917759624796000,71,Insert,u,72,"Dnes je vonku pekne, idem von so psom na dvor a budem tam asi hodinu, bu"
zADTuV7nEORpOPqPqjLYGgZyVUD3,6,1770917760093487000,1770917760085686000,72,Insert,d,73,"Dnes je vonku pekne, idem von so psom na dvor a budem tam asi hodinu, bud"
zADTuV7nEORpOPqPqjLYGgZyVUD3,6,1770917760398398000,1770917760391326000,73,Insert,e,74,"Dnes je vonku pekne, idem von so psom na dvor a budem tam asi hodinu, bude"
zADTuV7nEORpOPqPqjLYGgZyVUD3,6,1770917760734633000,1770917760724238000,74,Insert, ,75,"Dnes je vonku pekne, idem von so psom na dvor a budem tam asi hodinu, bude "
zADTuV7nEORpOPqPqjLYGgZyVUD3,7,1770917841681995000,1770917841677793000,0,Insert,D,1,D
zADTuV7nEORpOPqPqjLYGgZyVUD3,7,1770917842593882000,1770917842585482000,1,Insert,n,2,Dn
zADTuV7nEORpOPqPqjLYGgZyVUD3,7,1770917842989736000,1770917842979824000,2,Insert,e,3,Dne
zADTuV7nEORpOPqPqjLYGgZyVUD3,7,1770917843257836000,1770917843248758000,3,Insert,s,4,Dnes
zADTuV7nEORpOPqPqjLYGgZyVUD3,7,1770917844010306000,1770917844001843000,4,Insert, ,5,Dnes 
zADTuV7nEORpOPqPqjLYGgZyVUD3,7,1770917844375682000,1770917844369206000,5,Insert,j,6,Dnes j
zADTuV7nEORpOPqPqjLYGgZyVUD3,7,1770917844746228000,1770917844739822000,6,Insert,e,7,Dnes je
zADTuV7nEORpOPqPqjLYGgZyVUD3,7,1770917844950924000,1770917844946836000,7,Insert, ,8,Dnes je 
zADTuV7nEORpOPqPqjLYGgZyVUD3,7,1770917845537321000,1770917845533363000,8,Insert,v,9,Dnes je v
zADTuV7nEORpOPqPqjLYGgZyVUD3,7,1770917845947317000,1770917845939163000,9,Insert,o,10,Dnes je vo
zADTuV7nEORpOPqPqjLYGgZyVUD3,7,1770917846247848000,1770917846240563000,10,Insert,n,11,Dnes je von
zADTuV7nEORpOPqPqjLYGgZyVUD3,7,1770917846452508000,1770917846448030000,11,Insert,k,12,Dnes je vonk
zADTuV7nEORpOPqPqjLYGgZyVUD3,7,1770917846653011000,1770917846648584000,12,Insert,u,13,Dnes je vonku
zADTuV7nEORpOPqPqjLYGgZyVUD3,7,1770917848648217000,1770917848636699000,13,Insert, ,14,Dnes je vonku 
zADTuV7nEORpOPqPqjLYGgZyVUD3,7,1770917849085970000,1770917849080281000,14,Insert,p,15,Dnes je vonku p
zADTuV7nEORpOPqPqjLYGgZyVUD3,7,1770917849475962000,1770917849469788000,15,Insert,e,16,Dnes je vonku pe
zADTuV7nEORpOPqPqjLYGgZyVUD3,7,1770917850183347000,1770917850174374000,16,Insert,k,17,Dnes je vonku pek
zADTuV7nEORpOPqPqjLYGgZyVUD3,7,1770917850421441000,1770917850417248000,17,Insert,n,18,Dnes je vonku pekn
zADTuV7nEORpOPqPqjLYGgZyVUD3,7,1770917850773272000,1770917850766059000,18,Insert,e,19,Dnes je vonku pekne
zADTuV7nEORpOPqPqjLYGgZyVUD3,7,1770917852277598000,1770917852267059000,19,Insert,",",20,"Dnes je vonku pekne,"
zADTuV7nEORpOPqPqjLYGgZyVUD3,7,1770917852778136000,1770917852772247000,20,Insert, ,21,"Dnes je vonku pekne, "
zADTuV7nEORpOPqPqjLYGgZyVUD3,7,1770917853364245000,1770917853360212000,21,Insert,i,22,"Dnes je vonku pekne, i"
zADTuV7nEORpOPqPqjLYGgZyVUD3,7,1770917853789738000,1770917853779170000,22,Insert,d,23,"Dnes je vonku pekne, id"
zADTuV7nEORpOPqPqjLYGgZyVUD3,7,1770917854047950000,1770917854038711000,23,Insert,e,24,"Dnes je vonku pekne, ide"
zADTuV7nEORpOPqPqjLYGgZyVUD3,7,1770917854613811000,1770917854606153000,24,Insert,m,25,"Dnes je vonku pekne, idem"
zADTuV7nEORpOPqPqjLYGgZyVUD3,7,1770917854883889000,1770917854876516000,25,Insert, ,26,"Dnes je vonku pekne, idem "
zADTuV7nEORpOPqPqjLYGgZyVUD3,7,1770917855702799000,1770917855694912000,26,Insert,v,27,"Dnes je vonku pekne, idem v"
zADTuV7nEORpOPqPqjLYGgZyVUD3,7,1770917855863121000,1770917855858533000,27,Insert,o,28,"Dnes je vonku pekne, idem vo"
zADTuV7nEORpOPqPqjLYGgZyVUD3,7,1770917856177093000,1770917856168341000,28,Insert,n,29,"Dnes je vonku pekne, idem von"
zADTuV7nEORpOPqPqjLYGgZyVUD3,7,1770917856597612000,1770917856592917000,29,Insert, ,30,"Dnes je vonku pekne, idem von "
zADTuV7nEORpOPqPqjLYGgZyVUD3,7,1770917857386499000,1770917857381352000,30,Insert,n,31,"Dnes je vonku pekne, idem von n"
zADTuV7nEORpOPqPqjLYGgZyVUD3,7,1770917858161227000,1770917858156236000,31,Delete,n,30,"Dnes je vonku pekne, idem von "
zADTuV7nEORpOPqPqjLYGgZyVUD3,7,1770917858547682000,1770917858541125000,30,Insert,s,31,"Dnes je vonku pekne, idem von s"
zADTuV7nEORpOPqPqjLYGgZyVUD3,7,1770917858653453000,1770917858649242000,31,Insert,o,32,"Dnes je vonku pekne, idem von so"
zADTuV7nEORpOPqPqjLYGgZyVUD3,7,1770917859563996000,1770917859555430000,32,Insert, ,33,"Dnes je vonku pekne, idem von so "
zADTuV7nEORpOPqPqjLYGgZyVUD3,7,1770917859999229000,1770917859994414000,33,Insert,p,34,"Dnes je vonku pekne, idem von so p"
zADTuV7nEORpOPqPqjLYGgZyVUD3,7,1770917860365766000,1770917860359184000,34,Insert,s,35,"Dnes je vonku pekne, idem von so ps"
zADTuV7nEORpOPqPqjLYGgZyVUD3,7,1770917860502930000,1770917860498914000,35,Insert,o,36,"Dnes je vonku pekne, idem von so pso"
zADTuV7nEORpOPqPqjLYGgZyVUD3,7,1770917861262005000,1770917861253611000,36,Insert,m,37,"Dnes je vonku pekne, idem von so psom"
zADTuV7nEORpOPqPqjLYGgZyVUD3,7,1770917861679823000,1770917861675291000,37,Insert, ,38,"Dnes je vonku pekne, idem von so psom "
zADTuV7nEORpOPqPqjLYGgZyVUD3,7,1770917863038236000,1770917863027247000,38,Insert,n,39,"Dnes je vonku pekne, idem von so psom n"
zADTuV7nEORpOPqPqjLYGgZyVUD3,7,1770917863409081000,1770917863402655000,39,Insert,a,40,"Dnes je vonku pekne, idem von so psom na"
zADTuV7nEORpOPqPqjLYGgZyVUD3,7,1770917863514631000,1770917863510258000,40,Insert, ,41,"Dnes je vonku pekne, idem von so psom na "
zADTuV7nEORpOPqPqjLYGgZyVUD3,7,1770917864277004000,1770917864267624000,41,Insert,d,42,"Dnes je vonku pekne, idem von so psom na d"
zADTuV7nEORpOPqPqjLYGgZyVUD3,7,1770917864936361000,1770917864929208000,42,Insert,v,43,"Dnes je vonku pekne, idem von so psom na dv"
zADTuV7nEORpOPqPqjLYGgZyVUD3,7,1770917865294352000,1770917865287311000,43,Insert,o,44,"Dnes je vonku pekne, idem von so psom na dvo"
zADTuV7nEORpOPqPqjLYGgZyVUD3,7,1770917865752441000,1770917865743938000,44,Insert,r,45,"Dnes je vonku pekne, idem von so psom na dvor"
zADTuV7nEORpOPqPqjLYGgZyVUD3,7,1770917869469649000,1770917869459517000,45,Insert, ,46,"Dnes je vonku pekne, idem von so psom na dvor "
zADTuV7nEORpOPqPqjLYGgZyVUD3,7,1770917869810860000,1770917869800674000,46,Insert,a,47,"Dnes je vonku pekne, idem von so psom na dvor a"
zADTuV7nEORpOPqPqjLYGgZyVUD3,7,1770917869964743000,1770917869960331000,47,Insert, ,48,"Dnes je vonku pekne, idem von so psom na dvor a "
zADTuV7nEORpOPqPqjLYGgZyVUD3,7,1770917870287969000,1770917870280626000,48,Insert,b,49,"Dnes je vonku pekne, idem von so psom na dvor a b"
zADTuV7nEORpOPqPqjLYGgZyVUD3,7,1770917870549321000,1770917870540966000,49,Insert,u,50,"Dnes je vonku pekne, idem von so psom na dvor a bu"
zADTuV7nEORpOPqPqjLYGgZyVUD3,7,1770917870909276000,1770917870897564000,50,Insert,d,51,"Dnes je vonku pekne, idem von so psom na dvor a bud"
zADTuV7nEORpOPqPqjLYGgZyVUD3,7,1770917871164694000,1770917871153968000,51,Insert,e,52,"Dnes je vonku pekne, idem von so psom na dvor a bude"
zADTuV7nEORpOPqPqjLYGgZyVUD3,7,1770917871510620000,1770917871503689000,52,Insert,m,53,"Dnes je vonku pekne, idem von so psom na dvor a budem"
zADTuV7nEORpOPqPqjLYGgZyVUD3,7,1770917871886705000,1770917871878546000,53,Insert, ,54,"Dnes je vonku pekne, idem von so psom na dvor a budem "
zADTuV7nEORpOPqPqjLYGgZyVUD3,7,1770917872865557000,1770917872861132000,54,Insert,t,55,"Dnes je vonku pekne, idem von so psom na dvor a budem t"
zADTuV7nEORpOPqPqjLYGgZyVUD3,7,1770917873187179000,1770917873178598000,55,Insert,a,56,"Dnes je vonku pekne, idem von so psom na dvor a budem ta"
zADTuV7nEORpOPqPqjLYGgZyVUD3,7,1770917873416907000,1770917873409312000,56,Insert,m,57,"Dnes je vonku pekne, idem von so psom na dvor a budem tam"
zADTuV7nEORpOPqPqjLYGgZyVUD3,7,1770917873725457000,1770917873717987000,57,Insert, ,58,"Dnes je vonku pekne, idem von so psom na dvor a budem tam "
zADTuV7nEORpOPqPqjLYGgZyVUD3,7,1770917874169248000,1770917874162372000,58,Insert,a,59,"Dnes je vonku pekne, idem von so psom na dvor a budem tam a"
zADTuV7nEORpOPqPqjLYGgZyVUD3,7,1770917874474163000,1770917874466473000,59,Insert,s,60,"Dnes je vonku pekne, idem von so psom na dvor a budem tam as"
zADTuV7nEORpOPqPqjLYGgZyVUD3,7,1770917874625772000,1770917874620503000,60,Insert,i,61,"Dnes je vonku pekne, idem von so psom na dvor a budem tam asi"
zADTuV7nEORpOPqPqjLYGgZyVUD3,7,1770917875274347000,1770917875264200000,61,Insert, ,62,"Dnes je vonku pekne, idem von so psom na dvor a budem tam asi "
zADTuV7nEORpOPqPqjLYGgZyVUD3,7,1770917876286266000,1770917876279854000,62,Insert,h,63,"Dnes je vonku pekne, idem von so psom na dvor a budem tam asi h"
zADTuV7nEORpOPqPqjLYGgZyVUD3,7,1770917876598266000,1770917876591567000,63,Insert,o,64,"Dnes je vonku pekne, idem von so psom na dvor a budem tam asi ho"
zADTuV7nEORpOPqPqjLYGgZyVUD3,7,1770917877076404000,1770917877065741000,64,Insert,d,65,"Dnes je vonku pekne, idem von so psom na dvor a budem tam asi hod"
zADTuV7nEORpOPqPqjLYGgZyVUD3,7,1770917877213426000,1770917877203766000,65,Insert,i,66,"Dnes je vonku pekne, idem von so psom na dvor a budem tam asi hodi"
zADTuV7nEORpOPqPqjLYGgZyVUD3,7,1770917877514404000,1770917877507679000,66,Insert,n,67,"Dnes je vonku pekne, idem von so psom na dvor a budem tam asi hodin"
zADTuV7nEORpOPqPqjLYGgZyVUD3,7,1770917877769970000,1770917877762315000,67,Insert,u,68,"Dnes je vonku pekne, idem von so psom na dvor a budem tam asi hodinu"
zADTuV7nEORpOPqPqjLYGgZyVUD3,7,1770917887900756000,1770917887861655000,68,Insert,",",69,"Dnes je vonku pekne, idem von so psom na dvor a budem tam asi hodinu,"
zADTuV7nEORpOPqPqjLYGgZyVUD3,7,1770917888808328000,1770917888798751000,69,Insert, ,70,"Dnes je vonku pekne, idem von so psom na dvor a budem tam asi hodinu, "
zADTuV7nEORpOPqPqjLYGgZyVUD3,7,1770917890111472000,1770917890098414000,70,Insert,b,71,"Dnes je vonku pekne, idem von so psom na dvor a budem tam asi hodinu, b"
zADTuV7nEORpOPqPqjLYGgZyVUD3,7,1770917890437736000,1770917890431212000,71,Insert,u,72,"Dnes je vonku pekne, idem von so psom na dvor a budem tam asi hodinu, bu"
zADTuV7nEORpOPqPqjLYGgZyVUD3,7,1770917890783397000,1770917890775169000,72,Insert,d,73,"Dnes je vonku pekne, idem von so psom na dvor a budem tam asi hodinu, bud"
zADTuV7nEORpOPqPqjLYGgZyVUD3,7,1770917890935847000,1770917890931185000,73,Insert,e,74,"Dnes je vonku pekne, idem von so psom na dvor a budem tam asi hodinu, bude"
zADTuV7nEORpOPqPqjLYGgZyVUD3,7,1770917891679519000,1770917891669042000,74,Insert, ,75,"Dnes je vonku pekne, idem von so psom na dvor a budem tam asi hodinu, bude "
zADTuV7nEORpOPqPqjLYGgZyVUD3,8,1770917897081358000,1770917897068191000,0,Insert,D,1,D
zADTuV7nEORpOPqPqjLYGgZyVUD3,8,1770917897609366000,1770917897603043000,1,Insert,n,2,Dn
zADTuV7nEORpOPqPqjLYGgZyVUD3,8,1770917897985825000,1770917897978986000,2,Insert,e,3,Dne
zADTuV7nEORpOPqPqjLYGgZyVUD3,8,1770917898305213000,1770917898298822000,3,Insert,s,4,Dnes
zADTuV7nEORpOPqPqjLYGgZyVUD3,8,1770917898863734000,1770917898855307000,4,Insert, ,5,Dnes 
zADTuV7nEORpOPqPqjLYGgZyVUD3,8,1770917899257974000,1770917899250918000,5,Insert,j,6,Dnes j
zADTuV7nEORpOPqPqjLYGgZyVUD3,8,1770917899625580000,1770917899618051000,6,Insert,e,7,Dnes je
zADTuV7nEORpOPqPqjLYGgZyVUD3,8,1770917899723644000,1770917899719522000,7,Insert, ,8,Dnes je 
zADTuV7nEORpOPqPqjLYGgZyVUD3,8,1770917900344703000,1770917900337352000,8,Insert,v,9,Dnes je v
zADTuV7nEORpOPqPqjLYGgZyVUD3,8,1770917900787345000,1770917900780704000,9,Insert,o,10,Dnes je vo
zADTuV7nEORpOPqPqjLYGgZyVUD3,8,1770917901127379000,1770917901119772000,10,Insert,n,11,Dnes je von
zADTuV7nEORpOPqPqjLYGgZyVUD3,8,1770917901337448000,1770917901330632000,11,Insert,k,12,Dnes je vonk
zADTuV7nEORpOPqPqjLYGgZyVUD3,8,1770917901545700000,1770917901539241000,12,Insert,u,13,Dnes je vonku
zADTuV7nEORpOPqPqjLYGgZyVUD3,8,1770917901951292000,1770917901943830000,13,Insert, ,14,Dnes je vonku 
zADTuV7nEORpOPqPqjLYGgZyVUD3,8,1770917902429679000,1770917902423101000,14,Insert,p,15,Dnes je vonku p
zADTuV7nEORpOPqPqjLYGgZyVUD3,8,1770917902893419000,1770917902886737000,15,Insert,e,16,Dnes je vonku pe
zADTuV7nEORpOPqPqjLYGgZyVUD3,8,1770917903010516000,1770917903006469000,16,Insert,k,17,Dnes je vonku pek
zADTuV7nEORpOPqPqjLYGgZyVUD3,8,1770917903243380000,1770917903236652000,17,Insert,n,18,Dnes je vonku pekn
zADTuV7nEORpOPqPqjLYGgZyVUD3,8,1770917903636603000,1770917903625912000,18,Insert,e,19,Dnes je vonku pekne
zADTuV7nEORpOPqPqjLYGgZyVUD3,8,1770917905379298000,1770917905370387000,19,Insert,",",20,"Dnes je vonku pekne,"
zADTuV7nEORpOPqPqjLYGgZyVUD3,8,1770917907629014000,1770917907619767000,20,Insert, ,21,"Dnes je vonku pekne, "
zADTuV7nEORpOPqPqjLYGgZyVUD3,8,1770917908658962000,1770917908650866000,21,Insert,i,22,"Dnes je vonku pekne, i"
zADTuV7nEORpOPqPqjLYGgZyVUD3,8,1770917909089223000,1770917909079701000,22,Insert,d,23,"Dnes je vonku pekne, id"
zADTuV7nEORpOPqPqjLYGgZyVUD3,8,1770917909362145000,1770917909354210000,23,Insert,e,24,"Dnes je vonku pekne, ide"
zADTuV7nEORpOPqPqjLYGgZyVUD3,8,1770917909526069000,1770917909521239000,24,Insert,m,25,"Dnes je vonku pekne, idem"
zADTuV7nEORpOPqPqjLYGgZyVUD3,8,1770917910060041000,1770917910049277000,25,Insert, ,26,"Dnes je vonku pekne, idem "
zADTuV7nEORpOPqPqjLYGgZyVUD3,8,1770917910740439000,1770917910732424000,26,Insert,v,27,"Dnes je vonku pekne, idem v"
zADTuV7nEORpOPqPqjLYGgZyVUD3,8,1770917911096384000,1770917911088192000,27,Insert,o,28,"Dnes je vonku pekne, idem vo"
zADTuV7nEORpOPqPqjLYGgZyVUD3,8,1770917911438142000,1770917911431894000,28,Insert,n,29,"Dnes je vonku pekne, idem von"
zADTuV7nEORpOPqPqjLYGgZyVUD3,8,1770917912220084000,1770917912207262000,29,Insert, ,30,"Dnes je vonku pekne, idem von "
zADTuV7nEORpOPqPqjLYGgZyVUD3,8,1770917912694220000,1770917912690057000,30,Insert,s,31,"Dnes je vonku pekne, idem von s"
zADTuV7nEORpOPqPqjLYGgZyVUD3,8,1770917912795991000,1770917912789577000,31,Insert,o,32,"Dnes je vonku pekne, idem von so"
zADTuV7nEORpOPqPqjLYGgZyVUD3,8,1770917913454639000,1770917913444567000,32,Insert, ,33,"Dnes je vonku pekne, idem von so "
zADTuV7nEORpOPqPqjLYGgZyVUD3,8,1770917914215789000,1770917914209777000,33,Insert,p,34,"Dnes je vonku pekne, idem von so p"
zADTuV7nEORpOPqPqjLYGgZyVUD3,8,1770917914600153000,1770917914593069000,34,Insert,s,35,"Dnes je vonku pekne, idem von so ps"
zADTuV7nEORpOPqPqjLYGgZyVUD3,8,1770917914734416000,1770917914730094000,35,Insert,o,36,"Dnes je vonku pekne, idem von so pso"
zADTuV7nEORpOPqPqjLYGgZyVUD3,8,1770917915186802000,1770917915179120000,36,Insert,m,37,"Dnes je vonku pekne, idem von so psom"
zADTuV7nEORpOPqPqjLYGgZyVUD3,8,1770917916747322000,1770917916739774000,37,Insert, ,38,"Dnes je vonku pekne, idem von so psom "
zADTuV7nEORpOPqPqjLYGgZyVUD3,8,1770917917157407000,1770917917149197000,38,Insert,n,39,"Dnes je vonku pekne, idem von so psom n"
zADTuV7nEORpOPqPqjLYGgZyVUD3,8,1770917917405628000,1770917917398116000,39,Insert,a,40,"Dnes je vonku pekne, idem von so psom na"
zADTuV7nEORpOPqPqjLYGgZyVUD3,8,1770917917545617000,1770917917540127000,40,Insert, ,41,"Dnes je vonku pekne, idem von so psom na "
zADTuV7nEORpOPqPqjLYGgZyVUD3,8,1770917918154299000,1770917918145827000,41,Insert,d,42,"Dnes je vonku pekne, idem von so psom na d"
zADTuV7nEORpOPqPqjLYGgZyVUD3,8,1770917918647453000,1770917918639795000,42,Insert,b,43,"Dnes je vonku pekne, idem von so psom na db"
zADTuV7nEORpOPqPqjLYGgZyVUD3,8,1770917919179949000,1770917919175960000,43,Delete,b,42,"Dnes je vonku pekne, idem von so psom na d"
zADTuV7nEORpOPqPqjLYGgZyVUD3,8,1770917919474851000,1770917919470070000,42,Insert,v,43,"Dnes je vonku pekne, idem von so psom na dv"
zADTuV7nEORpOPqPqjLYGgZyVUD3,8,1770917919821198000,1770917919816529000,43,Insert,o,44,"Dnes je vonku pekne, idem von so psom na dvo"
zADTuV7nEORpOPqPqjLYGgZyVUD3,8,1770917920295594000,1770917920288694000,44,Insert,e,45,"Dnes je vonku pekne, idem von so psom na dvoe"
zADTuV7nEORpOPqPqjLYGgZyVUD3,8,1770917921216682000,1770917921209445000,45,Delete,e,44,"Dnes je vonku pekne, idem von so psom na dvo"
zADTuV7nEORpOPqPqjLYGgZyVUD3,8,1770917921580316000,1770917921572792000,44,Insert,r,45,"Dnes je vonku pekne, idem von so psom na dvor"
zADTuV7nEORpOPqPqjLYGgZyVUD3,8,1770917923099365000,1770917923089776000,45,Insert, ,46,"Dnes je vonku pekne, idem von so psom na dvor "
zADTuV7nEORpOPqPqjLYGgZyVUD3,8,1770917923503874000,1770917923497189000,46,Insert,a,47,"Dnes je vonku pekne, idem von so psom na dvor a"
zADTuV7nEORpOPqPqjLYGgZyVUD3,8,1770917923690820000,1770917923686123000,47,Insert, ,48,"Dnes je vonku pekne, idem von so psom na dvor a "
zADTuV7nEORpOPqPqjLYGgZyVUD3,8,1770917924362051000,1770917924357244000,48,Insert,b,49,"Dnes je vonku pekne, idem von so psom na dvor a b"
zADTuV7nEORpOPqPqjLYGgZyVUD3,8,1770917924634272000,1770917924630059000,49,Insert,u,50,"Dnes je vonku pekne, idem von so psom na dvor a bu"
zADTuV7nEORpOPqPqjLYGgZyVUD3,8,1770917925029041000,1770917925018592000,50,Insert,d,51,"Dnes je vonku pekne, idem von so psom na dvor a bud"
zADTuV7nEORpOPqPqjLYGgZyVUD3,8,1770917925286656000,1770917925280024000,51,Insert,e,52,"Dnes je vonku pekne, idem von so psom na dvor a bude"
zADTuV7nEORpOPqPqjLYGgZyVUD3,8,1770917925546825000,1770917925538138000,52,Insert,m,53,"Dnes je vonku pekne, idem von so psom na dvor a budem"
zADTuV7nEORpOPqPqjLYGgZyVUD3,8,1770917926009183000,1770917925999728000,53,Insert, ,54,"Dnes je vonku pekne, idem von so psom na dvor a budem "
zADTuV7nEORpOPqPqjLYGgZyVUD3,8,1770917926432321000,1770917926422035000,54,Insert,t,55,"Dnes je vonku pekne, idem von so psom na dvor a budem t"
zADTuV7nEORpOPqPqjLYGgZyVUD3,8,1770917926696319000,1770917926689615000,55,Insert,a,56,"Dnes je vonku pekne, idem von so psom na dvor a budem ta"
zADTuV7nEORpOPqPqjLYGgZyVUD3,8,1770917927017375000,1770917927010719000,56,Insert,m,57,"Dnes je vonku pekne, idem von so psom na dvor a budem tam"
zADTuV7nEORpOPqPqjLYGgZyVUD3,8,1770917927308633000,1770917927300760000,57,Insert, ,58,"Dnes je vonku pekne, idem von so psom na dvor a budem tam "
zADTuV7nEORpOPqPqjLYGgZyVUD3,8,1770917927707945000,1770917927701430000,58,Insert,a,59,"Dnes je vonku pekne, idem von so psom na dvor a budem tam a"
zADTuV7nEORpOPqPqjLYGgZyVUD3,8,1770917928022652000,1770917928013744000,59,Insert,s,60,"Dnes je vonku pekne, idem von so psom na dvor a budem tam as"
zADTuV7nEORpOPqPqjLYGgZyVUD3,8,1770917928120897000,1770917928115855000,60,Insert,i,61,"Dnes je vonku pekne, idem von so psom na dvor a budem tam asi"
zADTuV7nEORpOPqPqjLYGgZyVUD3,8,1770917928806313000,1770917928799033000,61,Insert, ,62,"Dnes je vonku pekne, idem von so psom na dvor a budem tam asi "
zADTuV7nEORpOPqPqjLYGgZyVUD3,8,1770917929236996000,1770917929229722000,62,Insert,h,63,"Dnes je vonku pekne, idem von so psom na dvor a budem tam asi h"
zADTuV7nEORpOPqPqjLYGgZyVUD3,8,1770917929534680000,1770917929526824000,63,Insert,o,64,"Dnes je vonku pekne, idem von so psom na dvor a budem tam asi ho"
zADTuV7nEORpOPqPqjLYGgZyVUD3,8,1770917930202225000,1770917930192347000,64,Insert,d,65,"Dnes je vonku pekne, idem von so psom na dvor a budem tam asi hod"
zADTuV7nEORpOPqPqjLYGgZyVUD3,8,1770917930638454000,1770917930630969000,65,Insert,i,66,"Dnes je vonku pekne, idem von so psom na dvor a budem tam asi hodi"
zADTuV7nEORpOPqPqjLYGgZyVUD3,8,1770917930963403000,1770917930956835000,66,Insert,n,67,"Dnes je vonku pekne, idem von so psom na dvor a budem tam asi hodin"
zADTuV7nEORpOPqPqjLYGgZyVUD3,8,1770917931182146000,1770917931175867000,67,Insert,u,68,"Dnes je vonku pekne, idem von so psom na dvor a budem tam asi hodinu"
zADTuV7nEORpOPqPqjLYGgZyVUD3,8,1770917932197922000,1770917932185451000,68,Insert,",",69,"Dnes je vonku pekne, idem von so psom na dvor a budem tam asi hodinu,"
zADTuV7nEORpOPqPqjLYGgZyVUD3,8,1770917933107523000,1770917933098356000,69,Insert, ,70,"Dnes je vonku pekne, idem von so psom na dvor a budem tam asi hodinu, "
zADTuV7nEORpOPqPqjLYGgZyVUD3,8,1770917933388900000,1770917933380748000,70,Insert,b,71,"Dnes je vonku pekne, idem von so psom na dvor a budem tam asi hodinu, b"
zADTuV7nEORpOPqPqjLYGgZyVUD3,8,1770917933621534000,1770917933614512000,71,Insert,u,72,"Dnes je vonku pekne, idem von so psom na dvor a budem tam asi hodinu, bu"
zADTuV7nEORpOPqPqjLYGgZyVUD3,8,1770917933980336000,1770917933974652000,72,Insert,d,73,"Dnes je vonku pekne, idem von so psom na dvor a budem tam asi hodinu, bud"
zADTuV7nEORpOPqPqjLYGgZyVUD3,8,1770917934264343000,1770917934255002000,73,Insert,w,74,"Dnes je vonku pekne, idem von so psom na dvor a budem tam asi hodinu, budw"
zADTuV7nEORpOPqPqjLYGgZyVUD3,8,1770917935402547000,1770917935399101000,74,Delete,w,73,"Dnes je vonku pekne, idem von so psom na dvor a budem tam asi hodinu, bud"
zADTuV7nEORpOPqPqjLYGgZyVUD3,8,1770917935802477000,1770917935791608000,73,Insert,e,74,"Dnes je vonku pekne, idem von so psom na dvor a budem tam asi hodinu, bude"
zADTuV7nEORpOPqPqjLYGgZyVUD3,8,1770917936437978000,1770917936425644000,74,Insert, ,75,"Dnes je vonku pekne, idem von so psom na dvor a budem tam asi hodinu, bude "
zADTuV7nEORpOPqPqjLYGgZyVUD3,9,1770917941118055000,1770917941107553000,0,Insert,D,1,D
zADTuV7nEORpOPqPqjLYGgZyVUD3,9,1770917942505174000,1770917942498129000,1,Insert,n,2,Dn
zADTuV7nEORpOPqPqjLYGgZyVUD3,9,1770917942805181000,1770917942796004000,2,Insert,e,3,Dne
zADTuV7nEORpOPqPqjLYGgZyVUD3,9,1770917943079417000,1770917943072919000,3,Insert,s,4,Dnes
zADTuV7nEORpOPqPqjLYGgZyVUD3,9,1770917943617876000,1770917943609765000,4,Insert, ,5,Dnes 
zADTuV7nEORpOPqPqjLYGgZyVUD3,9,1770917944073012000,1770917944067080000,5,Insert,j,6,Dnes j
zADTuV7nEORpOPqPqjLYGgZyVUD3,9,1770917944377258000,1770917944370861000,6,Insert,e,7,Dnes je
zADTuV7nEORpOPqPqjLYGgZyVUD3,9,1770917944531934000,1770917944527090000,7,Insert, ,8,Dnes je 
zADTuV7nEORpOPqPqjLYGgZyVUD3,9,1770917945217693000,1770917945206865000,8,Insert,v,9,Dnes je v
zADTuV7nEORpOPqPqjLYGgZyVUD3,9,1770917945380101000,1770917945375878000,9,Insert,o,10,Dnes je vo
zADTuV7nEORpOPqPqjLYGgZyVUD3,9,1770917945693060000,1770917945685364000,10,Insert,n,11,Dnes je von
zADTuV7nEORpOPqPqjLYGgZyVUD3,9,1770917945897707000,1770917945893255000,11,Insert,k,12,Dnes je vonk
zADTuV7nEORpOPqPqjLYGgZyVUD3,9,1770917946073634000,1770917946068039000,12,Insert,u,13,Dnes je vonku
zADTuV7nEORpOPqPqjLYGgZyVUD3,9,1770917946642816000,1770917946633306000,13,Insert, ,14,Dnes je vonku 
zADTuV7nEORpOPqPqjLYGgZyVUD3,9,1770917946971187000,1770917946964322000,14,Insert,p,15,Dnes je vonku p
zADTuV7nEORpOPqPqjLYGgZyVUD3,9,1770917947332230000,1770917947326783000,15,Insert,e,16,Dnes je vonku pe
zADTuV7nEORpOPqPqjLYGgZyVUD3,9,1770917947433528000,1770917947429175000,16,Insert,k,17,Dnes je vonku pek
zADTuV7nEORpOPqPqjLYGgZyVUD3,9,1770917947684046000,1770917947676997000,17,Insert,n,18,Dnes je vonku pekn
zADTuV7nEORpOPqPqjLYGgZyVUD3,9,1770917948955904000,1770917948944600000,18,Insert,w,19,Dnes je vonku peknw
zADTuV7nEORpOPqPqjLYGgZyVUD3,9,1770917950428340000,1770917950417864000,19,Insert,",",20,"Dnes je vonku peknw,"
zADTuV7nEORpOPqPqjLYGgZyVUD3,9,1770917951361686000,1770917951357216000,20,Delete,",",19,Dnes je vonku peknw
zADTuV7nEORpOPqPqjLYGgZyVUD3,9,1770917951667730000,1770917951663604000,19,Delete,w,18,Dnes je vonku pekn
zADTuV7nEORpOPqPqjLYGgZyVUD3,9,1770917952602514000,1770917952591986000,18,Insert,e,19,Dnes je vonku pekne
zADTuV7nEORpOPqPqjLYGgZyVUD3,9,1770917953331228000,1770917953322964000,19,Insert,",",20,"Dnes je vonku pekne,"
zADTuV7nEORpOPqPqjLYGgZyVUD3,9,1770917954279482000,1770917954271534000,20,Insert, ,21,"Dnes je vonku pekne, "
zADTuV7nEORpOPqPqjLYGgZyVUD3,9,1770917955301644000,1770917955298620000,21,Insert,i,22,"Dnes je vonku pekne, i"
zADTuV7nEORpOPqPqjLYGgZyVUD3,9,1770917955699537000,1770917955691257000,22,Insert,d,23,"Dnes je vonku pekne, id"
zADTuV7nEORpOPqPqjLYGgZyVUD3,9,1770917955982357000,1770917955973972000,23,Insert,e,24,"Dnes je vonku pekne, ide"
zADTuV7nEORpOPqPqjLYGgZyVUD3,9,1770917956170684000,1770917956166542000,24,Insert,m,25,"Dnes je vonku pekne, idem"
zADTuV7nEORpOPqPqjLYGgZyVUD3,9,1770917957020691000,1770917957012397000,25,Insert, ,26,"Dnes je vonku pekne, idem "
zADTuV7nEORpOPqPqjLYGgZyVUD3,9,1770917957491008000,1770917957485301000,26,Insert,v,27,"Dnes je vonku pekne, idem v"
zADTuV7nEORpOPqPqjLYGgZyVUD3,9,1770917957856989000,1770917957848523000,27,Insert,o,28,"Dnes je vonku pekne, idem vo"
zADTuV7nEORpOPqPqjLYGgZyVUD3,9,1770917958171792000,1770917958165400000,28,Insert,n,29,"Dnes je vonku pekne, idem von"
zADTuV7nEORpOPqPqjLYGgZyVUD3,9,1770917958409710000,1770917958400499000,29,Insert, ,30,"Dnes je vonku pekne, idem von "
zADTuV7nEORpOPqPqjLYGgZyVUD3,9,1770917959749414000,1770917959738408000,30,Insert,s,31,"Dnes je vonku pekne, idem von s"
zADTuV7nEORpOPqPqjLYGgZyVUD3,9,1770917960008473000,1770917960000713000,31,Insert,o,32,"Dnes je vonku pekne, idem von so"
zADTuV7nEORpOPqPqjLYGgZyVUD3,9,1770917960978179000,1770917960969309000,32,Insert, ,33,"Dnes je vonku pekne, idem von so "
zADTuV7nEORpOPqPqjLYGgZyVUD3,9,1770917961574799000,1770917961570440000,33,Insert,p,34,"Dnes je vonku pekne, idem von so p"
zADTuV7nEORpOPqPqjLYGgZyVUD3,9,1770917961948717000,1770917961941572000,34,Insert,s,35,"Dnes je vonku pekne, idem von so ps"
zADTuV7nEORpOPqPqjLYGgZyVUD3,9,1770917962214202000,1770917962207463000,35,Insert,o,36,"Dnes je vonku pekne, idem von so pso"
zADTuV7nEORpOPqPqjLYGgZyVUD3,9,1770917962512626000,1770917962504836000,36,Insert,m,37,"Dnes je vonku pekne, idem von so psom"
zADTuV7nEORpOPqPqjLYGgZyVUD3,9,1770917963341857000,1770917963329403000,37,Insert, ,38,"Dnes je vonku pekne, idem von so psom "
zADTuV7nEORpOPqPqjLYGgZyVUD3,9,1770917963757746000,1770917963751948000,38,Insert,n,39,"Dnes je vonku pekne, idem von so psom n"
zADTuV7nEORpOPqPqjLYGgZyVUD3,9,1770917963958731000,1770917963954144000,39,Insert,a,40,"Dnes je vonku pekne, idem von so psom na"
zADTuV7nEORpOPqPqjLYGgZyVUD3,9,1770917964093961000,1770917964089083000,40,Insert, ,41,"Dnes je vonku pekne, idem von so psom na "
zADTuV7nEORpOPqPqjLYGgZyVUD3,9,1770917964967372000,1770917964959959000,41,Insert,d,42,"Dnes je vonku pekne, idem von so psom na d"
zADTuV7nEORpOPqPqjLYGgZyVUD3,9,1770917965494842000,1770917965487216000,42,Insert,v,43,"Dnes je vonku pekne, idem von so psom na dv"
zADTuV7nEORpOPqPqjLYGgZyVUD3,9,1770917966478694000,1770917966470540000,43,Insert,o,44,"Dnes je vonku pekne, idem von so psom na dvo"
zADTuV7nEORpOPqPqjLYGgZyVUD3,9,1770917967000649000,1770917966995183000,44,Insert,r,45,"Dnes je vonku pekne, idem von so psom na dvor"
zADTuV7nEORpOPqPqjLYGgZyVUD3,9,1770917967683366000,1770917967667066000,45,Insert, ,46,"Dnes je vonku pekne, idem von so psom na dvor "
zADTuV7nEORpOPqPqjLYGgZyVUD3,9,1770917968038052000,1770917968027215000,46,Insert,a,47,"Dnes je vonku pekne, idem von so psom na dvor a"
zADTuV7nEORpOPqPqjLYGgZyVUD3,9,1770917968292428000,1770917968281448000,47,Insert, ,48,"Dnes je vonku pekne, idem von so psom na dvor a "
zADTuV7nEORpOPqPqjLYGgZyVUD3,9,1770917968527188000,1770917968520894000,48,Insert,b,49,"Dnes je vonku pekne, idem von so psom na dvor a b"
zADTuV7nEORpOPqPqjLYGgZyVUD3,9,1770917968715681000,1770917968711443000,49,Insert,u,50,"Dnes je vonku pekne, idem von so psom na dvor a bu"
zADTuV7nEORpOPqPqjLYGgZyVUD3,9,1770917968982500000,1770917968978118000,50,Insert,s,51,"Dnes je vonku pekne, idem von so psom na dvor a bus"
zADTuV7nEORpOPqPqjLYGgZyVUD3,9,1770917969421614000,1770917969416681000,51,Insert,e,52,"Dnes je vonku pekne, idem von so psom na dvor a buse"
zADTuV7nEORpOPqPqjLYGgZyVUD3,9,1770917969960510000,1770917969955007000,52,Delete,e,51,"Dnes je vonku pekne, idem von so psom na dvor a bus"
zADTuV7nEORpOPqPqjLYGgZyVUD3,9,1770917970419048000,1770917970415162000,51,Delete,s,50,"Dnes je vonku pekne, idem von so psom na dvor a bu"
zADTuV7nEORpOPqPqjLYGgZyVUD3,9,1770917970721750000,1770917970717558000,50,Insert,d,51,"Dnes je vonku pekne, idem von so psom na dvor a bud"
zADTuV7nEORpOPqPqjLYGgZyVUD3,9,1770917970932628000,1770917970927970000,51,Insert,w,52,"Dnes je vonku pekne, idem von so psom na dvor a budw"
zADTuV7nEORpOPqPqjLYGgZyVUD3,9,1770917971279528000,1770917971270733000,52,Insert,m,53,"Dnes je vonku pekne, idem von so psom na dvor a budwm"
zADTuV7nEORpOPqPqjLYGgZyVUD3,9,1770917971906975000,1770917971900760000,53,Delete,m,52,"Dnes je vonku pekne, idem von so psom na dvor a budw"
zADTuV7nEORpOPqPqjLYGgZyVUD3,9,1770917972049919000,1770917972046386000,52,Delete,w,51,"Dnes je vonku pekne, idem von so psom na dvor a bud"
zADTuV7nEORpOPqPqjLYGgZyVUD3,9,1770917972361071000,1770917972353619000,51,Insert,w,52,"Dnes je vonku pekne, idem von so psom na dvor a budw"
zADTuV7nEORpOPqPqjLYGgZyVUD3,9,1770917972698707000,1770917972692705000,52,Insert,m,53,"Dnes je vonku pekne, idem von so psom na dvor a budwm"
zADTuV7nEORpOPqPqjLYGgZyVUD3,9,1770917973500691000,1770917973494257000,53,Delete,m,52,"Dnes je vonku pekne, idem von so psom na dvor a budw"
zADTuV7nEORpOPqPqjLYGgZyVUD3,9,1770917973637060000,1770917973633429000,52,Delete,w,51,"Dnes je vonku pekne, idem von so psom na dvor a bud"
zADTuV7nEORpOPqPqjLYGgZyVUD3,9,1770917974476072000,1770917974463878000,51,Insert,e,52,"Dnes je vonku pekne, idem von so psom na dvor a bude"
zADTuV7nEORpOPqPqjLYGgZyVUD3,9,1770917975000784000,1770917974996709000,52,Insert,m,53,"Dnes je vonku pekne, idem von so psom na dvor a budem"
zADTuV7nEORpOPqPqjLYGgZyVUD3,9,1770917975212335000,1770917975204374000,53,Insert, ,54,"Dnes je vonku pekne, idem von so psom na dvor a budem "
zADTuV7nEORpOPqPqjLYGgZyVUD3,9,1770917975548509000,1770917975543583000,54,Insert,t,55,"Dnes je vonku pekne, idem von so psom na dvor a budem t"
zADTuV7nEORpOPqPqjLYGgZyVUD3,9,1770917975977425000,1770917975969790000,55,Insert,a,56,"Dnes je vonku pekne, idem von so psom na dvor a budem ta"
zADTuV7nEORpOPqPqjLYGgZyVUD3,9,1770917976250046000,1770917976242979000,56,Insert,a,57,"Dnes je vonku pekne, idem von so psom na dvor a budem taa"
zADTuV7nEORpOPqPqjLYGgZyVUD3,9,1770917980777212000,1770917980757969000,57,Delete,a,56,"Dnes je vonku pekne, idem von so psom na dvor a budem ta"
zADTuV7nEORpOPqPqjLYGgZyVUD3,9,1770917981047689000,1770917981040177000,56,Insert,m,57,"Dnes je vonku pekne, idem von so psom na dvor a budem tam"
zADTuV7nEORpOPqPqjLYGgZyVUD3,9,1770917981782616000,1770917981771864000,57,Insert, ,58,"Dnes je vonku pekne, idem von so psom na dvor a budem tam "
zADTuV7nEORpOPqPqjLYGgZyVUD3,9,1770917982119405000,1770917982113633000,58,Insert,a,59,"Dnes je vonku pekne, idem von so psom na dvor a budem tam a"
zADTuV7nEORpOPqPqjLYGgZyVUD3,9,1770917982419608000,1770917982413648000,59,Insert,a,60,"Dnes je vonku pekne, idem von so psom na dvor a budem tam aa"
zADTuV7nEORpOPqPqjLYGgZyVUD3,9,1770917982585764000,1770917982581315000,60,Insert,i,61,"Dnes je vonku pekne, idem von so psom na dvor a budem tam aai"
zADTuV7nEORpOPqPqjLYGgZyVUD3,9,1770917983410057000,1770917983404812000,61,Delete,i,60,"Dnes je vonku pekne, idem von so psom na dvor a budem tam aa"
zADTuV7nEORpOPqPqjLYGgZyVUD3,9,1770917983543098000,1770917983539493000,60,Delete,a,59,"Dnes je vonku pekne, idem von so psom na dvor a budem tam a"
zADTuV7nEORpOPqPqjLYGgZyVUD3,9,1770917984240563000,1770917984230549000,59,Insert,s,60,"Dnes je vonku pekne, idem von so psom na dvor a budem tam as"
zADTuV7nEORpOPqPqjLYGgZyVUD3,9,1770917984429561000,1770917984425534000,60,Insert,i,61,"Dnes je vonku pekne, idem von so psom na dvor a budem tam asi"
zADTuV7nEORpOPqPqjLYGgZyVUD3,9,1770917985639211000,1770917985629278000,61,Insert, ,62,"Dnes je vonku pekne, idem von so psom na dvor a budem tam asi "
zADTuV7nEORpOPqPqjLYGgZyVUD3,9,1770917986015133000,1770917986010935000,62,Insert,h,63,"Dnes je vonku pekne, idem von so psom na dvor a budem tam asi h"
zADTuV7nEORpOPqPqjLYGgZyVUD3,9,1770917986340189000,1770917986333724000,63,Insert,o,64,"Dnes je vonku pekne, idem von so psom na dvor a budem tam asi ho"
zADTuV7nEORpOPqPqjLYGgZyVUD3,9,1770917986802614000,1770917986795632000,64,Insert,d,65,"Dnes je vonku pekne, idem von so psom na dvor a budem tam asi hod"
zADTuV7nEORpOPqPqjLYGgZyVUD3,9,1770917986971550000,1770917986965612000,65,Insert,i,66,"Dnes je vonku pekne, idem von so psom na dvor a budem tam asi hodi"
zADTuV7nEORpOPqPqjLYGgZyVUD3,9,1770917987768273000,1770917987760646000,66,Insert,n,67,"Dnes je vonku pekne, idem von so psom na dvor a budem tam asi hodin"
zADTuV7nEORpOPqPqjLYGgZyVUD3,9,1770917988067315000,1770917988063057000,67,Insert,u,68,"Dnes je vonku pekne, idem von so psom na dvor a budem tam asi hodinu"
zADTuV7nEORpOPqPqjLYGgZyVUD3,9,1770917989107376000,1770917989098707000,68,Insert,",",69,"Dnes je vonku pekne, idem von so psom na dvor a budem tam asi hodinu,"
zADTuV7nEORpOPqPqjLYGgZyVUD3,9,1770917995466378000,1770917995444038000,69,Insert, ,70,"Dnes je vonku pekne, idem von so psom na dvor a budem tam asi hodinu, "
zADTuV7nEORpOPqPqjLYGgZyVUD3,9,1770917997512406000,1770917997506234000,70,Insert,b,71,"Dnes je vonku pekne, idem von so psom na dvor a budem tam asi hodinu, b"
zADTuV7nEORpOPqPqjLYGgZyVUD3,9,1770917997800742000,1770917997792361000,71,Insert,u,72,"Dnes je vonku pekne, idem von so psom na dvor a budem tam asi hodinu, bu"
zADTuV7nEORpOPqPqjLYGgZyVUD3,9,1770917998135968000,1770917998127639000,72,Insert,d,73,"Dnes je vonku pekne, idem von so psom na dvor a budem tam asi hodinu, bud"
zADTuV7nEORpOPqPqjLYGgZyVUD3,9,1770917998303895000,1770917998297603000,73,Insert,e,74,"Dnes je vonku pekne, idem von so psom na dvor a budem tam asi hodinu, bude"
zADTuV7nEORpOPqPqjLYGgZyVUD3,9,1770917999169258000,1770917999164161000,74,Insert, ,75,"Dnes je vonku pekne, idem von so psom na dvor a budem tam asi hodinu, bude "
zADTuV7nEORpOPqPqjLYGgZyVUD3,10,1770918005496401000,1770918005487408000,0,Insert,D,1,D
zADTuV7nEORpOPqPqjLYGgZyVUD3,10,1770918006084927000,1770918006079552000,1,Insert,n,2,Dn
zADTuV7nEORpOPqPqjLYGgZyVUD3,10,1770918006474884000,1770918006468033000,2,Insert,e,3,Dne
zADTuV7nEORpOPqPqjLYGgZyVUD3,10,1770918007758371000,1770918007753994000,3,Insert,s,4,Dnes
zADTuV7nEORpOPqPqjLYGgZyVUD3,10,1770918008011680000,1770918008003602000,4,Insert, ,5,Dnes 
zADTuV7nEORpOPqPqjLYGgZyVUD3,10,1770918008613374000,1770918008603847000,5,Insert,j,6,Dnes j
zADTuV7nEORpOPqPqjLYGgZyVUD3,10,1770918008943781000,1770918008937531000,6,Insert,e,7,Dnes je
zADTuV7nEORpOPqPqjLYGgZyVUD3,10,1770918009092685000,1770918009087260000,7,Insert, ,8,Dnes je 
zADTuV7nEORpOPqPqjLYGgZyVUD3,10,1770918009703564000,1770918009699531000,8,Insert,v,9,Dnes je v
zADTuV7nEORpOPqPqjLYGgZyVUD3,10,1770918010096994000,1770918010093105000,9,Insert,o,10,Dnes je vo
zADTuV7nEORpOPqPqjLYGgZyVUD3,10,1770918010417047000,1770918010409873000,10,Insert,n,11,Dnes je von
zADTuV7nEORpOPqPqjLYGgZyVUD3,10,1770918010633810000,1770918010626325000,11,Insert,k,12,Dnes je vonk
zADTuV7nEORpOPqPqjLYGgZyVUD3,10,1770918010814816000,1770918010809323000,12,Insert,u,13,Dnes je vonku
zADTuV7nEORpOPqPqjLYGgZyVUD3,10,1770918011180609000,1770918011173075000,13,Insert, ,14,Dnes je vonku 
zADTuV7nEORpOPqPqjLYGgZyVUD3,10,1770918011640147000,1770918011634508000,14,Insert,p,15,Dnes je vonku p
zADTuV7nEORpOPqPqjLYGgZyVUD3,10,1770918012053478000,1770918012046669000,15,Insert,e,16,Dnes je vonku pe
zADTuV7nEORpOPqPqjLYGgZyVUD3,10,1770918012177557000,1770918012173522000,16,Insert,k,17,Dnes je vonku pek
zADTuV7nEORpOPqPqjLYGgZyVUD3,10,1770918012405452000,1770918012398252000,17,Insert,n,18,Dnes je vonku pekn
zADTuV7nEORpOPqPqjLYGgZyVUD3,10,1770918012728687000,1770918012719733000,18,Insert,e,19,Dnes je vonku pekne
zADTuV7nEORpOPqPqjLYGgZyVUD3,10,1770918013426711000,1770918013422513000,19,Insert,",",20,"Dnes je vonku pekne,"
zADTuV7nEORpOPqPqjLYGgZyVUD3,10,1770918014084247000,1770918014073403000,20,Insert, ,21,"Dnes je vonku pekne, "
zADTuV7nEORpOPqPqjLYGgZyVUD3,10,1770918014458610000,1770918014453976000,21,Insert,i,22,"Dnes je vonku pekne, i"
zADTuV7nEORpOPqPqjLYGgZyVUD3,10,1770918014830794000,1770918014820842000,22,Insert,d,23,"Dnes je vonku pekne, id"
zADTuV7nEORpOPqPqjLYGgZyVUD3,10,1770918015095250000,1770918015084645000,23,Insert,w,24,"Dnes je vonku pekne, idw"
zADTuV7nEORpOPqPqjLYGgZyVUD3,10,1770918015221352000,1770918015216659000,24,Insert,m,25,"Dnes je vonku pekne, idwm"
zADTuV7nEORpOPqPqjLYGgZyVUD3,10,1770918016028259000,1770918016024048000,25,Delete,m,24,"Dnes je vonku pekne, idw"
zADTuV7nEORpOPqPqjLYGgZyVUD3,10,1770918016174037000,1770918016170426000,24,Delete,w,23,"Dnes je vonku pekne, id"
zADTuV7nEORpOPqPqjLYGgZyVUD3,10,1770918016508222000,1770918016499593000,23,Insert,e,24,"Dnes je vonku pekne, ide"
zADTuV7nEORpOPqPqjLYGgZyVUD3,10,1770918017122785000,1770918017115822000,24,Insert,m,25,"Dnes je vonku pekne, idem"
zADTuV7nEORpOPqPqjLYGgZyVUD3,10,1770918018805441000,1770918018798293000,25,Insert, ,26,"Dnes je vonku pekne, idem "
zADTuV7nEORpOPqPqjLYGgZyVUD3,10,1770918019115608000,1770918019107912000,26,Insert,v,27,"Dnes je vonku pekne, idem v"
zADTuV7nEORpOPqPqjLYGgZyVUD3,10,1770918019483260000,1770918019476405000,27,Insert,o,28,"Dnes je vonku pekne, idem vo"
zADTuV7nEORpOPqPqjLYGgZyVUD3,10,1770918019816641000,1770918019809828000,28,Insert,n,29,"Dnes je vonku pekne, idem von"
zADTuV7nEORpOPqPqjLYGgZyVUD3,10,1770918020409139000,1770918020396601000,29,Insert, ,30,"Dnes je vonku pekne, idem von "
zADTuV7nEORpOPqPqjLYGgZyVUD3,10,1770918021059107000,1770918021049216000,30,Insert,s,31,"Dnes je vonku pekne, idem von s"
zADTuV7nEORpOPqPqjLYGgZyVUD3,10,1770918021258112000,1770918021253292000,31,Insert,o,32,"Dnes je vonku pekne, idem von so"
zADTuV7nEORpOPqPqjLYGgZyVUD3,10,1770918022355202000,1770918022343747000,32,Insert, ,33,"Dnes je vonku pekne, idem von so "
zADTuV7nEORpOPqPqjLYGgZyVUD3,10,1770918022967685000,1770918022962047000,33,Insert,p,34,"Dnes je vonku pekne, idem von so p"
zADTuV7nEORpOPqPqjLYGgZyVUD3,10,1770918023335345000,1770918023328676000,34,Insert,s,35,"Dnes je vonku pekne, idem von so ps"
zADTuV7nEORpOPqPqjLYGgZyVUD3,10,1770918023455263000,1770918023450602000,35,Insert,o,36,"Dnes je vonku pekne, idem von so pso"
zADTuV7nEORpOPqPqjLYGgZyVUD3,10,1770918023795255000,1770918023788209000,36,Insert,m,37,"Dnes je vonku pekne, idem von so psom"
zADTuV7nEORpOPqPqjLYGgZyVUD3,10,1770918025484707000,1770918025472973000,37,Insert, ,38,"Dnes je vonku pekne, idem von so psom "
zADTuV7nEORpOPqPqjLYGgZyVUD3,10,1770918025811521000,1770918025806723000,38,Insert,n,39,"Dnes je vonku pekne, idem von so psom n"
zADTuV7nEORpOPqPqjLYGgZyVUD3,10,1770918026106363000,1770918026095971000,39,Insert,a,40,"Dnes je vonku pekne, idem von so psom na"
zADTuV7nEORpOPqPqjLYGgZyVUD3,10,1770918026288566000,1770918026283805000,40,Insert, ,41,"Dnes je vonku pekne, idem von so psom na "
zADTuV7nEORpOPqPqjLYGgZyVUD3,10,1770918027083134000,1770918027074707000,41,Insert,d,42,"Dnes je vonku pekne, idem von so psom na d"
zADTuV7nEORpOPqPqjLYGgZyVUD3,10,1770918027668322000,1770918027663460000,42,Insert,v,43,"Dnes je vonku pekne, idem von so psom na dv"
zADTuV7nEORpOPqPqjLYGgZyVUD3,10,1770918028029620000,1770918028020770000,43,Insert,o,44,"Dnes je vonku pekne, idem von so psom na dvo"
zADTuV7nEORpOPqPqjLYGgZyVUD3,10,1770918028391960000,1770918028384044000,44,Insert,r,45,"Dnes je vonku pekne, idem von so psom na dvor"
zADTuV7nEORpOPqPqjLYGgZyVUD3,10,1770918029741630000,1770918029733058000,45,Insert, ,46,"Dnes je vonku pekne, idem von so psom na dvor "
zADTuV7nEORpOPqPqjLYGgZyVUD3,10,1770918030086968000,1770918030077845000,46,Insert,a,47,"Dnes je vonku pekne, idem von so psom na dvor a"
zADTuV7nEORpOPqPqjLYGgZyVUD3,10,1770918030263574000,1770918030259118000,47,Insert, ,48,"Dnes je vonku pekne, idem von so psom na dvor a "
zADTuV7nEORpOPqPqjLYGgZyVUD3,10,1770918031314991000,1770918031310169000,48,Insert,b,49,"Dnes je vonku pekne, idem von so psom na dvor a b"
zADTuV7nEORpOPqPqjLYGgZyVUD3,10,1770918031681703000,1770918031674963000,49,Insert,u,50,"Dnes je vonku pekne, idem von so psom na dvor a bu"
zADTuV7nEORpOPqPqjLYGgZyVUD3,10,1770918032028677000,1770918032020533000,50,Insert,d,51,"Dnes je vonku pekne, idem von so psom na dvor a bud"
zADTuV7nEORpOPqPqjLYGgZyVUD3,10,1770918032184402000,1770918032179979000,51,Insert,e,52,"Dnes je vonku pekne, idem von so psom na dvor a bude"
zADTuV7nEORpOPqPqjLYGgZyVUD3,10,1770918033015526000,1770918033007163000,52,Insert,m,53,"Dnes je vonku pekne, idem von so psom na dvor a budem"
zADTuV7nEORpOPqPqjLYGgZyVUD3,10,1770918033498525000,1770918033489046000,53,Insert, ,54,"Dnes je vonku pekne, idem von so psom na dvor a budem "
zADTuV7nEORpOPqPqjLYGgZyVUD3,10,1770918033880793000,1770918033874883000,54,Insert,t,55,"Dnes je vonku pekne, idem von so psom na dvor a budem t"
zADTuV7nEORpOPqPqjLYGgZyVUD3,10,1770918034197430000,1770918034191527000,55,Insert,a,56,"Dnes je vonku pekne, idem von so psom na dvor a budem ta"
zADTuV7nEORpOPqPqjLYGgZyVUD3,10,1770918034439623000,1770918034433731000,56,Insert,m,57,"Dnes je vonku pekne, idem von so psom na dvor a budem tam"
zADTuV7nEORpOPqPqjLYGgZyVUD3,10,1770918034797907000,1770918034790550000,57,Insert, ,58,"Dnes je vonku pekne, idem von so psom na dvor a budem tam "
zADTuV7nEORpOPqPqjLYGgZyVUD3,10,1770918035093205000,1770918035083501000,58,Insert,a,59,"Dnes je vonku pekne, idem von so psom na dvor a budem tam a"
zADTuV7nEORpOPqPqjLYGgZyVUD3,10,1770918035414241000,1770918035405983000,59,Insert,s,60,"Dnes je vonku pekne, idem von so psom na dvor a budem tam as"
zADTuV7nEORpOPqPqjLYGgZyVUD3,10,1770918035530788000,1770918035526463000,60,Insert,i,61,"Dnes je vonku pekne, idem von so psom na dvor a budem tam asi"
zADTuV7nEORpOPqPqjLYGgZyVUD3,10,1770918036662201000,1770918036650293000,61,Insert, ,62,"Dnes je vonku pekne, idem von so psom na dvor a budem tam asi "
zADTuV7nEORpOPqPqjLYGgZyVUD3,10,1770918037138989000,1770918037131550000,62,Insert,h,63,"Dnes je vonku pekne, idem von so psom na dvor a budem tam asi h"
zADTuV7nEORpOPqPqjLYGgZyVUD3,10,1770918037485556000,1770918037477336000,63,Insert,o,64,"Dnes je vonku pekne, idem von so psom na dvor a budem tam asi ho"
zADTuV7nEORpOPqPqjLYGgZyVUD3,10,1770918037899362000,1770918037890315000,64,Insert,d,65,"Dnes je vonku pekne, idem von so psom na dvor a budem tam asi hod"
zADTuV7nEORpOPqPqjLYGgZyVUD3,10,1770918038033502000,1770918038022787000,65,Insert,i,66,"Dnes je vonku pekne, idem von so psom na dvor a budem tam asi hodi"
zADTuV7nEORpOPqPqjLYGgZyVUD3,10,1770918038881861000,1770918038874392000,66,Insert,n,67,"Dnes je vonku pekne, idem von so psom na dvor a budem tam asi hodin"
zADTuV7nEORpOPqPqjLYGgZyVUD3,10,1770918039149370000,1770918039141381000,67,Insert,u,68,"Dnes je vonku pekne, idem von so psom na dvor a budem tam asi hodinu"
zADTuV7nEORpOPqPqjLYGgZyVUD3,10,1770918039988588000,1770918039976450000,68,Insert,",",69,"Dnes je vonku pekne, idem von so psom na dvor a budem tam asi hodinu,"
zADTuV7nEORpOPqPqjLYGgZyVUD3,10,1770918040427876000,1770918040422126000,69,Insert, ,70,"Dnes je vonku pekne, idem von so psom na dvor a budem tam asi hodinu, "
zADTuV7nEORpOPqPqjLYGgZyVUD3,10,1770918041170851000,1770918041160126000,70,Insert,b,71,"Dnes je vonku pekne, idem von so psom na dvor a budem tam asi hodinu, b"
zADTuV7nEORpOPqPqjLYGgZyVUD3,10,1770918042628693000,1770918042618501000,71,Insert,u,72,"Dnes je vonku pekne, idem von so psom na dvor a budem tam asi hodinu, bu"
zADTuV7nEORpOPqPqjLYGgZyVUD3,10,1770918042976732000,1770918042966991000,72,Insert,d,73,"Dnes je vonku pekne, idem von so psom na dvor a budem tam asi hodinu, bud"
zADTuV7nEORpOPqPqjLYGgZyVUD3,10,1770918043279227000,1770918043268770000,73,Insert,e,74,"Dnes je vonku pekne, idem von so psom na dvor a budem tam asi hodinu, bude"
zADTuV7nEORpOPqPqjLYGgZyVUD3,10,1770918043937217000,1770918043926580000,74,Insert, ,75,"Dnes je vonku pekne, idem von so psom na dvor a budem tam asi hodinu, bude "
zADTuV7nEORpOPqPqjLYGgZyVUD3,11,1770918049401460000,1770918049397292000,0,Insert,D,1,D
zADTuV7nEORpOPqPqjLYGgZyVUD3,11,1770918050536553000,1770918050532587000,1,Insert,n,2,Dn
zADTuV7nEORpOPqPqjLYGgZyVUD3,11,1770918050851257000,1770918050843578000,2,Insert,e,3,Dne
zADTuV7nEORpOPqPqjLYGgZyVUD3,11,1770918051163541000,1770918051157592000,3,Insert,s,4,Dnes
zADTuV7nEORpOPqPqjLYGgZyVUD3,11,1770918051892046000,1770918051875864000,4,Insert, ,5,Dnes 
zADTuV7nEORpOPqPqjLYGgZyVUD3,11,1770918053279400000,1770918053272726000,5,Insert,j,6,Dnes j
zADTuV7nEORpOPqPqjLYGgZyVUD3,11,1770918053698047000,1770918053691664000,6,Insert,e,7,Dnes je
zADTuV7nEORpOPqPqjLYGgZyVUD3,11,1770918053864260000,1770918053860023000,7,Insert, ,8,Dnes je 
zADTuV7nEORpOPqPqjLYGgZyVUD3,11,1770918054404055000,1770918054400007000,8,Insert,v,9,Dnes je v
zADTuV7nEORpOPqPqjLYGgZyVUD3,11,1770918055362465000,1770918055355808000,9,Insert,o,10,Dnes je vo
zADTuV7nEORpOPqPqjLYGgZyVUD3,11,1770918055678723000,1770918055674562000,10,Insert,n,11,Dnes je von
zADTuV7nEORpOPqPqjLYGgZyVUD3,11,1770918055880327000,1770918055875566000,11,Insert,k,12,Dnes je vonk
zADTuV7nEORpOPqPqjLYGgZyVUD3,11,1770918056087169000,1770918056080083000,12,Insert,u,13,Dnes je vonku
zADTuV7nEORpOPqPqjLYGgZyVUD3,11,1770918057654943000,1770918057645919000,13,Insert, ,14,Dnes je vonku 
zADTuV7nEORpOPqPqjLYGgZyVUD3,11,1770918059715897000,1770918059707847000,14,Insert,p,15,Dnes je vonku p
zADTuV7nEORpOPqPqjLYGgZyVUD3,11,1770918060169935000,1770918060162427000,15,Insert,e,16,Dnes je vonku pe
zADTuV7nEORpOPqPqjLYGgZyVUD3,11,1770918060312378000,1770918060307781000,16,Insert,k,17,Dnes je vonku pek
zADTuV7nEORpOPqPqjLYGgZyVUD3,11,1770918060539070000,1770918060528369000,17,Insert,n,18,Dnes je vonku pekn
zADTuV7nEORpOPqPqjLYGgZyVUD3,11,1770918060871730000,1770918060861610000,18,Insert,e,19,Dnes je vonku pekne
zADTuV7nEORpOPqPqjLYGgZyVUD3,11,1770918062512505000,1770918062499688000,19,Insert,",",20,"Dnes je vonku pekne,"
zADTuV7nEORpOPqPqjLYGgZyVUD3,11,1770918062947960000,1770918062942657000,20,Insert, ,21,"Dnes je vonku pekne, "
zADTuV7nEORpOPqPqjLYGgZyVUD3,11,1770918063797578000,1770918063788352000,21,Insert,i,22,"Dnes je vonku pekne, i"
zADTuV7nEORpOPqPqjLYGgZyVUD3,11,1770918064235568000,1770918064226390000,22,Insert,d,23,"Dnes je vonku pekne, id"
zADTuV7nEORpOPqPqjLYGgZyVUD3,11,1770918064530275000,1770918064523328000,23,Insert,e,24,"Dnes je vonku pekne, ide"
zADTuV7nEORpOPqPqjLYGgZyVUD3,11,1770918064663239000,1770918064658838000,24,Insert,m,25,"Dnes je vonku pekne, idem"
zADTuV7nEORpOPqPqjLYGgZyVUD3,11,1770918065384898000,1770918065379999000,25,Insert, ,26,"Dnes je vonku pekne, idem "
zADTuV7nEORpOPqPqjLYGgZyVUD3,11,1770918065967168000,1770918065962932000,26,Insert,c,27,"Dnes je vonku pekne, idem c"
zADTuV7nEORpOPqPqjLYGgZyVUD3,11,1770918066097558000,1770918066093123000,27,Insert,o,28,"Dnes je vonku pekne, idem co"
zADTuV7nEORpOPqPqjLYGgZyVUD3,11,1770918066393152000,1770918066386721000,28,Insert,n,29,"Dnes je vonku pekne, idem con"
zADTuV7nEORpOPqPqjLYGgZyVUD3,11,1770918066708814000,1770918066703858000,29,Insert, ,30,"Dnes je vonku pekne, idem con "
zADTuV7nEORpOPqPqjLYGgZyVUD3,11,1770918067252957000,1770918067249798000,30,Delete, ,29,"Dnes je vonku pekne, idem con"
zADTuV7nEORpOPqPqjLYGgZyVUD3,11,1770918067409071000,1770918067405627000,29,Delete,n,28,"Dnes je vonku pekne, idem co"
zADTuV7nEORpOPqPqjLYGgZyVUD3,11,1770918067578258000,1770918067575509000,28,Delete,o,27,"Dnes je vonku pekne, idem c"
zADTuV7nEORpOPqPqjLYGgZyVUD3,11,1770918068604460000,1770918068601820000,27,Delete,c,26,"Dnes je vonku pekne, idem "
zADTuV7nEORpOPqPqjLYGgZyVUD3,11,1770918069477748000,1770918069471390000,26,Insert,v,27,"Dnes je vonku pekne, idem v"
zADTuV7nEORpOPqPqjLYGgZyVUD3,11,1770918070026495000,1770918070020793000,27,Insert,o,28,"Dnes je vonku pekne, idem vo"
zADTuV7nEORpOPqPqjLYGgZyVUD3,11,1770918072030185000,1770918072022530000,28,Insert,n,29,"Dnes je vonku pekne, idem von"
zADTuV7nEORpOPqPqjLYGgZyVUD3,11,1770918074749171000,1770918074737604000,29,Insert, ,30,"Dnes je vonku pekne, idem von "
zADTuV7nEORpOPqPqjLYGgZyVUD3,11,1770918075228831000,1770918075222918000,30,Insert,s,31,"Dnes je vonku pekne, idem von s"
zADTuV7nEORpOPqPqjLYGgZyVUD3,11,1770918075349131000,1770918075344254000,31,Insert,o,32,"Dnes je vonku pekne, idem von so"
zADTuV7nEORpOPqPqjLYGgZyVUD3,11,1770918076013511000,1770918076001735000,32,Insert, ,33,"Dnes je vonku pekne, idem von so "
zADTuV7nEORpOPqPqjLYGgZyVUD3,11,1770918076380957000,1770918076374069000,33,Insert,p,34,"Dnes je vonku pekne, idem von so p"
zADTuV7nEORpOPqPqjLYGgZyVUD3,11,1770918076763436000,1770918076756316000,34,Insert,s,35,"Dnes je vonku pekne, idem von so ps"
zADTuV7nEORpOPqPqjLYGgZyVUD3,11,1770918076893384000,1770918076889594000,35,Insert,o,36,"Dnes je vonku pekne, idem von so pso"
zADTuV7nEORpOPqPqjLYGgZyVUD3,11,1770918077617366000,1770918077609941000,36,Insert,m,37,"Dnes je vonku pekne, idem von so psom"
zADTuV7nEORpOPqPqjLYGgZyVUD3,11,1770918079045975000,1770918079037267000,37,Insert, ,38,"Dnes je vonku pekne, idem von so psom "
zADTuV7nEORpOPqPqjLYGgZyVUD3,11,1770918079282866000,1770918079276345000,38,Insert,n,39,"Dnes je vonku pekne, idem von so psom n"
zADTuV7nEORpOPqPqjLYGgZyVUD3,11,1770918079568714000,1770918079559088000,39,Insert,a,40,"Dnes je vonku pekne, idem von so psom na"
zADTuV7nEORpOPqPqjLYGgZyVUD3,11,1770918079634071000,1770918079629099000,40,Insert, ,41,"Dnes je vonku pekne, idem von so psom na "
zADTuV7nEORpOPqPqjLYGgZyVUD3,11,1770918080429445000,1770918080422263000,41,Insert,d,42,"Dnes je vonku pekne, idem von so psom na d"
zADTuV7nEORpOPqPqjLYGgZyVUD3,11,1770918081577420000,1770918081569972000,42,Insert,v,43,"Dnes je vonku pekne, idem von so psom na dv"
zADTuV7nEORpOPqPqjLYGgZyVUD3,11,1770918081990870000,1770918081985604000,43,Insert,o,44,"Dnes je vonku pekne, idem von so psom na dvo"
zADTuV7nEORpOPqPqjLYGgZyVUD3,11,1770918082327600000,1770918082320328000,44,Insert,r,45,"Dnes je vonku pekne, idem von so psom na dvor"
zADTuV7nEORpOPqPqjLYGgZyVUD3,11,1770918083304286000,1770918083295680000,45,Insert, ,46,"Dnes je vonku pekne, idem von so psom na dvor "
zADTuV7nEORpOPqPqjLYGgZyVUD3,11,1770918085150142000,1770918085139919000,46,Insert,a,47,"Dnes je vonku pekne, idem von so psom na dvor a"
zADTuV7nEORpOPqPqjLYGgZyVUD3,11,1770918085333882000,1770918085328393000,47,Insert, ,48,"Dnes je vonku pekne, idem von so psom na dvor a "
zADTuV7nEORpOPqPqjLYGgZyVUD3,11,1770918085574528000,1770918085568364000,48,Insert,b,49,"Dnes je vonku pekne, idem von so psom na dvor a b"
zADTuV7nEORpOPqPqjLYGgZyVUD3,11,1770918085836828000,1770918085828174000,49,Insert,u,50,"Dnes je vonku pekne, idem von so psom na dvor a bu"
zADTuV7nEORpOPqPqjLYGgZyVUD3,11,1770918086183710000,1770918086174213000,50,Insert,d,51,"Dnes je vonku pekne, idem von so psom na dvor a bud"
zADTuV7nEORpOPqPqjLYGgZyVUD3,11,1770918086440704000,1770918086434883000,51,Insert,e,52,"Dnes je vonku pekne, idem von so psom na dvor a bude"
zADTuV7nEORpOPqPqjLYGgZyVUD3,11,1770918086622276000,1770918086617994000,52,Insert,m,53,"Dnes je vonku pekne, idem von so psom na dvor a budem"
zADTuV7nEORpOPqPqjLYGgZyVUD3,11,1770918087693733000,1770918087682575000,53,Insert, ,54,"Dnes je vonku pekne, idem von so psom na dvor a budem "
zADTuV7nEORpOPqPqjLYGgZyVUD3,11,1770918088111439000,1770918088103514000,54,Insert,t,55,"Dnes je vonku pekne, idem von so psom na dvor a budem t"
zADTuV7nEORpOPqPqjLYGgZyVUD3,11,1770918088480005000,1770918088473768000,55,Insert,a,56,"Dnes je vonku pekne, idem von so psom na dvor a budem ta"
zADTuV7nEORpOPqPqjLYGgZyVUD3,11,1770918088739796000,1770918088733786000,56,Insert,m,57,"Dnes je vonku pekne, idem von so psom na dvor a budem tam"
zADTuV7nEORpOPqPqjLYGgZyVUD3,11,1770918089906428000,1770918089898225000,57,Insert, ,58,"Dnes je vonku pekne, idem von so psom na dvor a budem tam "
zADTuV7nEORpOPqPqjLYGgZyVUD3,11,1770918090233159000,1770918090225602000,58,Insert,a,59,"Dnes je vonku pekne, idem von so psom na dvor a budem tam a"
zADTuV7nEORpOPqPqjLYGgZyVUD3,11,1770918090515113000,1770918090505091000,59,Insert,a,60,"Dnes je vonku pekne, idem von so psom na dvor a budem tam aa"
zADTuV7nEORpOPqPqjLYGgZyVUD3,11,1770918090708318000,1770918090702564000,60,Insert,i,61,"Dnes je vonku pekne, idem von so psom na dvor a budem tam aai"
zADTuV7nEORpOPqPqjLYGgZyVUD3,11,1770918091788667000,1770918091782896000,61,Delete,i,60,"Dnes je vonku pekne, idem von so psom na dvor a budem tam aa"
zADTuV7nEORpOPqPqjLYGgZyVUD3,11,1770918091938476000,1770918091935251000,60,Delete,a,59,"Dnes je vonku pekne, idem von so psom na dvor a budem tam a"
zADTuV7nEORpOPqPqjLYGgZyVUD3,11,1770918092899242000,1770918092889490000,59,Insert,s,60,"Dnes je vonku pekne, idem von so psom na dvor a budem tam as"
zADTuV7nEORpOPqPqjLYGgZyVUD3,11,1770918093202118000,1770918093195127000,60,Insert,i,61,"Dnes je vonku pekne, idem von so psom na dvor a budem tam asi"
zADTuV7nEORpOPqPqjLYGgZyVUD3,11,1770918094179898000,1770918094169544000,61,Insert, ,62,"Dnes je vonku pekne, idem von so psom na dvor a budem tam asi "
zADTuV7nEORpOPqPqjLYGgZyVUD3,11,1770918094963359000,1770918094954952000,62,Insert,h,63,"Dnes je vonku pekne, idem von so psom na dvor a budem tam asi h"
zADTuV7nEORpOPqPqjLYGgZyVUD3,11,1770918095274991000,1770918095268344000,63,Insert,o,64,"Dnes je vonku pekne, idem von so psom na dvor a budem tam asi ho"
zADTuV7nEORpOPqPqjLYGgZyVUD3,11,1770918095687949000,1770918095681480000,64,Insert,d,65,"Dnes je vonku pekne, idem von so psom na dvor a budem tam asi hod"
zADTuV7nEORpOPqPqjLYGgZyVUD3,11,1770918095971219000,1770918095964738000,65,Insert,i,66,"Dnes je vonku pekne, idem von so psom na dvor a budem tam asi hodi"
zADTuV7nEORpOPqPqjLYGgZyVUD3,11,1770918097077195000,1770918097068178000,66,Insert,n,67,"Dnes je vonku pekne, idem von so psom na dvor a budem tam asi hodin"
zADTuV7nEORpOPqPqjLYGgZyVUD3,11,1770918097367899000,1770918097361255000,67,Insert,u,68,"Dnes je vonku pekne, idem von so psom na dvor a budem tam asi hodinu"
zADTuV7nEORpOPqPqjLYGgZyVUD3,11,1770918099039134000,1770918099026202000,68,Insert,",",69,"Dnes je vonku pekne, idem von so psom na dvor a budem tam asi hodinu,"
zADTuV7nEORpOPqPqjLYGgZyVUD3,11,1770918099760276000,1770918099752211000,69,Insert, ,70,"Dnes je vonku pekne, idem von so psom na dvor a budem tam asi hodinu, "
zADTuV7nEORpOPqPqjLYGgZyVUD3,11,1770918099992072000,1770918099985748000,70,Insert,b,71,"Dnes je vonku pekne, idem von so psom na dvor a budem tam asi hodinu, b"
zADTuV7nEORpOPqPqjLYGgZyVUD3,11,1770918100242432000,1770918100234601000,71,Insert,u,72,"Dnes je vonku pekne, idem von so psom na dvor a budem tam asi hodinu, bu"
zADTuV7nEORpOPqPqjLYGgZyVUD3,11,1770918100516763000,1770918100509238000,72,Insert,d,73,"Dnes je vonku pekne, idem von so psom na dvor a budem tam asi hodinu, bud"
zADTuV7nEORpOPqPqjLYGgZyVUD3,11,1770918100792638000,1770918100783213000,73,Insert,e,74,"Dnes je vonku pekne, idem von so psom na dvor a budem tam asi hodinu, bude"
zADTuV7nEORpOPqPqjLYGgZyVUD3,11,1770918101006519000,1770918100999169000,74,Insert, ,75,"Dnes je vonku pekne, idem von so psom na dvor a budem tam asi hodinu, bude "
zADTuV7nEORpOPqPqjLYGgZyVUD3,12,1770918113545291000,1770918113535318000,0,Insert,D,1,D
zADTuV7nEORpOPqPqjLYGgZyVUD3,12,1770918114087170000,1770918114082818000,1,Insert,n,2,Dn
zADTuV7nEORpOPqPqjLYGgZyVUD3,12,1770918114400461000,1770918114394736000,2,Insert,e,3,Dne
zADTuV7nEORpOPqPqjLYGgZyVUD3,12,1770918114616237000,1770918114608334000,3,Insert,s,4,Dnes
zADTuV7nEORpOPqPqjLYGgZyVUD3,12,1770918115339214000,1770918115332170000,4,Insert, ,5,Dnes 
zADTuV7nEORpOPqPqjLYGgZyVUD3,12,1770918116297096000,1770918116293583000,5,Insert,j,6,Dnes j
zADTuV7nEORpOPqPqjLYGgZyVUD3,12,1770918116691470000,1770918116687366000,6,Insert,e,7,Dnes je
zADTuV7nEORpOPqPqjLYGgZyVUD3,12,1770918117411098000,1770918117401524000,7,Insert, ,8,Dnes je 
zADTuV7nEORpOPqPqjLYGgZyVUD3,12,1770918117778809000,1770918117771445000,8,Insert,v,9,Dnes je v
zADTuV7nEORpOPqPqjLYGgZyVUD3,12,1770918118161013000,1770918118153496000,9,Insert,o,10,Dnes je vo
zADTuV7nEORpOPqPqjLYGgZyVUD3,12,1770918118486669000,1770918118480253000,10,Insert,n,11,Dnes je von
zADTuV7nEORpOPqPqjLYGgZyVUD3,12,1770918118706126000,1770918118698397000,11,Insert,k,12,Dnes je vonk
zADTuV7nEORpOPqPqjLYGgZyVUD3,12,1770918118915593000,1770918118911731000,12,Insert,u,13,Dnes je vonku
zADTuV7nEORpOPqPqjLYGgZyVUD3,12,1770918120051920000,1770918120042108000,13,Insert, ,14,Dnes je vonku 
zADTuV7nEORpOPqPqjLYGgZyVUD3,12,1770918120493898000,1770918120487033000,14,Insert,p,15,Dnes je vonku p
zADTuV7nEORpOPqPqjLYGgZyVUD3,12,1770918120872258000,1770918120865105000,15,Insert,e,16,Dnes je vonku pe
zADTuV7nEORpOPqPqjLYGgZyVUD3,12,1770918121055700000,1770918121051759000,16,Insert,k,17,Dnes je vonku pek
zADTuV7nEORpOPqPqjLYGgZyVUD3,12,1770918121311252000,1770918121304634000,17,Insert,n,18,Dnes je vonku pekn
zADTuV7nEORpOPqPqjLYGgZyVUD3,12,1770918121655348000,1770918121646209000,18,Insert,e,19,Dnes je vonku pekne
zADTuV7nEORpOPqPqjLYGgZyVUD3,12,1770918122802986000,1770918122793281000,19,Insert,",",20,"Dnes je vonku pekne,"
zADTuV7nEORpOPqPqjLYGgZyVUD3,12,1770918123289197000,1770918123280351000,20,Insert, ,21,"Dnes je vonku pekne, "
zADTuV7nEORpOPqPqjLYGgZyVUD3,12,1770918123874662000,1770918123869397000,21,Insert,i,22,"Dnes je vonku pekne, i"
zADTuV7nEORpOPqPqjLYGgZyVUD3,12,1770918124187723000,1770918124180744000,22,Insert,d,23,"Dnes je vonku pekne, id"
zADTuV7nEORpOPqPqjLYGgZyVUD3,12,1770918124357271000,1770918124352820000,23,Insert,e,24,"Dnes je vonku pekne, ide"
zADTuV7nEORpOPqPqjLYGgZyVUD3,12,1770918124987352000,1770918124980710000,24,Insert,m,25,"Dnes je vonku pekne, idem"
zADTuV7nEORpOPqPqjLYGgZyVUD3,12,1770918125430072000,1770918125425245000,25,Insert, ,26,"Dnes je vonku pekne, idem "
zADTuV7nEORpOPqPqjLYGgZyVUD3,12,1770918125892149000,1770918125884571000,26,Insert,v,27,"Dnes je vonku pekne, idem v"
zADTuV7nEORpOPqPqjLYGgZyVUD3,12,1770918126253515000,1770918126249298000,27,Insert,o,28,"Dnes je vonku pekne, idem vo"
zADTuV7nEORpOPqPqjLYGgZyVUD3,12,1770918126559627000,1770918126553171000,28,Insert,n,29,"Dnes je vonku pekne, idem von"
zADTuV7nEORpOPqPqjLYGgZyVUD3,12,1770918126807543000,1770918126799363000,29,Insert, ,30,"Dnes je vonku pekne, idem von "
zADTuV7nEORpOPqPqjLYGgZyVUD3,12,1770918127050623000,1770918127043999000,30,Insert,n,31,"Dnes je vonku pekne, idem von n"
zADTuV7nEORpOPqPqjLYGgZyVUD3,12,1770918127344016000,1770918127335944000,31,Insert,a,32,"Dnes je vonku pekne, idem von na"
zADTuV7nEORpOPqPqjLYGgZyVUD3,12,1770918127431380000,1770918127418706000,32,Insert, ,33,"Dnes je vonku pekne, idem von na "
zADTuV7nEORpOPqPqjLYGgZyVUD3,12,1770918128465122000,1770918128460617000,33,Insert,d,34,"Dnes je vonku pekne, idem von na d"
zADTuV7nEORpOPqPqjLYGgZyVUD3,12,1770918128789914000,1770918128783655000,34,Insert,v,35,"Dnes je vonku pekne, idem von na dv"
zADTuV7nEORpOPqPqjLYGgZyVUD3,12,1770918129203406000,1770918129195751000,35,Insert,o,36,"Dnes je vonku pekne, idem von na dvo"
zADTuV7nEORpOPqPqjLYGgZyVUD3,12,1770918129668644000,1770918129662450000,36,Insert,r,37,"Dnes je vonku pekne, idem von na dvor"
zADTuV7nEORpOPqPqjLYGgZyVUD3,12,1770918131379369000,1770918131368618000,37,Insert, ,38,"Dnes je vonku pekne, idem von na dvor "
zADTuV7nEORpOPqPqjLYGgZyVUD3,12,1770918131856318000,1770918131846772000,38,Insert,s,39,"Dnes je vonku pekne, idem von na dvor s"
zADTuV7nEORpOPqPqjLYGgZyVUD3,12,1770918131961281000,1770918131956513000,39,Insert,o,40,"Dnes je vonku pekne, idem von na dvor so"
zADTuV7nEORpOPqPqjLYGgZyVUD3,12,1770918132774792000,1770918132767787000,40,Insert, ,41,"Dnes je vonku pekne, idem von na dvor so "
zADTuV7nEORpOPqPqjLYGgZyVUD3,12,1770918133438512000,1770918133432137000,41,Insert,p,42,"Dnes je vonku pekne, idem von na dvor so p"
zADTuV7nEORpOPqPqjLYGgZyVUD3,12,1770918133805291000,1770918133797567000,42,Insert,s,43,"Dnes je vonku pekne, idem von na dvor so ps"
zADTuV7nEORpOPqPqjLYGgZyVUD3,12,1770918133936917000,1770918133932429000,43,Insert,o,44,"Dnes je vonku pekne, idem von na dvor so pso"
zADTuV7nEORpOPqPqjLYGgZyVUD3,12,1770918134296503000,1770918134292159000,44,Insert,m,45,"Dnes je vonku pekne, idem von na dvor so psom"
zADTuV7nEORpOPqPqjLYGgZyVUD3,12,1770918135147673000,1770918135137079000,45,Insert, ,46,"Dnes je vonku pekne, idem von na dvor so psom "
zADTuV7nEORpOPqPqjLYGgZyVUD3,12,1770918140285571000,1770918140273065000,46,Delete, ,45,"Dnes je vonku pekne, idem von na dvor so psom"
zADTuV7nEORpOPqPqjLYGgZyVUD3,12,1770918140327198000,1770918140324036000,45,Delete,m,44,"Dnes je vonku pekne, idem von na dvor so pso"
zADTuV7nEORpOPqPqjLYGgZyVUD3,12,1770918140379683000,1770918140376619000,44,Delete,o,43,"Dnes je vonku pekne, idem von na dvor so ps"
zADTuV7nEORpOPqPqjLYGgZyVUD3,12,1770918140433376000,1770918140430509000,43,Delete,s,42,"Dnes je vonku pekne, idem von na dvor so p"
zADTuV7nEORpOPqPqjLYGgZyVUD3,12,1770918140486701000,1770918140483788000,42,Delete,p,41,"Dnes je vonku pekne, idem von na dvor so "
zADTuV7nEORpOPqPqjLYGgZyVUD3,12,1770918140540547000,1770918140537740000,41,Delete, ,40,"Dnes je vonku pekne, idem von na dvor so"
zADTuV7nEORpOPqPqjLYGgZyVUD3,12,1770918140594127000,1770918140590935000,40,Delete,o,39,"Dnes je vonku pekne, idem von na dvor s"
zADTuV7nEORpOPqPqjLYGgZyVUD3,12,1770918140647151000,1770918140644039000,39,Delete,s,38,"Dnes je vonku pekne, idem von na dvor "
zADTuV7nEORpOPqPqjLYGgZyVUD3,12,1770918141275940000,1770918141265374000,38,Delete, ,37,"Dnes je vonku pekne, idem von na dvor"
zADTuV7nEORpOPqPqjLYGgZyVUD3,12,1770918141431664000,1770918141427565000,37,Delete,r,36,"Dnes je vonku pekne, idem von na dvo"
zADTuV7nEORpOPqPqjLYGgZyVUD3,12,1770918141580045000,1770918141576331000,36,Delete,o,35,"Dnes je vonku pekne, idem von na dv"
zADTuV7nEORpOPqPqjLYGgZyVUD3,12,1770918141750090000,1770918141746669000,35,Delete,v,34,"Dnes je vonku pekne, idem von na d"
zADTuV7nEORpOPqPqjLYGgZyVUD3,12,1770918141933644000,1770918141930408000,34,Delete,d,33,"Dnes je vonku pekne, idem von na "
zADTuV7nEORpOPqPqjLYGgZyVUD3,12,1770918142597153000,1770918142590422000,33,Delete, ,32,"Dnes je vonku pekne, idem von na"
zADTuV7nEORpOPqPqjLYGgZyVUD3,12,1770918143009939000,1770918143003681000,32,Delete,a,31,"Dnes je vonku pekne, idem von n"
zADTuV7nEORpOPqPqjLYGgZyVUD3,12,1770918143238401000,1770918143233458000,31,Delete,n,30,"Dnes je vonku pekne, idem von "
zADTuV7nEORpOPqPqjLYGgZyVUD3,12,1770918144547924000,1770918144539008000,30,Insert,s,31,"Dnes je vonku pekne, idem von s"
zADTuV7nEORpOPqPqjLYGgZyVUD3,12,1770918144685823000,1770918144678005000,31,Insert,o,32,"Dnes je vonku pekne, idem von so"
zADTuV7nEORpOPqPqjLYGgZyVUD3,12,1770918145463968000,1770918145455277000,32,Insert, ,33,"Dnes je vonku pekne, idem von so "
zADTuV7nEORpOPqPqjLYGgZyVUD3,12,1770918145840358000,1770918145834283000,33,Insert,p,34,"Dnes je vonku pekne, idem von so p"
zADTuV7nEORpOPqPqjLYGgZyVUD3,12,1770918146142575000,1770918146136128000,34,Insert,s,35,"Dnes je vonku pekne, idem von so ps"
zADTuV7nEORpOPqPqjLYGgZyVUD3,12,1770918146248609000,1770918146244656000,35,Insert,o,36,"Dnes je vonku pekne, idem von so pso"
zADTuV7nEORpOPqPqjLYGgZyVUD3,12,1770918146576719000,1770918146572493000,36,Insert,m,37,"Dnes je vonku pekne, idem von so psom"
zADTuV7nEORpOPqPqjLYGgZyVUD3,12,1770918147364476000,1770918147353155000,37,Insert, ,38,"Dnes je vonku pekne, idem von so psom "
zADTuV7nEORpOPqPqjLYGgZyVUD3,12,1770918147589671000,1770918147583318000,38,Insert,n,39,"Dnes je vonku pekne, idem von so psom n"
zADTuV7nEORpOPqPqjLYGgZyVUD3,12,1770918147846852000,1770918147839682000,39,Insert,a,40,"Dnes je vonku pekne, idem von so psom na"
zADTuV7nEORpOPqPqjLYGgZyVUD3,12,1770918147932438000,1770918147928174000,40,Insert, ,41,"Dnes je vonku pekne, idem von so psom na "
zADTuV7nEORpOPqPqjLYGgZyVUD3,12,1770918148802050000,1770918148794077000,41,Insert,s,42,"Dnes je vonku pekne, idem von so psom na s"
zADTuV7nEORpOPqPqjLYGgZyVUD3,12,1770918149195907000,1770918149189227000,42,Insert,v,43,"Dnes je vonku pekne, idem von so psom na sv"
zADTuV7nEORpOPqPqjLYGgZyVUD3,12,1770918149593172000,1770918149586403000,43,Insert,o,44,"Dnes je vonku pekne, idem von so psom na svo"
zADTuV7nEORpOPqPqjLYGgZyVUD3,12,1770918150057008000,1770918150047367000,44,Insert,r,45,"Dnes je vonku pekne, idem von so psom na svor"
zADTuV7nEORpOPqPqjLYGgZyVUD3,12,1770918150824388000,1770918150815693000,45,Delete,r,44,"Dnes je vonku pekne, idem von so psom na svo"
zADTuV7nEORpOPqPqjLYGgZyVUD3,12,1770918150992479000,1770918150989462000,44,Delete,o,43,"Dnes je vonku pekne, idem von so psom na sv"
zADTuV7nEORpOPqPqjLYGgZyVUD3,12,1770918151159687000,1770918151156808000,43,Delete,v,42,"Dnes je vonku pekne, idem von so psom na s"
zADTuV7nEORpOPqPqjLYGgZyVUD3,12,1770918151312456000,1770918151308924000,42,Delete,s,41,"Dnes je vonku pekne, idem von so psom na "
zADTuV7nEORpOPqPqjLYGgZyVUD3,12,1770918152040921000,1770918152032339000,41,Insert,d,42,"Dnes je vonku pekne, idem von so psom na d"
zADTuV7nEORpOPqPqjLYGgZyVUD3,12,1770918152611270000,1770918152607137000,42,Insert,v,43,"Dnes je vonku pekne, idem von so psom na dv"
zADTuV7nEORpOPqPqjLYGgZyVUD3,12,1770918152988466000,1770918152980093000,43,Insert,o,44,"Dnes je vonku pekne, idem von so psom na dvo"
zADTuV7nEORpOPqPqjLYGgZyVUD3,12,1770918153425346000,1770918153418728000,44,Insert,e,45,"Dnes je vonku pekne, idem von so psom na dvoe"
zADTuV7nEORpOPqPqjLYGgZyVUD3,12,1770918154331801000,1770918154326903000,45,Delete,e,44,"Dnes je vonku pekne, idem von so psom na dvo"
zADTuV7nEORpOPqPqjLYGgZyVUD3,12,1770918154703053000,1770918154696920000,44,Insert,r,45,"Dnes je vonku pekne, idem von so psom na dvor"
zADTuV7nEORpOPqPqjLYGgZyVUD3,12,1770918156528100000,1770918156519305000,45,Insert, ,46,"Dnes je vonku pekne, idem von so psom na dvor "
zADTuV7nEORpOPqPqjLYGgZyVUD3,12,1770918156859286000,1770918156851171000,46,Insert,a,47,"Dnes je vonku pekne, idem von so psom na dvor a"
zADTuV7nEORpOPqPqjLYGgZyVUD3,12,1770918157039195000,1770918157034841000,47,Insert, ,48,"Dnes je vonku pekne, idem von so psom na dvor a "
zADTuV7nEORpOPqPqjLYGgZyVUD3,12,1770918157310640000,1770918157304075000,48,Insert,b,49,"Dnes je vonku pekne, idem von so psom na dvor a b"
zADTuV7nEORpOPqPqjLYGgZyVUD3,12,1770918157559042000,1770918157552795000,49,Insert,u,50,"Dnes je vonku pekne, idem von so psom na dvor a bu"
zADTuV7nEORpOPqPqjLYGgZyVUD3,12,1770918157845829000,1770918157836328000,50,Insert,d,51,"Dnes je vonku pekne, idem von so psom na dvor a bud"
zADTuV7nEORpOPqPqjLYGgZyVUD3,12,1770918158014893000,1770918158009069000,51,Insert,e,52,"Dnes je vonku pekne, idem von so psom na dvor a bude"
zADTuV7nEORpOPqPqjLYGgZyVUD3,12,1770918158863691000,1770918158857020000,52,Insert,m,53,"Dnes je vonku pekne, idem von so psom na dvor a budem"
zADTuV7nEORpOPqPqjLYGgZyVUD3,12,1770918159119319000,1770918159111679000,53,Insert, ,54,"Dnes je vonku pekne, idem von so psom na dvor a budem "
zADTuV7nEORpOPqPqjLYGgZyVUD3,12,1770918159676371000,1770918159666097000,54,Insert,t,55,"Dnes je vonku pekne, idem von so psom na dvor a budem t"
zADTuV7nEORpOPqPqjLYGgZyVUD3,12,1770918159981192000,1770918159975208000,55,Insert,a,56,"Dnes je vonku pekne, idem von so psom na dvor a budem ta"
zADTuV7nEORpOPqPqjLYGgZyVUD3,12,1770918160251739000,1770918160240908000,56,Insert,m,57,"Dnes je vonku pekne, idem von so psom na dvor a budem tam"
zADTuV7nEORpOPqPqjLYGgZyVUD3,12,1770918160587113000,1770918160580021000,57,Insert, ,58,"Dnes je vonku pekne, idem von so psom na dvor a budem tam "
zADTuV7nEORpOPqPqjLYGgZyVUD3,12,1770918161636577000,1770918161624253000,58,Insert,a,59,"Dnes je vonku pekne, idem von so psom na dvor a budem tam a"
zADTuV7nEORpOPqPqjLYGgZyVUD3,12,1770918161928184000,1770918161921670000,59,Insert,s,60,"Dnes je vonku pekne, idem von so psom na dvor a budem tam as"
zADTuV7nEORpOPqPqjLYGgZyVUD3,12,1770918162105720000,1770918162101494000,60,Insert,i,61,"Dnes je vonku pekne, idem von so psom na dvor a budem tam asi"
zADTuV7nEORpOPqPqjLYGgZyVUD3,12,1770918162800017000,1770918162793374000,61,Insert, ,62,"Dnes je vonku pekne, idem von so psom na dvor a budem tam asi "
zADTuV7nEORpOPqPqjLYGgZyVUD3,12,1770918164011659000,1770918164004032000,62,Insert,h,63,"Dnes je vonku pekne, idem von so psom na dvor a budem tam asi h"
zADTuV7nEORpOPqPqjLYGgZyVUD3,12,1770918164350971000,1770918164343721000,63,Insert,o,64,"Dnes je vonku pekne, idem von so psom na dvor a budem tam asi ho"
zADTuV7nEORpOPqPqjLYGgZyVUD3,12,1770918164744122000,1770918164739651000,64,Insert,d,65,"Dnes je vonku pekne, idem von so psom na dvor a budem tam asi hod"
zADTuV7nEORpOPqPqjLYGgZyVUD3,12,1770918165134808000,1770918165127367000,65,Insert,i,66,"Dnes je vonku pekne, idem von so psom na dvor a budem tam asi hodi"
zADTuV7nEORpOPqPqjLYGgZyVUD3,12,1770918165466518000,1770918165462643000,66,Insert,n,67,"Dnes je vonku pekne, idem von so psom na dvor a budem tam asi hodin"
zADTuV7nEORpOPqPqjLYGgZyVUD3,12,1770918165745858000,1770918165738512000,67,Insert,u,68,"Dnes je vonku pekne, idem von so psom na dvor a budem tam asi hodinu"
zADTuV7nEORpOPqPqjLYGgZyVUD3,12,1770918167320187000,1770918167314101000,68,Insert,",",69,"Dnes je vonku pekne, idem von so psom na dvor a budem tam asi hodinu,"
zADTuV7nEORpOPqPqjLYGgZyVUD3,12,1770918168020580000,1770918168011026000,69,Insert, ,70,"Dnes je vonku pekne, idem von so psom na dvor a budem tam asi hodinu, "
zADTuV7nEORpOPqPqjLYGgZyVUD3,12,1770918168244257000,1770918168238022000,70,Insert,b,71,"Dnes je vonku pekne, idem von so psom na dvor a budem tam asi hodinu, b"
zADTuV7nEORpOPqPqjLYGgZyVUD3,12,1770918168465502000,1770918168457834000,71,Insert,u,72,"Dnes je vonku pekne, idem von so psom na dvor a budem tam asi hodinu, bu"
zADTuV7nEORpOPqPqjLYGgZyVUD3,12,1770918168752982000,1770918168745330000,72,Insert,d,73,"Dnes je vonku pekne, idem von so psom na dvor a budem tam asi hodinu, bud"
zADTuV7nEORpOPqPqjLYGgZyVUD3,12,1770918168920213000,1770918168915827000,73,Insert,e,74,"Dnes je vonku pekne, idem von so psom na dvor a budem tam asi hodinu, bude"
zADTuV7nEORpOPqPqjLYGgZyVUD3,12,1770918169593396000,1770918169588316000,74,Insert, ,75,"Dnes je vonku pekne, idem von so psom na dvor a budem tam asi hodinu, bude "
zADTuV7nEORpOPqPqjLYGgZyVUD3,13,1770918176204919000,1770918176195335000,0,Insert,D,1,D
zADTuV7nEORpOPqPqjLYGgZyVUD3,13,1770918177161414000,1770918177152037000,1,Insert,n,2,Dn
zADTuV7nEORpOPqPqjLYGgZyVUD3,13,1770918177490766000,1770918177484243000,2,Insert,e,3,Dne
zADTuV7nEORpOPqPqjLYGgZyVUD3,13,1770918177713859000,1770918177707431000,3,Insert,s,4,Dnes
zADTuV7nEORpOPqPqjLYGgZyVUD3,13,1770918178239474000,1770918178232310000,4,Insert, ,5,Dnes 
zADTuV7nEORpOPqPqjLYGgZyVUD3,13,1770918179804212000,1770918179798428000,5,Insert,j,6,Dnes j
zADTuV7nEORpOPqPqjLYGgZyVUD3,13,1770918180223518000,1770918180217266000,6,Insert,e,7,Dnes je
zADTuV7nEORpOPqPqjLYGgZyVUD3,13,1770918180396682000,1770918180392590000,7,Insert, ,8,Dnes je 
zADTuV7nEORpOPqPqjLYGgZyVUD3,13,1770918181015903000,1770918181008793000,8,Insert,v,9,Dnes je v
zADTuV7nEORpOPqPqjLYGgZyVUD3,13,1770918181466983000,1770918181459478000,9,Insert,o,10,Dnes je vo
zADTuV7nEORpOPqPqjLYGgZyVUD3,13,1770918182279730000,1770918182266481000,10,Insert,n,11,Dnes je von
zADTuV7nEORpOPqPqjLYGgZyVUD3,13,1770918182549169000,1770918182542692000,11,Insert,k,12,Dnes je vonk
zADTuV7nEORpOPqPqjLYGgZyVUD3,13,1770918182773429000,1770918182766984000,12,Insert,u,13,Dnes je vonku
zADTuV7nEORpOPqPqjLYGgZyVUD3,13,1770918183481118000,1770918183468540000,13,Insert, ,14,Dnes je vonku 
zADTuV7nEORpOPqPqjLYGgZyVUD3,13,1770918183828181000,1770918183820827000,14,Insert,p,15,Dnes je vonku p
zADTuV7nEORpOPqPqjLYGgZyVUD3,13,1770918184206157000,1770918184199721000,15,Insert,w,16,Dnes je vonku pw
zADTuV7nEORpOPqPqjLYGgZyVUD3,13,1770918184305253000,1770918184301099000,16,Insert,k,17,Dnes je vonku pwk
zADTuV7nEORpOPqPqjLYGgZyVUD3,13,1770918184546257000,1770918184538332000,17,Insert,n,18,Dnes je vonku pwkn
zADTuV7nEORpOPqPqjLYGgZyVUD3,13,1770918184864510000,1770918184854388000,18,Insert,e,19,Dnes je vonku pwkne
zADTuV7nEORpOPqPqjLYGgZyVUD3,13,1770918185741010000,1770918185735763000,19,Delete,e,18,Dnes je vonku pwkn
zADTuV7nEORpOPqPqjLYGgZyVUD3,13,1770918185905913000,1770918185903154000,18,Delete,n,17,Dnes je vonku pwk
zADTuV7nEORpOPqPqjLYGgZyVUD3,13,1770918186068151000,1770918186065612000,17,Delete,k,16,Dnes je vonku pw
zADTuV7nEORpOPqPqjLYGgZyVUD3,13,1770918186257803000,1770918186255010000,16,Delete,w,15,Dnes je vonku p
zADTuV7nEORpOPqPqjLYGgZyVUD3,13,1770918187003076000,1770918186995320000,15,Insert,e,16,Dnes je vonku pe
zADTuV7nEORpOPqPqjLYGgZyVUD3,13,1770918187623119000,1770918187617439000,16,Insert,k,17,Dnes je vonku pek
zADTuV7nEORpOPqPqjLYGgZyVUD3,13,1770918187851529000,1770918187847652000,17,Insert,n,18,Dnes je vonku pekn
zADTuV7nEORpOPqPqjLYGgZyVUD3,13,1770918188249827000,1770918188242274000,18,Insert,e,19,Dnes je vonku pekne
zADTuV7nEORpOPqPqjLYGgZyVUD3,13,1770918194087272000,1770918194077686000,19,Insert,",",20,"Dnes je vonku pekne,"
zADTuV7nEORpOPqPqjLYGgZyVUD3,13,1770918194998177000,1770918194991823000,20,Insert, ,21,"Dnes je vonku pekne, "
zADTuV7nEORpOPqPqjLYGgZyVUD3,13,1770918195840419000,1770918195836194000,21,Insert,i,22,"Dnes je vonku pekne, i"
zADTuV7nEORpOPqPqjLYGgZyVUD3,13,1770918196266748000,1770918196260357000,22,Insert,d,23,"Dnes je vonku pekne, id"
zADTuV7nEORpOPqPqjLYGgZyVUD3,13,1770918196448309000,1770918196443611000,23,Insert,e,24,"Dnes je vonku pekne, ide"
zADTuV7nEORpOPqPqjLYGgZyVUD3,13,1770918197125354000,1770918197117020000,24,Insert,m,25,"Dnes je vonku pekne, idem"
zADTuV7nEORpOPqPqjLYGgZyVUD3,13,1770918197916216000,1770918197906179000,25,Insert, ,26,"Dnes je vonku pekne, idem "
zADTuV7nEORpOPqPqjLYGgZyVUD3,13,1770918198639606000,1770918198632894000,26,Insert,v,27,"Dnes je vonku pekne, idem v"
zADTuV7nEORpOPqPqjLYGgZyVUD3,13,1770918199069780000,1770918199062944000,27,Insert,o,28,"Dnes je vonku pekne, idem vo"
zADTuV7nEORpOPqPqjLYGgZyVUD3,13,1770918199397175000,1770918199393151000,28,Insert,n,29,"Dnes je vonku pekne, idem von"
zADTuV7nEORpOPqPqjLYGgZyVUD3,13,1770918200490612000,1770918200480785000,29,Insert, ,30,"Dnes je vonku pekne, idem von "
zADTuV7nEORpOPqPqjLYGgZyVUD3,13,1770918200903604000,1770918200895593000,30,Insert,s,31,"Dnes je vonku pekne, idem von s"
zADTuV7nEORpOPqPqjLYGgZyVUD3,13,1770918201097632000,1770918201093666000,31,Insert,o,32,"Dnes je vonku pekne, idem von so"
zADTuV7nEORpOPqPqjLYGgZyVUD3,13,1770918201802250000,1770918201795325000,32,Insert, ,33,"Dnes je vonku pekne, idem von so "
zADTuV7nEORpOPqPqjLYGgZyVUD3,13,1770918202190750000,1770918202183206000,33,Insert,p,34,"Dnes je vonku pekne, idem von so p"
zADTuV7nEORpOPqPqjLYGgZyVUD3,13,1770918202578402000,1770918202571645000,34,Insert,s,35,"Dnes je vonku pekne, idem von so ps"
zADTuV7nEORpOPqPqjLYGgZyVUD3,13,1770918202760755000,1770918202754354000,35,Insert,o,36,"Dnes je vonku pekne, idem von so pso"
zADTuV7nEORpOPqPqjLYGgZyVUD3,13,1770918203113910000,1770918203109042000,36,Insert,m,37,"Dnes je vonku pekne, idem von so psom"
zADTuV7nEORpOPqPqjLYGgZyVUD3,13,1770918204958164000,1770918204943420000,37,Insert, ,38,"Dnes je vonku pekne, idem von so psom "
zADTuV7nEORpOPqPqjLYGgZyVUD3,13,1770918205248617000,1770918205242473000,38,Insert,n,39,"Dnes je vonku pekne, idem von so psom n"
zADTuV7nEORpOPqPqjLYGgZyVUD3,13,1770918205516662000,1770918205511386000,39,Insert,a,40,"Dnes je vonku pekne, idem von so psom na"
zADTuV7nEORpOPqPqjLYGgZyVUD3,13,1770918205657781000,1770918205653363000,40,Insert, ,41,"Dnes je vonku pekne, idem von so psom na "
zADTuV7nEORpOPqPqjLYGgZyVUD3,13,1770918206527687000,1770918206522038000,41,Insert,d,42,"Dnes je vonku pekne, idem von so psom na d"
zADTuV7nEORpOPqPqjLYGgZyVUD3,13,1770918207052967000,1770918207048516000,42,Insert,v,43,"Dnes je vonku pekne, idem von so psom na dv"
zADTuV7nEORpOPqPqjLYGgZyVUD3,13,1770918207469173000,1770918207462032000,43,Insert,o,44,"Dnes je vonku pekne, idem von so psom na dvo"
zADTuV7nEORpOPqPqjLYGgZyVUD3,13,1770918207854958000,1770918207848444000,44,Insert,r,45,"Dnes je vonku pekne, idem von so psom na dvor"
zADTuV7nEORpOPqPqjLYGgZyVUD3,13,1770918209664113000,1770918209654737000,45,Insert, ,46,"Dnes je vonku pekne, idem von so psom na dvor "
zADTuV7nEORpOPqPqjLYGgZyVUD3,13,1770918211204587000,1770918211195354000,46,Insert,a,47,"Dnes je vonku pekne, idem von so psom na dvor a"
zADTuV7nEORpOPqPqjLYGgZyVUD3,13,1770918211465615000,1770918211457843000,47,Insert, ,48,"Dnes je vonku pekne, idem von so psom na dvor a "
zADTuV7nEORpOPqPqjLYGgZyVUD3,13,1770918211711248000,1770918211704680000,48,Insert,b,49,"Dnes je vonku pekne, idem von so psom na dvor a b"
zADTuV7nEORpOPqPqjLYGgZyVUD3,13,1770918211929209000,1770918211922297000,49,Insert,u,50,"Dnes je vonku pekne, idem von so psom na dvor a bu"
zADTuV7nEORpOPqPqjLYGgZyVUD3,13,1770918212225163000,1770918212218218000,50,Insert,d,51,"Dnes je vonku pekne, idem von so psom na dvor a bud"
zADTuV7nEORpOPqPqjLYGgZyVUD3,13,1770918212393817000,1770918212388903000,51,Insert,e,52,"Dnes je vonku pekne, idem von so psom na dvor a bude"
zADTuV7nEORpOPqPqjLYGgZyVUD3,13,1770918213217775000,1770918213211661000,52,Insert,m,53,"Dnes je vonku pekne, idem von so psom na dvor a budem"
zADTuV7nEORpOPqPqjLYGgZyVUD3,13,1770918214118206000,1770918214109207000,53,Insert, ,54,"Dnes je vonku pekne, idem von so psom na dvor a budem "
zADTuV7nEORpOPqPqjLYGgZyVUD3,13,1770918214515095000,1770918214508582000,54,Insert,t,55,"Dnes je vonku pekne, idem von so psom na dvor a budem t"
zADTuV7nEORpOPqPqjLYGgZyVUD3,13,1770918214820478000,1770918214813462000,55,Insert,a,56,"Dnes je vonku pekne, idem von so psom na dvor a budem ta"
zADTuV7nEORpOPqPqjLYGgZyVUD3,13,1770918215069553000,1770918215062648000,56,Insert,m,57,"Dnes je vonku pekne, idem von so psom na dvor a budem tam"
zADTuV7nEORpOPqPqjLYGgZyVUD3,13,1770918216370934000,1770918216362588000,57,Insert, ,58,"Dnes je vonku pekne, idem von so psom na dvor a budem tam "
zADTuV7nEORpOPqPqjLYGgZyVUD3,13,1770918216856817000,1770918216850276000,58,Insert,a,59,"Dnes je vonku pekne, idem von so psom na dvor a budem tam a"
zADTuV7nEORpOPqPqjLYGgZyVUD3,13,1770918217032887000,1770918217028622000,59,Insert,s,60,"Dnes je vonku pekne, idem von so psom na dvor a budem tam as"
zADTuV7nEORpOPqPqjLYGgZyVUD3,13,1770918217550801000,1770918217546908000,60,Insert,i,61,"Dnes je vonku pekne, idem von so psom na dvor a budem tam asi"
zADTuV7nEORpOPqPqjLYGgZyVUD3,13,1770918218095904000,1770918218088812000,61,Insert, ,62,"Dnes je vonku pekne, idem von so psom na dvor a budem tam asi "
zADTuV7nEORpOPqPqjLYGgZyVUD3,13,1770918218451813000,1770918218445544000,62,Insert,h,63,"Dnes je vonku pekne, idem von so psom na dvor a budem tam asi h"
zADTuV7nEORpOPqPqjLYGgZyVUD3,13,1770918218797420000,1770918218790762000,63,Insert,o,64,"Dnes je vonku pekne, idem von so psom na dvor a budem tam asi ho"
zADTuV7nEORpOPqPqjLYGgZyVUD3,13,1770918220038136000,1770918220027759000,64,Insert,d,65,"Dnes je vonku pekne, idem von so psom na dvor a budem tam asi hod"
zADTuV7nEORpOPqPqjLYGgZyVUD3,13,1770918220579490000,1770918220571399000,65,Insert,i,66,"Dnes je vonku pekne, idem von so psom na dvor a budem tam asi hodi"
zADTuV7nEORpOPqPqjLYGgZyVUD3,13,1770918221045707000,1770918221040409000,66,Insert,n,67,"Dnes je vonku pekne, idem von so psom na dvor a budem tam asi hodin"
zADTuV7nEORpOPqPqjLYGgZyVUD3,13,1770918221314263000,1770918221307381000,67,Insert,u,68,"Dnes je vonku pekne, idem von so psom na dvor a budem tam asi hodinu"
zADTuV7nEORpOPqPqjLYGgZyVUD3,13,1770918223541929000,1770918223531640000,68,Insert,",",69,"Dnes je vonku pekne, idem von so psom na dvor a budem tam asi hodinu,"
zADTuV7nEORpOPqPqjLYGgZyVUD3,13,1770918229446973000,1770918229435872000,69,Insert, ,70,"Dnes je vonku pekne, idem von so psom na dvor a budem tam asi hodinu, "
zADTuV7nEORpOPqPqjLYGgZyVUD3,13,1770918230641905000,1770918230633913000,70,Insert,b,71,"Dnes je vonku pekne, idem von so psom na dvor a budem tam asi hodinu, b"
zADTuV7nEORpOPqPqjLYGgZyVUD3,13,1770918231035976000,1770918231029288000,71,Insert,u,72,"Dnes je vonku pekne, idem von so psom na dvor a budem tam asi hodinu, bu"
zADTuV7nEORpOPqPqjLYGgZyVUD3,13,1770918231379314000,1770918231373953000,72,Insert,d,73,"Dnes je vonku pekne, idem von so psom na dvor a budem tam asi hodinu, bud"
zADTuV7nEORpOPqPqjLYGgZyVUD3,13,1770918231543243000,1770918231537174000,73,Insert,e,74,"Dnes je vonku pekne, idem von so psom na dvor a budem tam asi hodinu, bude"
zADTuV7nEORpOPqPqjLYGgZyVUD3,13,1770918232605112000,1770918232597666000,74,Insert, ,75,"Dnes je vonku pekne, idem von so psom na dvor a budem tam asi hodinu, bude "
zADTuV7nEORpOPqPqjLYGgZyVUD3,14,1770918238100684000,1770918238092787000,0,Insert,D,1,D
zADTuV7nEORpOPqPqjLYGgZyVUD3,14,1770918238563946000,1770918238557627000,1,Insert,n,2,Dn
zADTuV7nEORpOPqPqjLYGgZyVUD3,14,1770918238897933000,1770918238892050000,2,Insert,e,3,Dne
zADTuV7nEORpOPqPqjLYGgZyVUD3,14,1770918239085030000,1770918239080110000,3,Insert,s,4,Dnes
zADTuV7nEORpOPqPqjLYGgZyVUD3,14,1770918239638033000,1770918239633659000,4,Insert, ,5,Dnes 
zADTuV7nEORpOPqPqjLYGgZyVUD3,14,1770918239929071000,1770918239920277000,5,Insert,j,6,Dnes j
zADTuV7nEORpOPqPqjLYGgZyVUD3,14,1770918240299143000,1770918240292146000,6,Insert,e,7,Dnes je
zADTuV7nEORpOPqPqjLYGgZyVUD3,14,1770918240524093000,1770918240517475000,7,Insert, ,8,Dnes je 
zADTuV7nEORpOPqPqjLYGgZyVUD3,14,1770918241273840000,1770918241263665000,8,Insert,v,9,Dnes je v
zADTuV7nEORpOPqPqjLYGgZyVUD3,14,1770918241703586000,1770918241699332000,9,Insert,o,10,Dnes je vo
zADTuV7nEORpOPqPqjLYGgZyVUD3,14,1770918242011919000,1770918242005788000,10,Insert,n,11,Dnes je von
zADTuV7nEORpOPqPqjLYGgZyVUD3,14,1770918242231988000,1770918242224612000,11,Insert,k,12,Dnes je vonk
zADTuV7nEORpOPqPqjLYGgZyVUD3,14,1770918242459529000,1770918242455474000,12,Insert,u,13,Dnes je vonku
zADTuV7nEORpOPqPqjLYGgZyVUD3,14,1770918243535299000,1770918243525569000,13,Insert, ,14,Dnes je vonku 
zADTuV7nEORpOPqPqjLYGgZyVUD3,14,1770918243922314000,1770918243915332000,14,Insert,p,15,Dnes je vonku p
zADTuV7nEORpOPqPqjLYGgZyVUD3,14,1770918244327716000,1770918244316610000,15,Insert,e,16,Dnes je vonku pe
zADTuV7nEORpOPqPqjLYGgZyVUD3,14,1770918244478265000,1770918244474147000,16,Insert,k,17,Dnes je vonku pek
zADTuV7nEORpOPqPqjLYGgZyVUD3,14,1770918244696137000,1770918244685946000,17,Insert,n,18,Dnes je vonku pekn
zADTuV7nEORpOPqPqjLYGgZyVUD3,14,1770918245043467000,1770918245032411000,18,Insert,e,19,Dnes je vonku pekne
zADTuV7nEORpOPqPqjLYGgZyVUD3,14,1770918246166236000,1770918246156646000,19,Insert,",",20,"Dnes je vonku pekne,"
zADTuV7nEORpOPqPqjLYGgZyVUD3,14,1770918248093281000,1770918248082421000,20,Insert, ,21,"Dnes je vonku pekne, "
zADTuV7nEORpOPqPqjLYGgZyVUD3,14,1770918248425953000,1770918248420073000,21,Insert,i,22,"Dnes je vonku pekne, i"
zADTuV7nEORpOPqPqjLYGgZyVUD3,14,1770918248745867000,1770918248740467000,22,Insert,d,23,"Dnes je vonku pekne, id"
zADTuV7nEORpOPqPqjLYGgZyVUD3,14,1770918248897380000,1770918248892398000,23,Insert,e,24,"Dnes je vonku pekne, ide"
zADTuV7nEORpOPqPqjLYGgZyVUD3,14,1770918249562859000,1770918249552802000,24,Insert,m,25,"Dnes je vonku pekne, idem"
zADTuV7nEORpOPqPqjLYGgZyVUD3,14,1770918249884648000,1770918249877507000,25,Insert, ,26,"Dnes je vonku pekne, idem "
zADTuV7nEORpOPqPqjLYGgZyVUD3,14,1770918250425836000,1770918250420995000,26,Insert,v,27,"Dnes je vonku pekne, idem v"
zADTuV7nEORpOPqPqjLYGgZyVUD3,14,1770918250777702000,1770918250773486000,27,Insert,o,28,"Dnes je vonku pekne, idem vo"
zADTuV7nEORpOPqPqjLYGgZyVUD3,14,1770918251070873000,1770918251064633000,28,Insert,n,29,"Dnes je vonku pekne, idem von"
zADTuV7nEORpOPqPqjLYGgZyVUD3,14,1770918251313399000,1770918251305681000,29,Insert, ,30,"Dnes je vonku pekne, idem von "
zADTuV7nEORpOPqPqjLYGgZyVUD3,14,1770918251512753000,1770918251508909000,30,Insert,m,31,"Dnes je vonku pekne, idem von m"
zADTuV7nEORpOPqPqjLYGgZyVUD3,14,1770918251785602000,1770918251777383000,31,Insert,a,32,"Dnes je vonku pekne, idem von ma"
zADTuV7nEORpOPqPqjLYGgZyVUD3,14,1770918251895070000,1770918251886857000,32,Insert, ,33,"Dnes je vonku pekne, idem von ma "
zADTuV7nEORpOPqPqjLYGgZyVUD3,14,1770918252247751000,1770918252239633000,33,Insert,d,34,"Dnes je vonku pekne, idem von ma d"
zADTuV7nEORpOPqPqjLYGgZyVUD3,14,1770918253123638000,1770918253118879000,34,Delete,d,33,"Dnes je vonku pekne, idem von ma "
zADTuV7nEORpOPqPqjLYGgZyVUD3,14,1770918253296979000,1770918253291759000,33,Delete, ,32,"Dnes je vonku pekne, idem von ma"
zADTuV7nEORpOPqPqjLYGgZyVUD3,14,1770918253482214000,1770918253477705000,32,Delete,a,31,"Dnes je vonku pekne, idem von m"
zADTuV7nEORpOPqPqjLYGgZyVUD3,14,1770918253637778000,1770918253634603000,31,Delete,m,30,"Dnes je vonku pekne, idem von "
zADTuV7nEORpOPqPqjLYGgZyVUD3,14,1770918255798276000,1770918255790629000,30,Insert,n,31,"Dnes je vonku pekne, idem von n"
zADTuV7nEORpOPqPqjLYGgZyVUD3,14,1770918256191558000,1770918256182264000,31,Insert,a,32,"Dnes je vonku pekne, idem von na"
zADTuV7nEORpOPqPqjLYGgZyVUD3,14,1770918256534180000,1770918256525711000,32,Insert, ,33,"Dnes je vonku pekne, idem von na "
zADTuV7nEORpOPqPqjLYGgZyVUD3,14,1770918257212789000,1770918257203967000,33,Insert,d,34,"Dnes je vonku pekne, idem von na d"
zADTuV7nEORpOPqPqjLYGgZyVUD3,14,1770918257814962000,1770918257809289000,34,Insert,v,35,"Dnes je vonku pekne, idem von na dv"
zADTuV7nEORpOPqPqjLYGgZyVUD3,14,1770918258216222000,1770918258210007000,35,Insert,o,36,"Dnes je vonku pekne, idem von na dvo"
zADTuV7nEORpOPqPqjLYGgZyVUD3,14,1770918258568993000,1770918258561892000,36,Insert,r,37,"Dnes je vonku pekne, idem von na dvor"
zADTuV7nEORpOPqPqjLYGgZyVUD3,14,1770918261244137000,1770918261241365000,37,Delete,r,36,"Dnes je vonku pekne, idem von na dvo"
zADTuV7nEORpOPqPqjLYGgZyVUD3,14,1770918261472100000,1770918261468052000,36,Delete,o,35,"Dnes je vonku pekne, idem von na dv"
zADTuV7nEORpOPqPqjLYGgZyVUD3,14,1770918261665186000,1770918261660207000,35,Delete,v,34,"Dnes je vonku pekne, idem von na d"
zADTuV7nEORpOPqPqjLYGgZyVUD3,14,1770918261873326000,1770918261869466000,34,Delete,d,33,"Dnes je vonku pekne, idem von na "
zADTuV7nEORpOPqPqjLYGgZyVUD3,14,1770918262082721000,1770918262077123000,33,Delete, ,32,"Dnes je vonku pekne, idem von na"
zADTuV7nEORpOPqPqjLYGgZyVUD3,14,1770918262324557000,1770918262318968000,32,Delete,a,31,"Dnes je vonku pekne, idem von n"
zADTuV7nEORpOPqPqjLYGgZyVUD3,14,1770918262662910000,1770918262658602000,31,Delete,n,30,"Dnes je vonku pekne, idem von "
zADTuV7nEORpOPqPqjLYGgZyVUD3,14,1770918263459191000,1770918263452841000,30,Insert,s,31,"Dnes je vonku pekne, idem von s"
zADTuV7nEORpOPqPqjLYGgZyVUD3,14,1770918263594843000,1770918263590254000,31,Insert,o,32,"Dnes je vonku pekne, idem von so"
zADTuV7nEORpOPqPqjLYGgZyVUD3,14,1770918263968301000,1770918263960189000,32,Insert, ,33,"Dnes je vonku pekne, idem von so "
zADTuV7nEORpOPqPqjLYGgZyVUD3,14,1770918264443134000,1770918264438647000,33,Insert,p,34,"Dnes je vonku pekne, idem von so p"
zADTuV7nEORpOPqPqjLYGgZyVUD3,14,1770918264781730000,1770918264774485000,34,Insert,s,35,"Dnes je vonku pekne, idem von so ps"
zADTuV7nEORpOPqPqjLYGgZyVUD3,14,1770918264892467000,1770918264888383000,35,Insert,o,36,"Dnes je vonku pekne, idem von so pso"
zADTuV7nEORpOPqPqjLYGgZyVUD3,14,1770918265218083000,1770918265210207000,36,Insert,m,37,"Dnes je vonku pekne, idem von so psom"
zADTuV7nEORpOPqPqjLYGgZyVUD3,14,1770918265955424000,1770918265946682000,37,Insert, ,38,"Dnes je vonku pekne, idem von so psom "
zADTuV7nEORpOPqPqjLYGgZyVUD3,14,1770918266242374000,1770918266235626000,38,Insert,n,39,"Dnes je vonku pekne, idem von so psom n"
zADTuV7nEORpOPqPqjLYGgZyVUD3,14,1770918266498156000,1770918266492067000,39,Insert,a,40,"Dnes je vonku pekne, idem von so psom na"
zADTuV7nEORpOPqPqjLYGgZyVUD3,14,1770918266640467000,1770918266635855000,40,Insert, ,41,"Dnes je vonku pekne, idem von so psom na "
zADTuV7nEORpOPqPqjLYGgZyVUD3,14,1770918267430997000,1770918267420244000,41,Insert,d,42,"Dnes je vonku pekne, idem von so psom na d"
zADTuV7nEORpOPqPqjLYGgZyVUD3,14,1770918268134391000,1770918268126259000,42,Insert,v,43,"Dnes je vonku pekne, idem von so psom na dv"
zADTuV7nEORpOPqPqjLYGgZyVUD3,14,1770918268557618000,1770918268550390000,43,Insert,o,44,"Dnes je vonku pekne, idem von so psom na dvo"
zADTuV7nEORpOPqPqjLYGgZyVUD3,14,1770918268956632000,1770918268949924000,44,Insert,r,45,"Dnes je vonku pekne, idem von so psom na dvor"
zADTuV7nEORpOPqPqjLYGgZyVUD3,14,1770918271307889000,1770918271299771000,45,Insert, ,46,"Dnes je vonku pekne, idem von so psom na dvor "
zADTuV7nEORpOPqPqjLYGgZyVUD3,14,1770918271710470000,1770918271703709000,46,Insert,a,47,"Dnes je vonku pekne, idem von so psom na dvor a"
zADTuV7nEORpOPqPqjLYGgZyVUD3,14,1770918271912489000,1770918271907744000,47,Insert, ,48,"Dnes je vonku pekne, idem von so psom na dvor a "
zADTuV7nEORpOPqPqjLYGgZyVUD3,14,1770918272630187000,1770918272622642000,48,Insert,b,49,"Dnes je vonku pekne, idem von so psom na dvor a b"
zADTuV7nEORpOPqPqjLYGgZyVUD3,14,1770918272921741000,1770918272916396000,49,Insert,u,50,"Dnes je vonku pekne, idem von so psom na dvor a bu"
zADTuV7nEORpOPqPqjLYGgZyVUD3,14,1770918273255041000,1770918273246888000,50,Insert,d,51,"Dnes je vonku pekne, idem von so psom na dvor a bud"
zADTuV7nEORpOPqPqjLYGgZyVUD3,14,1770918273429946000,1770918273423438000,51,Insert,e,52,"Dnes je vonku pekne, idem von so psom na dvor a bude"
zADTuV7nEORpOPqPqjLYGgZyVUD3,14,1770918273952681000,1770918273947647000,52,Insert,m,53,"Dnes je vonku pekne, idem von so psom na dvor a budem"
zADTuV7nEORpOPqPqjLYGgZyVUD3,14,1770918274281629000,1770918274274678000,53,Insert, ,54,"Dnes je vonku pekne, idem von so psom na dvor a budem "
zADTuV7nEORpOPqPqjLYGgZyVUD3,14,1770918274809643000,1770918274805131000,54,Insert,t,55,"Dnes je vonku pekne, idem von so psom na dvor a budem t"
zADTuV7nEORpOPqPqjLYGgZyVUD3,14,1770918275112931000,1770918275106586000,55,Insert,a,56,"Dnes je vonku pekne, idem von so psom na dvor a budem ta"
zADTuV7nEORpOPqPqjLYGgZyVUD3,14,1770918275311858000,1770918275306575000,56,Insert,m,57,"Dnes je vonku pekne, idem von so psom na dvor a budem tam"
zADTuV7nEORpOPqPqjLYGgZyVUD3,14,1770918275635450000,1770918275627018000,57,Insert, ,58,"Dnes je vonku pekne, idem von so psom na dvor a budem tam "
zADTuV7nEORpOPqPqjLYGgZyVUD3,14,1770918277189299000,1770918277177232000,58,Insert,a,59,"Dnes je vonku pekne, idem von so psom na dvor a budem tam a"
zADTuV7nEORpOPqPqjLYGgZyVUD3,14,1770918277502080000,1770918277495313000,59,Insert,s,60,"Dnes je vonku pekne, idem von so psom na dvor a budem tam as"
zADTuV7nEORpOPqPqjLYGgZyVUD3,14,1770918277693643000,1770918277687395000,60,Insert,i,61,"Dnes je vonku pekne, idem von so psom na dvor a budem tam asi"
zADTuV7nEORpOPqPqjLYGgZyVUD3,14,1770918278371606000,1770918278363309000,61,Insert, ,62,"Dnes je vonku pekne, idem von so psom na dvor a budem tam asi "
zADTuV7nEORpOPqPqjLYGgZyVUD3,14,1770918278724274000,1770918278717534000,62,Insert,h,63,"Dnes je vonku pekne, idem von so psom na dvor a budem tam asi h"
zADTuV7nEORpOPqPqjLYGgZyVUD3,14,1770918279409969000,1770918279401885000,63,Insert,o,64,"Dnes je vonku pekne, idem von so psom na dvor a budem tam asi ho"
zADTuV7nEORpOPqPqjLYGgZyVUD3,14,1770918279827843000,1770918279820053000,64,Insert,d,65,"Dnes je vonku pekne, idem von so psom na dvor a budem tam asi hod"
zADTuV7nEORpOPqPqjLYGgZyVUD3,14,1770918280217256000,1770918280209819000,65,Insert,i,66,"Dnes je vonku pekne, idem von so psom na dvor a budem tam asi hodi"
zADTuV7nEORpOPqPqjLYGgZyVUD3,14,1770918280522348000,1770918280518049000,66,Insert,n,67,"Dnes je vonku pekne, idem von so psom na dvor a budem tam asi hodin"
zADTuV7nEORpOPqPqjLYGgZyVUD3,14,1770918280731387000,1770918280723557000,67,Insert,u,68,"Dnes je vonku pekne, idem von so psom na dvor a budem tam asi hodinu"
zADTuV7nEORpOPqPqjLYGgZyVUD3,14,1770918282178374000,1770918282166975000,68,Insert,",",69,"Dnes je vonku pekne, idem von so psom na dvor a budem tam asi hodinu,"
zADTuV7nEORpOPqPqjLYGgZyVUD3,14,1770918282569264000,1770918282562000000,69,Insert, ,70,"Dnes je vonku pekne, idem von so psom na dvor a budem tam asi hodinu, "
zADTuV7nEORpOPqPqjLYGgZyVUD3,14,1770918283326375000,1770918283317427000,70,Insert,b,71,"Dnes je vonku pekne, idem von so psom na dvor a budem tam asi hodinu, b"
zADTuV7nEORpOPqPqjLYGgZyVUD3,14,1770918283674704000,1770918283665929000,71,Insert,u,72,"Dnes je vonku pekne, idem von so psom na dvor a budem tam asi hodinu, bu"
zADTuV7nEORpOPqPqjLYGgZyVUD3,14,1770918283998943000,1770918283992510000,72,Insert,d,73,"Dnes je vonku pekne, idem von so psom na dvor a budem tam asi hodinu, bud"
zADTuV7nEORpOPqPqjLYGgZyVUD3,14,1770918284183158000,1770918284178710000,73,Insert,e,74,"Dnes je vonku pekne, idem von so psom na dvor a budem tam asi hodinu, bude"
zADTuV7nEORpOPqPqjLYGgZyVUD3,14,1770918284787525000,1770918284776734000,74,Insert, ,75,"Dnes je vonku pekne, idem von so psom na dvor a budem tam asi hodinu, bude "
zADTuV7nEORpOPqPqjLYGgZyVUD3,15,1770918289188498000,1770918289184070000,0,Insert,D,1,D
zADTuV7nEORpOPqPqjLYGgZyVUD3,15,1770918290566494000,1770918290558637000,1,Insert,n,2,Dn
zADTuV7nEORpOPqPqjLYGgZyVUD3,15,1770918290921727000,1770918290915708000,2,Insert,e,3,Dne
zADTuV7nEORpOPqPqjLYGgZyVUD3,15,1770918291134288000,1770918291127272000,3,Insert,s,4,Dnes
zADTuV7nEORpOPqPqjLYGgZyVUD3,15,1770918291700350000,1770918291688768000,4,Insert, ,5,Dnes 
zADTuV7nEORpOPqPqjLYGgZyVUD3,15,1770918291999757000,1770918291993722000,5,Insert,j,6,Dnes j
zADTuV7nEORpOPqPqjLYGgZyVUD3,15,1770918292358173000,1770918292352385000,6,Insert,e,7,Dnes je
zADTuV7nEORpOPqPqjLYGgZyVUD3,15,1770918292636832000,1770918292629890000,7,Insert, ,8,Dnes je 
zADTuV7nEORpOPqPqjLYGgZyVUD3,15,1770918293779948000,1770918293772836000,8,Insert,v,9,Dnes je v
zADTuV7nEORpOPqPqjLYGgZyVUD3,15,1770918294269210000,1770918294261383000,9,Insert,o,10,Dnes je vo
zADTuV7nEORpOPqPqjLYGgZyVUD3,15,1770918294638494000,1770918294632774000,10,Insert,n,11,Dnes je von
zADTuV7nEORpOPqPqjLYGgZyVUD3,15,1770918294897530000,1770918294890678000,11,Insert,k,12,Dnes je vonk
zADTuV7nEORpOPqPqjLYGgZyVUD3,15,1770918295128984000,1770918295122198000,12,Insert,u,13,Dnes je vonku
zADTuV7nEORpOPqPqjLYGgZyVUD3,15,1770918295655890000,1770918295647592000,13,Insert, ,14,Dnes je vonku 
zADTuV7nEORpOPqPqjLYGgZyVUD3,15,1770918296211009000,1770918296203449000,14,Insert,p,15,Dnes je vonku p
zADTuV7nEORpOPqPqjLYGgZyVUD3,15,1770918296610693000,1770918296603164000,15,Insert,e,16,Dnes je vonku pe
zADTuV7nEORpOPqPqjLYGgZyVUD3,15,1770918296696765000,1770918296692153000,16,Insert,k,17,Dnes je vonku pek
zADTuV7nEORpOPqPqjLYGgZyVUD3,15,1770918296972789000,1770918296964506000,17,Insert,n,18,Dnes je vonku pekn
zADTuV7nEORpOPqPqjLYGgZyVUD3,15,1770918297288427000,1770918297281964000,18,Insert,e,19,Dnes je vonku pekne
zADTuV7nEORpOPqPqjLYGgZyVUD3,15,1770918298798016000,1770918298790039000,19,Insert,",",20,"Dnes je vonku pekne,"
zADTuV7nEORpOPqPqjLYGgZyVUD3,15,1770918299226170000,1770918299221984000,20,Insert, ,21,"Dnes je vonku pekne, "
zADTuV7nEORpOPqPqjLYGgZyVUD3,15,1770918299836712000,1770918299832812000,21,Insert,i,22,"Dnes je vonku pekne, i"
zADTuV7nEORpOPqPqjLYGgZyVUD3,15,1770918300194837000,1770918300191024000,22,Insert,d,23,"Dnes je vonku pekne, id"
zADTuV7nEORpOPqPqjLYGgZyVUD3,15,1770918300372129000,1770918300367238000,23,Insert,e,24,"Dnes je vonku pekne, ide"
zADTuV7nEORpOPqPqjLYGgZyVUD3,15,1770918301065759000,1770918301059316000,24,Insert,m,25,"Dnes je vonku pekne, idem"
zADTuV7nEORpOPqPqjLYGgZyVUD3,15,1770918301560709000,1770918301553472000,25,Insert, ,26,"Dnes je vonku pekne, idem "
zADTuV7nEORpOPqPqjLYGgZyVUD3,15,1770918302086758000,1770918302079259000,26,Insert,v,27,"Dnes je vonku pekne, idem v"
zADTuV7nEORpOPqPqjLYGgZyVUD3,15,1770918302445812000,1770918302438833000,27,Insert,o,28,"Dnes je vonku pekne, idem vo"
zADTuV7nEORpOPqPqjLYGgZyVUD3,15,1770918302780286000,1770918302772297000,28,Insert,n,29,"Dnes je vonku pekne, idem von"
zADTuV7nEORpOPqPqjLYGgZyVUD3,15,1770918303382669000,1770918303373025000,29,Insert, ,30,"Dnes je vonku pekne, idem von "
zADTuV7nEORpOPqPqjLYGgZyVUD3,15,1770918304000192000,1770918303995846000,30,Insert,s,31,"Dnes je vonku pekne, idem von s"
zADTuV7nEORpOPqPqjLYGgZyVUD3,15,1770918304144441000,1770918304140206000,31,Insert,o,32,"Dnes je vonku pekne, idem von so"
zADTuV7nEORpOPqPqjLYGgZyVUD3,15,1770918304827417000,1770918304816537000,32,Insert, ,33,"Dnes je vonku pekne, idem von so "
zADTuV7nEORpOPqPqjLYGgZyVUD3,15,1770918305216821000,1770918305212978000,33,Insert,p,34,"Dnes je vonku pekne, idem von so p"
zADTuV7nEORpOPqPqjLYGgZyVUD3,15,1770918305593162000,1770918305583861000,34,Insert,s,35,"Dnes je vonku pekne, idem von so ps"
zADTuV7nEORpOPqPqjLYGgZyVUD3,15,1770918305708711000,1770918305704839000,35,Insert,o,36,"Dnes je vonku pekne, idem von so pso"
zADTuV7nEORpOPqPqjLYGgZyVUD3,15,1770918306017091000,1770918306013191000,36,Insert,m,37,"Dnes je vonku pekne, idem von so psom"
zADTuV7nEORpOPqPqjLYGgZyVUD3,15,1770918307719840000,1770918307708430000,37,Insert, ,38,"Dnes je vonku pekne, idem von so psom "
zADTuV7nEORpOPqPqjLYGgZyVUD3,15,1770918307960917000,1770918307953890000,38,Insert,n,39,"Dnes je vonku pekne, idem von so psom n"
zADTuV7nEORpOPqPqjLYGgZyVUD3,15,1770918308199159000,1770918308189721000,39,Insert,a,40,"Dnes je vonku pekne, idem von so psom na"
zADTuV7nEORpOPqPqjLYGgZyVUD3,15,1770918308350764000,1770918308346209000,40,Insert, ,41,"Dnes je vonku pekne, idem von so psom na "
zADTuV7nEORpOPqPqjLYGgZyVUD3,15,1770918309546127000,1770918309537545000,41,Insert,d,42,"Dnes je vonku pekne, idem von so psom na d"
zADTuV7nEORpOPqPqjLYGgZyVUD3,15,1770918310040995000,1770918310036003000,42,Insert,v,43,"Dnes je vonku pekne, idem von so psom na dv"
zADTuV7nEORpOPqPqjLYGgZyVUD3,15,1770918310500203000,1770918310492268000,43,Insert,o,44,"Dnes je vonku pekne, idem von so psom na dvo"
zADTuV7nEORpOPqPqjLYGgZyVUD3,15,1770918311003225000,1770918310994800000,44,Insert,r,45,"Dnes je vonku pekne, idem von so psom na dvor"
zADTuV7nEORpOPqPqjLYGgZyVUD3,15,1770918311886414000,1770918311878148000,45,Insert, ,46,"Dnes je vonku pekne, idem von so psom na dvor "
zADTuV7nEORpOPqPqjLYGgZyVUD3,15,1770918312329390000,1770918312323017000,46,Insert,a,47,"Dnes je vonku pekne, idem von so psom na dvor a"
zADTuV7nEORpOPqPqjLYGgZyVUD3,15,1770918312534089000,1770918312527185000,47,Insert, ,48,"Dnes je vonku pekne, idem von so psom na dvor a "
zADTuV7nEORpOPqPqjLYGgZyVUD3,15,1770918313537723000,1770918313531583000,48,Insert,b,49,"Dnes je vonku pekne, idem von so psom na dvor a b"
zADTuV7nEORpOPqPqjLYGgZyVUD3,15,1770918313850064000,1770918313842934000,49,Insert,u,50,"Dnes je vonku pekne, idem von so psom na dvor a bu"
zADTuV7nEORpOPqPqjLYGgZyVUD3,15,1770918314195395000,1770918314188994000,50,Insert,d,51,"Dnes je vonku pekne, idem von so psom na dvor a bud"
zADTuV7nEORpOPqPqjLYGgZyVUD3,15,1770918314369563000,1770918314364684000,51,Insert,e,52,"Dnes je vonku pekne, idem von so psom na dvor a bude"
zADTuV7nEORpOPqPqjLYGgZyVUD3,15,1770918314987972000,1770918314983947000,52,Insert,m,53,"Dnes je vonku pekne, idem von so psom na dvor a budem"
zADTuV7nEORpOPqPqjLYGgZyVUD3,15,1770918315262090000,1770918315255279000,53,Insert, ,54,"Dnes je vonku pekne, idem von so psom na dvor a budem "
zADTuV7nEORpOPqPqjLYGgZyVUD3,15,1770918315712430000,1770918315704690000,54,Insert,t,55,"Dnes je vonku pekne, idem von so psom na dvor a budem t"
zADTuV7nEORpOPqPqjLYGgZyVUD3,15,1770918316056244000,1770918316049504000,55,Insert,a,56,"Dnes je vonku pekne, idem von so psom na dvor a budem ta"
zADTuV7nEORpOPqPqjLYGgZyVUD3,15,1770918316605447000,1770918316601442000,56,Insert,m,57,"Dnes je vonku pekne, idem von so psom na dvor a budem tam"
zADTuV7nEORpOPqPqjLYGgZyVUD3,15,1770918317007823000,1770918317001038000,57,Insert, ,58,"Dnes je vonku pekne, idem von so psom na dvor a budem tam "
zADTuV7nEORpOPqPqjLYGgZyVUD3,15,1770918318121689000,1770918318115798000,58,Insert,a,59,"Dnes je vonku pekne, idem von so psom na dvor a budem tam a"
zADTuV7nEORpOPqPqjLYGgZyVUD3,15,1770918318505202000,1770918318498591000,59,Insert,s,60,"Dnes je vonku pekne, idem von so psom na dvor a budem tam as"
zADTuV7nEORpOPqPqjLYGgZyVUD3,15,1770918318706782000,1770918318696537000,60,Insert,i,61,"Dnes je vonku pekne, idem von so psom na dvor a budem tam asi"
zADTuV7nEORpOPqPqjLYGgZyVUD3,15,1770918319312777000,1770918319304823000,61,Insert, ,62,"Dnes je vonku pekne, idem von so psom na dvor a budem tam asi "
zADTuV7nEORpOPqPqjLYGgZyVUD3,15,1770918319735701000,1770918319727482000,62,Insert,h,63,"Dnes je vonku pekne, idem von so psom na dvor a budem tam asi h"
zADTuV7nEORpOPqPqjLYGgZyVUD3,15,1770918320084764000,1770918320080594000,63,Insert,o,64,"Dnes je vonku pekne, idem von so psom na dvor a budem tam asi ho"
zADTuV7nEORpOPqPqjLYGgZyVUD3,15,1770918320527984000,1770918320521226000,64,Insert,d,65,"Dnes je vonku pekne, idem von so psom na dvor a budem tam asi hod"
zADTuV7nEORpOPqPqjLYGgZyVUD3,15,1770918320929892000,1770918320924934000,65,Insert,i,66,"Dnes je vonku pekne, idem von so psom na dvor a budem tam asi hodi"
zADTuV7nEORpOPqPqjLYGgZyVUD3,15,1770918321230271000,1770918321223570000,66,Insert,n,67,"Dnes je vonku pekne, idem von so psom na dvor a budem tam asi hodin"
zADTuV7nEORpOPqPqjLYGgZyVUD3,15,1770918321511602000,1770918321507620000,67,Insert,u,68,"Dnes je vonku pekne, idem von so psom na dvor a budem tam asi hodinu"
zADTuV7nEORpOPqPqjLYGgZyVUD3,15,1770918322793782000,1770918322785677000,68,Insert,",",69,"Dnes je vonku pekne, idem von so psom na dvor a budem tam asi hodinu,"
zADTuV7nEORpOPqPqjLYGgZyVUD3,15,1770918323628842000,1770918323616241000,69,Insert, ,70,"Dnes je vonku pekne, idem von so psom na dvor a budem tam asi hodinu, "
zADTuV7nEORpOPqPqjLYGgZyVUD3,15,1770918323875563000,1770918323870258000,70,Insert,b,71,"Dnes je vonku pekne, idem von so psom na dvor a budem tam asi hodinu, b"
zADTuV7nEORpOPqPqjLYGgZyVUD3,15,1770918324151688000,1770918324145087000,71,Insert,u,72,"Dnes je vonku pekne, idem von so psom na dvor a budem tam asi hodinu, bu"
zADTuV7nEORpOPqPqjLYGgZyVUD3,15,1770918324434526000,1770918324427136000,72,Insert,d,73,"Dnes je vonku pekne, idem von so psom na dvor a budem tam asi hodinu, bud"
zADTuV7nEORpOPqPqjLYGgZyVUD3,15,1770918324590909000,1770918324585261000,73,Insert,e,74,"Dnes je vonku pekne, idem von so psom na dvor a budem tam asi hodinu, bude"
zADTuV7nEORpOPqPqjLYGgZyVUD3,15,1770918325155643000,1770918325145472000,74,Insert, ,75,"Dnes je vonku pekne, idem von so psom na dvor a budem tam asi hodinu, bude "
