UserId,RoundId,TimestampAfterNs,TimestampBeforeNs,ContentLengthBefore,ActionType,KeyChar,CursorPosition,InputContent
zADTuV7nEORpOPqPqjLYGgZyVUD3,1,1770918550902512000,1770918550889334000,0,Insert,c,1,c
zADTuV7nEORpOPqPqjLYGgZyVUD3,1,1770918551719372000,1770918551716020000,1,Delete,c,0,
zADTuV7nEORpOPqPqjLYGgZyVUD3,1,1770918552543140000,1770918552539274000,0,Insert,C,1,C
zADTuV7nEORpOPqPqjLYGgZyVUD3,1,1770918552761621000,1770918552755803000,1,Insert,h,2,Ch
zADTuV7nEORpOPqPqjLYGgZyVUD3,1,1770918553585232000,1770918553579126000,2,Insert,c,3,Chc
zADTuV7nEORpOPqPqjLYGgZyVUD3,1,1770918553842349000,1770918553835425000,3,Insert,e,4,Chce
zADTuV7nEORpOPqPqjLYGgZyVUD3,1,1770918554780292000,1770918554771575000,4,Insert,l,5,Chcel
zADTuV7nEORpOPqPqjLYGgZyVUD3,1,1770918555106375000,1770918555101053000,5,Insert,a,6,Chcela
zADTuV7nEORpOPqPqjLYGgZyVUD3,1,1770918555782307000,1770918555776095000,6,Insert, ,7,Chcela 
zADTuV7nEORpOPqPqjLYGgZyVUD3,1,1770918563150683000,1770918563141164000,7,Insert,b,8,Chcela b
zADTuV7nEORpOPqPqjLYGgZyVUD3,1,1770918563542766000,1770918563536736000,8,Insert,y,9,Chcela by
zADTuV7nEORpOPqPqjLYGgZyVUD3,1,1770918563773099000,1770918563767094000,9,Insert, ,10,Chcela by 
zADTuV7nEORpOPqPqjLYGgZyVUD3,1,1770918564394969000,1770918564390653000,10,Insert,s,11,Chcela by s
zADTuV7nEORpOPqPqjLYGgZyVUD3,1,1770918564693655000,1770918564687387000,11,Insert,o,12,Chcela by so
zADTuV7nEORpOPqPqjLYGgZyVUD3,1,1770918564975161000,1770918564971276000,12,Insert,m,13,Chcela by som
zADTuV7nEORpOPqPqjLYGgZyVUD3,1,1770918566462550000,1770918566451422000,13,Insert,",",14,"Chcela by som,"
zADTuV7nEORpOPqPqjLYGgZyVUD3,1,1770918567165172000,1770918567154981000,14,Insert, ,15,"Chcela by som, "
zADTuV7nEORpOPqPqjLYGgZyVUD3,1,1770918567736241000,1770918567732278000,15,Insert,a,16,"Chcela by som, a"
zADTuV7nEORpOPqPqjLYGgZyVUD3,1,1770918568024600000,1770918568017739000,16,Insert,b,17,"Chcela by som, ab"
zADTuV7nEORpOPqPqjLYGgZyVUD3,1,1770918568529064000,1770918568521763000,17,Insert, ,18,"Chcela by som, ab "
zADTuV7nEORpOPqPqjLYGgZyVUD3,1,1770918569566700000,1770918569562387000,18,Delete, ,17,"Chcela by som, ab"
zADTuV7nEORpOPqPqjLYGgZyVUD3,1,1770918570381638000,1770918570375857000,17,Insert,y,18,"Chcela by som, aby"
zADTuV7nEORpOPqPqjLYGgZyVUD3,1,1770918571060319000,1770918571052810000,18,Insert, ,19,"Chcela by som, aby "
zADTuV7nEORpOPqPqjLYGgZyVUD3,1,1770918572398226000,1770918572393140000,19,Insert,b,20,"Chcela by som, aby b"
zADTuV7nEORpOPqPqjLYGgZyVUD3,1,1770918572743697000,1770918572737631000,20,Insert,o,21,"Chcela by som, aby bo"
zADTuV7nEORpOPqPqjLYGgZyVUD3,1,1770918572975889000,1770918572969409000,21,Insert,l,22,"Chcela by som, aby bol"
zADTuV7nEORpOPqPqjLYGgZyVUD3,1,1770918573435547000,1770918573429504000,22,Insert, ,23,"Chcela by som, aby bol "
zADTuV7nEORpOPqPqjLYGgZyVUD3,1,1770918573762765000,1770918573756013000,23,Insert,k,24,"Chcela by som, aby bol k"
zADTuV7nEORpOPqPqjLYGgZyVUD3,1,1770918573930830000,1770918573926181000,24,Insert,o,25,"Chcela by som, aby bol ko"
zADTuV7nEORpOPqPqjLYGgZyVUD3,1,1770918574167009000,1770918574160197000,25,Insert,n,26,"Chcela by som, aby bol kon"
zADTuV7nEORpOPqPqjLYGgZyVUD3,1,1770918574394812000,1770918574391005000,26,Insert,i,27,"Chcela by som, aby bol koni"
zADTuV7nEORpOPqPqjLYGgZyVUD3,1,1770918574764458000,1770918574758546000,27,Insert,a,28,"Chcela by som, aby bol konia"
zADTuV7nEORpOPqPqjLYGgZyVUD3,1,1770918574972792000,1770918574969014000,28,Insert,c,29,"Chcela by som, aby bol koniac"
zADTuV7nEORpOPqPqjLYGgZyVUD3,1,1770918575930546000,1770918575924453000,29,Insert, ,30,"Chcela by som, aby bol koniac "
zADTuV7nEORpOPqPqjLYGgZyVUD3,1,1770918576384058000,1770918576378407000,30,Insert,r,31,"Chcela by som, aby bol koniac r"
zADTuV7nEORpOPqPqjLYGgZyVUD3,1,1770918576833486000,1770918576826351000,31,Insert,o,32,"Chcela by som, aby bol koniac ro"
zADTuV7nEORpOPqPqjLYGgZyVUD3,1,1770918577110034000,1770918577104339000,32,Insert,k,33,"Chcela by som, aby bol koniac rok"
zADTuV7nEORpOPqPqjLYGgZyVUD3,1,1770918577427738000,1770918577417191000,33,Insert,a,34,"Chcela by som, aby bol koniac roka"
zADTuV7nEORpOPqPqjLYGgZyVUD3,1,1770918578904647000,1770918578897172000,34,Insert,",",35,"Chcela by som, aby bol koniac roka,"
zADTuV7nEORpOPqPqjLYGgZyVUD3,1,1770918579805622000,1770918579799290000,35,Insert, ,36,"Chcela by som, aby bol koniac roka, "
zADTuV7nEORpOPqPqjLYGgZyVUD3,1,1770918580081200000,1770918580074833000,36,Insert,b,37,"Chcela by som, aby bol koniac roka, b"
zADTuV7nEORpOPqPqjLYGgZyVUD3,1,1770918580351435000,1770918580347437000,37,Insert,u,38,"Chcela by som, aby bol koniac roka, bu"
zADTuV7nEORpOPqPqjLYGgZyVUD3,1,1770918580642004000,1770918580638044000,38,Insert,d,39,"Chcela by som, aby bol koniac roka, bud"
zADTuV7nEORpOPqPqjLYGgZyVUD3,1,1770918582268536000,1770918582257695000,39,Insert,ú,40,"Chcela by som, aby bol koniac roka, budú"
zADTuV7nEORpOPqPqjLYGgZyVUD3,1,1770918583030828000,1770918583019892000,40,Insert, ,41,"Chcela by som, aby bol koniac roka, budú "
zADTuV7nEORpOPqPqjLYGgZyVUD3,1,1770918584352370000,1770918584340889000,41,Insert,z,42,"Chcela by som, aby bol koniac roka, budú z"
zADTuV7nEORpOPqPqjLYGgZyVUD3,1,1770918584647381000,1770918584639582000,42,Insert,a,43,"Chcela by som, aby bol koniac roka, budú za"
zADTuV7nEORpOPqPqjLYGgZyVUD3,1,1770918584948616000,1770918584942920000,43,Insert,s,44,"Chcela by som, aby bol koniac roka, budú zas"
zADTuV7nEORpOPqPqjLYGgZyVUD3,1,1770918585506067000,1770918585498157000,44,Insert, ,45,"Chcela by som, aby bol koniac roka, budú zas "
zADTuV7nEORpOPqPqjLYGgZyVUD3,1,1770918585836265000,1770918585831347000,45,Insert,v,46,"Chcela by som, aby bol koniac roka, budú zas v"
zADTuV7nEORpOPqPqjLYGgZyVUD3,1,1770918586136154000,1770918586132237000,46,Insert,i,47,"Chcela by som, aby bol koniac roka, budú zas vi"
zADTuV7nEORpOPqPqjLYGgZyVUD3,1,1770918586473027000,1770918586467326000,47,Insert,a,48,"Chcela by som, aby bol koniac roka, budú zas via"
zADTuV7nEORpOPqPqjLYGgZyVUD3,1,1770918586884809000,1770918586878927000,48,Insert,n,49,"Chcela by som, aby bol koniac roka, budú zas vian"
zADTuV7nEORpOPqPqjLYGgZyVUD3,1,1770918587145325000,1770918587139409000,49,Insert,o,50,"Chcela by som, aby bol koniac roka, budú zas viano"
zADTuV7nEORpOPqPqjLYGgZyVUD3,1,1770918587562687000,1770918587554193000,50,Insert,c,51,"Chcela by som, aby bol koniac roka, budú zas vianoc"
zADTuV7nEORpOPqPqjLYGgZyVUD3,1,1770918588106260000,1770918588100144000,51,Insert,e,52,"Chcela by som, aby bol koniac roka, budú zas vianoce"
zADTuV7nEORpOPqPqjLYGgZyVUD3,1,1770918589837813000,1770918589828372000,52,Insert,",",53,"Chcela by som, aby bol koniac roka, budú zas vianoce,"
zADTuV7nEORpOPqPqjLYGgZyVUD3,1,1770918590192510000,1770918590186202000,53,Insert, ,54,"Chcela by som, aby bol koniac roka, budú zas vianoce, "
zADTuV7nEORpOPqPqjLYGgZyVUD3,1,1770918591040401000,1770918591034321000,54,Insert,b,55,"Chcela by som, aby bol koniac roka, budú zas vianoce, b"
zADTuV7nEORpOPqPqjLYGgZyVUD3,1,1770918591356311000,1770918591350162000,55,Insert,u,56,"Chcela by som, aby bol koniac roka, budú zas vianoce, bu"
zADTuV7nEORpOPqPqjLYGgZyVUD3,1,1770918591658622000,1770918591652061000,56,Insert,d,57,"Chcela by som, aby bol koniac roka, budú zas vianoce, bud"
zADTuV7nEORpOPqPqjLYGgZyVUD3,1,1770918591829096000,1770918591820541000,57,Insert,e,58,"Chcela by som, aby bol koniac roka, budú zas vianoce, bude"
zADTuV7nEORpOPqPqjLYGgZyVUD3,1,1770918592628117000,1770918592619068000,58,Insert,m,59,"Chcela by som, aby bol koniac roka, budú zas vianoce, budem"
zADTuV7nEORpOPqPqjLYGgZyVUD3,1,1770918593047946000,1770918593039240000,59,Insert,e,60,"Chcela by som, aby bol koniac roka, budú zas vianoce, budeme"
zADTuV7nEORpOPqPqjLYGgZyVUD3,1,1770918598820163000,1770918598809707000,60,Insert, ,61,"Chcela by som, aby bol koniac roka, budú zas vianoce, budeme "
zADTuV7nEORpOPqPqjLYGgZyVUD3,1,1770918599695244000,1770918599686049000,61,Insert,s,62,"Chcela by som, aby bol koniac roka, budú zas vianoce, budeme s"
zADTuV7nEORpOPqPqjLYGgZyVUD3,1,1770918599963858000,1770918599955245000,62,Insert,p,63,"Chcela by som, aby bol koniac roka, budú zas vianoce, budeme sp"
zADTuV7nEORpOPqPqjLYGgZyVUD3,1,1770918600149200000,1770918600139064000,63,Insert,o,64,"Chcela by som, aby bol koniac roka, budú zas vianoce, budeme spo"
zADTuV7nEORpOPqPqjLYGgZyVUD3,1,1770918600332636000,1770918600324739000,64,Insert,l,65,"Chcela by som, aby bol koniac roka, budú zas vianoce, budeme spol"
zADTuV7nEORpOPqPqjLYGgZyVUD3,1,1770918600581821000,1770918600573395000,65,Insert,u,66,"Chcela by som, aby bol koniac roka, budú zas vianoce, budeme spolu"
zADTuV7nEORpOPqPqjLYGgZyVUD3,1,1770918606858335000,1770918606850419000,66,Insert,d,67,"Chcela by som, aby bol koniac roka, budú zas vianoce, budeme spolud"
zADTuV7nEORpOPqPqjLYGgZyVUD3,1,1770918607324655000,1770918607317841000,67,Insert,o,68,"Chcela by som, aby bol koniac roka, budú zas vianoce, budeme spoludo"
zADTuV7nEORpOPqPqjLYGgZyVUD3,1,1770918607621801000,1770918607614826000,68,Insert,m,69,"Chcela by som, aby bol koniac roka, budú zas vianoce, budeme spoludom"
zADTuV7nEORpOPqPqjLYGgZyVUD3,1,1770918608009416000,1770918608003208000,69,Insert,a,70,"Chcela by som, aby bol koniac roka, budú zas vianoce, budeme spoludoma"
zADTuV7nEORpOPqPqjLYGgZyVUD3,1,1770918609511332000,1770918609505425000,70,Delete,a,69,"Chcela by som, aby bol koniac roka, budú zas vianoce, budeme spoludom"
zADTuV7nEORpOPqPqjLYGgZyVUD3,1,1770918609697107000,1770918609693505000,69,Delete,m,68,"Chcela by som, aby bol koniac roka, budú zas vianoce, budeme spoludo"
zADTuV7nEORpOPqPqjLYGgZyVUD3,1,1770918609890472000,1770918609887885000,68,Delete,o,67,"Chcela by som, aby bol koniac roka, budú zas vianoce, budeme spolud"
zADTuV7nEORpOPqPqjLYGgZyVUD3,1,1770918610581096000,1770918610577365000,67,Delete,d,66,"Chcela by som, aby bol koniac roka, budú zas vianoce, budeme spolu"
zADTuV7nEORpOPqPqjLYGgZyVUD3,1,1770918611382409000,1770918611375929000,66,Insert, ,67,"Chcela by som, aby bol koniac roka, budú zas vianoce, budeme spolu "
zADTuV7nEORpOPqPqjLYGgZyVUD3,1,1770918612093874000,1770918612083903000,67,Insert,s,68,"Chcela by som, aby bol koniac roka, budú zas vianoce, budeme spolu s"
zADTuV7nEORpOPqPqjLYGgZyVUD3,1,1770918612344330000,1770918612340034000,68,Insert,o,69,"Chcela by som, aby bol koniac roka, budú zas vianoce, budeme spolu so"
zADTuV7nEORpOPqPqjLYGgZyVUD3,1,1770918612614690000,1770918612606680000,69,Insert,m,70,"Chcela by som, aby bol koniac roka, budú zas vianoce, budeme spolu som"
zADTuV7nEORpOPqPqjLYGgZyVUD3,1,1770918613003389000,1770918612996910000,70,Insert,a,71,"Chcela by som, aby bol koniac roka, budú zas vianoce, budeme spolu soma"
zADTuV7nEORpOPqPqjLYGgZyVUD3,1,1770918613870480000,1770918613861844000,71,Delete,a,70,"Chcela by som, aby bol koniac roka, budú zas vianoce, budeme spolu som"
zADTuV7nEORpOPqPqjLYGgZyVUD3,1,1770918614065819000,1770918614062721000,70,Delete,m,69,"Chcela by som, aby bol koniac roka, budú zas vianoce, budeme spolu so"
zADTuV7nEORpOPqPqjLYGgZyVUD3,1,1770918614262235000,1770918614257855000,69,Delete,o,68,"Chcela by som, aby bol koniac roka, budú zas vianoce, budeme spolu s"
zADTuV7nEORpOPqPqjLYGgZyVUD3,1,1770918614444247000,1770918614440265000,68,Delete,s,67,"Chcela by som, aby bol koniac roka, budú zas vianoce, budeme spolu "
zADTuV7nEORpOPqPqjLYGgZyVUD3,1,1770918615243261000,1770918615236034000,67,Insert,d,68,"Chcela by som, aby bol koniac roka, budú zas vianoce, budeme spolu d"
zADTuV7nEORpOPqPqjLYGgZyVUD3,1,1770918615588523000,1770918615581859000,68,Insert,o,69,"Chcela by som, aby bol koniac roka, budú zas vianoce, budeme spolu do"
zADTuV7nEORpOPqPqjLYGgZyVUD3,1,1770918615902399000,1770918615892038000,69,Insert,m,70,"Chcela by som, aby bol koniac roka, budú zas vianoce, budeme spolu dom"
zADTuV7nEORpOPqPqjLYGgZyVUD3,1,1770918616265068000,1770918616255199000,70,Insert,a,71,"Chcela by som, aby bol koniac roka, budú zas vianoce, budeme spolu doma"
zADTuV7nEORpOPqPqjLYGgZyVUD3,1,1770918617644436000,1770918617632584000,71,Insert,",",72,"Chcela by som, aby bol koniac roka, budú zas vianoce, budeme spolu doma,"
zADTuV7nEORpOPqPqjLYGgZyVUD3,1,1770918618641399000,1770918618631361000,72,Insert, ,73,"Chcela by som, aby bol koniac roka, budú zas vianoce, budeme spolu doma, "
zADTuV7nEORpOPqPqjLYGgZyVUD3,1,1770918619670883000,1770918619664329000,73,Insert,d,74,"Chcela by som, aby bol koniac roka, budú zas vianoce, budeme spolu doma, d"
zADTuV7nEORpOPqPqjLYGgZyVUD3,1,1770918620088817000,1770918620081621000,74,Insert,o,75,"Chcela by som, aby bol koniac roka, budú zas vianoce, budeme spolu doma, do"
zADTuV7nEORpOPqPqjLYGgZyVUD3,1,1770918620473596000,1770918620465331000,75,Insert,s,76,"Chcela by som, aby bol koniac roka, budú zas vianoce, budeme spolu doma, dos"
zADTuV7nEORpOPqPqjLYGgZyVUD3,1,1770918620689999000,1770918620681809000,76,Insert,t,77,"Chcela by som, aby bol koniac roka, budú zas vianoce, budeme spolu doma, dost"
zADTuV7nEORpOPqPqjLYGgZyVUD3,1,1770918621028564000,1770918621022558000,77,Insert,a,78,"Chcela by som, aby bol koniac roka, budú zas vianoce, budeme spolu doma, dosta"
zADTuV7nEORpOPqPqjLYGgZyVUD3,1,1770918621247108000,1770918621240558000,78,Insert,n,79,"Chcela by som, aby bol koniac roka, budú zas vianoce, budeme spolu doma, dostan"
zADTuV7nEORpOPqPqjLYGgZyVUD3,1,1770918621601241000,1770918621592544000,79,Insert,e,80,"Chcela by som, aby bol koniac roka, budú zas vianoce, budeme spolu doma, dostane"
zADTuV7nEORpOPqPqjLYGgZyVUD3,1,1770918621797279000,1770918621790723000,80,Insert,m,81,"Chcela by som, aby bol koniac roka, budú zas vianoce, budeme spolu doma, dostanem"
zADTuV7nEORpOPqPqjLYGgZyVUD3,1,1770918622144729000,1770918622138877000,81,Insert,e,82,"Chcela by som, aby bol koniac roka, budú zas vianoce, budeme spolu doma, dostaneme"
zADTuV7nEORpOPqPqjLYGgZyVUD3,1,1770918622964946000,1770918622953454000,82,Insert, ,83,"Chcela by som, aby bol koniac roka, budú zas vianoce, budeme spolu doma, dostaneme "
zADTuV7nEORpOPqPqjLYGgZyVUD3,1,1770918623316133000,1770918623309698000,83,Insert,d,84,"Chcela by som, aby bol koniac roka, budú zas vianoce, budeme spolu doma, dostaneme d"
zADTuV7nEORpOPqPqjLYGgZyVUD3,1,1770918623612700000,1770918623604225000,84,Insert,a,85,"Chcela by som, aby bol koniac roka, budú zas vianoce, budeme spolu doma, dostaneme da"
zADTuV7nEORpOPqPqjLYGgZyVUD3,1,1770918623776341000,1770918623770618000,85,Insert,r,86,"Chcela by som, aby bol koniac roka, budú zas vianoce, budeme spolu doma, dostaneme dar"
zADTuV7nEORpOPqPqjLYGgZyVUD3,1,1770918625028296000,1770918625020000000,86,Insert,č,87,"Chcela by som, aby bol koniac roka, budú zas vianoce, budeme spolu doma, dostaneme darč"
zADTuV7nEORpOPqPqjLYGgZyVUD3,1,1770918625378274000,1770918625372165000,87,Insert,e,88,"Chcela by som, aby bol koniac roka, budú zas vianoce, budeme spolu doma, dostaneme darče"
zADTuV7nEORpOPqPqjLYGgZyVUD3,1,1770918626363592000,1770918626352798000,88,Insert,k,89,"Chcela by som, aby bol koniac roka, budú zas vianoce, budeme spolu doma, dostaneme darček"
zADTuV7nEORpOPqPqjLYGgZyVUD3,1,1770918626753863000,1770918626747177000,89,Insert,y,90,"Chcela by som, aby bol koniac roka, budú zas vianoce, budeme spolu doma, dostaneme darčeky"
zADTuV7nEORpOPqPqjLYGgZyVUD3,1,1770918628136311000,1770918628126841000,90,Insert,.,91,"Chcela by som, aby bol koniac roka, budú zas vianoce, budeme spolu doma, dostaneme darčeky."
zADTuV7nEORpOPqPqjLYGgZyVUD3,1,1770918693809160000,1770918693781810000,91,Delete,c,90,"Chcela by som, aby bol konia roka, budú zas vianoce, budeme spolu doma, dostaneme darčeky."
zADTuV7nEORpOPqPqjLYGgZyVUD3,1,1770918693945367000,1770918693936601000,90,Delete,a,89,"Chcela by som, aby bol koni roka, budú zas vianoce, budeme spolu doma, dostaneme darčeky."
zADTuV7nEORpOPqPqjLYGgZyVUD3,1,1770918694438870000,1770918694432017000,89,Insert,e,90,"Chcela by som, aby bol konie roka, budú zas vianoce, budeme spolu doma, dostaneme darčeky."
zADTuV7nEORpOPqPqjLYGgZyVUD3,1,1770918694781859000,1770918694772742000,90,Insert,c,91,"Chcela by som, aby bol koniec roka, budú zas vianoce, budeme spolu doma, dostaneme darčeky."
zADTuV7nEORpOPqPqjLYGgZyVUD3,2,1770918696812102000,1770918696793287000,0,Insert,C,1,C
zADTuV7nEORpOPqPqjLYGgZyVUD3,2,1770918699514208000,1770918699507316000,1,Insert,H,2,CH
zADTuV7nEORpOPqPqjLYGgZyVUD3,2,1770918699919796000,1770918699913196000,2,Insert,c,3,CHc
zADTuV7nEORpOPqPqjLYGgZyVUD3,2,1770918700180828000,1770918700174408000,3,Insert,e,4,CHce
zADTuV7nEORpOPqPqjLYGgZyVUD3,2,1770918701293909000,1770918701288024000,4,Delete,e,3,CHc
zADTuV7nEORpOPqPqjLYGgZyVUD3,2,1770918701493168000,1770918701490439000,3,Delete,c,2,CH
zADTuV7nEORpOPqPqjLYGgZyVUD3,2,1770918701657375000,1770918701652783000,2,Delete,H,1,C
zADTuV7nEORpOPqPqjLYGgZyVUD3,2,1770918702442409000,1770918702433225000,1,Insert,h,2,Ch
zADTuV7nEORpOPqPqjLYGgZyVUD3,2,1770918702879901000,1770918702874443000,2,Insert,c,3,Chc
zADTuV7nEORpOPqPqjLYGgZyVUD3,2,1770918703213693000,1770918703206984000,3,Insert,e,4,Chce
zADTuV7nEORpOPqPqjLYGgZyVUD3,2,1770918703415557000,1770918703410850000,4,Insert,a,5,Chcea
zADTuV7nEORpOPqPqjLYGgZyVUD3,2,1770918704259756000,1770918704255253000,5,Delete,a,4,Chce
zADTuV7nEORpOPqPqjLYGgZyVUD3,2,1770918704462644000,1770918704457021000,4,Insert,l,5,Chcel
zADTuV7nEORpOPqPqjLYGgZyVUD3,2,1770918704705730000,1770918704696905000,5,Insert,a,6,Chcela
zADTuV7nEORpOPqPqjLYGgZyVUD3,2,1770918705763771000,1770918705755928000,6,Insert, ,7,Chcela 
zADTuV7nEORpOPqPqjLYGgZyVUD3,2,1770918706025024000,1770918706021214000,7,Insert,b,8,Chcela b
zADTuV7nEORpOPqPqjLYGgZyVUD3,2,1770918706388384000,1770918706378589000,8,Insert,y,9,Chcela by
zADTuV7nEORpOPqPqjLYGgZyVUD3,2,1770918706653324000,1770918706646057000,9,Insert, ,10,Chcela by 
zADTuV7nEORpOPqPqjLYGgZyVUD3,2,1770918707458997000,1770918707452947000,10,Insert,s,11,Chcela by s
zADTuV7nEORpOPqPqjLYGgZyVUD3,2,1770918707588695000,1770918707584756000,11,Insert,o,12,Chcela by so
zADTuV7nEORpOPqPqjLYGgZyVUD3,2,1770918708271855000,1770918708263974000,12,Insert,m,13,Chcela by som
zADTuV7nEORpOPqPqjLYGgZyVUD3,2,1770918709487165000,1770918709478789000,13,Insert,",",14,"Chcela by som,"
zADTuV7nEORpOPqPqjLYGgZyVUD3,2,1770918711758723000,1770918711748761000,14,Insert, ,15,"Chcela by som, "
zADTuV7nEORpOPqPqjLYGgZyVUD3,2,1770918712121736000,1770918712117896000,15,Insert,a,16,"Chcela by som, a"
zADTuV7nEORpOPqPqjLYGgZyVUD3,2,1770918712239316000,1770918712235456000,16,Insert,b,17,"Chcela by som, ab"
zADTuV7nEORpOPqPqjLYGgZyVUD3,2,1770918712939984000,1770918712926849000,17,Insert, ,18,"Chcela by som, ab "
zADTuV7nEORpOPqPqjLYGgZyVUD3,2,1770918713774693000,1770918713768286000,18,Delete, ,17,"Chcela by som, ab"
zADTuV7nEORpOPqPqjLYGgZyVUD3,2,1770918714563613000,1770918714557645000,17,Insert,y,18,"Chcela by som, aby"
zADTuV7nEORpOPqPqjLYGgZyVUD3,2,1770918715375402000,1770918715366225000,18,Insert, ,19,"Chcela by som, aby "
zADTuV7nEORpOPqPqjLYGgZyVUD3,2,1770918716261405000,1770918716254651000,19,Insert,b,20,"Chcela by som, aby b"
zADTuV7nEORpOPqPqjLYGgZyVUD3,2,1770918716617657000,1770918716610757000,20,Insert,o,21,"Chcela by som, aby bo"
zADTuV7nEORpOPqPqjLYGgZyVUD3,2,1770918716875177000,1770918716868810000,21,Insert,l,22,"Chcela by som, aby bol"
zADTuV7nEORpOPqPqjLYGgZyVUD3,2,1770918717718683000,1770918717708450000,22,Insert, ,23,"Chcela by som, aby bol "
zADTuV7nEORpOPqPqjLYGgZyVUD3,2,1770918718122937000,1770918718116618000,23,Insert,k,24,"Chcela by som, aby bol k"
zADTuV7nEORpOPqPqjLYGgZyVUD3,2,1770918718297663000,1770918718293442000,24,Insert,o,25,"Chcela by som, aby bol ko"
zADTuV7nEORpOPqPqjLYGgZyVUD3,2,1770918718565280000,1770918718556020000,25,Insert,n,26,"Chcela by som, aby bol kon"
zADTuV7nEORpOPqPqjLYGgZyVUD3,2,1770918718802395000,1770918718792829000,26,Insert,i,27,"Chcela by som, aby bol koni"
zADTuV7nEORpOPqPqjLYGgZyVUD3,2,1770918719238631000,1770918719232304000,27,Insert,e,28,"Chcela by som, aby bol konie"
zADTuV7nEORpOPqPqjLYGgZyVUD3,2,1770918719498956000,1770918719492129000,28,Insert,c,29,"Chcela by som, aby bol koniec"
zADTuV7nEORpOPqPqjLYGgZyVUD3,2,1770918720647575000,1770918720639587000,29,Insert, ,30,"Chcela by som, aby bol koniec "
zADTuV7nEORpOPqPqjLYGgZyVUD3,2,1770918720974901000,1770918720965411000,30,Insert,w,31,"Chcela by som, aby bol koniec w"
zADTuV7nEORpOPqPqjLYGgZyVUD3,2,1770918721874656000,1770918721870396000,31,Delete,w,30,"Chcela by som, aby bol koniec "
zADTuV7nEORpOPqPqjLYGgZyVUD3,2,1770918722346429000,1770918722342332000,30,Insert,r,31,"Chcela by som, aby bol koniec r"
zADTuV7nEORpOPqPqjLYGgZyVUD3,2,1770918722589547000,1770918722582048000,31,Insert,o,32,"Chcela by som, aby bol koniec ro"
zADTuV7nEORpOPqPqjLYGgZyVUD3,2,1770918722989771000,1770918722983354000,32,Insert,k,33,"Chcela by som, aby bol koniec rok"
zADTuV7nEORpOPqPqjLYGgZyVUD3,2,1770918723274057000,1770918723263834000,33,Insert,a,34,"Chcela by som, aby bol koniec roka"
zADTuV7nEORpOPqPqjLYGgZyVUD3,2,1770918723667137000,1770918723662327000,34,Insert,",",35,"Chcela by som, aby bol koniec roka,"
zADTuV7nEORpOPqPqjLYGgZyVUD3,2,1770918726742669000,1770918726734463000,35,Insert, ,36,"Chcela by som, aby bol koniec roka, "
zADTuV7nEORpOPqPqjLYGgZyVUD3,2,1770918727095989000,1770918727089826000,36,Insert,b,37,"Chcela by som, aby bol koniec roka, b"
zADTuV7nEORpOPqPqjLYGgZyVUD3,2,1770918727354532000,1770918727350263000,37,Insert,u,38,"Chcela by som, aby bol koniec roka, bu"
zADTuV7nEORpOPqPqjLYGgZyVUD3,2,1770918727703232000,1770918727694781000,38,Insert,d,39,"Chcela by som, aby bol koniec roka, bud"
zADTuV7nEORpOPqPqjLYGgZyVUD3,2,1770918728596941000,1770918728587707000,39,Insert,7,40,"Chcela by som, aby bol koniec roka, bud7"
zADTuV7nEORpOPqPqjLYGgZyVUD3,2,1770918729499978000,1770918729495095000,40,Delete,7,39,"Chcela by som, aby bol koniec roka, bud"
zADTuV7nEORpOPqPqjLYGgZyVUD3,2,1770918731072288000,1770918731068281000,39,Insert,ú,40,"Chcela by som, aby bol koniec roka, budú"
zADTuV7nEORpOPqPqjLYGgZyVUD3,2,1770918733122331000,1770918733111937000,40,Insert, ,41,"Chcela by som, aby bol koniec roka, budú "
zADTuV7nEORpOPqPqjLYGgZyVUD3,2,1770918733471943000,1770918733464593000,41,Insert,z,42,"Chcela by som, aby bol koniec roka, budú z"
zADTuV7nEORpOPqPqjLYGgZyVUD3,2,1770918733824358000,1770918733817288000,42,Insert,a,43,"Chcela by som, aby bol koniec roka, budú za"
zADTuV7nEORpOPqPqjLYGgZyVUD3,2,1770918734103811000,1770918734094995000,43,Insert,a,44,"Chcela by som, aby bol koniec roka, budú zaa"
zADTuV7nEORpOPqPqjLYGgZyVUD3,2,1770918735111733000,1770918735100176000,44,Delete,a,43,"Chcela by som, aby bol koniec roka, budú za"
zADTuV7nEORpOPqPqjLYGgZyVUD3,2,1770918735544170000,1770918735537697000,43,Insert,s,44,"Chcela by som, aby bol koniec roka, budú zas"
zADTuV7nEORpOPqPqjLYGgZyVUD3,2,1770918737287892000,1770918737278510000,44,Insert, ,45,"Chcela by som, aby bol koniec roka, budú zas "
zADTuV7nEORpOPqPqjLYGgZyVUD3,2,1770918737517041000,1770918737510823000,45,Insert,v,46,"Chcela by som, aby bol koniec roka, budú zas v"
zADTuV7nEORpOPqPqjLYGgZyVUD3,2,1770918737795576000,1770918737789175000,46,Insert,i,47,"Chcela by som, aby bol koniec roka, budú zas vi"
zADTuV7nEORpOPqPqjLYGgZyVUD3,2,1770918738137700000,1770918738131375000,47,Insert,a,48,"Chcela by som, aby bol koniec roka, budú zas via"
zADTuV7nEORpOPqPqjLYGgZyVUD3,2,1770918738402366000,1770918738396006000,48,Insert,n,49,"Chcela by som, aby bol koniec roka, budú zas vian"
zADTuV7nEORpOPqPqjLYGgZyVUD3,2,1770918738664552000,1770918738656735000,49,Insert,o,50,"Chcela by som, aby bol koniec roka, budú zas viano"
zADTuV7nEORpOPqPqjLYGgZyVUD3,2,1770918739334436000,1770918739327686000,50,Insert,c,51,"Chcela by som, aby bol koniec roka, budú zas vianoc"
zADTuV7nEORpOPqPqjLYGgZyVUD3,2,1770918739630690000,1770918739623871000,51,Insert,e,52,"Chcela by som, aby bol koniec roka, budú zas vianoce"
zADTuV7nEORpOPqPqjLYGgZyVUD3,2,1770918741372294000,1770918741361787000,52,Insert,",",53,"Chcela by som, aby bol koniec roka, budú zas vianoce,"
zADTuV7nEORpOPqPqjLYGgZyVUD3,2,1770918743236421000,1770918743228436000,53,Insert, ,54,"Chcela by som, aby bol koniec roka, budú zas vianoce, "
zADTuV7nEORpOPqPqjLYGgZyVUD3,2,1770918744982090000,1770918744973216000,54,Insert,b,55,"Chcela by som, aby bol koniec roka, budú zas vianoce, b"
zADTuV7nEORpOPqPqjLYGgZyVUD3,2,1770918745299217000,1770918745293229000,55,Insert,u,56,"Chcela by som, aby bol koniec roka, budú zas vianoce, bu"
zADTuV7nEORpOPqPqjLYGgZyVUD3,2,1770918745669187000,1770918745662857000,56,Insert,d,57,"Chcela by som, aby bol koniec roka, budú zas vianoce, bud"
zADTuV7nEORpOPqPqjLYGgZyVUD3,2,1770918745834206000,1770918745828182000,57,Insert,e,58,"Chcela by som, aby bol koniec roka, budú zas vianoce, bude"
zADTuV7nEORpOPqPqjLYGgZyVUD3,2,1770918746523547000,1770918746515527000,58,Insert,m,59,"Chcela by som, aby bol koniec roka, budú zas vianoce, budem"
zADTuV7nEORpOPqPqjLYGgZyVUD3,2,1770918746912932000,1770918746906607000,59,Insert,e,60,"Chcela by som, aby bol koniec roka, budú zas vianoce, budeme"
zADTuV7nEORpOPqPqjLYGgZyVUD3,2,1770918748187327000,1770918748178434000,60,Insert, ,61,"Chcela by som, aby bol koniec roka, budú zas vianoce, budeme "
zADTuV7nEORpOPqPqjLYGgZyVUD3,2,1770918748631261000,1770918748624650000,61,Insert,s,62,"Chcela by som, aby bol koniec roka, budú zas vianoce, budeme s"
zADTuV7nEORpOPqPqjLYGgZyVUD3,2,1770918748789639000,1770918748783941000,62,Insert,p,63,"Chcela by som, aby bol koniec roka, budú zas vianoce, budeme sp"
zADTuV7nEORpOPqPqjLYGgZyVUD3,2,1770918748975877000,1770918748971580000,63,Insert,o,64,"Chcela by som, aby bol koniec roka, budú zas vianoce, budeme spo"
zADTuV7nEORpOPqPqjLYGgZyVUD3,2,1770918749201501000,1770918749195005000,64,Insert,l,65,"Chcela by som, aby bol koniec roka, budú zas vianoce, budeme spol"
zADTuV7nEORpOPqPqjLYGgZyVUD3,2,1770918749671074000,1770918749664693000,65,Insert,u,66,"Chcela by som, aby bol koniec roka, budú zas vianoce, budeme spolu"
zADTuV7nEORpOPqPqjLYGgZyVUD3,2,1770918750531147000,1770918750522150000,66,Insert, ,67,"Chcela by som, aby bol koniec roka, budú zas vianoce, budeme spolu "
zADTuV7nEORpOPqPqjLYGgZyVUD3,2,1770918751530140000,1770918751520991000,67,Insert,d,68,"Chcela by som, aby bol koniec roka, budú zas vianoce, budeme spolu d"
zADTuV7nEORpOPqPqjLYGgZyVUD3,2,1770918751826948000,1770918751819732000,68,Insert,o,69,"Chcela by som, aby bol koniec roka, budú zas vianoce, budeme spolu do"
zADTuV7nEORpOPqPqjLYGgZyVUD3,2,1770918752154330000,1770918752146560000,69,Insert,m,70,"Chcela by som, aby bol koniec roka, budú zas vianoce, budeme spolu dom"
zADTuV7nEORpOPqPqjLYGgZyVUD3,2,1770918752603123000,1770918752597215000,70,Insert,a,71,"Chcela by som, aby bol koniec roka, budú zas vianoce, budeme spolu doma"
zADTuV7nEORpOPqPqjLYGgZyVUD3,2,1770918753978011000,1770918753960754000,71,Insert,",",72,"Chcela by som, aby bol koniec roka, budú zas vianoce, budeme spolu doma,"
zADTuV7nEORpOPqPqjLYGgZyVUD3,2,1770918754691768000,1770918754680072000,72,Insert, ,73,"Chcela by som, aby bol koniec roka, budú zas vianoce, budeme spolu doma, "
zADTuV7nEORpOPqPqjLYGgZyVUD3,2,1770918755172469000,1770918755166414000,73,Insert,d,74,"Chcela by som, aby bol koniec roka, budú zas vianoce, budeme spolu doma, d"
zADTuV7nEORpOPqPqjLYGgZyVUD3,2,1770918755452215000,1770918755444234000,74,Insert,o,75,"Chcela by som, aby bol koniec roka, budú zas vianoce, budeme spolu doma, do"
zADTuV7nEORpOPqPqjLYGgZyVUD3,2,1770918755820365000,1770918755813713000,75,Insert,s,76,"Chcela by som, aby bol koniec roka, budú zas vianoce, budeme spolu doma, dos"
zADTuV7nEORpOPqPqjLYGgZyVUD3,2,1770918756067875000,1770918756061715000,76,Insert,t,77,"Chcela by som, aby bol koniec roka, budú zas vianoce, budeme spolu doma, dost"
zADTuV7nEORpOPqPqjLYGgZyVUD3,2,1770918756384009000,1770918756377785000,77,Insert,a,78,"Chcela by som, aby bol koniec roka, budú zas vianoce, budeme spolu doma, dosta"
zADTuV7nEORpOPqPqjLYGgZyVUD3,2,1770918757101445000,1770918757093095000,78,Insert,n,79,"Chcela by som, aby bol koniec roka, budú zas vianoce, budeme spolu doma, dostan"
zADTuV7nEORpOPqPqjLYGgZyVUD3,2,1770918757474613000,1770918757467453000,79,Insert,e,80,"Chcela by som, aby bol koniec roka, budú zas vianoce, budeme spolu doma, dostane"
zADTuV7nEORpOPqPqjLYGgZyVUD3,2,1770918757998024000,1770918757993585000,80,Insert,m,81,"Chcela by som, aby bol koniec roka, budú zas vianoce, budeme spolu doma, dostanem"
zADTuV7nEORpOPqPqjLYGgZyVUD3,2,1770918758357875000,1770918758350112000,81,Insert,e,82,"Chcela by som, aby bol koniec roka, budú zas vianoce, budeme spolu doma, dostaneme"
zADTuV7nEORpOPqPqjLYGgZyVUD3,2,1770918759021933000,1770918759009959000,82,Insert, ,83,"Chcela by som, aby bol koniec roka, budú zas vianoce, budeme spolu doma, dostaneme "
zADTuV7nEORpOPqPqjLYGgZyVUD3,2,1770918759736665000,1770918759729823000,83,Insert,d,84,"Chcela by som, aby bol koniec roka, budú zas vianoce, budeme spolu doma, dostaneme d"
zADTuV7nEORpOPqPqjLYGgZyVUD3,2,1770918759982214000,1770918759974929000,84,Insert,a,85,"Chcela by som, aby bol koniec roka, budú zas vianoce, budeme spolu doma, dostaneme da"
zADTuV7nEORpOPqPqjLYGgZyVUD3,2,1770918760273482000,1770918760267001000,85,Insert,r,86,"Chcela by som, aby bol koniec roka, budú zas vianoce, budeme spolu doma, dostaneme dar"
zADTuV7nEORpOPqPqjLYGgZyVUD3,2,1770918761475496000,1770918761467989000,86,Insert,č,87,"Chcela by som, aby bol koniec roka, budú zas vianoce, budeme spolu doma, dostaneme darč"
zADTuV7nEORpOPqPqjLYGgZyVUD3,2,1770918761807970000,1770918761801091000,87,Insert,e,88,"Chcela by som, aby bol koniec roka, budú zas vianoce, budeme spolu doma, dostaneme darče"
zADTuV7nEORpOPqPqjLYGgZyVUD3,2,1770918762618362000,1770918762609609000,88,Insert,k,89,"Chcela by som, aby bol koniec roka, budú zas vianoce, budeme spolu doma, dostaneme darček"
zADTuV7nEORpOPqPqjLYGgZyVUD3,2,1770918763028186000,1770918763018964000,89,Insert,y,90,"Chcela by som, aby bol koniec roka, budú zas vianoce, budeme spolu doma, dostaneme darčeky"
zADTuV7nEORpOPqPqjLYGgZyVUD3,2,1770918763360789000,1770918763352133000,90,Insert,.,91,"Chcela by som, aby bol koniec roka, budú zas vianoce, budeme spolu doma, dostaneme darčeky."
zADTuV7nEORpOPqPqjLYGgZyVUD3,3,1770918764785034000,1770918764778299000,0,Insert,D,1,D
zADTuV7nEORpOPqPqjLYGgZyVUD3,3,1770918765629369000,1770918765624610000,1,Delete,D,0,
zADTuV7nEORpOPqPqjLYGgZyVUD3,3,1770918766344537000,1770918766338231000,0,Insert,C,1,C
zADTuV7nEORpOPqPqjLYGgZyVUD3,3,1770918767088719000,1770918767081510000,1,Insert,h,2,Ch
zADTuV7nEORpOPqPqjLYGgZyVUD3,3,1770918767634402000,1770918767629953000,2,Insert,c,3,Chc
zADTuV7nEORpOPqPqjLYGgZyVUD3,3,1770918767905675000,1770918767897776000,3,Insert,e,4,Chce
zADTuV7nEORpOPqPqjLYGgZyVUD3,3,1770918768589831000,1770918768580432000,4,Insert,l,5,Chcel
zADTuV7nEORpOPqPqjLYGgZyVUD3,3,1770918768909253000,1770918768902668000,5,Insert,a,6,Chcela
zADTuV7nEORpOPqPqjLYGgZyVUD3,3,1770918769078746000,1770918769074327000,6,Insert, ,7,Chcela 
zADTuV7nEORpOPqPqjLYGgZyVUD3,3,1770918769557455000,1770918769551252000,7,Insert,v,8,Chcela v
zADTuV7nEORpOPqPqjLYGgZyVUD3,3,1770918770631788000,1770918770625947000,8,Delete,v,7,Chcela 
zADTuV7nEORpOPqPqjLYGgZyVUD3,3,1770918771000390000,1770918770994101000,7,Insert,b,8,Chcela b
zADTuV7nEORpOPqPqjLYGgZyVUD3,3,1770918771299171000,1770918771292156000,8,Insert,y,9,Chcela by
zADTuV7nEORpOPqPqjLYGgZyVUD3,3,1770918771845224000,1770918771841219000,9,Insert, ,10,Chcela by 
zADTuV7nEORpOPqPqjLYGgZyVUD3,3,1770918772377208000,1770918772368153000,10,Insert,s,11,Chcela by s
zADTuV7nEORpOPqPqjLYGgZyVUD3,3,1770918772610664000,1770918772604311000,11,Insert,o,12,Chcela by so
zADTuV7nEORpOPqPqjLYGgZyVUD3,3,1770918773197276000,1770918773193462000,12,Insert,m,13,Chcela by som
zADTuV7nEORpOPqPqjLYGgZyVUD3,3,1770918776248993000,1770918776237878000,13,Insert,",",14,"Chcela by som,"
zADTuV7nEORpOPqPqjLYGgZyVUD3,3,1770918777287437000,1770918777275443000,14,Insert, ,15,"Chcela by som, "
zADTuV7nEORpOPqPqjLYGgZyVUD3,3,1770918778402790000,1770918778397554000,15,Insert,a,16,"Chcela by som, a"
zADTuV7nEORpOPqPqjLYGgZyVUD3,3,1770918778789991000,1770918778784169000,16,Insert,b,17,"Chcela by som, ab"
zADTuV7nEORpOPqPqjLYGgZyVUD3,3,1770918779112765000,1770918779106662000,17,Insert,y,18,"Chcela by som, aby"
zADTuV7nEORpOPqPqjLYGgZyVUD3,3,1770918779331555000,1770918779323552000,18,Insert, ,19,"Chcela by som, aby "
zADTuV7nEORpOPqPqjLYGgZyVUD3,3,1770918780297147000,1770918780284954000,19,Insert,b,20,"Chcela by som, aby b"
zADTuV7nEORpOPqPqjLYGgZyVUD3,3,1770918780637448000,1770918780631210000,20,Insert,o,21,"Chcela by som, aby bo"
zADTuV7nEORpOPqPqjLYGgZyVUD3,3,1770918780882251000,1770918780875568000,21,Insert,l,22,"Chcela by som, aby bol"
zADTuV7nEORpOPqPqjLYGgZyVUD3,3,1770918781403670000,1770918781396998000,22,Insert, ,23,"Chcela by som, aby bol "
zADTuV7nEORpOPqPqjLYGgZyVUD3,3,1770918781819764000,1770918781813222000,23,Insert,k,24,"Chcela by som, aby bol k"
zADTuV7nEORpOPqPqjLYGgZyVUD3,3,1770918781993297000,1770918781989139000,24,Insert,o,25,"Chcela by som, aby bol ko"
zADTuV7nEORpOPqPqjLYGgZyVUD3,3,1770918782273895000,1770918782267780000,25,Insert,n,26,"Chcela by som, aby bol kon"
zADTuV7nEORpOPqPqjLYGgZyVUD3,3,1770918782492582000,1770918782485538000,26,Insert,i,27,"Chcela by som, aby bol koni"
zADTuV7nEORpOPqPqjLYGgZyVUD3,3,1770918782789746000,1770918782783794000,27,Insert,a,28,"Chcela by som, aby bol konia"
zADTuV7nEORpOPqPqjLYGgZyVUD3,3,1770918783037733000,1770918783029702000,28,Insert,c,29,"Chcela by som, aby bol koniac"
zADTuV7nEORpOPqPqjLYGgZyVUD3,3,1770918784146529000,1770918784141175000,29,Delete,c,28,"Chcela by som, aby bol konia"
zADTuV7nEORpOPqPqjLYGgZyVUD3,3,1770918784344955000,1770918784343261000,28,Delete,a,27,"Chcela by som, aby bol koni"
zADTuV7nEORpOPqPqjLYGgZyVUD3,3,1770918784500198000,1770918784497840000,27,Delete,i,26,"Chcela by som, aby bol kon"
zADTuV7nEORpOPqPqjLYGgZyVUD3,3,1770918786334442000,1770918786330880000,26,Insert,i,27,"Chcela by som, aby bol koni"
zADTuV7nEORpOPqPqjLYGgZyVUD3,3,1770918786730259000,1770918786726396000,27,Insert,e,28,"Chcela by som, aby bol konie"
zADTuV7nEORpOPqPqjLYGgZyVUD3,3,1770918787548963000,1770918787540132000,28,Insert,c,29,"Chcela by som, aby bol koniec"
zADTuV7nEORpOPqPqjLYGgZyVUD3,3,1770918788429809000,1770918788422886000,29,Insert, ,30,"Chcela by som, aby bol koniec "
zADTuV7nEORpOPqPqjLYGgZyVUD3,3,1770918789099231000,1770918789090007000,30,Insert,e,31,"Chcela by som, aby bol koniec e"
zADTuV7nEORpOPqPqjLYGgZyVUD3,3,1770918790513776000,1770918790507528000,31,Delete,e,30,"Chcela by som, aby bol koniec "
zADTuV7nEORpOPqPqjLYGgZyVUD3,3,1770918790975611000,1770918790967289000,30,Insert,r,31,"Chcela by som, aby bol koniec r"
zADTuV7nEORpOPqPqjLYGgZyVUD3,3,1770918791143299000,1770918791137183000,31,Insert,o,32,"Chcela by som, aby bol koniec ro"
zADTuV7nEORpOPqPqjLYGgZyVUD3,3,1770918791870029000,1770918791863261000,32,Insert,k,33,"Chcela by som, aby bol koniec rok"
zADTuV7nEORpOPqPqjLYGgZyVUD3,3,1770918792179858000,1770918792173670000,33,Insert,a,34,"Chcela by som, aby bol koniec roka"
zADTuV7nEORpOPqPqjLYGgZyVUD3,3,1770918794054739000,1770918794045801000,34,Insert,",",35,"Chcela by som, aby bol koniec roka,"
zADTuV7nEORpOPqPqjLYGgZyVUD3,3,1770918794710158000,1770918794702490000,35,Insert, ,36,"Chcela by som, aby bol koniec roka, "
zADTuV7nEORpOPqPqjLYGgZyVUD3,3,1770918794994557000,1770918794988109000,36,Insert,b,37,"Chcela by som, aby bol koniec roka, b"
zADTuV7nEORpOPqPqjLYGgZyVUD3,3,1770918795257750000,1770918795250543000,37,Insert,u,38,"Chcela by som, aby bol koniec roka, bu"
zADTuV7nEORpOPqPqjLYGgZyVUD3,3,1770918795542051000,1770918795535631000,38,Insert,d,39,"Chcela by som, aby bol koniec roka, bud"
zADTuV7nEORpOPqPqjLYGgZyVUD3,3,1770918796274828000,1770918796270717000,39,Insert,7,40,"Chcela by som, aby bol koniec roka, bud7"
zADTuV7nEORpOPqPqjLYGgZyVUD3,3,1770918797134729000,1770918797128611000,40,Delete,7,39,"Chcela by som, aby bol koniec roka, bud"
zADTuV7nEORpOPqPqjLYGgZyVUD3,3,1770918799269554000,1770918799259220000,39,Insert,ú,40,"Chcela by som, aby bol koniec roka, budú"
zADTuV7nEORpOPqPqjLYGgZyVUD3,3,1770918799964766000,1770918799958098000,40,Insert, ,41,"Chcela by som, aby bol koniec roka, budú "
zADTuV7nEORpOPqPqjLYGgZyVUD3,3,1770918800291718000,1770918800284529000,41,Insert,z,42,"Chcela by som, aby bol koniec roka, budú z"
zADTuV7nEORpOPqPqjLYGgZyVUD3,3,1770918800535352000,1770918800530584000,42,Insert,a,43,"Chcela by som, aby bol koniec roka, budú za"
zADTuV7nEORpOPqPqjLYGgZyVUD3,3,1770918800803965000,1770918800797132000,43,Insert,s,44,"Chcela by som, aby bol koniec roka, budú zas"
zADTuV7nEORpOPqPqjLYGgZyVUD3,3,1770918801436037000,1770918801425583000,44,Insert, ,45,"Chcela by som, aby bol koniec roka, budú zas "
zADTuV7nEORpOPqPqjLYGgZyVUD3,3,1770918802772355000,1770918802766318000,45,Insert,v,46,"Chcela by som, aby bol koniec roka, budú zas v"
zADTuV7nEORpOPqPqjLYGgZyVUD3,3,1770918803095115000,1770918803088271000,46,Insert,i,47,"Chcela by som, aby bol koniec roka, budú zas vi"
zADTuV7nEORpOPqPqjLYGgZyVUD3,3,1770918803465794000,1770918803458750000,47,Insert,a,48,"Chcela by som, aby bol koniec roka, budú zas via"
zADTuV7nEORpOPqPqjLYGgZyVUD3,3,1770918803643906000,1770918803638818000,48,Insert,n,49,"Chcela by som, aby bol koniec roka, budú zas vian"
zADTuV7nEORpOPqPqjLYGgZyVUD3,3,1770918803886802000,1770918803882753000,49,Insert,o,50,"Chcela by som, aby bol koniec roka, budú zas viano"
zADTuV7nEORpOPqPqjLYGgZyVUD3,3,1770918804245390000,1770918804238723000,50,Insert,c,51,"Chcela by som, aby bol koniec roka, budú zas vianoc"
zADTuV7nEORpOPqPqjLYGgZyVUD3,3,1770918804522033000,1770918804517939000,51,Insert,e,52,"Chcela by som, aby bol koniec roka, budú zas vianoce"
zADTuV7nEORpOPqPqjLYGgZyVUD3,3,1770918806645932000,1770918806636238000,52,Insert,",",53,"Chcela by som, aby bol koniec roka, budú zas vianoce,"
zADTuV7nEORpOPqPqjLYGgZyVUD3,3,1770918807111547000,1770918807100643000,53,Insert, ,54,"Chcela by som, aby bol koniec roka, budú zas vianoce, "
zADTuV7nEORpOPqPqjLYGgZyVUD3,3,1770918807739665000,1770918807730318000,54,Insert,b,55,"Chcela by som, aby bol koniec roka, budú zas vianoce, b"
zADTuV7nEORpOPqPqjLYGgZyVUD3,3,1770918807990660000,1770918807983893000,55,Insert,u,56,"Chcela by som, aby bol koniec roka, budú zas vianoce, bu"
zADTuV7nEORpOPqPqjLYGgZyVUD3,3,1770918808380064000,1770918808372666000,56,Insert,d,57,"Chcela by som, aby bol koniec roka, budú zas vianoce, bud"
zADTuV7nEORpOPqPqjLYGgZyVUD3,3,1770918808688487000,1770918808681664000,57,Insert,e,58,"Chcela by som, aby bol koniec roka, budú zas vianoce, bude"
zADTuV7nEORpOPqPqjLYGgZyVUD3,3,1770918808867206000,1770918808862717000,58,Insert,m,59,"Chcela by som, aby bol koniec roka, budú zas vianoce, budem"
zADTuV7nEORpOPqPqjLYGgZyVUD3,3,1770918809095239000,1770918809088639000,59,Insert,e,60,"Chcela by som, aby bol koniec roka, budú zas vianoce, budeme"
zADTuV7nEORpOPqPqjLYGgZyVUD3,3,1770918809481983000,1770918809474654000,60,Insert, ,61,"Chcela by som, aby bol koniec roka, budú zas vianoce, budeme "
zADTuV7nEORpOPqPqjLYGgZyVUD3,3,1770918810645524000,1770918810639199000,61,Insert,d,62,"Chcela by som, aby bol koniec roka, budú zas vianoce, budeme d"
zADTuV7nEORpOPqPqjLYGgZyVUD3,3,1770918810868543000,1770918810861923000,62,Insert,o,63,"Chcela by som, aby bol koniec roka, budú zas vianoce, budeme do"
zADTuV7nEORpOPqPqjLYGgZyVUD3,3,1770918811224732000,1770918811215794000,63,Insert,m,64,"Chcela by som, aby bol koniec roka, budú zas vianoce, budeme dom"
zADTuV7nEORpOPqPqjLYGgZyVUD3,3,1770918811548828000,1770918811542389000,64,Insert,a,65,"Chcela by som, aby bol koniec roka, budú zas vianoce, budeme doma"
zADTuV7nEORpOPqPqjLYGgZyVUD3,3,1770918815210308000,1770918815204267000,65,Delete,a,64,"Chcela by som, aby bol koniec roka, budú zas vianoce, budeme dom"
zADTuV7nEORpOPqPqjLYGgZyVUD3,3,1770918815364400000,1770918815361515000,64,Delete,m,63,"Chcela by som, aby bol koniec roka, budú zas vianoce, budeme do"
zADTuV7nEORpOPqPqjLYGgZyVUD3,3,1770918815540186000,1770918815537287000,63,Delete,o,62,"Chcela by som, aby bol koniec roka, budú zas vianoce, budeme d"
zADTuV7nEORpOPqPqjLYGgZyVUD3,3,1770918816086936000,1770918816077149000,62,Delete,d,61,"Chcela by som, aby bol koniec roka, budú zas vianoce, budeme "
zADTuV7nEORpOPqPqjLYGgZyVUD3,3,1770918816990155000,1770918816985304000,61,Insert,s,62,"Chcela by som, aby bol koniec roka, budú zas vianoce, budeme s"
zADTuV7nEORpOPqPqjLYGgZyVUD3,3,1770918817188954000,1770918817178633000,62,Insert,p,63,"Chcela by som, aby bol koniec roka, budú zas vianoce, budeme sp"
zADTuV7nEORpOPqPqjLYGgZyVUD3,3,1770918817369288000,1770918817365180000,63,Insert,o,64,"Chcela by som, aby bol koniec roka, budú zas vianoce, budeme spo"
zADTuV7nEORpOPqPqjLYGgZyVUD3,3,1770918817575976000,1770918817569429000,64,Insert,l,65,"Chcela by som, aby bol koniec roka, budú zas vianoce, budeme spol"
zADTuV7nEORpOPqPqjLYGgZyVUD3,3,1770918817791446000,1770918817784005000,65,Insert,i,66,"Chcela by som, aby bol koniec roka, budú zas vianoce, budeme spoli"
zADTuV7nEORpOPqPqjLYGgZyVUD3,3,1770918818458306000,1770918818452097000,66,Delete,i,65,"Chcela by som, aby bol koniec roka, budú zas vianoce, budeme spol"
zADTuV7nEORpOPqPqjLYGgZyVUD3,3,1770918818780007000,1770918818772254000,65,Insert,u,66,"Chcela by som, aby bol koniec roka, budú zas vianoce, budeme spolu"
zADTuV7nEORpOPqPqjLYGgZyVUD3,3,1770918819316422000,1770918819310788000,66,Insert, ,67,"Chcela by som, aby bol koniec roka, budú zas vianoce, budeme spolu "
zADTuV7nEORpOPqPqjLYGgZyVUD3,3,1770918819733466000,1770918819726326000,67,Insert,d,68,"Chcela by som, aby bol koniec roka, budú zas vianoce, budeme spolu d"
zADTuV7nEORpOPqPqjLYGgZyVUD3,3,1770918819838766000,1770918819831018000,68,Insert,o,69,"Chcela by som, aby bol koniec roka, budú zas vianoce, budeme spolu do"
zADTuV7nEORpOPqPqjLYGgZyVUD3,3,1770918820167073000,1770918820160793000,69,Insert,m,70,"Chcela by som, aby bol koniec roka, budú zas vianoce, budeme spolu dom"
zADTuV7nEORpOPqPqjLYGgZyVUD3,3,1770918820513521000,1770918820506804000,70,Insert,a,71,"Chcela by som, aby bol koniec roka, budú zas vianoce, budeme spolu doma"
zADTuV7nEORpOPqPqjLYGgZyVUD3,3,1770918821836293000,1770918821828473000,71,Insert,",",72,"Chcela by som, aby bol koniec roka, budú zas vianoce, budeme spolu doma,"
zADTuV7nEORpOPqPqjLYGgZyVUD3,3,1770918822577249000,1770918822566480000,72,Insert, ,73,"Chcela by som, aby bol koniec roka, budú zas vianoce, budeme spolu doma, "
zADTuV7nEORpOPqPqjLYGgZyVUD3,3,1770918823396715000,1770918823390316000,73,Insert,d,74,"Chcela by som, aby bol koniec roka, budú zas vianoce, budeme spolu doma, d"
zADTuV7nEORpOPqPqjLYGgZyVUD3,3,1770918823627017000,1770918823619257000,74,Insert,o,75,"Chcela by som, aby bol koniec roka, budú zas vianoce, budeme spolu doma, do"
zADTuV7nEORpOPqPqjLYGgZyVUD3,3,1770918824499271000,1770918824488362000,75,Insert,s,76,"Chcela by som, aby bol koniec roka, budú zas vianoce, budeme spolu doma, dos"
zADTuV7nEORpOPqPqjLYGgZyVUD3,3,1770918824769060000,1770918824762391000,76,Insert,t,77,"Chcela by som, aby bol koniec roka, budú zas vianoce, budeme spolu doma, dost"
zADTuV7nEORpOPqPqjLYGgZyVUD3,3,1770918825136844000,1770918825128828000,77,Insert,a,78,"Chcela by som, aby bol koniec roka, budú zas vianoce, budeme spolu doma, dosta"
zADTuV7nEORpOPqPqjLYGgZyVUD3,3,1770918825738255000,1770918825729083000,78,Insert,n,79,"Chcela by som, aby bol koniec roka, budú zas vianoce, budeme spolu doma, dostan"
zADTuV7nEORpOPqPqjLYGgZyVUD3,3,1770918826138300000,1770918826128603000,79,Insert,e,80,"Chcela by som, aby bol koniec roka, budú zas vianoce, budeme spolu doma, dostane"
zADTuV7nEORpOPqPqjLYGgZyVUD3,3,1770918826351406000,1770918826344841000,80,Insert,m,81,"Chcela by som, aby bol koniec roka, budú zas vianoce, budeme spolu doma, dostanem"
zADTuV7nEORpOPqPqjLYGgZyVUD3,3,1770918826550808000,1770918826546270000,81,Insert,e,82,"Chcela by som, aby bol koniec roka, budú zas vianoce, budeme spolu doma, dostaneme"
zADTuV7nEORpOPqPqjLYGgZyVUD3,3,1770918827158146000,1770918827148276000,82,Insert, ,83,"Chcela by som, aby bol koniec roka, budú zas vianoce, budeme spolu doma, dostaneme "
zADTuV7nEORpOPqPqjLYGgZyVUD3,3,1770918827779291000,1770918827774274000,83,Insert,d,84,"Chcela by som, aby bol koniec roka, budú zas vianoce, budeme spolu doma, dostaneme d"
zADTuV7nEORpOPqPqjLYGgZyVUD3,3,1770918828098235000,1770918828090446000,84,Insert,a,85,"Chcela by som, aby bol koniec roka, budú zas vianoce, budeme spolu doma, dostaneme da"
zADTuV7nEORpOPqPqjLYGgZyVUD3,3,1770918828240662000,1770918828235183000,85,Insert,r,86,"Chcela by som, aby bol koniec roka, budú zas vianoce, budeme spolu doma, dostaneme dar"
zADTuV7nEORpOPqPqjLYGgZyVUD3,3,1770918829498808000,1770918829488923000,86,Insert,č,87,"Chcela by som, aby bol koniec roka, budú zas vianoce, budeme spolu doma, dostaneme darč"
zADTuV7nEORpOPqPqjLYGgZyVUD3,3,1770918830327926000,1770918830319393000,87,Insert,e,88,"Chcela by som, aby bol koniec roka, budú zas vianoce, budeme spolu doma, dostaneme darče"
zADTuV7nEORpOPqPqjLYGgZyVUD3,3,1770918830857919000,1770918830849587000,88,Insert,k,89,"Chcela by som, aby bol koniec roka, budú zas vianoce, budeme spolu doma, dostaneme darček"
zADTuV7nEORpOPqPqjLYGgZyVUD3,3,1770918831357651000,1770918831351662000,89,Insert,y,90,"Chcela by som, aby bol koniec roka, budú zas vianoce, budeme spolu doma, dostaneme darčeky"
zADTuV7nEORpOPqPqjLYGgZyVUD3,3,1770918832040610000,1770918832026412000,90,Insert,.,91,"Chcela by som, aby bol koniec roka, budú zas vianoce, budeme spolu doma, dostaneme darčeky."
zADTuV7nEORpOPqPqjLYGgZyVUD3,4,1770918833564747000,1770918833555750000,0,Insert,C,1,C
zADTuV7nEORpOPqPqjLYGgZyVUD3,4,1770918833969731000,1770918833964713000,1,Insert,h,2,Ch
zADTuV7nEORpOPqPqjLYGgZyVUD3,4,1770918834502621000,1770918834498822000,2,Insert,c,3,Chc
zADTuV7nEORpOPqPqjLYGgZyVUD3,4,1770918834853347000,1770918834847327000,3,Insert,e,4,Chce
zADTuV7nEORpOPqPqjLYGgZyVUD3,4,1770918835177268000,1770918835171092000,4,Insert,l,5,Chcel
zADTuV7nEORpOPqPqjLYGgZyVUD3,4,1770918835500539000,1770918835494713000,5,Insert,a,6,Chcela
zADTuV7nEORpOPqPqjLYGgZyVUD3,4,1770918835936453000,1770918835926829000,6,Insert, ,7,Chcela 
zADTuV7nEORpOPqPqjLYGgZyVUD3,4,1770918836261472000,1770918836254363000,7,Insert,v,8,Chcela v
zADTuV7nEORpOPqPqjLYGgZyVUD3,4,1770918837167008000,1770918837158840000,8,Delete,v,7,Chcela 
zADTuV7nEORpOPqPqjLYGgZyVUD3,4,1770918837648337000,1770918837641937000,7,Insert,b,8,Chcela b
zADTuV7nEORpOPqPqjLYGgZyVUD3,4,1770918838200044000,1770918838191166000,8,Insert, ,9,Chcela b 
zADTuV7nEORpOPqPqjLYGgZyVUD3,4,1770918838956717000,1770918838950456000,9,Delete, ,8,Chcela b
zADTuV7nEORpOPqPqjLYGgZyVUD3,4,1770918839294048000,1770918839285822000,8,Insert,y,9,Chcela by
zADTuV7nEORpOPqPqjLYGgZyVUD3,4,1770918839993399000,1770918839985661000,9,Insert, ,10,Chcela by 
zADTuV7nEORpOPqPqjLYGgZyVUD3,4,1770918840514413000,1770918840508158000,10,Insert,s,11,Chcela by s
zADTuV7nEORpOPqPqjLYGgZyVUD3,4,1770918840734598000,1770918840728196000,11,Insert,o,12,Chcela by so
zADTuV7nEORpOPqPqjLYGgZyVUD3,4,1770918841084735000,1770918841077813000,12,Insert,m,13,Chcela by som
zADTuV7nEORpOPqPqjLYGgZyVUD3,4,1770918841879542000,1770918841870126000,13,Insert,",",14,"Chcela by som,"
zADTuV7nEORpOPqPqjLYGgZyVUD3,4,1770918842416205000,1770918842412003000,14,Insert, ,15,"Chcela by som, "
zADTuV7nEORpOPqPqjLYGgZyVUD3,4,1770918843180962000,1770918843177037000,15,Insert,a,16,"Chcela by som, a"
zADTuV7nEORpOPqPqjLYGgZyVUD3,4,1770918843377815000,1770918843373575000,16,Insert,b,17,"Chcela by som, ab"
zADTuV7nEORpOPqPqjLYGgZyVUD3,4,1770918843703306000,1770918843697282000,17,Insert,y,18,"Chcela by som, aby"
zADTuV7nEORpOPqPqjLYGgZyVUD3,4,1770918843897377000,1770918843891405000,18,Insert, ,19,"Chcela by som, aby "
zADTuV7nEORpOPqPqjLYGgZyVUD3,4,1770918844425755000,1770918844421834000,19,Insert,b,20,"Chcela by som, aby b"
zADTuV7nEORpOPqPqjLYGgZyVUD3,4,1770918844749231000,1770918844742856000,20,Insert,o,21,"Chcela by som, aby bo"
zADTuV7nEORpOPqPqjLYGgZyVUD3,4,1770918844991195000,1770918844985097000,21,Insert,l,22,"Chcela by som, aby bol"
zADTuV7nEORpOPqPqjLYGgZyVUD3,4,1770918845768795000,1770918845759822000,22,Insert, ,23,"Chcela by som, aby bol "
zADTuV7nEORpOPqPqjLYGgZyVUD3,4,1770918846077323000,1770918846070511000,23,Insert,k,24,"Chcela by som, aby bol k"
zADTuV7nEORpOPqPqjLYGgZyVUD3,4,1770918846257350000,1770918846253181000,24,Insert,o,25,"Chcela by som, aby bol ko"
zADTuV7nEORpOPqPqjLYGgZyVUD3,4,1770918846716131000,1770918846709725000,25,Insert,n,26,"Chcela by som, aby bol kon"
zADTuV7nEORpOPqPqjLYGgZyVUD3,4,1770918846977678000,1770918846971776000,26,Insert,i,27,"Chcela by som, aby bol koni"
zADTuV7nEORpOPqPqjLYGgZyVUD3,4,1770918847451662000,1770918847445421000,27,Insert,e,28,"Chcela by som, aby bol konie"
zADTuV7nEORpOPqPqjLYGgZyVUD3,4,1770918847818579000,1770918847813194000,28,Insert,c,29,"Chcela by som, aby bol koniec"
zADTuV7nEORpOPqPqjLYGgZyVUD3,4,1770918848675296000,1770918848661449000,29,Insert, ,30,"Chcela by som, aby bol koniec "
zADTuV7nEORpOPqPqjLYGgZyVUD3,4,1770918849153122000,1770918849146885000,30,Insert,r,31,"Chcela by som, aby bol koniec r"
zADTuV7nEORpOPqPqjLYGgZyVUD3,4,1770918849600685000,1770918849594381000,31,Insert,o,32,"Chcela by som, aby bol koniec ro"
zADTuV7nEORpOPqPqjLYGgZyVUD3,4,1770918849944190000,1770918849938191000,32,Insert,k,33,"Chcela by som, aby bol koniec rok"
zADTuV7nEORpOPqPqjLYGgZyVUD3,4,1770918850249431000,1770918850243152000,33,Insert,a,34,"Chcela by som, aby bol koniec roka"
zADTuV7nEORpOPqPqjLYGgZyVUD3,4,1770918851697310000,1770918851688405000,34,Insert,",",35,"Chcela by som, aby bol koniec roka,"
zADTuV7nEORpOPqPqjLYGgZyVUD3,4,1770918854303395000,1770918854297257000,35,Insert, ,36,"Chcela by som, aby bol koniec roka, "
zADTuV7nEORpOPqPqjLYGgZyVUD3,4,1770918854633477000,1770918854627849000,36,Insert,b,37,"Chcela by som, aby bol koniec roka, b"
zADTuV7nEORpOPqPqjLYGgZyVUD3,4,1770918854934607000,1770918854928475000,37,Insert,u,38,"Chcela by som, aby bol koniec roka, bu"
zADTuV7nEORpOPqPqjLYGgZyVUD3,4,1770918855245497000,1770918855239154000,38,Insert,d,39,"Chcela by som, aby bol koniec roka, bud"
zADTuV7nEORpOPqPqjLYGgZyVUD3,4,1770918856000976000,1770918855987277000,39,Insert,7,40,"Chcela by som, aby bol koniec roka, bud7"
zADTuV7nEORpOPqPqjLYGgZyVUD3,4,1770918856900409000,1770918856893267000,40,Delete,7,39,"Chcela by som, aby bol koniec roka, bud"
zADTuV7nEORpOPqPqjLYGgZyVUD3,4,1770918858143351000,1770918858134715000,39,Insert,ú,40,"Chcela by som, aby bol koniec roka, budú"
zADTuV7nEORpOPqPqjLYGgZyVUD3,4,1770918858568241000,1770918858559361000,40,Insert, ,41,"Chcela by som, aby bol koniec roka, budú "
zADTuV7nEORpOPqPqjLYGgZyVUD3,4,1770918859094440000,1770918859086825000,41,Insert,z,42,"Chcela by som, aby bol koniec roka, budú z"
zADTuV7nEORpOPqPqjLYGgZyVUD3,4,1770918859369874000,1770918859361065000,42,Insert,a,43,"Chcela by som, aby bol koniec roka, budú za"
zADTuV7nEORpOPqPqjLYGgZyVUD3,4,1770918859641849000,1770918859633759000,43,Insert,s,44,"Chcela by som, aby bol koniec roka, budú zas"
zADTuV7nEORpOPqPqjLYGgZyVUD3,4,1770918861014757000,1770918861006237000,44,Insert, ,45,"Chcela by som, aby bol koniec roka, budú zas "
zADTuV7nEORpOPqPqjLYGgZyVUD3,4,1770918861372728000,1770918861366196000,45,Insert,v,46,"Chcela by som, aby bol koniec roka, budú zas v"
zADTuV7nEORpOPqPqjLYGgZyVUD3,4,1770918861718193000,1770918861710601000,46,Insert,i,47,"Chcela by som, aby bol koniec roka, budú zas vi"
zADTuV7nEORpOPqPqjLYGgZyVUD3,4,1770918862105326000,1770918862098807000,47,Insert,a,48,"Chcela by som, aby bol koniec roka, budú zas via"
zADTuV7nEORpOPqPqjLYGgZyVUD3,4,1770918862403205000,1770918862397888000,48,Insert,n,49,"Chcela by som, aby bol koniec roka, budú zas vian"
zADTuV7nEORpOPqPqjLYGgZyVUD3,4,1770918862667469000,1770918862663337000,49,Insert,o,50,"Chcela by som, aby bol koniec roka, budú zas viano"
zADTuV7nEORpOPqPqjLYGgZyVUD3,4,1770918863091446000,1770918863085194000,50,Insert,c,51,"Chcela by som, aby bol koniec roka, budú zas vianoc"
zADTuV7nEORpOPqPqjLYGgZyVUD3,4,1770918863395054000,1770918863388246000,51,Insert,e,52,"Chcela by som, aby bol koniec roka, budú zas vianoce"
zADTuV7nEORpOPqPqjLYGgZyVUD3,4,1770918865286514000,1770918865275795000,52,Insert,",",53,"Chcela by som, aby bol koniec roka, budú zas vianoce,"
zADTuV7nEORpOPqPqjLYGgZyVUD3,4,1770918866028713000,1770918866020209000,53,Insert, ,54,"Chcela by som, aby bol koniec roka, budú zas vianoce, "
zADTuV7nEORpOPqPqjLYGgZyVUD3,4,1770918866246369000,1770918866238955000,54,Insert,b,55,"Chcela by som, aby bol koniec roka, budú zas vianoce, b"
zADTuV7nEORpOPqPqjLYGgZyVUD3,4,1770918866460521000,1770918866453675000,55,Insert,u,56,"Chcela by som, aby bol koniec roka, budú zas vianoce, bu"
zADTuV7nEORpOPqPqjLYGgZyVUD3,4,1770918866750369000,1770918866744002000,56,Insert,d,57,"Chcela by som, aby bol koniec roka, budú zas vianoce, bud"
zADTuV7nEORpOPqPqjLYGgZyVUD3,4,1770918866941652000,1770918866936776000,57,Insert,e,58,"Chcela by som, aby bol koniec roka, budú zas vianoce, bude"
zADTuV7nEORpOPqPqjLYGgZyVUD3,4,1770918867687605000,1770918867678546000,58,Insert,m,59,"Chcela by som, aby bol koniec roka, budú zas vianoce, budem"
zADTuV7nEORpOPqPqjLYGgZyVUD3,4,1770918868059759000,1770918868052764000,59,Insert,e,60,"Chcela by som, aby bol koniec roka, budú zas vianoce, budeme"
zADTuV7nEORpOPqPqjLYGgZyVUD3,4,1770918868802474000,1770918868795309000,60,Insert, ,61,"Chcela by som, aby bol koniec roka, budú zas vianoce, budeme "
zADTuV7nEORpOPqPqjLYGgZyVUD3,4,1770918870158830000,1770918870149589000,61,Insert,s,62,"Chcela by som, aby bol koniec roka, budú zas vianoce, budeme s"
zADTuV7nEORpOPqPqjLYGgZyVUD3,4,1770918870375395000,1770918870367446000,62,Insert,p,63,"Chcela by som, aby bol koniec roka, budú zas vianoce, budeme sp"
zADTuV7nEORpOPqPqjLYGgZyVUD3,4,1770918870557655000,1770918870552262000,63,Insert,o,64,"Chcela by som, aby bol koniec roka, budú zas vianoce, budeme spo"
zADTuV7nEORpOPqPqjLYGgZyVUD3,4,1770918870765333000,1770918870757920000,64,Insert,l,65,"Chcela by som, aby bol koniec roka, budú zas vianoce, budeme spol"
zADTuV7nEORpOPqPqjLYGgZyVUD3,4,1770918871097288000,1770918871090492000,65,Insert,u,66,"Chcela by som, aby bol koniec roka, budú zas vianoce, budeme spolu"
zADTuV7nEORpOPqPqjLYGgZyVUD3,4,1770918872252979000,1770918872240621000,66,Insert, ,67,"Chcela by som, aby bol koniec roka, budú zas vianoce, budeme spolu "
zADTuV7nEORpOPqPqjLYGgZyVUD3,4,1770918873191530000,1770918873183032000,67,Insert,d,68,"Chcela by som, aby bol koniec roka, budú zas vianoce, budeme spolu d"
zADTuV7nEORpOPqPqjLYGgZyVUD3,4,1770918873489496000,1770918873481757000,68,Insert,o,69,"Chcela by som, aby bol koniec roka, budú zas vianoce, budeme spolu do"
zADTuV7nEORpOPqPqjLYGgZyVUD3,4,1770918873826541000,1770918873819631000,69,Insert,m,70,"Chcela by som, aby bol koniec roka, budú zas vianoce, budeme spolu dom"
zADTuV7nEORpOPqPqjLYGgZyVUD3,4,1770918874215583000,1770918874204688000,70,Insert,a,71,"Chcela by som, aby bol koniec roka, budú zas vianoce, budeme spolu doma"
zADTuV7nEORpOPqPqjLYGgZyVUD3,4,1770918876311003000,1770918876301725000,71,Insert,",",72,"Chcela by som, aby bol koniec roka, budú zas vianoce, budeme spolu doma,"
zADTuV7nEORpOPqPqjLYGgZyVUD3,4,1770918877256677000,1770918877240848000,72,Insert, ,73,"Chcela by som, aby bol koniec roka, budú zas vianoce, budeme spolu doma, "
zADTuV7nEORpOPqPqjLYGgZyVUD3,4,1770918877790645000,1770918877786603000,73,Insert,d,74,"Chcela by som, aby bol koniec roka, budú zas vianoce, budeme spolu doma, d"
zADTuV7nEORpOPqPqjLYGgZyVUD3,4,1770918878034139000,1770918878023656000,74,Insert,o,75,"Chcela by som, aby bol koniec roka, budú zas vianoce, budeme spolu doma, do"
zADTuV7nEORpOPqPqjLYGgZyVUD3,4,1770918878371852000,1770918878365060000,75,Insert,s,76,"Chcela by som, aby bol koniec roka, budú zas vianoce, budeme spolu doma, dos"
zADTuV7nEORpOPqPqjLYGgZyVUD3,4,1770918878625381000,1770918878617905000,76,Insert,t,77,"Chcela by som, aby bol koniec roka, budú zas vianoce, budeme spolu doma, dost"
zADTuV7nEORpOPqPqjLYGgZyVUD3,4,1770918879003153000,1770918878994400000,77,Insert,a,78,"Chcela by som, aby bol koniec roka, budú zas vianoce, budeme spolu doma, dosta"
zADTuV7nEORpOPqPqjLYGgZyVUD3,4,1770918879088596000,1770918879083339000,78,Insert,m,79,"Chcela by som, aby bol koniec roka, budú zas vianoce, budeme spolu doma, dostam"
zADTuV7nEORpOPqPqjLYGgZyVUD3,4,1770918879249312000,1770918879240936000,79,Insert,n,80,"Chcela by som, aby bol koniec roka, budú zas vianoce, budeme spolu doma, dostamn"
zADTuV7nEORpOPqPqjLYGgZyVUD3,4,1770918880232090000,1770918880226014000,80,Delete,n,79,"Chcela by som, aby bol koniec roka, budú zas vianoce, budeme spolu doma, dostam"
zADTuV7nEORpOPqPqjLYGgZyVUD3,4,1770918880847348000,1770918880842129000,79,Delete,m,78,"Chcela by som, aby bol koniec roka, budú zas vianoce, budeme spolu doma, dosta"
zADTuV7nEORpOPqPqjLYGgZyVUD3,4,1770918881593044000,1770918881583540000,78,Insert,n,79,"Chcela by som, aby bol koniec roka, budú zas vianoce, budeme spolu doma, dostan"
zADTuV7nEORpOPqPqjLYGgZyVUD3,4,1770918882079216000,1770918882073014000,79,Insert,e,80,"Chcela by som, aby bol koniec roka, budú zas vianoce, budeme spolu doma, dostane"
zADTuV7nEORpOPqPqjLYGgZyVUD3,4,1770918882246498000,1770918882241934000,80,Insert,m,81,"Chcela by som, aby bol koniec roka, budú zas vianoce, budeme spolu doma, dostanem"
zADTuV7nEORpOPqPqjLYGgZyVUD3,4,1770918882459908000,1770918882455822000,81,Insert,e,82,"Chcela by som, aby bol koniec roka, budú zas vianoce, budeme spolu doma, dostaneme"
zADTuV7nEORpOPqPqjLYGgZyVUD3,4,1770918883154064000,1770918883143096000,82,Insert, ,83,"Chcela by som, aby bol koniec roka, budú zas vianoce, budeme spolu doma, dostaneme "
zADTuV7nEORpOPqPqjLYGgZyVUD3,4,1770918883543963000,1770918883537618000,83,Insert,s,84,"Chcela by som, aby bol koniec roka, budú zas vianoce, budeme spolu doma, dostaneme s"
zADTuV7nEORpOPqPqjLYGgZyVUD3,4,1770918884007309000,1770918883999829000,84,Insert,a,85,"Chcela by som, aby bol koniec roka, budú zas vianoce, budeme spolu doma, dostaneme sa"
zADTuV7nEORpOPqPqjLYGgZyVUD3,4,1770918884837447000,1770918884830911000,85,Delete,a,84,"Chcela by som, aby bol koniec roka, budú zas vianoce, budeme spolu doma, dostaneme s"
zADTuV7nEORpOPqPqjLYGgZyVUD3,4,1770918885261840000,1770918885256835000,84,Delete,s,83,"Chcela by som, aby bol koniec roka, budú zas vianoce, budeme spolu doma, dostaneme "
zADTuV7nEORpOPqPqjLYGgZyVUD3,4,1770918885653285000,1770918885644606000,83,Insert,d,84,"Chcela by som, aby bol koniec roka, budú zas vianoce, budeme spolu doma, dostaneme d"
zADTuV7nEORpOPqPqjLYGgZyVUD3,4,1770918885922694000,1770918885913544000,84,Insert,a,85,"Chcela by som, aby bol koniec roka, budú zas vianoce, budeme spolu doma, dostaneme da"
zADTuV7nEORpOPqPqjLYGgZyVUD3,4,1770918886057416000,1770918886051311000,85,Insert,r,86,"Chcela by som, aby bol koniec roka, budú zas vianoce, budeme spolu doma, dostaneme dar"
zADTuV7nEORpOPqPqjLYGgZyVUD3,4,1770918887339628000,1770918887330023000,86,Insert,č,87,"Chcela by som, aby bol koniec roka, budú zas vianoce, budeme spolu doma, dostaneme darč"
zADTuV7nEORpOPqPqjLYGgZyVUD3,4,1770918887661701000,1770918887657509000,87,Insert,e,88,"Chcela by som, aby bol koniec roka, budú zas vianoce, budeme spolu doma, dostaneme darče"
zADTuV7nEORpOPqPqjLYGgZyVUD3,4,1770918888463830000,1770918888449863000,88,Insert,k,89,"Chcela by som, aby bol koniec roka, budú zas vianoce, budeme spolu doma, dostaneme darček"
zADTuV7nEORpOPqPqjLYGgZyVUD3,4,1770918888834052000,1770918888827487000,89,Insert,y,90,"Chcela by som, aby bol koniec roka, budú zas vianoce, budeme spolu doma, dostaneme darčeky"
zADTuV7nEORpOPqPqjLYGgZyVUD3,4,1770918889645152000,1770918889637249000,90,Insert,.,91,"Chcela by som, aby bol koniec roka, budú zas vianoce, budeme spolu doma, dostaneme darčeky."
zADTuV7nEORpOPqPqjLYGgZyVUD3,5,1770918891242249000,1770918891236620000,0,Insert,C,1,C
zADTuV7nEORpOPqPqjLYGgZyVUD3,5,1770918891601566000,1770918891594562000,1,Insert,h,2,Ch
zADTuV7nEORpOPqPqjLYGgZyVUD3,5,1770918892384780000,1770918892378033000,2,Insert,c,3,Chc
zADTuV7nEORpOPqPqjLYGgZyVUD3,5,1770918892667427000,1770918892661509000,3,Insert,e,4,Chce
zADTuV7nEORpOPqPqjLYGgZyVUD3,5,1770918893211826000,1770918893208072000,4,Insert,l,5,Chcel
zADTuV7nEORpOPqPqjLYGgZyVUD3,5,1770918893555329000,1770918893549296000,5,Insert,a,6,Chcela
zADTuV7nEORpOPqPqjLYGgZyVUD3,5,1770918893792617000,1770918893786388000,6,Insert, ,7,Chcela 
zADTuV7nEORpOPqPqjLYGgZyVUD3,5,1770918894354408000,1770918894349649000,7,Insert,n,8,Chcela n
zADTuV7nEORpOPqPqjLYGgZyVUD3,5,1770918894654581000,1770918894646749000,8,Insert,y,9,Chcela ny
zADTuV7nEORpOPqPqjLYGgZyVUD3,5,1770918894945898000,1770918894937667000,9,Insert, ,10,Chcela ny 
zADTuV7nEORpOPqPqjLYGgZyVUD3,5,1770918895525387000,1770918895518711000,10,Delete, ,9,Chcela ny
zADTuV7nEORpOPqPqjLYGgZyVUD3,5,1770918895708968000,1770918895706268000,9,Delete,y,8,Chcela n
zADTuV7nEORpOPqPqjLYGgZyVUD3,5,1770918896388900000,1770918896384148000,8,Delete,n,7,Chcela 
zADTuV7nEORpOPqPqjLYGgZyVUD3,5,1770918896932113000,1770918896928446000,7,Insert,b,8,Chcela b
zADTuV7nEORpOPqPqjLYGgZyVUD3,5,1770918897250554000,1770918897244536000,8,Insert,y,9,Chcela by
zADTuV7nEORpOPqPqjLYGgZyVUD3,5,1770918897733585000,1770918897729651000,9,Insert, ,10,Chcela by 
zADTuV7nEORpOPqPqjLYGgZyVUD3,5,1770918898328694000,1770918898323457000,10,Insert,s,11,Chcela by s
zADTuV7nEORpOPqPqjLYGgZyVUD3,5,1770918898865678000,1770918898861908000,11,Insert,o,12,Chcela by so
zADTuV7nEORpOPqPqjLYGgZyVUD3,5,1770918899209180000,1770918899203109000,12,Insert,m,13,Chcela by som
zADTuV7nEORpOPqPqjLYGgZyVUD3,5,1770918900167674000,1770918900157361000,13,Insert,",",14,"Chcela by som,"
zADTuV7nEORpOPqPqjLYGgZyVUD3,5,1770918900920621000,1770918900911833000,14,Insert, ,15,"Chcela by som, "
zADTuV7nEORpOPqPqjLYGgZyVUD3,5,1770918901694796000,1770918901688743000,15,Insert,a,16,"Chcela by som, a"
zADTuV7nEORpOPqPqjLYGgZyVUD3,5,1770918901981453000,1770918901975124000,16,Insert,b,17,"Chcela by som, ab"
zADTuV7nEORpOPqPqjLYGgZyVUD3,5,1770918902331275000,1770918902321404000,17,Insert,y,18,"Chcela by som, aby"
zADTuV7nEORpOPqPqjLYGgZyVUD3,5,1770918902673038000,1770918902666124000,18,Insert, ,19,"Chcela by som, aby "
zADTuV7nEORpOPqPqjLYGgZyVUD3,5,1770918903469269000,1770918903461815000,19,Insert,b,20,"Chcela by som, aby b"
zADTuV7nEORpOPqPqjLYGgZyVUD3,5,1770918903798673000,1770918903794895000,20,Insert,o,21,"Chcela by som, aby bo"
zADTuV7nEORpOPqPqjLYGgZyVUD3,5,1770918904023982000,1770918904017829000,21,Insert,l,22,"Chcela by som, aby bol"
zADTuV7nEORpOPqPqjLYGgZyVUD3,5,1770918904491900000,1770918904484065000,22,Insert, ,23,"Chcela by som, aby bol "
zADTuV7nEORpOPqPqjLYGgZyVUD3,5,1770918904917471000,1770918904911253000,23,Insert,k,24,"Chcela by som, aby bol k"
zADTuV7nEORpOPqPqjLYGgZyVUD3,5,1770918905088084000,1770918905083842000,24,Insert,o,25,"Chcela by som, aby bol ko"
zADTuV7nEORpOPqPqjLYGgZyVUD3,5,1770918905348530000,1770918905342103000,25,Insert,n,26,"Chcela by som, aby bol kon"
zADTuV7nEORpOPqPqjLYGgZyVUD3,5,1770918905590338000,1770918905583925000,26,Insert,i,27,"Chcela by som, aby bol koni"
zADTuV7nEORpOPqPqjLYGgZyVUD3,5,1770918906000478000,1770918905994506000,27,Insert,e,28,"Chcela by som, aby bol konie"
zADTuV7nEORpOPqPqjLYGgZyVUD3,5,1770918907794379000,1770918907786484000,28,Insert,c,29,"Chcela by som, aby bol koniec"
zADTuV7nEORpOPqPqjLYGgZyVUD3,5,1770918909110478000,1770918909097964000,29,Insert, ,30,"Chcela by som, aby bol koniec "
zADTuV7nEORpOPqPqjLYGgZyVUD3,5,1770918909803520000,1770918909797690000,30,Insert,r,31,"Chcela by som, aby bol koniec r"
zADTuV7nEORpOPqPqjLYGgZyVUD3,5,1770918910216128000,1770918910207651000,31,Insert,o,32,"Chcela by som, aby bol koniec ro"
zADTuV7nEORpOPqPqjLYGgZyVUD3,5,1770918910479930000,1770918910475474000,32,Insert,k,33,"Chcela by som, aby bol koniec rok"
zADTuV7nEORpOPqPqjLYGgZyVUD3,5,1770918910807026000,1770918910798148000,33,Insert,a,34,"Chcela by som, aby bol koniec roka"
zADTuV7nEORpOPqPqjLYGgZyVUD3,5,1770918911578198000,1770918911568149000,34,Insert,",",35,"Chcela by som, aby bol koniec roka,"
zADTuV7nEORpOPqPqjLYGgZyVUD3,5,1770918912383586000,1770918912378445000,35,Insert, ,36,"Chcela by som, aby bol koniec roka, "
zADTuV7nEORpOPqPqjLYGgZyVUD3,5,1770918913460303000,1770918913452730000,36,Insert,b,37,"Chcela by som, aby bol koniec roka, b"
zADTuV7nEORpOPqPqjLYGgZyVUD3,5,1770918913781662000,1770918913775363000,37,Insert,u,38,"Chcela by som, aby bol koniec roka, bu"
zADTuV7nEORpOPqPqjLYGgZyVUD3,5,1770918914086590000,1770918914078972000,38,Insert,d,39,"Chcela by som, aby bol koniec roka, bud"
zADTuV7nEORpOPqPqjLYGgZyVUD3,5,1770918914981520000,1770918914968299000,39,Insert,7,40,"Chcela by som, aby bol koniec roka, bud7"
zADTuV7nEORpOPqPqjLYGgZyVUD3,5,1770918915941329000,1770918915935944000,40,Delete,7,39,"Chcela by som, aby bol koniec roka, bud"
zADTuV7nEORpOPqPqjLYGgZyVUD3,5,1770918917185473000,1770918917179163000,39,Insert,ú,40,"Chcela by som, aby bol koniec roka, budú"
zADTuV7nEORpOPqPqjLYGgZyVUD3,5,1770918917609285000,1770918917603745000,40,Insert, ,41,"Chcela by som, aby bol koniec roka, budú "
zADTuV7nEORpOPqPqjLYGgZyVUD3,5,1770918918295426000,1770918918290463000,41,Insert,z,42,"Chcela by som, aby bol koniec roka, budú z"
zADTuV7nEORpOPqPqjLYGgZyVUD3,5,1770918918578266000,1770918918574534000,42,Insert,a,43,"Chcela by som, aby bol koniec roka, budú za"
zADTuV7nEORpOPqPqjLYGgZyVUD3,5,1770918918832799000,1770918918823076000,43,Insert,s,44,"Chcela by som, aby bol koniec roka, budú zas"
zADTuV7nEORpOPqPqjLYGgZyVUD3,5,1770918919462292000,1770918919455790000,44,Insert, ,45,"Chcela by som, aby bol koniec roka, budú zas "
zADTuV7nEORpOPqPqjLYGgZyVUD3,5,1770918919906329000,1770918919900229000,45,Insert,v,46,"Chcela by som, aby bol koniec roka, budú zas v"
zADTuV7nEORpOPqPqjLYGgZyVUD3,5,1770918920223646000,1770918920216398000,46,Insert,i,47,"Chcela by som, aby bol koniec roka, budú zas vi"
zADTuV7nEORpOPqPqjLYGgZyVUD3,5,1770918920555723000,1770918920549496000,47,Insert,a,48,"Chcela by som, aby bol koniec roka, budú zas via"
zADTuV7nEORpOPqPqjLYGgZyVUD3,5,1770918920791426000,1770918920787114000,48,Insert,n,49,"Chcela by som, aby bol koniec roka, budú zas vian"
zADTuV7nEORpOPqPqjLYGgZyVUD3,5,1770918921029383000,1770918921021623000,49,Insert,o,50,"Chcela by som, aby bol koniec roka, budú zas viano"
zADTuV7nEORpOPqPqjLYGgZyVUD3,5,1770918921531138000,1770918921524016000,50,Insert,c,51,"Chcela by som, aby bol koniec roka, budú zas vianoc"
zADTuV7nEORpOPqPqjLYGgZyVUD3,5,1770918921821127000,1770918921816562000,51,Insert,e,52,"Chcela by som, aby bol koniec roka, budú zas vianoce"
zADTuV7nEORpOPqPqjLYGgZyVUD3,5,1770918923860678000,1770918923849875000,52,Insert,",",53,"Chcela by som, aby bol koniec roka, budú zas vianoce,"
zADTuV7nEORpOPqPqjLYGgZyVUD3,5,1770918924500544000,1770918924489896000,53,Insert, ,54,"Chcela by som, aby bol koniec roka, budú zas vianoce, "
zADTuV7nEORpOPqPqjLYGgZyVUD3,5,1770918925321738000,1770918925316595000,54,Insert,b,55,"Chcela by som, aby bol koniec roka, budú zas vianoce, b"
zADTuV7nEORpOPqPqjLYGgZyVUD3,5,1770918925665795000,1770918925659930000,55,Insert,u,56,"Chcela by som, aby bol koniec roka, budú zas vianoce, bu"
zADTuV7nEORpOPqPqjLYGgZyVUD3,5,1770918926040933000,1770918926037042000,56,Insert,d,57,"Chcela by som, aby bol koniec roka, budú zas vianoce, bud"
zADTuV7nEORpOPqPqjLYGgZyVUD3,5,1770918926197393000,1770918926193294000,57,Insert,e,58,"Chcela by som, aby bol koniec roka, budú zas vianoce, bude"
zADTuV7nEORpOPqPqjLYGgZyVUD3,5,1770918926878125000,1770918926870765000,58,Insert,m,59,"Chcela by som, aby bol koniec roka, budú zas vianoce, budem"
zADTuV7nEORpOPqPqjLYGgZyVUD3,5,1770918927264200000,1770918927257849000,59,Insert,e,60,"Chcela by som, aby bol koniec roka, budú zas vianoce, budeme"
zADTuV7nEORpOPqPqjLYGgZyVUD3,5,1770918927926069000,1770918927917497000,60,Insert, ,61,"Chcela by som, aby bol koniec roka, budú zas vianoce, budeme "
zADTuV7nEORpOPqPqjLYGgZyVUD3,5,1770918928506244000,1770918928495784000,61,Insert,s,62,"Chcela by som, aby bol koniec roka, budú zas vianoce, budeme s"
zADTuV7nEORpOPqPqjLYGgZyVUD3,5,1770918928767512000,1770918928761361000,62,Insert,p,63,"Chcela by som, aby bol koniec roka, budú zas vianoce, budeme sp"
zADTuV7nEORpOPqPqjLYGgZyVUD3,5,1770918928964913000,1770918928955492000,63,Insert,o,64,"Chcela by som, aby bol koniec roka, budú zas vianoce, budeme spo"
zADTuV7nEORpOPqPqjLYGgZyVUD3,5,1770918929674298000,1770918929663335000,64,Insert,l,65,"Chcela by som, aby bol koniec roka, budú zas vianoce, budeme spol"
zADTuV7nEORpOPqPqjLYGgZyVUD3,5,1770918929983772000,1770918929978295000,65,Insert,u,66,"Chcela by som, aby bol koniec roka, budú zas vianoce, budeme spolu"
zADTuV7nEORpOPqPqjLYGgZyVUD3,5,1770918930619896000,1770918930610957000,66,Insert, ,67,"Chcela by som, aby bol koniec roka, budú zas vianoce, budeme spolu "
zADTuV7nEORpOPqPqjLYGgZyVUD3,5,1770918931243816000,1770918931230034000,67,Insert,d,68,"Chcela by som, aby bol koniec roka, budú zas vianoce, budeme spolu d"
zADTuV7nEORpOPqPqjLYGgZyVUD3,5,1770918931502050000,1770918931494327000,68,Insert,o,69,"Chcela by som, aby bol koniec roka, budú zas vianoce, budeme spolu do"
zADTuV7nEORpOPqPqjLYGgZyVUD3,5,1770918931821879000,1770918931814960000,69,Insert,m,70,"Chcela by som, aby bol koniec roka, budú zas vianoce, budeme spolu dom"
zADTuV7nEORpOPqPqjLYGgZyVUD3,5,1770918932111855000,1770918932102785000,70,Insert,a,71,"Chcela by som, aby bol koniec roka, budú zas vianoce, budeme spolu doma"
zADTuV7nEORpOPqPqjLYGgZyVUD3,5,1770918932940231000,1770918932927829000,71,Insert,",",72,"Chcela by som, aby bol koniec roka, budú zas vianoce, budeme spolu doma,"
zADTuV7nEORpOPqPqjLYGgZyVUD3,5,1770918933609222000,1770918933599701000,72,Insert, ,73,"Chcela by som, aby bol koniec roka, budú zas vianoce, budeme spolu doma, "
zADTuV7nEORpOPqPqjLYGgZyVUD3,5,1770918934213861000,1770918934206936000,73,Insert,d,74,"Chcela by som, aby bol koniec roka, budú zas vianoce, budeme spolu doma, d"
zADTuV7nEORpOPqPqjLYGgZyVUD3,5,1770918934682346000,1770918934674144000,74,Insert,o,75,"Chcela by som, aby bol koniec roka, budú zas vianoce, budeme spolu doma, do"
zADTuV7nEORpOPqPqjLYGgZyVUD3,5,1770918935043996000,1770918935037642000,75,Insert,s,76,"Chcela by som, aby bol koniec roka, budú zas vianoce, budeme spolu doma, dos"
zADTuV7nEORpOPqPqjLYGgZyVUD3,5,1770918935297803000,1770918935291261000,76,Insert,t,77,"Chcela by som, aby bol koniec roka, budú zas vianoce, budeme spolu doma, dost"
zADTuV7nEORpOPqPqjLYGgZyVUD3,5,1770918935607445000,1770918935600981000,77,Insert,a,78,"Chcela by som, aby bol koniec roka, budú zas vianoce, budeme spolu doma, dosta"
zADTuV7nEORpOPqPqjLYGgZyVUD3,5,1770918936296572000,1770918936289798000,78,Insert,n,79,"Chcela by som, aby bol koniec roka, budú zas vianoce, budeme spolu doma, dostan"
zADTuV7nEORpOPqPqjLYGgZyVUD3,5,1770918936651126000,1770918936643323000,79,Insert,e,80,"Chcela by som, aby bol koniec roka, budú zas vianoce, budeme spolu doma, dostane"
zADTuV7nEORpOPqPqjLYGgZyVUD3,5,1770918937158291000,1770918937152225000,80,Insert,m,81,"Chcela by som, aby bol koniec roka, budú zas vianoce, budeme spolu doma, dostanem"
zADTuV7nEORpOPqPqjLYGgZyVUD3,5,1770918937521990000,1770918937514256000,81,Insert,e,82,"Chcela by som, aby bol koniec roka, budú zas vianoce, budeme spolu doma, dostaneme"
zADTuV7nEORpOPqPqjLYGgZyVUD3,5,1770918937976418000,1770918937969595000,82,Insert, ,83,"Chcela by som, aby bol koniec roka, budú zas vianoce, budeme spolu doma, dostaneme "
zADTuV7nEORpOPqPqjLYGgZyVUD3,5,1770918938553915000,1770918938546725000,83,Insert,f,84,"Chcela by som, aby bol koniec roka, budú zas vianoce, budeme spolu doma, dostaneme f"
zADTuV7nEORpOPqPqjLYGgZyVUD3,5,1770918938869695000,1770918938862192000,84,Insert,a,85,"Chcela by som, aby bol koniec roka, budú zas vianoce, budeme spolu doma, dostaneme fa"
zADTuV7nEORpOPqPqjLYGgZyVUD3,5,1770918939038234000,1770918939033000000,85,Insert,r,86,"Chcela by som, aby bol koniec roka, budú zas vianoce, budeme spolu doma, dostaneme far"
zADTuV7nEORpOPqPqjLYGgZyVUD3,5,1770918939798785000,1770918939791300000,86,Delete,r,85,"Chcela by som, aby bol koniec roka, budú zas vianoce, budeme spolu doma, dostaneme fa"
zADTuV7nEORpOPqPqjLYGgZyVUD3,5,1770918939968212000,1770918939965003000,85,Delete,a,84,"Chcela by som, aby bol koniec roka, budú zas vianoce, budeme spolu doma, dostaneme f"
zADTuV7nEORpOPqPqjLYGgZyVUD3,5,1770918940604427000,1770918940599815000,84,Delete,f,83,"Chcela by som, aby bol koniec roka, budú zas vianoce, budeme spolu doma, dostaneme "
zADTuV7nEORpOPqPqjLYGgZyVUD3,5,1770918941299663000,1770918941291285000,83,Insert,d,84,"Chcela by som, aby bol koniec roka, budú zas vianoce, budeme spolu doma, dostaneme d"
zADTuV7nEORpOPqPqjLYGgZyVUD3,5,1770918941537177000,1770918941532709000,84,Insert,a,85,"Chcela by som, aby bol koniec roka, budú zas vianoce, budeme spolu doma, dostaneme da"
zADTuV7nEORpOPqPqjLYGgZyVUD3,5,1770918941855164000,1770918941846715000,85,Insert,r,86,"Chcela by som, aby bol koniec roka, budú zas vianoce, budeme spolu doma, dostaneme dar"
zADTuV7nEORpOPqPqjLYGgZyVUD3,5,1770918943060097000,1770918943047429000,86,Insert,č,87,"Chcela by som, aby bol koniec roka, budú zas vianoce, budeme spolu doma, dostaneme darč"
zADTuV7nEORpOPqPqjLYGgZyVUD3,5,1770918943375305000,1770918943368344000,87,Insert,e,88,"Chcela by som, aby bol koniec roka, budú zas vianoce, budeme spolu doma, dostaneme darče"
zADTuV7nEORpOPqPqjLYGgZyVUD3,5,1770918944176925000,1770918944164530000,88,Insert,k,89,"Chcela by som, aby bol koniec roka, budú zas vianoce, budeme spolu doma, dostaneme darček"
zADTuV7nEORpOPqPqjLYGgZyVUD3,5,1770918944528144000,1770918944519856000,89,Insert,y,90,"Chcela by som, aby bol koniec roka, budú zas vianoce, budeme spolu doma, dostaneme darčeky"
zADTuV7nEORpOPqPqjLYGgZyVUD3,5,1770918945365850000,1770918945355012000,90,Insert,.,91,"Chcela by som, aby bol koniec roka, budú zas vianoce, budeme spolu doma, dostaneme darčeky."
zADTuV7nEORpOPqPqjLYGgZyVUD3,6,1770918947666881000,1770918947658872000,0,Insert,C,1,C
zADTuV7nEORpOPqPqjLYGgZyVUD3,6,1770918948789396000,1770918948784504000,1,Insert,h,2,Ch
zADTuV7nEORpOPqPqjLYGgZyVUD3,6,1770918949057183000,1770918949049922000,2,Insert,c,3,Chc
zADTuV7nEORpOPqPqjLYGgZyVUD3,6,1770918949293416000,1770918949286536000,3,Insert,e,4,Chce
zADTuV7nEORpOPqPqjLYGgZyVUD3,6,1770918950085286000,1770918950077826000,4,Insert,l,5,Chcel
zADTuV7nEORpOPqPqjLYGgZyVUD3,6,1770918950370115000,1770918950361907000,5,Insert,a,6,Chcela
zADTuV7nEORpOPqPqjLYGgZyVUD3,6,1770918950522696000,1770918950518711000,6,Insert, ,7,Chcela 
zADTuV7nEORpOPqPqjLYGgZyVUD3,6,1770918951090810000,1770918951082201000,7,Insert,b,8,Chcela b
zADTuV7nEORpOPqPqjLYGgZyVUD3,6,1770918951348814000,1770918951342632000,8,Insert,y,9,Chcela by
zADTuV7nEORpOPqPqjLYGgZyVUD3,6,1770918951486222000,1770918951481665000,9,Insert, ,10,Chcela by 
zADTuV7nEORpOPqPqjLYGgZyVUD3,6,1770918952094516000,1770918952086516000,10,Insert,s,11,Chcela by s
zADTuV7nEORpOPqPqjLYGgZyVUD3,6,1770918952355395000,1770918952348677000,11,Insert,o,12,Chcela by so
zADTuV7nEORpOPqPqjLYGgZyVUD3,6,1770918953032275000,1770918953023467000,12,Insert,m,13,Chcela by som
zADTuV7nEORpOPqPqjLYGgZyVUD3,6,1770918953850499000,1770918953842289000,13,Insert,",",14,"Chcela by som,"
zADTuV7nEORpOPqPqjLYGgZyVUD3,6,1770918954199823000,1770918954192082000,14,Insert, ,15,"Chcela by som, "
zADTuV7nEORpOPqPqjLYGgZyVUD3,6,1770918956957336000,1770918956948217000,15,Insert,a,16,"Chcela by som, a"
zADTuV7nEORpOPqPqjLYGgZyVUD3,6,1770918957187797000,1770918957181505000,16,Insert,b,17,"Chcela by som, ab"
zADTuV7nEORpOPqPqjLYGgZyVUD3,6,1770918957686643000,1770918957679711000,17,Insert, ,18,"Chcela by som, ab "
zADTuV7nEORpOPqPqjLYGgZyVUD3,6,1770918958601395000,1770918958596707000,18,Delete, ,17,"Chcela by som, ab"
zADTuV7nEORpOPqPqjLYGgZyVUD3,6,1770918959438917000,1770918959431716000,17,Insert,y,18,"Chcela by som, aby"
zADTuV7nEORpOPqPqjLYGgZyVUD3,6,1770918959734654000,1770918959727741000,18,Insert, ,19,"Chcela by som, aby "
zADTuV7nEORpOPqPqjLYGgZyVUD3,6,1770918960470558000,1770918960466591000,19,Insert,b,20,"Chcela by som, aby b"
zADTuV7nEORpOPqPqjLYGgZyVUD3,6,1770918960757217000,1770918960750833000,20,Insert,o,21,"Chcela by som, aby bo"
zADTuV7nEORpOPqPqjLYGgZyVUD3,6,1770918960977730000,1770918960970149000,21,Insert,l,22,"Chcela by som, aby bol"
zADTuV7nEORpOPqPqjLYGgZyVUD3,6,1770918962232629000,1770918962223806000,22,Insert, ,23,"Chcela by som, aby bol "
zADTuV7nEORpOPqPqjLYGgZyVUD3,6,1770918962654182000,1770918962648101000,23,Insert,k,24,"Chcela by som, aby bol k"
zADTuV7nEORpOPqPqjLYGgZyVUD3,6,1770918962863316000,1770918962859051000,24,Insert,o,25,"Chcela by som, aby bol ko"
zADTuV7nEORpOPqPqjLYGgZyVUD3,6,1770918963187044000,1770918963181003000,25,Insert,n,26,"Chcela by som, aby bol kon"
zADTuV7nEORpOPqPqjLYGgZyVUD3,6,1770918963454086000,1770918963447700000,26,Insert,i,27,"Chcela by som, aby bol koni"
zADTuV7nEORpOPqPqjLYGgZyVUD3,6,1770918964066013000,1770918964057045000,27,Insert,e,28,"Chcela by som, aby bol konie"
zADTuV7nEORpOPqPqjLYGgZyVUD3,6,1770918964890524000,1770918964883218000,28,Insert,c,29,"Chcela by som, aby bol koniec"
zADTuV7nEORpOPqPqjLYGgZyVUD3,6,1770918966636670000,1770918966625222000,29,Insert, ,30,"Chcela by som, aby bol koniec "
zADTuV7nEORpOPqPqjLYGgZyVUD3,6,1770918967173691000,1770918967164801000,30,Insert,r,31,"Chcela by som, aby bol koniec r"
zADTuV7nEORpOPqPqjLYGgZyVUD3,6,1770918967614561000,1770918967605149000,31,Insert,o,32,"Chcela by som, aby bol koniec ro"
zADTuV7nEORpOPqPqjLYGgZyVUD3,6,1770918967918613000,1770918967912981000,32,Insert,k,33,"Chcela by som, aby bol koniec rok"
zADTuV7nEORpOPqPqjLYGgZyVUD3,6,1770918968266848000,1770918968260308000,33,Insert,a,34,"Chcela by som, aby bol koniec roka"
zADTuV7nEORpOPqPqjLYGgZyVUD3,6,1770918970152697000,1770918970141362000,34,Insert,",",35,"Chcela by som, aby bol koniec roka,"
zADTuV7nEORpOPqPqjLYGgZyVUD3,6,1770918971618807000,1770918971607935000,35,Insert, ,36,"Chcela by som, aby bol koniec roka, "
zADTuV7nEORpOPqPqjLYGgZyVUD3,6,1770918972159802000,1770918972153256000,36,Insert,b,37,"Chcela by som, aby bol koniec roka, b"
zADTuV7nEORpOPqPqjLYGgZyVUD3,6,1770918972524743000,1770918972516579000,37,Insert,u,38,"Chcela by som, aby bol koniec roka, bu"
zADTuV7nEORpOPqPqjLYGgZyVUD3,6,1770918972990429000,1770918972984001000,38,Insert,d,39,"Chcela by som, aby bol koniec roka, bud"
zADTuV7nEORpOPqPqjLYGgZyVUD3,6,1770918973836910000,1770918973832259000,39,Insert,ú,40,"Chcela by som, aby bol koniec roka, budú"
zADTuV7nEORpOPqPqjLYGgZyVUD3,6,1770918975196801000,1770918975185088000,40,Insert, ,41,"Chcela by som, aby bol koniec roka, budú "
zADTuV7nEORpOPqPqjLYGgZyVUD3,6,1770918976418980000,1770918976414063000,41,Insert,z,42,"Chcela by som, aby bol koniec roka, budú z"
zADTuV7nEORpOPqPqjLYGgZyVUD3,6,1770918976739702000,1770918976733319000,42,Insert,a,43,"Chcela by som, aby bol koniec roka, budú za"
zADTuV7nEORpOPqPqjLYGgZyVUD3,6,1770918977054515000,1770918977045058000,43,Insert,s,44,"Chcela by som, aby bol koniec roka, budú zas"
zADTuV7nEORpOPqPqjLYGgZyVUD3,6,1770918982880634000,1770918982859600000,44,Insert, ,45,"Chcela by som, aby bol koniec roka, budú zas "
zADTuV7nEORpOPqPqjLYGgZyVUD3,6,1770918983291687000,1770918983284829000,45,Insert,v,46,"Chcela by som, aby bol koniec roka, budú zas v"
zADTuV7nEORpOPqPqjLYGgZyVUD3,6,1770918983586533000,1770918983578400000,46,Insert,i,47,"Chcela by som, aby bol koniec roka, budú zas vi"
zADTuV7nEORpOPqPqjLYGgZyVUD3,6,1770918983923179000,1770918983914119000,47,Insert,a,48,"Chcela by som, aby bol koniec roka, budú zas via"
zADTuV7nEORpOPqPqjLYGgZyVUD3,6,1770918984153494000,1770918984148092000,48,Insert,n,49,"Chcela by som, aby bol koniec roka, budú zas vian"
zADTuV7nEORpOPqPqjLYGgZyVUD3,6,1770918984396545000,1770918984390208000,49,Insert,o,50,"Chcela by som, aby bol koniec roka, budú zas viano"
zADTuV7nEORpOPqPqjLYGgZyVUD3,6,1770918984718538000,1770918984711572000,50,Insert,v,51,"Chcela by som, aby bol koniec roka, budú zas vianov"
zADTuV7nEORpOPqPqjLYGgZyVUD3,6,1770918985813026000,1770918985809981000,51,Delete,v,50,"Chcela by som, aby bol koniec roka, budú zas viano"
zADTuV7nEORpOPqPqjLYGgZyVUD3,6,1770918986215935000,1770918986210540000,50,Insert,c,51,"Chcela by som, aby bol koniec roka, budú zas vianoc"
zADTuV7nEORpOPqPqjLYGgZyVUD3,6,1770918986447223000,1770918986438309000,51,Insert,e,52,"Chcela by som, aby bol koniec roka, budú zas vianoce"
zADTuV7nEORpOPqPqjLYGgZyVUD3,6,1770918988490065000,1770918988482805000,52,Insert,",",53,"Chcela by som, aby bol koniec roka, budú zas vianoce,"
zADTuV7nEORpOPqPqjLYGgZyVUD3,6,1770918989018689000,1770918989011631000,53,Insert, ,54,"Chcela by som, aby bol koniec roka, budú zas vianoce, "
zADTuV7nEORpOPqPqjLYGgZyVUD3,6,1770918989596913000,1770918989588692000,54,Insert,b,55,"Chcela by som, aby bol koniec roka, budú zas vianoce, b"
zADTuV7nEORpOPqPqjLYGgZyVUD3,6,1770918989864831000,1770918989860725000,55,Insert,u,56,"Chcela by som, aby bol koniec roka, budú zas vianoce, bu"
zADTuV7nEORpOPqPqjLYGgZyVUD3,6,1770918990171538000,1770918990164181000,56,Insert,d,57,"Chcela by som, aby bol koniec roka, budú zas vianoce, bud"
zADTuV7nEORpOPqPqjLYGgZyVUD3,6,1770918990326115000,1770918990322009000,57,Insert,e,58,"Chcela by som, aby bol koniec roka, budú zas vianoce, bude"
zADTuV7nEORpOPqPqjLYGgZyVUD3,6,1770918991078874000,1770918991070936000,58,Insert,m,59,"Chcela by som, aby bol koniec roka, budú zas vianoce, budem"
zADTuV7nEORpOPqPqjLYGgZyVUD3,6,1770918991407672000,1770918991397722000,59,Insert,e,60,"Chcela by som, aby bol koniec roka, budú zas vianoce, budeme"
zADTuV7nEORpOPqPqjLYGgZyVUD3,6,1770918991496617000,1770918991492356000,60,Insert, ,61,"Chcela by som, aby bol koniec roka, budú zas vianoce, budeme "
zADTuV7nEORpOPqPqjLYGgZyVUD3,6,1770918992220239000,1770918992212385000,61,Insert,d,62,"Chcela by som, aby bol koniec roka, budú zas vianoce, budeme d"
zADTuV7nEORpOPqPqjLYGgZyVUD3,6,1770918992405898000,1770918992401751000,62,Insert,o,63,"Chcela by som, aby bol koniec roka, budú zas vianoce, budeme do"
zADTuV7nEORpOPqPqjLYGgZyVUD3,6,1770918992705066000,1770918992697916000,63,Insert,m,64,"Chcela by som, aby bol koniec roka, budú zas vianoce, budeme dom"
zADTuV7nEORpOPqPqjLYGgZyVUD3,6,1770918993025048000,1770918993018420000,64,Insert,a,65,"Chcela by som, aby bol koniec roka, budú zas vianoce, budeme doma"
zADTuV7nEORpOPqPqjLYGgZyVUD3,6,1770918993313674000,1770918993308097000,65,Insert,",",66,"Chcela by som, aby bol koniec roka, budú zas vianoce, budeme doma,"
zADTuV7nEORpOPqPqjLYGgZyVUD3,6,1770918993771676000,1770918993764683000,66,Insert, ,67,"Chcela by som, aby bol koniec roka, budú zas vianoce, budeme doma, "
zADTuV7nEORpOPqPqjLYGgZyVUD3,6,1770918994510410000,1770918994501196000,67,Insert,s,68,"Chcela by som, aby bol koniec roka, budú zas vianoce, budeme doma, s"
zADTuV7nEORpOPqPqjLYGgZyVUD3,6,1770918994642686000,1770918994636014000,68,Insert,o,69,"Chcela by som, aby bol koniec roka, budú zas vianoce, budeme doma, so"
zADTuV7nEORpOPqPqjLYGgZyVUD3,6,1770918994997631000,1770918994990607000,69,Insert,s,70,"Chcela by som, aby bol koniec roka, budú zas vianoce, budeme doma, sos"
zADTuV7nEORpOPqPqjLYGgZyVUD3,6,1770918995578015000,1770918995572502000,70,Delete,s,69,"Chcela by som, aby bol koniec roka, budú zas vianoce, budeme doma, so"
zADTuV7nEORpOPqPqjLYGgZyVUD3,6,1770918995757688000,1770918995754901000,69,Delete,o,68,"Chcela by som, aby bol koniec roka, budú zas vianoce, budeme doma, s"
zADTuV7nEORpOPqPqjLYGgZyVUD3,6,1770918995884805000,1770918995881965000,68,Delete,s,67,"Chcela by som, aby bol koniec roka, budú zas vianoce, budeme doma, "
zADTuV7nEORpOPqPqjLYGgZyVUD3,6,1770918996645103000,1770918996636438000,67,Insert,d,68,"Chcela by som, aby bol koniec roka, budú zas vianoce, budeme doma, d"
zADTuV7nEORpOPqPqjLYGgZyVUD3,6,1770918997099924000,1770918997092497000,68,Insert,o,69,"Chcela by som, aby bol koniec roka, budú zas vianoce, budeme doma, do"
zADTuV7nEORpOPqPqjLYGgZyVUD3,6,1770918997399501000,1770918997389538000,69,Insert,s,70,"Chcela by som, aby bol koniec roka, budú zas vianoce, budeme doma, dos"
zADTuV7nEORpOPqPqjLYGgZyVUD3,6,1770918997626636000,1770918997619659000,70,Insert,t,71,"Chcela by som, aby bol koniec roka, budú zas vianoce, budeme doma, dost"
zADTuV7nEORpOPqPqjLYGgZyVUD3,6,1770918997902954000,1770918997894844000,71,Insert,a,72,"Chcela by som, aby bol koniec roka, budú zas vianoce, budeme doma, dosta"
zADTuV7nEORpOPqPqjLYGgZyVUD3,6,1770918998594875000,1770918998585279000,72,Insert,n,73,"Chcela by som, aby bol koniec roka, budú zas vianoce, budeme doma, dostan"
zADTuV7nEORpOPqPqjLYGgZyVUD3,6,1770918998920420000,1770918998914025000,73,Insert,e,74,"Chcela by som, aby bol koniec roka, budú zas vianoce, budeme doma, dostane"
zADTuV7nEORpOPqPqjLYGgZyVUD3,6,1770918999443918000,1770918999439581000,74,Insert,m,75,"Chcela by som, aby bol koniec roka, budú zas vianoce, budeme doma, dostanem"
zADTuV7nEORpOPqPqjLYGgZyVUD3,6,1770918999833340000,1770918999824567000,75,Insert,e,76,"Chcela by som, aby bol koniec roka, budú zas vianoce, budeme doma, dostaneme"
zADTuV7nEORpOPqPqjLYGgZyVUD3,6,1770919000502703000,1770919000494567000,76,Insert, ,77,"Chcela by som, aby bol koniec roka, budú zas vianoce, budeme doma, dostaneme "
zADTuV7nEORpOPqPqjLYGgZyVUD3,6,1770919001044137000,1770919001040075000,77,Insert,d,78,"Chcela by som, aby bol koniec roka, budú zas vianoce, budeme doma, dostaneme d"
zADTuV7nEORpOPqPqjLYGgZyVUD3,6,1770919001346381000,1770919001339688000,78,Insert,a,79,"Chcela by som, aby bol koniec roka, budú zas vianoce, budeme doma, dostaneme da"
zADTuV7nEORpOPqPqjLYGgZyVUD3,6,1770919001450896000,1770919001446339000,79,Insert,r,80,"Chcela by som, aby bol koniec roka, budú zas vianoce, budeme doma, dostaneme dar"
zADTuV7nEORpOPqPqjLYGgZyVUD3,6,1770919003597263000,1770919003587253000,80,Insert,č,81,"Chcela by som, aby bol koniec roka, budú zas vianoce, budeme doma, dostaneme darč"
zADTuV7nEORpOPqPqjLYGgZyVUD3,6,1770919003926435000,1770919003918779000,81,Insert,e,82,"Chcela by som, aby bol koniec roka, budú zas vianoce, budeme doma, dostaneme darče"
zADTuV7nEORpOPqPqjLYGgZyVUD3,6,1770919004622363000,1770919004615494000,82,Insert,k,83,"Chcela by som, aby bol koniec roka, budú zas vianoce, budeme doma, dostaneme darček"
zADTuV7nEORpOPqPqjLYGgZyVUD3,6,1770919004990460000,1770919004983599000,83,Insert,y,84,"Chcela by som, aby bol koniec roka, budú zas vianoce, budeme doma, dostaneme darčeky"
zADTuV7nEORpOPqPqjLYGgZyVUD3,6,1770919005508309000,1770919005503453000,84,Insert,.,85,"Chcela by som, aby bol koniec roka, budú zas vianoce, budeme doma, dostaneme darčeky."
zADTuV7nEORpOPqPqjLYGgZyVUD3,6,1770919077715379000,1770919077694723000,85,Insert,s,86,"Chcela by som, aby bol koniec roka, budú zas vianoce, budeme sdoma, dostaneme darčeky."
zADTuV7nEORpOPqPqjLYGgZyVUD3,6,1770919078267703000,1770919078259666000,86,Insert,p,87,"Chcela by som, aby bol koniec roka, budú zas vianoce, budeme spdoma, dostaneme darčeky."
zADTuV7nEORpOPqPqjLYGgZyVUD3,6,1770919078451549000,1770919078447079000,87,Insert,o,88,"Chcela by som, aby bol koniec roka, budú zas vianoce, budeme spodoma, dostaneme darčeky."
zADTuV7nEORpOPqPqjLYGgZyVUD3,6,1770919079635266000,1770919079627777000,88,Insert,l,89,"Chcela by som, aby bol koniec roka, budú zas vianoce, budeme spoldoma, dostaneme darčeky."
zADTuV7nEORpOPqPqjLYGgZyVUD3,6,1770919079919627000,1770919079912491000,89,Insert,u,90,"Chcela by som, aby bol koniec roka, budú zas vianoce, budeme spoludoma, dostaneme darčeky."
zADTuV7nEORpOPqPqjLYGgZyVUD3,6,1770919080560908000,1770919080549229000,90,Insert, ,91,"Chcela by som, aby bol koniec roka, budú zas vianoce, budeme spolu doma, dostaneme darčeky."
zADTuV7nEORpOPqPqjLYGgZyVUD3,7,1770919082363438000,1770919082358256000,0,Insert,C,1,C
zADTuV7nEORpOPqPqjLYGgZyVUD3,7,1770919085336700000,1770919085331746000,1,Insert,h,2,Ch
zADTuV7nEORpOPqPqjLYGgZyVUD3,7,1770919086536289000,1770919086529862000,2,Insert,c,3,Chc
zADTuV7nEORpOPqPqjLYGgZyVUD3,7,1770919086841551000,1770919086834318000,3,Insert,e,4,Chce
zADTuV7nEORpOPqPqjLYGgZyVUD3,7,1770919087609647000,1770919087602380000,4,Insert,l,5,Chcel
zADTuV7nEORpOPqPqjLYGgZyVUD3,7,1770919087977618000,1770919087972377000,5,Insert,a,6,Chcela
zADTuV7nEORpOPqPqjLYGgZyVUD3,7,1770919088106075000,1770919088102222000,6,Insert, ,7,Chcela 
zADTuV7nEORpOPqPqjLYGgZyVUD3,7,1770919088711596000,1770919088705452000,7,Insert,b,8,Chcela b
zADTuV7nEORpOPqPqjLYGgZyVUD3,7,1770919089377452000,1770919089371039000,8,Insert, ,9,Chcela b 
zADTuV7nEORpOPqPqjLYGgZyVUD3,7,1770919089994102000,1770919089988803000,9,Delete, ,8,Chcela b
zADTuV7nEORpOPqPqjLYGgZyVUD3,7,1770919090148043000,1770919090143526000,8,Delete,b,7,Chcela 
zADTuV7nEORpOPqPqjLYGgZyVUD3,7,1770919090968132000,1770919090963815000,7,Insert,b,8,Chcela b
zADTuV7nEORpOPqPqjLYGgZyVUD3,7,1770919091277837000,1770919091273974000,8,Insert,y,9,Chcela by
zADTuV7nEORpOPqPqjLYGgZyVUD3,7,1770919091567359000,1770919091560028000,9,Insert, ,10,Chcela by 
zADTuV7nEORpOPqPqjLYGgZyVUD3,7,1770919092082362000,1770919092078672000,10,Insert,a,11,Chcela by a
zADTuV7nEORpOPqPqjLYGgZyVUD3,7,1770919092292435000,1770919092286443000,11,Insert,o,12,Chcela by ao
zADTuV7nEORpOPqPqjLYGgZyVUD3,7,1770919092582668000,1770919092576426000,12,Insert,m,13,Chcela by aom
zADTuV7nEORpOPqPqjLYGgZyVUD3,7,1770919094201575000,1770919094197333000,13,Delete,m,12,Chcela by ao
zADTuV7nEORpOPqPqjLYGgZyVUD3,7,1770919094402980000,1770919094398326000,12,Delete,o,11,Chcela by a
zADTuV7nEORpOPqPqjLYGgZyVUD3,7,1770919094590872000,1770919094588247000,11,Delete,a,10,Chcela by 
zADTuV7nEORpOPqPqjLYGgZyVUD3,7,1770919096128939000,1770919096125306000,10,Insert,s,11,Chcela by s
zADTuV7nEORpOPqPqjLYGgZyVUD3,7,1770919096663036000,1770919096658308000,11,Insert,o,12,Chcela by so
zADTuV7nEORpOPqPqjLYGgZyVUD3,7,1770919097041813000,1770919097033979000,12,Insert,m,13,Chcela by som
zADTuV7nEORpOPqPqjLYGgZyVUD3,7,1770919097799627000,1770919097788301000,13,Insert,",",14,"Chcela by som,"
zADTuV7nEORpOPqPqjLYGgZyVUD3,7,1770919098438992000,1770919098430315000,14,Insert, ,15,"Chcela by som, "
zADTuV7nEORpOPqPqjLYGgZyVUD3,7,1770919099156154000,1770919099148762000,15,Insert,a,16,"Chcela by som, a"
zADTuV7nEORpOPqPqjLYGgZyVUD3,7,1770919099630082000,1770919099619740000,16,Insert,b,17,"Chcela by som, ab"
zADTuV7nEORpOPqPqjLYGgZyVUD3,7,1770919099937638000,1770919099932131000,17,Insert,y,18,"Chcela by som, aby"
zADTuV7nEORpOPqPqjLYGgZyVUD3,7,1770919100295377000,1770919100289061000,18,Insert, ,19,"Chcela by som, aby "
zADTuV7nEORpOPqPqjLYGgZyVUD3,7,1770919100838573000,1770919100834616000,19,Insert,b,20,"Chcela by som, aby b"
zADTuV7nEORpOPqPqjLYGgZyVUD3,7,1770919101229208000,1770919101221838000,20,Insert,o,21,"Chcela by som, aby bo"
zADTuV7nEORpOPqPqjLYGgZyVUD3,7,1770919101526438000,1770919101519994000,21,Insert,l,22,"Chcela by som, aby bol"
zADTuV7nEORpOPqPqjLYGgZyVUD3,7,1770919102269079000,1770919102256388000,22,Insert, ,23,"Chcela by som, aby bol "
zADTuV7nEORpOPqPqjLYGgZyVUD3,7,1770919102710769000,1770919102704566000,23,Insert,k,24,"Chcela by som, aby bol k"
zADTuV7nEORpOPqPqjLYGgZyVUD3,7,1770919102918233000,1770919102911844000,24,Insert,o,25,"Chcela by som, aby bol ko"
zADTuV7nEORpOPqPqjLYGgZyVUD3,7,1770919103238562000,1770919103232126000,25,Insert,n,26,"Chcela by som, aby bol kon"
zADTuV7nEORpOPqPqjLYGgZyVUD3,7,1770919103495279000,1770919103487016000,26,Insert,i,27,"Chcela by som, aby bol koni"
zADTuV7nEORpOPqPqjLYGgZyVUD3,7,1770919103899828000,1770919103893005000,27,Insert,e,28,"Chcela by som, aby bol konie"
zADTuV7nEORpOPqPqjLYGgZyVUD3,7,1770919104237763000,1770919104231729000,28,Insert,c,29,"Chcela by som, aby bol koniec"
zADTuV7nEORpOPqPqjLYGgZyVUD3,7,1770919105713616000,1770919105702348000,29,Insert, ,30,"Chcela by som, aby bol koniec "
zADTuV7nEORpOPqPqjLYGgZyVUD3,7,1770919106131029000,1770919106124319000,30,Insert,r,31,"Chcela by som, aby bol koniec r"
zADTuV7nEORpOPqPqjLYGgZyVUD3,7,1770919106612268000,1770919106605620000,31,Insert,o,32,"Chcela by som, aby bol koniec ro"
zADTuV7nEORpOPqPqjLYGgZyVUD3,7,1770919106914147000,1770919106907397000,32,Insert,k,33,"Chcela by som, aby bol koniec rok"
zADTuV7nEORpOPqPqjLYGgZyVUD3,7,1770919107419447000,1770919107413283000,33,Insert,a,34,"Chcela by som, aby bol koniec roka"
zADTuV7nEORpOPqPqjLYGgZyVUD3,7,1770919108903396000,1770919108894155000,34,Insert,",",35,"Chcela by som, aby bol koniec roka,"
zADTuV7nEORpOPqPqjLYGgZyVUD3,7,1770919109713132000,1770919109699490000,35,Insert, ,36,"Chcela by som, aby bol koniec roka, "
zADTuV7nEORpOPqPqjLYGgZyVUD3,7,1770919110030363000,1770919110022101000,36,Insert,b,37,"Chcela by som, aby bol koniec roka, b"
zADTuV7nEORpOPqPqjLYGgZyVUD3,7,1770919110358017000,1770919110350402000,37,Insert,u,38,"Chcela by som, aby bol koniec roka, bu"
zADTuV7nEORpOPqPqjLYGgZyVUD3,7,1770919110697682000,1770919110690390000,38,Insert,d,39,"Chcela by som, aby bol koniec roka, bud"
zADTuV7nEORpOPqPqjLYGgZyVUD3,7,1770919111500408000,1770919111490514000,39,Insert,7,40,"Chcela by som, aby bol koniec roka, bud7"
zADTuV7nEORpOPqPqjLYGgZyVUD3,7,1770919112434996000,1770919112428255000,40,Delete,7,39,"Chcela by som, aby bol koniec roka, bud"
zADTuV7nEORpOPqPqjLYGgZyVUD3,7,1770919113590921000,1770919113579404000,39,Insert,ú,40,"Chcela by som, aby bol koniec roka, budú"
zADTuV7nEORpOPqPqjLYGgZyVUD3,7,1770919114018610000,1770919114010855000,40,Insert, ,41,"Chcela by som, aby bol koniec roka, budú "
zADTuV7nEORpOPqPqjLYGgZyVUD3,7,1770919115506243000,1770919115493996000,41,Insert,z,42,"Chcela by som, aby bol koniec roka, budú z"
zADTuV7nEORpOPqPqjLYGgZyVUD3,7,1770919115787037000,1770919115779692000,42,Insert,a,43,"Chcela by som, aby bol koniec roka, budú za"
zADTuV7nEORpOPqPqjLYGgZyVUD3,7,1770919116089446000,1770919116083167000,43,Insert,s,44,"Chcela by som, aby bol koniec roka, budú zas"
zADTuV7nEORpOPqPqjLYGgZyVUD3,7,1770919116744010000,1770919116735680000,44,Insert, ,45,"Chcela by som, aby bol koniec roka, budú zas "
zADTuV7nEORpOPqPqjLYGgZyVUD3,7,1770919117013590000,1770919117008123000,45,Insert,v,46,"Chcela by som, aby bol koniec roka, budú zas v"
zADTuV7nEORpOPqPqjLYGgZyVUD3,7,1770919117347478000,1770919117341237000,46,Insert,i,47,"Chcela by som, aby bol koniec roka, budú zas vi"
zADTuV7nEORpOPqPqjLYGgZyVUD3,7,1770919117712081000,1770919117704714000,47,Insert,a,48,"Chcela by som, aby bol koniec roka, budú zas via"
zADTuV7nEORpOPqPqjLYGgZyVUD3,7,1770919118684625000,1770919118675812000,48,Insert,n,49,"Chcela by som, aby bol koniec roka, budú zas vian"
zADTuV7nEORpOPqPqjLYGgZyVUD3,7,1770919119034064000,1770919119026157000,49,Insert,o,50,"Chcela by som, aby bol koniec roka, budú zas viano"
zADTuV7nEORpOPqPqjLYGgZyVUD3,7,1770919119450039000,1770919119443477000,50,Insert,c,51,"Chcela by som, aby bol koniec roka, budú zas vianoc"
zADTuV7nEORpOPqPqjLYGgZyVUD3,7,1770919119753643000,1770919119746259000,51,Insert,e,52,"Chcela by som, aby bol koniec roka, budú zas vianoce"
zADTuV7nEORpOPqPqjLYGgZyVUD3,7,1770919120908974000,1770919120900164000,52,Insert,",",53,"Chcela by som, aby bol koniec roka, budú zas vianoce,"
zADTuV7nEORpOPqPqjLYGgZyVUD3,7,1770919121643127000,1770919121634769000,53,Insert, ,54,"Chcela by som, aby bol koniec roka, budú zas vianoce, "
zADTuV7nEORpOPqPqjLYGgZyVUD3,7,1770919122827737000,1770919122821534000,54,Insert,b,55,"Chcela by som, aby bol koniec roka, budú zas vianoce, b"
zADTuV7nEORpOPqPqjLYGgZyVUD3,7,1770919123137357000,1770919123130986000,55,Insert,u,56,"Chcela by som, aby bol koniec roka, budú zas vianoce, bu"
zADTuV7nEORpOPqPqjLYGgZyVUD3,7,1770919123459158000,1770919123453625000,56,Insert,d,57,"Chcela by som, aby bol koniec roka, budú zas vianoce, bud"
zADTuV7nEORpOPqPqjLYGgZyVUD3,7,1770919123627487000,1770919123622178000,57,Insert,e,58,"Chcela by som, aby bol koniec roka, budú zas vianoce, bude"
zADTuV7nEORpOPqPqjLYGgZyVUD3,7,1770919124331122000,1770919124323762000,58,Insert,m,59,"Chcela by som, aby bol koniec roka, budú zas vianoce, budem"
zADTuV7nEORpOPqPqjLYGgZyVUD3,7,1770919124754931000,1770919124748561000,59,Insert,e,60,"Chcela by som, aby bol koniec roka, budú zas vianoce, budeme"
zADTuV7nEORpOPqPqjLYGgZyVUD3,7,1770919125334186000,1770919125329803000,60,Insert, ,61,"Chcela by som, aby bol koniec roka, budú zas vianoce, budeme "
zADTuV7nEORpOPqPqjLYGgZyVUD3,7,1770919125662470000,1770919125657164000,61,Insert,s,62,"Chcela by som, aby bol koniec roka, budú zas vianoce, budeme s"
zADTuV7nEORpOPqPqjLYGgZyVUD3,7,1770919126194673000,1770919126186784000,62,Insert,p,63,"Chcela by som, aby bol koniec roka, budú zas vianoce, budeme sp"
zADTuV7nEORpOPqPqjLYGgZyVUD3,7,1770919126380068000,1770919126371832000,63,Insert,o,64,"Chcela by som, aby bol koniec roka, budú zas vianoce, budeme spo"
zADTuV7nEORpOPqPqjLYGgZyVUD3,7,1770919126580017000,1770919126571164000,64,Insert,l,65,"Chcela by som, aby bol koniec roka, budú zas vianoce, budeme spol"
zADTuV7nEORpOPqPqjLYGgZyVUD3,7,1770919127788122000,1770919127780793000,65,Insert,u,66,"Chcela by som, aby bol koniec roka, budú zas vianoce, budeme spolu"
zADTuV7nEORpOPqPqjLYGgZyVUD3,7,1770919128302833000,1770919128296332000,66,Insert, ,67,"Chcela by som, aby bol koniec roka, budú zas vianoce, budeme spolu "
zADTuV7nEORpOPqPqjLYGgZyVUD3,7,1770919129167414000,1770919129156088000,67,Insert,d,68,"Chcela by som, aby bol koniec roka, budú zas vianoce, budeme spolu d"
zADTuV7nEORpOPqPqjLYGgZyVUD3,7,1770919129370510000,1770919129365931000,68,Insert,o,69,"Chcela by som, aby bol koniec roka, budú zas vianoce, budeme spolu do"
zADTuV7nEORpOPqPqjLYGgZyVUD3,7,1770919129666209000,1770919129658170000,69,Insert,m,70,"Chcela by som, aby bol koniec roka, budú zas vianoce, budeme spolu dom"
zADTuV7nEORpOPqPqjLYGgZyVUD3,7,1770919130238410000,1770919130229864000,70,Insert,a,71,"Chcela by som, aby bol koniec roka, budú zas vianoce, budeme spolu doma"
zADTuV7nEORpOPqPqjLYGgZyVUD3,7,1770919132943825000,1770919132936017000,71,Insert,",",72,"Chcela by som, aby bol koniec roka, budú zas vianoce, budeme spolu doma,"
zADTuV7nEORpOPqPqjLYGgZyVUD3,7,1770919133766737000,1770919133756483000,72,Insert, ,73,"Chcela by som, aby bol koniec roka, budú zas vianoce, budeme spolu doma, "
zADTuV7nEORpOPqPqjLYGgZyVUD3,7,1770919134274237000,1770919134263073000,73,Insert,d,74,"Chcela by som, aby bol koniec roka, budú zas vianoce, budeme spolu doma, d"
zADTuV7nEORpOPqPqjLYGgZyVUD3,7,1770919134517445000,1770919134512720000,74,Insert,o,75,"Chcela by som, aby bol koniec roka, budú zas vianoce, budeme spolu doma, do"
zADTuV7nEORpOPqPqjLYGgZyVUD3,7,1770919134836815000,1770919134827379000,75,Insert,s,76,"Chcela by som, aby bol koniec roka, budú zas vianoce, budeme spolu doma, dos"
zADTuV7nEORpOPqPqjLYGgZyVUD3,7,1770919135603835000,1770919135593454000,76,Insert,t,77,"Chcela by som, aby bol koniec roka, budú zas vianoce, budeme spolu doma, dost"
zADTuV7nEORpOPqPqjLYGgZyVUD3,7,1770919136015768000,1770919136009251000,77,Insert,a,78,"Chcela by som, aby bol koniec roka, budú zas vianoce, budeme spolu doma, dosta"
zADTuV7nEORpOPqPqjLYGgZyVUD3,7,1770919136220236000,1770919136215827000,78,Insert,n,79,"Chcela by som, aby bol koniec roka, budú zas vianoce, budeme spolu doma, dostan"
zADTuV7nEORpOPqPqjLYGgZyVUD3,7,1770919136579197000,1770919136573231000,79,Insert,e,80,"Chcela by som, aby bol koniec roka, budú zas vianoce, budeme spolu doma, dostane"
zADTuV7nEORpOPqPqjLYGgZyVUD3,7,1770919136781925000,1770919136777406000,80,Insert,m,81,"Chcela by som, aby bol koniec roka, budú zas vianoce, budeme spolu doma, dostanem"
zADTuV7nEORpOPqPqjLYGgZyVUD3,7,1770919136932083000,1770919136927239000,81,Insert,e,82,"Chcela by som, aby bol koniec roka, budú zas vianoce, budeme spolu doma, dostaneme"
zADTuV7nEORpOPqPqjLYGgZyVUD3,7,1770919137758224000,1770919137745364000,82,Insert, ,83,"Chcela by som, aby bol koniec roka, budú zas vianoce, budeme spolu doma, dostaneme "
zADTuV7nEORpOPqPqjLYGgZyVUD3,7,1770919138287730000,1770919138278828000,83,Insert,d,84,"Chcela by som, aby bol koniec roka, budú zas vianoce, budeme spolu doma, dostaneme d"
zADTuV7nEORpOPqPqjLYGgZyVUD3,7,1770919138573251000,1770919138565109000,84,Insert,a,85,"Chcela by som, aby bol koniec roka, budú zas vianoce, budeme spolu doma, dostaneme da"
zADTuV7nEORpOPqPqjLYGgZyVUD3,7,1770919138951115000,1770919138944956000,85,Insert,r,86,"Chcela by som, aby bol koniec roka, budú zas vianoce, budeme spolu doma, dostaneme dar"
zADTuV7nEORpOPqPqjLYGgZyVUD3,7,1770919140188000000,1770919140176143000,86,Insert,č,87,"Chcela by som, aby bol koniec roka, budú zas vianoce, budeme spolu doma, dostaneme darč"
zADTuV7nEORpOPqPqjLYGgZyVUD3,7,1770919140510424000,1770919140502360000,87,Insert,e,88,"Chcela by som, aby bol koniec roka, budú zas vianoce, budeme spolu doma, dostaneme darče"
zADTuV7nEORpOPqPqjLYGgZyVUD3,7,1770919141242591000,1770919141234616000,88,Insert,k,89,"Chcela by som, aby bol koniec roka, budú zas vianoce, budeme spolu doma, dostaneme darček"
zADTuV7nEORpOPqPqjLYGgZyVUD3,7,1770919141686248000,1770919141679340000,89,Insert,z,90,"Chcela by som, aby bol koniec roka, budú zas vianoce, budeme spolu doma, dostaneme darčekz"
zADTuV7nEORpOPqPqjLYGgZyVUD3,7,1770919142835315000,1770919142827567000,90,Delete,z,89,"Chcela by som, aby bol koniec roka, budú zas vianoce, budeme spolu doma, dostaneme darček"
zADTuV7nEORpOPqPqjLYGgZyVUD3,7,1770919147165104000,1770919147160203000,89,Insert, ,92,"Chcela by som, aby bol koniec roka, budú zas vianoce, budeme spolu doma, dostaneme darček čo"
zADTuV7nEORpOPqPqjLYGgZyVUD3,7,1770919149586189000,1770919149581424000,92,Delete,č,90,"Chcela by som, aby bol koniec roka, budú zas vianoce, budeme spolu doma, dostaneme darček "
zADTuV7nEORpOPqPqjLYGgZyVUD3,7,1770919149781080000,1770919149775790000,90,Delete, ,89,"Chcela by som, aby bol koniec roka, budú zas vianoce, budeme spolu doma, dostaneme darček"
zADTuV7nEORpOPqPqjLYGgZyVUD3,7,1770919152682459000,1770919152675923000,89,Insert,y,90,"Chcela by som, aby bol koniec roka, budú zas vianoce, budeme spolu doma, dostaneme darčeky"
zADTuV7nEORpOPqPqjLYGgZyVUD3,7,1770919154947510000,1770919154937800000,90,Insert,.,91,"Chcela by som, aby bol koniec roka, budú zas vianoce, budeme spolu doma, dostaneme darčeky."
zADTuV7nEORpOPqPqjLYGgZyVUD3,8,1770919157177663000,1770919157169591000,0,Insert,V,1,V
zADTuV7nEORpOPqPqjLYGgZyVUD3,8,1770919159341754000,1770919159337465000,1,Delete,V,0,
zADTuV7nEORpOPqPqjLYGgZyVUD3,8,1770919161016920000,1770919161009157000,0,Insert,V,1,V
zADTuV7nEORpOPqPqjLYGgZyVUD3,8,1770919162367387000,1770919162362376000,1,Delete,V,0,
zADTuV7nEORpOPqPqjLYGgZyVUD3,8,1770919163113746000,1770919163105133000,0,Insert,C,1,C
zADTuV7nEORpOPqPqjLYGgZyVUD3,8,1770919164461676000,1770919164455151000,1,Insert,h,2,Ch
zADTuV7nEORpOPqPqjLYGgZyVUD3,8,1770919165247250000,1770919165239484000,2,Insert,c,3,Chc
zADTuV7nEORpOPqPqjLYGgZyVUD3,8,1770919165523661000,1770919165517733000,3,Insert,e,4,Chce
zADTuV7nEORpOPqPqjLYGgZyVUD3,8,1770919166215244000,1770919166206799000,4,Insert,l,5,Chcel
zADTuV7nEORpOPqPqjLYGgZyVUD3,8,1770919166557825000,1770919166551342000,5,Insert,a,6,Chcela
zADTuV7nEORpOPqPqjLYGgZyVUD3,8,1770919166933558000,1770919166929612000,6,Insert, ,7,Chcela 
zADTuV7nEORpOPqPqjLYGgZyVUD3,8,1770919167322955000,1770919167316955000,7,Insert,b,8,Chcela b
zADTuV7nEORpOPqPqjLYGgZyVUD3,8,1770919167711380000,1770919167703449000,8,Insert,y,9,Chcela by
zADTuV7nEORpOPqPqjLYGgZyVUD3,8,1770919168105814000,1770919168099128000,9,Insert, ,10,Chcela by 
zADTuV7nEORpOPqPqjLYGgZyVUD3,8,1770919168821149000,1770919168811820000,10,Insert,s,11,Chcela by s
zADTuV7nEORpOPqPqjLYGgZyVUD3,8,1770919169018625000,1770919169014880000,11,Insert,o,12,Chcela by so
zADTuV7nEORpOPqPqjLYGgZyVUD3,8,1770919169750938000,1770919169742426000,12,Insert,m,13,Chcela by som
zADTuV7nEORpOPqPqjLYGgZyVUD3,8,1770919170761605000,1770919170753434000,13,Insert,",",14,"Chcela by som,"
zADTuV7nEORpOPqPqjLYGgZyVUD3,8,1770919177370250000,1770919177364350000,14,Insert, ,15,"Chcela by som, "
zADTuV7nEORpOPqPqjLYGgZyVUD3,8,1770919177897843000,1770919177891704000,15,Insert,a,16,"Chcela by som, a"
zADTuV7nEORpOPqPqjLYGgZyVUD3,8,1770919178144141000,1770919178137902000,16,Insert,b,17,"Chcela by som, ab"
zADTuV7nEORpOPqPqjLYGgZyVUD3,8,1770919178449433000,1770919178443174000,17,Insert,y,18,"Chcela by som, aby"
zADTuV7nEORpOPqPqjLYGgZyVUD3,8,1770919178974519000,1770919178970132000,18,Insert, ,19,"Chcela by som, aby "
zADTuV7nEORpOPqPqjLYGgZyVUD3,8,1770919179388812000,1770919179382294000,19,Insert,b,20,"Chcela by som, aby b"
zADTuV7nEORpOPqPqjLYGgZyVUD3,8,1770919179725912000,1770919179715340000,20,Insert,o,21,"Chcela by som, aby bo"
zADTuV7nEORpOPqPqjLYGgZyVUD3,8,1770919179937729000,1770919179932586000,21,Insert,l,22,"Chcela by som, aby bol"
zADTuV7nEORpOPqPqjLYGgZyVUD3,8,1770919180762615000,1770919180751616000,22,Insert, ,23,"Chcela by som, aby bol "
zADTuV7nEORpOPqPqjLYGgZyVUD3,8,1770919181120500000,1770919181114491000,23,Insert,k,24,"Chcela by som, aby bol k"
zADTuV7nEORpOPqPqjLYGgZyVUD3,8,1770919181318812000,1770919181314316000,24,Insert,o,25,"Chcela by som, aby bol ko"
zADTuV7nEORpOPqPqjLYGgZyVUD3,8,1770919181629217000,1770919181625261000,25,Insert,n,26,"Chcela by som, aby bol kon"
zADTuV7nEORpOPqPqjLYGgZyVUD3,8,1770919181890357000,1770919181884190000,26,Insert,i,27,"Chcela by som, aby bol koni"
zADTuV7nEORpOPqPqjLYGgZyVUD3,8,1770919182301631000,1770919182294975000,27,Insert,e,28,"Chcela by som, aby bol konie"
zADTuV7nEORpOPqPqjLYGgZyVUD3,8,1770919182985755000,1770919182978492000,28,Insert,c,29,"Chcela by som, aby bol koniec"
zADTuV7nEORpOPqPqjLYGgZyVUD3,8,1770919183728606000,1770919183720716000,29,Insert, ,30,"Chcela by som, aby bol koniec "
zADTuV7nEORpOPqPqjLYGgZyVUD3,8,1770919184390897000,1770919184384898000,30,Insert,r,31,"Chcela by som, aby bol koniec r"
zADTuV7nEORpOPqPqjLYGgZyVUD3,8,1770919185154424000,1770919185145307000,31,Insert,o,32,"Chcela by som, aby bol koniec ro"
zADTuV7nEORpOPqPqjLYGgZyVUD3,8,1770919185374197000,1770919185366338000,32,Insert,k,33,"Chcela by som, aby bol koniec rok"
zADTuV7nEORpOPqPqjLYGgZyVUD3,8,1770919185714405000,1770919185707761000,33,Insert,a,34,"Chcela by som, aby bol koniec roka"
zADTuV7nEORpOPqPqjLYGgZyVUD3,8,1770919186567332000,1770919186556832000,34,Insert,",",35,"Chcela by som, aby bol koniec roka,"
zADTuV7nEORpOPqPqjLYGgZyVUD3,8,1770919188283347000,1770919188275125000,35,Insert, ,36,"Chcela by som, aby bol koniec roka, "
zADTuV7nEORpOPqPqjLYGgZyVUD3,8,1770919188519340000,1770919188515152000,36,Insert,b,37,"Chcela by som, aby bol koniec roka, b"
zADTuV7nEORpOPqPqjLYGgZyVUD3,8,1770919188738344000,1770919188732431000,37,Insert,u,38,"Chcela by som, aby bol koniec roka, bu"
zADTuV7nEORpOPqPqjLYGgZyVUD3,8,1770919188999040000,1770919188991960000,38,Insert,d,39,"Chcela by som, aby bol koniec roka, bud"
zADTuV7nEORpOPqPqjLYGgZyVUD3,8,1770919190107155000,1770919190103087000,39,Insert,ú,40,"Chcela by som, aby bol koniec roka, budú"
zADTuV7nEORpOPqPqjLYGgZyVUD3,8,1770919191083003000,1770919191075113000,40,Insert, ,41,"Chcela by som, aby bol koniec roka, budú "
zADTuV7nEORpOPqPqjLYGgZyVUD3,8,1770919192209976000,1770919192205374000,41,Insert,z,42,"Chcela by som, aby bol koniec roka, budú z"
zADTuV7nEORpOPqPqjLYGgZyVUD3,8,1770919192424812000,1770919192416131000,42,Insert,a,43,"Chcela by som, aby bol koniec roka, budú za"
zADTuV7nEORpOPqPqjLYGgZyVUD3,8,1770919192640552000,1770919192634303000,43,Insert,s,44,"Chcela by som, aby bol koniec roka, budú zas"
zADTuV7nEORpOPqPqjLYGgZyVUD3,8,1770919193247948000,1770919193239502000,44,Insert, ,45,"Chcela by som, aby bol koniec roka, budú zas "
zADTuV7nEORpOPqPqjLYGgZyVUD3,8,1770919193524117000,1770919193517627000,45,Insert,v,46,"Chcela by som, aby bol koniec roka, budú zas v"
zADTuV7nEORpOPqPqjLYGgZyVUD3,8,1770919193815619000,1770919193809613000,46,Insert,i,47,"Chcela by som, aby bol koniec roka, budú zas vi"
zADTuV7nEORpOPqPqjLYGgZyVUD3,8,1770919194107587000,1770919194101574000,47,Insert,a,48,"Chcela by som, aby bol koniec roka, budú zas via"
zADTuV7nEORpOPqPqjLYGgZyVUD3,8,1770919196248536000,1770919196240660000,48,Insert,n,49,"Chcela by som, aby bol koniec roka, budú zas vian"
zADTuV7nEORpOPqPqjLYGgZyVUD3,8,1770919196536568000,1770919196529649000,49,Insert,o,50,"Chcela by som, aby bol koniec roka, budú zas viano"
zADTuV7nEORpOPqPqjLYGgZyVUD3,8,1770919196995089000,1770919196988596000,50,Insert,c,51,"Chcela by som, aby bol koniec roka, budú zas vianoc"
zADTuV7nEORpOPqPqjLYGgZyVUD3,8,1770919197297684000,1770919197291121000,51,Insert,e,52,"Chcela by som, aby bol koniec roka, budú zas vianoce"
zADTuV7nEORpOPqPqjLYGgZyVUD3,8,1770919197988711000,1770919197979484000,52,Insert,",",53,"Chcela by som, aby bol koniec roka, budú zas vianoce,"
zADTuV7nEORpOPqPqjLYGgZyVUD3,8,1770919198450558000,1770919198443137000,53,Insert, ,54,"Chcela by som, aby bol koniec roka, budú zas vianoce, "
zADTuV7nEORpOPqPqjLYGgZyVUD3,8,1770919199115067000,1770919199104676000,54,Insert,b,55,"Chcela by som, aby bol koniec roka, budú zas vianoce, b"
zADTuV7nEORpOPqPqjLYGgZyVUD3,8,1770919199383840000,1770919199376111000,55,Insert,u,56,"Chcela by som, aby bol koniec roka, budú zas vianoce, bu"
zADTuV7nEORpOPqPqjLYGgZyVUD3,8,1770919199684620000,1770919199678339000,56,Insert,d,57,"Chcela by som, aby bol koniec roka, budú zas vianoce, bud"
zADTuV7nEORpOPqPqjLYGgZyVUD3,8,1770919199859134000,1770919199854212000,57,Insert,e,58,"Chcela by som, aby bol koniec roka, budú zas vianoce, bude"
zADTuV7nEORpOPqPqjLYGgZyVUD3,8,1770919200667790000,1770919200660223000,58,Insert,m,59,"Chcela by som, aby bol koniec roka, budú zas vianoce, budem"
zADTuV7nEORpOPqPqjLYGgZyVUD3,8,1770919201066473000,1770919201059899000,59,Insert,e,60,"Chcela by som, aby bol koniec roka, budú zas vianoce, budeme"
zADTuV7nEORpOPqPqjLYGgZyVUD3,8,1770919201673754000,1770919201662598000,60,Insert, ,61,"Chcela by som, aby bol koniec roka, budú zas vianoce, budeme "
zADTuV7nEORpOPqPqjLYGgZyVUD3,8,1770919202606608000,1770919202595994000,61,Insert,s,62,"Chcela by som, aby bol koniec roka, budú zas vianoce, budeme s"
zADTuV7nEORpOPqPqjLYGgZyVUD3,8,1770919202767748000,1770919202763670000,62,Insert,p,63,"Chcela by som, aby bol koniec roka, budú zas vianoce, budeme sp"
zADTuV7nEORpOPqPqjLYGgZyVUD3,8,1770919202956233000,1770919202951139000,63,Insert,o,64,"Chcela by som, aby bol koniec roka, budú zas vianoce, budeme spo"
zADTuV7nEORpOPqPqjLYGgZyVUD3,8,1770919203154122000,1770919203149416000,64,Insert,l,65,"Chcela by som, aby bol koniec roka, budú zas vianoce, budeme spol"
zADTuV7nEORpOPqPqjLYGgZyVUD3,8,1770919203449643000,1770919203442054000,65,Insert,u,66,"Chcela by som, aby bol koniec roka, budú zas vianoce, budeme spolu"
zADTuV7nEORpOPqPqjLYGgZyVUD3,8,1770919204250234000,1770919204239308000,66,Insert, ,67,"Chcela by som, aby bol koniec roka, budú zas vianoce, budeme spolu "
zADTuV7nEORpOPqPqjLYGgZyVUD3,8,1770919204773648000,1770919204764203000,67,Insert,d,68,"Chcela by som, aby bol koniec roka, budú zas vianoce, budeme spolu d"
zADTuV7nEORpOPqPqjLYGgZyVUD3,8,1770919204958541000,1770919204954110000,68,Insert,o,69,"Chcela by som, aby bol koniec roka, budú zas vianoce, budeme spolu do"
zADTuV7nEORpOPqPqjLYGgZyVUD3,8,1770919205265316000,1770919205258107000,69,Insert,m,70,"Chcela by som, aby bol koniec roka, budú zas vianoce, budeme spolu dom"
zADTuV7nEORpOPqPqjLYGgZyVUD3,8,1770919205721170000,1770919205714924000,70,Insert,a,71,"Chcela by som, aby bol koniec roka, budú zas vianoce, budeme spolu doma"
zADTuV7nEORpOPqPqjLYGgZyVUD3,8,1770919206933138000,1770919206923103000,71,Insert,",",72,"Chcela by som, aby bol koniec roka, budú zas vianoce, budeme spolu doma,"
zADTuV7nEORpOPqPqjLYGgZyVUD3,8,1770919207545196000,1770919207534974000,72,Insert, ,73,"Chcela by som, aby bol koniec roka, budú zas vianoce, budeme spolu doma, "
zADTuV7nEORpOPqPqjLYGgZyVUD3,8,1770919208319943000,1770919208310336000,73,Insert,d,74,"Chcela by som, aby bol koniec roka, budú zas vianoce, budeme spolu doma, d"
zADTuV7nEORpOPqPqjLYGgZyVUD3,8,1770919208551444000,1770919208543523000,74,Insert,o,75,"Chcela by som, aby bol koniec roka, budú zas vianoce, budeme spolu doma, do"
zADTuV7nEORpOPqPqjLYGgZyVUD3,8,1770919208883522000,1770919208876116000,75,Insert,s,76,"Chcela by som, aby bol koniec roka, budú zas vianoce, budeme spolu doma, dos"
zADTuV7nEORpOPqPqjLYGgZyVUD3,8,1770919209138523000,1770919209131126000,76,Insert,t,77,"Chcela by som, aby bol koniec roka, budú zas vianoce, budeme spolu doma, dost"
zADTuV7nEORpOPqPqjLYGgZyVUD3,8,1770919209466977000,1770919209459443000,77,Insert,a,78,"Chcela by som, aby bol koniec roka, budú zas vianoce, budeme spolu doma, dosta"
zADTuV7nEORpOPqPqjLYGgZyVUD3,8,1770919210175358000,1770919210163995000,78,Insert,n,79,"Chcela by som, aby bol koniec roka, budú zas vianoce, budeme spolu doma, dostan"
zADTuV7nEORpOPqPqjLYGgZyVUD3,8,1770919210558075000,1770919210551060000,79,Insert,e,80,"Chcela by som, aby bol koniec roka, budú zas vianoce, budeme spolu doma, dostane"
zADTuV7nEORpOPqPqjLYGgZyVUD3,8,1770919210745158000,1770919210735632000,80,Insert,m,81,"Chcela by som, aby bol koniec roka, budú zas vianoce, budeme spolu doma, dostanem"
zADTuV7nEORpOPqPqjLYGgZyVUD3,8,1770919210902694000,1770919210895050000,81,Insert,e,82,"Chcela by som, aby bol koniec roka, budú zas vianoce, budeme spolu doma, dostaneme"
zADTuV7nEORpOPqPqjLYGgZyVUD3,8,1770919211420968000,1770919211413263000,82,Insert, ,83,"Chcela by som, aby bol koniec roka, budú zas vianoce, budeme spolu doma, dostaneme "
zADTuV7nEORpOPqPqjLYGgZyVUD3,8,1770919211873189000,1770919211868137000,83,Insert,d,84,"Chcela by som, aby bol koniec roka, budú zas vianoce, budeme spolu doma, dostaneme d"
zADTuV7nEORpOPqPqjLYGgZyVUD3,8,1770919212153644000,1770919212149063000,84,Insert,a,85,"Chcela by som, aby bol koniec roka, budú zas vianoce, budeme spolu doma, dostaneme da"
zADTuV7nEORpOPqPqjLYGgZyVUD3,8,1770919212358367000,1770919212353231000,85,Insert,r,86,"Chcela by som, aby bol koniec roka, budú zas vianoce, budeme spolu doma, dostaneme dar"
zADTuV7nEORpOPqPqjLYGgZyVUD3,8,1770919213149282000,1770919213135017000,86,Insert,č,87,"Chcela by som, aby bol koniec roka, budú zas vianoce, budeme spolu doma, dostaneme darč"
zADTuV7nEORpOPqPqjLYGgZyVUD3,8,1770919213556388000,1770919213549413000,87,Insert,e,88,"Chcela by som, aby bol koniec roka, budú zas vianoce, budeme spolu doma, dostaneme darče"
zADTuV7nEORpOPqPqjLYGgZyVUD3,8,1770919214681852000,1770919214676390000,88,Insert,k,89,"Chcela by som, aby bol koniec roka, budú zas vianoce, budeme spolu doma, dostaneme darček"
zADTuV7nEORpOPqPqjLYGgZyVUD3,8,1770919214947046000,1770919214940759000,89,Insert,y,90,"Chcela by som, aby bol koniec roka, budú zas vianoce, budeme spolu doma, dostaneme darčeky"
zADTuV7nEORpOPqPqjLYGgZyVUD3,8,1770919215406312000,1770919215396455000,90,Insert,.,91,"Chcela by som, aby bol koniec roka, budú zas vianoce, budeme spolu doma, dostaneme darčeky."
zADTuV7nEORpOPqPqjLYGgZyVUD3,9,1770919218153518000,1770919218146435000,0,Insert,C,1,C
zADTuV7nEORpOPqPqjLYGgZyVUD3,9,1770919218626134000,1770919218618513000,1,Insert,h,2,Ch
zADTuV7nEORpOPqPqjLYGgZyVUD3,9,1770919219321919000,1770919219314879000,2,Insert,c,3,Chc
zADTuV7nEORpOPqPqjLYGgZyVUD3,9,1770919219612735000,1770919219606590000,3,Insert,e,4,Chce
zADTuV7nEORpOPqPqjLYGgZyVUD3,9,1770919220296559000,1770919220287917000,4,Insert,l,5,Chcel
zADTuV7nEORpOPqPqjLYGgZyVUD3,9,1770919220669247000,1770919220663431000,5,Insert,a,6,Chcela
zADTuV7nEORpOPqPqjLYGgZyVUD3,9,1770919220905898000,1770919220897583000,6,Insert, ,7,Chcela 
zADTuV7nEORpOPqPqjLYGgZyVUD3,9,1770919221188459000,1770919221184236000,7,Insert,b,8,Chcela b
zADTuV7nEORpOPqPqjLYGgZyVUD3,9,1770919221441712000,1770919221433078000,8,Insert,y,9,Chcela by
zADTuV7nEORpOPqPqjLYGgZyVUD3,9,1770919221723828000,1770919221716089000,9,Insert, ,10,Chcela by 
zADTuV7nEORpOPqPqjLYGgZyVUD3,9,1770919222000127000,1770919221994506000,10,Insert,s,11,Chcela by s
zADTuV7nEORpOPqPqjLYGgZyVUD3,9,1770919222114647000,1770919222110347000,11,Insert,o,12,Chcela by so
zADTuV7nEORpOPqPqjLYGgZyVUD3,9,1770919222407296000,1770919222401092000,12,Insert,m,13,Chcela by som
zADTuV7nEORpOPqPqjLYGgZyVUD3,9,1770919223498164000,1770919223489660000,13,Insert,",",14,"Chcela by som,"
zADTuV7nEORpOPqPqjLYGgZyVUD3,9,1770919224066606000,1770919224056782000,14,Insert, ,15,"Chcela by som, "
zADTuV7nEORpOPqPqjLYGgZyVUD3,9,1770919225193246000,1770919225185681000,15,Insert,a,16,"Chcela by som, a"
zADTuV7nEORpOPqPqjLYGgZyVUD3,9,1770919225411526000,1770919225405654000,16,Insert,b,17,"Chcela by som, ab"
zADTuV7nEORpOPqPqjLYGgZyVUD3,9,1770919225681867000,1770919225674203000,17,Insert,y,18,"Chcela by som, aby"
zADTuV7nEORpOPqPqjLYGgZyVUD3,9,1770919226010747000,1770919226005919000,18,Insert, ,19,"Chcela by som, aby "
zADTuV7nEORpOPqPqjLYGgZyVUD3,9,1770919226747022000,1770919226740650000,19,Insert,b,20,"Chcela by som, aby b"
zADTuV7nEORpOPqPqjLYGgZyVUD3,9,1770919227143735000,1770919227135349000,20,Insert,o,21,"Chcela by som, aby bo"
zADTuV7nEORpOPqPqjLYGgZyVUD3,9,1770919227375516000,1770919227369776000,21,Insert,l,22,"Chcela by som, aby bol"
zADTuV7nEORpOPqPqjLYGgZyVUD3,9,1770919227710207000,1770919227702345000,22,Insert, ,23,"Chcela by som, aby bol "
zADTuV7nEORpOPqPqjLYGgZyVUD3,9,1770919228250515000,1770919228245717000,23,Insert,k,24,"Chcela by som, aby bol k"
zADTuV7nEORpOPqPqjLYGgZyVUD3,9,1770919228432843000,1770919228428972000,24,Insert,o,25,"Chcela by som, aby bol ko"
zADTuV7nEORpOPqPqjLYGgZyVUD3,9,1770919228717870000,1770919228713471000,25,Insert,n,26,"Chcela by som, aby bol kon"
zADTuV7nEORpOPqPqjLYGgZyVUD3,9,1770919228958230000,1770919228951026000,26,Insert,i,27,"Chcela by som, aby bol koni"
zADTuV7nEORpOPqPqjLYGgZyVUD3,9,1770919229278152000,1770919229268506000,27,Insert,a,28,"Chcela by som, aby bol konia"
zADTuV7nEORpOPqPqjLYGgZyVUD3,9,1770919229575382000,1770919229569249000,28,Insert,c,29,"Chcela by som, aby bol koniac"
zADTuV7nEORpOPqPqjLYGgZyVUD3,9,1770919230169055000,1770919230160709000,29,Insert, ,30,"Chcela by som, aby bol koniac "
zADTuV7nEORpOPqPqjLYGgZyVUD3,9,1770919230791934000,1770919230786146000,30,Delete, ,29,"Chcela by som, aby bol koniac"
zADTuV7nEORpOPqPqjLYGgZyVUD3,9,1770919230978131000,1770919230975521000,29,Delete,c,28,"Chcela by som, aby bol konia"
zADTuV7nEORpOPqPqjLYGgZyVUD3,9,1770919231171979000,1770919231168840000,28,Delete,a,27,"Chcela by som, aby bol koni"
zADTuV7nEORpOPqPqjLYGgZyVUD3,9,1770919232022875000,1770919232015876000,27,Insert,e,28,"Chcela by som, aby bol konie"
zADTuV7nEORpOPqPqjLYGgZyVUD3,9,1770919232516546000,1770919232511535000,28,Insert,c,29,"Chcela by som, aby bol koniec"
zADTuV7nEORpOPqPqjLYGgZyVUD3,9,1770919233694671000,1770919233679280000,29,Insert, ,30,"Chcela by som, aby bol koniec "
zADTuV7nEORpOPqPqjLYGgZyVUD3,9,1770919234163184000,1770919234158832000,30,Insert,r,31,"Chcela by som, aby bol koniec r"
zADTuV7nEORpOPqPqjLYGgZyVUD3,9,1770919234598479000,1770919234591668000,31,Insert,o,32,"Chcela by som, aby bol koniec ro"
zADTuV7nEORpOPqPqjLYGgZyVUD3,9,1770919234917691000,1770919234911307000,32,Insert,k,33,"Chcela by som, aby bol koniec rok"
zADTuV7nEORpOPqPqjLYGgZyVUD3,9,1770919235232528000,1770919235222497000,33,Insert,a,34,"Chcela by som, aby bol koniec roka"
zADTuV7nEORpOPqPqjLYGgZyVUD3,9,1770919236040504000,1770919236031106000,34,Insert,",",35,"Chcela by som, aby bol koniec roka,"
zADTuV7nEORpOPqPqjLYGgZyVUD3,9,1770919237113010000,1770919237107664000,35,Insert, ,36,"Chcela by som, aby bol koniec roka, "
zADTuV7nEORpOPqPqjLYGgZyVUD3,9,1770919238060198000,1770919238056065000,36,Insert,b,37,"Chcela by som, aby bol koniec roka, b"
zADTuV7nEORpOPqPqjLYGgZyVUD3,9,1770919238456962000,1770919238449839000,37,Insert,u,38,"Chcela by som, aby bol koniec roka, bu"
zADTuV7nEORpOPqPqjLYGgZyVUD3,9,1770919238947800000,1770919238937314000,38,Insert,s,39,"Chcela by som, aby bol koniec roka, bus"
zADTuV7nEORpOPqPqjLYGgZyVUD3,9,1770919239773009000,1770919239767139000,39,Insert,ú,40,"Chcela by som, aby bol koniec roka, busú"
zADTuV7nEORpOPqPqjLYGgZyVUD3,9,1770919240794144000,1770919240785919000,40,Delete,ú,39,"Chcela by som, aby bol koniec roka, bus"
zADTuV7nEORpOPqPqjLYGgZyVUD3,9,1770919240961011000,1770919240956190000,39,Delete,s,38,"Chcela by som, aby bol koniec roka, bu"
zADTuV7nEORpOPqPqjLYGgZyVUD3,9,1770919241766626000,1770919241758551000,38,Insert,d,39,"Chcela by som, aby bol koniec roka, bud"
zADTuV7nEORpOPqPqjLYGgZyVUD3,9,1770919243096777000,1770919243087113000,39,Insert,ú,40,"Chcela by som, aby bol koniec roka, budú"
zADTuV7nEORpOPqPqjLYGgZyVUD3,9,1770919243828129000,1770919243821551000,40,Insert, ,41,"Chcela by som, aby bol koniec roka, budú "
zADTuV7nEORpOPqPqjLYGgZyVUD3,9,1770919244623350000,1770919244615784000,41,Insert,z,42,"Chcela by som, aby bol koniec roka, budú z"
zADTuV7nEORpOPqPqjLYGgZyVUD3,9,1770919244855179000,1770919244850139000,42,Insert,a,43,"Chcela by som, aby bol koniec roka, budú za"
zADTuV7nEORpOPqPqjLYGgZyVUD3,9,1770919245036480000,1770919245031106000,43,Insert,s,44,"Chcela by som, aby bol koniec roka, budú zas"
zADTuV7nEORpOPqPqjLYGgZyVUD3,9,1770919245691853000,1770919245679991000,44,Insert, ,45,"Chcela by som, aby bol koniec roka, budú zas "
zADTuV7nEORpOPqPqjLYGgZyVUD3,9,1770919245970000000,1770919245964954000,45,Insert,v,46,"Chcela by som, aby bol koniec roka, budú zas v"
zADTuV7nEORpOPqPqjLYGgZyVUD3,9,1770919246256527000,1770919246250459000,46,Insert,i,47,"Chcela by som, aby bol koniec roka, budú zas vi"
zADTuV7nEORpOPqPqjLYGgZyVUD3,9,1770919246578318000,1770919246568431000,47,Insert,a,48,"Chcela by som, aby bol koniec roka, budú zas via"
zADTuV7nEORpOPqPqjLYGgZyVUD3,9,1770919246900619000,1770919246893529000,48,Insert,n,49,"Chcela by som, aby bol koniec roka, budú zas vian"
zADTuV7nEORpOPqPqjLYGgZyVUD3,9,1770919247168449000,1770919247160347000,49,Insert,o,50,"Chcela by som, aby bol koniec roka, budú zas viano"
zADTuV7nEORpOPqPqjLYGgZyVUD3,9,1770919247509988000,1770919247504215000,50,Insert,c,51,"Chcela by som, aby bol koniec roka, budú zas vianoc"
zADTuV7nEORpOPqPqjLYGgZyVUD3,9,1770919248245803000,1770919248239509000,51,Insert,e,52,"Chcela by som, aby bol koniec roka, budú zas vianoce"
zADTuV7nEORpOPqPqjLYGgZyVUD3,9,1770919251080819000,1770919251071782000,52,Insert,",",53,"Chcela by som, aby bol koniec roka, budú zas vianoce,"
zADTuV7nEORpOPqPqjLYGgZyVUD3,9,1770919251752296000,1770919251742778000,53,Insert, ,54,"Chcela by som, aby bol koniec roka, budú zas vianoce, "
zADTuV7nEORpOPqPqjLYGgZyVUD3,9,1770919251969712000,1770919251962625000,54,Insert,b,55,"Chcela by som, aby bol koniec roka, budú zas vianoce, b"
zADTuV7nEORpOPqPqjLYGgZyVUD3,9,1770919252240786000,1770919252234525000,55,Insert,u,56,"Chcela by som, aby bol koniec roka, budú zas vianoce, bu"
zADTuV7nEORpOPqPqjLYGgZyVUD3,9,1770919252647585000,1770919252641066000,56,Insert,d,57,"Chcela by som, aby bol koniec roka, budú zas vianoce, bud"
zADTuV7nEORpOPqPqjLYGgZyVUD3,9,1770919252808685000,1770919252803189000,57,Insert,e,58,"Chcela by som, aby bol koniec roka, budú zas vianoce, bude"
zADTuV7nEORpOPqPqjLYGgZyVUD3,9,1770919253489179000,1770919253481520000,58,Insert,m,59,"Chcela by som, aby bol koniec roka, budú zas vianoce, budem"
zADTuV7nEORpOPqPqjLYGgZyVUD3,9,1770919253939857000,1770919253934013000,59,Insert,w,60,"Chcela by som, aby bol koniec roka, budú zas vianoce, budemw"
zADTuV7nEORpOPqPqjLYGgZyVUD3,9,1770919254331727000,1770919254321019000,60,Insert, ,61,"Chcela by som, aby bol koniec roka, budú zas vianoce, budemw "
zADTuV7nEORpOPqPqjLYGgZyVUD3,9,1770919254939005000,1770919254931158000,61,Delete, ,60,"Chcela by som, aby bol koniec roka, budú zas vianoce, budemw"
zADTuV7nEORpOPqPqjLYGgZyVUD3,9,1770919255104801000,1770919255099044000,60,Delete,w,59,"Chcela by som, aby bol koniec roka, budú zas vianoce, budem"
zADTuV7nEORpOPqPqjLYGgZyVUD3,9,1770919255845506000,1770919255835354000,59,Insert,w,60,"Chcela by som, aby bol koniec roka, budú zas vianoce, budemw"
zADTuV7nEORpOPqPqjLYGgZyVUD3,9,1770919256727631000,1770919256722953000,60,Delete,w,59,"Chcela by som, aby bol koniec roka, budú zas vianoce, budem"
zADTuV7nEORpOPqPqjLYGgZyVUD3,9,1770919257798374000,1770919257786502000,59,Insert,e,60,"Chcela by som, aby bol koniec roka, budú zas vianoce, budeme"
zADTuV7nEORpOPqPqjLYGgZyVUD3,9,1770919258452269000,1770919258441904000,60,Insert, ,61,"Chcela by som, aby bol koniec roka, budú zas vianoce, budeme "
zADTuV7nEORpOPqPqjLYGgZyVUD3,9,1770919258832470000,1770919258826449000,61,Insert,s,62,"Chcela by som, aby bol koniec roka, budú zas vianoce, budeme s"
zADTuV7nEORpOPqPqjLYGgZyVUD3,9,1770919259065393000,1770919259058989000,62,Insert,p,63,"Chcela by som, aby bol koniec roka, budú zas vianoce, budeme sp"
zADTuV7nEORpOPqPqjLYGgZyVUD3,9,1770919259250247000,1770919259243768000,63,Insert,o,64,"Chcela by som, aby bol koniec roka, budú zas vianoce, budeme spo"
zADTuV7nEORpOPqPqjLYGgZyVUD3,9,1770919259482684000,1770919259475126000,64,Insert,l,65,"Chcela by som, aby bol koniec roka, budú zas vianoce, budeme spol"
zADTuV7nEORpOPqPqjLYGgZyVUD3,9,1770919260602329000,1770919260592183000,65,Insert,u,66,"Chcela by som, aby bol koniec roka, budú zas vianoce, budeme spolu"
zADTuV7nEORpOPqPqjLYGgZyVUD3,9,1770919261966319000,1770919261957251000,66,Insert, ,67,"Chcela by som, aby bol koniec roka, budú zas vianoce, budeme spolu "
zADTuV7nEORpOPqPqjLYGgZyVUD3,9,1770919262468931000,1770919262462604000,67,Insert,d,68,"Chcela by som, aby bol koniec roka, budú zas vianoce, budeme spolu d"
zADTuV7nEORpOPqPqjLYGgZyVUD3,9,1770919262680044000,1770919262675241000,68,Insert,o,69,"Chcela by som, aby bol koniec roka, budú zas vianoce, budeme spolu do"
zADTuV7nEORpOPqPqjLYGgZyVUD3,9,1770919262991489000,1770919262984047000,69,Insert,m,70,"Chcela by som, aby bol koniec roka, budú zas vianoce, budeme spolu dom"
zADTuV7nEORpOPqPqjLYGgZyVUD3,9,1770919263305676000,1770919263299296000,70,Insert,a,71,"Chcela by som, aby bol koniec roka, budú zas vianoce, budeme spolu doma"
zADTuV7nEORpOPqPqjLYGgZyVUD3,9,1770919265067047000,1770919265057139000,71,Insert,",",72,"Chcela by som, aby bol koniec roka, budú zas vianoce, budeme spolu doma,"
zADTuV7nEORpOPqPqjLYGgZyVUD3,9,1770919265838232000,1770919265825124000,72,Insert, ,73,"Chcela by som, aby bol koniec roka, budú zas vianoce, budeme spolu doma, "
zADTuV7nEORpOPqPqjLYGgZyVUD3,9,1770919266373100000,1770919266362370000,73,Insert,d,74,"Chcela by som, aby bol koniec roka, budú zas vianoce, budeme spolu doma, d"
zADTuV7nEORpOPqPqjLYGgZyVUD3,9,1770919266611837000,1770919266605351000,74,Insert,o,75,"Chcela by som, aby bol koniec roka, budú zas vianoce, budeme spolu doma, do"
zADTuV7nEORpOPqPqjLYGgZyVUD3,9,1770919266877934000,1770919266868971000,75,Insert,s,76,"Chcela by som, aby bol koniec roka, budú zas vianoce, budeme spolu doma, dos"
zADTuV7nEORpOPqPqjLYGgZyVUD3,9,1770919267133680000,1770919267127372000,76,Insert,t,77,"Chcela by som, aby bol koniec roka, budú zas vianoce, budeme spolu doma, dost"
zADTuV7nEORpOPqPqjLYGgZyVUD3,9,1770919267462426000,1770919267456222000,77,Insert,a,78,"Chcela by som, aby bol koniec roka, budú zas vianoce, budeme spolu doma, dosta"
zADTuV7nEORpOPqPqjLYGgZyVUD3,9,1770919267813474000,1770919267805734000,78,Insert,n,79,"Chcela by som, aby bol koniec roka, budú zas vianoce, budeme spolu doma, dostan"
zADTuV7nEORpOPqPqjLYGgZyVUD3,9,1770919268181089000,1770919268173506000,79,Insert,e,80,"Chcela by som, aby bol koniec roka, budú zas vianoce, budeme spolu doma, dostane"
zADTuV7nEORpOPqPqjLYGgZyVUD3,9,1770919268286606000,1770919268276939000,80,Insert,m,81,"Chcela by som, aby bol koniec roka, budú zas vianoce, budeme spolu doma, dostanem"
zADTuV7nEORpOPqPqjLYGgZyVUD3,9,1770919268474763000,1770919268469688000,81,Insert,e,82,"Chcela by som, aby bol koniec roka, budú zas vianoce, budeme spolu doma, dostaneme"
zADTuV7nEORpOPqPqjLYGgZyVUD3,9,1770919269761711000,1770919269748913000,82,Insert, ,83,"Chcela by som, aby bol koniec roka, budú zas vianoce, budeme spolu doma, dostaneme "
zADTuV7nEORpOPqPqjLYGgZyVUD3,9,1770919270086674000,1770919270080087000,83,Insert,d,84,"Chcela by som, aby bol koniec roka, budú zas vianoce, budeme spolu doma, dostaneme d"
zADTuV7nEORpOPqPqjLYGgZyVUD3,9,1770919270358588000,1770919270351947000,84,Insert,a,85,"Chcela by som, aby bol koniec roka, budú zas vianoce, budeme spolu doma, dostaneme da"
zADTuV7nEORpOPqPqjLYGgZyVUD3,9,1770919270654877000,1770919270648676000,85,Insert,r,86,"Chcela by som, aby bol koniec roka, budú zas vianoce, budeme spolu doma, dostaneme dar"
zADTuV7nEORpOPqPqjLYGgZyVUD3,9,1770919271882295000,1770919271875425000,86,Insert,č,87,"Chcela by som, aby bol koniec roka, budú zas vianoce, budeme spolu doma, dostaneme darč"
zADTuV7nEORpOPqPqjLYGgZyVUD3,9,1770919272209754000,1770919272202114000,87,Insert,e,88,"Chcela by som, aby bol koniec roka, budú zas vianoce, budeme spolu doma, dostaneme darče"
zADTuV7nEORpOPqPqjLYGgZyVUD3,9,1770919272972112000,1770919272965860000,88,Insert,k,89,"Chcela by som, aby bol koniec roka, budú zas vianoce, budeme spolu doma, dostaneme darček"
zADTuV7nEORpOPqPqjLYGgZyVUD3,9,1770919274064275000,1770919274054564000,89,Insert,y,90,"Chcela by som, aby bol koniec roka, budú zas vianoce, budeme spolu doma, dostaneme darčeky"
zADTuV7nEORpOPqPqjLYGgZyVUD3,9,1770919274591634000,1770919274585366000,90,Insert,.,91,"Chcela by som, aby bol koniec roka, budú zas vianoce, budeme spolu doma, dostaneme darčeky."
zADTuV7nEORpOPqPqjLYGgZyVUD3,10,1770919276148202000,1770919276140468000,0,Insert,C,1,C
zADTuV7nEORpOPqPqjLYGgZyVUD3,10,1770919276555570000,1770919276551750000,1,Insert,h,2,Ch
zADTuV7nEORpOPqPqjLYGgZyVUD3,10,1770919276976293000,1770919276969987000,2,Insert,c,3,Chc
zADTuV7nEORpOPqPqjLYGgZyVUD3,10,1770919277249868000,1770919277243077000,3,Insert,e,4,Chce
zADTuV7nEORpOPqPqjLYGgZyVUD3,10,1770919277893519000,1770919277885835000,4,Insert,l,5,Chcel
zADTuV7nEORpOPqPqjLYGgZyVUD3,10,1770919278197920000,1770919278190369000,5,Insert,a,6,Chcela
zADTuV7nEORpOPqPqjLYGgZyVUD3,10,1770919278418789000,1770919278412913000,6,Insert, ,7,Chcela 
zADTuV7nEORpOPqPqjLYGgZyVUD3,10,1770919278896690000,1770919278889758000,7,Insert,b,8,Chcela b
zADTuV7nEORpOPqPqjLYGgZyVUD3,10,1770919279169481000,1770919279162536000,8,Insert,y,9,Chcela by
zADTuV7nEORpOPqPqjLYGgZyVUD3,10,1770919279463041000,1770919279456000000,9,Insert, ,10,Chcela by 
zADTuV7nEORpOPqPqjLYGgZyVUD3,10,1770919279749666000,1770919279741157000,10,Insert,s,11,Chcela by s
zADTuV7nEORpOPqPqjLYGgZyVUD3,10,1770919279907683000,1770919279903899000,11,Insert,o,12,Chcela by so
zADTuV7nEORpOPqPqjLYGgZyVUD3,10,1770919280202501000,1770919280195398000,12,Insert,m,13,Chcela by som
zADTuV7nEORpOPqPqjLYGgZyVUD3,10,1770919280856382000,1770919280846527000,13,Insert,",",14,"Chcela by som,"
zADTuV7nEORpOPqPqjLYGgZyVUD3,10,1770919281546417000,1770919281537752000,14,Insert, ,15,"Chcela by som, "
zADTuV7nEORpOPqPqjLYGgZyVUD3,10,1770919282276842000,1770919282267920000,15,Insert,a,16,"Chcela by som, a"
zADTuV7nEORpOPqPqjLYGgZyVUD3,10,1770919282411237000,1770919282407327000,16,Insert,b,17,"Chcela by som, ab"
zADTuV7nEORpOPqPqjLYGgZyVUD3,10,1770919282681078000,1770919282675077000,17,Insert,y,18,"Chcela by som, aby"
zADTuV7nEORpOPqPqjLYGgZyVUD3,10,1770919283508678000,1770919283497192000,18,Insert, ,19,"Chcela by som, aby "
zADTuV7nEORpOPqPqjLYGgZyVUD3,10,1770919283835153000,1770919283830191000,19,Insert,b,20,"Chcela by som, aby b"
zADTuV7nEORpOPqPqjLYGgZyVUD3,10,1770919284280057000,1770919284274131000,20,Insert,o,21,"Chcela by som, aby bo"
zADTuV7nEORpOPqPqjLYGgZyVUD3,10,1770919284533756000,1770919284523186000,21,Insert,l,22,"Chcela by som, aby bol"
zADTuV7nEORpOPqPqjLYGgZyVUD3,10,1770919284965908000,1770919284958391000,22,Insert, ,23,"Chcela by som, aby bol "
zADTuV7nEORpOPqPqjLYGgZyVUD3,10,1770919285365064000,1770919285360372000,23,Insert,k,24,"Chcela by som, aby bol k"
zADTuV7nEORpOPqPqjLYGgZyVUD3,10,1770919285570438000,1770919285563721000,24,Insert,o,25,"Chcela by som, aby bol ko"
zADTuV7nEORpOPqPqjLYGgZyVUD3,10,1770919285903800000,1770919285897379000,25,Insert,n,26,"Chcela by som, aby bol kon"
zADTuV7nEORpOPqPqjLYGgZyVUD3,10,1770919286182260000,1770919286175132000,26,Insert,i,27,"Chcela by som, aby bol koni"
zADTuV7nEORpOPqPqjLYGgZyVUD3,10,1770919286629250000,1770919286619009000,27,Insert,e,28,"Chcela by som, aby bol konie"
zADTuV7nEORpOPqPqjLYGgZyVUD3,10,1770919287437849000,1770919287431178000,28,Insert,c,29,"Chcela by som, aby bol koniec"
zADTuV7nEORpOPqPqjLYGgZyVUD3,10,1770919288781616000,1770919288774113000,29,Insert, ,30,"Chcela by som, aby bol koniec "
zADTuV7nEORpOPqPqjLYGgZyVUD3,10,1770919289387232000,1770919289382798000,30,Insert,r,31,"Chcela by som, aby bol koniec r"
zADTuV7nEORpOPqPqjLYGgZyVUD3,10,1770919289545441000,1770919289540927000,31,Insert,o,32,"Chcela by som, aby bol koniec ro"
zADTuV7nEORpOPqPqjLYGgZyVUD3,10,1770919289823316000,1770919289817307000,32,Insert,k,33,"Chcela by som, aby bol koniec rok"
zADTuV7nEORpOPqPqjLYGgZyVUD3,10,1770919290139054000,1770919290133515000,33,Insert,a,34,"Chcela by som, aby bol koniec roka"
zADTuV7nEORpOPqPqjLYGgZyVUD3,10,1770919290971331000,1770919290960598000,34,Insert,",",35,"Chcela by som, aby bol koniec roka,"
zADTuV7nEORpOPqPqjLYGgZyVUD3,10,1770919291784173000,1770919291772353000,35,Insert, ,36,"Chcela by som, aby bol koniec roka, "
zADTuV7nEORpOPqPqjLYGgZyVUD3,10,1770919292943325000,1770919292934236000,36,Insert,b,37,"Chcela by som, aby bol koniec roka, b"
zADTuV7nEORpOPqPqjLYGgZyVUD3,10,1770919293284672000,1770919293276583000,37,Insert,u,38,"Chcela by som, aby bol koniec roka, bu"
zADTuV7nEORpOPqPqjLYGgZyVUD3,10,1770919293933257000,1770919293924745000,38,Insert,d,39,"Chcela by som, aby bol koniec roka, bud"
zADTuV7nEORpOPqPqjLYGgZyVUD3,10,1770919295244433000,1770919295237101000,39,Insert,ú,40,"Chcela by som, aby bol koniec roka, budú"
zADTuV7nEORpOPqPqjLYGgZyVUD3,10,1770919295985418000,1770919295977064000,40,Insert, ,41,"Chcela by som, aby bol koniec roka, budú "
zADTuV7nEORpOPqPqjLYGgZyVUD3,10,1770919296857294000,1770919296851491000,41,Insert,z,42,"Chcela by som, aby bol koniec roka, budú z"
zADTuV7nEORpOPqPqjLYGgZyVUD3,10,1770919297106241000,1770919297100220000,42,Insert,a,43,"Chcela by som, aby bol koniec roka, budú za"
zADTuV7nEORpOPqPqjLYGgZyVUD3,10,1770919297391987000,1770919297386164000,43,Insert,s,44,"Chcela by som, aby bol koniec roka, budú zas"
zADTuV7nEORpOPqPqjLYGgZyVUD3,10,1770919298117562000,1770919298108249000,44,Insert, ,45,"Chcela by som, aby bol koniec roka, budú zas "
zADTuV7nEORpOPqPqjLYGgZyVUD3,10,1770919298400993000,1770919298396700000,45,Insert,v,46,"Chcela by som, aby bol koniec roka, budú zas v"
zADTuV7nEORpOPqPqjLYGgZyVUD3,10,1770919298660630000,1770919298656821000,46,Insert,i,47,"Chcela by som, aby bol koniec roka, budú zas vi"
zADTuV7nEORpOPqPqjLYGgZyVUD3,10,1770919298945840000,1770919298941108000,47,Insert,a,48,"Chcela by som, aby bol koniec roka, budú zas via"
zADTuV7nEORpOPqPqjLYGgZyVUD3,10,1770919299336952000,1770919299331905000,48,Insert,n,49,"Chcela by som, aby bol koniec roka, budú zas vian"
zADTuV7nEORpOPqPqjLYGgZyVUD3,10,1770919299609956000,1770919299603479000,49,Insert,o,50,"Chcela by som, aby bol koniec roka, budú zas viano"
zADTuV7nEORpOPqPqjLYGgZyVUD3,10,1770919300064110000,1770919300057743000,50,Insert,c,51,"Chcela by som, aby bol koniec roka, budú zas vianoc"
zADTuV7nEORpOPqPqjLYGgZyVUD3,10,1770919300337302000,1770919300331132000,51,Insert,e,52,"Chcela by som, aby bol koniec roka, budú zas vianoce"
zADTuV7nEORpOPqPqjLYGgZyVUD3,10,1770919303035370000,1770919303024445000,52,Insert,",",53,"Chcela by som, aby bol koniec roka, budú zas vianoce,"
zADTuV7nEORpOPqPqjLYGgZyVUD3,10,1770919303762311000,1770919303752135000,53,Insert, ,54,"Chcela by som, aby bol koniec roka, budú zas vianoce, "
zADTuV7nEORpOPqPqjLYGgZyVUD3,10,1770919304183533000,1770919304177034000,54,Insert,b,55,"Chcela by som, aby bol koniec roka, budú zas vianoce, b"
zADTuV7nEORpOPqPqjLYGgZyVUD3,10,1770919304493920000,1770919304486108000,55,Insert,u,56,"Chcela by som, aby bol koniec roka, budú zas vianoce, bu"
zADTuV7nEORpOPqPqjLYGgZyVUD3,10,1770919304827724000,1770919304820605000,56,Insert,d,57,"Chcela by som, aby bol koniec roka, budú zas vianoce, bud"
zADTuV7nEORpOPqPqjLYGgZyVUD3,10,1770919304994780000,1770919304989792000,57,Insert,e,58,"Chcela by som, aby bol koniec roka, budú zas vianoce, bude"
zADTuV7nEORpOPqPqjLYGgZyVUD3,10,1770919305735032000,1770919305726129000,58,Insert,m,59,"Chcela by som, aby bol koniec roka, budú zas vianoce, budem"
zADTuV7nEORpOPqPqjLYGgZyVUD3,10,1770919306178665000,1770919306172110000,59,Insert,w,60,"Chcela by som, aby bol koniec roka, budú zas vianoce, budemw"
zADTuV7nEORpOPqPqjLYGgZyVUD3,10,1770919306526570000,1770919306519230000,60,Insert, ,61,"Chcela by som, aby bol koniec roka, budú zas vianoce, budemw "
zADTuV7nEORpOPqPqjLYGgZyVUD3,10,1770919307425837000,1770919307420695000,61,Delete, ,60,"Chcela by som, aby bol koniec roka, budú zas vianoce, budemw"
zADTuV7nEORpOPqPqjLYGgZyVUD3,10,1770919307583794000,1770919307578094000,60,Delete,w,59,"Chcela by som, aby bol koniec roka, budú zas vianoce, budem"
zADTuV7nEORpOPqPqjLYGgZyVUD3,10,1770919308334025000,1770919308329340000,59,Insert,e,60,"Chcela by som, aby bol koniec roka, budú zas vianoce, budeme"
zADTuV7nEORpOPqPqjLYGgZyVUD3,10,1770919308798532000,1770919308790219000,60,Insert, ,61,"Chcela by som, aby bol koniec roka, budú zas vianoce, budeme "
zADTuV7nEORpOPqPqjLYGgZyVUD3,10,1770919309206943000,1770919309198254000,61,Insert,s,62,"Chcela by som, aby bol koniec roka, budú zas vianoce, budeme s"
zADTuV7nEORpOPqPqjLYGgZyVUD3,10,1770919309387640000,1770919309376980000,62,Insert,p,63,"Chcela by som, aby bol koniec roka, budú zas vianoce, budeme sp"
zADTuV7nEORpOPqPqjLYGgZyVUD3,10,1770919309567674000,1770919309560290000,63,Insert,o,64,"Chcela by som, aby bol koniec roka, budú zas vianoce, budeme spo"
zADTuV7nEORpOPqPqjLYGgZyVUD3,10,1770919309751599000,1770919309747499000,64,Insert,l,65,"Chcela by som, aby bol koniec roka, budú zas vianoce, budeme spol"
zADTuV7nEORpOPqPqjLYGgZyVUD3,10,1770919310033749000,1770919310026523000,65,Insert,u,66,"Chcela by som, aby bol koniec roka, budú zas vianoce, budeme spolu"
zADTuV7nEORpOPqPqjLYGgZyVUD3,10,1770919310669124000,1770919310660369000,66,Insert, ,67,"Chcela by som, aby bol koniec roka, budú zas vianoce, budeme spolu "
zADTuV7nEORpOPqPqjLYGgZyVUD3,10,1770919311002929000,1770919310993886000,67,Insert,d,68,"Chcela by som, aby bol koniec roka, budú zas vianoce, budeme spolu d"
zADTuV7nEORpOPqPqjLYGgZyVUD3,10,1770919311190440000,1770919311179866000,68,Insert,o,69,"Chcela by som, aby bol koniec roka, budú zas vianoce, budeme spolu do"
zADTuV7nEORpOPqPqjLYGgZyVUD3,10,1770919311483034000,1770919311476316000,69,Insert,m,70,"Chcela by som, aby bol koniec roka, budú zas vianoce, budeme spolu dom"
zADTuV7nEORpOPqPqjLYGgZyVUD3,10,1770919311740647000,1770919311731803000,70,Insert,a,71,"Chcela by som, aby bol koniec roka, budú zas vianoce, budeme spolu doma"
zADTuV7nEORpOPqPqjLYGgZyVUD3,10,1770919312680462000,1770919312672083000,71,Insert,",",72,"Chcela by som, aby bol koniec roka, budú zas vianoce, budeme spolu doma,"
zADTuV7nEORpOPqPqjLYGgZyVUD3,10,1770919314560358000,1770919314551920000,72,Insert, ,73,"Chcela by som, aby bol koniec roka, budú zas vianoce, budeme spolu doma, "
zADTuV7nEORpOPqPqjLYGgZyVUD3,10,1770919315087474000,1770919315083727000,73,Insert,d,74,"Chcela by som, aby bol koniec roka, budú zas vianoce, budeme spolu doma, d"
zADTuV7nEORpOPqPqjLYGgZyVUD3,10,1770919315310221000,1770919315305598000,74,Insert,o,75,"Chcela by som, aby bol koniec roka, budú zas vianoce, budeme spolu doma, do"
zADTuV7nEORpOPqPqjLYGgZyVUD3,10,1770919315613835000,1770919315604679000,75,Insert,s,76,"Chcela by som, aby bol koniec roka, budú zas vianoce, budeme spolu doma, dos"
zADTuV7nEORpOPqPqjLYGgZyVUD3,10,1770919315834553000,1770919315827113000,76,Insert,t,77,"Chcela by som, aby bol koniec roka, budú zas vianoce, budeme spolu doma, dost"
zADTuV7nEORpOPqPqjLYGgZyVUD3,10,1770919316111317000,1770919316105314000,77,Insert,a,78,"Chcela by som, aby bol koniec roka, budú zas vianoce, budeme spolu doma, dosta"
zADTuV7nEORpOPqPqjLYGgZyVUD3,10,1770919316875344000,1770919316868366000,78,Insert,n,79,"Chcela by som, aby bol koniec roka, budú zas vianoce, budeme spolu doma, dostan"
zADTuV7nEORpOPqPqjLYGgZyVUD3,10,1770919317223047000,1770919317215934000,79,Insert,e,80,"Chcela by som, aby bol koniec roka, budú zas vianoce, budeme spolu doma, dostane"
zADTuV7nEORpOPqPqjLYGgZyVUD3,10,1770919317391421000,1770919317386262000,80,Insert,m,81,"Chcela by som, aby bol koniec roka, budú zas vianoce, budeme spolu doma, dostanem"
zADTuV7nEORpOPqPqjLYGgZyVUD3,10,1770919317519259000,1770919317512152000,81,Insert,e,82,"Chcela by som, aby bol koniec roka, budú zas vianoce, budeme spolu doma, dostaneme"
zADTuV7nEORpOPqPqjLYGgZyVUD3,10,1770919318780336000,1770919318770499000,82,Insert, ,83,"Chcela by som, aby bol koniec roka, budú zas vianoce, budeme spolu doma, dostaneme "
zADTuV7nEORpOPqPqjLYGgZyVUD3,10,1770919319097597000,1770919319088829000,83,Insert,d,84,"Chcela by som, aby bol koniec roka, budú zas vianoce, budeme spolu doma, dostaneme d"
zADTuV7nEORpOPqPqjLYGgZyVUD3,10,1770919319675593000,1770919319666157000,84,Insert,a,85,"Chcela by som, aby bol koniec roka, budú zas vianoce, budeme spolu doma, dostaneme da"
zADTuV7nEORpOPqPqjLYGgZyVUD3,10,1770919319868579000,1770919319862844000,85,Insert,r,86,"Chcela by som, aby bol koniec roka, budú zas vianoce, budeme spolu doma, dostaneme dar"
zADTuV7nEORpOPqPqjLYGgZyVUD3,10,1770919321058885000,1770919321050998000,86,Insert,č,87,"Chcela by som, aby bol koniec roka, budú zas vianoce, budeme spolu doma, dostaneme darč"
zADTuV7nEORpOPqPqjLYGgZyVUD3,10,1770919321584831000,1770919321580460000,87,Insert,e,88,"Chcela by som, aby bol koniec roka, budú zas vianoce, budeme spolu doma, dostaneme darče"
zADTuV7nEORpOPqPqjLYGgZyVUD3,10,1770919322390374000,1770919322383265000,88,Insert,k,89,"Chcela by som, aby bol koniec roka, budú zas vianoce, budeme spolu doma, dostaneme darček"
zADTuV7nEORpOPqPqjLYGgZyVUD3,10,1770919322670929000,1770919322664775000,89,Insert,y,90,"Chcela by som, aby bol koniec roka, budú zas vianoce, budeme spolu doma, dostaneme darčeky"
zADTuV7nEORpOPqPqjLYGgZyVUD3,10,1770919323143302000,1770919323133626000,90,Insert,.,91,"Chcela by som, aby bol koniec roka, budú zas vianoce, budeme spolu doma, dostaneme darčeky."
zADTuV7nEORpOPqPqjLYGgZyVUD3,11,1770919324796572000,1770919324793333000,0,Insert,C,1,C
zADTuV7nEORpOPqPqjLYGgZyVUD3,11,1770919325214307000,1770919325208102000,1,Insert,h,2,Ch
zADTuV7nEORpOPqPqjLYGgZyVUD3,11,1770919325484908000,1770919325478650000,2,Insert,c,3,Chc
zADTuV7nEORpOPqPqjLYGgZyVUD3,11,1770919325735479000,1770919325728770000,3,Insert,e,4,Chce
zADTuV7nEORpOPqPqjLYGgZyVUD3,11,1770919326365054000,1770919326358264000,4,Insert,l,5,Chcel
zADTuV7nEORpOPqPqjLYGgZyVUD3,11,1770919326741817000,1770919326735607000,5,Insert,a,6,Chcela
zADTuV7nEORpOPqPqjLYGgZyVUD3,11,1770919326926300000,1770919326922206000,6,Insert, ,7,Chcela 
zADTuV7nEORpOPqPqjLYGgZyVUD3,11,1770919327182584000,1770919327176722000,7,Insert,b,8,Chcela b
zADTuV7nEORpOPqPqjLYGgZyVUD3,11,1770919327600843000,1770919327595071000,8,Insert,y,9,Chcela by
zADTuV7nEORpOPqPqjLYGgZyVUD3,11,1770919327960396000,1770919327952916000,9,Insert, ,10,Chcela by 
zADTuV7nEORpOPqPqjLYGgZyVUD3,11,1770919328424011000,1770919328415352000,10,Insert,s,11,Chcela by s
zADTuV7nEORpOPqPqjLYGgZyVUD3,11,1770919328596734000,1770919328592955000,11,Insert,o,12,Chcela by so
zADTuV7nEORpOPqPqjLYGgZyVUD3,11,1770919328903576000,1770919328897447000,12,Insert,m,13,Chcela by som
zADTuV7nEORpOPqPqjLYGgZyVUD3,11,1770919330739479000,1770919330730889000,13,Insert,",",14,"Chcela by som,"
zADTuV7nEORpOPqPqjLYGgZyVUD3,11,1770919331562974000,1770919331552149000,14,Insert, ,15,"Chcela by som, "
zADTuV7nEORpOPqPqjLYGgZyVUD3,11,1770919332221170000,1770919332216521000,15,Insert,a,16,"Chcela by som, a"
zADTuV7nEORpOPqPqjLYGgZyVUD3,11,1770919332544054000,1770919332538188000,16,Insert,b,17,"Chcela by som, ab"
zADTuV7nEORpOPqPqjLYGgZyVUD3,11,1770919333631723000,1770919333623708000,17,Insert,y,18,"Chcela by som, aby"
zADTuV7nEORpOPqPqjLYGgZyVUD3,11,1770919334054711000,1770919334045107000,18,Insert, ,19,"Chcela by som, aby "
zADTuV7nEORpOPqPqjLYGgZyVUD3,11,1770919334755054000,1770919334745345000,19,Insert,b,20,"Chcela by som, aby b"
zADTuV7nEORpOPqPqjLYGgZyVUD3,11,1770919335070300000,1770919335064087000,20,Insert,o,21,"Chcela by som, aby bo"
zADTuV7nEORpOPqPqjLYGgZyVUD3,11,1770919335305755000,1770919335299543000,21,Insert,l,22,"Chcela by som, aby bol"
zADTuV7nEORpOPqPqjLYGgZyVUD3,11,1770919335809293000,1770919335802533000,22,Insert, ,23,"Chcela by som, aby bol "
zADTuV7nEORpOPqPqjLYGgZyVUD3,11,1770919336557928000,1770919336550106000,23,Insert,k,24,"Chcela by som, aby bol k"
zADTuV7nEORpOPqPqjLYGgZyVUD3,11,1770919336757882000,1770919336753990000,24,Insert,o,25,"Chcela by som, aby bol ko"
zADTuV7nEORpOPqPqjLYGgZyVUD3,11,1770919337092127000,1770919337085456000,25,Insert,n,26,"Chcela by som, aby bol kon"
zADTuV7nEORpOPqPqjLYGgZyVUD3,11,1770919337375372000,1770919337367813000,26,Insert,i,27,"Chcela by som, aby bol koni"
zADTuV7nEORpOPqPqjLYGgZyVUD3,11,1770919337773007000,1770919337762393000,27,Insert,e,28,"Chcela by som, aby bol konie"
zADTuV7nEORpOPqPqjLYGgZyVUD3,11,1770919338120410000,1770919338111691000,28,Insert,c,29,"Chcela by som, aby bol koniec"
zADTuV7nEORpOPqPqjLYGgZyVUD3,11,1770919339148035000,1770919339139590000,29,Insert, ,30,"Chcela by som, aby bol koniec "
zADTuV7nEORpOPqPqjLYGgZyVUD3,11,1770919339922503000,1770919339918521000,30,Insert,e,31,"Chcela by som, aby bol koniec e"
zADTuV7nEORpOPqPqjLYGgZyVUD3,11,1770919340127537000,1770919340122442000,31,Insert,o,32,"Chcela by som, aby bol koniec eo"
zADTuV7nEORpOPqPqjLYGgZyVUD3,11,1770919340365478000,1770919340358953000,32,Insert,k,33,"Chcela by som, aby bol koniec eok"
zADTuV7nEORpOPqPqjLYGgZyVUD3,11,1770919340680170000,1770919340675970000,33,Insert,a,34,"Chcela by som, aby bol koniec eoka"
zADTuV7nEORpOPqPqjLYGgZyVUD3,11,1770919341456333000,1770919341450498000,34,Delete,a,33,"Chcela by som, aby bol koniec eok"
zADTuV7nEORpOPqPqjLYGgZyVUD3,11,1770919341660420000,1770919341656245000,33,Delete,k,32,"Chcela by som, aby bol koniec eo"
zADTuV7nEORpOPqPqjLYGgZyVUD3,11,1770919341833178000,1770919341830590000,32,Delete,o,31,"Chcela by som, aby bol koniec e"
zADTuV7nEORpOPqPqjLYGgZyVUD3,11,1770919342218082000,1770919342213485000,31,Delete,e,30,"Chcela by som, aby bol koniec "
zADTuV7nEORpOPqPqjLYGgZyVUD3,11,1770919342911069000,1770919342902830000,30,Insert,r,31,"Chcela by som, aby bol koniec r"
zADTuV7nEORpOPqPqjLYGgZyVUD3,11,1770919343166714000,1770919343162324000,31,Insert,o,32,"Chcela by som, aby bol koniec ro"
zADTuV7nEORpOPqPqjLYGgZyVUD3,11,1770919343816827000,1770919343810381000,32,Insert,k,33,"Chcela by som, aby bol koniec rok"
zADTuV7nEORpOPqPqjLYGgZyVUD3,11,1770919344141165000,1770919344132564000,33,Insert,a,34,"Chcela by som, aby bol koniec roka"
zADTuV7nEORpOPqPqjLYGgZyVUD3,11,1770919344795470000,1770919344788614000,34,Insert,",",35,"Chcela by som, aby bol koniec roka,"
zADTuV7nEORpOPqPqjLYGgZyVUD3,11,1770919347632653000,1770919347623808000,35,Insert, ,36,"Chcela by som, aby bol koniec roka, "
zADTuV7nEORpOPqPqjLYGgZyVUD3,11,1770919347905257000,1770919347898225000,36,Insert,b,37,"Chcela by som, aby bol koniec roka, b"
zADTuV7nEORpOPqPqjLYGgZyVUD3,11,1770919348207859000,1770919348201819000,37,Insert,u,38,"Chcela by som, aby bol koniec roka, bu"
zADTuV7nEORpOPqPqjLYGgZyVUD3,11,1770919348662337000,1770919348655371000,38,Insert,d,39,"Chcela by som, aby bol koniec roka, bud"
zADTuV7nEORpOPqPqjLYGgZyVUD3,11,1770919349667839000,1770919349662525000,39,Insert,ú,40,"Chcela by som, aby bol koniec roka, budú"
zADTuV7nEORpOPqPqjLYGgZyVUD3,11,1770919350693180000,1770919350683526000,40,Insert, ,41,"Chcela by som, aby bol koniec roka, budú "
zADTuV7nEORpOPqPqjLYGgZyVUD3,11,1770919351618517000,1770919351611235000,41,Insert,z,42,"Chcela by som, aby bol koniec roka, budú z"
zADTuV7nEORpOPqPqjLYGgZyVUD3,11,1770919351873189000,1770919351865816000,42,Insert,a,43,"Chcela by som, aby bol koniec roka, budú za"
zADTuV7nEORpOPqPqjLYGgZyVUD3,11,1770919352075776000,1770919352071281000,43,Insert,s,44,"Chcela by som, aby bol koniec roka, budú zas"
zADTuV7nEORpOPqPqjLYGgZyVUD3,11,1770919352676027000,1770919352666459000,44,Insert, ,45,"Chcela by som, aby bol koniec roka, budú zas "
zADTuV7nEORpOPqPqjLYGgZyVUD3,11,1770919352986725000,1770919352980294000,45,Insert,v,46,"Chcela by som, aby bol koniec roka, budú zas v"
zADTuV7nEORpOPqPqjLYGgZyVUD3,11,1770919353311677000,1770919353306658000,46,Insert,i,47,"Chcela by som, aby bol koniec roka, budú zas vi"
zADTuV7nEORpOPqPqjLYGgZyVUD3,11,1770919353708983000,1770919353702610000,47,Insert,a,48,"Chcela by som, aby bol koniec roka, budú zas via"
zADTuV7nEORpOPqPqjLYGgZyVUD3,11,1770919353927346000,1770919353921237000,48,Insert,n,49,"Chcela by som, aby bol koniec roka, budú zas vian"
zADTuV7nEORpOPqPqjLYGgZyVUD3,11,1770919354198154000,1770919354192304000,49,Insert,o,50,"Chcela by som, aby bol koniec roka, budú zas viano"
zADTuV7nEORpOPqPqjLYGgZyVUD3,11,1770919354597715000,1770919354593427000,50,Insert,c,51,"Chcela by som, aby bol koniec roka, budú zas vianoc"
zADTuV7nEORpOPqPqjLYGgZyVUD3,11,1770919354867669000,1770919354859695000,51,Insert,e,52,"Chcela by som, aby bol koniec roka, budú zas vianoce"
zADTuV7nEORpOPqPqjLYGgZyVUD3,11,1770919356480476000,1770919356467886000,52,Insert,",",53,"Chcela by som, aby bol koniec roka, budú zas vianoce,"
zADTuV7nEORpOPqPqjLYGgZyVUD3,11,1770919356862376000,1770919356855714000,53,Insert, ,54,"Chcela by som, aby bol koniec roka, budú zas vianoce, "
zADTuV7nEORpOPqPqjLYGgZyVUD3,11,1770919357603181000,1770919357593365000,54,Insert,b,55,"Chcela by som, aby bol koniec roka, budú zas vianoce, b"
zADTuV7nEORpOPqPqjLYGgZyVUD3,11,1770919357897993000,1770919357890921000,55,Insert,u,56,"Chcela by som, aby bol koniec roka, budú zas vianoce, bu"
zADTuV7nEORpOPqPqjLYGgZyVUD3,11,1770919358352777000,1770919358346725000,56,Insert,d,57,"Chcela by som, aby bol koniec roka, budú zas vianoce, bud"
zADTuV7nEORpOPqPqjLYGgZyVUD3,11,1770919358684742000,1770919358678276000,57,Insert,e,58,"Chcela by som, aby bol koniec roka, budú zas vianoce, bude"
zADTuV7nEORpOPqPqjLYGgZyVUD3,11,1770919359397340000,1770919359392605000,58,Insert,m,59,"Chcela by som, aby bol koniec roka, budú zas vianoce, budem"
zADTuV7nEORpOPqPqjLYGgZyVUD3,11,1770919359705560000,1770919359699422000,59,Insert,e,60,"Chcela by som, aby bol koniec roka, budú zas vianoce, budeme"
zADTuV7nEORpOPqPqjLYGgZyVUD3,11,1770919359948034000,1770919359939510000,60,Insert, ,61,"Chcela by som, aby bol koniec roka, budú zas vianoce, budeme "
zADTuV7nEORpOPqPqjLYGgZyVUD3,11,1770919360697875000,1770919360684156000,61,Insert,s,62,"Chcela by som, aby bol koniec roka, budú zas vianoce, budeme s"
zADTuV7nEORpOPqPqjLYGgZyVUD3,11,1770919360934553000,1770919360926082000,62,Insert,p,63,"Chcela by som, aby bol koniec roka, budú zas vianoce, budeme sp"
zADTuV7nEORpOPqPqjLYGgZyVUD3,11,1770919361151947000,1770919361145396000,63,Insert,o,64,"Chcela by som, aby bol koniec roka, budú zas vianoce, budeme spo"
zADTuV7nEORpOPqPqjLYGgZyVUD3,11,1770919361346883000,1770919361342816000,64,Insert,l,65,"Chcela by som, aby bol koniec roka, budú zas vianoce, budeme spol"
zADTuV7nEORpOPqPqjLYGgZyVUD3,11,1770919361593640000,1770919361587167000,65,Insert,u,66,"Chcela by som, aby bol koniec roka, budú zas vianoce, budeme spolu"
zADTuV7nEORpOPqPqjLYGgZyVUD3,11,1770919362186263000,1770919362177396000,66,Insert, ,67,"Chcela by som, aby bol koniec roka, budú zas vianoce, budeme spolu "
zADTuV7nEORpOPqPqjLYGgZyVUD3,11,1770919362596518000,1770919362586470000,67,Insert,d,68,"Chcela by som, aby bol koniec roka, budú zas vianoce, budeme spolu d"
zADTuV7nEORpOPqPqjLYGgZyVUD3,11,1770919362755201000,1770919362751181000,68,Insert,o,69,"Chcela by som, aby bol koniec roka, budú zas vianoce, budeme spolu do"
zADTuV7nEORpOPqPqjLYGgZyVUD3,11,1770919363062277000,1770919363054182000,69,Insert,m,70,"Chcela by som, aby bol koniec roka, budú zas vianoce, budeme spolu dom"
zADTuV7nEORpOPqPqjLYGgZyVUD3,11,1770919363434728000,1770919363425754000,70,Insert,a,71,"Chcela by som, aby bol koniec roka, budú zas vianoce, budeme spolu doma"
zADTuV7nEORpOPqPqjLYGgZyVUD3,11,1770919364984699000,1770919364976990000,71,Insert,",",72,"Chcela by som, aby bol koniec roka, budú zas vianoce, budeme spolu doma,"
zADTuV7nEORpOPqPqjLYGgZyVUD3,11,1770919365667336000,1770919365657530000,72,Insert, ,73,"Chcela by som, aby bol koniec roka, budú zas vianoce, budeme spolu doma, "
zADTuV7nEORpOPqPqjLYGgZyVUD3,11,1770919366154767000,1770919366145721000,73,Insert,d,74,"Chcela by som, aby bol koniec roka, budú zas vianoce, budeme spolu doma, d"
zADTuV7nEORpOPqPqjLYGgZyVUD3,11,1770919366401835000,1770919366393787000,74,Insert,o,75,"Chcela by som, aby bol koniec roka, budú zas vianoce, budeme spolu doma, do"
zADTuV7nEORpOPqPqjLYGgZyVUD3,11,1770919366734224000,1770919366727581000,75,Insert,s,76,"Chcela by som, aby bol koniec roka, budú zas vianoce, budeme spolu doma, dos"
zADTuV7nEORpOPqPqjLYGgZyVUD3,11,1770919366964335000,1770919366958805000,76,Insert,t,77,"Chcela by som, aby bol koniec roka, budú zas vianoce, budeme spolu doma, dost"
zADTuV7nEORpOPqPqjLYGgZyVUD3,11,1770919367285424000,1770919367278964000,77,Insert,a,78,"Chcela by som, aby bol koniec roka, budú zas vianoce, budeme spolu doma, dosta"
zADTuV7nEORpOPqPqjLYGgZyVUD3,11,1770919368062166000,1770919368051613000,78,Insert,n,79,"Chcela by som, aby bol koniec roka, budú zas vianoce, budeme spolu doma, dostan"
zADTuV7nEORpOPqPqjLYGgZyVUD3,11,1770919368511077000,1770919368503591000,79,Insert,e,80,"Chcela by som, aby bol koniec roka, budú zas vianoce, budeme spolu doma, dostane"
zADTuV7nEORpOPqPqjLYGgZyVUD3,11,1770919368593122000,1770919368585014000,80,Insert,m,81,"Chcela by som, aby bol koniec roka, budú zas vianoce, budeme spolu doma, dostanem"
zADTuV7nEORpOPqPqjLYGgZyVUD3,11,1770919368770643000,1770919368765314000,81,Insert,e,82,"Chcela by som, aby bol koniec roka, budú zas vianoce, budeme spolu doma, dostaneme"
zADTuV7nEORpOPqPqjLYGgZyVUD3,11,1770919370814918000,1770919370806054000,82,Insert, ,83,"Chcela by som, aby bol koniec roka, budú zas vianoce, budeme spolu doma, dostaneme "
zADTuV7nEORpOPqPqjLYGgZyVUD3,11,1770919371176287000,1770919371169866000,83,Insert,d,84,"Chcela by som, aby bol koniec roka, budú zas vianoce, budeme spolu doma, dostaneme d"
zADTuV7nEORpOPqPqjLYGgZyVUD3,11,1770919371417810000,1770919371411112000,84,Insert,a,85,"Chcela by som, aby bol koniec roka, budú zas vianoce, budeme spolu doma, dostaneme da"
zADTuV7nEORpOPqPqjLYGgZyVUD3,11,1770919371762047000,1770919371756356000,85,Insert,r,86,"Chcela by som, aby bol koniec roka, budú zas vianoce, budeme spolu doma, dostaneme dar"
zADTuV7nEORpOPqPqjLYGgZyVUD3,11,1770919373133144000,1770919373124679000,86,Insert,č,87,"Chcela by som, aby bol koniec roka, budú zas vianoce, budeme spolu doma, dostaneme darč"
zADTuV7nEORpOPqPqjLYGgZyVUD3,11,1770919373880556000,1770919373872390000,87,Insert,e,88,"Chcela by som, aby bol koniec roka, budú zas vianoce, budeme spolu doma, dostaneme darče"
zADTuV7nEORpOPqPqjLYGgZyVUD3,11,1770919374576355000,1770919374563044000,88,Insert,k,89,"Chcela by som, aby bol koniec roka, budú zas vianoce, budeme spolu doma, dostaneme darček"
zADTuV7nEORpOPqPqjLYGgZyVUD3,11,1770919374877111000,1770919374869457000,89,Insert,y,90,"Chcela by som, aby bol koniec roka, budú zas vianoce, budeme spolu doma, dostaneme darčeky"
zADTuV7nEORpOPqPqjLYGgZyVUD3,11,1770919375575090000,1770919375563511000,90,Insert,.,91,"Chcela by som, aby bol koniec roka, budú zas vianoce, budeme spolu doma, dostaneme darčeky."
zADTuV7nEORpOPqPqjLYGgZyVUD3,12,1770919377149735000,1770919377145133000,0,Insert,C,1,C
zADTuV7nEORpOPqPqjLYGgZyVUD3,12,1770919377460272000,1770919377454152000,1,Insert,h,2,Ch
zADTuV7nEORpOPqPqjLYGgZyVUD3,12,1770919377945631000,1770919377939415000,2,Insert,c,3,Chc
zADTuV7nEORpOPqPqjLYGgZyVUD3,12,1770919378212063000,1770919378206281000,3,Insert,e,4,Chce
zADTuV7nEORpOPqPqjLYGgZyVUD3,12,1770919378892588000,1770919378886231000,4,Insert,l,5,Chcel
zADTuV7nEORpOPqPqjLYGgZyVUD3,12,1770919379198802000,1770919379194043000,5,Insert,a,6,Chcela
zADTuV7nEORpOPqPqjLYGgZyVUD3,12,1770919379487269000,1770919379476194000,6,Insert, ,7,Chcela 
zADTuV7nEORpOPqPqjLYGgZyVUD3,12,1770919379989269000,1770919379983070000,7,Insert,b,8,Chcela b
zADTuV7nEORpOPqPqjLYGgZyVUD3,12,1770919380829024000,1770919380825460000,8,Insert,y,9,Chcela by
zADTuV7nEORpOPqPqjLYGgZyVUD3,12,1770919381159280000,1770919381153662000,9,Insert, ,10,Chcela by 
zADTuV7nEORpOPqPqjLYGgZyVUD3,12,1770919381475416000,1770919381469311000,10,Insert,s,11,Chcela by s
zADTuV7nEORpOPqPqjLYGgZyVUD3,12,1770919381618022000,1770919381614303000,11,Insert,o,12,Chcela by so
zADTuV7nEORpOPqPqjLYGgZyVUD3,12,1770919381923873000,1770919381917348000,12,Insert,m,13,Chcela by som
zADTuV7nEORpOPqPqjLYGgZyVUD3,12,1770919382663677000,1770919382654059000,13,Insert,",",14,"Chcela by som,"
zADTuV7nEORpOPqPqjLYGgZyVUD3,12,1770919383520653000,1770919383510476000,14,Insert, ,15,"Chcela by som, "
zADTuV7nEORpOPqPqjLYGgZyVUD3,12,1770919384103024000,1770919384099075000,15,Insert,a,16,"Chcela by som, a"
zADTuV7nEORpOPqPqjLYGgZyVUD3,12,1770919384617959000,1770919384611789000,16,Insert,b,17,"Chcela by som, ab"
zADTuV7nEORpOPqPqjLYGgZyVUD3,12,1770919385010162000,1770919385003450000,17,Insert,y,18,"Chcela by som, aby"
zADTuV7nEORpOPqPqjLYGgZyVUD3,12,1770919385421911000,1770919385414733000,18,Insert, ,19,"Chcela by som, aby "
zADTuV7nEORpOPqPqjLYGgZyVUD3,12,1770919385994852000,1770919385986845000,19,Insert,b,20,"Chcela by som, aby b"
zADTuV7nEORpOPqPqjLYGgZyVUD3,12,1770919386315656000,1770919386309768000,20,Insert,o,21,"Chcela by som, aby bo"
zADTuV7nEORpOPqPqjLYGgZyVUD3,12,1770919386584959000,1770919386578064000,21,Insert,l,22,"Chcela by som, aby bol"
zADTuV7nEORpOPqPqjLYGgZyVUD3,12,1770919387095211000,1770919387087216000,22,Insert, ,23,"Chcela by som, aby bol "
zADTuV7nEORpOPqPqjLYGgZyVUD3,12,1770919387462971000,1770919387456693000,23,Insert,k,24,"Chcela by som, aby bol k"
zADTuV7nEORpOPqPqjLYGgZyVUD3,12,1770919387648477000,1770919387644556000,24,Insert,o,25,"Chcela by som, aby bol ko"
zADTuV7nEORpOPqPqjLYGgZyVUD3,12,1770919387963422000,1770919387956838000,25,Insert,n,26,"Chcela by som, aby bol kon"
zADTuV7nEORpOPqPqjLYGgZyVUD3,12,1770919388238823000,1770919388232648000,26,Insert,o,27,"Chcela by som, aby bol kono"
zADTuV7nEORpOPqPqjLYGgZyVUD3,12,1770919389019501000,1770919389013467000,27,Delete,o,26,"Chcela by som, aby bol kon"
zADTuV7nEORpOPqPqjLYGgZyVUD3,12,1770919389360157000,1770919389353947000,26,Insert,i,27,"Chcela by som, aby bol koni"
zADTuV7nEORpOPqPqjLYGgZyVUD3,12,1770919389777625000,1770919389771148000,27,Insert,e,28,"Chcela by som, aby bol konie"
zADTuV7nEORpOPqPqjLYGgZyVUD3,12,1770919390226850000,1770919390220723000,28,Insert,c,29,"Chcela by som, aby bol koniec"
zADTuV7nEORpOPqPqjLYGgZyVUD3,12,1770919390524479000,1770919390517821000,29,Insert, ,30,"Chcela by som, aby bol koniec "
zADTuV7nEORpOPqPqjLYGgZyVUD3,12,1770919391385407000,1770919391374350000,30,Insert,r,31,"Chcela by som, aby bol koniec r"
zADTuV7nEORpOPqPqjLYGgZyVUD3,12,1770919391597529000,1770919391591508000,31,Insert,o,32,"Chcela by som, aby bol koniec ro"
zADTuV7nEORpOPqPqjLYGgZyVUD3,12,1770919391853107000,1770919391846785000,32,Insert,k,33,"Chcela by som, aby bol koniec rok"
zADTuV7nEORpOPqPqjLYGgZyVUD3,12,1770919392295484000,1770919392289132000,33,Insert,a,34,"Chcela by som, aby bol koniec roka"
zADTuV7nEORpOPqPqjLYGgZyVUD3,12,1770919395519889000,1770919395511687000,34,Insert,",",35,"Chcela by som, aby bol koniec roka,"
zADTuV7nEORpOPqPqjLYGgZyVUD3,12,1770919396173698000,1770919396163737000,35,Insert, ,36,"Chcela by som, aby bol koniec roka, "
zADTuV7nEORpOPqPqjLYGgZyVUD3,12,1770919397924106000,1770919397916149000,36,Insert,b,37,"Chcela by som, aby bol koniec roka, b"
zADTuV7nEORpOPqPqjLYGgZyVUD3,12,1770919398234915000,1770919398226603000,37,Insert,u,38,"Chcela by som, aby bol koniec roka, bu"
zADTuV7nEORpOPqPqjLYGgZyVUD3,12,1770919398663790000,1770919398656755000,38,Insert,d,39,"Chcela by som, aby bol koniec roka, bud"
zADTuV7nEORpOPqPqjLYGgZyVUD3,12,1770919399776339000,1770919399771084000,39,Insert,ú,40,"Chcela by som, aby bol koniec roka, budú"
zADTuV7nEORpOPqPqjLYGgZyVUD3,12,1770919400126818000,1770919400117806000,40,Insert, ,41,"Chcela by som, aby bol koniec roka, budú "
zADTuV7nEORpOPqPqjLYGgZyVUD3,12,1770919400858570000,1770919400852328000,41,Insert,z,42,"Chcela by som, aby bol koniec roka, budú z"
zADTuV7nEORpOPqPqjLYGgZyVUD3,12,1770919401089130000,1770919401083136000,42,Insert,a,43,"Chcela by som, aby bol koniec roka, budú za"
zADTuV7nEORpOPqPqjLYGgZyVUD3,12,1770919401274543000,1770919401269119000,43,Insert,s,44,"Chcela by som, aby bol koniec roka, budú zas"
zADTuV7nEORpOPqPqjLYGgZyVUD3,12,1770919401904215000,1770919401895371000,44,Insert, ,45,"Chcela by som, aby bol koniec roka, budú zas "
zADTuV7nEORpOPqPqjLYGgZyVUD3,12,1770919402206352000,1770919402200033000,45,Insert,v,46,"Chcela by som, aby bol koniec roka, budú zas v"
zADTuV7nEORpOPqPqjLYGgZyVUD3,12,1770919402522798000,1770919402515712000,46,Insert,i,47,"Chcela by som, aby bol koniec roka, budú zas vi"
zADTuV7nEORpOPqPqjLYGgZyVUD3,12,1770919402908985000,1770919402899846000,47,Insert,a,48,"Chcela by som, aby bol koniec roka, budú zas via"
zADTuV7nEORpOPqPqjLYGgZyVUD3,12,1770919403150232000,1770919403144147000,48,Insert,n,49,"Chcela by som, aby bol koniec roka, budú zas vian"
zADTuV7nEORpOPqPqjLYGgZyVUD3,12,1770919403441960000,1770919403435705000,49,Insert,o,50,"Chcela by som, aby bol koniec roka, budú zas viano"
zADTuV7nEORpOPqPqjLYGgZyVUD3,12,1770919403879546000,1770919403872071000,50,Insert,c,51,"Chcela by som, aby bol koniec roka, budú zas vianoc"
zADTuV7nEORpOPqPqjLYGgZyVUD3,12,1770919404217958000,1770919404211019000,51,Insert,e,52,"Chcela by som, aby bol koniec roka, budú zas vianoce"
zADTuV7nEORpOPqPqjLYGgZyVUD3,12,1770919405785901000,1770919405774872000,52,Insert,",",53,"Chcela by som, aby bol koniec roka, budú zas vianoce,"
zADTuV7nEORpOPqPqjLYGgZyVUD3,12,1770919407785201000,1770919407775682000,53,Insert, ,54,"Chcela by som, aby bol koniec roka, budú zas vianoce, "
zADTuV7nEORpOPqPqjLYGgZyVUD3,12,1770919408039317000,1770919408033400000,54,Insert,b,55,"Chcela by som, aby bol koniec roka, budú zas vianoce, b"
zADTuV7nEORpOPqPqjLYGgZyVUD3,12,1770919408356248000,1770919408350096000,55,Insert,u,56,"Chcela by som, aby bol koniec roka, budú zas vianoce, bu"
zADTuV7nEORpOPqPqjLYGgZyVUD3,12,1770919408695244000,1770919408687887000,56,Insert,d,57,"Chcela by som, aby bol koniec roka, budú zas vianoce, bud"
zADTuV7nEORpOPqPqjLYGgZyVUD3,12,1770919408855581000,1770919408847487000,57,Insert,e,58,"Chcela by som, aby bol koniec roka, budú zas vianoce, bude"
zADTuV7nEORpOPqPqjLYGgZyVUD3,12,1770919409578901000,1770919409570623000,58,Insert,m,59,"Chcela by som, aby bol koniec roka, budú zas vianoce, budem"
zADTuV7nEORpOPqPqjLYGgZyVUD3,12,1770919410069017000,1770919410060497000,59,Insert,e,60,"Chcela by som, aby bol koniec roka, budú zas vianoce, budeme"
zADTuV7nEORpOPqPqjLYGgZyVUD3,12,1770919410319388000,1770919410312766000,60,Insert, ,61,"Chcela by som, aby bol koniec roka, budú zas vianoce, budeme "
zADTuV7nEORpOPqPqjLYGgZyVUD3,12,1770919410951055000,1770919410945131000,61,Insert,s,62,"Chcela by som, aby bol koniec roka, budú zas vianoce, budeme s"
zADTuV7nEORpOPqPqjLYGgZyVUD3,12,1770919411150623000,1770919411144390000,62,Insert,p,63,"Chcela by som, aby bol koniec roka, budú zas vianoce, budeme sp"
zADTuV7nEORpOPqPqjLYGgZyVUD3,12,1770919411330946000,1770919411325829000,63,Insert,o,64,"Chcela by som, aby bol koniec roka, budú zas vianoce, budeme spo"
zADTuV7nEORpOPqPqjLYGgZyVUD3,12,1770919411555166000,1770919411548970000,64,Insert,l,65,"Chcela by som, aby bol koniec roka, budú zas vianoce, budeme spol"
zADTuV7nEORpOPqPqjLYGgZyVUD3,12,1770919411832573000,1770919411822493000,65,Insert,u,66,"Chcela by som, aby bol koniec roka, budú zas vianoce, budeme spolu"
zADTuV7nEORpOPqPqjLYGgZyVUD3,12,1770919412453036000,1770919412439960000,66,Insert, ,67,"Chcela by som, aby bol koniec roka, budú zas vianoce, budeme spolu "
zADTuV7nEORpOPqPqjLYGgZyVUD3,12,1770919412906017000,1770919412898013000,67,Insert,d,68,"Chcela by som, aby bol koniec roka, budú zas vianoce, budeme spolu d"
zADTuV7nEORpOPqPqjLYGgZyVUD3,12,1770919413073639000,1770919413067774000,68,Insert,o,69,"Chcela by som, aby bol koniec roka, budú zas vianoce, budeme spolu do"
zADTuV7nEORpOPqPqjLYGgZyVUD3,12,1770919413365695000,1770919413359052000,69,Insert,m,70,"Chcela by som, aby bol koniec roka, budú zas vianoce, budeme spolu dom"
zADTuV7nEORpOPqPqjLYGgZyVUD3,12,1770919413640138000,1770919413632728000,70,Insert,a,71,"Chcela by som, aby bol koniec roka, budú zas vianoce, budeme spolu doma"
zADTuV7nEORpOPqPqjLYGgZyVUD3,12,1770919413984413000,1770919413975699000,71,Insert,",",72,"Chcela by som, aby bol koniec roka, budú zas vianoce, budeme spolu doma,"
zADTuV7nEORpOPqPqjLYGgZyVUD3,12,1770919415521450000,1770919415508541000,72,Insert, ,73,"Chcela by som, aby bol koniec roka, budú zas vianoce, budeme spolu doma, "
zADTuV7nEORpOPqPqjLYGgZyVUD3,12,1770919415996992000,1770919415990903000,73,Insert,d,74,"Chcela by som, aby bol koniec roka, budú zas vianoce, budeme spolu doma, d"
zADTuV7nEORpOPqPqjLYGgZyVUD3,12,1770919416636952000,1770919416628519000,74,Insert,o,75,"Chcela by som, aby bol koniec roka, budú zas vianoce, budeme spolu doma, do"
zADTuV7nEORpOPqPqjLYGgZyVUD3,12,1770919416968481000,1770919416959351000,75,Insert,s,76,"Chcela by som, aby bol koniec roka, budú zas vianoce, budeme spolu doma, dos"
zADTuV7nEORpOPqPqjLYGgZyVUD3,12,1770919417262054000,1770919417255273000,76,Insert,t,77,"Chcela by som, aby bol koniec roka, budú zas vianoce, budeme spolu doma, dost"
zADTuV7nEORpOPqPqjLYGgZyVUD3,12,1770919417600995000,1770919417595010000,77,Insert,a,78,"Chcela by som, aby bol koniec roka, budú zas vianoce, budeme spolu doma, dosta"
zADTuV7nEORpOPqPqjLYGgZyVUD3,12,1770919417890615000,1770919417883757000,78,Insert,n,79,"Chcela by som, aby bol koniec roka, budú zas vianoce, budeme spolu doma, dostan"
zADTuV7nEORpOPqPqjLYGgZyVUD3,12,1770919418294504000,1770919418287311000,79,Insert,e,80,"Chcela by som, aby bol koniec roka, budú zas vianoce, budeme spolu doma, dostane"
zADTuV7nEORpOPqPqjLYGgZyVUD3,12,1770919418441867000,1770919418436537000,80,Insert,m,81,"Chcela by som, aby bol koniec roka, budú zas vianoce, budeme spolu doma, dostanem"
zADTuV7nEORpOPqPqjLYGgZyVUD3,12,1770919418793339000,1770919418783324000,81,Insert,e,82,"Chcela by som, aby bol koniec roka, budú zas vianoce, budeme spolu doma, dostaneme"
zADTuV7nEORpOPqPqjLYGgZyVUD3,12,1770919420341289000,1770919420331885000,82,Insert, ,83,"Chcela by som, aby bol koniec roka, budú zas vianoce, budeme spolu doma, dostaneme "
zADTuV7nEORpOPqPqjLYGgZyVUD3,12,1770919421121884000,1770919421102972000,83,Insert,d,84,"Chcela by som, aby bol koniec roka, budú zas vianoce, budeme spolu doma, dostaneme d"
zADTuV7nEORpOPqPqjLYGgZyVUD3,12,1770919421626645000,1770919421617910000,84,Insert,a,85,"Chcela by som, aby bol koniec roka, budú zas vianoce, budeme spolu doma, dostaneme da"
zADTuV7nEORpOPqPqjLYGgZyVUD3,12,1770919421938969000,1770919421930296000,85,Insert,r,86,"Chcela by som, aby bol koniec roka, budú zas vianoce, budeme spolu doma, dostaneme dar"
zADTuV7nEORpOPqPqjLYGgZyVUD3,12,1770919423182820000,1770919423173086000,86,Insert,č,87,"Chcela by som, aby bol koniec roka, budú zas vianoce, budeme spolu doma, dostaneme darč"
zADTuV7nEORpOPqPqjLYGgZyVUD3,12,1770919423482280000,1770919423474083000,87,Insert,e,88,"Chcela by som, aby bol koniec roka, budú zas vianoce, budeme spolu doma, dostaneme darče"
zADTuV7nEORpOPqPqjLYGgZyVUD3,12,1770919424343511000,1770919424336966000,88,Insert,k,89,"Chcela by som, aby bol koniec roka, budú zas vianoce, budeme spolu doma, dostaneme darček"
zADTuV7nEORpOPqPqjLYGgZyVUD3,12,1770919425482061000,1770919425477139000,89,Insert,z,90,"Chcela by som, aby bol koniec roka, budú zas vianoce, budeme spolu doma, dostaneme darčekz"
zADTuV7nEORpOPqPqjLYGgZyVUD3,12,1770919426005939000,1770919425996010000,90,Insert,.,91,"Chcela by som, aby bol koniec roka, budú zas vianoce, budeme spolu doma, dostaneme darčekz."
zADTuV7nEORpOPqPqjLYGgZyVUD3,12,1770919426729803000,1770919426722709000,91,Delete,.,90,"Chcela by som, aby bol koniec roka, budú zas vianoce, budeme spolu doma, dostaneme darčekz"
zADTuV7nEORpOPqPqjLYGgZyVUD3,12,1770919426885475000,1770919426878643000,90,Delete,z,89,"Chcela by som, aby bol koniec roka, budú zas vianoce, budeme spolu doma, dostaneme darček"
zADTuV7nEORpOPqPqjLYGgZyVUD3,12,1770919428051439000,1770919428044278000,89,Insert,y,90,"Chcela by som, aby bol koniec roka, budú zas vianoce, budeme spolu doma, dostaneme darčeky"
zADTuV7nEORpOPqPqjLYGgZyVUD3,12,1770919428628085000,1770919428620037000,90,Insert,.,91,"Chcela by som, aby bol koniec roka, budú zas vianoce, budeme spolu doma, dostaneme darčeky."
zADTuV7nEORpOPqPqjLYGgZyVUD3,13,1770919430386615000,1770919430378196000,0,Insert,C,1,C
zADTuV7nEORpOPqPqjLYGgZyVUD3,13,1770919430719932000,1770919430714318000,1,Insert,h,2,Ch
zADTuV7nEORpOPqPqjLYGgZyVUD3,13,1770919431996578000,1770919431991067000,2,Insert,c,3,Chc
zADTuV7nEORpOPqPqjLYGgZyVUD3,13,1770919432327876000,1770919432321293000,3,Insert,e,4,Chce
zADTuV7nEORpOPqPqjLYGgZyVUD3,13,1770919432971529000,1770919432963940000,4,Insert,l,5,Chcel
zADTuV7nEORpOPqPqjLYGgZyVUD3,13,1770919433324271000,1770919433315586000,5,Insert,a,6,Chcela
zADTuV7nEORpOPqPqjLYGgZyVUD3,13,1770919433528650000,1770919433521406000,6,Insert, ,7,Chcela 
zADTuV7nEORpOPqPqjLYGgZyVUD3,13,1770919434053959000,1770919434047953000,7,Insert,b,8,Chcela b
zADTuV7nEORpOPqPqjLYGgZyVUD3,13,1770919434411890000,1770919434405750000,8,Insert,y,9,Chcela by
zADTuV7nEORpOPqPqjLYGgZyVUD3,13,1770919434740145000,1770919434734364000,9,Insert, ,10,Chcela by 
zADTuV7nEORpOPqPqjLYGgZyVUD3,13,1770919435270544000,1770919435260187000,10,Insert,s,11,Chcela by s
zADTuV7nEORpOPqPqjLYGgZyVUD3,13,1770919435464974000,1770919435460369000,11,Insert,o,12,Chcela by so
zADTuV7nEORpOPqPqjLYGgZyVUD3,13,1770919435763097000,1770919435753798000,12,Insert,m,13,Chcela by som
zADTuV7nEORpOPqPqjLYGgZyVUD3,13,1770919436390831000,1770919436382633000,13,Insert,",",14,"Chcela by som,"
zADTuV7nEORpOPqPqjLYGgZyVUD3,13,1770919436772207000,1770919436764379000,14,Insert, ,15,"Chcela by som, "
zADTuV7nEORpOPqPqjLYGgZyVUD3,13,1770919437127064000,1770919437117884000,15,Insert,a,16,"Chcela by som, a"
zADTuV7nEORpOPqPqjLYGgZyVUD3,13,1770919437255425000,1770919437249221000,16,Insert,b,17,"Chcela by som, ab"
zADTuV7nEORpOPqPqjLYGgZyVUD3,13,1770919437488534000,1770919437482262000,17,Insert,y,18,"Chcela by som, aby"
zADTuV7nEORpOPqPqjLYGgZyVUD3,13,1770919437880150000,1770919437873630000,18,Insert, ,19,"Chcela by som, aby "
zADTuV7nEORpOPqPqjLYGgZyVUD3,13,1770919438379798000,1770919438374520000,19,Insert,b,20,"Chcela by som, aby b"
zADTuV7nEORpOPqPqjLYGgZyVUD3,13,1770919438714514000,1770919438709228000,20,Insert,o,21,"Chcela by som, aby bo"
zADTuV7nEORpOPqPqjLYGgZyVUD3,13,1770919438947015000,1770919438940219000,21,Insert,l,22,"Chcela by som, aby bol"
zADTuV7nEORpOPqPqjLYGgZyVUD3,13,1770919439385390000,1770919439378372000,22,Insert, ,23,"Chcela by som, aby bol "
zADTuV7nEORpOPqPqjLYGgZyVUD3,13,1770919439747624000,1770919439740371000,23,Insert,k,24,"Chcela by som, aby bol k"
zADTuV7nEORpOPqPqjLYGgZyVUD3,13,1770919439931432000,1770919439927382000,24,Insert,o,25,"Chcela by som, aby bol ko"
zADTuV7nEORpOPqPqjLYGgZyVUD3,13,1770919440252462000,1770919440247865000,25,Insert,n,26,"Chcela by som, aby bol kon"
zADTuV7nEORpOPqPqjLYGgZyVUD3,13,1770919440495719000,1770919440491337000,26,Insert,i,27,"Chcela by som, aby bol koni"
zADTuV7nEORpOPqPqjLYGgZyVUD3,13,1770919440910194000,1770919440903997000,27,Insert,e,28,"Chcela by som, aby bol konie"
zADTuV7nEORpOPqPqjLYGgZyVUD3,13,1770919441249902000,1770919441243563000,28,Insert,c,29,"Chcela by som, aby bol koniec"
zADTuV7nEORpOPqPqjLYGgZyVUD3,13,1770919441747347000,1770919441740756000,29,Insert, ,30,"Chcela by som, aby bol koniec "
zADTuV7nEORpOPqPqjLYGgZyVUD3,13,1770919442237980000,1770919442232382000,30,Insert,e,31,"Chcela by som, aby bol koniec e"
zADTuV7nEORpOPqPqjLYGgZyVUD3,13,1770919442457618000,1770919442450819000,31,Insert,o,32,"Chcela by som, aby bol koniec eo"
zADTuV7nEORpOPqPqjLYGgZyVUD3,13,1770919442721761000,1770919442715268000,32,Insert,k,33,"Chcela by som, aby bol koniec eok"
zADTuV7nEORpOPqPqjLYGgZyVUD3,13,1770919443063478000,1770919443057466000,33,Insert,a,34,"Chcela by som, aby bol koniec eoka"
zADTuV7nEORpOPqPqjLYGgZyVUD3,13,1770919443685210000,1770919443680054000,34,Delete,a,33,"Chcela by som, aby bol koniec eok"
zADTuV7nEORpOPqPqjLYGgZyVUD3,13,1770919443891088000,1770919443888336000,33,Delete,k,32,"Chcela by som, aby bol koniec eo"
zADTuV7nEORpOPqPqjLYGgZyVUD3,13,1770919444083406000,1770919444078092000,32,Delete,o,31,"Chcela by som, aby bol koniec e"
zADTuV7nEORpOPqPqjLYGgZyVUD3,13,1770919444351076000,1770919444345628000,31,Delete,e,30,"Chcela by som, aby bol koniec "
zADTuV7nEORpOPqPqjLYGgZyVUD3,13,1770919444954294000,1770919444946918000,30,Insert,r,31,"Chcela by som, aby bol koniec r"
zADTuV7nEORpOPqPqjLYGgZyVUD3,13,1770919445412023000,1770919445402595000,31,Insert,o,32,"Chcela by som, aby bol koniec ro"
zADTuV7nEORpOPqPqjLYGgZyVUD3,13,1770919445693220000,1770919445686774000,32,Insert,k,33,"Chcela by som, aby bol koniec rok"
zADTuV7nEORpOPqPqjLYGgZyVUD3,13,1770919446014676000,1770919446004345000,33,Insert,a,34,"Chcela by som, aby bol koniec roka"
zADTuV7nEORpOPqPqjLYGgZyVUD3,13,1770919446770582000,1770919446766321000,34,Insert,",",35,"Chcela by som, aby bol koniec roka,"
zADTuV7nEORpOPqPqjLYGgZyVUD3,13,1770919448082674000,1770919448073522000,35,Insert, ,36,"Chcela by som, aby bol koniec roka, "
zADTuV7nEORpOPqPqjLYGgZyVUD3,13,1770919449128408000,1770919449124554000,36,Insert,b,37,"Chcela by som, aby bol koniec roka, b"
zADTuV7nEORpOPqPqjLYGgZyVUD3,13,1770919449461837000,1770919449455556000,37,Insert,u,38,"Chcela by som, aby bol koniec roka, bu"
zADTuV7nEORpOPqPqjLYGgZyVUD3,13,1770919449847230000,1770919449839462000,38,Insert,d,39,"Chcela by som, aby bol koniec roka, bud"
zADTuV7nEORpOPqPqjLYGgZyVUD3,13,1770919450965743000,1770919450960100000,39,Insert,ú,40,"Chcela by som, aby bol koniec roka, budú"
zADTuV7nEORpOPqPqjLYGgZyVUD3,13,1770919451348460000,1770919451342113000,40,Insert, ,41,"Chcela by som, aby bol koniec roka, budú "
zADTuV7nEORpOPqPqjLYGgZyVUD3,13,1770919452125012000,1770919452118570000,41,Insert,z,42,"Chcela by som, aby bol koniec roka, budú z"
zADTuV7nEORpOPqPqjLYGgZyVUD3,13,1770919452481495000,1770919452471286000,42,Insert,a,43,"Chcela by som, aby bol koniec roka, budú za"
zADTuV7nEORpOPqPqjLYGgZyVUD3,13,1770919452797581000,1770919452790003000,43,Insert,s,44,"Chcela by som, aby bol koniec roka, budú zas"
zADTuV7nEORpOPqPqjLYGgZyVUD3,13,1770919453243063000,1770919453234570000,44,Insert, ,45,"Chcela by som, aby bol koniec roka, budú zas "
zADTuV7nEORpOPqPqjLYGgZyVUD3,13,1770919453682866000,1770919453675469000,45,Insert,v,46,"Chcela by som, aby bol koniec roka, budú zas v"
zADTuV7nEORpOPqPqjLYGgZyVUD3,13,1770919453994122000,1770919453986909000,46,Insert,i,47,"Chcela by som, aby bol koniec roka, budú zas vi"
zADTuV7nEORpOPqPqjLYGgZyVUD3,13,1770919454346635000,1770919454339601000,47,Insert,a,48,"Chcela by som, aby bol koniec roka, budú zas via"
zADTuV7nEORpOPqPqjLYGgZyVUD3,13,1770919454587908000,1770919454580415000,48,Insert,n,49,"Chcela by som, aby bol koniec roka, budú zas vian"
zADTuV7nEORpOPqPqjLYGgZyVUD3,13,1770919454865575000,1770919454859425000,49,Insert,o,50,"Chcela by som, aby bol koniec roka, budú zas viano"
zADTuV7nEORpOPqPqjLYGgZyVUD3,13,1770919455257000000,1770919455251547000,50,Insert,c,51,"Chcela by som, aby bol koniec roka, budú zas vianoc"
zADTuV7nEORpOPqPqjLYGgZyVUD3,13,1770919455545329000,1770919455538380000,51,Insert,e,52,"Chcela by som, aby bol koniec roka, budú zas vianoce"
zADTuV7nEORpOPqPqjLYGgZyVUD3,13,1770919455986701000,1770919455980228000,52,Insert,",",53,"Chcela by som, aby bol koniec roka, budú zas vianoce,"
zADTuV7nEORpOPqPqjLYGgZyVUD3,13,1770919457178077000,1770919457166033000,53,Insert, ,54,"Chcela by som, aby bol koniec roka, budú zas vianoce, "
zADTuV7nEORpOPqPqjLYGgZyVUD3,13,1770919457867157000,1770919457861242000,54,Insert,b,55,"Chcela by som, aby bol koniec roka, budú zas vianoce, b"
zADTuV7nEORpOPqPqjLYGgZyVUD3,13,1770919458430981000,1770919458421138000,55,Insert,u,56,"Chcela by som, aby bol koniec roka, budú zas vianoce, bu"
zADTuV7nEORpOPqPqjLYGgZyVUD3,13,1770919458783032000,1770919458775920000,56,Insert,d,57,"Chcela by som, aby bol koniec roka, budú zas vianoce, bud"
zADTuV7nEORpOPqPqjLYGgZyVUD3,13,1770919458960737000,1770919458952983000,57,Insert,e,58,"Chcela by som, aby bol koniec roka, budú zas vianoce, bude"
zADTuV7nEORpOPqPqjLYGgZyVUD3,13,1770919459882864000,1770919459873869000,58,Insert,m,59,"Chcela by som, aby bol koniec roka, budú zas vianoce, budem"
zADTuV7nEORpOPqPqjLYGgZyVUD3,13,1770919460368653000,1770919460359722000,59,Insert,e,60,"Chcela by som, aby bol koniec roka, budú zas vianoce, budeme"
zADTuV7nEORpOPqPqjLYGgZyVUD3,13,1770919460633572000,1770919460625983000,60,Insert, ,61,"Chcela by som, aby bol koniec roka, budú zas vianoce, budeme "
zADTuV7nEORpOPqPqjLYGgZyVUD3,13,1770919461330117000,1770919461323670000,61,Insert,s,62,"Chcela by som, aby bol koniec roka, budú zas vianoce, budeme s"
zADTuV7nEORpOPqPqjLYGgZyVUD3,13,1770919461522162000,1770919461516967000,62,Insert,p,63,"Chcela by som, aby bol koniec roka, budú zas vianoce, budeme sp"
zADTuV7nEORpOPqPqjLYGgZyVUD3,13,1770919461712187000,1770919461707244000,63,Insert,o,64,"Chcela by som, aby bol koniec roka, budú zas vianoce, budeme spo"
zADTuV7nEORpOPqPqjLYGgZyVUD3,13,1770919461945774000,1770919461940812000,64,Insert,l,65,"Chcela by som, aby bol koniec roka, budú zas vianoce, budeme spol"
zADTuV7nEORpOPqPqjLYGgZyVUD3,13,1770919462225662000,1770919462219540000,65,Insert,u,66,"Chcela by som, aby bol koniec roka, budú zas vianoce, budeme spolu"
zADTuV7nEORpOPqPqjLYGgZyVUD3,13,1770919462813144000,1770919462808541000,66,Insert, ,67,"Chcela by som, aby bol koniec roka, budú zas vianoce, budeme spolu "
zADTuV7nEORpOPqPqjLYGgZyVUD3,13,1770919463263876000,1770919463257783000,67,Insert,d,68,"Chcela by som, aby bol koniec roka, budú zas vianoce, budeme spolu d"
zADTuV7nEORpOPqPqjLYGgZyVUD3,13,1770919463449133000,1770919463444469000,68,Insert,o,69,"Chcela by som, aby bol koniec roka, budú zas vianoce, budeme spolu do"
zADTuV7nEORpOPqPqjLYGgZyVUD3,13,1770919463748495000,1770919463742031000,69,Insert,m,70,"Chcela by som, aby bol koniec roka, budú zas vianoce, budeme spolu dom"
zADTuV7nEORpOPqPqjLYGgZyVUD3,13,1770919464203869000,1770919464197608000,70,Insert,a,71,"Chcela by som, aby bol koniec roka, budú zas vianoce, budeme spolu doma"
zADTuV7nEORpOPqPqjLYGgZyVUD3,13,1770919465449711000,1770919465439017000,71,Insert,",",72,"Chcela by som, aby bol koniec roka, budú zas vianoce, budeme spolu doma,"
zADTuV7nEORpOPqPqjLYGgZyVUD3,13,1770919465864511000,1770919465855512000,72,Insert, ,73,"Chcela by som, aby bol koniec roka, budú zas vianoce, budeme spolu doma, "
zADTuV7nEORpOPqPqjLYGgZyVUD3,13,1770919466480547000,1770919466475604000,73,Insert,d,74,"Chcela by som, aby bol koniec roka, budú zas vianoce, budeme spolu doma, d"
zADTuV7nEORpOPqPqjLYGgZyVUD3,13,1770919466742638000,1770919466735293000,74,Insert,o,75,"Chcela by som, aby bol koniec roka, budú zas vianoce, budeme spolu doma, do"
zADTuV7nEORpOPqPqjLYGgZyVUD3,13,1770919467031280000,1770919467021575000,75,Insert,s,76,"Chcela by som, aby bol koniec roka, budú zas vianoce, budeme spolu doma, dos"
zADTuV7nEORpOPqPqjLYGgZyVUD3,13,1770919468073388000,1770919468066903000,76,Insert,t,77,"Chcela by som, aby bol koniec roka, budú zas vianoce, budeme spolu doma, dost"
zADTuV7nEORpOPqPqjLYGgZyVUD3,13,1770919468495805000,1770919468487514000,77,Insert,a,78,"Chcela by som, aby bol koniec roka, budú zas vianoce, budeme spolu doma, dosta"
zADTuV7nEORpOPqPqjLYGgZyVUD3,13,1770919468756155000,1770919468751678000,78,Insert,n,79,"Chcela by som, aby bol koniec roka, budú zas vianoce, budeme spolu doma, dostan"
zADTuV7nEORpOPqPqjLYGgZyVUD3,13,1770919469203668000,1770919469192548000,79,Insert,e,80,"Chcela by som, aby bol koniec roka, budú zas vianoce, budeme spolu doma, dostane"
zADTuV7nEORpOPqPqjLYGgZyVUD3,13,1770919469274507000,1770919469269790000,80,Insert,m,81,"Chcela by som, aby bol koniec roka, budú zas vianoce, budeme spolu doma, dostanem"
zADTuV7nEORpOPqPqjLYGgZyVUD3,13,1770919469931708000,1770919469925540000,81,Insert,e,82,"Chcela by som, aby bol koniec roka, budú zas vianoce, budeme spolu doma, dostaneme"
zADTuV7nEORpOPqPqjLYGgZyVUD3,13,1770919470707660000,1770919470697325000,82,Insert, ,83,"Chcela by som, aby bol koniec roka, budú zas vianoce, budeme spolu doma, dostaneme "
zADTuV7nEORpOPqPqjLYGgZyVUD3,13,1770919471044344000,1770919471038108000,83,Insert,f,84,"Chcela by som, aby bol koniec roka, budú zas vianoce, budeme spolu doma, dostaneme f"
zADTuV7nEORpOPqPqjLYGgZyVUD3,13,1770919471361264000,1770919471355469000,84,Insert,a,85,"Chcela by som, aby bol koniec roka, budú zas vianoce, budeme spolu doma, dostaneme fa"
zADTuV7nEORpOPqPqjLYGgZyVUD3,13,1770919471578618000,1770919471571430000,85,Insert,r,86,"Chcela by som, aby bol koniec roka, budú zas vianoce, budeme spolu doma, dostaneme far"
zADTuV7nEORpOPqPqjLYGgZyVUD3,13,1770919472382475000,1770919472377595000,86,Delete,r,85,"Chcela by som, aby bol koniec roka, budú zas vianoce, budeme spolu doma, dostaneme fa"
zADTuV7nEORpOPqPqjLYGgZyVUD3,13,1770919472571184000,1770919472566507000,85,Delete,a,84,"Chcela by som, aby bol koniec roka, budú zas vianoce, budeme spolu doma, dostaneme f"
zADTuV7nEORpOPqPqjLYGgZyVUD3,13,1770919472727726000,1770919472724810000,84,Delete,f,83,"Chcela by som, aby bol koniec roka, budú zas vianoce, budeme spolu doma, dostaneme "
zADTuV7nEORpOPqPqjLYGgZyVUD3,13,1770919473405876000,1770919473401192000,83,Insert,d,84,"Chcela by som, aby bol koniec roka, budú zas vianoce, budeme spolu doma, dostaneme d"
zADTuV7nEORpOPqPqjLYGgZyVUD3,13,1770919473661994000,1770919473655198000,84,Insert,a,85,"Chcela by som, aby bol koniec roka, budú zas vianoce, budeme spolu doma, dostaneme da"
zADTuV7nEORpOPqPqjLYGgZyVUD3,13,1770919473939531000,1770919473933651000,85,Insert,r,86,"Chcela by som, aby bol koniec roka, budú zas vianoce, budeme spolu doma, dostaneme dar"
zADTuV7nEORpOPqPqjLYGgZyVUD3,13,1770919475078485000,1770919475074860000,86,Insert,č,87,"Chcela by som, aby bol koniec roka, budú zas vianoce, budeme spolu doma, dostaneme darč"
zADTuV7nEORpOPqPqjLYGgZyVUD3,13,1770919475919989000,1770919475912321000,87,Insert,e,88,"Chcela by som, aby bol koniec roka, budú zas vianoce, budeme spolu doma, dostaneme darče"
zADTuV7nEORpOPqPqjLYGgZyVUD3,13,1770919476601607000,1770919476592698000,88,Insert,k,89,"Chcela by som, aby bol koniec roka, budú zas vianoce, budeme spolu doma, dostaneme darček"
zADTuV7nEORpOPqPqjLYGgZyVUD3,13,1770919476949803000,1770919476941740000,89,Insert,y,90,"Chcela by som, aby bol koniec roka, budú zas vianoce, budeme spolu doma, dostaneme darčeky"
zADTuV7nEORpOPqPqjLYGgZyVUD3,13,1770919477702561000,1770919477691400000,90,Insert,.,91,"Chcela by som, aby bol koniec roka, budú zas vianoce, budeme spolu doma, dostaneme darčeky."
zADTuV7nEORpOPqPqjLYGgZyVUD3,14,1770919479989368000,1770919479980961000,0,Insert,C,1,C
zADTuV7nEORpOPqPqjLYGgZyVUD3,14,1770919480294194000,1770919480288783000,1,Insert,h,2,Ch
zADTuV7nEORpOPqPqjLYGgZyVUD3,14,1770919480567144000,1770919480560604000,2,Insert,c,3,Chc
zADTuV7nEORpOPqPqjLYGgZyVUD3,14,1770919480785734000,1770919480778660000,3,Insert,e,4,Chce
zADTuV7nEORpOPqPqjLYGgZyVUD3,14,1770919481454428000,1770919481445587000,4,Insert,l,5,Chcel
zADTuV7nEORpOPqPqjLYGgZyVUD3,14,1770919481785291000,1770919481776099000,5,Insert,a,6,Chcela
zADTuV7nEORpOPqPqjLYGgZyVUD3,14,1770919481942393000,1770919481938177000,6,Insert, ,7,Chcela 
zADTuV7nEORpOPqPqjLYGgZyVUD3,14,1770919482523063000,1770919482519657000,7,Insert,b,8,Chcela b
zADTuV7nEORpOPqPqjLYGgZyVUD3,14,1770919482873081000,1770919482865988000,8,Insert,y,9,Chcela by
zADTuV7nEORpOPqPqjLYGgZyVUD3,14,1770919483205749000,1770919483198011000,9,Insert, ,10,Chcela by 
zADTuV7nEORpOPqPqjLYGgZyVUD3,14,1770919483722152000,1770919483716530000,10,Insert,s,11,Chcela by s
zADTuV7nEORpOPqPqjLYGgZyVUD3,14,1770919483852656000,1770919483847434000,11,Insert,o,12,Chcela by so
zADTuV7nEORpOPqPqjLYGgZyVUD3,14,1770919484179607000,1770919484173765000,12,Insert,m,13,Chcela by som
zADTuV7nEORpOPqPqjLYGgZyVUD3,14,1770919484825519000,1770919484817482000,13,Insert,",",14,"Chcela by som,"
zADTuV7nEORpOPqPqjLYGgZyVUD3,14,1770919485234880000,1770919485228570000,14,Insert, ,15,"Chcela by som, "
zADTuV7nEORpOPqPqjLYGgZyVUD3,14,1770919485651008000,1770919485641759000,15,Insert,a,16,"Chcela by som, a"
zADTuV7nEORpOPqPqjLYGgZyVUD3,14,1770919485837641000,1770919485833598000,16,Insert,b,17,"Chcela by som, ab"
zADTuV7nEORpOPqPqjLYGgZyVUD3,14,1770919486148171000,1770919486142088000,17,Insert,y,18,"Chcela by som, aby"
zADTuV7nEORpOPqPqjLYGgZyVUD3,14,1770919486469827000,1770919486463055000,18,Insert, ,19,"Chcela by som, aby "
zADTuV7nEORpOPqPqjLYGgZyVUD3,14,1770919486897887000,1770919486892127000,19,Insert,b,20,"Chcela by som, aby b"
zADTuV7nEORpOPqPqjLYGgZyVUD3,14,1770919487209804000,1770919487202990000,20,Insert,o,21,"Chcela by som, aby bo"
zADTuV7nEORpOPqPqjLYGgZyVUD3,14,1770919487456325000,1770919487450101000,21,Insert,l,22,"Chcela by som, aby bol"
zADTuV7nEORpOPqPqjLYGgZyVUD3,14,1770919487990191000,1770919487979403000,22,Insert, ,23,"Chcela by som, aby bol "
zADTuV7nEORpOPqPqjLYGgZyVUD3,14,1770919488341640000,1770919488335200000,23,Insert,k,24,"Chcela by som, aby bol k"
zADTuV7nEORpOPqPqjLYGgZyVUD3,14,1770919488535640000,1770919488531229000,24,Insert,o,25,"Chcela by som, aby bol ko"
zADTuV7nEORpOPqPqjLYGgZyVUD3,14,1770919488832827000,1770919488824933000,25,Insert,n,26,"Chcela by som, aby bol kon"
zADTuV7nEORpOPqPqjLYGgZyVUD3,14,1770919489067605000,1770919489061912000,26,Insert,i,27,"Chcela by som, aby bol koni"
zADTuV7nEORpOPqPqjLYGgZyVUD3,14,1770919489493390000,1770919489486780000,27,Insert,e,28,"Chcela by som, aby bol konie"
zADTuV7nEORpOPqPqjLYGgZyVUD3,14,1770919489719650000,1770919489712291000,28,Insert,c,29,"Chcela by som, aby bol koniec"
zADTuV7nEORpOPqPqjLYGgZyVUD3,14,1770919490139805000,1770919490134537000,29,Insert, ,30,"Chcela by som, aby bol koniec "
zADTuV7nEORpOPqPqjLYGgZyVUD3,14,1770919490661773000,1770919490657845000,30,Insert,r,31,"Chcela by som, aby bol koniec r"
zADTuV7nEORpOPqPqjLYGgZyVUD3,14,1770919491137682000,1770919491130954000,31,Insert,o,32,"Chcela by som, aby bol koniec ro"
zADTuV7nEORpOPqPqjLYGgZyVUD3,14,1770919491420667000,1770919491413969000,32,Insert,k,33,"Chcela by som, aby bol koniec rok"
zADTuV7nEORpOPqPqjLYGgZyVUD3,14,1770919491782998000,1770919491774868000,33,Insert,a,34,"Chcela by som, aby bol koniec roka"
zADTuV7nEORpOPqPqjLYGgZyVUD3,14,1770919492689906000,1770919492679769000,34,Insert,",",35,"Chcela by som, aby bol koniec roka,"
zADTuV7nEORpOPqPqjLYGgZyVUD3,14,1770919493493471000,1770919493479014000,35,Insert, ,36,"Chcela by som, aby bol koniec roka, "
zADTuV7nEORpOPqPqjLYGgZyVUD3,14,1770919494903027000,1770919494896425000,36,Insert,b,37,"Chcela by som, aby bol koniec roka, b"
zADTuV7nEORpOPqPqjLYGgZyVUD3,14,1770919495299238000,1770919495291385000,37,Insert,u,38,"Chcela by som, aby bol koniec roka, bu"
zADTuV7nEORpOPqPqjLYGgZyVUD3,14,1770919495638107000,1770919495627118000,38,Insert,d,39,"Chcela by som, aby bol koniec roka, bud"
zADTuV7nEORpOPqPqjLYGgZyVUD3,14,1770919496620340000,1770919496616249000,39,Insert,ú,40,"Chcela by som, aby bol koniec roka, budú"
zADTuV7nEORpOPqPqjLYGgZyVUD3,14,1770919497927226000,1770919497916731000,40,Insert, ,41,"Chcela by som, aby bol koniec roka, budú "
zADTuV7nEORpOPqPqjLYGgZyVUD3,14,1770919499429709000,1770919499424928000,41,Insert,z,42,"Chcela by som, aby bol koniec roka, budú z"
zADTuV7nEORpOPqPqjLYGgZyVUD3,14,1770919499673299000,1770919499667658000,42,Insert,a,43,"Chcela by som, aby bol koniec roka, budú za"
zADTuV7nEORpOPqPqjLYGgZyVUD3,14,1770919499873959000,1770919499867528000,43,Insert,s,44,"Chcela by som, aby bol koniec roka, budú zas"
zADTuV7nEORpOPqPqjLYGgZyVUD3,14,1770919500495340000,1770919500483837000,44,Insert, ,45,"Chcela by som, aby bol koniec roka, budú zas "
zADTuV7nEORpOPqPqjLYGgZyVUD3,14,1770919500800118000,1770919500793522000,45,Insert,v,46,"Chcela by som, aby bol koniec roka, budú zas v"
zADTuV7nEORpOPqPqjLYGgZyVUD3,14,1770919501096460000,1770919501091538000,46,Insert,i,47,"Chcela by som, aby bol koniec roka, budú zas vi"
zADTuV7nEORpOPqPqjLYGgZyVUD3,14,1770919501446407000,1770919501439408000,47,Insert,a,48,"Chcela by som, aby bol koniec roka, budú zas via"
zADTuV7nEORpOPqPqjLYGgZyVUD3,14,1770919501715377000,1770919501709482000,48,Insert,n,49,"Chcela by som, aby bol koniec roka, budú zas vian"
zADTuV7nEORpOPqPqjLYGgZyVUD3,14,1770919502006931000,1770919502000647000,49,Insert,o,50,"Chcela by som, aby bol koniec roka, budú zas viano"
zADTuV7nEORpOPqPqjLYGgZyVUD3,14,1770919502372956000,1770919502367360000,50,Insert,c,51,"Chcela by som, aby bol koniec roka, budú zas vianoc"
zADTuV7nEORpOPqPqjLYGgZyVUD3,14,1770919502650495000,1770919502642298000,51,Insert,e,52,"Chcela by som, aby bol koniec roka, budú zas vianoce"
zADTuV7nEORpOPqPqjLYGgZyVUD3,14,1770919505576094000,1770919505562396000,52,Insert,",",53,"Chcela by som, aby bol koniec roka, budú zas vianoce,"
zADTuV7nEORpOPqPqjLYGgZyVUD3,14,1770919506120196000,1770919506114785000,53,Insert, ,54,"Chcela by som, aby bol koniec roka, budú zas vianoce, "
zADTuV7nEORpOPqPqjLYGgZyVUD3,14,1770919506551783000,1770919506544943000,54,Insert,b,55,"Chcela by som, aby bol koniec roka, budú zas vianoce, b"
zADTuV7nEORpOPqPqjLYGgZyVUD3,14,1770919506848178000,1770919506842127000,55,Insert,u,56,"Chcela by som, aby bol koniec roka, budú zas vianoce, bu"
zADTuV7nEORpOPqPqjLYGgZyVUD3,14,1770919507194794000,1770919507187065000,56,Insert,d,57,"Chcela by som, aby bol koniec roka, budú zas vianoce, bud"
zADTuV7nEORpOPqPqjLYGgZyVUD3,14,1770919507366631000,1770919507362234000,57,Insert,e,58,"Chcela by som, aby bol koniec roka, budú zas vianoce, bude"
zADTuV7nEORpOPqPqjLYGgZyVUD3,14,1770919508031002000,1770919508023119000,58,Insert,m,59,"Chcela by som, aby bol koniec roka, budú zas vianoce, budem"
zADTuV7nEORpOPqPqjLYGgZyVUD3,14,1770919508550052000,1770919508543558000,59,Insert,e,60,"Chcela by som, aby bol koniec roka, budú zas vianoce, budeme"
zADTuV7nEORpOPqPqjLYGgZyVUD3,14,1770919508730417000,1770919508723342000,60,Insert, ,61,"Chcela by som, aby bol koniec roka, budú zas vianoce, budeme "
zADTuV7nEORpOPqPqjLYGgZyVUD3,14,1770919509435358000,1770919509430935000,61,Insert,s,62,"Chcela by som, aby bol koniec roka, budú zas vianoce, budeme s"
zADTuV7nEORpOPqPqjLYGgZyVUD3,14,1770919509686801000,1770919509678393000,62,Insert,p,63,"Chcela by som, aby bol koniec roka, budú zas vianoce, budeme sp"
zADTuV7nEORpOPqPqjLYGgZyVUD3,14,1770919509926940000,1770919509920491000,63,Insert,o,64,"Chcela by som, aby bol koniec roka, budú zas vianoce, budeme spo"
zADTuV7nEORpOPqPqjLYGgZyVUD3,14,1770919510688899000,1770919510682557000,64,Insert,l,65,"Chcela by som, aby bol koniec roka, budú zas vianoce, budeme spol"
zADTuV7nEORpOPqPqjLYGgZyVUD3,14,1770919511036037000,1770919511028987000,65,Insert,u,66,"Chcela by som, aby bol koniec roka, budú zas vianoce, budeme spolu"
zADTuV7nEORpOPqPqjLYGgZyVUD3,14,1770919511467628000,1770919511459345000,66,Insert, ,67,"Chcela by som, aby bol koniec roka, budú zas vianoce, budeme spolu "
zADTuV7nEORpOPqPqjLYGgZyVUD3,14,1770919511958379000,1770919511952095000,67,Insert,d,68,"Chcela by som, aby bol koniec roka, budú zas vianoce, budeme spolu d"
zADTuV7nEORpOPqPqjLYGgZyVUD3,14,1770919512127025000,1770919512120737000,68,Insert,o,69,"Chcela by som, aby bol koniec roka, budú zas vianoce, budeme spolu do"
zADTuV7nEORpOPqPqjLYGgZyVUD3,14,1770919512753025000,1770919512745697000,69,Insert,m,70,"Chcela by som, aby bol koniec roka, budú zas vianoce, budeme spolu dom"
zADTuV7nEORpOPqPqjLYGgZyVUD3,14,1770919513067077000,1770919513060575000,70,Insert,a,71,"Chcela by som, aby bol koniec roka, budú zas vianoce, budeme spolu doma"
zADTuV7nEORpOPqPqjLYGgZyVUD3,14,1770919514220492000,1770919514212079000,71,Insert,",",72,"Chcela by som, aby bol koniec roka, budú zas vianoce, budeme spolu doma,"
zADTuV7nEORpOPqPqjLYGgZyVUD3,14,1770919514660634000,1770919514652514000,72,Insert, ,73,"Chcela by som, aby bol koniec roka, budú zas vianoce, budeme spolu doma, "
zADTuV7nEORpOPqPqjLYGgZyVUD3,14,1770919515202785000,1770919515187395000,73,Insert,d,74,"Chcela by som, aby bol koniec roka, budú zas vianoce, budeme spolu doma, d"
zADTuV7nEORpOPqPqjLYGgZyVUD3,14,1770919515438646000,1770919515432321000,74,Insert,o,75,"Chcela by som, aby bol koniec roka, budú zas vianoce, budeme spolu doma, do"
zADTuV7nEORpOPqPqjLYGgZyVUD3,14,1770919515872164000,1770919515866071000,75,Insert,s,76,"Chcela by som, aby bol koniec roka, budú zas vianoce, budeme spolu doma, dos"
zADTuV7nEORpOPqPqjLYGgZyVUD3,14,1770919516600060000,1770919516590232000,76,Insert,t,77,"Chcela by som, aby bol koniec roka, budú zas vianoce, budeme spolu doma, dost"
zADTuV7nEORpOPqPqjLYGgZyVUD3,14,1770919517000038000,1770919516992118000,77,Insert,a,78,"Chcela by som, aby bol koniec roka, budú zas vianoce, budeme spolu doma, dosta"
zADTuV7nEORpOPqPqjLYGgZyVUD3,14,1770919517282505000,1770919517275709000,78,Insert,n,79,"Chcela by som, aby bol koniec roka, budú zas vianoce, budeme spolu doma, dostan"
zADTuV7nEORpOPqPqjLYGgZyVUD3,14,1770919517640324000,1770919517634726000,79,Insert,e,80,"Chcela by som, aby bol koniec roka, budú zas vianoce, budeme spolu doma, dostane"
zADTuV7nEORpOPqPqjLYGgZyVUD3,14,1770919517816454000,1770919517809602000,80,Insert,m,81,"Chcela by som, aby bol koniec roka, budú zas vianoce, budeme spolu doma, dostanem"
zADTuV7nEORpOPqPqjLYGgZyVUD3,14,1770919518107327000,1770919518101150000,81,Insert,e,82,"Chcela by som, aby bol koniec roka, budú zas vianoce, budeme spolu doma, dostaneme"
zADTuV7nEORpOPqPqjLYGgZyVUD3,14,1770919518639010000,1770919518628517000,82,Insert, ,83,"Chcela by som, aby bol koniec roka, budú zas vianoce, budeme spolu doma, dostaneme "
zADTuV7nEORpOPqPqjLYGgZyVUD3,14,1770919519036797000,1770919519028223000,83,Insert,d,84,"Chcela by som, aby bol koniec roka, budú zas vianoce, budeme spolu doma, dostaneme d"
zADTuV7nEORpOPqPqjLYGgZyVUD3,14,1770919519301342000,1770919519294039000,84,Insert,a,85,"Chcela by som, aby bol koniec roka, budú zas vianoce, budeme spolu doma, dostaneme da"
zADTuV7nEORpOPqPqjLYGgZyVUD3,14,1770919519624286000,1770919519615895000,85,Insert,r,86,"Chcela by som, aby bol koniec roka, budú zas vianoce, budeme spolu doma, dostaneme dar"
zADTuV7nEORpOPqPqjLYGgZyVUD3,14,1770919520780182000,1770919520772459000,86,Insert,č,87,"Chcela by som, aby bol koniec roka, budú zas vianoce, budeme spolu doma, dostaneme darč"
zADTuV7nEORpOPqPqjLYGgZyVUD3,14,1770919521137536000,1770919521130369000,87,Insert,e,88,"Chcela by som, aby bol koniec roka, budú zas vianoce, budeme spolu doma, dostaneme darče"
zADTuV7nEORpOPqPqjLYGgZyVUD3,14,1770919522104958000,1770919522097385000,88,Insert,k,89,"Chcela by som, aby bol koniec roka, budú zas vianoce, budeme spolu doma, dostaneme darček"
zADTuV7nEORpOPqPqjLYGgZyVUD3,14,1770919522423001000,1770919522417282000,89,Insert,y,90,"Chcela by som, aby bol koniec roka, budú zas vianoce, budeme spolu doma, dostaneme darčeky"
zADTuV7nEORpOPqPqjLYGgZyVUD3,14,1770919523259096000,1770919523248745000,90,Insert,.,91,"Chcela by som, aby bol koniec roka, budú zas vianoce, budeme spolu doma, dostaneme darčeky."
zADTuV7nEORpOPqPqjLYGgZyVUD3,15,1770919525205031000,1770919525197074000,0,Insert,C,1,C
zADTuV7nEORpOPqPqjLYGgZyVUD3,15,1770919526119573000,1770919526115605000,1,Insert,h,2,Ch
zADTuV7nEORpOPqPqjLYGgZyVUD3,15,1770919526447879000,1770919526442780000,2,Insert,c,3,Chc
zADTuV7nEORpOPqPqjLYGgZyVUD3,15,1770919526696491000,1770919526686607000,3,Insert,e,4,Chce
zADTuV7nEORpOPqPqjLYGgZyVUD3,15,1770919527277961000,1770919527273796000,4,Insert,l,5,Chcel
zADTuV7nEORpOPqPqjLYGgZyVUD3,15,1770919527577531000,1770919527571135000,5,Insert,a,6,Chcela
zADTuV7nEORpOPqPqjLYGgZyVUD3,15,1770919527763203000,1770919527759257000,6,Insert, ,7,Chcela 
zADTuV7nEORpOPqPqjLYGgZyVUD3,15,1770919528254514000,1770919528248661000,7,Insert,b,8,Chcela b
zADTuV7nEORpOPqPqjLYGgZyVUD3,15,1770919528738470000,1770919528734841000,8,Insert,y,9,Chcela by
zADTuV7nEORpOPqPqjLYGgZyVUD3,15,1770919529105714000,1770919529098399000,9,Insert, ,10,Chcela by 
zADTuV7nEORpOPqPqjLYGgZyVUD3,15,1770919529749447000,1770919529739738000,10,Insert,s,11,Chcela by s
zADTuV7nEORpOPqPqjLYGgZyVUD3,15,1770919529870986000,1770919529866920000,11,Insert,o,12,Chcela by so
zADTuV7nEORpOPqPqjLYGgZyVUD3,15,1770919530187285000,1770919530178163000,12,Insert,m,13,Chcela by som
zADTuV7nEORpOPqPqjLYGgZyVUD3,15,1770919531013733000,1770919531005604000,13,Insert,",",14,"Chcela by som,"
zADTuV7nEORpOPqPqjLYGgZyVUD3,15,1770919531522474000,1770919531515372000,14,Insert, ,15,"Chcela by som, "
zADTuV7nEORpOPqPqjLYGgZyVUD3,15,1770919532221471000,1770919532212127000,15,Insert,a,16,"Chcela by som, a"
zADTuV7nEORpOPqPqjLYGgZyVUD3,15,1770919532504898000,1770919532500234000,16,Insert,b,17,"Chcela by som, ab"
zADTuV7nEORpOPqPqjLYGgZyVUD3,15,1770919532881705000,1770919532874704000,17,Insert,y,18,"Chcela by som, aby"
zADTuV7nEORpOPqPqjLYGgZyVUD3,15,1770919533246738000,1770919533239933000,18,Insert, ,19,"Chcela by som, aby "
zADTuV7nEORpOPqPqjLYGgZyVUD3,15,1770919533724796000,1770919533718680000,19,Insert,b,20,"Chcela by som, aby b"
zADTuV7nEORpOPqPqjLYGgZyVUD3,15,1770919534061859000,1770919534058095000,20,Insert,o,21,"Chcela by som, aby bo"
zADTuV7nEORpOPqPqjLYGgZyVUD3,15,1770919534291125000,1770919534287448000,21,Insert,l,22,"Chcela by som, aby bol"
zADTuV7nEORpOPqPqjLYGgZyVUD3,15,1770919534746868000,1770919534742943000,22,Insert, ,23,"Chcela by som, aby bol "
zADTuV7nEORpOPqPqjLYGgZyVUD3,15,1770919535227431000,1770919535221446000,23,Insert,k,24,"Chcela by som, aby bol k"
zADTuV7nEORpOPqPqjLYGgZyVUD3,15,1770919535481448000,1770919535474905000,24,Insert,o,25,"Chcela by som, aby bol ko"
zADTuV7nEORpOPqPqjLYGgZyVUD3,15,1770919535794863000,1770919535788529000,25,Insert,n,26,"Chcela by som, aby bol kon"
zADTuV7nEORpOPqPqjLYGgZyVUD3,15,1770919536082327000,1770919536074305000,26,Insert,i,27,"Chcela by som, aby bol koni"
zADTuV7nEORpOPqPqjLYGgZyVUD3,15,1770919536437525000,1770919536431600000,27,Insert,e,28,"Chcela by som, aby bol konie"
zADTuV7nEORpOPqPqjLYGgZyVUD3,15,1770919537271397000,1770919537262224000,28,Insert,c,29,"Chcela by som, aby bol koniec"
zADTuV7nEORpOPqPqjLYGgZyVUD3,15,1770919537953384000,1770919537946858000,29,Insert, ,30,"Chcela by som, aby bol koniec "
zADTuV7nEORpOPqPqjLYGgZyVUD3,15,1770919539321869000,1770919539314987000,30,Insert,e,31,"Chcela by som, aby bol koniec e"
zADTuV7nEORpOPqPqjLYGgZyVUD3,15,1770919540175701000,1770919540163594000,31,Delete,e,30,"Chcela by som, aby bol koniec "
zADTuV7nEORpOPqPqjLYGgZyVUD3,15,1770919540613591000,1770919540605319000,30,Insert,r,31,"Chcela by som, aby bol koniec r"
zADTuV7nEORpOPqPqjLYGgZyVUD3,15,1770919540844930000,1770919540839948000,31,Insert,o,32,"Chcela by som, aby bol koniec ro"
zADTuV7nEORpOPqPqjLYGgZyVUD3,15,1770919541496093000,1770919541489589000,32,Insert,k,33,"Chcela by som, aby bol koniec rok"
zADTuV7nEORpOPqPqjLYGgZyVUD3,15,1770919541804368000,1770919541797274000,33,Insert,a,34,"Chcela by som, aby bol koniec roka"
zADTuV7nEORpOPqPqjLYGgZyVUD3,15,1770919543885024000,1770919543876681000,34,Insert,",",35,"Chcela by som, aby bol koniec roka,"
zADTuV7nEORpOPqPqjLYGgZyVUD3,15,1770919544288079000,1770919544281880000,35,Insert, ,36,"Chcela by som, aby bol koniec roka, "
zADTuV7nEORpOPqPqjLYGgZyVUD3,15,1770919545069913000,1770919545059574000,36,Insert,b,37,"Chcela by som, aby bol koniec roka, b"
zADTuV7nEORpOPqPqjLYGgZyVUD3,15,1770919545384212000,1770919545375583000,37,Insert,u,38,"Chcela by som, aby bol koniec roka, bu"
zADTuV7nEORpOPqPqjLYGgZyVUD3,15,1770919545678527000,1770919545672610000,38,Insert,d,39,"Chcela by som, aby bol koniec roka, bud"
zADTuV7nEORpOPqPqjLYGgZyVUD3,15,1770919546517822000,1770919546505599000,39,Insert,7,40,"Chcela by som, aby bol koniec roka, bud7"
zADTuV7nEORpOPqPqjLYGgZyVUD3,15,1770919547725146000,1770919547719145000,40,Delete,7,39,"Chcela by som, aby bol koniec roka, bud"
zADTuV7nEORpOPqPqjLYGgZyVUD3,15,1770919549257077000,1770919549250754000,39,Insert,ú,40,"Chcela by som, aby bol koniec roka, budú"
zADTuV7nEORpOPqPqjLYGgZyVUD3,15,1770919549890072000,1770919549880376000,40,Insert, ,41,"Chcela by som, aby bol koniec roka, budú "
zADTuV7nEORpOPqPqjLYGgZyVUD3,15,1770919550808997000,1770919550802913000,41,Insert,z,42,"Chcela by som, aby bol koniec roka, budú z"
zADTuV7nEORpOPqPqjLYGgZyVUD3,15,1770919551003450000,1770919550996925000,42,Insert,a,43,"Chcela by som, aby bol koniec roka, budú za"
zADTuV7nEORpOPqPqjLYGgZyVUD3,15,1770919551202143000,1770919551196932000,43,Insert,s,44,"Chcela by som, aby bol koniec roka, budú zas"
zADTuV7nEORpOPqPqjLYGgZyVUD3,15,1770919551653682000,1770919551645986000,44,Insert, ,45,"Chcela by som, aby bol koniec roka, budú zas "
zADTuV7nEORpOPqPqjLYGgZyVUD3,15,1770919551949396000,1770919551943069000,45,Insert,v,46,"Chcela by som, aby bol koniec roka, budú zas v"
zADTuV7nEORpOPqPqjLYGgZyVUD3,15,1770919552199203000,1770919552193220000,46,Insert,i,47,"Chcela by som, aby bol koniec roka, budú zas vi"
zADTuV7nEORpOPqPqjLYGgZyVUD3,15,1770919552517018000,1770919552510741000,47,Insert,a,48,"Chcela by som, aby bol koniec roka, budú zas via"
zADTuV7nEORpOPqPqjLYGgZyVUD3,15,1770919552799570000,1770919552793437000,48,Insert,n,49,"Chcela by som, aby bol koniec roka, budú zas vian"
zADTuV7nEORpOPqPqjLYGgZyVUD3,15,1770919553641519000,1770919553634814000,49,Insert,o,50,"Chcela by som, aby bol koniec roka, budú zas viano"
zADTuV7nEORpOPqPqjLYGgZyVUD3,15,1770919554058126000,1770919554052753000,50,Insert,c,51,"Chcela by som, aby bol koniec roka, budú zas vianoc"
zADTuV7nEORpOPqPqjLYGgZyVUD3,15,1770919554329021000,1770919554322877000,51,Insert,e,52,"Chcela by som, aby bol koniec roka, budú zas vianoce"
zADTuV7nEORpOPqPqjLYGgZyVUD3,15,1770919555020255000,1770919555011861000,52,Insert,",",53,"Chcela by som, aby bol koniec roka, budú zas vianoce,"
zADTuV7nEORpOPqPqjLYGgZyVUD3,15,1770919555433428000,1770919555425226000,53,Insert, ,54,"Chcela by som, aby bol koniec roka, budú zas vianoce, "
zADTuV7nEORpOPqPqjLYGgZyVUD3,15,1770919556557566000,1770919556551551000,54,Insert,b,55,"Chcela by som, aby bol koniec roka, budú zas vianoce, b"
zADTuV7nEORpOPqPqjLYGgZyVUD3,15,1770919556872174000,1770919556865572000,55,Insert,u,56,"Chcela by som, aby bol koniec roka, budú zas vianoce, bu"
zADTuV7nEORpOPqPqjLYGgZyVUD3,15,1770919557183717000,1770919557179023000,56,Insert,d,57,"Chcela by som, aby bol koniec roka, budú zas vianoce, bud"
zADTuV7nEORpOPqPqjLYGgZyVUD3,15,1770919557339732000,1770919557333735000,57,Insert,e,58,"Chcela by som, aby bol koniec roka, budú zas vianoce, bude"
zADTuV7nEORpOPqPqjLYGgZyVUD3,15,1770919558026748000,1770919558019247000,58,Insert,m,59,"Chcela by som, aby bol koniec roka, budú zas vianoce, budem"
zADTuV7nEORpOPqPqjLYGgZyVUD3,15,1770919558432126000,1770919558425596000,59,Insert,e,60,"Chcela by som, aby bol koniec roka, budú zas vianoce, budeme"
zADTuV7nEORpOPqPqjLYGgZyVUD3,15,1770919558692224000,1770919558685767000,60,Insert, ,61,"Chcela by som, aby bol koniec roka, budú zas vianoce, budeme "
zADTuV7nEORpOPqPqjLYGgZyVUD3,15,1770919559232499000,1770919559224670000,61,Insert,s,62,"Chcela by som, aby bol koniec roka, budú zas vianoce, budeme s"
zADTuV7nEORpOPqPqjLYGgZyVUD3,15,1770919559434552000,1770919559426233000,62,Insert,p,63,"Chcela by som, aby bol koniec roka, budú zas vianoce, budeme sp"
zADTuV7nEORpOPqPqjLYGgZyVUD3,15,1770919559630949000,1770919559624160000,63,Insert,o,64,"Chcela by som, aby bol koniec roka, budú zas vianoce, budeme spo"
zADTuV7nEORpOPqPqjLYGgZyVUD3,15,1770919560412327000,1770919560405107000,64,Insert,l,65,"Chcela by som, aby bol koniec roka, budú zas vianoce, budeme spol"
zADTuV7nEORpOPqPqjLYGgZyVUD3,15,1770919560725872000,1770919560719790000,65,Insert,u,66,"Chcela by som, aby bol koniec roka, budú zas vianoce, budeme spolu"
zADTuV7nEORpOPqPqjLYGgZyVUD3,15,1770919561171996000,1770919561164343000,66,Insert, ,67,"Chcela by som, aby bol koniec roka, budú zas vianoce, budeme spolu "
zADTuV7nEORpOPqPqjLYGgZyVUD3,15,1770919561584396000,1770919561578351000,67,Insert,d,68,"Chcela by som, aby bol koniec roka, budú zas vianoce, budeme spolu d"
zADTuV7nEORpOPqPqjLYGgZyVUD3,15,1770919561728814000,1770919561723298000,68,Insert,o,69,"Chcela by som, aby bol koniec roka, budú zas vianoce, budeme spolu do"
zADTuV7nEORpOPqPqjLYGgZyVUD3,15,1770919562314764000,1770919562309666000,69,Insert,m,70,"Chcela by som, aby bol koniec roka, budú zas vianoce, budeme spolu dom"
zADTuV7nEORpOPqPqjLYGgZyVUD3,15,1770919562603741000,1770919562597494000,70,Insert,a,71,"Chcela by som, aby bol koniec roka, budú zas vianoce, budeme spolu doma"
zADTuV7nEORpOPqPqjLYGgZyVUD3,15,1770919562977731000,1770919562970621000,71,Insert,",",72,"Chcela by som, aby bol koniec roka, budú zas vianoce, budeme spolu doma,"
zADTuV7nEORpOPqPqjLYGgZyVUD3,15,1770919563407243000,1770919563397917000,72,Insert, ,73,"Chcela by som, aby bol koniec roka, budú zas vianoce, budeme spolu doma, "
zADTuV7nEORpOPqPqjLYGgZyVUD3,15,1770919564028132000,1770919564018851000,73,Insert,d,74,"Chcela by som, aby bol koniec roka, budú zas vianoce, budeme spolu doma, d"
zADTuV7nEORpOPqPqjLYGgZyVUD3,15,1770919564469627000,1770919564463456000,74,Insert,o,75,"Chcela by som, aby bol koniec roka, budú zas vianoce, budeme spolu doma, do"
zADTuV7nEORpOPqPqjLYGgZyVUD3,15,1770919564849812000,1770919564841102000,75,Insert,s,76,"Chcela by som, aby bol koniec roka, budú zas vianoce, budeme spolu doma, dos"
zADTuV7nEORpOPqPqjLYGgZyVUD3,15,1770919565068903000,1770919565064647000,76,Insert,t,77,"Chcela by som, aby bol koniec roka, budú zas vianoce, budeme spolu doma, dost"
zADTuV7nEORpOPqPqjLYGgZyVUD3,15,1770919565343682000,1770919565337461000,77,Insert,a,78,"Chcela by som, aby bol koniec roka, budú zas vianoce, budeme spolu doma, dosta"
zADTuV7nEORpOPqPqjLYGgZyVUD3,15,1770919566018726000,1770919566005723000,78,Insert,n,79,"Chcela by som, aby bol koniec roka, budú zas vianoce, budeme spolu doma, dostan"
zADTuV7nEORpOPqPqjLYGgZyVUD3,15,1770919566451996000,1770919566443278000,79,Insert,e,80,"Chcela by som, aby bol koniec roka, budú zas vianoce, budeme spolu doma, dostane"
zADTuV7nEORpOPqPqjLYGgZyVUD3,15,1770919566527831000,1770919566523746000,80,Insert,m,81,"Chcela by som, aby bol koniec roka, budú zas vianoce, budeme spolu doma, dostanem"
zADTuV7nEORpOPqPqjLYGgZyVUD3,15,1770919566721304000,1770919566715747000,81,Insert,e,82,"Chcela by som, aby bol koniec roka, budú zas vianoce, budeme spolu doma, dostaneme"
zADTuV7nEORpOPqPqjLYGgZyVUD3,15,1770919567071878000,1770919567065253000,82,Insert, ,83,"Chcela by som, aby bol koniec roka, budú zas vianoce, budeme spolu doma, dostaneme "
zADTuV7nEORpOPqPqjLYGgZyVUD3,15,1770919567531260000,1770919567525978000,83,Insert,d,84,"Chcela by som, aby bol koniec roka, budú zas vianoce, budeme spolu doma, dostaneme d"
zADTuV7nEORpOPqPqjLYGgZyVUD3,15,1770919567958062000,1770919567948288000,84,Insert,a,85,"Chcela by som, aby bol koniec roka, budú zas vianoce, budeme spolu doma, dostaneme da"
zADTuV7nEORpOPqPqjLYGgZyVUD3,15,1770919568792165000,1770919568782480000,85,Insert,r,86,"Chcela by som, aby bol koniec roka, budú zas vianoce, budeme spolu doma, dostaneme dar"
zADTuV7nEORpOPqPqjLYGgZyVUD3,15,1770919569609384000,1770919569602494000,86,Insert,č,87,"Chcela by som, aby bol koniec roka, budú zas vianoce, budeme spolu doma, dostaneme darč"
zADTuV7nEORpOPqPqjLYGgZyVUD3,15,1770919570321025000,1770919570314454000,87,Insert,e,88,"Chcela by som, aby bol koniec roka, budú zas vianoce, budeme spolu doma, dostaneme darče"
zADTuV7nEORpOPqPqjLYGgZyVUD3,15,1770919570970072000,1770919570962514000,88,Insert,k,89,"Chcela by som, aby bol koniec roka, budú zas vianoce, budeme spolu doma, dostaneme darček"
zADTuV7nEORpOPqPqjLYGgZyVUD3,15,1770919571247347000,1770919571242793000,89,Insert,y,90,"Chcela by som, aby bol koniec roka, budú zas vianoce, budeme spolu doma, dostaneme darčeky"
zADTuV7nEORpOPqPqjLYGgZyVUD3,15,1770919571961280000,1770919571950896000,90,Insert,.,91,"Chcela by som, aby bol koniec roka, budú zas vianoce, budeme spolu doma, dostaneme darčeky."
