UserId,RoundId,TimestampAfterNs,TimestampBeforeNs,ContentLengthBefore,ActionType,KeyChar,CursorPosition,InputContent
ZPw87WT2yagXd9QO1D3a7uqutlJ3,1,1772566051629630000,1772566051618939000,0,Insert,D,1,D
ZPw87WT2yagXd9QO1D3a7uqutlJ3,1,1772566052041743000,1772566052035902000,1,Insert,n,2,Dn
ZPw87WT2yagXd9QO1D3a7uqutlJ3,1,1772566052180538000,1772566052176581000,2,Insert,e,3,Dne
ZPw87WT2yagXd9QO1D3a7uqutlJ3,1,1772566052372897000,1772566052369226000,3,Insert,s,4,Dnes
ZPw87WT2yagXd9QO1D3a7uqutlJ3,1,1772566052519682000,1772566052515852000,4,Insert, ,5,Dnes 
ZPw87WT2yagXd9QO1D3a7uqutlJ3,1,1772566052985391000,1772566052979537000,5,Insert,v,6,Dnes v
ZPw87WT2yagXd9QO1D3a7uqutlJ3,1,1772566053351578000,1772566053344259000,6,Insert,o,7,Dnes vo
ZPw87WT2yagXd9QO1D3a7uqutlJ3,1,1772566053653538000,1772566053647843000,7,Insert,n,8,Dnes von
ZPw87WT2yagXd9QO1D3a7uqutlJ3,1,1772566053876693000,1772566053870674000,8,Insert,k,9,Dnes vonk
ZPw87WT2yagXd9QO1D3a7uqutlJ3,1,1772566054089584000,1772566054083208000,9,Insert,u,10,Dnes vonku
ZPw87WT2yagXd9QO1D3a7uqutlJ3,1,1772566054326447000,1772566054319822000,10,Insert, ,11,Dnes vonku 
ZPw87WT2yagXd9QO1D3a7uqutlJ3,1,1772566054847106000,1772566054840676000,11,Insert,p,12,Dnes vonku p
ZPw87WT2yagXd9QO1D3a7uqutlJ3,1,1772566055014187000,1772566055010590000,12,Insert,e,13,Dnes vonku pe
ZPw87WT2yagXd9QO1D3a7uqutlJ3,1,1772566055276956000,1772566055270516000,13,Insert,k,14,Dnes vonku pek
ZPw87WT2yagXd9QO1D3a7uqutlJ3,1,1772566055531726000,1772566055525833000,14,Insert,n,15,Dnes vonku pekn
ZPw87WT2yagXd9QO1D3a7uqutlJ3,1,1772566055656521000,1772566055652971000,15,Insert,e,16,Dnes vonku pekne
ZPw87WT2yagXd9QO1D3a7uqutlJ3,1,1772566055777384000,1772566055773379000,16,Insert, ,17,Dnes vonku pekne 
ZPw87WT2yagXd9QO1D3a7uqutlJ3,1,1772566056112635000,1772566056106798000,17,Insert,n,18,Dnes vonku pekne n
ZPw87WT2yagXd9QO1D3a7uqutlJ3,1,1772566056362385000,1772566056356670000,18,Insert,i,19,Dnes vonku pekne ni
ZPw87WT2yagXd9QO1D3a7uqutlJ3,1,1772566056492316000,1772566056488711000,19,Insert,e,20,Dnes vonku pekne nie
ZPw87WT2yagXd9QO1D3a7uqutlJ3,1,1772566056662921000,1772566056659258000,20,Insert, ,21,Dnes vonku pekne nie 
ZPw87WT2yagXd9QO1D3a7uqutlJ3,1,1772566056921735000,1772566056914036000,21,Insert,j,22,Dnes vonku pekne nie j
ZPw87WT2yagXd9QO1D3a7uqutlJ3,1,1772566057021787000,1772566057017827000,22,Insert,e,23,Dnes vonku pekne nie je
ZPw87WT2yagXd9QO1D3a7uqutlJ3,1,1772566057876754000,1772566057868174000,23,Insert,",",24,"Dnes vonku pekne nie je,"
ZPw87WT2yagXd9QO1D3a7uqutlJ3,1,1772566058633585000,1772566058624956000,24,Insert, ,25,"Dnes vonku pekne nie je, "
ZPw87WT2yagXd9QO1D3a7uqutlJ3,1,1772566058946971000,1772566058942951000,25,Insert,d,26,"Dnes vonku pekne nie je, d"
ZPw87WT2yagXd9QO1D3a7uqutlJ3,1,1772566059206275000,1772566059197170000,26,Insert,a,27,"Dnes vonku pekne nie je, da"
ZPw87WT2yagXd9QO1D3a7uqutlJ3,1,1772566059316564000,1772566059312710000,27,Insert,l,28,"Dnes vonku pekne nie je, dal"
ZPw87WT2yagXd9QO1D3a7uqutlJ3,1,1772566059591044000,1772566059584655000,28,Insert, ,29,"Dnes vonku pekne nie je, dal "
ZPw87WT2yagXd9QO1D3a7uqutlJ3,1,1772566059891707000,1772566059887675000,29,Insert,b,30,"Dnes vonku pekne nie je, dal b"
ZPw87WT2yagXd9QO1D3a7uqutlJ3,1,1772566060016823000,1772566060008166000,30,Insert,y,31,"Dnes vonku pekne nie je, dal by"
ZPw87WT2yagXd9QO1D3a7uqutlJ3,1,1772566060216478000,1772566060207431000,31,Insert, ,32,"Dnes vonku pekne nie je, dal by "
ZPw87WT2yagXd9QO1D3a7uqutlJ3,1,1772566060384397000,1772566060380630000,32,Insert,s,33,"Dnes vonku pekne nie je, dal by s"
ZPw87WT2yagXd9QO1D3a7uqutlJ3,1,1772566060609088000,1772566060603023000,33,Insert,o,34,"Dnes vonku pekne nie je, dal by so"
ZPw87WT2yagXd9QO1D3a7uqutlJ3,1,1772566060833425000,1772566060826203000,34,Insert,m,35,"Dnes vonku pekne nie je, dal by som"
ZPw87WT2yagXd9QO1D3a7uqutlJ3,1,1772566061061657000,1772566061057041000,35,Insert, ,36,"Dnes vonku pekne nie je, dal by som "
ZPw87WT2yagXd9QO1D3a7uqutlJ3,1,1772566061201766000,1772566061196258000,36,Insert,s,37,"Dnes vonku pekne nie je, dal by som s"
ZPw87WT2yagXd9QO1D3a7uqutlJ3,1,1772566061367933000,1772566061360663000,37,Insert,i,38,"Dnes vonku pekne nie je, dal by som si"
ZPw87WT2yagXd9QO1D3a7uqutlJ3,1,1772566061569653000,1772566061565156000,38,Insert, ,39,"Dnes vonku pekne nie je, dal by som si "
ZPw87WT2yagXd9QO1D3a7uqutlJ3,1,1772566061893541000,1772566061887284000,39,Insert,p,40,"Dnes vonku pekne nie je, dal by som si p"
ZPw87WT2yagXd9QO1D3a7uqutlJ3,1,1772566062153843000,1772566062146992000,40,Insert,i,41,"Dnes vonku pekne nie je, dal by som si pi"
ZPw87WT2yagXd9QO1D3a7uqutlJ3,1,1772566062462101000,1772566062456306000,41,Insert,v,42,"Dnes vonku pekne nie je, dal by som si piv"
ZPw87WT2yagXd9QO1D3a7uqutlJ3,1,1772566062730340000,1772566062723697000,42,Insert,k,43,"Dnes vonku pekne nie je, dal by som si pivk"
ZPw87WT2yagXd9QO1D3a7uqutlJ3,1,1772566062934921000,1772566062928954000,43,Insert,o,44,"Dnes vonku pekne nie je, dal by som si pivko"
ZPw87WT2yagXd9QO1D3a7uqutlJ3,1,1772566064078545000,1772566064070697000,44,Insert,",",45,"Dnes vonku pekne nie je, dal by som si pivko,"
ZPw87WT2yagXd9QO1D3a7uqutlJ3,1,1772566064266811000,1772566064262877000,45,Insert, ,46,"Dnes vonku pekne nie je, dal by som si pivko, "
ZPw87WT2yagXd9QO1D3a7uqutlJ3,1,1772566064496323000,1772566064486757000,46,Insert,a,47,"Dnes vonku pekne nie je, dal by som si pivko, a"
ZPw87WT2yagXd9QO1D3a7uqutlJ3,1,1772566064668358000,1772566064663999000,47,Insert,l,48,"Dnes vonku pekne nie je, dal by som si pivko, al"
ZPw87WT2yagXd9QO1D3a7uqutlJ3,1,1772566064817658000,1772566064813412000,48,Insert,e,49,"Dnes vonku pekne nie je, dal by som si pivko, ale"
ZPw87WT2yagXd9QO1D3a7uqutlJ3,1,1772566065043337000,1772566065036785000,49,Insert, ,50,"Dnes vonku pekne nie je, dal by som si pivko, ale "
ZPw87WT2yagXd9QO1D3a7uqutlJ3,1,1772566065164727000,1772566065158916000,50,Insert,e,51,"Dnes vonku pekne nie je, dal by som si pivko, ale e"
ZPw87WT2yagXd9QO1D3a7uqutlJ3,1,1772566065352014000,1772566065348098000,51,Insert,s,52,"Dnes vonku pekne nie je, dal by som si pivko, ale es"
ZPw87WT2yagXd9QO1D3a7uqutlJ3,1,1772566065527840000,1772566065523312000,52,Insert,t,53,"Dnes vonku pekne nie je, dal by som si pivko, ale est"
ZPw87WT2yagXd9QO1D3a7uqutlJ3,1,1772566065697132000,1772566065692303000,53,Insert,e,54,"Dnes vonku pekne nie je, dal by som si pivko, ale este"
ZPw87WT2yagXd9QO1D3a7uqutlJ3,1,1772566066236998000,1772566066232200000,54,Insert, ,55,"Dnes vonku pekne nie je, dal by som si pivko, ale este "
ZPw87WT2yagXd9QO1D3a7uqutlJ3,1,1772566066930274000,1772566066923053000,55,Insert,m,56,"Dnes vonku pekne nie je, dal by som si pivko, ale este m"
ZPw87WT2yagXd9QO1D3a7uqutlJ3,1,1772566067081749000,1772566067073776000,56,Insert,a,57,"Dnes vonku pekne nie je, dal by som si pivko, ale este ma"
ZPw87WT2yagXd9QO1D3a7uqutlJ3,1,1772566067226338000,1772566067220064000,57,Insert,m,58,"Dnes vonku pekne nie je, dal by som si pivko, ale este mam"
ZPw87WT2yagXd9QO1D3a7uqutlJ3,1,1772566067479895000,1772566067473459000,58,Insert, ,59,"Dnes vonku pekne nie je, dal by som si pivko, ale este mam "
ZPw87WT2yagXd9QO1D3a7uqutlJ3,1,1772566067856423000,1772566067850269000,59,Insert,p,60,"Dnes vonku pekne nie je, dal by som si pivko, ale este mam p"
ZPw87WT2yagXd9QO1D3a7uqutlJ3,1,1772566068080806000,1772566068073482000,60,Insert,o,61,"Dnes vonku pekne nie je, dal by som si pivko, ale este mam po"
ZPw87WT2yagXd9QO1D3a7uqutlJ3,1,1772566068497540000,1772566068491710000,61,Insert,v,62,"Dnes vonku pekne nie je, dal by som si pivko, ale este mam pov"
ZPw87WT2yagXd9QO1D3a7uqutlJ3,1,1772566068843306000,1772566068836876000,62,Insert,i,63,"Dnes vonku pekne nie je, dal by som si pivko, ale este mam povi"
ZPw87WT2yagXd9QO1D3a7uqutlJ3,1,1772566069122609000,1772566069116306000,63,Insert,n,64,"Dnes vonku pekne nie je, dal by som si pivko, ale este mam povin"
ZPw87WT2yagXd9QO1D3a7uqutlJ3,1,1772566069296679000,1772566069292089000,64,Insert,n,65,"Dnes vonku pekne nie je, dal by som si pivko, ale este mam povinn"
ZPw87WT2yagXd9QO1D3a7uqutlJ3,1,1772566069610345000,1772566069606413000,65,Insert,o,66,"Dnes vonku pekne nie je, dal by som si pivko, ale este mam povinno"
ZPw87WT2yagXd9QO1D3a7uqutlJ3,1,1772566069774652000,1772566069769498000,66,Insert,s,67,"Dnes vonku pekne nie je, dal by som si pivko, ale este mam povinnos"
ZPw87WT2yagXd9QO1D3a7uqutlJ3,1,1772566070104051000,1772566070096861000,67,Insert,t,68,"Dnes vonku pekne nie je, dal by som si pivko, ale este mam povinnost"
ZPw87WT2yagXd9QO1D3a7uqutlJ3,1,1772566070419045000,1772566070412949000,68,Insert,i,69,"Dnes vonku pekne nie je, dal by som si pivko, ale este mam povinnosti"
ZPw87WT2yagXd9QO1D3a7uqutlJ3,1,1772566070754203000,1772566070747271000,69,Insert, ,70,"Dnes vonku pekne nie je, dal by som si pivko, ale este mam povinnosti "
ZPw87WT2yagXd9QO1D3a7uqutlJ3,1,1772566071074932000,1772566071067740000,70,Insert,k,71,"Dnes vonku pekne nie je, dal by som si pivko, ale este mam povinnosti k"
ZPw87WT2yagXd9QO1D3a7uqutlJ3,1,1772566071388680000,1772566071381020000,71,Insert,t,72,"Dnes vonku pekne nie je, dal by som si pivko, ale este mam povinnosti kt"
ZPw87WT2yagXd9QO1D3a7uqutlJ3,1,1772566075088024000,1772566075082224000,72,Delete,t,71,"Dnes vonku pekne nie je, dal by som si pivko, ale este mam povinnosti k"
ZPw87WT2yagXd9QO1D3a7uqutlJ3,1,1772566075235006000,1772566075229668000,71,Delete,k,70,"Dnes vonku pekne nie je, dal by som si pivko, ale este mam povinnosti "
ZPw87WT2yagXd9QO1D3a7uqutlJ3,1,1772566075354681000,1772566075351772000,70,Delete, ,69,"Dnes vonku pekne nie je, dal by som si pivko, ale este mam povinnosti"
ZPw87WT2yagXd9QO1D3a7uqutlJ3,1,1772566076402450000,1772566076394049000,69,Insert,",",70,"Dnes vonku pekne nie je, dal by som si pivko, ale este mam povinnosti,"
ZPw87WT2yagXd9QO1D3a7uqutlJ3,1,1772566076695308000,1772566076689658000,70,Insert, ,71,"Dnes vonku pekne nie je, dal by som si pivko, ale este mam povinnosti, "
ZPw87WT2yagXd9QO1D3a7uqutlJ3,1,1772566077005775000,1772566076997713000,71,Insert,k,72,"Dnes vonku pekne nie je, dal by som si pivko, ale este mam povinnosti, k"
ZPw87WT2yagXd9QO1D3a7uqutlJ3,1,1772566077234470000,1772566077228245000,72,Insert,t,73,"Dnes vonku pekne nie je, dal by som si pivko, ale este mam povinnosti, kt"
ZPw87WT2yagXd9QO1D3a7uqutlJ3,1,1772566077410532000,1772566077405143000,73,Insert,o,74,"Dnes vonku pekne nie je, dal by som si pivko, ale este mam povinnosti, kto"
ZPw87WT2yagXd9QO1D3a7uqutlJ3,1,1772566077523221000,1772566077517746000,74,Insert,r,75,"Dnes vonku pekne nie je, dal by som si pivko, ale este mam povinnosti, ktor"
ZPw87WT2yagXd9QO1D3a7uqutlJ3,1,1772566077705742000,1772566077701192000,75,Insert,e,76,"Dnes vonku pekne nie je, dal by som si pivko, ale este mam povinnosti, ktore"
ZPw87WT2yagXd9QO1D3a7uqutlJ3,1,1772566078017321000,1772566078010868000,76,Insert, ,77,"Dnes vonku pekne nie je, dal by som si pivko, ale este mam povinnosti, ktore "
ZPw87WT2yagXd9QO1D3a7uqutlJ3,1,1772566078357314000,1772566078351202000,77,Insert,m,78,"Dnes vonku pekne nie je, dal by som si pivko, ale este mam povinnosti, ktore m"
ZPw87WT2yagXd9QO1D3a7uqutlJ3,1,1772566078636382000,1772566078629251000,78,Insert,u,79,"Dnes vonku pekne nie je, dal by som si pivko, ale este mam povinnosti, ktore mu"
ZPw87WT2yagXd9QO1D3a7uqutlJ3,1,1772566078752512000,1772566078749355000,79,Insert,s,80,"Dnes vonku pekne nie je, dal by som si pivko, ale este mam povinnosti, ktore mus"
ZPw87WT2yagXd9QO1D3a7uqutlJ3,1,1772566078912160000,1772566078907163000,80,Insert,i,81,"Dnes vonku pekne nie je, dal by som si pivko, ale este mam povinnosti, ktore musi"
ZPw87WT2yagXd9QO1D3a7uqutlJ3,1,1772566079247322000,1772566079241057000,81,Insert,m,82,"Dnes vonku pekne nie je, dal by som si pivko, ale este mam povinnosti, ktore musim"
ZPw87WT2yagXd9QO1D3a7uqutlJ3,1,1772566079500369000,1772566079495853000,82,Insert, ,83,"Dnes vonku pekne nie je, dal by som si pivko, ale este mam povinnosti, ktore musim "
ZPw87WT2yagXd9QO1D3a7uqutlJ3,1,1772566079634676000,1772566079628960000,83,Insert,s,84,"Dnes vonku pekne nie je, dal by som si pivko, ale este mam povinnosti, ktore musim s"
ZPw87WT2yagXd9QO1D3a7uqutlJ3,1,1772566079870758000,1772566079864474000,84,Insert,p,85,"Dnes vonku pekne nie je, dal by som si pivko, ale este mam povinnosti, ktore musim sp"
ZPw87WT2yagXd9QO1D3a7uqutlJ3,1,1772566080240240000,1772566080233844000,85,Insert,r,86,"Dnes vonku pekne nie je, dal by som si pivko, ale este mam povinnosti, ktore musim spr"
ZPw87WT2yagXd9QO1D3a7uqutlJ3,1,1772566080418810000,1772566080413363000,86,Insert,a,87,"Dnes vonku pekne nie je, dal by som si pivko, ale este mam povinnosti, ktore musim spra"
ZPw87WT2yagXd9QO1D3a7uqutlJ3,1,1772566080647166000,1772566080641011000,87,Insert,v,88,"Dnes vonku pekne nie je, dal by som si pivko, ale este mam povinnosti, ktore musim sprav"
ZPw87WT2yagXd9QO1D3a7uqutlJ3,1,1772566080992149000,1772566080985039000,88,Insert,i,89,"Dnes vonku pekne nie je, dal by som si pivko, ale este mam povinnosti, ktore musim spravi"
ZPw87WT2yagXd9QO1D3a7uqutlJ3,1,1772566081270414000,1772566081264375000,89,Insert,t,90,"Dnes vonku pekne nie je, dal by som si pivko, ale este mam povinnosti, ktore musim spravit"
ZPw87WT2yagXd9QO1D3a7uqutlJ3,1,1772566081586271000,1772566081579102000,90,Insert,.,91,"Dnes vonku pekne nie je, dal by som si pivko, ale este mam povinnosti, ktore musim spravit."
ZPw87WT2yagXd9QO1D3a7uqutlJ3,2,1772566082970135000,1772566082964795000,0,Insert,D,1,D
ZPw87WT2yagXd9QO1D3a7uqutlJ3,2,1772566083419561000,1772566083413844000,1,Insert,n,2,Dn
ZPw87WT2yagXd9QO1D3a7uqutlJ3,2,1772566083557938000,1772566083554372000,2,Insert,e,3,Dne
ZPw87WT2yagXd9QO1D3a7uqutlJ3,2,1772566083760649000,1772566083754677000,3,Insert,s,4,Dnes
ZPw87WT2yagXd9QO1D3a7uqutlJ3,2,1772566083891436000,1772566083887683000,4,Insert, ,5,Dnes 
ZPw87WT2yagXd9QO1D3a7uqutlJ3,2,1772566084224410000,1772566084219233000,5,Insert,v,6,Dnes v
ZPw87WT2yagXd9QO1D3a7uqutlJ3,2,1772566084588268000,1772566084582413000,6,Insert,o,7,Dnes vo
ZPw87WT2yagXd9QO1D3a7uqutlJ3,2,1772566084900840000,1772566084893590000,7,Insert,n,8,Dnes von
ZPw87WT2yagXd9QO1D3a7uqutlJ3,2,1772566085130384000,1772566085123811000,8,Insert,k,9,Dnes vonk
ZPw87WT2yagXd9QO1D3a7uqutlJ3,2,1772566085332295000,1772566085326549000,9,Insert,u,10,Dnes vonku
ZPw87WT2yagXd9QO1D3a7uqutlJ3,2,1772566085582066000,1772566085576169000,10,Insert, ,11,Dnes vonku 
ZPw87WT2yagXd9QO1D3a7uqutlJ3,2,1772566086043420000,1772566086037435000,11,Insert,p,12,Dnes vonku p
ZPw87WT2yagXd9QO1D3a7uqutlJ3,2,1772566086186444000,1772566086182821000,12,Insert,e,13,Dnes vonku pe
ZPw87WT2yagXd9QO1D3a7uqutlJ3,2,1772566086439250000,1772566086431232000,13,Insert,k,14,Dnes vonku pek
ZPw87WT2yagXd9QO1D3a7uqutlJ3,2,1772566086663189000,1772566086658535000,14,Insert,n,15,Dnes vonku pekn
ZPw87WT2yagXd9QO1D3a7uqutlJ3,2,1772566086791223000,1772566086787717000,15,Insert,e,16,Dnes vonku pekne
ZPw87WT2yagXd9QO1D3a7uqutlJ3,2,1772566086931699000,1772566086927950000,16,Insert, ,17,Dnes vonku pekne 
ZPw87WT2yagXd9QO1D3a7uqutlJ3,2,1772566087242608000,1772566087236949000,17,Insert,n,18,Dnes vonku pekne n
ZPw87WT2yagXd9QO1D3a7uqutlJ3,2,1772566087510137000,1772566087503115000,18,Insert,i,19,Dnes vonku pekne ni
ZPw87WT2yagXd9QO1D3a7uqutlJ3,2,1772566087636810000,1772566087632412000,19,Insert,e,20,Dnes vonku pekne nie
ZPw87WT2yagXd9QO1D3a7uqutlJ3,2,1772566087804398000,1772566087800087000,20,Insert, ,21,Dnes vonku pekne nie 
ZPw87WT2yagXd9QO1D3a7uqutlJ3,2,1772566088037187000,1772566088031108000,21,Insert,j,22,Dnes vonku pekne nie j
ZPw87WT2yagXd9QO1D3a7uqutlJ3,2,1772566088130930000,1772566088126849000,22,Insert,e,23,Dnes vonku pekne nie je
ZPw87WT2yagXd9QO1D3a7uqutlJ3,2,1772566089192752000,1772566089182575000,23,Insert,",",24,"Dnes vonku pekne nie je,"
ZPw87WT2yagXd9QO1D3a7uqutlJ3,2,1772566089388213000,1772566089383440000,24,Insert, ,25,"Dnes vonku pekne nie je, "
ZPw87WT2yagXd9QO1D3a7uqutlJ3,2,1772566089714941000,1772566089709152000,25,Insert,d,26,"Dnes vonku pekne nie je, d"
ZPw87WT2yagXd9QO1D3a7uqutlJ3,2,1772566089969111000,1772566089964814000,26,Insert,a,27,"Dnes vonku pekne nie je, da"
ZPw87WT2yagXd9QO1D3a7uqutlJ3,2,1772566090105859000,1772566090102209000,27,Insert,l,28,"Dnes vonku pekne nie je, dal"
ZPw87WT2yagXd9QO1D3a7uqutlJ3,2,1772566090424432000,1772566090418266000,28,Insert, ,29,"Dnes vonku pekne nie je, dal "
ZPw87WT2yagXd9QO1D3a7uqutlJ3,2,1772566090732596000,1772566090725940000,29,Insert,v,30,"Dnes vonku pekne nie je, dal v"
ZPw87WT2yagXd9QO1D3a7uqutlJ3,2,1772566090906498000,1772566090902312000,30,Insert,y,31,"Dnes vonku pekne nie je, dal vy"
ZPw87WT2yagXd9QO1D3a7uqutlJ3,2,1772566091428615000,1772566091425719000,31,Delete,y,30,"Dnes vonku pekne nie je, dal v"
ZPw87WT2yagXd9QO1D3a7uqutlJ3,2,1772566091597116000,1772566091594530000,30,Delete,v,29,"Dnes vonku pekne nie je, dal "
ZPw87WT2yagXd9QO1D3a7uqutlJ3,2,1772566092161408000,1772566092152539000,29,Insert,b,30,"Dnes vonku pekne nie je, dal b"
ZPw87WT2yagXd9QO1D3a7uqutlJ3,2,1772566092284182000,1772566092280404000,30,Insert,y,31,"Dnes vonku pekne nie je, dal by"
ZPw87WT2yagXd9QO1D3a7uqutlJ3,2,1772566092428580000,1772566092424352000,31,Insert, ,32,"Dnes vonku pekne nie je, dal by "
ZPw87WT2yagXd9QO1D3a7uqutlJ3,2,1772566092610535000,1772566092606306000,32,Insert,s,33,"Dnes vonku pekne nie je, dal by s"
ZPw87WT2yagXd9QO1D3a7uqutlJ3,2,1772566092787159000,1772566092783044000,33,Insert,o,34,"Dnes vonku pekne nie je, dal by so"
ZPw87WT2yagXd9QO1D3a7uqutlJ3,2,1772566092993583000,1772566092987284000,34,Insert,m,35,"Dnes vonku pekne nie je, dal by som"
ZPw87WT2yagXd9QO1D3a7uqutlJ3,2,1772566093232144000,1772566093225337000,35,Insert, ,36,"Dnes vonku pekne nie je, dal by som "
ZPw87WT2yagXd9QO1D3a7uqutlJ3,2,1772566093388839000,1772566093384243000,36,Insert,s,37,"Dnes vonku pekne nie je, dal by som s"
ZPw87WT2yagXd9QO1D3a7uqutlJ3,2,1772566093574589000,1772566093570712000,37,Insert,i,38,"Dnes vonku pekne nie je, dal by som si"
ZPw87WT2yagXd9QO1D3a7uqutlJ3,2,1772566093808869000,1772566093802279000,38,Insert, ,39,"Dnes vonku pekne nie je, dal by som si "
ZPw87WT2yagXd9QO1D3a7uqutlJ3,2,1772566094156252000,1772566094147703000,39,Insert,p,40,"Dnes vonku pekne nie je, dal by som si p"
ZPw87WT2yagXd9QO1D3a7uqutlJ3,2,1772566094436015000,1772566094426147000,40,Insert,i,41,"Dnes vonku pekne nie je, dal by som si pi"
ZPw87WT2yagXd9QO1D3a7uqutlJ3,2,1772566094768554000,1772566094762733000,41,Insert,v,42,"Dnes vonku pekne nie je, dal by som si piv"
ZPw87WT2yagXd9QO1D3a7uqutlJ3,2,1772566095056486000,1772566095050428000,42,Insert,k,43,"Dnes vonku pekne nie je, dal by som si pivk"
ZPw87WT2yagXd9QO1D3a7uqutlJ3,2,1772566095260528000,1772566095256491000,43,Insert,o,44,"Dnes vonku pekne nie je, dal by som si pivko"
ZPw87WT2yagXd9QO1D3a7uqutlJ3,2,1772566096970227000,1772566096957615000,44,Insert,",",45,"Dnes vonku pekne nie je, dal by som si pivko,"
ZPw87WT2yagXd9QO1D3a7uqutlJ3,2,1772566097189477000,1772566097182611000,45,Insert, ,46,"Dnes vonku pekne nie je, dal by som si pivko, "
ZPw87WT2yagXd9QO1D3a7uqutlJ3,2,1772566097364069000,1772566097359693000,46,Insert,a,47,"Dnes vonku pekne nie je, dal by som si pivko, a"
ZPw87WT2yagXd9QO1D3a7uqutlJ3,2,1772566097559349000,1772566097552830000,47,Insert,l,48,"Dnes vonku pekne nie je, dal by som si pivko, al"
ZPw87WT2yagXd9QO1D3a7uqutlJ3,2,1772566097764340000,1772566097758130000,48,Insert,e,49,"Dnes vonku pekne nie je, dal by som si pivko, ale"
ZPw87WT2yagXd9QO1D3a7uqutlJ3,2,1772566097933090000,1772566097928278000,49,Insert, ,50,"Dnes vonku pekne nie je, dal by som si pivko, ale "
ZPw87WT2yagXd9QO1D3a7uqutlJ3,2,1772566098098496000,1772566098093141000,50,Insert,e,51,"Dnes vonku pekne nie je, dal by som si pivko, ale e"
ZPw87WT2yagXd9QO1D3a7uqutlJ3,2,1772566098290771000,1772566098284930000,51,Insert,s,52,"Dnes vonku pekne nie je, dal by som si pivko, ale es"
ZPw87WT2yagXd9QO1D3a7uqutlJ3,2,1772566098449460000,1772566098443383000,52,Insert,t,53,"Dnes vonku pekne nie je, dal by som si pivko, ale est"
ZPw87WT2yagXd9QO1D3a7uqutlJ3,2,1772566098636143000,1772566098632101000,53,Insert,e,54,"Dnes vonku pekne nie je, dal by som si pivko, ale este"
ZPw87WT2yagXd9QO1D3a7uqutlJ3,2,1772566098731900000,1772566098725138000,54,Insert, ,55,"Dnes vonku pekne nie je, dal by som si pivko, ale este "
ZPw87WT2yagXd9QO1D3a7uqutlJ3,2,1772566099024710000,1772566099014421000,55,Insert,m,56,"Dnes vonku pekne nie je, dal by som si pivko, ale este m"
ZPw87WT2yagXd9QO1D3a7uqutlJ3,2,1772566099196164000,1772566099190382000,56,Insert,a,57,"Dnes vonku pekne nie je, dal by som si pivko, ale este ma"
ZPw87WT2yagXd9QO1D3a7uqutlJ3,2,1772566099373548000,1772566099369695000,57,Insert,m,58,"Dnes vonku pekne nie je, dal by som si pivko, ale este mam"
ZPw87WT2yagXd9QO1D3a7uqutlJ3,2,1772566099609135000,1772566099601461000,58,Insert, ,59,"Dnes vonku pekne nie je, dal by som si pivko, ale este mam "
ZPw87WT2yagXd9QO1D3a7uqutlJ3,2,1772566099948484000,1772566099942389000,59,Insert,p,60,"Dnes vonku pekne nie je, dal by som si pivko, ale este mam p"
ZPw87WT2yagXd9QO1D3a7uqutlJ3,2,1772566100182420000,1772566100176903000,60,Insert,o,61,"Dnes vonku pekne nie je, dal by som si pivko, ale este mam po"
ZPw87WT2yagXd9QO1D3a7uqutlJ3,2,1772566100555009000,1772566100548969000,61,Insert,v,62,"Dnes vonku pekne nie je, dal by som si pivko, ale este mam pov"
ZPw87WT2yagXd9QO1D3a7uqutlJ3,2,1772566100859317000,1772566100851895000,62,Insert,i,63,"Dnes vonku pekne nie je, dal by som si pivko, ale este mam povi"
ZPw87WT2yagXd9QO1D3a7uqutlJ3,2,1772566101141404000,1772566101133980000,63,Insert,n,64,"Dnes vonku pekne nie je, dal by som si pivko, ale este mam povin"
ZPw87WT2yagXd9QO1D3a7uqutlJ3,2,1772566101329537000,1772566101322878000,64,Insert,n,65,"Dnes vonku pekne nie je, dal by som si pivko, ale este mam povinn"
ZPw87WT2yagXd9QO1D3a7uqutlJ3,2,1772566101800490000,1772566101794429000,65,Insert,o,66,"Dnes vonku pekne nie je, dal by som si pivko, ale este mam povinno"
ZPw87WT2yagXd9QO1D3a7uqutlJ3,2,1772566101994786000,1772566101989551000,66,Insert,s,67,"Dnes vonku pekne nie je, dal by som si pivko, ale este mam povinnos"
ZPw87WT2yagXd9QO1D3a7uqutlJ3,2,1772566102635777000,1772566102630093000,67,Insert,t,68,"Dnes vonku pekne nie je, dal by som si pivko, ale este mam povinnost"
ZPw87WT2yagXd9QO1D3a7uqutlJ3,2,1772566103060655000,1772566103054268000,68,Insert,i,69,"Dnes vonku pekne nie je, dal by som si pivko, ale este mam povinnosti"
ZPw87WT2yagXd9QO1D3a7uqutlJ3,2,1772566103740696000,1772566103730970000,69,Insert,",",70,"Dnes vonku pekne nie je, dal by som si pivko, ale este mam povinnosti,"
ZPw87WT2yagXd9QO1D3a7uqutlJ3,2,1772566103932214000,1772566103928048000,70,Insert, ,71,"Dnes vonku pekne nie je, dal by som si pivko, ale este mam povinnosti, "
ZPw87WT2yagXd9QO1D3a7uqutlJ3,2,1772566104250881000,1772566104243373000,71,Insert,k,72,"Dnes vonku pekne nie je, dal by som si pivko, ale este mam povinnosti, k"
ZPw87WT2yagXd9QO1D3a7uqutlJ3,2,1772566104500578000,1772566104496331000,72,Insert,t,73,"Dnes vonku pekne nie je, dal by som si pivko, ale este mam povinnosti, kt"
ZPw87WT2yagXd9QO1D3a7uqutlJ3,2,1772566104713007000,1772566104704824000,73,Insert,o,74,"Dnes vonku pekne nie je, dal by som si pivko, ale este mam povinnosti, kto"
ZPw87WT2yagXd9QO1D3a7uqutlJ3,2,1772566104787034000,1772566104782106000,74,Insert,r,75,"Dnes vonku pekne nie je, dal by som si pivko, ale este mam povinnosti, ktor"
ZPw87WT2yagXd9QO1D3a7uqutlJ3,2,1772566104948011000,1772566104943330000,75,Insert,e,76,"Dnes vonku pekne nie je, dal by som si pivko, ale este mam povinnosti, ktore"
ZPw87WT2yagXd9QO1D3a7uqutlJ3,2,1772566105342614000,1772566105338280000,76,Insert, ,77,"Dnes vonku pekne nie je, dal by som si pivko, ale este mam povinnosti, ktore "
ZPw87WT2yagXd9QO1D3a7uqutlJ3,2,1772566105871634000,1772566105866401000,77,Insert,m,78,"Dnes vonku pekne nie je, dal by som si pivko, ale este mam povinnosti, ktore m"
ZPw87WT2yagXd9QO1D3a7uqutlJ3,2,1772566106139945000,1772566106132556000,78,Insert,u,79,"Dnes vonku pekne nie je, dal by som si pivko, ale este mam povinnosti, ktore mu"
ZPw87WT2yagXd9QO1D3a7uqutlJ3,2,1772566106269895000,1772566106265278000,79,Insert,s,80,"Dnes vonku pekne nie je, dal by som si pivko, ale este mam povinnosti, ktore mus"
ZPw87WT2yagXd9QO1D3a7uqutlJ3,2,1772566106415030000,1772566106411090000,80,Insert,i,81,"Dnes vonku pekne nie je, dal by som si pivko, ale este mam povinnosti, ktore musi"
ZPw87WT2yagXd9QO1D3a7uqutlJ3,2,1772566106726950000,1772566106720285000,81,Insert,m,82,"Dnes vonku pekne nie je, dal by som si pivko, ale este mam povinnosti, ktore musim"
ZPw87WT2yagXd9QO1D3a7uqutlJ3,2,1772566107066171000,1772566107058252000,82,Insert, ,83,"Dnes vonku pekne nie je, dal by som si pivko, ale este mam povinnosti, ktore musim "
ZPw87WT2yagXd9QO1D3a7uqutlJ3,2,1772566107288527000,1772566107282227000,83,Insert,s,84,"Dnes vonku pekne nie je, dal by som si pivko, ale este mam povinnosti, ktore musim s"
ZPw87WT2yagXd9QO1D3a7uqutlJ3,2,1772566107550476000,1772566107543766000,84,Insert,p,85,"Dnes vonku pekne nie je, dal by som si pivko, ale este mam povinnosti, ktore musim sp"
ZPw87WT2yagXd9QO1D3a7uqutlJ3,2,1772566107920451000,1772566107913158000,85,Insert,r,86,"Dnes vonku pekne nie je, dal by som si pivko, ale este mam povinnosti, ktore musim spr"
ZPw87WT2yagXd9QO1D3a7uqutlJ3,2,1772566108096822000,1772566108090557000,86,Insert,a,87,"Dnes vonku pekne nie je, dal by som si pivko, ale este mam povinnosti, ktore musim spra"
ZPw87WT2yagXd9QO1D3a7uqutlJ3,2,1772566108336632000,1772566108330372000,87,Insert,v,88,"Dnes vonku pekne nie je, dal by som si pivko, ale este mam povinnosti, ktore musim sprav"
ZPw87WT2yagXd9QO1D3a7uqutlJ3,2,1772566108705341000,1772566108699712000,88,Insert,i,89,"Dnes vonku pekne nie je, dal by som si pivko, ale este mam povinnosti, ktore musim spravi"
ZPw87WT2yagXd9QO1D3a7uqutlJ3,2,1772566109001504000,1772566108995814000,89,Insert,t,90,"Dnes vonku pekne nie je, dal by som si pivko, ale este mam povinnosti, ktore musim spravit"
ZPw87WT2yagXd9QO1D3a7uqutlJ3,2,1772566109429444000,1772566109422523000,90,Insert, ,91,"Dnes vonku pekne nie je, dal by som si pivko, ale este mam povinnosti, ktore musim spravit "
ZPw87WT2yagXd9QO1D3a7uqutlJ3,2,1772566110467429000,1772566110462817000,91,Delete, ,90,"Dnes vonku pekne nie je, dal by som si pivko, ale este mam povinnosti, ktore musim spravit"
ZPw87WT2yagXd9QO1D3a7uqutlJ3,2,1772566110759090000,1772566110748442000,90,Insert,.,91,"Dnes vonku pekne nie je, dal by som si pivko, ale este mam povinnosti, ktore musim spravit."
ZPw87WT2yagXd9QO1D3a7uqutlJ3,3,1772566113698955000,1772566113689139000,0,Insert,D,1,D
ZPw87WT2yagXd9QO1D3a7uqutlJ3,3,1772566113993289000,1772566113987199000,1,Insert,n,2,Dn
ZPw87WT2yagXd9QO1D3a7uqutlJ3,3,1772566114164272000,1772566114156682000,2,Insert,e,3,Dne
ZPw87WT2yagXd9QO1D3a7uqutlJ3,3,1772566114381380000,1772566114375791000,3,Insert,s,4,Dnes
ZPw87WT2yagXd9QO1D3a7uqutlJ3,3,1772566114520509000,1772566114516527000,4,Insert, ,5,Dnes 
ZPw87WT2yagXd9QO1D3a7uqutlJ3,3,1772566115470136000,1772566115462830000,5,Insert,v,6,Dnes v
ZPw87WT2yagXd9QO1D3a7uqutlJ3,3,1772566115793389000,1772566115786997000,6,Insert,o,7,Dnes vo
ZPw87WT2yagXd9QO1D3a7uqutlJ3,3,1772566116083543000,1772566116077935000,7,Insert,n,8,Dnes von
ZPw87WT2yagXd9QO1D3a7uqutlJ3,3,1772566116320021000,1772566116314199000,8,Insert,k,9,Dnes vonk
ZPw87WT2yagXd9QO1D3a7uqutlJ3,3,1772566116538533000,1772566116533092000,9,Insert,u,10,Dnes vonku
ZPw87WT2yagXd9QO1D3a7uqutlJ3,3,1772566116741805000,1772566116737791000,10,Insert, ,11,Dnes vonku 
ZPw87WT2yagXd9QO1D3a7uqutlJ3,3,1772566117035152000,1772566117030586000,11,Insert,p,12,Dnes vonku p
ZPw87WT2yagXd9QO1D3a7uqutlJ3,3,1772566117173274000,1772566117169746000,12,Insert,e,13,Dnes vonku pe
ZPw87WT2yagXd9QO1D3a7uqutlJ3,3,1772566117349374000,1772566117345391000,13,Insert,k,14,Dnes vonku pek
ZPw87WT2yagXd9QO1D3a7uqutlJ3,3,1772566117582211000,1772566117571440000,14,Insert,n,15,Dnes vonku pekn
ZPw87WT2yagXd9QO1D3a7uqutlJ3,3,1772566117652715000,1772566117648690000,15,Insert,e,16,Dnes vonku pekne
ZPw87WT2yagXd9QO1D3a7uqutlJ3,3,1772566117828044000,1772566117824237000,16,Insert, ,17,Dnes vonku pekne 
ZPw87WT2yagXd9QO1D3a7uqutlJ3,3,1772566118170170000,1772566118163229000,17,Insert,n,18,Dnes vonku pekne n
ZPw87WT2yagXd9QO1D3a7uqutlJ3,3,1772566118430670000,1772566118423990000,18,Insert,i,19,Dnes vonku pekne ni
ZPw87WT2yagXd9QO1D3a7uqutlJ3,3,1772566118556403000,1772566118552816000,19,Insert,e,20,Dnes vonku pekne nie
ZPw87WT2yagXd9QO1D3a7uqutlJ3,3,1772566118720156000,1772566118716114000,20,Insert, ,21,Dnes vonku pekne nie 
ZPw87WT2yagXd9QO1D3a7uqutlJ3,3,1772566118962939000,1772566118957464000,21,Insert,j,22,Dnes vonku pekne nie j
ZPw87WT2yagXd9QO1D3a7uqutlJ3,3,1772566119069526000,1772566119065575000,22,Insert,e,23,Dnes vonku pekne nie je
ZPw87WT2yagXd9QO1D3a7uqutlJ3,3,1772566119841372000,1772566119832114000,23,Insert,",",24,"Dnes vonku pekne nie je,"
ZPw87WT2yagXd9QO1D3a7uqutlJ3,3,1772566120581663000,1772566120570377000,24,Insert, ,25,"Dnes vonku pekne nie je, "
ZPw87WT2yagXd9QO1D3a7uqutlJ3,3,1772566121080991000,1772566121078104000,25,Insert,d,26,"Dnes vonku pekne nie je, d"
ZPw87WT2yagXd9QO1D3a7uqutlJ3,3,1772566121354535000,1772566121345018000,26,Insert,a,27,"Dnes vonku pekne nie je, da"
ZPw87WT2yagXd9QO1D3a7uqutlJ3,3,1772566121486100000,1772566121482509000,27,Insert,l,28,"Dnes vonku pekne nie je, dal"
ZPw87WT2yagXd9QO1D3a7uqutlJ3,3,1772566121775148000,1772566121767991000,28,Insert, ,29,"Dnes vonku pekne nie je, dal "
ZPw87WT2yagXd9QO1D3a7uqutlJ3,3,1772566122016164000,1772566122006597000,29,Insert,b,30,"Dnes vonku pekne nie je, dal b"
ZPw87WT2yagXd9QO1D3a7uqutlJ3,3,1772566122118243000,1772566122114150000,30,Insert,y,31,"Dnes vonku pekne nie je, dal by"
ZPw87WT2yagXd9QO1D3a7uqutlJ3,3,1772566122282721000,1772566122278471000,31,Insert, ,32,"Dnes vonku pekne nie je, dal by "
ZPw87WT2yagXd9QO1D3a7uqutlJ3,3,1772566122433802000,1772566122429013000,32,Insert,s,33,"Dnes vonku pekne nie je, dal by s"
ZPw87WT2yagXd9QO1D3a7uqutlJ3,3,1772566122622796000,1772566122618943000,33,Insert,o,34,"Dnes vonku pekne nie je, dal by so"
ZPw87WT2yagXd9QO1D3a7uqutlJ3,3,1772566122848087000,1772566122842136000,34,Insert,m,35,"Dnes vonku pekne nie je, dal by som"
ZPw87WT2yagXd9QO1D3a7uqutlJ3,3,1772566123099341000,1772566123093036000,35,Insert, ,36,"Dnes vonku pekne nie je, dal by som "
ZPw87WT2yagXd9QO1D3a7uqutlJ3,3,1772566123254984000,1772566123249292000,36,Insert,s,37,"Dnes vonku pekne nie je, dal by som s"
ZPw87WT2yagXd9QO1D3a7uqutlJ3,3,1772566123456407000,1772566123452286000,37,Insert,i,38,"Dnes vonku pekne nie je, dal by som si"
ZPw87WT2yagXd9QO1D3a7uqutlJ3,3,1772566123671878000,1772566123665733000,38,Insert, ,39,"Dnes vonku pekne nie je, dal by som si "
ZPw87WT2yagXd9QO1D3a7uqutlJ3,3,1772566123999114000,1772566123992934000,39,Insert,p,40,"Dnes vonku pekne nie je, dal by som si p"
ZPw87WT2yagXd9QO1D3a7uqutlJ3,3,1772566124278732000,1772566124272541000,40,Insert,i,41,"Dnes vonku pekne nie je, dal by som si pi"
ZPw87WT2yagXd9QO1D3a7uqutlJ3,3,1772566124600591000,1772566124593655000,41,Insert,v,42,"Dnes vonku pekne nie je, dal by som si piv"
ZPw87WT2yagXd9QO1D3a7uqutlJ3,3,1772566124885305000,1772566124878315000,42,Insert,k,43,"Dnes vonku pekne nie je, dal by som si pivk"
ZPw87WT2yagXd9QO1D3a7uqutlJ3,3,1772566125084127000,1772566125078965000,43,Insert,o,44,"Dnes vonku pekne nie je, dal by som si pivko"
ZPw87WT2yagXd9QO1D3a7uqutlJ3,3,1772566127195959000,1772566127188734000,44,Insert,",",45,"Dnes vonku pekne nie je, dal by som si pivko,"
ZPw87WT2yagXd9QO1D3a7uqutlJ3,3,1772566127507908000,1772566127501476000,45,Insert, ,46,"Dnes vonku pekne nie je, dal by som si pivko, "
ZPw87WT2yagXd9QO1D3a7uqutlJ3,3,1772566127689230000,1772566127684540000,46,Insert,a,47,"Dnes vonku pekne nie je, dal by som si pivko, a"
ZPw87WT2yagXd9QO1D3a7uqutlJ3,3,1772566127848848000,1772566127844966000,47,Insert,l,48,"Dnes vonku pekne nie je, dal by som si pivko, al"
ZPw87WT2yagXd9QO1D3a7uqutlJ3,3,1772566128084808000,1772566128076335000,48,Insert,e,49,"Dnes vonku pekne nie je, dal by som si pivko, ale"
ZPw87WT2yagXd9QO1D3a7uqutlJ3,3,1772566128368163000,1772566128361056000,49,Insert, ,50,"Dnes vonku pekne nie je, dal by som si pivko, ale "
ZPw87WT2yagXd9QO1D3a7uqutlJ3,3,1772566128628698000,1772566128620318000,50,Insert,e,51,"Dnes vonku pekne nie je, dal by som si pivko, ale e"
ZPw87WT2yagXd9QO1D3a7uqutlJ3,3,1772566128820117000,1772566128815255000,51,Insert,s,52,"Dnes vonku pekne nie je, dal by som si pivko, ale es"
ZPw87WT2yagXd9QO1D3a7uqutlJ3,3,1772566129006299000,1772566129002474000,52,Insert,t,53,"Dnes vonku pekne nie je, dal by som si pivko, ale est"
ZPw87WT2yagXd9QO1D3a7uqutlJ3,3,1772566129165066000,1772566129161306000,53,Insert,e,54,"Dnes vonku pekne nie je, dal by som si pivko, ale este"
ZPw87WT2yagXd9QO1D3a7uqutlJ3,3,1772566129322206000,1772566129317657000,54,Insert, ,55,"Dnes vonku pekne nie je, dal by som si pivko, ale este "
ZPw87WT2yagXd9QO1D3a7uqutlJ3,3,1772566129642196000,1772566129633924000,55,Insert,m,56,"Dnes vonku pekne nie je, dal by som si pivko, ale este m"
ZPw87WT2yagXd9QO1D3a7uqutlJ3,3,1772566129761222000,1772566129755385000,56,Insert,a,57,"Dnes vonku pekne nie je, dal by som si pivko, ale este ma"
ZPw87WT2yagXd9QO1D3a7uqutlJ3,3,1772566129951080000,1772566129944132000,57,Insert,m,58,"Dnes vonku pekne nie je, dal by som si pivko, ale este mam"
ZPw87WT2yagXd9QO1D3a7uqutlJ3,3,1772566130321385000,1772566130313073000,58,Insert, ,59,"Dnes vonku pekne nie je, dal by som si pivko, ale este mam "
ZPw87WT2yagXd9QO1D3a7uqutlJ3,3,1772566130796482000,1772566130790580000,59,Insert,p,60,"Dnes vonku pekne nie je, dal by som si pivko, ale este mam p"
ZPw87WT2yagXd9QO1D3a7uqutlJ3,3,1772566131112740000,1772566131105698000,60,Insert,o,61,"Dnes vonku pekne nie je, dal by som si pivko, ale este mam po"
ZPw87WT2yagXd9QO1D3a7uqutlJ3,3,1772566131540881000,1772566131534605000,61,Insert,v,62,"Dnes vonku pekne nie je, dal by som si pivko, ale este mam pov"
ZPw87WT2yagXd9QO1D3a7uqutlJ3,3,1772566131862937000,1772566131856419000,62,Insert,i,63,"Dnes vonku pekne nie je, dal by som si pivko, ale este mam povi"
ZPw87WT2yagXd9QO1D3a7uqutlJ3,3,1772566132157245000,1772566132152842000,63,Insert,n,64,"Dnes vonku pekne nie je, dal by som si pivko, ale este mam povin"
ZPw87WT2yagXd9QO1D3a7uqutlJ3,3,1772566132328996000,1772566132323340000,64,Insert,n,65,"Dnes vonku pekne nie je, dal by som si pivko, ale este mam povinn"
ZPw87WT2yagXd9QO1D3a7uqutlJ3,3,1772566132712551000,1772566132706217000,65,Insert,o,66,"Dnes vonku pekne nie je, dal by som si pivko, ale este mam povinno"
ZPw87WT2yagXd9QO1D3a7uqutlJ3,3,1772566132862965000,1772566132858085000,66,Insert,s,67,"Dnes vonku pekne nie je, dal by som si pivko, ale este mam povinnos"
ZPw87WT2yagXd9QO1D3a7uqutlJ3,3,1772566133178287000,1772566133172344000,67,Insert,t,68,"Dnes vonku pekne nie je, dal by som si pivko, ale este mam povinnost"
ZPw87WT2yagXd9QO1D3a7uqutlJ3,3,1772566133506556000,1772566133498941000,68,Insert,i,69,"Dnes vonku pekne nie je, dal by som si pivko, ale este mam povinnosti"
ZPw87WT2yagXd9QO1D3a7uqutlJ3,3,1772566134176770000,1772566134167618000,69,Insert,",",70,"Dnes vonku pekne nie je, dal by som si pivko, ale este mam povinnosti,"
ZPw87WT2yagXd9QO1D3a7uqutlJ3,3,1772566134565491000,1772566134559007000,70,Insert, ,71,"Dnes vonku pekne nie je, dal by som si pivko, ale este mam povinnosti, "
ZPw87WT2yagXd9QO1D3a7uqutlJ3,3,1772566134869804000,1772566134863744000,71,Insert,k,72,"Dnes vonku pekne nie je, dal by som si pivko, ale este mam povinnosti, k"
ZPw87WT2yagXd9QO1D3a7uqutlJ3,3,1772566135147153000,1772566135136962000,72,Insert,t,73,"Dnes vonku pekne nie je, dal by som si pivko, ale este mam povinnosti, kt"
ZPw87WT2yagXd9QO1D3a7uqutlJ3,3,1772566135358001000,1772566135349431000,73,Insert,o,74,"Dnes vonku pekne nie je, dal by som si pivko, ale este mam povinnosti, kto"
ZPw87WT2yagXd9QO1D3a7uqutlJ3,3,1772566135463044000,1772566135457051000,74,Insert,r,75,"Dnes vonku pekne nie je, dal by som si pivko, ale este mam povinnosti, ktor"
ZPw87WT2yagXd9QO1D3a7uqutlJ3,3,1772566135591388000,1772566135588062000,75,Insert,e,76,"Dnes vonku pekne nie je, dal by som si pivko, ale este mam povinnosti, ktore"
ZPw87WT2yagXd9QO1D3a7uqutlJ3,3,1772566136018049000,1772566136010383000,76,Insert, ,77,"Dnes vonku pekne nie je, dal by som si pivko, ale este mam povinnosti, ktore "
ZPw87WT2yagXd9QO1D3a7uqutlJ3,3,1772566136355395000,1772566136348479000,77,Insert,m,78,"Dnes vonku pekne nie je, dal by som si pivko, ale este mam povinnosti, ktore m"
ZPw87WT2yagXd9QO1D3a7uqutlJ3,3,1772566136621178000,1772566136615064000,78,Insert,u,79,"Dnes vonku pekne nie je, dal by som si pivko, ale este mam povinnosti, ktore mu"
ZPw87WT2yagXd9QO1D3a7uqutlJ3,3,1772566136752371000,1772566136743047000,79,Insert,s,80,"Dnes vonku pekne nie je, dal by som si pivko, ale este mam povinnosti, ktore mus"
ZPw87WT2yagXd9QO1D3a7uqutlJ3,3,1772566136886355000,1772566136882475000,80,Insert,i,81,"Dnes vonku pekne nie je, dal by som si pivko, ale este mam povinnosti, ktore musi"
ZPw87WT2yagXd9QO1D3a7uqutlJ3,3,1772566137124289000,1772566137118134000,81,Insert,m,82,"Dnes vonku pekne nie je, dal by som si pivko, ale este mam povinnosti, ktore musim"
ZPw87WT2yagXd9QO1D3a7uqutlJ3,3,1772566137387330000,1772566137379204000,82,Insert, ,83,"Dnes vonku pekne nie je, dal by som si pivko, ale este mam povinnosti, ktore musim "
ZPw87WT2yagXd9QO1D3a7uqutlJ3,3,1772566137553053000,1772566137548108000,83,Insert,s,84,"Dnes vonku pekne nie je, dal by som si pivko, ale este mam povinnosti, ktore musim s"
ZPw87WT2yagXd9QO1D3a7uqutlJ3,3,1772566137758350000,1772566137753178000,84,Insert,p,85,"Dnes vonku pekne nie je, dal by som si pivko, ale este mam povinnosti, ktore musim sp"
ZPw87WT2yagXd9QO1D3a7uqutlJ3,3,1772566138104289000,1772566138098875000,85,Insert,r,86,"Dnes vonku pekne nie je, dal by som si pivko, ale este mam povinnosti, ktore musim spr"
ZPw87WT2yagXd9QO1D3a7uqutlJ3,3,1772566138274774000,1772566138270114000,86,Insert,a,87,"Dnes vonku pekne nie je, dal by som si pivko, ale este mam povinnosti, ktore musim spra"
ZPw87WT2yagXd9QO1D3a7uqutlJ3,3,1772566138473361000,1772566138469001000,87,Insert,v,88,"Dnes vonku pekne nie je, dal by som si pivko, ale este mam povinnosti, ktore musim sprav"
ZPw87WT2yagXd9QO1D3a7uqutlJ3,3,1772566138788669000,1772566138780530000,88,Insert,i,89,"Dnes vonku pekne nie je, dal by som si pivko, ale este mam povinnosti, ktore musim spravi"
ZPw87WT2yagXd9QO1D3a7uqutlJ3,3,1772566139081863000,1772566139075732000,89,Insert,t,90,"Dnes vonku pekne nie je, dal by som si pivko, ale este mam povinnosti, ktore musim spravit"
ZPw87WT2yagXd9QO1D3a7uqutlJ3,3,1772566139767672000,1772566139758278000,90,Insert, ,91,"Dnes vonku pekne nie je, dal by som si pivko, ale este mam povinnosti, ktore musim spravit "
ZPw87WT2yagXd9QO1D3a7uqutlJ3,3,1772566141264901000,1772566141258227000,91,Delete, ,90,"Dnes vonku pekne nie je, dal by som si pivko, ale este mam povinnosti, ktore musim spravit"
ZPw87WT2yagXd9QO1D3a7uqutlJ3,3,1772566141541772000,1772566141535269000,90,Insert,.,91,"Dnes vonku pekne nie je, dal by som si pivko, ale este mam povinnosti, ktore musim spravit."
ZPw87WT2yagXd9QO1D3a7uqutlJ3,4,1772566143675545000,1772566143667444000,0,Insert,D,1,D
ZPw87WT2yagXd9QO1D3a7uqutlJ3,4,1772566143851200000,1772566143846582000,1,Insert,n,2,Dn
ZPw87WT2yagXd9QO1D3a7uqutlJ3,4,1772566143982534000,1772566143978671000,2,Insert,e,3,Dne
ZPw87WT2yagXd9QO1D3a7uqutlJ3,4,1772566144168356000,1772566144161418000,3,Insert,s,4,Dnes
ZPw87WT2yagXd9QO1D3a7uqutlJ3,4,1772566144295396000,1772566144291685000,4,Insert, ,5,Dnes 
ZPw87WT2yagXd9QO1D3a7uqutlJ3,4,1772566144559560000,1772566144551513000,5,Insert,j,6,Dnes j
ZPw87WT2yagXd9QO1D3a7uqutlJ3,4,1772566144669557000,1772566144665944000,6,Insert,e,7,Dnes je
ZPw87WT2yagXd9QO1D3a7uqutlJ3,4,1772566144814856000,1772566144810693000,7,Insert, ,8,Dnes je 
ZPw87WT2yagXd9QO1D3a7uqutlJ3,4,1772566145050111000,1772566145046127000,8,Insert,v,9,Dnes je v
ZPw87WT2yagXd9QO1D3a7uqutlJ3,4,1772566146528011000,1772566146522051000,9,Delete,v,8,Dnes je 
ZPw87WT2yagXd9QO1D3a7uqutlJ3,4,1772566146681015000,1772566146678186000,8,Delete, ,7,Dnes je
ZPw87WT2yagXd9QO1D3a7uqutlJ3,4,1772566146823591000,1772566146817662000,7,Delete,e,6,Dnes j
ZPw87WT2yagXd9QO1D3a7uqutlJ3,4,1772566146958286000,1772566146955195000,6,Delete,j,5,Dnes 
ZPw87WT2yagXd9QO1D3a7uqutlJ3,4,1772566147097792000,1772566147095406000,5,Delete, ,4,Dnes
ZPw87WT2yagXd9QO1D3a7uqutlJ3,4,1772566147662072000,1772566147654232000,4,Insert, ,5,Dnes 
ZPw87WT2yagXd9QO1D3a7uqutlJ3,4,1772566147933377000,1772566147929228000,5,Insert,v,6,Dnes v
ZPw87WT2yagXd9QO1D3a7uqutlJ3,4,1772566148276827000,1772566148270459000,6,Insert,o,7,Dnes vo
ZPw87WT2yagXd9QO1D3a7uqutlJ3,4,1772566148549520000,1772566148542424000,7,Insert,n,8,Dnes von
ZPw87WT2yagXd9QO1D3a7uqutlJ3,4,1772566148781603000,1772566148777248000,8,Insert,k,9,Dnes vonk
ZPw87WT2yagXd9QO1D3a7uqutlJ3,4,1772566148970701000,1772566148968708000,9,Insert,u,10,Dnes vonku
ZPw87WT2yagXd9QO1D3a7uqutlJ3,4,1772566149303165000,1772566149298494000,10,Insert, ,11,Dnes vonku 
ZPw87WT2yagXd9QO1D3a7uqutlJ3,4,1772566149728706000,1772566149722561000,11,Insert,p,12,Dnes vonku p
ZPw87WT2yagXd9QO1D3a7uqutlJ3,4,1772566149889797000,1772566149885951000,12,Insert,e,13,Dnes vonku pe
ZPw87WT2yagXd9QO1D3a7uqutlJ3,4,1772566150116655000,1772566150110282000,13,Insert,k,14,Dnes vonku pek
ZPw87WT2yagXd9QO1D3a7uqutlJ3,4,1772566150343796000,1772566150336952000,14,Insert,n,15,Dnes vonku pekn
ZPw87WT2yagXd9QO1D3a7uqutlJ3,4,1772566150435900000,1772566150432264000,15,Insert,e,16,Dnes vonku pekne
ZPw87WT2yagXd9QO1D3a7uqutlJ3,4,1772566150593370000,1772566150590103000,16,Insert, ,17,Dnes vonku pekne 
ZPw87WT2yagXd9QO1D3a7uqutlJ3,4,1772566150803421000,1772566150799789000,17,Insert,n,18,Dnes vonku pekne n
ZPw87WT2yagXd9QO1D3a7uqutlJ3,4,1772566151052508000,1772566151045082000,18,Insert,i,19,Dnes vonku pekne ni
ZPw87WT2yagXd9QO1D3a7uqutlJ3,4,1772566151195448000,1772566151191425000,19,Insert,e,20,Dnes vonku pekne nie
ZPw87WT2yagXd9QO1D3a7uqutlJ3,4,1772566151492323000,1772566151485797000,20,Insert, ,21,Dnes vonku pekne nie 
ZPw87WT2yagXd9QO1D3a7uqutlJ3,4,1772566151740547000,1772566151734801000,21,Insert,j,22,Dnes vonku pekne nie j
ZPw87WT2yagXd9QO1D3a7uqutlJ3,4,1772566151850262000,1772566151844649000,22,Insert,e,23,Dnes vonku pekne nie je
ZPw87WT2yagXd9QO1D3a7uqutlJ3,4,1772566152061968000,1772566152055821000,23,Insert, ,24,Dnes vonku pekne nie je 
ZPw87WT2yagXd9QO1D3a7uqutlJ3,4,1772566152602172000,1772566152597809000,24,Delete, ,23,Dnes vonku pekne nie je
ZPw87WT2yagXd9QO1D3a7uqutlJ3,4,1772566152956146000,1772566152948130000,23,Insert,",",24,"Dnes vonku pekne nie je,"
ZPw87WT2yagXd9QO1D3a7uqutlJ3,4,1772566153132380000,1772566153127844000,24,Insert, ,25,"Dnes vonku pekne nie je, "
ZPw87WT2yagXd9QO1D3a7uqutlJ3,4,1772566153427906000,1772566153420409000,25,Insert,d,26,"Dnes vonku pekne nie je, d"
ZPw87WT2yagXd9QO1D3a7uqutlJ3,4,1772566153710118000,1772566153700130000,26,Insert,a,27,"Dnes vonku pekne nie je, da"
ZPw87WT2yagXd9QO1D3a7uqutlJ3,4,1772566153841696000,1772566153836845000,27,Insert,l,28,"Dnes vonku pekne nie je, dal"
ZPw87WT2yagXd9QO1D3a7uqutlJ3,4,1772566154118852000,1772566154112330000,28,Insert, ,29,"Dnes vonku pekne nie je, dal "
ZPw87WT2yagXd9QO1D3a7uqutlJ3,4,1772566154585982000,1772566154578195000,29,Insert,b,30,"Dnes vonku pekne nie je, dal b"
ZPw87WT2yagXd9QO1D3a7uqutlJ3,4,1772566154694786000,1772566154686942000,30,Insert,y,31,"Dnes vonku pekne nie je, dal by"
ZPw87WT2yagXd9QO1D3a7uqutlJ3,4,1772566154874280000,1772566154867967000,31,Insert, ,32,"Dnes vonku pekne nie je, dal by "
ZPw87WT2yagXd9QO1D3a7uqutlJ3,4,1772566155037898000,1772566155033546000,32,Insert,s,33,"Dnes vonku pekne nie je, dal by s"
ZPw87WT2yagXd9QO1D3a7uqutlJ3,4,1772566155210875000,1772566155206748000,33,Insert,o,34,"Dnes vonku pekne nie je, dal by so"
ZPw87WT2yagXd9QO1D3a7uqutlJ3,4,1772566155432820000,1772566155426583000,34,Insert,m,35,"Dnes vonku pekne nie je, dal by som"
ZPw87WT2yagXd9QO1D3a7uqutlJ3,4,1772566155669327000,1772566155662762000,35,Insert, ,36,"Dnes vonku pekne nie je, dal by som "
ZPw87WT2yagXd9QO1D3a7uqutlJ3,4,1772566155836940000,1772566155832452000,36,Insert,s,37,"Dnes vonku pekne nie je, dal by som s"
ZPw87WT2yagXd9QO1D3a7uqutlJ3,4,1772566155994603000,1772566155990406000,37,Insert,i,38,"Dnes vonku pekne nie je, dal by som si"
ZPw87WT2yagXd9QO1D3a7uqutlJ3,4,1772566156222147000,1772566156214949000,38,Insert, ,39,"Dnes vonku pekne nie je, dal by som si "
ZPw87WT2yagXd9QO1D3a7uqutlJ3,4,1772566156573241000,1772566156565915000,39,Insert,p,40,"Dnes vonku pekne nie je, dal by som si p"
ZPw87WT2yagXd9QO1D3a7uqutlJ3,4,1772566156838253000,1772566156831997000,40,Insert,i,41,"Dnes vonku pekne nie je, dal by som si pi"
ZPw87WT2yagXd9QO1D3a7uqutlJ3,4,1772566157170733000,1772566157164748000,41,Insert,v,42,"Dnes vonku pekne nie je, dal by som si piv"
ZPw87WT2yagXd9QO1D3a7uqutlJ3,4,1772566157438803000,1772566157432441000,42,Insert,k,43,"Dnes vonku pekne nie je, dal by som si pivk"
ZPw87WT2yagXd9QO1D3a7uqutlJ3,4,1772566157655096000,1772566157648866000,43,Insert,o,44,"Dnes vonku pekne nie je, dal by som si pivko"
ZPw87WT2yagXd9QO1D3a7uqutlJ3,4,1772566159481363000,1772566159471962000,44,Insert,",",45,"Dnes vonku pekne nie je, dal by som si pivko,"
ZPw87WT2yagXd9QO1D3a7uqutlJ3,4,1772566159874187000,1772566159866551000,45,Insert, ,46,"Dnes vonku pekne nie je, dal by som si pivko, "
ZPw87WT2yagXd9QO1D3a7uqutlJ3,4,1772566160181038000,1772566160171450000,46,Insert,a,47,"Dnes vonku pekne nie je, dal by som si pivko, a"
ZPw87WT2yagXd9QO1D3a7uqutlJ3,4,1772566160346192000,1772566160332781000,47,Insert,l,48,"Dnes vonku pekne nie je, dal by som si pivko, al"
ZPw87WT2yagXd9QO1D3a7uqutlJ3,4,1772566160544686000,1772566160540260000,48,Insert,e,49,"Dnes vonku pekne nie je, dal by som si pivko, ale"
ZPw87WT2yagXd9QO1D3a7uqutlJ3,4,1772566160819102000,1772566160812288000,49,Insert, ,50,"Dnes vonku pekne nie je, dal by som si pivko, ale "
ZPw87WT2yagXd9QO1D3a7uqutlJ3,4,1772566161187620000,1772566161181387000,50,Insert,e,51,"Dnes vonku pekne nie je, dal by som si pivko, ale e"
ZPw87WT2yagXd9QO1D3a7uqutlJ3,4,1772566161385581000,1772566161380844000,51,Insert,s,52,"Dnes vonku pekne nie je, dal by som si pivko, ale es"
ZPw87WT2yagXd9QO1D3a7uqutlJ3,4,1772566161529062000,1772566161519806000,52,Insert,t,53,"Dnes vonku pekne nie je, dal by som si pivko, ale est"
ZPw87WT2yagXd9QO1D3a7uqutlJ3,4,1772566161723019000,1772566161719130000,53,Insert,e,54,"Dnes vonku pekne nie je, dal by som si pivko, ale este"
ZPw87WT2yagXd9QO1D3a7uqutlJ3,4,1772566161868507000,1772566161864476000,54,Insert, ,55,"Dnes vonku pekne nie je, dal by som si pivko, ale este "
ZPw87WT2yagXd9QO1D3a7uqutlJ3,4,1772566162165819000,1772566162156849000,55,Insert,m,56,"Dnes vonku pekne nie je, dal by som si pivko, ale este m"
ZPw87WT2yagXd9QO1D3a7uqutlJ3,4,1772566162318532000,1772566162313800000,56,Insert,a,57,"Dnes vonku pekne nie je, dal by som si pivko, ale este ma"
ZPw87WT2yagXd9QO1D3a7uqutlJ3,4,1772566162471447000,1772566162465512000,57,Insert,m,58,"Dnes vonku pekne nie je, dal by som si pivko, ale este mam"
ZPw87WT2yagXd9QO1D3a7uqutlJ3,4,1772566162740021000,1772566162731936000,58,Insert, ,59,"Dnes vonku pekne nie je, dal by som si pivko, ale este mam "
ZPw87WT2yagXd9QO1D3a7uqutlJ3,4,1772566163084519000,1772566163076566000,59,Insert,p,60,"Dnes vonku pekne nie je, dal by som si pivko, ale este mam p"
ZPw87WT2yagXd9QO1D3a7uqutlJ3,4,1772566163332880000,1772566163326694000,60,Insert,o,61,"Dnes vonku pekne nie je, dal by som si pivko, ale este mam po"
ZPw87WT2yagXd9QO1D3a7uqutlJ3,4,1772566163652639000,1772566163647136000,61,Insert,v,62,"Dnes vonku pekne nie je, dal by som si pivko, ale este mam pov"
ZPw87WT2yagXd9QO1D3a7uqutlJ3,4,1772566163931405000,1772566163925026000,62,Insert,i,63,"Dnes vonku pekne nie je, dal by som si pivko, ale este mam povi"
ZPw87WT2yagXd9QO1D3a7uqutlJ3,4,1772566164172365000,1772566164166135000,63,Insert,n,64,"Dnes vonku pekne nie je, dal by som si pivko, ale este mam povin"
ZPw87WT2yagXd9QO1D3a7uqutlJ3,4,1772566164355383000,1772566164350220000,64,Insert,n,65,"Dnes vonku pekne nie je, dal by som si pivko, ale este mam povinn"
ZPw87WT2yagXd9QO1D3a7uqutlJ3,4,1772566164800789000,1772566164794111000,65,Insert,o,66,"Dnes vonku pekne nie je, dal by som si pivko, ale este mam povinno"
ZPw87WT2yagXd9QO1D3a7uqutlJ3,4,1772566164932780000,1772566164925858000,66,Insert,s,67,"Dnes vonku pekne nie je, dal by som si pivko, ale este mam povinnos"
ZPw87WT2yagXd9QO1D3a7uqutlJ3,4,1772566165234957000,1772566165228650000,67,Insert,t,68,"Dnes vonku pekne nie je, dal by som si pivko, ale este mam povinnost"
ZPw87WT2yagXd9QO1D3a7uqutlJ3,4,1772566165568484000,1772566165562148000,68,Insert,i,69,"Dnes vonku pekne nie je, dal by som si pivko, ale este mam povinnosti"
ZPw87WT2yagXd9QO1D3a7uqutlJ3,4,1772566166322170000,1772566166313178000,69,Insert,",",70,"Dnes vonku pekne nie je, dal by som si pivko, ale este mam povinnosti,"
ZPw87WT2yagXd9QO1D3a7uqutlJ3,4,1772566166481355000,1772566166476444000,70,Insert, ,71,"Dnes vonku pekne nie je, dal by som si pivko, ale este mam povinnosti, "
ZPw87WT2yagXd9QO1D3a7uqutlJ3,4,1772566166786648000,1772566166779322000,71,Insert,k,72,"Dnes vonku pekne nie je, dal by som si pivko, ale este mam povinnosti, k"
ZPw87WT2yagXd9QO1D3a7uqutlJ3,4,1772566167065829000,1772566167058282000,72,Insert,t,73,"Dnes vonku pekne nie je, dal by som si pivko, ale este mam povinnosti, kt"
ZPw87WT2yagXd9QO1D3a7uqutlJ3,4,1772566167294334000,1772566167288318000,73,Insert,o,74,"Dnes vonku pekne nie je, dal by som si pivko, ale este mam povinnosti, kto"
ZPw87WT2yagXd9QO1D3a7uqutlJ3,4,1772566167432765000,1772566167427099000,74,Insert,r,75,"Dnes vonku pekne nie je, dal by som si pivko, ale este mam povinnosti, ktor"
ZPw87WT2yagXd9QO1D3a7uqutlJ3,4,1772566167608854000,1772566167604251000,75,Insert,e,76,"Dnes vonku pekne nie je, dal by som si pivko, ale este mam povinnosti, ktore"
ZPw87WT2yagXd9QO1D3a7uqutlJ3,4,1772566167815259000,1772566167808741000,76,Insert, ,77,"Dnes vonku pekne nie je, dal by som si pivko, ale este mam povinnosti, ktore "
ZPw87WT2yagXd9QO1D3a7uqutlJ3,4,1772566168080479000,1772566168074717000,77,Insert,m,78,"Dnes vonku pekne nie je, dal by som si pivko, ale este mam povinnosti, ktore m"
ZPw87WT2yagXd9QO1D3a7uqutlJ3,4,1772566168342823000,1772566168336014000,78,Insert,u,79,"Dnes vonku pekne nie je, dal by som si pivko, ale este mam povinnosti, ktore mu"
ZPw87WT2yagXd9QO1D3a7uqutlJ3,4,1772566168492403000,1772566168487702000,79,Insert,s,80,"Dnes vonku pekne nie je, dal by som si pivko, ale este mam povinnosti, ktore mus"
ZPw87WT2yagXd9QO1D3a7uqutlJ3,4,1772566168600234000,1772566168595269000,80,Insert,i,81,"Dnes vonku pekne nie je, dal by som si pivko, ale este mam povinnosti, ktore musi"
ZPw87WT2yagXd9QO1D3a7uqutlJ3,4,1772566168853702000,1772566168847532000,81,Insert,m,82,"Dnes vonku pekne nie je, dal by som si pivko, ale este mam povinnosti, ktore musim"
ZPw87WT2yagXd9QO1D3a7uqutlJ3,4,1772566169096401000,1772566169089269000,82,Insert, ,83,"Dnes vonku pekne nie je, dal by som si pivko, ale este mam povinnosti, ktore musim "
ZPw87WT2yagXd9QO1D3a7uqutlJ3,4,1772566169275759000,1772566169269150000,83,Insert,s,84,"Dnes vonku pekne nie je, dal by som si pivko, ale este mam povinnosti, ktore musim s"
ZPw87WT2yagXd9QO1D3a7uqutlJ3,4,1772566169480294000,1772566169474828000,84,Insert,p,85,"Dnes vonku pekne nie je, dal by som si pivko, ale este mam povinnosti, ktore musim sp"
ZPw87WT2yagXd9QO1D3a7uqutlJ3,4,1772566169868935000,1772566169862360000,85,Insert,r,86,"Dnes vonku pekne nie je, dal by som si pivko, ale este mam povinnosti, ktore musim spr"
ZPw87WT2yagXd9QO1D3a7uqutlJ3,4,1772566170067683000,1772566170056686000,86,Insert,a,87,"Dnes vonku pekne nie je, dal by som si pivko, ale este mam povinnosti, ktore musim spra"
ZPw87WT2yagXd9QO1D3a7uqutlJ3,4,1772566170293382000,1772566170286811000,87,Insert,v,88,"Dnes vonku pekne nie je, dal by som si pivko, ale este mam povinnosti, ktore musim sprav"
ZPw87WT2yagXd9QO1D3a7uqutlJ3,4,1772566170589699000,1772566170584580000,88,Insert,i,89,"Dnes vonku pekne nie je, dal by som si pivko, ale este mam povinnosti, ktore musim spravi"
ZPw87WT2yagXd9QO1D3a7uqutlJ3,4,1772566170870380000,1772566170863684000,89,Insert,t,90,"Dnes vonku pekne nie je, dal by som si pivko, ale este mam povinnosti, ktore musim spravit"
ZPw87WT2yagXd9QO1D3a7uqutlJ3,4,1772566172076319000,1772566172064994000,90,Insert,.,91,"Dnes vonku pekne nie je, dal by som si pivko, ale este mam povinnosti, ktore musim spravit."
ZPw87WT2yagXd9QO1D3a7uqutlJ3,5,1772566173146617000,1772566173138955000,0,Insert,D,1,D
ZPw87WT2yagXd9QO1D3a7uqutlJ3,5,1772566173572553000,1772566173566831000,1,Insert,n,2,Dn
ZPw87WT2yagXd9QO1D3a7uqutlJ3,5,1772566173677108000,1772566173673358000,2,Insert,e,3,Dne
ZPw87WT2yagXd9QO1D3a7uqutlJ3,5,1772566173856315000,1772566173849977000,3,Insert,s,4,Dnes
ZPw87WT2yagXd9QO1D3a7uqutlJ3,5,1772566174010536000,1772566174006796000,4,Insert, ,5,Dnes 
ZPw87WT2yagXd9QO1D3a7uqutlJ3,5,1772566174221370000,1772566174215867000,5,Insert,j,6,Dnes j
ZPw87WT2yagXd9QO1D3a7uqutlJ3,5,1772566175267763000,1772566175263230000,6,Delete,j,5,Dnes 
ZPw87WT2yagXd9QO1D3a7uqutlJ3,5,1772566175857482000,1772566175852725000,5,Insert,v,6,Dnes v
ZPw87WT2yagXd9QO1D3a7uqutlJ3,5,1772566176203960000,1772566176198503000,6,Insert,o,7,Dnes vo
ZPw87WT2yagXd9QO1D3a7uqutlJ3,5,1772566176481542000,1772566176475640000,7,Insert,n,8,Dnes von
ZPw87WT2yagXd9QO1D3a7uqutlJ3,5,1772566176698960000,1772566176693181000,8,Insert,k,9,Dnes vonk
ZPw87WT2yagXd9QO1D3a7uqutlJ3,5,1772566176917545000,1772566176911872000,9,Insert,u,10,Dnes vonku
ZPw87WT2yagXd9QO1D3a7uqutlJ3,5,1772566177802703000,1772566177794701000,10,Insert, ,11,Dnes vonku 
ZPw87WT2yagXd9QO1D3a7uqutlJ3,5,1772566178129847000,1772566178123782000,11,Insert,p,12,Dnes vonku p
ZPw87WT2yagXd9QO1D3a7uqutlJ3,5,1772566178300655000,1772566178293260000,12,Insert,e,13,Dnes vonku pe
ZPw87WT2yagXd9QO1D3a7uqutlJ3,5,1772566178470592000,1772566178467136000,13,Insert,k,14,Dnes vonku pek
ZPw87WT2yagXd9QO1D3a7uqutlJ3,5,1772566178713060000,1772566178704024000,14,Insert,n,15,Dnes vonku pekn
ZPw87WT2yagXd9QO1D3a7uqutlJ3,5,1772566178836427000,1772566178832994000,15,Insert,e,16,Dnes vonku pekne
ZPw87WT2yagXd9QO1D3a7uqutlJ3,5,1772566178975237000,1772566178971575000,16,Insert, ,17,Dnes vonku pekne 
ZPw87WT2yagXd9QO1D3a7uqutlJ3,5,1772566179219661000,1772566179214026000,17,Insert,n,18,Dnes vonku pekne n
ZPw87WT2yagXd9QO1D3a7uqutlJ3,5,1772566179457297000,1772566179451577000,18,Insert,i,19,Dnes vonku pekne ni
ZPw87WT2yagXd9QO1D3a7uqutlJ3,5,1772566179581838000,1772566179577657000,19,Insert,e,20,Dnes vonku pekne nie
ZPw87WT2yagXd9QO1D3a7uqutlJ3,5,1772566179796652000,1772566179790397000,20,Insert, ,21,Dnes vonku pekne nie 
ZPw87WT2yagXd9QO1D3a7uqutlJ3,5,1772566180454237000,1772566180442289000,21,Insert,j,22,Dnes vonku pekne nie j
ZPw87WT2yagXd9QO1D3a7uqutlJ3,5,1772566180537335000,1772566180533680000,22,Insert,e,23,Dnes vonku pekne nie je
ZPw87WT2yagXd9QO1D3a7uqutlJ3,5,1772566181159403000,1772566181152072000,23,Insert,",",24,"Dnes vonku pekne nie je,"
ZPw87WT2yagXd9QO1D3a7uqutlJ3,5,1772566181443814000,1772566181438159000,24,Insert, ,25,"Dnes vonku pekne nie je, "
ZPw87WT2yagXd9QO1D3a7uqutlJ3,5,1772566181641355000,1772566181637275000,25,Insert,d,26,"Dnes vonku pekne nie je, d"
ZPw87WT2yagXd9QO1D3a7uqutlJ3,5,1772566181922605000,1772566181912715000,26,Insert,a,27,"Dnes vonku pekne nie je, da"
ZPw87WT2yagXd9QO1D3a7uqutlJ3,5,1772566182036631000,1772566182032933000,27,Insert,l,28,"Dnes vonku pekne nie je, dal"
ZPw87WT2yagXd9QO1D3a7uqutlJ3,5,1772566182503996000,1772566182497989000,28,Insert, ,29,"Dnes vonku pekne nie je, dal "
ZPw87WT2yagXd9QO1D3a7uqutlJ3,5,1772566182735211000,1772566182728621000,29,Insert,b,30,"Dnes vonku pekne nie je, dal b"
ZPw87WT2yagXd9QO1D3a7uqutlJ3,5,1772566182865877000,1772566182860987000,30,Insert,y,31,"Dnes vonku pekne nie je, dal by"
ZPw87WT2yagXd9QO1D3a7uqutlJ3,5,1772566183102258000,1772566183097822000,31,Insert, ,32,"Dnes vonku pekne nie je, dal by "
ZPw87WT2yagXd9QO1D3a7uqutlJ3,5,1772566183296215000,1772566183291746000,32,Insert,s,33,"Dnes vonku pekne nie je, dal by s"
ZPw87WT2yagXd9QO1D3a7uqutlJ3,5,1772566183537523000,1772566183531089000,33,Insert,o,34,"Dnes vonku pekne nie je, dal by so"
ZPw87WT2yagXd9QO1D3a7uqutlJ3,5,1772566183766863000,1772566183760393000,34,Insert,m,35,"Dnes vonku pekne nie je, dal by som"
ZPw87WT2yagXd9QO1D3a7uqutlJ3,5,1772566184068303000,1772566184064313000,35,Insert, ,36,"Dnes vonku pekne nie je, dal by som "
ZPw87WT2yagXd9QO1D3a7uqutlJ3,5,1772566184261792000,1772566184257173000,36,Insert,s,37,"Dnes vonku pekne nie je, dal by som s"
ZPw87WT2yagXd9QO1D3a7uqutlJ3,5,1772566184468789000,1772566184462709000,37,Insert,i,38,"Dnes vonku pekne nie je, dal by som si"
ZPw87WT2yagXd9QO1D3a7uqutlJ3,5,1772566184737606000,1772566184730963000,38,Insert, ,39,"Dnes vonku pekne nie je, dal by som si "
ZPw87WT2yagXd9QO1D3a7uqutlJ3,5,1772566185063982000,1772566185057570000,39,Insert,p,40,"Dnes vonku pekne nie je, dal by som si p"
ZPw87WT2yagXd9QO1D3a7uqutlJ3,5,1772566185305448000,1772566185298811000,40,Insert,i,41,"Dnes vonku pekne nie je, dal by som si pi"
ZPw87WT2yagXd9QO1D3a7uqutlJ3,5,1772566185672341000,1772566185668294000,41,Insert,v,42,"Dnes vonku pekne nie je, dal by som si piv"
ZPw87WT2yagXd9QO1D3a7uqutlJ3,5,1772566185970131000,1772566185964552000,42,Insert,k,43,"Dnes vonku pekne nie je, dal by som si pivk"
ZPw87WT2yagXd9QO1D3a7uqutlJ3,5,1772566186189371000,1772566186183556000,43,Insert,o,44,"Dnes vonku pekne nie je, dal by som si pivko"
ZPw87WT2yagXd9QO1D3a7uqutlJ3,5,1772566187648820000,1772566187639692000,44,Insert,",",45,"Dnes vonku pekne nie je, dal by som si pivko,"
ZPw87WT2yagXd9QO1D3a7uqutlJ3,5,1772566187891383000,1772566187884047000,45,Insert, ,46,"Dnes vonku pekne nie je, dal by som si pivko, "
ZPw87WT2yagXd9QO1D3a7uqutlJ3,5,1772566188125000000,1772566188116428000,46,Insert,a,47,"Dnes vonku pekne nie je, dal by som si pivko, a"
ZPw87WT2yagXd9QO1D3a7uqutlJ3,5,1772566188258484000,1772566188253751000,47,Insert,l,48,"Dnes vonku pekne nie je, dal by som si pivko, al"
ZPw87WT2yagXd9QO1D3a7uqutlJ3,5,1772566188423377000,1772566188416712000,48,Insert,e,49,"Dnes vonku pekne nie je, dal by som si pivko, ale"
ZPw87WT2yagXd9QO1D3a7uqutlJ3,5,1772566189209460000,1772566189200835000,49,Insert, ,50,"Dnes vonku pekne nie je, dal by som si pivko, ale "
ZPw87WT2yagXd9QO1D3a7uqutlJ3,5,1772566189625422000,1772566189619251000,50,Insert,e,51,"Dnes vonku pekne nie je, dal by som si pivko, ale e"
ZPw87WT2yagXd9QO1D3a7uqutlJ3,5,1772566189817571000,1772566189813712000,51,Insert,s,52,"Dnes vonku pekne nie je, dal by som si pivko, ale es"
ZPw87WT2yagXd9QO1D3a7uqutlJ3,5,1772566189993136000,1772566189989054000,52,Insert,t,53,"Dnes vonku pekne nie je, dal by som si pivko, ale est"
ZPw87WT2yagXd9QO1D3a7uqutlJ3,5,1772566190163777000,1772566190155103000,53,Insert,e,54,"Dnes vonku pekne nie je, dal by som si pivko, ale este"
ZPw87WT2yagXd9QO1D3a7uqutlJ3,5,1772566190314656000,1772566190310690000,54,Insert, ,55,"Dnes vonku pekne nie je, dal by som si pivko, ale este "
ZPw87WT2yagXd9QO1D3a7uqutlJ3,5,1772566190576644000,1772566190566736000,55,Insert,m,56,"Dnes vonku pekne nie je, dal by som si pivko, ale este m"
ZPw87WT2yagXd9QO1D3a7uqutlJ3,5,1772566190742429000,1772566190738442000,56,Insert,a,57,"Dnes vonku pekne nie je, dal by som si pivko, ale este ma"
ZPw87WT2yagXd9QO1D3a7uqutlJ3,5,1772566190921656000,1772566190916460000,57,Insert,m,58,"Dnes vonku pekne nie je, dal by som si pivko, ale este mam"
ZPw87WT2yagXd9QO1D3a7uqutlJ3,5,1772566191295150000,1772566191287853000,58,Insert, ,59,"Dnes vonku pekne nie je, dal by som si pivko, ale este mam "
ZPw87WT2yagXd9QO1D3a7uqutlJ3,5,1772566191788545000,1772566191782656000,59,Insert,p,60,"Dnes vonku pekne nie je, dal by som si pivko, ale este mam p"
ZPw87WT2yagXd9QO1D3a7uqutlJ3,5,1772566192020186000,1772566192013835000,60,Insert,o,61,"Dnes vonku pekne nie je, dal by som si pivko, ale este mam po"
ZPw87WT2yagXd9QO1D3a7uqutlJ3,5,1772566192401824000,1772566192395346000,61,Insert,v,62,"Dnes vonku pekne nie je, dal by som si pivko, ale este mam pov"
ZPw87WT2yagXd9QO1D3a7uqutlJ3,5,1772566192751406000,1772566192742839000,62,Insert,i,63,"Dnes vonku pekne nie je, dal by som si pivko, ale este mam povi"
ZPw87WT2yagXd9QO1D3a7uqutlJ3,5,1772566193018631000,1772566193012340000,63,Insert,n,64,"Dnes vonku pekne nie je, dal by som si pivko, ale este mam povin"
ZPw87WT2yagXd9QO1D3a7uqutlJ3,5,1772566193192176000,1772566193188077000,64,Insert,n,65,"Dnes vonku pekne nie je, dal by som si pivko, ale este mam povinn"
ZPw87WT2yagXd9QO1D3a7uqutlJ3,5,1772566193486486000,1772566193479352000,65,Insert,o,66,"Dnes vonku pekne nie je, dal by som si pivko, ale este mam povinno"
ZPw87WT2yagXd9QO1D3a7uqutlJ3,5,1772566193592687000,1772566193587881000,66,Insert,s,67,"Dnes vonku pekne nie je, dal by som si pivko, ale este mam povinnos"
ZPw87WT2yagXd9QO1D3a7uqutlJ3,5,1772566193864824000,1772566193859652000,67,Insert,t,68,"Dnes vonku pekne nie je, dal by som si pivko, ale este mam povinnost"
ZPw87WT2yagXd9QO1D3a7uqutlJ3,5,1772566194177683000,1772566194170722000,68,Insert,i,69,"Dnes vonku pekne nie je, dal by som si pivko, ale este mam povinnosti"
ZPw87WT2yagXd9QO1D3a7uqutlJ3,5,1772566195236599000,1772566195227013000,69,Insert,",",70,"Dnes vonku pekne nie je, dal by som si pivko, ale este mam povinnosti,"
ZPw87WT2yagXd9QO1D3a7uqutlJ3,5,1772566195398966000,1772566195394653000,70,Insert, ,71,"Dnes vonku pekne nie je, dal by som si pivko, ale este mam povinnosti, "
ZPw87WT2yagXd9QO1D3a7uqutlJ3,5,1772566195733526000,1772566195727449000,71,Insert,k,72,"Dnes vonku pekne nie je, dal by som si pivko, ale este mam povinnosti, k"
ZPw87WT2yagXd9QO1D3a7uqutlJ3,5,1772566195986383000,1772566195980518000,72,Insert,t,73,"Dnes vonku pekne nie je, dal by som si pivko, ale este mam povinnosti, kt"
ZPw87WT2yagXd9QO1D3a7uqutlJ3,5,1772566196176974000,1772566196167957000,73,Insert,o,74,"Dnes vonku pekne nie je, dal by som si pivko, ale este mam povinnosti, kto"
ZPw87WT2yagXd9QO1D3a7uqutlJ3,5,1772566196276075000,1772566196269234000,74,Insert,r,75,"Dnes vonku pekne nie je, dal by som si pivko, ale este mam povinnosti, ktor"
ZPw87WT2yagXd9QO1D3a7uqutlJ3,5,1772566196449075000,1772566196445200000,75,Insert,e,76,"Dnes vonku pekne nie je, dal by som si pivko, ale este mam povinnosti, ktore"
ZPw87WT2yagXd9QO1D3a7uqutlJ3,5,1772566196755624000,1772566196749036000,76,Insert, ,77,"Dnes vonku pekne nie je, dal by som si pivko, ale este mam povinnosti, ktore "
ZPw87WT2yagXd9QO1D3a7uqutlJ3,5,1772566197499619000,1772566197494372000,77,Insert,m,78,"Dnes vonku pekne nie je, dal by som si pivko, ale este mam povinnosti, ktore m"
ZPw87WT2yagXd9QO1D3a7uqutlJ3,5,1772566197766217000,1772566197762189000,78,Insert,u,79,"Dnes vonku pekne nie je, dal by som si pivko, ale este mam povinnosti, ktore mu"
ZPw87WT2yagXd9QO1D3a7uqutlJ3,5,1772566197880503000,1772566197874865000,79,Insert,s,80,"Dnes vonku pekne nie je, dal by som si pivko, ale este mam povinnosti, ktore mus"
ZPw87WT2yagXd9QO1D3a7uqutlJ3,5,1772566198012743000,1772566198008922000,80,Insert,i,81,"Dnes vonku pekne nie je, dal by som si pivko, ale este mam povinnosti, ktore musi"
ZPw87WT2yagXd9QO1D3a7uqutlJ3,5,1772566198255998000,1772566198249760000,81,Insert,m,82,"Dnes vonku pekne nie je, dal by som si pivko, ale este mam povinnosti, ktore musim"
ZPw87WT2yagXd9QO1D3a7uqutlJ3,5,1772566198493582000,1772566198486950000,82,Insert, ,83,"Dnes vonku pekne nie je, dal by som si pivko, ale este mam povinnosti, ktore musim "
ZPw87WT2yagXd9QO1D3a7uqutlJ3,5,1772566198632653000,1772566198627185000,83,Insert,s,84,"Dnes vonku pekne nie je, dal by som si pivko, ale este mam povinnosti, ktore musim s"
ZPw87WT2yagXd9QO1D3a7uqutlJ3,5,1772566198836132000,1772566198831083000,84,Insert,p,85,"Dnes vonku pekne nie je, dal by som si pivko, ale este mam povinnosti, ktore musim sp"
ZPw87WT2yagXd9QO1D3a7uqutlJ3,5,1772566199202223000,1772566199195391000,85,Insert,r,86,"Dnes vonku pekne nie je, dal by som si pivko, ale este mam povinnosti, ktore musim spr"
ZPw87WT2yagXd9QO1D3a7uqutlJ3,5,1772566199388454000,1772566199384288000,86,Insert,a,87,"Dnes vonku pekne nie je, dal by som si pivko, ale este mam povinnosti, ktore musim spra"
ZPw87WT2yagXd9QO1D3a7uqutlJ3,5,1772566199591169000,1772566199584465000,87,Insert,v,88,"Dnes vonku pekne nie je, dal by som si pivko, ale este mam povinnosti, ktore musim sprav"
ZPw87WT2yagXd9QO1D3a7uqutlJ3,5,1772566200043163000,1772566200036299000,88,Insert,i,89,"Dnes vonku pekne nie je, dal by som si pivko, ale este mam povinnosti, ktore musim spravi"
ZPw87WT2yagXd9QO1D3a7uqutlJ3,5,1772566200320860000,1772566200310588000,89,Insert,t,90,"Dnes vonku pekne nie je, dal by som si pivko, ale este mam povinnosti, ktore musim spravit"
ZPw87WT2yagXd9QO1D3a7uqutlJ3,5,1772566200565806000,1772566200558209000,90,Insert,.,91,"Dnes vonku pekne nie je, dal by som si pivko, ale este mam povinnosti, ktore musim spravit."
ZPw87WT2yagXd9QO1D3a7uqutlJ3,6,1772566201541750000,1772566201536137000,0,Insert,D,1,D
ZPw87WT2yagXd9QO1D3a7uqutlJ3,6,1772566202147345000,1772566202144026000,1,Insert,n,2,Dn
ZPw87WT2yagXd9QO1D3a7uqutlJ3,6,1772566202295261000,1772566202291677000,2,Insert,e,3,Dne
ZPw87WT2yagXd9QO1D3a7uqutlJ3,6,1772566202501137000,1772566202494616000,3,Insert,s,4,Dnes
ZPw87WT2yagXd9QO1D3a7uqutlJ3,6,1772566202657756000,1772566202653691000,4,Insert, ,5,Dnes 
ZPw87WT2yagXd9QO1D3a7uqutlJ3,6,1772566203641414000,1772566203634422000,5,Insert,v,6,Dnes v
ZPw87WT2yagXd9QO1D3a7uqutlJ3,6,1772566203972154000,1772566203966240000,6,Insert,o,7,Dnes vo
ZPw87WT2yagXd9QO1D3a7uqutlJ3,6,1772566204252537000,1772566204246167000,7,Insert,n,8,Dnes von
ZPw87WT2yagXd9QO1D3a7uqutlJ3,6,1772566204479383000,1772566204473828000,8,Insert,k,9,Dnes vonk
ZPw87WT2yagXd9QO1D3a7uqutlJ3,6,1772566204672840000,1772566204669442000,9,Insert,u,10,Dnes vonku
ZPw87WT2yagXd9QO1D3a7uqutlJ3,6,1772566204876489000,1772566204869238000,10,Insert, ,11,Dnes vonku 
ZPw87WT2yagXd9QO1D3a7uqutlJ3,6,1772566205164024000,1772566205158543000,11,Insert,p,12,Dnes vonku p
ZPw87WT2yagXd9QO1D3a7uqutlJ3,6,1772566205321707000,1772566205317538000,12,Insert,e,13,Dnes vonku pe
ZPw87WT2yagXd9QO1D3a7uqutlJ3,6,1772566205472913000,1772566205469478000,13,Insert,k,14,Dnes vonku pek
ZPw87WT2yagXd9QO1D3a7uqutlJ3,6,1772566205703280000,1772566205697775000,14,Insert,n,15,Dnes vonku pekn
ZPw87WT2yagXd9QO1D3a7uqutlJ3,6,1772566205836982000,1772566205832998000,15,Insert,e,16,Dnes vonku pekne
ZPw87WT2yagXd9QO1D3a7uqutlJ3,6,1772566205950901000,1772566205947220000,16,Insert, ,17,Dnes vonku pekne 
ZPw87WT2yagXd9QO1D3a7uqutlJ3,6,1772566206177303000,1772566206171739000,17,Insert,n,18,Dnes vonku pekne n
ZPw87WT2yagXd9QO1D3a7uqutlJ3,6,1772566206401900000,1772566206396041000,18,Insert,i,19,Dnes vonku pekne ni
ZPw87WT2yagXd9QO1D3a7uqutlJ3,6,1772566206570252000,1772566206566604000,19,Insert,e,20,Dnes vonku pekne nie
ZPw87WT2yagXd9QO1D3a7uqutlJ3,6,1772566206795640000,1772566206788800000,20,Insert, ,21,Dnes vonku pekne nie 
ZPw87WT2yagXd9QO1D3a7uqutlJ3,6,1772566207031978000,1772566207026230000,21,Insert,j,22,Dnes vonku pekne nie j
ZPw87WT2yagXd9QO1D3a7uqutlJ3,6,1772566207137306000,1772566207133577000,22,Insert,e,23,Dnes vonku pekne nie je
ZPw87WT2yagXd9QO1D3a7uqutlJ3,6,1772566208085403000,1772566208078343000,23,Insert,",",24,"Dnes vonku pekne nie je,"
ZPw87WT2yagXd9QO1D3a7uqutlJ3,6,1772566208376727000,1772566208370632000,24,Insert, ,25,"Dnes vonku pekne nie je, "
ZPw87WT2yagXd9QO1D3a7uqutlJ3,6,1772566208575374000,1772566208571241000,25,Insert,d,26,"Dnes vonku pekne nie je, d"
ZPw87WT2yagXd9QO1D3a7uqutlJ3,6,1772566208862168000,1772566208852299000,26,Insert,a,27,"Dnes vonku pekne nie je, da"
ZPw87WT2yagXd9QO1D3a7uqutlJ3,6,1772566208974265000,1772566208970600000,27,Insert,l,28,"Dnes vonku pekne nie je, dal"
ZPw87WT2yagXd9QO1D3a7uqutlJ3,6,1772566209291334000,1772566209284613000,28,Insert, ,29,"Dnes vonku pekne nie je, dal "
ZPw87WT2yagXd9QO1D3a7uqutlJ3,6,1772566209538317000,1772566209532714000,29,Insert,b,30,"Dnes vonku pekne nie je, dal b"
ZPw87WT2yagXd9QO1D3a7uqutlJ3,6,1772566209648257000,1772566209644032000,30,Insert,y,31,"Dnes vonku pekne nie je, dal by"
ZPw87WT2yagXd9QO1D3a7uqutlJ3,6,1772566209840114000,1772566209835452000,31,Insert, ,32,"Dnes vonku pekne nie je, dal by "
ZPw87WT2yagXd9QO1D3a7uqutlJ3,6,1772566209992506000,1772566209988348000,32,Insert,s,33,"Dnes vonku pekne nie je, dal by s"
ZPw87WT2yagXd9QO1D3a7uqutlJ3,6,1772566210168929000,1772566210164563000,33,Insert,o,34,"Dnes vonku pekne nie je, dal by so"
ZPw87WT2yagXd9QO1D3a7uqutlJ3,6,1772566210382510000,1772566210376979000,34,Insert,m,35,"Dnes vonku pekne nie je, dal by som"
ZPw87WT2yagXd9QO1D3a7uqutlJ3,6,1772566210655221000,1772566210648933000,35,Insert, ,36,"Dnes vonku pekne nie je, dal by som "
ZPw87WT2yagXd9QO1D3a7uqutlJ3,6,1772566210766510000,1772566210762607000,36,Insert,s,37,"Dnes vonku pekne nie je, dal by som s"
ZPw87WT2yagXd9QO1D3a7uqutlJ3,6,1772566210955569000,1772566210951795000,37,Insert,i,38,"Dnes vonku pekne nie je, dal by som si"
ZPw87WT2yagXd9QO1D3a7uqutlJ3,6,1772566211206742000,1772566211200495000,38,Insert, ,39,"Dnes vonku pekne nie je, dal by som si "
ZPw87WT2yagXd9QO1D3a7uqutlJ3,6,1772566211575906000,1772566211569869000,39,Insert,p,40,"Dnes vonku pekne nie je, dal by som si p"
ZPw87WT2yagXd9QO1D3a7uqutlJ3,6,1772566211932508000,1772566211927440000,40,Insert,i,41,"Dnes vonku pekne nie je, dal by som si pi"
ZPw87WT2yagXd9QO1D3a7uqutlJ3,6,1772566212290380000,1772566212283954000,41,Insert,v,42,"Dnes vonku pekne nie je, dal by som si piv"
ZPw87WT2yagXd9QO1D3a7uqutlJ3,6,1772566212567575000,1772566212561642000,42,Insert,k,43,"Dnes vonku pekne nie je, dal by som si pivk"
ZPw87WT2yagXd9QO1D3a7uqutlJ3,6,1772566212774973000,1772566212768801000,43,Insert,o,44,"Dnes vonku pekne nie je, dal by som si pivko"
ZPw87WT2yagXd9QO1D3a7uqutlJ3,6,1772566213285174000,1772566213276868000,44,Insert,",",45,"Dnes vonku pekne nie je, dal by som si pivko,"
ZPw87WT2yagXd9QO1D3a7uqutlJ3,6,1772566213521522000,1772566213514939000,45,Insert, ,46,"Dnes vonku pekne nie je, dal by som si pivko, "
ZPw87WT2yagXd9QO1D3a7uqutlJ3,6,1772566213701930000,1772566213697998000,46,Insert,a,47,"Dnes vonku pekne nie je, dal by som si pivko, a"
ZPw87WT2yagXd9QO1D3a7uqutlJ3,6,1772566213857581000,1772566213853219000,47,Insert,l,48,"Dnes vonku pekne nie je, dal by som si pivko, al"
ZPw87WT2yagXd9QO1D3a7uqutlJ3,6,1772566214050110000,1772566214046274000,48,Insert,e,49,"Dnes vonku pekne nie je, dal by som si pivko, ale"
ZPw87WT2yagXd9QO1D3a7uqutlJ3,6,1772566214301889000,1772566214295374000,49,Insert, ,50,"Dnes vonku pekne nie je, dal by som si pivko, ale "
ZPw87WT2yagXd9QO1D3a7uqutlJ3,6,1772566214449315000,1772566214445413000,50,Insert,e,51,"Dnes vonku pekne nie je, dal by som si pivko, ale e"
ZPw87WT2yagXd9QO1D3a7uqutlJ3,6,1772566214631266000,1772566214627175000,51,Insert,s,52,"Dnes vonku pekne nie je, dal by som si pivko, ale es"
ZPw87WT2yagXd9QO1D3a7uqutlJ3,6,1772566214778442000,1772566214774588000,52,Insert,t,53,"Dnes vonku pekne nie je, dal by som si pivko, ale est"
ZPw87WT2yagXd9QO1D3a7uqutlJ3,6,1772566214982588000,1772566214978459000,53,Insert,e,54,"Dnes vonku pekne nie je, dal by som si pivko, ale este"
ZPw87WT2yagXd9QO1D3a7uqutlJ3,6,1772566215099005000,1772566215094627000,54,Insert, ,55,"Dnes vonku pekne nie je, dal by som si pivko, ale este "
ZPw87WT2yagXd9QO1D3a7uqutlJ3,6,1772566215350584000,1772566215343681000,55,Insert,m,56,"Dnes vonku pekne nie je, dal by som si pivko, ale este m"
ZPw87WT2yagXd9QO1D3a7uqutlJ3,6,1772566215519402000,1772566215512751000,56,Insert,a,57,"Dnes vonku pekne nie je, dal by som si pivko, ale este ma"
ZPw87WT2yagXd9QO1D3a7uqutlJ3,6,1772566215675081000,1772566215671205000,57,Insert,m,58,"Dnes vonku pekne nie je, dal by som si pivko, ale este mam"
ZPw87WT2yagXd9QO1D3a7uqutlJ3,6,1772566215928213000,1772566215924298000,58,Insert, ,59,"Dnes vonku pekne nie je, dal by som si pivko, ale este mam "
ZPw87WT2yagXd9QO1D3a7uqutlJ3,6,1772566216333234000,1772566216324712000,59,Insert,p,60,"Dnes vonku pekne nie je, dal by som si pivko, ale este mam p"
ZPw87WT2yagXd9QO1D3a7uqutlJ3,6,1772566216573176000,1772566216566843000,60,Insert,o,61,"Dnes vonku pekne nie je, dal by som si pivko, ale este mam po"
ZPw87WT2yagXd9QO1D3a7uqutlJ3,6,1772566216907825000,1772566216900507000,61,Insert,v,62,"Dnes vonku pekne nie je, dal by som si pivko, ale este mam pov"
ZPw87WT2yagXd9QO1D3a7uqutlJ3,6,1772566217210300000,1772566217204353000,62,Insert,i,63,"Dnes vonku pekne nie je, dal by som si pivko, ale este mam povi"
ZPw87WT2yagXd9QO1D3a7uqutlJ3,6,1772566217512251000,1772566217505106000,63,Insert,n,64,"Dnes vonku pekne nie je, dal by som si pivko, ale este mam povin"
ZPw87WT2yagXd9QO1D3a7uqutlJ3,6,1772566217697833000,1772566217687055000,64,Insert,n,65,"Dnes vonku pekne nie je, dal by som si pivko, ale este mam povinn"
ZPw87WT2yagXd9QO1D3a7uqutlJ3,6,1772566218293206000,1772566218287071000,65,Insert,o,66,"Dnes vonku pekne nie je, dal by som si pivko, ale este mam povinno"
ZPw87WT2yagXd9QO1D3a7uqutlJ3,6,1772566218430639000,1772566218425931000,66,Insert,s,67,"Dnes vonku pekne nie je, dal by som si pivko, ale este mam povinnos"
ZPw87WT2yagXd9QO1D3a7uqutlJ3,6,1772566218764534000,1772566218758740000,67,Insert,t,68,"Dnes vonku pekne nie je, dal by som si pivko, ale este mam povinnost"
ZPw87WT2yagXd9QO1D3a7uqutlJ3,6,1772566219129988000,1772566219123321000,68,Insert,i,69,"Dnes vonku pekne nie je, dal by som si pivko, ale este mam povinnosti"
ZPw87WT2yagXd9QO1D3a7uqutlJ3,6,1772566219618791000,1772566219608201000,69,Insert,",",70,"Dnes vonku pekne nie je, dal by som si pivko, ale este mam povinnosti,"
ZPw87WT2yagXd9QO1D3a7uqutlJ3,6,1772566219808185000,1772566219802546000,70,Insert, ,71,"Dnes vonku pekne nie je, dal by som si pivko, ale este mam povinnosti, "
ZPw87WT2yagXd9QO1D3a7uqutlJ3,6,1772566220111555000,1772566220105377000,71,Insert,k,72,"Dnes vonku pekne nie je, dal by som si pivko, ale este mam povinnosti, k"
ZPw87WT2yagXd9QO1D3a7uqutlJ3,6,1772566220336554000,1772566220329950000,72,Insert,t,73,"Dnes vonku pekne nie je, dal by som si pivko, ale este mam povinnosti, kt"
ZPw87WT2yagXd9QO1D3a7uqutlJ3,6,1772566220505342000,1772566220501029000,73,Insert,o,74,"Dnes vonku pekne nie je, dal by som si pivko, ale este mam povinnosti, kto"
ZPw87WT2yagXd9QO1D3a7uqutlJ3,6,1772566220587071000,1772566220582796000,74,Insert,r,75,"Dnes vonku pekne nie je, dal by som si pivko, ale este mam povinnosti, ktor"
ZPw87WT2yagXd9QO1D3a7uqutlJ3,6,1772566221558195000,1772566221554286000,75,Insert,e,76,"Dnes vonku pekne nie je, dal by som si pivko, ale este mam povinnosti, ktore"
ZPw87WT2yagXd9QO1D3a7uqutlJ3,6,1772566221844532000,1772566221838422000,76,Insert, ,77,"Dnes vonku pekne nie je, dal by som si pivko, ale este mam povinnosti, ktore "
ZPw87WT2yagXd9QO1D3a7uqutlJ3,6,1772566222203891000,1772566222195683000,77,Insert,m,78,"Dnes vonku pekne nie je, dal by som si pivko, ale este mam povinnosti, ktore m"
ZPw87WT2yagXd9QO1D3a7uqutlJ3,6,1772566222438903000,1772566222431643000,78,Insert,u,79,"Dnes vonku pekne nie je, dal by som si pivko, ale este mam povinnosti, ktore mu"
ZPw87WT2yagXd9QO1D3a7uqutlJ3,6,1772566222550175000,1772566222546422000,79,Insert,s,80,"Dnes vonku pekne nie je, dal by som si pivko, ale este mam povinnosti, ktore mus"
ZPw87WT2yagXd9QO1D3a7uqutlJ3,6,1772566222695797000,1772566222690587000,80,Insert,i,81,"Dnes vonku pekne nie je, dal by som si pivko, ale este mam povinnosti, ktore musi"
ZPw87WT2yagXd9QO1D3a7uqutlJ3,6,1772566222945278000,1772566222940720000,81,Insert,m,82,"Dnes vonku pekne nie je, dal by som si pivko, ale este mam povinnosti, ktore musim"
ZPw87WT2yagXd9QO1D3a7uqutlJ3,6,1772566223184625000,1772566223177545000,82,Insert, ,83,"Dnes vonku pekne nie je, dal by som si pivko, ale este mam povinnosti, ktore musim "
ZPw87WT2yagXd9QO1D3a7uqutlJ3,6,1772566223492597000,1772566223485576000,83,Insert,s,84,"Dnes vonku pekne nie je, dal by som si pivko, ale este mam povinnosti, ktore musim s"
ZPw87WT2yagXd9QO1D3a7uqutlJ3,6,1772566223734073000,1772566223727972000,84,Insert,p,85,"Dnes vonku pekne nie je, dal by som si pivko, ale este mam povinnosti, ktore musim sp"
ZPw87WT2yagXd9QO1D3a7uqutlJ3,6,1772566224073810000,1772566224067618000,85,Insert,r,86,"Dnes vonku pekne nie je, dal by som si pivko, ale este mam povinnosti, ktore musim spr"
ZPw87WT2yagXd9QO1D3a7uqutlJ3,6,1772566224263050000,1772566224258285000,86,Insert,a,87,"Dnes vonku pekne nie je, dal by som si pivko, ale este mam povinnosti, ktore musim spra"
ZPw87WT2yagXd9QO1D3a7uqutlJ3,6,1772566224425341000,1772566224418494000,87,Insert,v,88,"Dnes vonku pekne nie je, dal by som si pivko, ale este mam povinnosti, ktore musim sprav"
ZPw87WT2yagXd9QO1D3a7uqutlJ3,6,1772566224751046000,1772566224744666000,88,Insert,i,89,"Dnes vonku pekne nie je, dal by som si pivko, ale este mam povinnosti, ktore musim spravi"
ZPw87WT2yagXd9QO1D3a7uqutlJ3,6,1772566225104343000,1772566225098442000,89,Insert,t,90,"Dnes vonku pekne nie je, dal by som si pivko, ale este mam povinnosti, ktore musim spravit"
ZPw87WT2yagXd9QO1D3a7uqutlJ3,6,1772566225991679000,1772566225982702000,90,Insert,",",91,"Dnes vonku pekne nie je, dal by som si pivko, ale este mam povinnosti, ktore musim spravit,"
ZPw87WT2yagXd9QO1D3a7uqutlJ3,6,1772566226887310000,1772566226881055000,91,Delete,",",90,"Dnes vonku pekne nie je, dal by som si pivko, ale este mam povinnosti, ktore musim spravit"
ZPw87WT2yagXd9QO1D3a7uqutlJ3,6,1772566227178997000,1772566227170188000,90,Insert,.,91,"Dnes vonku pekne nie je, dal by som si pivko, ale este mam povinnosti, ktore musim spravit."
ZPw87WT2yagXd9QO1D3a7uqutlJ3,7,1772566227911733000,1772566227901541000,0,Insert,D,1,D
ZPw87WT2yagXd9QO1D3a7uqutlJ3,7,1772566228320499000,1772566228316731000,1,Insert,n,2,Dn
ZPw87WT2yagXd9QO1D3a7uqutlJ3,7,1772566228475894000,1772566228472044000,2,Insert,e,3,Dne
ZPw87WT2yagXd9QO1D3a7uqutlJ3,7,1772566228669473000,1772566228665647000,3,Insert,s,4,Dnes
ZPw87WT2yagXd9QO1D3a7uqutlJ3,7,1772566228805132000,1772566228801145000,4,Insert, ,5,Dnes 
ZPw87WT2yagXd9QO1D3a7uqutlJ3,7,1772566229222416000,1772566229218146000,5,Insert,v,6,Dnes v
ZPw87WT2yagXd9QO1D3a7uqutlJ3,7,1772566229572768000,1772566229569211000,6,Insert,o,7,Dnes vo
ZPw87WT2yagXd9QO1D3a7uqutlJ3,7,1772566229846546000,1772566229842251000,7,Insert,n,8,Dnes von
ZPw87WT2yagXd9QO1D3a7uqutlJ3,7,1772566230090235000,1772566230084203000,8,Insert,k,9,Dnes vonk
ZPw87WT2yagXd9QO1D3a7uqutlJ3,7,1772566230293949000,1772566230290568000,9,Insert,u,10,Dnes vonku
ZPw87WT2yagXd9QO1D3a7uqutlJ3,7,1772566230508438000,1772566230502087000,10,Insert, ,11,Dnes vonku 
ZPw87WT2yagXd9QO1D3a7uqutlJ3,7,1772566230801577000,1772566230792725000,11,Insert,p,12,Dnes vonku p
ZPw87WT2yagXd9QO1D3a7uqutlJ3,7,1772566230916634000,1772566230912919000,12,Insert,e,13,Dnes vonku pe
ZPw87WT2yagXd9QO1D3a7uqutlJ3,7,1772566231099164000,1772566231095420000,13,Insert,k,14,Dnes vonku pek
ZPw87WT2yagXd9QO1D3a7uqutlJ3,7,1772566231330419000,1772566231324763000,14,Insert,n,15,Dnes vonku pekn
ZPw87WT2yagXd9QO1D3a7uqutlJ3,7,1772566231485634000,1772566231482069000,15,Insert,e,16,Dnes vonku pekne
ZPw87WT2yagXd9QO1D3a7uqutlJ3,7,1772566231628180000,1772566231624473000,16,Insert, ,17,Dnes vonku pekne 
ZPw87WT2yagXd9QO1D3a7uqutlJ3,7,1772566231848490000,1772566231842423000,17,Insert,n,18,Dnes vonku pekne n
ZPw87WT2yagXd9QO1D3a7uqutlJ3,7,1772566232101787000,1772566232095256000,18,Insert,i,19,Dnes vonku pekne ni
ZPw87WT2yagXd9QO1D3a7uqutlJ3,7,1772566232262223000,1772566232258703000,19,Insert,e,20,Dnes vonku pekne nie
ZPw87WT2yagXd9QO1D3a7uqutlJ3,7,1772566232438031000,1772566232434328000,20,Insert, ,21,Dnes vonku pekne nie 
ZPw87WT2yagXd9QO1D3a7uqutlJ3,7,1772566232670840000,1772566232664965000,21,Insert,j,22,Dnes vonku pekne nie j
ZPw87WT2yagXd9QO1D3a7uqutlJ3,7,1772566232770350000,1772566232766823000,22,Insert,e,23,Dnes vonku pekne nie je
ZPw87WT2yagXd9QO1D3a7uqutlJ3,7,1772566233021815000,1772566233015251000,23,Insert, ,24,Dnes vonku pekne nie je 
ZPw87WT2yagXd9QO1D3a7uqutlJ3,7,1772566233573218000,1772566233568630000,24,Delete, ,23,Dnes vonku pekne nie je
ZPw87WT2yagXd9QO1D3a7uqutlJ3,7,1772566233876289000,1772566233869741000,23,Insert,",",24,"Dnes vonku pekne nie je,"
ZPw87WT2yagXd9QO1D3a7uqutlJ3,7,1772566234874738000,1772566234866530000,24,Insert, ,25,"Dnes vonku pekne nie je, "
ZPw87WT2yagXd9QO1D3a7uqutlJ3,7,1772566235094054000,1772566235088168000,25,Insert,d,26,"Dnes vonku pekne nie je, d"
ZPw87WT2yagXd9QO1D3a7uqutlJ3,7,1772566235335895000,1772566235329931000,26,Insert,a,27,"Dnes vonku pekne nie je, da"
ZPw87WT2yagXd9QO1D3a7uqutlJ3,7,1772566235461178000,1772566235456792000,27,Insert,l,28,"Dnes vonku pekne nie je, dal"
ZPw87WT2yagXd9QO1D3a7uqutlJ3,7,1772566235740079000,1772566235735818000,28,Insert, ,29,"Dnes vonku pekne nie je, dal "
ZPw87WT2yagXd9QO1D3a7uqutlJ3,7,1772566235975451000,1772566235968057000,29,Insert,b,30,"Dnes vonku pekne nie je, dal b"
ZPw87WT2yagXd9QO1D3a7uqutlJ3,7,1772566236080981000,1772566236076747000,30,Insert,y,31,"Dnes vonku pekne nie je, dal by"
ZPw87WT2yagXd9QO1D3a7uqutlJ3,7,1772566236243794000,1772566236239568000,31,Insert, ,32,"Dnes vonku pekne nie je, dal by "
ZPw87WT2yagXd9QO1D3a7uqutlJ3,7,1772566236377900000,1772566236373639000,32,Insert,s,33,"Dnes vonku pekne nie je, dal by s"
ZPw87WT2yagXd9QO1D3a7uqutlJ3,7,1772566236553853000,1772566236548588000,33,Insert,o,34,"Dnes vonku pekne nie je, dal by so"
ZPw87WT2yagXd9QO1D3a7uqutlJ3,7,1772566236771559000,1772566236765333000,34,Insert,m,35,"Dnes vonku pekne nie je, dal by som"
ZPw87WT2yagXd9QO1D3a7uqutlJ3,7,1772566237016400000,1772566237008842000,35,Insert, ,36,"Dnes vonku pekne nie je, dal by som "
ZPw87WT2yagXd9QO1D3a7uqutlJ3,7,1772566237176169000,1772566237171825000,36,Insert,s,37,"Dnes vonku pekne nie je, dal by som s"
ZPw87WT2yagXd9QO1D3a7uqutlJ3,7,1772566237381699000,1772566237377269000,37,Insert,i,38,"Dnes vonku pekne nie je, dal by som si"
ZPw87WT2yagXd9QO1D3a7uqutlJ3,7,1772566237614142000,1772566237607879000,38,Insert, ,39,"Dnes vonku pekne nie je, dal by som si "
ZPw87WT2yagXd9QO1D3a7uqutlJ3,7,1772566237942934000,1772566237937144000,39,Insert,p,40,"Dnes vonku pekne nie je, dal by som si p"
ZPw87WT2yagXd9QO1D3a7uqutlJ3,7,1772566238201702000,1772566238195749000,40,Insert,i,41,"Dnes vonku pekne nie je, dal by som si pi"
ZPw87WT2yagXd9QO1D3a7uqutlJ3,7,1772566238486953000,1772566238480372000,41,Insert,v,42,"Dnes vonku pekne nie je, dal by som si piv"
ZPw87WT2yagXd9QO1D3a7uqutlJ3,7,1772566238761348000,1772566238754067000,42,Insert,k,43,"Dnes vonku pekne nie je, dal by som si pivk"
ZPw87WT2yagXd9QO1D3a7uqutlJ3,7,1772566238969837000,1772566238963868000,43,Insert,o,44,"Dnes vonku pekne nie je, dal by som si pivko"
ZPw87WT2yagXd9QO1D3a7uqutlJ3,7,1772566241360330000,1772566241351189000,44,Insert,",",45,"Dnes vonku pekne nie je, dal by som si pivko,"
ZPw87WT2yagXd9QO1D3a7uqutlJ3,7,1772566241631836000,1772566241625258000,45,Insert, ,46,"Dnes vonku pekne nie je, dal by som si pivko, "
ZPw87WT2yagXd9QO1D3a7uqutlJ3,7,1772566241803126000,1772566241795685000,46,Insert,a,47,"Dnes vonku pekne nie je, dal by som si pivko, a"
ZPw87WT2yagXd9QO1D3a7uqutlJ3,7,1772566241973081000,1772566241968228000,47,Insert,l,48,"Dnes vonku pekne nie je, dal by som si pivko, al"
ZPw87WT2yagXd9QO1D3a7uqutlJ3,7,1772566242187858000,1772566242181565000,48,Insert,e,49,"Dnes vonku pekne nie je, dal by som si pivko, ale"
ZPw87WT2yagXd9QO1D3a7uqutlJ3,7,1772566242381508000,1772566242377014000,49,Insert, ,50,"Dnes vonku pekne nie je, dal by som si pivko, ale "
ZPw87WT2yagXd9QO1D3a7uqutlJ3,7,1772566242514854000,1772566242510760000,50,Insert,e,51,"Dnes vonku pekne nie je, dal by som si pivko, ale e"
ZPw87WT2yagXd9QO1D3a7uqutlJ3,7,1772566242708803000,1772566242702703000,51,Insert,s,52,"Dnes vonku pekne nie je, dal by som si pivko, ale es"
ZPw87WT2yagXd9QO1D3a7uqutlJ3,7,1772566242855646000,1772566242848572000,52,Insert,t,53,"Dnes vonku pekne nie je, dal by som si pivko, ale est"
ZPw87WT2yagXd9QO1D3a7uqutlJ3,7,1772566243075621000,1772566243068538000,53,Insert,e,54,"Dnes vonku pekne nie je, dal by som si pivko, ale este"
ZPw87WT2yagXd9QO1D3a7uqutlJ3,7,1772566243195758000,1772566243190006000,54,Insert, ,55,"Dnes vonku pekne nie je, dal by som si pivko, ale este "
ZPw87WT2yagXd9QO1D3a7uqutlJ3,7,1772566243420481000,1772566243414378000,55,Insert,m,56,"Dnes vonku pekne nie je, dal by som si pivko, ale este m"
ZPw87WT2yagXd9QO1D3a7uqutlJ3,7,1772566243612015000,1772566243608291000,56,Insert,a,57,"Dnes vonku pekne nie je, dal by som si pivko, ale este ma"
ZPw87WT2yagXd9QO1D3a7uqutlJ3,7,1772566243697431000,1772566243693497000,57,Insert,m,58,"Dnes vonku pekne nie je, dal by som si pivko, ale este mam"
ZPw87WT2yagXd9QO1D3a7uqutlJ3,7,1772566243943437000,1772566243937405000,58,Insert, ,59,"Dnes vonku pekne nie je, dal by som si pivko, ale este mam "
ZPw87WT2yagXd9QO1D3a7uqutlJ3,7,1772566244707138000,1772566244699931000,59,Insert,p,60,"Dnes vonku pekne nie je, dal by som si pivko, ale este mam p"
ZPw87WT2yagXd9QO1D3a7uqutlJ3,7,1772566244947358000,1772566244940776000,60,Insert,o,61,"Dnes vonku pekne nie je, dal by som si pivko, ale este mam po"
ZPw87WT2yagXd9QO1D3a7uqutlJ3,7,1772566245328513000,1772566245322243000,61,Insert,v,62,"Dnes vonku pekne nie je, dal by som si pivko, ale este mam pov"
ZPw87WT2yagXd9QO1D3a7uqutlJ3,7,1772566245680318000,1772566245675073000,62,Insert,i,63,"Dnes vonku pekne nie je, dal by som si pivko, ale este mam povi"
ZPw87WT2yagXd9QO1D3a7uqutlJ3,7,1772566245936934000,1772566245930780000,63,Insert,n,64,"Dnes vonku pekne nie je, dal by som si pivko, ale este mam povin"
ZPw87WT2yagXd9QO1D3a7uqutlJ3,7,1772566246116948000,1772566246111791000,64,Insert,n,65,"Dnes vonku pekne nie je, dal by som si pivko, ale este mam povinn"
ZPw87WT2yagXd9QO1D3a7uqutlJ3,7,1772566246485282000,1772566246479376000,65,Insert,o,66,"Dnes vonku pekne nie je, dal by som si pivko, ale este mam povinno"
ZPw87WT2yagXd9QO1D3a7uqutlJ3,7,1772566246600237000,1772566246595108000,66,Insert,s,67,"Dnes vonku pekne nie je, dal by som si pivko, ale este mam povinnos"
ZPw87WT2yagXd9QO1D3a7uqutlJ3,7,1772566246868124000,1772566246861979000,67,Insert,t,68,"Dnes vonku pekne nie je, dal by som si pivko, ale este mam povinnost"
ZPw87WT2yagXd9QO1D3a7uqutlJ3,7,1772566247184312000,1772566247177470000,68,Insert,i,69,"Dnes vonku pekne nie je, dal by som si pivko, ale este mam povinnosti"
ZPw87WT2yagXd9QO1D3a7uqutlJ3,7,1772566247464095000,1772566247456651000,69,Insert, ,70,"Dnes vonku pekne nie je, dal by som si pivko, ale este mam povinnosti "
ZPw87WT2yagXd9QO1D3a7uqutlJ3,7,1772566247759398000,1772566247753235000,70,Insert,k,71,"Dnes vonku pekne nie je, dal by som si pivko, ale este mam povinnosti k"
ZPw87WT2yagXd9QO1D3a7uqutlJ3,7,1772566248295797000,1772566248292542000,71,Delete,k,70,"Dnes vonku pekne nie je, dal by som si pivko, ale este mam povinnosti "
ZPw87WT2yagXd9QO1D3a7uqutlJ3,7,1772566248448736000,1772566248444382000,70,Delete, ,69,"Dnes vonku pekne nie je, dal by som si pivko, ale este mam povinnosti"
ZPw87WT2yagXd9QO1D3a7uqutlJ3,7,1772566249228236000,1772566249221021000,69,Insert,",",70,"Dnes vonku pekne nie je, dal by som si pivko, ale este mam povinnosti,"
ZPw87WT2yagXd9QO1D3a7uqutlJ3,7,1772566249550543000,1772566249545722000,70,Insert, ,71,"Dnes vonku pekne nie je, dal by som si pivko, ale este mam povinnosti, "
ZPw87WT2yagXd9QO1D3a7uqutlJ3,7,1772566249830538000,1772566249824278000,71,Insert,k,72,"Dnes vonku pekne nie je, dal by som si pivko, ale este mam povinnosti, k"
ZPw87WT2yagXd9QO1D3a7uqutlJ3,7,1772566250037419000,1772566250031098000,72,Insert,t,73,"Dnes vonku pekne nie je, dal by som si pivko, ale este mam povinnosti, kt"
ZPw87WT2yagXd9QO1D3a7uqutlJ3,7,1772566250211848000,1772566250207821000,73,Insert,o,74,"Dnes vonku pekne nie je, dal by som si pivko, ale este mam povinnosti, kto"
ZPw87WT2yagXd9QO1D3a7uqutlJ3,7,1772566250323270000,1772566250319451000,74,Insert,r,75,"Dnes vonku pekne nie je, dal by som si pivko, ale este mam povinnosti, ktor"
ZPw87WT2yagXd9QO1D3a7uqutlJ3,7,1772566250470487000,1772566250466653000,75,Insert,e,76,"Dnes vonku pekne nie je, dal by som si pivko, ale este mam povinnosti, ktore"
ZPw87WT2yagXd9QO1D3a7uqutlJ3,7,1772566250680852000,1772566250665648000,76,Insert, ,77,"Dnes vonku pekne nie je, dal by som si pivko, ale este mam povinnosti, ktore "
ZPw87WT2yagXd9QO1D3a7uqutlJ3,7,1772566251176393000,1772566251170803000,77,Insert,m,78,"Dnes vonku pekne nie je, dal by som si pivko, ale este mam povinnosti, ktore m"
ZPw87WT2yagXd9QO1D3a7uqutlJ3,7,1772566251434303000,1772566251424818000,78,Insert,u,79,"Dnes vonku pekne nie je, dal by som si pivko, ale este mam povinnosti, ktore mu"
ZPw87WT2yagXd9QO1D3a7uqutlJ3,7,1772566251540760000,1772566251534053000,79,Insert,s,80,"Dnes vonku pekne nie je, dal by som si pivko, ale este mam povinnosti, ktore mus"
ZPw87WT2yagXd9QO1D3a7uqutlJ3,7,1772566251731865000,1772566251726659000,80,Insert,i,81,"Dnes vonku pekne nie je, dal by som si pivko, ale este mam povinnosti, ktore musi"
ZPw87WT2yagXd9QO1D3a7uqutlJ3,7,1772566251987973000,1772566251980823000,81,Insert,m,82,"Dnes vonku pekne nie je, dal by som si pivko, ale este mam povinnosti, ktore musim"
ZPw87WT2yagXd9QO1D3a7uqutlJ3,7,1772566252218449000,1772566252210776000,82,Insert, ,83,"Dnes vonku pekne nie je, dal by som si pivko, ale este mam povinnosti, ktore musim "
ZPw87WT2yagXd9QO1D3a7uqutlJ3,7,1772566252470295000,1772566252461336000,83,Insert,s,84,"Dnes vonku pekne nie je, dal by som si pivko, ale este mam povinnosti, ktore musim s"
ZPw87WT2yagXd9QO1D3a7uqutlJ3,7,1772566252704123000,1772566252697534000,84,Insert,p,85,"Dnes vonku pekne nie je, dal by som si pivko, ale este mam povinnosti, ktore musim sp"
ZPw87WT2yagXd9QO1D3a7uqutlJ3,7,1772566253170977000,1772566253163244000,85,Insert,r,86,"Dnes vonku pekne nie je, dal by som si pivko, ale este mam povinnosti, ktore musim spr"
ZPw87WT2yagXd9QO1D3a7uqutlJ3,7,1772566253350438000,1772566253343233000,86,Insert,a,87,"Dnes vonku pekne nie je, dal by som si pivko, ale este mam povinnosti, ktore musim spra"
ZPw87WT2yagXd9QO1D3a7uqutlJ3,7,1772566253551657000,1772566253544923000,87,Insert,v,88,"Dnes vonku pekne nie je, dal by som si pivko, ale este mam povinnosti, ktore musim sprav"
ZPw87WT2yagXd9QO1D3a7uqutlJ3,7,1772566253863789000,1772566253859383000,88,Insert,i,89,"Dnes vonku pekne nie je, dal by som si pivko, ale este mam povinnosti, ktore musim spravi"
ZPw87WT2yagXd9QO1D3a7uqutlJ3,7,1772566254098342000,1772566254091115000,89,Insert,t,90,"Dnes vonku pekne nie je, dal by som si pivko, ale este mam povinnosti, ktore musim spravit"
ZPw87WT2yagXd9QO1D3a7uqutlJ3,7,1772566254533409000,1772566254526607000,90,Insert, ,91,"Dnes vonku pekne nie je, dal by som si pivko, ale este mam povinnosti, ktore musim spravit "
ZPw87WT2yagXd9QO1D3a7uqutlJ3,7,1772566255823514000,1772566255818834000,91,Delete, ,90,"Dnes vonku pekne nie je, dal by som si pivko, ale este mam povinnosti, ktore musim spravit"
ZPw87WT2yagXd9QO1D3a7uqutlJ3,7,1772566256072962000,1772566256066366000,90,Insert,.,91,"Dnes vonku pekne nie je, dal by som si pivko, ale este mam povinnosti, ktore musim spravit."
ZPw87WT2yagXd9QO1D3a7uqutlJ3,8,1772566257259246000,1772566257247792000,0,Insert,D,1,D
ZPw87WT2yagXd9QO1D3a7uqutlJ3,8,1772566257693267000,1772566257687998000,1,Insert,n,2,Dn
ZPw87WT2yagXd9QO1D3a7uqutlJ3,8,1772566257848395000,1772566257844923000,2,Insert,e,3,Dne
ZPw87WT2yagXd9QO1D3a7uqutlJ3,8,1772566258058529000,1772566258051643000,3,Insert,s,4,Dnes
ZPw87WT2yagXd9QO1D3a7uqutlJ3,8,1772566258277044000,1772566258268810000,4,Insert, ,5,Dnes 
ZPw87WT2yagXd9QO1D3a7uqutlJ3,8,1772566258730556000,1772566258724178000,5,Insert,v,6,Dnes v
ZPw87WT2yagXd9QO1D3a7uqutlJ3,8,1772566259050239000,1772566259044737000,6,Insert,o,7,Dnes vo
ZPw87WT2yagXd9QO1D3a7uqutlJ3,8,1772566259357957000,1772566259348930000,7,Insert,n,8,Dnes von
ZPw87WT2yagXd9QO1D3a7uqutlJ3,8,1772566259563094000,1772566259559369000,8,Insert,k,9,Dnes vonk
ZPw87WT2yagXd9QO1D3a7uqutlJ3,8,1772566259759131000,1772566259754188000,9,Insert,u,10,Dnes vonku
ZPw87WT2yagXd9QO1D3a7uqutlJ3,8,1772566259983318000,1772566259978001000,10,Insert, ,11,Dnes vonku 
ZPw87WT2yagXd9QO1D3a7uqutlJ3,8,1772566260261262000,1772566260257696000,11,Insert,p,12,Dnes vonku p
ZPw87WT2yagXd9QO1D3a7uqutlJ3,8,1772566260388232000,1772566260384470000,12,Insert,e,13,Dnes vonku pe
ZPw87WT2yagXd9QO1D3a7uqutlJ3,8,1772566260585625000,1772566260577837000,13,Insert,k,14,Dnes vonku pek
ZPw87WT2yagXd9QO1D3a7uqutlJ3,8,1772566260801305000,1772566260795143000,14,Insert,n,15,Dnes vonku pekn
ZPw87WT2yagXd9QO1D3a7uqutlJ3,8,1772566260933361000,1772566260929869000,15,Insert,e,16,Dnes vonku pekne
ZPw87WT2yagXd9QO1D3a7uqutlJ3,8,1772566261244672000,1772566261238750000,16,Insert, ,17,Dnes vonku pekne 
ZPw87WT2yagXd9QO1D3a7uqutlJ3,8,1772566261503871000,1772566261498623000,17,Insert,n,18,Dnes vonku pekne n
ZPw87WT2yagXd9QO1D3a7uqutlJ3,8,1772566261761803000,1772566261753606000,18,Insert,i,19,Dnes vonku pekne ni
ZPw87WT2yagXd9QO1D3a7uqutlJ3,8,1772566261919824000,1772566261915974000,19,Insert,e,20,Dnes vonku pekne nie
ZPw87WT2yagXd9QO1D3a7uqutlJ3,8,1772566262177307000,1772566262170606000,20,Insert, ,21,Dnes vonku pekne nie 
ZPw87WT2yagXd9QO1D3a7uqutlJ3,8,1772566262467798000,1772566262462368000,21,Insert,j,22,Dnes vonku pekne nie j
ZPw87WT2yagXd9QO1D3a7uqutlJ3,8,1772566262575030000,1772566262571420000,22,Insert,e,23,Dnes vonku pekne nie je
ZPw87WT2yagXd9QO1D3a7uqutlJ3,8,1772566264353807000,1772566264345488000,23,Insert,",",24,"Dnes vonku pekne nie je,"
ZPw87WT2yagXd9QO1D3a7uqutlJ3,8,1772566264663889000,1772566264656351000,24,Insert, ,25,"Dnes vonku pekne nie je, "
ZPw87WT2yagXd9QO1D3a7uqutlJ3,8,1772566264906178000,1772566264899349000,25,Insert,d,26,"Dnes vonku pekne nie je, d"
ZPw87WT2yagXd9QO1D3a7uqutlJ3,8,1772566265137872000,1772566265125278000,26,Insert,a,27,"Dnes vonku pekne nie je, da"
ZPw87WT2yagXd9QO1D3a7uqutlJ3,8,1772566265224883000,1772566265221265000,27,Insert,l,28,"Dnes vonku pekne nie je, dal"
ZPw87WT2yagXd9QO1D3a7uqutlJ3,8,1772566265486620000,1772566265480241000,28,Insert, ,29,"Dnes vonku pekne nie je, dal "
ZPw87WT2yagXd9QO1D3a7uqutlJ3,8,1772566265691293000,1772566265683749000,29,Insert,b,30,"Dnes vonku pekne nie je, dal b"
ZPw87WT2yagXd9QO1D3a7uqutlJ3,8,1772566265781758000,1772566265777282000,30,Insert,y,31,"Dnes vonku pekne nie je, dal by"
ZPw87WT2yagXd9QO1D3a7uqutlJ3,8,1772566265932406000,1772566265928542000,31,Insert, ,32,"Dnes vonku pekne nie je, dal by "
ZPw87WT2yagXd9QO1D3a7uqutlJ3,8,1772566266048697000,1772566266044831000,32,Insert,s,33,"Dnes vonku pekne nie je, dal by s"
ZPw87WT2yagXd9QO1D3a7uqutlJ3,8,1772566266250818000,1772566266244770000,33,Insert,o,34,"Dnes vonku pekne nie je, dal by so"
ZPw87WT2yagXd9QO1D3a7uqutlJ3,8,1772566266444008000,1772566266439045000,34,Insert,m,35,"Dnes vonku pekne nie je, dal by som"
ZPw87WT2yagXd9QO1D3a7uqutlJ3,8,1772566266677562000,1772566266669822000,35,Insert, ,36,"Dnes vonku pekne nie je, dal by som "
ZPw87WT2yagXd9QO1D3a7uqutlJ3,8,1772566266788272000,1772566266783678000,36,Insert,s,37,"Dnes vonku pekne nie je, dal by som s"
ZPw87WT2yagXd9QO1D3a7uqutlJ3,8,1772566266963951000,1772566266959761000,37,Insert,i,38,"Dnes vonku pekne nie je, dal by som si"
ZPw87WT2yagXd9QO1D3a7uqutlJ3,8,1772566267183692000,1772566267177752000,38,Insert, ,39,"Dnes vonku pekne nie je, dal by som si "
ZPw87WT2yagXd9QO1D3a7uqutlJ3,8,1772566267537780000,1772566267533801000,39,Insert,p,40,"Dnes vonku pekne nie je, dal by som si p"
ZPw87WT2yagXd9QO1D3a7uqutlJ3,8,1772566267796524000,1772566267790133000,40,Insert,i,41,"Dnes vonku pekne nie je, dal by som si pi"
ZPw87WT2yagXd9QO1D3a7uqutlJ3,8,1772566268092321000,1772566268086323000,41,Insert,v,42,"Dnes vonku pekne nie je, dal by som si piv"
ZPw87WT2yagXd9QO1D3a7uqutlJ3,8,1772566268376569000,1772566268370630000,42,Insert,k,43,"Dnes vonku pekne nie je, dal by som si pivk"
ZPw87WT2yagXd9QO1D3a7uqutlJ3,8,1772566268574139000,1772566268570431000,43,Insert,o,44,"Dnes vonku pekne nie je, dal by som si pivko"
ZPw87WT2yagXd9QO1D3a7uqutlJ3,8,1772566268991631000,1772566268987427000,44,Insert, ,45,"Dnes vonku pekne nie je, dal by som si pivko "
ZPw87WT2yagXd9QO1D3a7uqutlJ3,8,1772566269698747000,1772566269691781000,45,Delete, ,44,"Dnes vonku pekne nie je, dal by som si pivko"
ZPw87WT2yagXd9QO1D3a7uqutlJ3,8,1772566269930204000,1772566269923943000,44,Insert,",",45,"Dnes vonku pekne nie je, dal by som si pivko,"
ZPw87WT2yagXd9QO1D3a7uqutlJ3,8,1772566270213913000,1772566270206439000,45,Insert, ,46,"Dnes vonku pekne nie je, dal by som si pivko, "
ZPw87WT2yagXd9QO1D3a7uqutlJ3,8,1772566270336773000,1772566270329396000,46,Insert,a,47,"Dnes vonku pekne nie je, dal by som si pivko, a"
ZPw87WT2yagXd9QO1D3a7uqutlJ3,8,1772566270558462000,1772566270551581000,47,Insert,l,48,"Dnes vonku pekne nie je, dal by som si pivko, al"
ZPw87WT2yagXd9QO1D3a7uqutlJ3,8,1772566270752052000,1772566270748172000,48,Insert,e,49,"Dnes vonku pekne nie je, dal by som si pivko, ale"
ZPw87WT2yagXd9QO1D3a7uqutlJ3,8,1772566270931703000,1772566270927672000,49,Insert, ,50,"Dnes vonku pekne nie je, dal by som si pivko, ale "
ZPw87WT2yagXd9QO1D3a7uqutlJ3,8,1772566271082254000,1772566271078182000,50,Insert,e,51,"Dnes vonku pekne nie je, dal by som si pivko, ale e"
ZPw87WT2yagXd9QO1D3a7uqutlJ3,8,1772566271258337000,1772566271254522000,51,Insert,s,52,"Dnes vonku pekne nie je, dal by som si pivko, ale es"
ZPw87WT2yagXd9QO1D3a7uqutlJ3,8,1772566271410906000,1772566271406609000,52,Insert,t,53,"Dnes vonku pekne nie je, dal by som si pivko, ale est"
ZPw87WT2yagXd9QO1D3a7uqutlJ3,8,1772566271602676000,1772566271598764000,53,Insert,e,54,"Dnes vonku pekne nie je, dal by som si pivko, ale este"
ZPw87WT2yagXd9QO1D3a7uqutlJ3,8,1772566271675394000,1772566271671532000,54,Insert, ,55,"Dnes vonku pekne nie je, dal by som si pivko, ale este "
ZPw87WT2yagXd9QO1D3a7uqutlJ3,8,1772566271909101000,1772566271902970000,55,Insert,m,56,"Dnes vonku pekne nie je, dal by som si pivko, ale este m"
ZPw87WT2yagXd9QO1D3a7uqutlJ3,8,1772566272088736000,1772566272084859000,56,Insert,a,57,"Dnes vonku pekne nie je, dal by som si pivko, ale este ma"
ZPw87WT2yagXd9QO1D3a7uqutlJ3,8,1772566272393666000,1772566272387889000,57,Insert,m,58,"Dnes vonku pekne nie je, dal by som si pivko, ale este mam"
ZPw87WT2yagXd9QO1D3a7uqutlJ3,8,1772566272697593000,1772566272691584000,58,Insert, ,59,"Dnes vonku pekne nie je, dal by som si pivko, ale este mam "
ZPw87WT2yagXd9QO1D3a7uqutlJ3,8,1772566273083938000,1772566273078185000,59,Insert,p,60,"Dnes vonku pekne nie je, dal by som si pivko, ale este mam p"
ZPw87WT2yagXd9QO1D3a7uqutlJ3,8,1772566273293858000,1772566273288644000,60,Insert,o,61,"Dnes vonku pekne nie je, dal by som si pivko, ale este mam po"
ZPw87WT2yagXd9QO1D3a7uqutlJ3,8,1772566273634326000,1772566273628570000,61,Insert,v,62,"Dnes vonku pekne nie je, dal by som si pivko, ale este mam pov"
ZPw87WT2yagXd9QO1D3a7uqutlJ3,8,1772566273944565000,1772566273938621000,62,Insert,i,63,"Dnes vonku pekne nie je, dal by som si pivko, ale este mam povi"
ZPw87WT2yagXd9QO1D3a7uqutlJ3,8,1772566274192843000,1772566274186291000,63,Insert,n,64,"Dnes vonku pekne nie je, dal by som si pivko, ale este mam povin"
ZPw87WT2yagXd9QO1D3a7uqutlJ3,8,1772566274372543000,1772566274368400000,64,Insert,n,65,"Dnes vonku pekne nie je, dal by som si pivko, ale este mam povinn"
ZPw87WT2yagXd9QO1D3a7uqutlJ3,8,1772566274769960000,1772566274763747000,65,Insert,o,66,"Dnes vonku pekne nie je, dal by som si pivko, ale este mam povinno"
ZPw87WT2yagXd9QO1D3a7uqutlJ3,8,1772566274900216000,1772566274890784000,66,Insert,s,67,"Dnes vonku pekne nie je, dal by som si pivko, ale este mam povinnos"
ZPw87WT2yagXd9QO1D3a7uqutlJ3,8,1772566275203772000,1772566275198715000,67,Insert,t,68,"Dnes vonku pekne nie je, dal by som si pivko, ale este mam povinnost"
ZPw87WT2yagXd9QO1D3a7uqutlJ3,8,1772566275570369000,1772566275563122000,68,Insert,i,69,"Dnes vonku pekne nie je, dal by som si pivko, ale este mam povinnosti"
ZPw87WT2yagXd9QO1D3a7uqutlJ3,8,1772566276056955000,1772566276049547000,69,Insert,",",70,"Dnes vonku pekne nie je, dal by som si pivko, ale este mam povinnosti,"
ZPw87WT2yagXd9QO1D3a7uqutlJ3,8,1772566276239956000,1772566276235755000,70,Insert, ,71,"Dnes vonku pekne nie je, dal by som si pivko, ale este mam povinnosti, "
ZPw87WT2yagXd9QO1D3a7uqutlJ3,8,1772566276536429000,1772566276528093000,71,Insert,k,72,"Dnes vonku pekne nie je, dal by som si pivko, ale este mam povinnosti, k"
ZPw87WT2yagXd9QO1D3a7uqutlJ3,8,1772566276776814000,1772566276770839000,72,Insert,t,73,"Dnes vonku pekne nie je, dal by som si pivko, ale este mam povinnosti, kt"
ZPw87WT2yagXd9QO1D3a7uqutlJ3,8,1772566276969155000,1772566276961309000,73,Insert,o,74,"Dnes vonku pekne nie je, dal by som si pivko, ale este mam povinnosti, kto"
ZPw87WT2yagXd9QO1D3a7uqutlJ3,8,1772566277063042000,1772566277058457000,74,Insert,r,75,"Dnes vonku pekne nie je, dal by som si pivko, ale este mam povinnosti, ktor"
ZPw87WT2yagXd9QO1D3a7uqutlJ3,8,1772566277234723000,1772566277230758000,75,Insert,e,76,"Dnes vonku pekne nie je, dal by som si pivko, ale este mam povinnosti, ktore"
ZPw87WT2yagXd9QO1D3a7uqutlJ3,8,1772566277488421000,1772566277484410000,76,Insert, ,77,"Dnes vonku pekne nie je, dal by som si pivko, ale este mam povinnosti, ktore "
ZPw87WT2yagXd9QO1D3a7uqutlJ3,8,1772566277740670000,1772566277734534000,77,Insert,m,78,"Dnes vonku pekne nie je, dal by som si pivko, ale este mam povinnosti, ktore m"
ZPw87WT2yagXd9QO1D3a7uqutlJ3,8,1772566278001822000,1772566277994894000,78,Insert,u,79,"Dnes vonku pekne nie je, dal by som si pivko, ale este mam povinnosti, ktore mu"
ZPw87WT2yagXd9QO1D3a7uqutlJ3,8,1772566278126336000,1772566278121876000,79,Insert,s,80,"Dnes vonku pekne nie je, dal by som si pivko, ale este mam povinnosti, ktore mus"
ZPw87WT2yagXd9QO1D3a7uqutlJ3,8,1772566278284175000,1772566278278951000,80,Insert,i,81,"Dnes vonku pekne nie je, dal by som si pivko, ale este mam povinnosti, ktore musi"
ZPw87WT2yagXd9QO1D3a7uqutlJ3,8,1772566278577336000,1772566278571383000,81,Insert,m,82,"Dnes vonku pekne nie je, dal by som si pivko, ale este mam povinnosti, ktore musim"
ZPw87WT2yagXd9QO1D3a7uqutlJ3,8,1772566278821237000,1772566278813157000,82,Insert, ,83,"Dnes vonku pekne nie je, dal by som si pivko, ale este mam povinnosti, ktore musim "
ZPw87WT2yagXd9QO1D3a7uqutlJ3,8,1772566278974361000,1772566278970460000,83,Insert,s,84,"Dnes vonku pekne nie je, dal by som si pivko, ale este mam povinnosti, ktore musim s"
ZPw87WT2yagXd9QO1D3a7uqutlJ3,8,1772566279213407000,1772566279206882000,84,Insert,p,85,"Dnes vonku pekne nie je, dal by som si pivko, ale este mam povinnosti, ktore musim sp"
ZPw87WT2yagXd9QO1D3a7uqutlJ3,8,1772566279582293000,1772566279576177000,85,Insert,r,86,"Dnes vonku pekne nie je, dal by som si pivko, ale este mam povinnosti, ktore musim spr"
ZPw87WT2yagXd9QO1D3a7uqutlJ3,8,1772566279743286000,1772566279739009000,86,Insert,a,87,"Dnes vonku pekne nie je, dal by som si pivko, ale este mam povinnosti, ktore musim spra"
ZPw87WT2yagXd9QO1D3a7uqutlJ3,8,1772566280001026000,1772566279994816000,87,Insert,v,88,"Dnes vonku pekne nie je, dal by som si pivko, ale este mam povinnosti, ktore musim sprav"
ZPw87WT2yagXd9QO1D3a7uqutlJ3,8,1772566280339042000,1772566280332915000,88,Insert,i,89,"Dnes vonku pekne nie je, dal by som si pivko, ale este mam povinnosti, ktore musim spravi"
ZPw87WT2yagXd9QO1D3a7uqutlJ3,8,1772566280667964000,1772566280659649000,89,Insert,t,90,"Dnes vonku pekne nie je, dal by som si pivko, ale este mam povinnosti, ktore musim spravit"
ZPw87WT2yagXd9QO1D3a7uqutlJ3,8,1772566281133909000,1772566281128474000,90,Insert, ,91,"Dnes vonku pekne nie je, dal by som si pivko, ale este mam povinnosti, ktore musim spravit "
ZPw87WT2yagXd9QO1D3a7uqutlJ3,8,1772566282227077000,1772566282222471000,91,Delete, ,90,"Dnes vonku pekne nie je, dal by som si pivko, ale este mam povinnosti, ktore musim spravit"
ZPw87WT2yagXd9QO1D3a7uqutlJ3,8,1772566282494028000,1772566282484870000,90,Insert,.,91,"Dnes vonku pekne nie je, dal by som si pivko, ale este mam povinnosti, ktore musim spravit."
ZPw87WT2yagXd9QO1D3a7uqutlJ3,9,1772566283588063000,1772566283582785000,0,Insert,D,1,D
ZPw87WT2yagXd9QO1D3a7uqutlJ3,9,1772566284142267000,1772566284137930000,1,Insert,n,2,Dn
ZPw87WT2yagXd9QO1D3a7uqutlJ3,9,1772566284295725000,1772566284291574000,2,Insert,e,3,Dne
ZPw87WT2yagXd9QO1D3a7uqutlJ3,9,1772566284463788000,1772566284458992000,3,Insert,s,4,Dnes
ZPw87WT2yagXd9QO1D3a7uqutlJ3,9,1772566284807937000,1772566284800600000,4,Insert, ,5,Dnes 
ZPw87WT2yagXd9QO1D3a7uqutlJ3,9,1772566285764292000,1772566285756428000,5,Insert,v,6,Dnes v
ZPw87WT2yagXd9QO1D3a7uqutlJ3,9,1772566286119554000,1772566286116018000,6,Insert,o,7,Dnes vo
ZPw87WT2yagXd9QO1D3a7uqutlJ3,9,1772566286400360000,1772566286394674000,7,Insert,n,8,Dnes von
ZPw87WT2yagXd9QO1D3a7uqutlJ3,9,1772566286616274000,1772566286610287000,8,Insert,k,9,Dnes vonk
ZPw87WT2yagXd9QO1D3a7uqutlJ3,9,1772566286802693000,1772566286799036000,9,Insert,u,10,Dnes vonku
ZPw87WT2yagXd9QO1D3a7uqutlJ3,9,1772566287024962000,1772566287018344000,10,Insert, ,11,Dnes vonku 
ZPw87WT2yagXd9QO1D3a7uqutlJ3,9,1772566287402884000,1772566287395369000,11,Insert,p,12,Dnes vonku p
ZPw87WT2yagXd9QO1D3a7uqutlJ3,9,1772566287514467000,1772566287509820000,12,Insert,e,13,Dnes vonku pe
ZPw87WT2yagXd9QO1D3a7uqutlJ3,9,1772566287694818000,1772566287691148000,13,Insert,k,14,Dnes vonku pek
ZPw87WT2yagXd9QO1D3a7uqutlJ3,9,1772566287908998000,1772566287902918000,14,Insert,n,15,Dnes vonku pekn
ZPw87WT2yagXd9QO1D3a7uqutlJ3,9,1772566288028093000,1772566288024425000,15,Insert,e,16,Dnes vonku pekne
ZPw87WT2yagXd9QO1D3a7uqutlJ3,9,1772566288167141000,1772566288163454000,16,Insert, ,17,Dnes vonku pekne 
ZPw87WT2yagXd9QO1D3a7uqutlJ3,9,1772566288387659000,1772566288381560000,17,Insert,n,18,Dnes vonku pekne n
ZPw87WT2yagXd9QO1D3a7uqutlJ3,9,1772566288614128000,1772566288607570000,18,Insert,i,19,Dnes vonku pekne ni
ZPw87WT2yagXd9QO1D3a7uqutlJ3,9,1772566288768322000,1772566288764279000,19,Insert,e,20,Dnes vonku pekne nie
ZPw87WT2yagXd9QO1D3a7uqutlJ3,9,1772566289025096000,1772566289019343000,20,Insert, ,21,Dnes vonku pekne nie 
ZPw87WT2yagXd9QO1D3a7uqutlJ3,9,1772566289344212000,1772566289336882000,21,Insert,j,22,Dnes vonku pekne nie j
ZPw87WT2yagXd9QO1D3a7uqutlJ3,9,1772566289458170000,1772566289453985000,22,Insert,e,23,Dnes vonku pekne nie je
ZPw87WT2yagXd9QO1D3a7uqutlJ3,9,1772566289760346000,1772566289756616000,23,Insert, ,24,Dnes vonku pekne nie je 
ZPw87WT2yagXd9QO1D3a7uqutlJ3,9,1772566290203916000,1772566290201479000,24,Delete, ,23,Dnes vonku pekne nie je
ZPw87WT2yagXd9QO1D3a7uqutlJ3,9,1772566290441904000,1772566290436396000,23,Insert,",",24,"Dnes vonku pekne nie je,"
ZPw87WT2yagXd9QO1D3a7uqutlJ3,9,1772566290835188000,1772566290828980000,24,Insert, ,25,"Dnes vonku pekne nie je, "
ZPw87WT2yagXd9QO1D3a7uqutlJ3,9,1772566291127027000,1772566291119198000,25,Insert,d,26,"Dnes vonku pekne nie je, d"
ZPw87WT2yagXd9QO1D3a7uqutlJ3,9,1772566291378135000,1772566291364735000,26,Insert,a,27,"Dnes vonku pekne nie je, da"
ZPw87WT2yagXd9QO1D3a7uqutlJ3,9,1772566291495300000,1772566291490477000,27,Insert,l,28,"Dnes vonku pekne nie je, dal"
ZPw87WT2yagXd9QO1D3a7uqutlJ3,9,1772566291757785000,1772566291750868000,28,Insert, ,29,"Dnes vonku pekne nie je, dal "
ZPw87WT2yagXd9QO1D3a7uqutlJ3,9,1772566292065803000,1772566292060092000,29,Insert,s,30,"Dnes vonku pekne nie je, dal s"
ZPw87WT2yagXd9QO1D3a7uqutlJ3,9,1772566292263610000,1772566292258809000,30,Insert,o,31,"Dnes vonku pekne nie je, dal so"
ZPw87WT2yagXd9QO1D3a7uqutlJ3,9,1772566292830295000,1772566292825690000,31,Delete,o,30,"Dnes vonku pekne nie je, dal s"
ZPw87WT2yagXd9QO1D3a7uqutlJ3,9,1772566293019301000,1772566293016304000,30,Delete,s,29,"Dnes vonku pekne nie je, dal "
ZPw87WT2yagXd9QO1D3a7uqutlJ3,9,1772566293158169000,1772566293155557000,29,Delete, ,28,"Dnes vonku pekne nie je, dal"
ZPw87WT2yagXd9QO1D3a7uqutlJ3,9,1772566293736579000,1772566293728480000,28,Insert, ,29,"Dnes vonku pekne nie je, dal "
ZPw87WT2yagXd9QO1D3a7uqutlJ3,9,1772566294032617000,1772566294024715000,29,Insert,b,30,"Dnes vonku pekne nie je, dal b"
ZPw87WT2yagXd9QO1D3a7uqutlJ3,9,1772566294098208000,1772566294094000000,30,Insert,y,31,"Dnes vonku pekne nie je, dal by"
ZPw87WT2yagXd9QO1D3a7uqutlJ3,9,1772566294281945000,1772566294278061000,31,Insert, ,32,"Dnes vonku pekne nie je, dal by "
ZPw87WT2yagXd9QO1D3a7uqutlJ3,9,1772566294407094000,1772566294403627000,32,Insert,s,33,"Dnes vonku pekne nie je, dal by s"
ZPw87WT2yagXd9QO1D3a7uqutlJ3,9,1772566294587943000,1772566294583933000,33,Insert,o,34,"Dnes vonku pekne nie je, dal by so"
ZPw87WT2yagXd9QO1D3a7uqutlJ3,9,1772566294782808000,1772566294778354000,34,Insert,m,35,"Dnes vonku pekne nie je, dal by som"
ZPw87WT2yagXd9QO1D3a7uqutlJ3,9,1772566295016156000,1772566295009943000,35,Insert, ,36,"Dnes vonku pekne nie je, dal by som "
ZPw87WT2yagXd9QO1D3a7uqutlJ3,9,1772566295135328000,1772566295131053000,36,Insert,s,37,"Dnes vonku pekne nie je, dal by som s"
ZPw87WT2yagXd9QO1D3a7uqutlJ3,9,1772566295316411000,1772566295312578000,37,Insert,i,38,"Dnes vonku pekne nie je, dal by som si"
ZPw87WT2yagXd9QO1D3a7uqutlJ3,9,1772566295545171000,1772566295537987000,38,Insert, ,39,"Dnes vonku pekne nie je, dal by som si "
ZPw87WT2yagXd9QO1D3a7uqutlJ3,9,1772566295840525000,1772566295835033000,39,Insert,p,40,"Dnes vonku pekne nie je, dal by som si p"
ZPw87WT2yagXd9QO1D3a7uqutlJ3,9,1772566296069889000,1772566296064221000,40,Insert,i,41,"Dnes vonku pekne nie je, dal by som si pi"
ZPw87WT2yagXd9QO1D3a7uqutlJ3,9,1772566296337610000,1772566296331013000,41,Insert,v,42,"Dnes vonku pekne nie je, dal by som si piv"
ZPw87WT2yagXd9QO1D3a7uqutlJ3,9,1772566296534585000,1772566296530411000,42,Insert,k,43,"Dnes vonku pekne nie je, dal by som si pivk"
ZPw87WT2yagXd9QO1D3a7uqutlJ3,9,1772566296749802000,1772566296743688000,43,Insert,o,44,"Dnes vonku pekne nie je, dal by som si pivko"
ZPw87WT2yagXd9QO1D3a7uqutlJ3,9,1772566298553485000,1772566298544687000,44,Insert,",",45,"Dnes vonku pekne nie je, dal by som si pivko,"
ZPw87WT2yagXd9QO1D3a7uqutlJ3,9,1772566298765807000,1772566298761517000,45,Insert, ,46,"Dnes vonku pekne nie je, dal by som si pivko, "
ZPw87WT2yagXd9QO1D3a7uqutlJ3,9,1772566298962339000,1772566298957275000,46,Insert,a,47,"Dnes vonku pekne nie je, dal by som si pivko, a"
ZPw87WT2yagXd9QO1D3a7uqutlJ3,9,1772566299117510000,1772566299112485000,47,Insert,l,48,"Dnes vonku pekne nie je, dal by som si pivko, al"
ZPw87WT2yagXd9QO1D3a7uqutlJ3,9,1772566299316451000,1772566299312501000,48,Insert,e,49,"Dnes vonku pekne nie je, dal by som si pivko, ale"
ZPw87WT2yagXd9QO1D3a7uqutlJ3,9,1772566299550040000,1772566299543640000,49,Insert, ,50,"Dnes vonku pekne nie je, dal by som si pivko, ale "
ZPw87WT2yagXd9QO1D3a7uqutlJ3,9,1772566300457122000,1772566300449222000,50,Insert,e,51,"Dnes vonku pekne nie je, dal by som si pivko, ale e"
ZPw87WT2yagXd9QO1D3a7uqutlJ3,9,1772566300619899000,1772566300615003000,51,Insert,s,52,"Dnes vonku pekne nie je, dal by som si pivko, ale es"
ZPw87WT2yagXd9QO1D3a7uqutlJ3,9,1772566300870516000,1772566300864313000,52,Insert,t,53,"Dnes vonku pekne nie je, dal by som si pivko, ale est"
ZPw87WT2yagXd9QO1D3a7uqutlJ3,9,1772566301077438000,1772566301071350000,53,Insert,e,54,"Dnes vonku pekne nie je, dal by som si pivko, ale este"
ZPw87WT2yagXd9QO1D3a7uqutlJ3,9,1772566301238418000,1772566301232781000,54,Insert, ,55,"Dnes vonku pekne nie je, dal by som si pivko, ale este "
ZPw87WT2yagXd9QO1D3a7uqutlJ3,9,1772566301493323000,1772566301483377000,55,Insert,m,56,"Dnes vonku pekne nie je, dal by som si pivko, ale este m"
ZPw87WT2yagXd9QO1D3a7uqutlJ3,9,1772566301646540000,1772566301641302000,56,Insert,a,57,"Dnes vonku pekne nie je, dal by som si pivko, ale este ma"
ZPw87WT2yagXd9QO1D3a7uqutlJ3,9,1772566301760845000,1772566301753777000,57,Insert,m,58,"Dnes vonku pekne nie je, dal by som si pivko, ale este mam"
ZPw87WT2yagXd9QO1D3a7uqutlJ3,9,1772566302004670000,1772566301996349000,58,Insert, ,59,"Dnes vonku pekne nie je, dal by som si pivko, ale este mam "
ZPw87WT2yagXd9QO1D3a7uqutlJ3,9,1772566302380106000,1772566302373104000,59,Insert,p,60,"Dnes vonku pekne nie je, dal by som si pivko, ale este mam p"
ZPw87WT2yagXd9QO1D3a7uqutlJ3,9,1772566302601611000,1772566302596000000,60,Insert,o,61,"Dnes vonku pekne nie je, dal by som si pivko, ale este mam po"
ZPw87WT2yagXd9QO1D3a7uqutlJ3,9,1772566302968022000,1772566302960560000,61,Insert,v,62,"Dnes vonku pekne nie je, dal by som si pivko, ale este mam pov"
ZPw87WT2yagXd9QO1D3a7uqutlJ3,9,1772566303284889000,1772566303275788000,62,Insert,i,63,"Dnes vonku pekne nie je, dal by som si pivko, ale este mam povi"
ZPw87WT2yagXd9QO1D3a7uqutlJ3,9,1772566303553630000,1772566303547859000,63,Insert,n,64,"Dnes vonku pekne nie je, dal by som si pivko, ale este mam povin"
ZPw87WT2yagXd9QO1D3a7uqutlJ3,9,1772566303735791000,1772566303729459000,64,Insert,n,65,"Dnes vonku pekne nie je, dal by som si pivko, ale este mam povinn"
ZPw87WT2yagXd9QO1D3a7uqutlJ3,9,1772566304081142000,1772566304074917000,65,Insert,o,66,"Dnes vonku pekne nie je, dal by som si pivko, ale este mam povinno"
ZPw87WT2yagXd9QO1D3a7uqutlJ3,9,1772566304176310000,1772566304171186000,66,Insert,s,67,"Dnes vonku pekne nie je, dal by som si pivko, ale este mam povinnos"
ZPw87WT2yagXd9QO1D3a7uqutlJ3,9,1772566304452229000,1772566304444499000,67,Insert,t,68,"Dnes vonku pekne nie je, dal by som si pivko, ale este mam povinnost"
ZPw87WT2yagXd9QO1D3a7uqutlJ3,9,1772566304860774000,1772566304854955000,68,Insert,i,69,"Dnes vonku pekne nie je, dal by som si pivko, ale este mam povinnosti"
ZPw87WT2yagXd9QO1D3a7uqutlJ3,9,1772566305408821000,1772566305401178000,69,Insert,",",70,"Dnes vonku pekne nie je, dal by som si pivko, ale este mam povinnosti,"
ZPw87WT2yagXd9QO1D3a7uqutlJ3,9,1772566305607012000,1772566305599787000,70,Insert, ,71,"Dnes vonku pekne nie je, dal by som si pivko, ale este mam povinnosti, "
ZPw87WT2yagXd9QO1D3a7uqutlJ3,9,1772566305890426000,1772566305884919000,71,Insert,k,72,"Dnes vonku pekne nie je, dal by som si pivko, ale este mam povinnosti, k"
ZPw87WT2yagXd9QO1D3a7uqutlJ3,9,1772566306131973000,1772566306125810000,72,Insert,t,73,"Dnes vonku pekne nie je, dal by som si pivko, ale este mam povinnosti, kt"
ZPw87WT2yagXd9QO1D3a7uqutlJ3,9,1772566306308610000,1772566306304729000,73,Insert,o,74,"Dnes vonku pekne nie je, dal by som si pivko, ale este mam povinnosti, kto"
ZPw87WT2yagXd9QO1D3a7uqutlJ3,9,1772566306414423000,1772566306410633000,74,Insert,r,75,"Dnes vonku pekne nie je, dal by som si pivko, ale este mam povinnosti, ktor"
ZPw87WT2yagXd9QO1D3a7uqutlJ3,9,1772566306578940000,1772566306575180000,75,Insert,e,76,"Dnes vonku pekne nie je, dal by som si pivko, ale este mam povinnosti, ktore"
ZPw87WT2yagXd9QO1D3a7uqutlJ3,9,1772566306794542000,1772566306788210000,76,Insert, ,77,"Dnes vonku pekne nie je, dal by som si pivko, ale este mam povinnosti, ktore "
ZPw87WT2yagXd9QO1D3a7uqutlJ3,9,1772566307026530000,1772566307019390000,77,Insert,m,78,"Dnes vonku pekne nie je, dal by som si pivko, ale este mam povinnosti, ktore m"
ZPw87WT2yagXd9QO1D3a7uqutlJ3,9,1772566307259087000,1772566307250170000,78,Insert,u,79,"Dnes vonku pekne nie je, dal by som si pivko, ale este mam povinnosti, ktore mu"
ZPw87WT2yagXd9QO1D3a7uqutlJ3,9,1772566307350638000,1772566307346832000,79,Insert,s,80,"Dnes vonku pekne nie je, dal by som si pivko, ale este mam povinnosti, ktore mus"
ZPw87WT2yagXd9QO1D3a7uqutlJ3,9,1772566307501675000,1772566307497104000,80,Insert,i,81,"Dnes vonku pekne nie je, dal by som si pivko, ale este mam povinnosti, ktore musi"
ZPw87WT2yagXd9QO1D3a7uqutlJ3,9,1772566307733544000,1772566307727260000,81,Insert,m,82,"Dnes vonku pekne nie je, dal by som si pivko, ale este mam povinnosti, ktore musim"
ZPw87WT2yagXd9QO1D3a7uqutlJ3,9,1772566307963586000,1772566307957489000,82,Insert, ,83,"Dnes vonku pekne nie je, dal by som si pivko, ale este mam povinnosti, ktore musim "
ZPw87WT2yagXd9QO1D3a7uqutlJ3,9,1772566308071604000,1772566308066703000,83,Insert,s,84,"Dnes vonku pekne nie je, dal by som si pivko, ale este mam povinnosti, ktore musim s"
ZPw87WT2yagXd9QO1D3a7uqutlJ3,9,1772566308296849000,1772566308290575000,84,Insert,p,85,"Dnes vonku pekne nie je, dal by som si pivko, ale este mam povinnosti, ktore musim sp"
ZPw87WT2yagXd9QO1D3a7uqutlJ3,9,1772566308654329000,1772566308648314000,85,Insert,r,86,"Dnes vonku pekne nie je, dal by som si pivko, ale este mam povinnosti, ktore musim spr"
ZPw87WT2yagXd9QO1D3a7uqutlJ3,9,1772566308812145000,1772566308807150000,86,Insert,a,87,"Dnes vonku pekne nie je, dal by som si pivko, ale este mam povinnosti, ktore musim spra"
ZPw87WT2yagXd9QO1D3a7uqutlJ3,9,1772566309004957000,1772566308999866000,87,Insert,v,88,"Dnes vonku pekne nie je, dal by som si pivko, ale este mam povinnosti, ktore musim sprav"
ZPw87WT2yagXd9QO1D3a7uqutlJ3,9,1772566309262814000,1772566309255925000,88,Insert,i,89,"Dnes vonku pekne nie je, dal by som si pivko, ale este mam povinnosti, ktore musim spravi"
ZPw87WT2yagXd9QO1D3a7uqutlJ3,9,1772566309477185000,1772566309470894000,89,Insert,t,90,"Dnes vonku pekne nie je, dal by som si pivko, ale este mam povinnosti, ktore musim spravit"
ZPw87WT2yagXd9QO1D3a7uqutlJ3,9,1772566309834791000,1772566309825975000,90,Insert, ,91,"Dnes vonku pekne nie je, dal by som si pivko, ale este mam povinnosti, ktore musim spravit "
ZPw87WT2yagXd9QO1D3a7uqutlJ3,9,1772566310761788000,1772566310756293000,91,Delete, ,90,"Dnes vonku pekne nie je, dal by som si pivko, ale este mam povinnosti, ktore musim spravit"
ZPw87WT2yagXd9QO1D3a7uqutlJ3,9,1772566311072349000,1772566311061063000,90,Insert,.,91,"Dnes vonku pekne nie je, dal by som si pivko, ale este mam povinnosti, ktore musim spravit."
ZPw87WT2yagXd9QO1D3a7uqutlJ3,10,1772566313684193000,1772566313676992000,0,Insert,D,1,D
ZPw87WT2yagXd9QO1D3a7uqutlJ3,10,1772566313837746000,1772566313833185000,1,Insert,n,2,Dn
ZPw87WT2yagXd9QO1D3a7uqutlJ3,10,1772566313965727000,1772566313959639000,2,Insert,e,3,Dne
ZPw87WT2yagXd9QO1D3a7uqutlJ3,10,1772566314157254000,1772566314153714000,3,Insert,s,4,Dnes
ZPw87WT2yagXd9QO1D3a7uqutlJ3,10,1772566314249628000,1772566314245980000,4,Insert, ,5,Dnes 
ZPw87WT2yagXd9QO1D3a7uqutlJ3,10,1772566314539876000,1772566314536219000,5,Insert,j,6,Dnes j
ZPw87WT2yagXd9QO1D3a7uqutlJ3,10,1772566315005421000,1772566315003018000,6,Delete,j,5,Dnes 
ZPw87WT2yagXd9QO1D3a7uqutlJ3,10,1772566315484351000,1772566315480955000,5,Insert,v,6,Dnes v
ZPw87WT2yagXd9QO1D3a7uqutlJ3,10,1772566315771110000,1772566315766980000,6,Insert,o,7,Dnes vo
ZPw87WT2yagXd9QO1D3a7uqutlJ3,10,1772566316006815000,1772566316001129000,7,Insert,n,8,Dnes von
ZPw87WT2yagXd9QO1D3a7uqutlJ3,10,1772566316256351000,1772566316250199000,8,Insert,k,9,Dnes vonk
ZPw87WT2yagXd9QO1D3a7uqutlJ3,10,1772566316467033000,1772566316461250000,9,Insert,u,10,Dnes vonku
ZPw87WT2yagXd9QO1D3a7uqutlJ3,10,1772566316687128000,1772566316681194000,10,Insert, ,11,Dnes vonku 
ZPw87WT2yagXd9QO1D3a7uqutlJ3,10,1772566316971665000,1772566316965010000,11,Insert,o,12,Dnes vonku o
ZPw87WT2yagXd9QO1D3a7uqutlJ3,10,1772566317126292000,1772566317122115000,12,Insert,e,13,Dnes vonku oe
ZPw87WT2yagXd9QO1D3a7uqutlJ3,10,1772566317235865000,1772566317232270000,13,Insert,k,14,Dnes vonku oek
ZPw87WT2yagXd9QO1D3a7uqutlJ3,10,1772566317431583000,1772566317425233000,14,Insert,n,15,Dnes vonku oekn
ZPw87WT2yagXd9QO1D3a7uqutlJ3,10,1772566317568194000,1772566317564511000,15,Insert,e,16,Dnes vonku oekne
ZPw87WT2yagXd9QO1D3a7uqutlJ3,10,1772566317700235000,1772566317693982000,16,Insert, ,17,Dnes vonku oekne 
ZPw87WT2yagXd9QO1D3a7uqutlJ3,10,1772566317902061000,1772566317898646000,17,Insert,n,18,Dnes vonku oekne n
ZPw87WT2yagXd9QO1D3a7uqutlJ3,10,1772566320931931000,1772566320928090000,18,Delete,o,17,Dnes vonku ekne n
ZPw87WT2yagXd9QO1D3a7uqutlJ3,10,1772566321339107000,1772566321335251000,17,Insert,p,18,Dnes vonku pekne n
ZPw87WT2yagXd9QO1D3a7uqutlJ3,10,1772566322673218000,1772566322640890000,18,Insert,i,19,Dnes vonku pekne ni
ZPw87WT2yagXd9QO1D3a7uqutlJ3,10,1772566323143369000,1772566323137256000,19,Insert,e,20,Dnes vonku pekne nie
ZPw87WT2yagXd9QO1D3a7uqutlJ3,10,1772566323306683000,1772566323302586000,20,Insert, ,21,Dnes vonku pekne nie 
ZPw87WT2yagXd9QO1D3a7uqutlJ3,10,1772566323571029000,1772566323562642000,21,Insert,j,22,Dnes vonku pekne nie j
ZPw87WT2yagXd9QO1D3a7uqutlJ3,10,1772566323646795000,1772566323641219000,22,Insert,e,23,Dnes vonku pekne nie je
ZPw87WT2yagXd9QO1D3a7uqutlJ3,10,1772566324569906000,1772566324561958000,23,Insert,",",24,"Dnes vonku pekne nie je,"
ZPw87WT2yagXd9QO1D3a7uqutlJ3,10,1772566324844316000,1772566324838483000,24,Insert, ,25,"Dnes vonku pekne nie je, "
ZPw87WT2yagXd9QO1D3a7uqutlJ3,10,1772566325083369000,1772566325076632000,25,Insert,d,26,"Dnes vonku pekne nie je, d"
ZPw87WT2yagXd9QO1D3a7uqutlJ3,10,1772566325329023000,1772566325318500000,26,Insert,a,27,"Dnes vonku pekne nie je, da"
ZPw87WT2yagXd9QO1D3a7uqutlJ3,10,1772566325411829000,1772566325407672000,27,Insert,l,28,"Dnes vonku pekne nie je, dal"
ZPw87WT2yagXd9QO1D3a7uqutlJ3,10,1772566325668058000,1772566325661158000,28,Insert, ,29,"Dnes vonku pekne nie je, dal "
ZPw87WT2yagXd9QO1D3a7uqutlJ3,10,1772566325889266000,1772566325882572000,29,Insert,b,30,"Dnes vonku pekne nie je, dal b"
ZPw87WT2yagXd9QO1D3a7uqutlJ3,10,1772566325982577000,1772566325977449000,30,Insert,y,31,"Dnes vonku pekne nie je, dal by"
ZPw87WT2yagXd9QO1D3a7uqutlJ3,10,1772566326159876000,1772566326154994000,31,Insert, ,32,"Dnes vonku pekne nie je, dal by "
ZPw87WT2yagXd9QO1D3a7uqutlJ3,10,1772566326290218000,1772566326286049000,32,Insert,s,33,"Dnes vonku pekne nie je, dal by s"
ZPw87WT2yagXd9QO1D3a7uqutlJ3,10,1772566326469590000,1772566326462638000,33,Insert,o,34,"Dnes vonku pekne nie je, dal by so"
ZPw87WT2yagXd9QO1D3a7uqutlJ3,10,1772566326659646000,1772566326655164000,34,Insert,m,35,"Dnes vonku pekne nie je, dal by som"
ZPw87WT2yagXd9QO1D3a7uqutlJ3,10,1772566326895771000,1772566326891712000,35,Insert, ,36,"Dnes vonku pekne nie je, dal by som "
ZPw87WT2yagXd9QO1D3a7uqutlJ3,10,1772566327024039000,1772566327018951000,36,Insert,s,37,"Dnes vonku pekne nie je, dal by som s"
ZPw87WT2yagXd9QO1D3a7uqutlJ3,10,1772566327193530000,1772566327188352000,37,Insert,i,38,"Dnes vonku pekne nie je, dal by som si"
ZPw87WT2yagXd9QO1D3a7uqutlJ3,10,1772566327422432000,1772566327413853000,38,Insert, ,39,"Dnes vonku pekne nie je, dal by som si "
ZPw87WT2yagXd9QO1D3a7uqutlJ3,10,1772566327747044000,1772566327739806000,39,Insert,p,40,"Dnes vonku pekne nie je, dal by som si p"
ZPw87WT2yagXd9QO1D3a7uqutlJ3,10,1772566327993366000,1772566327987040000,40,Insert,i,41,"Dnes vonku pekne nie je, dal by som si pi"
ZPw87WT2yagXd9QO1D3a7uqutlJ3,10,1772566328290237000,1772566328283868000,41,Insert,v,42,"Dnes vonku pekne nie je, dal by som si piv"
ZPw87WT2yagXd9QO1D3a7uqutlJ3,10,1772566328546196000,1772566328539826000,42,Insert,k,43,"Dnes vonku pekne nie je, dal by som si pivk"
ZPw87WT2yagXd9QO1D3a7uqutlJ3,10,1772566328753706000,1772566328749113000,43,Insert,o,44,"Dnes vonku pekne nie je, dal by som si pivko"
ZPw87WT2yagXd9QO1D3a7uqutlJ3,10,1772566329092942000,1772566329085798000,44,Insert, ,45,"Dnes vonku pekne nie je, dal by som si pivko "
ZPw87WT2yagXd9QO1D3a7uqutlJ3,10,1772566329531912000,1772566329527778000,45,Delete, ,44,"Dnes vonku pekne nie je, dal by som si pivko"
ZPw87WT2yagXd9QO1D3a7uqutlJ3,10,1772566329815544000,1772566329811129000,44,Insert,",",45,"Dnes vonku pekne nie je, dal by som si pivko,"
ZPw87WT2yagXd9QO1D3a7uqutlJ3,10,1772566330036272000,1772566330028368000,45,Insert, ,46,"Dnes vonku pekne nie je, dal by som si pivko, "
ZPw87WT2yagXd9QO1D3a7uqutlJ3,10,1772566330206271000,1772566330201883000,46,Insert,a,47,"Dnes vonku pekne nie je, dal by som si pivko, a"
ZPw87WT2yagXd9QO1D3a7uqutlJ3,10,1772566330367018000,1772566330358991000,47,Insert,l,48,"Dnes vonku pekne nie je, dal by som si pivko, al"
ZPw87WT2yagXd9QO1D3a7uqutlJ3,10,1772566330518306000,1772566330509599000,48,Insert,e,49,"Dnes vonku pekne nie je, dal by som si pivko, ale"
ZPw87WT2yagXd9QO1D3a7uqutlJ3,10,1772566330720783000,1772566330715706000,49,Insert, ,50,"Dnes vonku pekne nie je, dal by som si pivko, ale "
ZPw87WT2yagXd9QO1D3a7uqutlJ3,10,1772566330841876000,1772566330836756000,50,Insert,e,51,"Dnes vonku pekne nie je, dal by som si pivko, ale e"
ZPw87WT2yagXd9QO1D3a7uqutlJ3,10,1772566331010079000,1772566331006119000,51,Insert,s,52,"Dnes vonku pekne nie je, dal by som si pivko, ale es"
ZPw87WT2yagXd9QO1D3a7uqutlJ3,10,1772566331184961000,1772566331180889000,52,Insert,t,53,"Dnes vonku pekne nie je, dal by som si pivko, ale est"
ZPw87WT2yagXd9QO1D3a7uqutlJ3,10,1772566331373341000,1772566331368974000,53,Insert,e,54,"Dnes vonku pekne nie je, dal by som si pivko, ale este"
ZPw87WT2yagXd9QO1D3a7uqutlJ3,10,1772566331542538000,1772566331538036000,54,Insert, ,55,"Dnes vonku pekne nie je, dal by som si pivko, ale este "
ZPw87WT2yagXd9QO1D3a7uqutlJ3,10,1772566331776709000,1772566331770376000,55,Insert,m,56,"Dnes vonku pekne nie je, dal by som si pivko, ale este m"
ZPw87WT2yagXd9QO1D3a7uqutlJ3,10,1772566331939131000,1772566331933519000,56,Insert,a,57,"Dnes vonku pekne nie je, dal by som si pivko, ale este ma"
ZPw87WT2yagXd9QO1D3a7uqutlJ3,10,1772566332064824000,1772566332060857000,57,Insert,m,58,"Dnes vonku pekne nie je, dal by som si pivko, ale este mam"
ZPw87WT2yagXd9QO1D3a7uqutlJ3,10,1772566332299686000,1772566332292726000,58,Insert, ,59,"Dnes vonku pekne nie je, dal by som si pivko, ale este mam "
ZPw87WT2yagXd9QO1D3a7uqutlJ3,10,1772566332626359000,1772566332619039000,59,Insert,p,60,"Dnes vonku pekne nie je, dal by som si pivko, ale este mam p"
ZPw87WT2yagXd9QO1D3a7uqutlJ3,10,1772566332849239000,1772566332842241000,60,Insert,o,61,"Dnes vonku pekne nie je, dal by som si pivko, ale este mam po"
ZPw87WT2yagXd9QO1D3a7uqutlJ3,10,1772566333239742000,1772566333233045000,61,Insert,v,62,"Dnes vonku pekne nie je, dal by som si pivko, ale este mam pov"
ZPw87WT2yagXd9QO1D3a7uqutlJ3,10,1772566333513217000,1772566333506793000,62,Insert,i,63,"Dnes vonku pekne nie je, dal by som si pivko, ale este mam povi"
ZPw87WT2yagXd9QO1D3a7uqutlJ3,10,1772566333772174000,1772566333765432000,63,Insert,n,64,"Dnes vonku pekne nie je, dal by som si pivko, ale este mam povin"
ZPw87WT2yagXd9QO1D3a7uqutlJ3,10,1772566333933918000,1772566333928865000,64,Insert,n,65,"Dnes vonku pekne nie je, dal by som si pivko, ale este mam povinn"
ZPw87WT2yagXd9QO1D3a7uqutlJ3,10,1772566334297774000,1772566334284518000,65,Insert,o,66,"Dnes vonku pekne nie je, dal by som si pivko, ale este mam povinno"
ZPw87WT2yagXd9QO1D3a7uqutlJ3,10,1772566334395037000,1772566334390012000,66,Insert,s,67,"Dnes vonku pekne nie je, dal by som si pivko, ale este mam povinnos"
ZPw87WT2yagXd9QO1D3a7uqutlJ3,10,1772566334704276000,1772566334697892000,67,Insert,t,68,"Dnes vonku pekne nie je, dal by som si pivko, ale este mam povinnost"
ZPw87WT2yagXd9QO1D3a7uqutlJ3,10,1772566335031421000,1772566335024725000,68,Insert,i,69,"Dnes vonku pekne nie je, dal by som si pivko, ale este mam povinnosti"
ZPw87WT2yagXd9QO1D3a7uqutlJ3,10,1772566335720300000,1772566335708342000,69,Insert,",",70,"Dnes vonku pekne nie je, dal by som si pivko, ale este mam povinnosti,"
ZPw87WT2yagXd9QO1D3a7uqutlJ3,10,1772566335983067000,1772566335975720000,70,Insert, ,71,"Dnes vonku pekne nie je, dal by som si pivko, ale este mam povinnosti, "
ZPw87WT2yagXd9QO1D3a7uqutlJ3,10,1772566336274056000,1772566336267553000,71,Insert,k,72,"Dnes vonku pekne nie je, dal by som si pivko, ale este mam povinnosti, k"
ZPw87WT2yagXd9QO1D3a7uqutlJ3,10,1772566336528396000,1772566336521091000,72,Insert,t,73,"Dnes vonku pekne nie je, dal by som si pivko, ale este mam povinnosti, kt"
ZPw87WT2yagXd9QO1D3a7uqutlJ3,10,1772566336685499000,1772566336680057000,73,Insert,o,74,"Dnes vonku pekne nie je, dal by som si pivko, ale este mam povinnosti, kto"
ZPw87WT2yagXd9QO1D3a7uqutlJ3,10,1772566336795684000,1772566336791541000,74,Insert,r,75,"Dnes vonku pekne nie je, dal by som si pivko, ale este mam povinnosti, ktor"
ZPw87WT2yagXd9QO1D3a7uqutlJ3,10,1772566337684376000,1772566337674685000,75,Insert,e,76,"Dnes vonku pekne nie je, dal by som si pivko, ale este mam povinnosti, ktore"
ZPw87WT2yagXd9QO1D3a7uqutlJ3,10,1772566337973656000,1772566337969215000,76,Insert, ,77,"Dnes vonku pekne nie je, dal by som si pivko, ale este mam povinnosti, ktore "
ZPw87WT2yagXd9QO1D3a7uqutlJ3,10,1772566338320868000,1772566338314264000,77,Insert,m,78,"Dnes vonku pekne nie je, dal by som si pivko, ale este mam povinnosti, ktore m"
ZPw87WT2yagXd9QO1D3a7uqutlJ3,10,1772566338555959000,1772566338549560000,78,Insert,u,79,"Dnes vonku pekne nie je, dal by som si pivko, ale este mam povinnosti, ktore mu"
ZPw87WT2yagXd9QO1D3a7uqutlJ3,10,1772566338661352000,1772566338652138000,79,Insert,s,80,"Dnes vonku pekne nie je, dal by som si pivko, ale este mam povinnosti, ktore mus"
ZPw87WT2yagXd9QO1D3a7uqutlJ3,10,1772566338825996000,1772566338821668000,80,Insert,i,81,"Dnes vonku pekne nie je, dal by som si pivko, ale este mam povinnosti, ktore musi"
ZPw87WT2yagXd9QO1D3a7uqutlJ3,10,1772566339083671000,1772566339076225000,81,Insert,m,82,"Dnes vonku pekne nie je, dal by som si pivko, ale este mam povinnosti, ktore musim"
ZPw87WT2yagXd9QO1D3a7uqutlJ3,10,1772566339662787000,1772566339656691000,82,Insert, ,83,"Dnes vonku pekne nie je, dal by som si pivko, ale este mam povinnosti, ktore musim "
ZPw87WT2yagXd9QO1D3a7uqutlJ3,10,1772566339794970000,1772566339790722000,83,Insert,s,84,"Dnes vonku pekne nie je, dal by som si pivko, ale este mam povinnosti, ktore musim s"
ZPw87WT2yagXd9QO1D3a7uqutlJ3,10,1772566340053619000,1772566340050085000,84,Insert,p,85,"Dnes vonku pekne nie je, dal by som si pivko, ale este mam povinnosti, ktore musim sp"
ZPw87WT2yagXd9QO1D3a7uqutlJ3,10,1772566340415033000,1772566340408845000,85,Insert,r,86,"Dnes vonku pekne nie je, dal by som si pivko, ale este mam povinnosti, ktore musim spr"
ZPw87WT2yagXd9QO1D3a7uqutlJ3,10,1772566340571145000,1772566340565824000,86,Insert,a,87,"Dnes vonku pekne nie je, dal by som si pivko, ale este mam povinnosti, ktore musim spra"
ZPw87WT2yagXd9QO1D3a7uqutlJ3,10,1772566340763914000,1772566340758320000,87,Insert,v,88,"Dnes vonku pekne nie je, dal by som si pivko, ale este mam povinnosti, ktore musim sprav"
ZPw87WT2yagXd9QO1D3a7uqutlJ3,10,1772566341105162000,1772566341098188000,88,Insert,i,89,"Dnes vonku pekne nie je, dal by som si pivko, ale este mam povinnosti, ktore musim spravi"
ZPw87WT2yagXd9QO1D3a7uqutlJ3,10,1772566341336146000,1772566341329443000,89,Insert,t,90,"Dnes vonku pekne nie je, dal by som si pivko, ale este mam povinnosti, ktore musim spravit"
ZPw87WT2yagXd9QO1D3a7uqutlJ3,10,1772566341723113000,1772566341714006000,90,Insert,.,91,"Dnes vonku pekne nie je, dal by som si pivko, ale este mam povinnosti, ktore musim spravit."
ZPw87WT2yagXd9QO1D3a7uqutlJ3,11,1772566343188803000,1772566343181934000,0,Insert,D,1,D
ZPw87WT2yagXd9QO1D3a7uqutlJ3,11,1772566343575450000,1772566343569196000,1,Insert,n,2,Dn
ZPw87WT2yagXd9QO1D3a7uqutlJ3,11,1772566343699741000,1772566343695977000,2,Insert,e,3,Dne
ZPw87WT2yagXd9QO1D3a7uqutlJ3,11,1772566343999583000,1772566343992499000,3,Insert,s,4,Dnes
ZPw87WT2yagXd9QO1D3a7uqutlJ3,11,1772566344284390000,1772566344278263000,4,Insert, ,5,Dnes 
ZPw87WT2yagXd9QO1D3a7uqutlJ3,11,1772566344577531000,1772566344571534000,5,Insert,v,6,Dnes v
ZPw87WT2yagXd9QO1D3a7uqutlJ3,11,1772566344904139000,1772566344898296000,6,Insert,o,7,Dnes vo
ZPw87WT2yagXd9QO1D3a7uqutlJ3,11,1772566345177186000,1772566345171332000,7,Insert,n,8,Dnes von
ZPw87WT2yagXd9QO1D3a7uqutlJ3,11,1772566345404917000,1772566345399121000,8,Insert,k,9,Dnes vonk
ZPw87WT2yagXd9QO1D3a7uqutlJ3,11,1772566345613595000,1772566345606650000,9,Insert,u,10,Dnes vonku
ZPw87WT2yagXd9QO1D3a7uqutlJ3,11,1772566345830377000,1772566345823709000,10,Insert, ,11,Dnes vonku 
ZPw87WT2yagXd9QO1D3a7uqutlJ3,11,1772566346110444000,1772566346104205000,11,Insert,p,12,Dnes vonku p
ZPw87WT2yagXd9QO1D3a7uqutlJ3,11,1772566346242792000,1772566346238517000,12,Insert,e,13,Dnes vonku pe
ZPw87WT2yagXd9QO1D3a7uqutlJ3,11,1772566346419573000,1772566346414361000,13,Insert,k,14,Dnes vonku pek
ZPw87WT2yagXd9QO1D3a7uqutlJ3,11,1772566346624093000,1772566346619956000,14,Insert,n,15,Dnes vonku pekn
ZPw87WT2yagXd9QO1D3a7uqutlJ3,11,1772566346735209000,1772566346730318000,15,Insert,e,16,Dnes vonku pekne
ZPw87WT2yagXd9QO1D3a7uqutlJ3,11,1772566346892210000,1772566346888199000,16,Insert, ,17,Dnes vonku pekne 
ZPw87WT2yagXd9QO1D3a7uqutlJ3,11,1772566347198003000,1772566347194109000,17,Insert,n,18,Dnes vonku pekne n
ZPw87WT2yagXd9QO1D3a7uqutlJ3,11,1772566347438989000,1772566347432412000,18,Insert,i,19,Dnes vonku pekne ni
ZPw87WT2yagXd9QO1D3a7uqutlJ3,11,1772566347598815000,1772566347594972000,19,Insert,e,20,Dnes vonku pekne nie
ZPw87WT2yagXd9QO1D3a7uqutlJ3,11,1772566347799097000,1772566347794840000,20,Insert, ,21,Dnes vonku pekne nie 
ZPw87WT2yagXd9QO1D3a7uqutlJ3,11,1772566348055168000,1772566348046251000,21,Insert,j,22,Dnes vonku pekne nie j
ZPw87WT2yagXd9QO1D3a7uqutlJ3,11,1772566348151372000,1772566348147170000,22,Insert,e,23,Dnes vonku pekne nie je
ZPw87WT2yagXd9QO1D3a7uqutlJ3,11,1772566349195417000,1772566349187747000,23,Insert,",",24,"Dnes vonku pekne nie je,"
ZPw87WT2yagXd9QO1D3a7uqutlJ3,11,1772566349421077000,1772566349413596000,24,Insert, ,25,"Dnes vonku pekne nie je, "
ZPw87WT2yagXd9QO1D3a7uqutlJ3,11,1772566349603574000,1772566349599612000,25,Insert,d,26,"Dnes vonku pekne nie je, d"
ZPw87WT2yagXd9QO1D3a7uqutlJ3,11,1772566349857466000,1772566349854704000,26,Insert,a,27,"Dnes vonku pekne nie je, da"
ZPw87WT2yagXd9QO1D3a7uqutlJ3,11,1772566349978996000,1772566349976827000,27,Insert,l,28,"Dnes vonku pekne nie je, dal"
ZPw87WT2yagXd9QO1D3a7uqutlJ3,11,1772566350258769000,1772566350251834000,28,Insert, ,29,"Dnes vonku pekne nie je, dal "
ZPw87WT2yagXd9QO1D3a7uqutlJ3,11,1772566350478178000,1772566350468443000,29,Insert,b,30,"Dnes vonku pekne nie je, dal b"
ZPw87WT2yagXd9QO1D3a7uqutlJ3,11,1772566350580510000,1772566350576303000,30,Insert,y,31,"Dnes vonku pekne nie je, dal by"
ZPw87WT2yagXd9QO1D3a7uqutlJ3,11,1772566350776308000,1772566350771209000,31,Insert, ,32,"Dnes vonku pekne nie je, dal by "
ZPw87WT2yagXd9QO1D3a7uqutlJ3,11,1772566350897148000,1772566350885781000,32,Insert,s,33,"Dnes vonku pekne nie je, dal by s"
ZPw87WT2yagXd9QO1D3a7uqutlJ3,11,1772566351146625000,1772566351139163000,33,Insert,o,34,"Dnes vonku pekne nie je, dal by so"
ZPw87WT2yagXd9QO1D3a7uqutlJ3,11,1772566351413503000,1772566351405706000,34,Insert,m,35,"Dnes vonku pekne nie je, dal by som"
ZPw87WT2yagXd9QO1D3a7uqutlJ3,11,1772566352360865000,1772566352349341000,35,Insert, ,36,"Dnes vonku pekne nie je, dal by som "
ZPw87WT2yagXd9QO1D3a7uqutlJ3,11,1772566352531121000,1772566352525527000,36,Insert,s,37,"Dnes vonku pekne nie je, dal by som s"
ZPw87WT2yagXd9QO1D3a7uqutlJ3,11,1772566352761613000,1772566352755872000,37,Insert,i,38,"Dnes vonku pekne nie je, dal by som si"
ZPw87WT2yagXd9QO1D3a7uqutlJ3,11,1772566352987176000,1772566352979997000,38,Insert, ,39,"Dnes vonku pekne nie je, dal by som si "
ZPw87WT2yagXd9QO1D3a7uqutlJ3,11,1772566353289281000,1772566353282690000,39,Insert,p,40,"Dnes vonku pekne nie je, dal by som si p"
ZPw87WT2yagXd9QO1D3a7uqutlJ3,11,1772566353526497000,1772566353519930000,40,Insert,i,41,"Dnes vonku pekne nie je, dal by som si pi"
ZPw87WT2yagXd9QO1D3a7uqutlJ3,11,1772566353753861000,1772566353744237000,41,Insert,v,42,"Dnes vonku pekne nie je, dal by som si piv"
ZPw87WT2yagXd9QO1D3a7uqutlJ3,11,1772566353909724000,1772566353905761000,42,Insert,k,43,"Dnes vonku pekne nie je, dal by som si pivk"
ZPw87WT2yagXd9QO1D3a7uqutlJ3,11,1772566354126368000,1772566354120186000,43,Insert,o,44,"Dnes vonku pekne nie je, dal by som si pivko"
ZPw87WT2yagXd9QO1D3a7uqutlJ3,11,1772566356088417000,1772566356079448000,44,Insert,",",45,"Dnes vonku pekne nie je, dal by som si pivko,"
ZPw87WT2yagXd9QO1D3a7uqutlJ3,11,1772566356499573000,1772566356489128000,45,Insert,a,46,"Dnes vonku pekne nie je, dal by som si pivko,a"
ZPw87WT2yagXd9QO1D3a7uqutlJ3,11,1772566356699582000,1772566356694241000,46,Insert,l,47,"Dnes vonku pekne nie je, dal by som si pivko,al"
ZPw87WT2yagXd9QO1D3a7uqutlJ3,11,1772566356842938000,1772566356838414000,47,Insert,e,48,"Dnes vonku pekne nie je, dal by som si pivko,ale"
ZPw87WT2yagXd9QO1D3a7uqutlJ3,11,1772566357240174000,1772566357234792000,48,Delete,e,47,"Dnes vonku pekne nie je, dal by som si pivko,al"
ZPw87WT2yagXd9QO1D3a7uqutlJ3,11,1772566357380147000,1772566357375412000,47,Delete,l,46,"Dnes vonku pekne nie je, dal by som si pivko,a"
ZPw87WT2yagXd9QO1D3a7uqutlJ3,11,1772566357541502000,1772566357538575000,46,Delete,a,45,"Dnes vonku pekne nie je, dal by som si pivko,"
ZPw87WT2yagXd9QO1D3a7uqutlJ3,11,1772566358036933000,1772566358028607000,45,Insert, ,46,"Dnes vonku pekne nie je, dal by som si pivko, "
ZPw87WT2yagXd9QO1D3a7uqutlJ3,11,1772566358207420000,1772566358202955000,46,Insert,a,47,"Dnes vonku pekne nie je, dal by som si pivko, a"
ZPw87WT2yagXd9QO1D3a7uqutlJ3,11,1772566358400362000,1772566358391186000,47,Insert,l,48,"Dnes vonku pekne nie je, dal by som si pivko, al"
ZPw87WT2yagXd9QO1D3a7uqutlJ3,11,1772566358548310000,1772566358542345000,48,Insert,e,49,"Dnes vonku pekne nie je, dal by som si pivko, ale"
ZPw87WT2yagXd9QO1D3a7uqutlJ3,11,1772566358797914000,1772566358789249000,49,Insert, ,50,"Dnes vonku pekne nie je, dal by som si pivko, ale "
ZPw87WT2yagXd9QO1D3a7uqutlJ3,11,1772566359536356000,1772566359529425000,50,Insert,e,51,"Dnes vonku pekne nie je, dal by som si pivko, ale e"
ZPw87WT2yagXd9QO1D3a7uqutlJ3,11,1772566359709519000,1772566359704370000,51,Insert,s,52,"Dnes vonku pekne nie je, dal by som si pivko, ale es"
ZPw87WT2yagXd9QO1D3a7uqutlJ3,11,1772566359917156000,1772566359910439000,52,Insert,t,53,"Dnes vonku pekne nie je, dal by som si pivko, ale est"
ZPw87WT2yagXd9QO1D3a7uqutlJ3,11,1772566360134504000,1772566360124515000,53,Insert,e,54,"Dnes vonku pekne nie je, dal by som si pivko, ale este"
ZPw87WT2yagXd9QO1D3a7uqutlJ3,11,1772566360286495000,1772566360282239000,54,Insert, ,55,"Dnes vonku pekne nie je, dal by som si pivko, ale este "
ZPw87WT2yagXd9QO1D3a7uqutlJ3,11,1772566360571248000,1772566360561445000,55,Insert,m,56,"Dnes vonku pekne nie je, dal by som si pivko, ale este m"
ZPw87WT2yagXd9QO1D3a7uqutlJ3,11,1772566360722222000,1772566360716851000,56,Insert,a,57,"Dnes vonku pekne nie je, dal by som si pivko, ale este ma"
ZPw87WT2yagXd9QO1D3a7uqutlJ3,11,1772566360872924000,1772566360864536000,57,Insert,m,58,"Dnes vonku pekne nie je, dal by som si pivko, ale este mam"
ZPw87WT2yagXd9QO1D3a7uqutlJ3,11,1772566360998447000,1772566360994644000,58,Insert,n,59,"Dnes vonku pekne nie je, dal by som si pivko, ale este mamn"
ZPw87WT2yagXd9QO1D3a7uqutlJ3,11,1772566361913843000,1772566361908745000,59,Delete,n,58,"Dnes vonku pekne nie je, dal by som si pivko, ale este mam"
ZPw87WT2yagXd9QO1D3a7uqutlJ3,11,1772566362214356000,1772566362207665000,58,Insert, ,59,"Dnes vonku pekne nie je, dal by som si pivko, ale este mam "
ZPw87WT2yagXd9QO1D3a7uqutlJ3,11,1772566362589114000,1772566362582651000,59,Insert,p,60,"Dnes vonku pekne nie je, dal by som si pivko, ale este mam p"
ZPw87WT2yagXd9QO1D3a7uqutlJ3,11,1772566362801036000,1772566362793846000,60,Insert,o,61,"Dnes vonku pekne nie je, dal by som si pivko, ale este mam po"
ZPw87WT2yagXd9QO1D3a7uqutlJ3,11,1772566363126505000,1772566363122347000,61,Insert,v,62,"Dnes vonku pekne nie je, dal by som si pivko, ale este mam pov"
ZPw87WT2yagXd9QO1D3a7uqutlJ3,11,1772566363420044000,1772566363412763000,62,Insert,i,63,"Dnes vonku pekne nie je, dal by som si pivko, ale este mam povi"
ZPw87WT2yagXd9QO1D3a7uqutlJ3,11,1772566363655885000,1772566363649338000,63,Insert,n,64,"Dnes vonku pekne nie je, dal by som si pivko, ale este mam povin"
ZPw87WT2yagXd9QO1D3a7uqutlJ3,11,1772566363873053000,1772566363862736000,64,Insert,n,65,"Dnes vonku pekne nie je, dal by som si pivko, ale este mam povinn"
ZPw87WT2yagXd9QO1D3a7uqutlJ3,11,1772566364232381000,1772566364225152000,65,Insert,o,66,"Dnes vonku pekne nie je, dal by som si pivko, ale este mam povinno"
ZPw87WT2yagXd9QO1D3a7uqutlJ3,11,1772566364370295000,1772566364365969000,66,Insert,s,67,"Dnes vonku pekne nie je, dal by som si pivko, ale este mam povinnos"
ZPw87WT2yagXd9QO1D3a7uqutlJ3,11,1772566364632343000,1772566364627070000,67,Insert,t,68,"Dnes vonku pekne nie je, dal by som si pivko, ale este mam povinnost"
ZPw87WT2yagXd9QO1D3a7uqutlJ3,11,1772566365061009000,1772566365053994000,68,Insert,i,69,"Dnes vonku pekne nie je, dal by som si pivko, ale este mam povinnosti"
ZPw87WT2yagXd9QO1D3a7uqutlJ3,11,1772566365844759000,1772566365835835000,69,Insert,k,70,"Dnes vonku pekne nie je, dal by som si pivko, ale este mam povinnostik"
ZPw87WT2yagXd9QO1D3a7uqutlJ3,11,1772566366375559000,1772566366372521000,70,Delete,k,69,"Dnes vonku pekne nie je, dal by som si pivko, ale este mam povinnosti"
ZPw87WT2yagXd9QO1D3a7uqutlJ3,11,1772566366670450000,1772566366665897000,69,Insert, ,70,"Dnes vonku pekne nie je, dal by som si pivko, ale este mam povinnosti "
ZPw87WT2yagXd9QO1D3a7uqutlJ3,11,1772566366991225000,1772566366986972000,70,Insert,k,71,"Dnes vonku pekne nie je, dal by som si pivko, ale este mam povinnosti k"
ZPw87WT2yagXd9QO1D3a7uqutlJ3,11,1772566367166365000,1772566367162220000,71,Insert,t,72,"Dnes vonku pekne nie je, dal by som si pivko, ale este mam povinnosti kt"
ZPw87WT2yagXd9QO1D3a7uqutlJ3,11,1772566367390647000,1772566367383993000,72,Insert,o,73,"Dnes vonku pekne nie je, dal by som si pivko, ale este mam povinnosti kto"
ZPw87WT2yagXd9QO1D3a7uqutlJ3,11,1772566367464750000,1772566367460025000,73,Insert,r,74,"Dnes vonku pekne nie je, dal by som si pivko, ale este mam povinnosti ktor"
ZPw87WT2yagXd9QO1D3a7uqutlJ3,11,1772566368020605000,1772566368016110000,74,Delete,r,73,"Dnes vonku pekne nie je, dal by som si pivko, ale este mam povinnosti kto"
ZPw87WT2yagXd9QO1D3a7uqutlJ3,11,1772566368185206000,1772566368181671000,73,Delete,o,72,"Dnes vonku pekne nie je, dal by som si pivko, ale este mam povinnosti kt"
ZPw87WT2yagXd9QO1D3a7uqutlJ3,11,1772566368336312000,1772566368332321000,72,Delete,t,71,"Dnes vonku pekne nie je, dal by som si pivko, ale este mam povinnosti k"
ZPw87WT2yagXd9QO1D3a7uqutlJ3,11,1772566368498996000,1772566368496222000,71,Delete,k,70,"Dnes vonku pekne nie je, dal by som si pivko, ale este mam povinnosti "
ZPw87WT2yagXd9QO1D3a7uqutlJ3,11,1772566368870215000,1772566368865837000,70,Delete, ,69,"Dnes vonku pekne nie je, dal by som si pivko, ale este mam povinnosti"
ZPw87WT2yagXd9QO1D3a7uqutlJ3,11,1772566369507070000,1772566369497441000,69,Insert,",",70,"Dnes vonku pekne nie je, dal by som si pivko, ale este mam povinnosti,"
ZPw87WT2yagXd9QO1D3a7uqutlJ3,11,1772566369849248000,1772566369841354000,70,Insert, ,71,"Dnes vonku pekne nie je, dal by som si pivko, ale este mam povinnosti, "
ZPw87WT2yagXd9QO1D3a7uqutlJ3,11,1772566370139217000,1772566370131889000,71,Insert,k,72,"Dnes vonku pekne nie je, dal by som si pivko, ale este mam povinnosti, k"
ZPw87WT2yagXd9QO1D3a7uqutlJ3,11,1772566370375292000,1772566370368399000,72,Insert,t,73,"Dnes vonku pekne nie je, dal by som si pivko, ale este mam povinnosti, kt"
ZPw87WT2yagXd9QO1D3a7uqutlJ3,11,1772566370547299000,1772566370540462000,73,Insert,o,74,"Dnes vonku pekne nie je, dal by som si pivko, ale este mam povinnosti, kto"
ZPw87WT2yagXd9QO1D3a7uqutlJ3,11,1772566370630053000,1772566370622243000,74,Insert,r,75,"Dnes vonku pekne nie je, dal by som si pivko, ale este mam povinnosti, ktor"
ZPw87WT2yagXd9QO1D3a7uqutlJ3,11,1772566370796199000,1772566370792165000,75,Insert,e,76,"Dnes vonku pekne nie je, dal by som si pivko, ale este mam povinnosti, ktore"
ZPw87WT2yagXd9QO1D3a7uqutlJ3,11,1772566370965968000,1772566370961047000,76,Insert, ,77,"Dnes vonku pekne nie je, dal by som si pivko, ale este mam povinnosti, ktore "
ZPw87WT2yagXd9QO1D3a7uqutlJ3,11,1772566371222885000,1772566371216764000,77,Insert,m,78,"Dnes vonku pekne nie je, dal by som si pivko, ale este mam povinnosti, ktore m"
ZPw87WT2yagXd9QO1D3a7uqutlJ3,11,1772566371448115000,1772566371440760000,78,Insert,u,79,"Dnes vonku pekne nie je, dal by som si pivko, ale este mam povinnosti, ktore mu"
ZPw87WT2yagXd9QO1D3a7uqutlJ3,11,1772566371566503000,1772566371561781000,79,Insert,s,80,"Dnes vonku pekne nie je, dal by som si pivko, ale este mam povinnosti, ktore mus"
ZPw87WT2yagXd9QO1D3a7uqutlJ3,11,1772566371722820000,1772566371718781000,80,Insert,i,81,"Dnes vonku pekne nie je, dal by som si pivko, ale este mam povinnosti, ktore musi"
ZPw87WT2yagXd9QO1D3a7uqutlJ3,11,1772566371948855000,1772566371944174000,81,Insert,m,82,"Dnes vonku pekne nie je, dal by som si pivko, ale este mam povinnosti, ktore musim"
ZPw87WT2yagXd9QO1D3a7uqutlJ3,11,1772566372189121000,1772566372182087000,82,Insert, ,83,"Dnes vonku pekne nie je, dal by som si pivko, ale este mam povinnosti, ktore musim "
ZPw87WT2yagXd9QO1D3a7uqutlJ3,11,1772566372326949000,1772566372321203000,83,Insert,s,84,"Dnes vonku pekne nie je, dal by som si pivko, ale este mam povinnosti, ktore musim s"
ZPw87WT2yagXd9QO1D3a7uqutlJ3,11,1772566372530049000,1772566372521308000,84,Insert,p,85,"Dnes vonku pekne nie je, dal by som si pivko, ale este mam povinnosti, ktore musim sp"
ZPw87WT2yagXd9QO1D3a7uqutlJ3,11,1772566372852436000,1772566372846064000,85,Insert,r,86,"Dnes vonku pekne nie je, dal by som si pivko, ale este mam povinnosti, ktore musim spr"
ZPw87WT2yagXd9QO1D3a7uqutlJ3,11,1772566373018807000,1772566373009597000,86,Insert,a,87,"Dnes vonku pekne nie je, dal by som si pivko, ale este mam povinnosti, ktore musim spra"
ZPw87WT2yagXd9QO1D3a7uqutlJ3,11,1772566373220830000,1772566373216665000,87,Insert,v,88,"Dnes vonku pekne nie je, dal by som si pivko, ale este mam povinnosti, ktore musim sprav"
ZPw87WT2yagXd9QO1D3a7uqutlJ3,11,1772566373527686000,1772566373521051000,88,Insert,i,89,"Dnes vonku pekne nie je, dal by som si pivko, ale este mam povinnosti, ktore musim spravi"
ZPw87WT2yagXd9QO1D3a7uqutlJ3,11,1772566373763029000,1772566373756668000,89,Insert,t,90,"Dnes vonku pekne nie je, dal by som si pivko, ale este mam povinnosti, ktore musim spravit"
ZPw87WT2yagXd9QO1D3a7uqutlJ3,11,1772566374041546000,1772566374034149000,90,Insert, ,91,"Dnes vonku pekne nie je, dal by som si pivko, ale este mam povinnosti, ktore musim spravit "
ZPw87WT2yagXd9QO1D3a7uqutlJ3,11,1772566374954601000,1772566374948441000,91,Delete, ,90,"Dnes vonku pekne nie je, dal by som si pivko, ale este mam povinnosti, ktore musim spravit"
ZPw87WT2yagXd9QO1D3a7uqutlJ3,11,1772566375272138000,1772566375264458000,90,Insert,.,91,"Dnes vonku pekne nie je, dal by som si pivko, ale este mam povinnosti, ktore musim spravit."
ZPw87WT2yagXd9QO1D3a7uqutlJ3,12,1772566375959679000,1772566375953749000,0,Insert,D,1,D
ZPw87WT2yagXd9QO1D3a7uqutlJ3,12,1772566376378569000,1772566376372278000,1,Insert,n,2,Dn
ZPw87WT2yagXd9QO1D3a7uqutlJ3,12,1772566376503197000,1772566376499617000,2,Insert,e,3,Dne
ZPw87WT2yagXd9QO1D3a7uqutlJ3,12,1772566376711117000,1772566376704673000,3,Insert,s,4,Dnes
ZPw87WT2yagXd9QO1D3a7uqutlJ3,12,1772566376885649000,1772566376881723000,4,Insert, ,5,Dnes 
ZPw87WT2yagXd9QO1D3a7uqutlJ3,12,1772566378136112000,1772566378129790000,5,Insert,v,6,Dnes v
ZPw87WT2yagXd9QO1D3a7uqutlJ3,12,1772566378479535000,1772566378473452000,6,Insert,o,7,Dnes vo
ZPw87WT2yagXd9QO1D3a7uqutlJ3,12,1772566378740265000,1772566378734234000,7,Insert,n,8,Dnes von
ZPw87WT2yagXd9QO1D3a7uqutlJ3,12,1772566378958370000,1772566378952465000,8,Insert,k,9,Dnes vonk
ZPw87WT2yagXd9QO1D3a7uqutlJ3,12,1772566379176770000,1772566379170139000,9,Insert,u,10,Dnes vonku
ZPw87WT2yagXd9QO1D3a7uqutlJ3,12,1772566379400780000,1772566379393559000,10,Insert, ,11,Dnes vonku 
ZPw87WT2yagXd9QO1D3a7uqutlJ3,12,1772566379696249000,1772566379685704000,11,Insert,p,12,Dnes vonku p
ZPw87WT2yagXd9QO1D3a7uqutlJ3,12,1772566379821149000,1772566379817407000,12,Insert,e,13,Dnes vonku pe
ZPw87WT2yagXd9QO1D3a7uqutlJ3,12,1772566380004253000,1772566379999999000,13,Insert,k,14,Dnes vonku pek
ZPw87WT2yagXd9QO1D3a7uqutlJ3,12,1772566380218282000,1772566380211953000,14,Insert,n,15,Dnes vonku pekn
ZPw87WT2yagXd9QO1D3a7uqutlJ3,12,1772566380380300000,1772566380376614000,15,Insert,e,16,Dnes vonku pekne
ZPw87WT2yagXd9QO1D3a7uqutlJ3,12,1772566380519564000,1772566380515419000,16,Insert, ,17,Dnes vonku pekne 
ZPw87WT2yagXd9QO1D3a7uqutlJ3,12,1772566380734405000,1772566380727765000,17,Insert,n,18,Dnes vonku pekne n
ZPw87WT2yagXd9QO1D3a7uqutlJ3,12,1772566380970661000,1772566380964262000,18,Insert,i,19,Dnes vonku pekne ni
ZPw87WT2yagXd9QO1D3a7uqutlJ3,12,1772566381118749000,1772566381115101000,19,Insert,e,20,Dnes vonku pekne nie
ZPw87WT2yagXd9QO1D3a7uqutlJ3,12,1772566381295626000,1772566381291528000,20,Insert, ,21,Dnes vonku pekne nie 
ZPw87WT2yagXd9QO1D3a7uqutlJ3,12,1772566381538134000,1772566381530155000,21,Insert,j,22,Dnes vonku pekne nie j
ZPw87WT2yagXd9QO1D3a7uqutlJ3,12,1772566381622093000,1772566381617809000,22,Insert,e,23,Dnes vonku pekne nie je
ZPw87WT2yagXd9QO1D3a7uqutlJ3,12,1772566382425258000,1772566382415245000,23,Insert,",",24,"Dnes vonku pekne nie je,"
ZPw87WT2yagXd9QO1D3a7uqutlJ3,12,1772566382630193000,1772566382622973000,24,Insert, ,25,"Dnes vonku pekne nie je, "
ZPw87WT2yagXd9QO1D3a7uqutlJ3,12,1772566382825126000,1772566382820772000,25,Insert,d,26,"Dnes vonku pekne nie je, d"
ZPw87WT2yagXd9QO1D3a7uqutlJ3,12,1772566383073079000,1772566383060618000,26,Insert,a,27,"Dnes vonku pekne nie je, da"
ZPw87WT2yagXd9QO1D3a7uqutlJ3,12,1772566383159944000,1772566383155756000,27,Insert,l,28,"Dnes vonku pekne nie je, dal"
ZPw87WT2yagXd9QO1D3a7uqutlJ3,12,1772566383442448000,1772566383436292000,28,Insert, ,29,"Dnes vonku pekne nie je, dal "
ZPw87WT2yagXd9QO1D3a7uqutlJ3,12,1772566383652773000,1772566383643341000,29,Insert,b,30,"Dnes vonku pekne nie je, dal b"
ZPw87WT2yagXd9QO1D3a7uqutlJ3,12,1772566383744191000,1772566383739517000,30,Insert,z,31,"Dnes vonku pekne nie je, dal bz"
ZPw87WT2yagXd9QO1D3a7uqutlJ3,12,1772566383981323000,1772566383971643000,31,Insert, ,32,"Dnes vonku pekne nie je, dal bz "
ZPw87WT2yagXd9QO1D3a7uqutlJ3,12,1772566384083001000,1772566384078476000,32,Insert,s,33,"Dnes vonku pekne nie je, dal bz s"
ZPw87WT2yagXd9QO1D3a7uqutlJ3,12,1772566384333720000,1772566384327408000,33,Insert,o,34,"Dnes vonku pekne nie je, dal bz so"
ZPw87WT2yagXd9QO1D3a7uqutlJ3,12,1772566384738944000,1772566384735619000,34,Delete,o,33,"Dnes vonku pekne nie je, dal bz s"
ZPw87WT2yagXd9QO1D3a7uqutlJ3,12,1772566384878070000,1772566384875215000,33,Delete,s,32,"Dnes vonku pekne nie je, dal bz "
ZPw87WT2yagXd9QO1D3a7uqutlJ3,12,1772566384990268000,1772566384987516000,32,Delete, ,31,"Dnes vonku pekne nie je, dal bz"
ZPw87WT2yagXd9QO1D3a7uqutlJ3,12,1772566385133618000,1772566385129123000,31,Delete,z,30,"Dnes vonku pekne nie je, dal b"
ZPw87WT2yagXd9QO1D3a7uqutlJ3,12,1772566385582778000,1772566385576967000,30,Insert,z,31,"Dnes vonku pekne nie je, dal bz"
ZPw87WT2yagXd9QO1D3a7uqutlJ3,12,1772566385821144000,1772566385814311000,31,Insert, ,32,"Dnes vonku pekne nie je, dal bz "
ZPw87WT2yagXd9QO1D3a7uqutlJ3,12,1772566386340817000,1772566386334299000,32,Insert,s,33,"Dnes vonku pekne nie je, dal bz s"
ZPw87WT2yagXd9QO1D3a7uqutlJ3,12,1772566386472138000,1772566386460262000,33,Insert,o,34,"Dnes vonku pekne nie je, dal bz so"
ZPw87WT2yagXd9QO1D3a7uqutlJ3,12,1772566386819189000,1772566386814440000,34,Insert,m,35,"Dnes vonku pekne nie je, dal bz som"
ZPw87WT2yagXd9QO1D3a7uqutlJ3,12,1772566387409931000,1772566387405859000,35,Delete,m,34,"Dnes vonku pekne nie je, dal bz so"
ZPw87WT2yagXd9QO1D3a7uqutlJ3,12,1772566387556945000,1772566387553427000,34,Delete,o,33,"Dnes vonku pekne nie je, dal bz s"
ZPw87WT2yagXd9QO1D3a7uqutlJ3,12,1772566387690127000,1772566387687395000,33,Delete,s,32,"Dnes vonku pekne nie je, dal bz "
ZPw87WT2yagXd9QO1D3a7uqutlJ3,12,1772566387791959000,1772566387789106000,32,Delete, ,31,"Dnes vonku pekne nie je, dal bz"
ZPw87WT2yagXd9QO1D3a7uqutlJ3,12,1772566387922712000,1772566387919788000,31,Delete,z,30,"Dnes vonku pekne nie je, dal b"
ZPw87WT2yagXd9QO1D3a7uqutlJ3,12,1772566388612473000,1772566388604831000,30,Insert,z,31,"Dnes vonku pekne nie je, dal bz"
ZPw87WT2yagXd9QO1D3a7uqutlJ3,12,1772566389854423000,1772566389849373000,31,Delete,z,30,"Dnes vonku pekne nie je, dal b"
ZPw87WT2yagXd9QO1D3a7uqutlJ3,12,1772566390382053000,1772566390377573000,30,Insert,y,31,"Dnes vonku pekne nie je, dal by"
ZPw87WT2yagXd9QO1D3a7uqutlJ3,12,1772566391476062000,1772566391462588000,31,Insert, ,32,"Dnes vonku pekne nie je, dal by "
ZPw87WT2yagXd9QO1D3a7uqutlJ3,12,1772566391615924000,1772566391610131000,32,Insert,s,33,"Dnes vonku pekne nie je, dal by s"
ZPw87WT2yagXd9QO1D3a7uqutlJ3,12,1772566391799932000,1772566391794713000,33,Insert,o,34,"Dnes vonku pekne nie je, dal by so"
ZPw87WT2yagXd9QO1D3a7uqutlJ3,12,1772566392018007000,1772566392011624000,34,Insert,m,35,"Dnes vonku pekne nie je, dal by som"
ZPw87WT2yagXd9QO1D3a7uqutlJ3,12,1772566392257145000,1772566392249601000,35,Insert, ,36,"Dnes vonku pekne nie je, dal by som "
ZPw87WT2yagXd9QO1D3a7uqutlJ3,12,1772566392369634000,1772566392365637000,36,Insert,s,37,"Dnes vonku pekne nie je, dal by som s"
ZPw87WT2yagXd9QO1D3a7uqutlJ3,12,1772566392544146000,1772566392540058000,37,Insert,i,38,"Dnes vonku pekne nie je, dal by som si"
ZPw87WT2yagXd9QO1D3a7uqutlJ3,12,1772566392776348000,1772566392768868000,38,Insert, ,39,"Dnes vonku pekne nie je, dal by som si "
ZPw87WT2yagXd9QO1D3a7uqutlJ3,12,1772566393104896000,1772566393097283000,39,Insert,p,40,"Dnes vonku pekne nie je, dal by som si p"
ZPw87WT2yagXd9QO1D3a7uqutlJ3,12,1772566393381756000,1772566393376762000,40,Insert,i,41,"Dnes vonku pekne nie je, dal by som si pi"
ZPw87WT2yagXd9QO1D3a7uqutlJ3,12,1772566393726624000,1772566393721878000,41,Insert,v,42,"Dnes vonku pekne nie je, dal by som si piv"
ZPw87WT2yagXd9QO1D3a7uqutlJ3,12,1772566393976772000,1772566393969315000,42,Insert,k,43,"Dnes vonku pekne nie je, dal by som si pivk"
ZPw87WT2yagXd9QO1D3a7uqutlJ3,12,1772566394156836000,1772566394152761000,43,Insert,o,44,"Dnes vonku pekne nie je, dal by som si pivko"
ZPw87WT2yagXd9QO1D3a7uqutlJ3,12,1772566397192177000,1772566397189221000,44,Insert, ,45,"Dnes vonku pekne nie je, dal by som si pivko "
ZPw87WT2yagXd9QO1D3a7uqutlJ3,12,1772566397461754000,1772566397451848000,45,Insert,a,46,"Dnes vonku pekne nie je, dal by som si pivko a"
ZPw87WT2yagXd9QO1D3a7uqutlJ3,12,1772566399075842000,1772566399070681000,46,Delete,a,45,"Dnes vonku pekne nie je, dal by som si pivko "
ZPw87WT2yagXd9QO1D3a7uqutlJ3,12,1772566399224121000,1772566399221083000,45,Delete, ,44,"Dnes vonku pekne nie je, dal by som si pivko"
ZPw87WT2yagXd9QO1D3a7uqutlJ3,12,1772566399523215000,1772566399517206000,44,Insert,",",45,"Dnes vonku pekne nie je, dal by som si pivko,"
ZPw87WT2yagXd9QO1D3a7uqutlJ3,12,1772566399956682000,1772566399947799000,45,Insert,a,46,"Dnes vonku pekne nie je, dal by som si pivko,a"
ZPw87WT2yagXd9QO1D3a7uqutlJ3,12,1772566400131940000,1772566400127805000,46,Insert,l,47,"Dnes vonku pekne nie je, dal by som si pivko,al"
ZPw87WT2yagXd9QO1D3a7uqutlJ3,12,1772566400326622000,1772566400322381000,47,Insert,e,48,"Dnes vonku pekne nie je, dal by som si pivko,ale"
ZPw87WT2yagXd9QO1D3a7uqutlJ3,12,1772566401081929000,1772566401076904000,48,Delete,e,47,"Dnes vonku pekne nie je, dal by som si pivko,al"
ZPw87WT2yagXd9QO1D3a7uqutlJ3,12,1772566401227535000,1772566401224794000,47,Delete,l,46,"Dnes vonku pekne nie je, dal by som si pivko,a"
ZPw87WT2yagXd9QO1D3a7uqutlJ3,12,1772566401379286000,1772566401376526000,46,Delete,a,45,"Dnes vonku pekne nie je, dal by som si pivko,"
ZPw87WT2yagXd9QO1D3a7uqutlJ3,12,1772566401909623000,1772566401905638000,45,Insert, ,46,"Dnes vonku pekne nie je, dal by som si pivko, "
ZPw87WT2yagXd9QO1D3a7uqutlJ3,12,1772566402073164000,1772566402067074000,46,Insert,a,47,"Dnes vonku pekne nie je, dal by som si pivko, a"
ZPw87WT2yagXd9QO1D3a7uqutlJ3,12,1772566402325947000,1772566402314037000,47,Insert,l,48,"Dnes vonku pekne nie je, dal by som si pivko, al"
ZPw87WT2yagXd9QO1D3a7uqutlJ3,12,1772566402482246000,1772566402478311000,48,Insert,e,49,"Dnes vonku pekne nie je, dal by som si pivko, ale"
ZPw87WT2yagXd9QO1D3a7uqutlJ3,12,1772566402679627000,1772566402675567000,49,Insert, ,50,"Dnes vonku pekne nie je, dal by som si pivko, ale "
ZPw87WT2yagXd9QO1D3a7uqutlJ3,12,1772566402875918000,1772566402871372000,50,Insert,e,51,"Dnes vonku pekne nie je, dal by som si pivko, ale e"
ZPw87WT2yagXd9QO1D3a7uqutlJ3,12,1772566403060485000,1772566403054107000,51,Insert,s,52,"Dnes vonku pekne nie je, dal by som si pivko, ale es"
ZPw87WT2yagXd9QO1D3a7uqutlJ3,12,1772566403207194000,1772566403199857000,52,Insert,t,53,"Dnes vonku pekne nie je, dal by som si pivko, ale est"
ZPw87WT2yagXd9QO1D3a7uqutlJ3,12,1772566403417421000,1772566403410814000,53,Insert,e,54,"Dnes vonku pekne nie je, dal by som si pivko, ale este"
ZPw87WT2yagXd9QO1D3a7uqutlJ3,12,1772566403529789000,1772566403525697000,54,Insert, ,55,"Dnes vonku pekne nie je, dal by som si pivko, ale este "
ZPw87WT2yagXd9QO1D3a7uqutlJ3,12,1772566403806522000,1772566403798669000,55,Insert,m,56,"Dnes vonku pekne nie je, dal by som si pivko, ale este m"
ZPw87WT2yagXd9QO1D3a7uqutlJ3,12,1772566403959147000,1772566403951759000,56,Insert,a,57,"Dnes vonku pekne nie je, dal by som si pivko, ale este ma"
ZPw87WT2yagXd9QO1D3a7uqutlJ3,12,1772566404053627000,1772566404049469000,57,Insert,m,58,"Dnes vonku pekne nie je, dal by som si pivko, ale este mam"
ZPw87WT2yagXd9QO1D3a7uqutlJ3,12,1772566404292548000,1772566404285382000,58,Insert, ,59,"Dnes vonku pekne nie je, dal by som si pivko, ale este mam "
ZPw87WT2yagXd9QO1D3a7uqutlJ3,12,1772566404623214000,1772566404616938000,59,Insert,p,60,"Dnes vonku pekne nie je, dal by som si pivko, ale este mam p"
ZPw87WT2yagXd9QO1D3a7uqutlJ3,12,1772566404836136000,1772566404829623000,60,Insert,o,61,"Dnes vonku pekne nie je, dal by som si pivko, ale este mam po"
ZPw87WT2yagXd9QO1D3a7uqutlJ3,12,1772566405136897000,1772566405132191000,61,Insert,v,62,"Dnes vonku pekne nie je, dal by som si pivko, ale este mam pov"
ZPw87WT2yagXd9QO1D3a7uqutlJ3,12,1772566405430743000,1772566405422976000,62,Insert,i,63,"Dnes vonku pekne nie je, dal by som si pivko, ale este mam povi"
ZPw87WT2yagXd9QO1D3a7uqutlJ3,12,1772566405682218000,1772566405676483000,63,Insert,n,64,"Dnes vonku pekne nie je, dal by som si pivko, ale este mam povin"
ZPw87WT2yagXd9QO1D3a7uqutlJ3,12,1772566405850330000,1772566405844430000,64,Insert,n,65,"Dnes vonku pekne nie je, dal by som si pivko, ale este mam povinn"
ZPw87WT2yagXd9QO1D3a7uqutlJ3,12,1772566406192580000,1772566406186234000,65,Insert,o,66,"Dnes vonku pekne nie je, dal by som si pivko, ale este mam povinno"
ZPw87WT2yagXd9QO1D3a7uqutlJ3,12,1772566406318793000,1772566406314778000,66,Insert,s,67,"Dnes vonku pekne nie je, dal by som si pivko, ale este mam povinnos"
ZPw87WT2yagXd9QO1D3a7uqutlJ3,12,1772566406591644000,1772566406585211000,67,Insert,t,68,"Dnes vonku pekne nie je, dal by som si pivko, ale este mam povinnost"
ZPw87WT2yagXd9QO1D3a7uqutlJ3,12,1772566406933425000,1772566406926719000,68,Insert,i,69,"Dnes vonku pekne nie je, dal by som si pivko, ale este mam povinnosti"
ZPw87WT2yagXd9QO1D3a7uqutlJ3,12,1772566409742022000,1772566409735345000,69,Insert,",",70,"Dnes vonku pekne nie je, dal by som si pivko, ale este mam povinnosti,"
ZPw87WT2yagXd9QO1D3a7uqutlJ3,12,1772566411239347000,1772566411230800000,70,Insert, ,71,"Dnes vonku pekne nie je, dal by som si pivko, ale este mam povinnosti, "
ZPw87WT2yagXd9QO1D3a7uqutlJ3,12,1772566411724365000,1772566411717108000,71,Insert,k,72,"Dnes vonku pekne nie je, dal by som si pivko, ale este mam povinnosti, k"
ZPw87WT2yagXd9QO1D3a7uqutlJ3,12,1772566411901402000,1772566411897104000,72,Insert,t,73,"Dnes vonku pekne nie je, dal by som si pivko, ale este mam povinnosti, kt"
ZPw87WT2yagXd9QO1D3a7uqutlJ3,12,1772566412098667000,1772566412093853000,73,Insert,o,74,"Dnes vonku pekne nie je, dal by som si pivko, ale este mam povinnosti, kto"
ZPw87WT2yagXd9QO1D3a7uqutlJ3,12,1772566412180369000,1772566412176465000,74,Insert,r,75,"Dnes vonku pekne nie je, dal by som si pivko, ale este mam povinnosti, ktor"
ZPw87WT2yagXd9QO1D3a7uqutlJ3,12,1772566412376565000,1772566412372292000,75,Insert,e,76,"Dnes vonku pekne nie je, dal by som si pivko, ale este mam povinnosti, ktore"
ZPw87WT2yagXd9QO1D3a7uqutlJ3,12,1772566412633786000,1772566412625829000,76,Insert, ,77,"Dnes vonku pekne nie je, dal by som si pivko, ale este mam povinnosti, ktore "
ZPw87WT2yagXd9QO1D3a7uqutlJ3,12,1772566412995875000,1772566412988705000,77,Insert,m,78,"Dnes vonku pekne nie je, dal by som si pivko, ale este mam povinnosti, ktore m"
ZPw87WT2yagXd9QO1D3a7uqutlJ3,12,1772566413273654000,1772566413263995000,78,Insert,u,79,"Dnes vonku pekne nie je, dal by som si pivko, ale este mam povinnosti, ktore mu"
ZPw87WT2yagXd9QO1D3a7uqutlJ3,12,1772566413357751000,1772566413353479000,79,Insert,s,80,"Dnes vonku pekne nie je, dal by som si pivko, ale este mam povinnosti, ktore mus"
ZPw87WT2yagXd9QO1D3a7uqutlJ3,12,1772566413536940000,1772566413532670000,80,Insert,i,81,"Dnes vonku pekne nie je, dal by som si pivko, ale este mam povinnosti, ktore musi"
ZPw87WT2yagXd9QO1D3a7uqutlJ3,12,1772566413752703000,1772566413745794000,81,Insert,m,82,"Dnes vonku pekne nie je, dal by som si pivko, ale este mam povinnosti, ktore musim"
ZPw87WT2yagXd9QO1D3a7uqutlJ3,12,1772566413996158000,1772566413988886000,82,Insert, ,83,"Dnes vonku pekne nie je, dal by som si pivko, ale este mam povinnosti, ktore musim "
ZPw87WT2yagXd9QO1D3a7uqutlJ3,12,1772566414133333000,1772566414128147000,83,Insert,s,84,"Dnes vonku pekne nie je, dal by som si pivko, ale este mam povinnosti, ktore musim s"
ZPw87WT2yagXd9QO1D3a7uqutlJ3,12,1772566414321586000,1772566414317178000,84,Insert,p,85,"Dnes vonku pekne nie je, dal by som si pivko, ale este mam povinnosti, ktore musim sp"
ZPw87WT2yagXd9QO1D3a7uqutlJ3,12,1772566414643731000,1772566414637678000,85,Insert,r,86,"Dnes vonku pekne nie je, dal by som si pivko, ale este mam povinnosti, ktore musim spr"
ZPw87WT2yagXd9QO1D3a7uqutlJ3,12,1772566414806931000,1772566414801352000,86,Insert,a,87,"Dnes vonku pekne nie je, dal by som si pivko, ale este mam povinnosti, ktore musim spra"
ZPw87WT2yagXd9QO1D3a7uqutlJ3,12,1772566415017590000,1772566415008675000,87,Insert,v,88,"Dnes vonku pekne nie je, dal by som si pivko, ale este mam povinnosti, ktore musim sprav"
ZPw87WT2yagXd9QO1D3a7uqutlJ3,12,1772566415593339000,1772566415588995000,88,Insert,i,89,"Dnes vonku pekne nie je, dal by som si pivko, ale este mam povinnosti, ktore musim spravi"
ZPw87WT2yagXd9QO1D3a7uqutlJ3,12,1772566415981710000,1772566415975135000,89,Insert,t,90,"Dnes vonku pekne nie je, dal by som si pivko, ale este mam povinnosti, ktore musim spravit"
ZPw87WT2yagXd9QO1D3a7uqutlJ3,12,1772566418014822000,1772566418008796000,90,Insert,.,91,"Dnes vonku pekne nie je, dal by som si pivko, ale este mam povinnosti, ktore musim spravit."
ZPw87WT2yagXd9QO1D3a7uqutlJ3,13,1772566419204451000,1772566419196836000,0,Insert,D,1,D
ZPw87WT2yagXd9QO1D3a7uqutlJ3,13,1772566419652091000,1772566419644435000,1,Insert,n,2,Dn
ZPw87WT2yagXd9QO1D3a7uqutlJ3,13,1772566419787911000,1772566419783978000,2,Insert,e,3,Dne
ZPw87WT2yagXd9QO1D3a7uqutlJ3,13,1772566419974885000,1772566419970996000,3,Insert, ,4,Dne 
ZPw87WT2yagXd9QO1D3a7uqutlJ3,13,1772566420404211000,1772566420400370000,4,Insert,v,5,Dne v
ZPw87WT2yagXd9QO1D3a7uqutlJ3,13,1772566420742122000,1772566420735674000,5,Insert,o,6,Dne vo
ZPw87WT2yagXd9QO1D3a7uqutlJ3,13,1772566420974116000,1772566420970375000,6,Insert,n,7,Dne von
ZPw87WT2yagXd9QO1D3a7uqutlJ3,13,1772566421200755000,1772566421193241000,7,Insert,k,8,Dne vonk
ZPw87WT2yagXd9QO1D3a7uqutlJ3,13,1772566421385844000,1772566421382049000,8,Insert,u,9,Dne vonku
ZPw87WT2yagXd9QO1D3a7uqutlJ3,13,1772566422489284000,1772566422485128000,9,Delete,u,8,Dne vonk
ZPw87WT2yagXd9QO1D3a7uqutlJ3,13,1772566422632039000,1772566422629076000,8,Delete,k,7,Dne von
ZPw87WT2yagXd9QO1D3a7uqutlJ3,13,1772566422745434000,1772566422742747000,7,Delete,n,6,Dne vo
ZPw87WT2yagXd9QO1D3a7uqutlJ3,13,1772566422880740000,1772566422877412000,6,Delete,o,5,Dne v
ZPw87WT2yagXd9QO1D3a7uqutlJ3,13,1772566422974076000,1772566422972472000,5,Delete,v,4,Dne 
ZPw87WT2yagXd9QO1D3a7uqutlJ3,13,1772566423114808000,1772566423112883000,4,Delete, ,3,Dne
ZPw87WT2yagXd9QO1D3a7uqutlJ3,13,1772566423747746000,1772566423743040000,3,Insert,s,4,Dnes
ZPw87WT2yagXd9QO1D3a7uqutlJ3,13,1772566423990646000,1772566423986550000,4,Insert, ,5,Dnes 
ZPw87WT2yagXd9QO1D3a7uqutlJ3,13,1772566424697214000,1772566424693750000,5,Insert,v,6,Dnes v
ZPw87WT2yagXd9QO1D3a7uqutlJ3,13,1772566425051996000,1772566425048736000,6,Insert,o,7,Dnes vo
ZPw87WT2yagXd9QO1D3a7uqutlJ3,13,1772566425337278000,1772566425330021000,7,Insert,n,8,Dnes von
ZPw87WT2yagXd9QO1D3a7uqutlJ3,13,1772566425549394000,1772566425542355000,8,Insert,k,9,Dnes vonk
ZPw87WT2yagXd9QO1D3a7uqutlJ3,13,1772566425753066000,1772566425747058000,9,Insert,u,10,Dnes vonku
ZPw87WT2yagXd9QO1D3a7uqutlJ3,13,1772566426034701000,1772566426031526000,10,Insert, ,11,Dnes vonku 
ZPw87WT2yagXd9QO1D3a7uqutlJ3,13,1772566426326872000,1772566426322729000,11,Insert,p,12,Dnes vonku p
ZPw87WT2yagXd9QO1D3a7uqutlJ3,13,1772566426485552000,1772566426481847000,12,Insert,e,13,Dnes vonku pe
ZPw87WT2yagXd9QO1D3a7uqutlJ3,13,1772566426654572000,1772566426650364000,13,Insert,k,14,Dnes vonku pek
ZPw87WT2yagXd9QO1D3a7uqutlJ3,13,1772566426856079000,1772566426849805000,14,Insert,n,15,Dnes vonku pekn
ZPw87WT2yagXd9QO1D3a7uqutlJ3,13,1772566426980886000,1772566426976788000,15,Insert,e,16,Dnes vonku pekne
ZPw87WT2yagXd9QO1D3a7uqutlJ3,13,1772566427095372000,1772566427091372000,16,Insert, ,17,Dnes vonku pekne 
ZPw87WT2yagXd9QO1D3a7uqutlJ3,13,1772566427499782000,1772566427492595000,17,Insert,n,18,Dnes vonku pekne n
ZPw87WT2yagXd9QO1D3a7uqutlJ3,13,1772566427748250000,1772566427740961000,18,Insert,i,19,Dnes vonku pekne ni
ZPw87WT2yagXd9QO1D3a7uqutlJ3,13,1772566427864842000,1772566427860795000,19,Insert,e,20,Dnes vonku pekne nie
ZPw87WT2yagXd9QO1D3a7uqutlJ3,13,1772566428049231000,1772566428043283000,20,Insert, ,21,Dnes vonku pekne nie 
ZPw87WT2yagXd9QO1D3a7uqutlJ3,13,1772566428257679000,1772566428250343000,21,Insert,j,22,Dnes vonku pekne nie j
ZPw87WT2yagXd9QO1D3a7uqutlJ3,13,1772566428332825000,1772566428328091000,22,Insert,e,23,Dnes vonku pekne nie je
ZPw87WT2yagXd9QO1D3a7uqutlJ3,13,1772566429375829000,1772566429363217000,23,Insert,",",24,"Dnes vonku pekne nie je,"
ZPw87WT2yagXd9QO1D3a7uqutlJ3,13,1772566430081629000,1772566430069380000,24,Insert, ,25,"Dnes vonku pekne nie je, "
ZPw87WT2yagXd9QO1D3a7uqutlJ3,13,1772566430357680000,1772566430351099000,25,Insert,d,26,"Dnes vonku pekne nie je, d"
ZPw87WT2yagXd9QO1D3a7uqutlJ3,13,1772566430608798000,1772566430599873000,26,Insert,a,27,"Dnes vonku pekne nie je, da"
ZPw87WT2yagXd9QO1D3a7uqutlJ3,13,1772566430741140000,1772566430732528000,27,Insert,l,28,"Dnes vonku pekne nie je, dal"
ZPw87WT2yagXd9QO1D3a7uqutlJ3,13,1772566430981604000,1772566430974509000,28,Insert, ,29,"Dnes vonku pekne nie je, dal "
ZPw87WT2yagXd9QO1D3a7uqutlJ3,13,1772566431162408000,1772566431158268000,29,Insert,b,30,"Dnes vonku pekne nie je, dal b"
ZPw87WT2yagXd9QO1D3a7uqutlJ3,13,1772566431267371000,1772566431261577000,30,Insert,z,31,"Dnes vonku pekne nie je, dal bz"
ZPw87WT2yagXd9QO1D3a7uqutlJ3,13,1772566431492755000,1772566431485728000,31,Insert, ,32,"Dnes vonku pekne nie je, dal bz "
ZPw87WT2yagXd9QO1D3a7uqutlJ3,13,1772566431649434000,1772566431644756000,32,Insert,s,33,"Dnes vonku pekne nie je, dal bz s"
ZPw87WT2yagXd9QO1D3a7uqutlJ3,13,1772566432099805000,1772566432095390000,33,Delete,s,32,"Dnes vonku pekne nie je, dal bz "
ZPw87WT2yagXd9QO1D3a7uqutlJ3,13,1772566432245982000,1772566432242335000,32,Delete, ,31,"Dnes vonku pekne nie je, dal bz"
ZPw87WT2yagXd9QO1D3a7uqutlJ3,13,1772566432411228000,1772566432402727000,31,Delete,z,30,"Dnes vonku pekne nie je, dal b"
ZPw87WT2yagXd9QO1D3a7uqutlJ3,13,1772566434253262000,1772566434246237000,30,Insert,y,31,"Dnes vonku pekne nie je, dal by"
ZPw87WT2yagXd9QO1D3a7uqutlJ3,13,1772566434855982000,1772566434841441000,31,Insert, ,32,"Dnes vonku pekne nie je, dal by "
ZPw87WT2yagXd9QO1D3a7uqutlJ3,13,1772566435019558000,1772566435014933000,32,Insert,s,33,"Dnes vonku pekne nie je, dal by s"
ZPw87WT2yagXd9QO1D3a7uqutlJ3,13,1772566435233923000,1772566435227270000,33,Insert,o,34,"Dnes vonku pekne nie je, dal by so"
ZPw87WT2yagXd9QO1D3a7uqutlJ3,13,1772566435444950000,1772566435439980000,34,Insert,m,35,"Dnes vonku pekne nie je, dal by som"
ZPw87WT2yagXd9QO1D3a7uqutlJ3,13,1772566435664930000,1772566435657978000,35,Insert, ,36,"Dnes vonku pekne nie je, dal by som "
ZPw87WT2yagXd9QO1D3a7uqutlJ3,13,1772566435784130000,1772566435777442000,36,Insert,s,37,"Dnes vonku pekne nie je, dal by som s"
ZPw87WT2yagXd9QO1D3a7uqutlJ3,13,1772566435944999000,1772566435941202000,37,Insert,i,38,"Dnes vonku pekne nie je, dal by som si"
ZPw87WT2yagXd9QO1D3a7uqutlJ3,13,1772566436139637000,1772566436135565000,38,Insert, ,39,"Dnes vonku pekne nie je, dal by som si "
ZPw87WT2yagXd9QO1D3a7uqutlJ3,13,1772566436458427000,1772566436451903000,39,Insert,p,40,"Dnes vonku pekne nie je, dal by som si p"
ZPw87WT2yagXd9QO1D3a7uqutlJ3,13,1772566436698703000,1772566436692192000,40,Insert,i,41,"Dnes vonku pekne nie je, dal by som si pi"
ZPw87WT2yagXd9QO1D3a7uqutlJ3,13,1772566437035952000,1772566437031875000,41,Insert,v,42,"Dnes vonku pekne nie je, dal by som si piv"
ZPw87WT2yagXd9QO1D3a7uqutlJ3,13,1772566437298687000,1772566437292180000,42,Insert,k,43,"Dnes vonku pekne nie je, dal by som si pivk"
ZPw87WT2yagXd9QO1D3a7uqutlJ3,13,1772566437496858000,1772566437492374000,43,Insert,o,44,"Dnes vonku pekne nie je, dal by som si pivko"
ZPw87WT2yagXd9QO1D3a7uqutlJ3,13,1772566438817852000,1772566438810003000,44,Insert,",",45,"Dnes vonku pekne nie je, dal by som si pivko,"
ZPw87WT2yagXd9QO1D3a7uqutlJ3,13,1772566439099780000,1772566439092149000,45,Insert, ,46,"Dnes vonku pekne nie je, dal by som si pivko, "
ZPw87WT2yagXd9QO1D3a7uqutlJ3,13,1772566439300469000,1772566439296530000,46,Insert,a,47,"Dnes vonku pekne nie je, dal by som si pivko, a"
ZPw87WT2yagXd9QO1D3a7uqutlJ3,13,1772566439477860000,1772566439473804000,47,Insert,k,48,"Dnes vonku pekne nie je, dal by som si pivko, ak"
ZPw87WT2yagXd9QO1D3a7uqutlJ3,13,1772566439623042000,1772566439618574000,48,Insert,e,49,"Dnes vonku pekne nie je, dal by som si pivko, ake"
ZPw87WT2yagXd9QO1D3a7uqutlJ3,13,1772566440545865000,1772566440538781000,49,Delete,e,48,"Dnes vonku pekne nie je, dal by som si pivko, ak"
ZPw87WT2yagXd9QO1D3a7uqutlJ3,13,1772566440700118000,1772566440697336000,48,Delete,k,47,"Dnes vonku pekne nie je, dal by som si pivko, a"
ZPw87WT2yagXd9QO1D3a7uqutlJ3,13,1772566441557351000,1772566441550967000,47,Insert,l,48,"Dnes vonku pekne nie je, dal by som si pivko, al"
ZPw87WT2yagXd9QO1D3a7uqutlJ3,13,1772566441671372000,1772566441667329000,48,Insert,e,49,"Dnes vonku pekne nie je, dal by som si pivko, ale"
ZPw87WT2yagXd9QO1D3a7uqutlJ3,13,1772566443710454000,1772566443697816000,49,Insert, ,50,"Dnes vonku pekne nie je, dal by som si pivko, ale "
ZPw87WT2yagXd9QO1D3a7uqutlJ3,13,1772566443882003000,1772566443877314000,50,Insert,e,51,"Dnes vonku pekne nie je, dal by som si pivko, ale e"
ZPw87WT2yagXd9QO1D3a7uqutlJ3,13,1772566444330625000,1772566444324309000,51,Insert,s,52,"Dnes vonku pekne nie je, dal by som si pivko, ale es"
ZPw87WT2yagXd9QO1D3a7uqutlJ3,13,1772566444592630000,1772566444584494000,52,Insert,t,53,"Dnes vonku pekne nie je, dal by som si pivko, ale est"
ZPw87WT2yagXd9QO1D3a7uqutlJ3,13,1772566444778622000,1772566444773405000,53,Insert,e,54,"Dnes vonku pekne nie je, dal by som si pivko, ale este"
ZPw87WT2yagXd9QO1D3a7uqutlJ3,13,1772566444968844000,1772566444959913000,54,Insert, ,55,"Dnes vonku pekne nie je, dal by som si pivko, ale este "
ZPw87WT2yagXd9QO1D3a7uqutlJ3,13,1772566446080817000,1772566446075498000,55,Insert,m,56,"Dnes vonku pekne nie je, dal by som si pivko, ale este m"
ZPw87WT2yagXd9QO1D3a7uqutlJ3,13,1772566446220118000,1772566446215838000,56,Insert,a,57,"Dnes vonku pekne nie je, dal by som si pivko, ale este ma"
ZPw87WT2yagXd9QO1D3a7uqutlJ3,13,1772566446357801000,1772566446353757000,57,Insert,m,58,"Dnes vonku pekne nie je, dal by som si pivko, ale este mam"
ZPw87WT2yagXd9QO1D3a7uqutlJ3,13,1772566446603159000,1772566446596725000,58,Insert, ,59,"Dnes vonku pekne nie je, dal by som si pivko, ale este mam "
ZPw87WT2yagXd9QO1D3a7uqutlJ3,13,1772566447268331000,1772566447261892000,59,Insert,p,60,"Dnes vonku pekne nie je, dal by som si pivko, ale este mam p"
ZPw87WT2yagXd9QO1D3a7uqutlJ3,13,1772566447524260000,1772566447517575000,60,Insert,o,61,"Dnes vonku pekne nie je, dal by som si pivko, ale este mam po"
ZPw87WT2yagXd9QO1D3a7uqutlJ3,13,1772566447917040000,1772566447909696000,61,Insert,v,62,"Dnes vonku pekne nie je, dal by som si pivko, ale este mam pov"
ZPw87WT2yagXd9QO1D3a7uqutlJ3,13,1772566448201835000,1772566448195392000,62,Insert,i,63,"Dnes vonku pekne nie je, dal by som si pivko, ale este mam povi"
ZPw87WT2yagXd9QO1D3a7uqutlJ3,13,1772566448480785000,1772566448473565000,63,Insert,n,64,"Dnes vonku pekne nie je, dal by som si pivko, ale este mam povin"
ZPw87WT2yagXd9QO1D3a7uqutlJ3,13,1772566448692060000,1772566448685411000,64,Insert,n,65,"Dnes vonku pekne nie je, dal by som si pivko, ale este mam povinn"
ZPw87WT2yagXd9QO1D3a7uqutlJ3,13,1772566449055413000,1772566449044783000,65,Insert,o,66,"Dnes vonku pekne nie je, dal by som si pivko, ale este mam povinno"
ZPw87WT2yagXd9QO1D3a7uqutlJ3,13,1772566449132576000,1772566449128096000,66,Insert,s,67,"Dnes vonku pekne nie je, dal by som si pivko, ale este mam povinnos"
ZPw87WT2yagXd9QO1D3a7uqutlJ3,13,1772566449424718000,1772566449418853000,67,Insert,t,68,"Dnes vonku pekne nie je, dal by som si pivko, ale este mam povinnost"
ZPw87WT2yagXd9QO1D3a7uqutlJ3,13,1772566449687613000,1772566449680218000,68,Insert,i,69,"Dnes vonku pekne nie je, dal by som si pivko, ale este mam povinnosti"
ZPw87WT2yagXd9QO1D3a7uqutlJ3,13,1772566450990321000,1772566450983175000,69,Insert,",",70,"Dnes vonku pekne nie je, dal by som si pivko, ale este mam povinnosti,"
ZPw87WT2yagXd9QO1D3a7uqutlJ3,13,1772566451169180000,1772566451163022000,70,Insert, ,71,"Dnes vonku pekne nie je, dal by som si pivko, ale este mam povinnosti, "
ZPw87WT2yagXd9QO1D3a7uqutlJ3,13,1772566451576924000,1772566451570072000,71,Insert,k,72,"Dnes vonku pekne nie je, dal by som si pivko, ale este mam povinnosti, k"
ZPw87WT2yagXd9QO1D3a7uqutlJ3,13,1772566451826299000,1772566451818407000,72,Insert,t,73,"Dnes vonku pekne nie je, dal by som si pivko, ale este mam povinnosti, kt"
ZPw87WT2yagXd9QO1D3a7uqutlJ3,13,1772566451958267000,1772566451953723000,73,Insert,o,74,"Dnes vonku pekne nie je, dal by som si pivko, ale este mam povinnosti, kto"
ZPw87WT2yagXd9QO1D3a7uqutlJ3,13,1772566452078128000,1772566452072919000,74,Insert,r,75,"Dnes vonku pekne nie je, dal by som si pivko, ale este mam povinnosti, ktor"
ZPw87WT2yagXd9QO1D3a7uqutlJ3,13,1772566452244724000,1772566452241627000,75,Insert,r,76,"Dnes vonku pekne nie je, dal by som si pivko, ale este mam povinnosti, ktorr"
ZPw87WT2yagXd9QO1D3a7uqutlJ3,13,1772566452361075000,1772566452356642000,76,Insert, ,77,"Dnes vonku pekne nie je, dal by som si pivko, ale este mam povinnosti, ktorr "
ZPw87WT2yagXd9QO1D3a7uqutlJ3,13,1772566452586859000,1772566452580482000,77,Insert,m,78,"Dnes vonku pekne nie je, dal by som si pivko, ale este mam povinnosti, ktorr m"
ZPw87WT2yagXd9QO1D3a7uqutlJ3,13,1772566453142293000,1772566453136669000,78,Delete,m,77,"Dnes vonku pekne nie je, dal by som si pivko, ale este mam povinnosti, ktorr "
ZPw87WT2yagXd9QO1D3a7uqutlJ3,13,1772566453275577000,1772566453272865000,77,Delete, ,76,"Dnes vonku pekne nie je, dal by som si pivko, ale este mam povinnosti, ktorr"
ZPw87WT2yagXd9QO1D3a7uqutlJ3,13,1772566453414543000,1772566453410949000,76,Delete,r,75,"Dnes vonku pekne nie je, dal by som si pivko, ale este mam povinnosti, ktor"
ZPw87WT2yagXd9QO1D3a7uqutlJ3,13,1772566454064379000,1772566454058654000,75,Insert,e,76,"Dnes vonku pekne nie je, dal by som si pivko, ale este mam povinnosti, ktore"
ZPw87WT2yagXd9QO1D3a7uqutlJ3,13,1772566454265911000,1772566454260453000,76,Insert, ,77,"Dnes vonku pekne nie je, dal by som si pivko, ale este mam povinnosti, ktore "
ZPw87WT2yagXd9QO1D3a7uqutlJ3,13,1772566454585274000,1772566454580819000,77,Insert,m,78,"Dnes vonku pekne nie je, dal by som si pivko, ale este mam povinnosti, ktore m"
ZPw87WT2yagXd9QO1D3a7uqutlJ3,13,1772566454847776000,1772566454840749000,78,Insert,u,79,"Dnes vonku pekne nie je, dal by som si pivko, ale este mam povinnosti, ktore mu"
ZPw87WT2yagXd9QO1D3a7uqutlJ3,13,1772566454990142000,1772566454985742000,79,Insert,s,80,"Dnes vonku pekne nie je, dal by som si pivko, ale este mam povinnosti, ktore mus"
ZPw87WT2yagXd9QO1D3a7uqutlJ3,13,1772566455120601000,1772566455117713000,80,Insert,i,81,"Dnes vonku pekne nie je, dal by som si pivko, ale este mam povinnosti, ktore musi"
ZPw87WT2yagXd9QO1D3a7uqutlJ3,13,1772566455365937000,1772566455359649000,81,Insert,m,82,"Dnes vonku pekne nie je, dal by som si pivko, ale este mam povinnosti, ktore musim"
ZPw87WT2yagXd9QO1D3a7uqutlJ3,13,1772566455657847000,1772566455650997000,82,Insert, ,83,"Dnes vonku pekne nie je, dal by som si pivko, ale este mam povinnosti, ktore musim "
ZPw87WT2yagXd9QO1D3a7uqutlJ3,13,1772566455808877000,1772566455803753000,83,Insert,s,84,"Dnes vonku pekne nie je, dal by som si pivko, ale este mam povinnosti, ktore musim s"
ZPw87WT2yagXd9QO1D3a7uqutlJ3,13,1772566456059874000,1772566456052230000,84,Insert,p,85,"Dnes vonku pekne nie je, dal by som si pivko, ale este mam povinnosti, ktore musim sp"
ZPw87WT2yagXd9QO1D3a7uqutlJ3,13,1772566456436924000,1772566456427237000,85,Insert,r,86,"Dnes vonku pekne nie je, dal by som si pivko, ale este mam povinnosti, ktore musim spr"
ZPw87WT2yagXd9QO1D3a7uqutlJ3,13,1772566456601479000,1772566456591807000,86,Insert,a,87,"Dnes vonku pekne nie je, dal by som si pivko, ale este mam povinnosti, ktore musim spra"
ZPw87WT2yagXd9QO1D3a7uqutlJ3,13,1772566456749779000,1772566456742580000,87,Insert,v,88,"Dnes vonku pekne nie je, dal by som si pivko, ale este mam povinnosti, ktore musim sprav"
ZPw87WT2yagXd9QO1D3a7uqutlJ3,13,1772566457039968000,1772566457032750000,88,Insert,i,89,"Dnes vonku pekne nie je, dal by som si pivko, ale este mam povinnosti, ktore musim spravi"
ZPw87WT2yagXd9QO1D3a7uqutlJ3,13,1772566457213401000,1772566457208515000,89,Insert,t,90,"Dnes vonku pekne nie je, dal by som si pivko, ale este mam povinnosti, ktore musim spravit"
ZPw87WT2yagXd9QO1D3a7uqutlJ3,13,1772566457748168000,1772566457742958000,90,Insert, ,91,"Dnes vonku pekne nie je, dal by som si pivko, ale este mam povinnosti, ktore musim spravit "
ZPw87WT2yagXd9QO1D3a7uqutlJ3,13,1772566458658761000,1772566458650768000,91,Delete, ,90,"Dnes vonku pekne nie je, dal by som si pivko, ale este mam povinnosti, ktore musim spravit"
ZPw87WT2yagXd9QO1D3a7uqutlJ3,13,1772566458938467000,1772566458929386000,90,Insert,.,91,"Dnes vonku pekne nie je, dal by som si pivko, ale este mam povinnosti, ktore musim spravit."
ZPw87WT2yagXd9QO1D3a7uqutlJ3,14,1772566459843135000,1772566459836774000,0,Insert,D,1,D
ZPw87WT2yagXd9QO1D3a7uqutlJ3,14,1772566460299384000,1772566460291694000,1,Insert,n,2,Dn
ZPw87WT2yagXd9QO1D3a7uqutlJ3,14,1772566460417954000,1772566460413876000,2,Insert,e,3,Dne
ZPw87WT2yagXd9QO1D3a7uqutlJ3,14,1772566460656187000,1772566460649929000,3,Insert,s,4,Dnes
ZPw87WT2yagXd9QO1D3a7uqutlJ3,14,1772566460861577000,1772566460854469000,4,Insert, ,5,Dnes 
ZPw87WT2yagXd9QO1D3a7uqutlJ3,14,1772566461666488000,1772566461658504000,5,Insert,v,6,Dnes v
ZPw87WT2yagXd9QO1D3a7uqutlJ3,14,1772566461975286000,1772566461969076000,6,Insert,o,7,Dnes vo
ZPw87WT2yagXd9QO1D3a7uqutlJ3,14,1772566462239555000,1772566462235705000,7,Insert,n,8,Dnes von
ZPw87WT2yagXd9QO1D3a7uqutlJ3,14,1772566462457686000,1772566462453458000,8,Insert,k,9,Dnes vonk
ZPw87WT2yagXd9QO1D3a7uqutlJ3,14,1772566462674279000,1772566462667387000,9,Insert,u,10,Dnes vonku
ZPw87WT2yagXd9QO1D3a7uqutlJ3,14,1772566462886701000,1772566462878037000,10,Insert, ,11,Dnes vonku 
ZPw87WT2yagXd9QO1D3a7uqutlJ3,14,1772566463157082000,1772566463154202000,11,Insert,p,12,Dnes vonku p
ZPw87WT2yagXd9QO1D3a7uqutlJ3,14,1772566463302260000,1772566463299203000,12,Insert,e,13,Dnes vonku pe
ZPw87WT2yagXd9QO1D3a7uqutlJ3,14,1772566463458990000,1772566463455035000,13,Insert,k,14,Dnes vonku pek
ZPw87WT2yagXd9QO1D3a7uqutlJ3,14,1772566463673387000,1772566463664347000,14,Insert,n,15,Dnes vonku pekn
ZPw87WT2yagXd9QO1D3a7uqutlJ3,14,1772566463789575000,1772566463785898000,15,Insert,e,16,Dnes vonku pekne
ZPw87WT2yagXd9QO1D3a7uqutlJ3,14,1772566463950049000,1772566463944751000,16,Insert, ,17,Dnes vonku pekne 
ZPw87WT2yagXd9QO1D3a7uqutlJ3,14,1772566464261344000,1772566464257851000,17,Insert,b,18,Dnes vonku pekne b
ZPw87WT2yagXd9QO1D3a7uqutlJ3,14,1772566464510611000,1772566464504779000,18,Insert,i,19,Dnes vonku pekne bi
ZPw87WT2yagXd9QO1D3a7uqutlJ3,14,1772566464628201000,1772566464625938000,19,Insert,e,20,Dnes vonku pekne bie
ZPw87WT2yagXd9QO1D3a7uqutlJ3,14,1772566465039611000,1772566465033846000,20,Delete,e,19,Dnes vonku pekne bi
ZPw87WT2yagXd9QO1D3a7uqutlJ3,14,1772566465182962000,1772566465180348000,19,Delete,i,18,Dnes vonku pekne b
ZPw87WT2yagXd9QO1D3a7uqutlJ3,14,1772566465331307000,1772566465328781000,18,Delete,b,17,Dnes vonku pekne 
ZPw87WT2yagXd9QO1D3a7uqutlJ3,14,1772566465401001000,1772566465398224000,17,Delete, ,16,Dnes vonku pekne
ZPw87WT2yagXd9QO1D3a7uqutlJ3,14,1772566466216820000,1772566466206780000,16,Insert, ,17,Dnes vonku pekne 
ZPw87WT2yagXd9QO1D3a7uqutlJ3,14,1772566466451256000,1772566466447038000,17,Insert,n,18,Dnes vonku pekne n
ZPw87WT2yagXd9QO1D3a7uqutlJ3,14,1772566466707451000,1772566466700728000,18,Insert,i,19,Dnes vonku pekne ni
ZPw87WT2yagXd9QO1D3a7uqutlJ3,14,1772566466863600000,1772566466859552000,19,Insert,e,20,Dnes vonku pekne nie
ZPw87WT2yagXd9QO1D3a7uqutlJ3,14,1772566467046193000,1772566467041974000,20,Insert, ,21,Dnes vonku pekne nie 
ZPw87WT2yagXd9QO1D3a7uqutlJ3,14,1772566467282455000,1772566467277119000,21,Insert,j,22,Dnes vonku pekne nie j
ZPw87WT2yagXd9QO1D3a7uqutlJ3,14,1772566467372628000,1772566467368880000,22,Insert,e,23,Dnes vonku pekne nie je
ZPw87WT2yagXd9QO1D3a7uqutlJ3,14,1772566468336621000,1772566468328374000,23,Insert,",",24,"Dnes vonku pekne nie je,"
ZPw87WT2yagXd9QO1D3a7uqutlJ3,14,1772566468498694000,1772566468493569000,24,Insert, ,25,"Dnes vonku pekne nie je, "
ZPw87WT2yagXd9QO1D3a7uqutlJ3,14,1772566468720090000,1772566468713756000,25,Insert,d,26,"Dnes vonku pekne nie je, d"
ZPw87WT2yagXd9QO1D3a7uqutlJ3,14,1772566468977945000,1772566468968089000,26,Insert,a,27,"Dnes vonku pekne nie je, da"
ZPw87WT2yagXd9QO1D3a7uqutlJ3,14,1772566469086121000,1772566469082244000,27,Insert,l,28,"Dnes vonku pekne nie je, dal"
ZPw87WT2yagXd9QO1D3a7uqutlJ3,14,1772566469949002000,1772566469938893000,28,Insert, ,29,"Dnes vonku pekne nie je, dal "
ZPw87WT2yagXd9QO1D3a7uqutlJ3,14,1772566470545484000,1772566470541000000,29,Insert,b,30,"Dnes vonku pekne nie je, dal b"
ZPw87WT2yagXd9QO1D3a7uqutlJ3,14,1772566470695364000,1772566470691984000,30,Insert,y,31,"Dnes vonku pekne nie je, dal by"
ZPw87WT2yagXd9QO1D3a7uqutlJ3,14,1772566470868265000,1772566470861066000,31,Insert, ,32,"Dnes vonku pekne nie je, dal by "
ZPw87WT2yagXd9QO1D3a7uqutlJ3,14,1772566471030961000,1772566471025493000,32,Insert,s,33,"Dnes vonku pekne nie je, dal by s"
ZPw87WT2yagXd9QO1D3a7uqutlJ3,14,1772566471219906000,1772566471217723000,33,Insert,o,34,"Dnes vonku pekne nie je, dal by so"
ZPw87WT2yagXd9QO1D3a7uqutlJ3,14,1772566471454393000,1772566471448350000,34,Insert,m,35,"Dnes vonku pekne nie je, dal by som"
ZPw87WT2yagXd9QO1D3a7uqutlJ3,14,1772566471690595000,1772566471684653000,35,Insert, ,36,"Dnes vonku pekne nie je, dal by som "
ZPw87WT2yagXd9QO1D3a7uqutlJ3,14,1772566471841630000,1772566471837149000,36,Insert,s,37,"Dnes vonku pekne nie je, dal by som s"
ZPw87WT2yagXd9QO1D3a7uqutlJ3,14,1772566472068758000,1772566472061335000,37,Insert,i,38,"Dnes vonku pekne nie je, dal by som si"
ZPw87WT2yagXd9QO1D3a7uqutlJ3,14,1772566472304974000,1772566472296022000,38,Insert, ,39,"Dnes vonku pekne nie je, dal by som si "
ZPw87WT2yagXd9QO1D3a7uqutlJ3,14,1772566472656236000,1772566472647375000,39,Insert,p,40,"Dnes vonku pekne nie je, dal by som si p"
ZPw87WT2yagXd9QO1D3a7uqutlJ3,14,1772566472924438000,1772566472918563000,40,Insert,i,41,"Dnes vonku pekne nie je, dal by som si pi"
ZPw87WT2yagXd9QO1D3a7uqutlJ3,14,1772566473227294000,1772566473220900000,41,Insert,v,42,"Dnes vonku pekne nie je, dal by som si piv"
ZPw87WT2yagXd9QO1D3a7uqutlJ3,14,1772566473512516000,1772566473506242000,42,Insert,k,43,"Dnes vonku pekne nie je, dal by som si pivk"
ZPw87WT2yagXd9QO1D3a7uqutlJ3,14,1772566473719544000,1772566473712780000,43,Insert,i,44,"Dnes vonku pekne nie je, dal by som si pivki"
ZPw87WT2yagXd9QO1D3a7uqutlJ3,14,1772566474753250000,1772566474747295000,44,Delete,i,43,"Dnes vonku pekne nie je, dal by som si pivk"
ZPw87WT2yagXd9QO1D3a7uqutlJ3,14,1772566475227990000,1772566475219076000,43,Insert,o,44,"Dnes vonku pekne nie je, dal by som si pivko"
ZPw87WT2yagXd9QO1D3a7uqutlJ3,14,1772566476340264000,1772566476335873000,44,Insert,",",45,"Dnes vonku pekne nie je, dal by som si pivko,"
ZPw87WT2yagXd9QO1D3a7uqutlJ3,14,1772566476517417000,1772566476510231000,45,Insert, ,46,"Dnes vonku pekne nie je, dal by som si pivko, "
ZPw87WT2yagXd9QO1D3a7uqutlJ3,14,1772566476738661000,1772566476729816000,46,Insert,a,47,"Dnes vonku pekne nie je, dal by som si pivko, a"
ZPw87WT2yagXd9QO1D3a7uqutlJ3,14,1772566476883798000,1772566476878959000,47,Insert,l,48,"Dnes vonku pekne nie je, dal by som si pivko, al"
ZPw87WT2yagXd9QO1D3a7uqutlJ3,14,1772566477050813000,1772566477042659000,48,Insert,e,49,"Dnes vonku pekne nie je, dal by som si pivko, ale"
ZPw87WT2yagXd9QO1D3a7uqutlJ3,14,1772566477780028000,1772566477764170000,49,Insert, ,50,"Dnes vonku pekne nie je, dal by som si pivko, ale "
ZPw87WT2yagXd9QO1D3a7uqutlJ3,14,1772566477951975000,1772566477947513000,50,Insert,e,51,"Dnes vonku pekne nie je, dal by som si pivko, ale e"
ZPw87WT2yagXd9QO1D3a7uqutlJ3,14,1772566478136736000,1772566478132600000,51,Insert,s,52,"Dnes vonku pekne nie je, dal by som si pivko, ale es"
ZPw87WT2yagXd9QO1D3a7uqutlJ3,14,1772566478307454000,1772566478303416000,52,Insert,t,53,"Dnes vonku pekne nie je, dal by som si pivko, ale est"
ZPw87WT2yagXd9QO1D3a7uqutlJ3,14,1772566478546278000,1772566478540033000,53,Insert,e,54,"Dnes vonku pekne nie je, dal by som si pivko, ale este"
ZPw87WT2yagXd9QO1D3a7uqutlJ3,14,1772566478734622000,1772566478727822000,54,Insert, ,55,"Dnes vonku pekne nie je, dal by som si pivko, ale este "
ZPw87WT2yagXd9QO1D3a7uqutlJ3,14,1772566479063574000,1772566479053778000,55,Insert,m,56,"Dnes vonku pekne nie je, dal by som si pivko, ale este m"
ZPw87WT2yagXd9QO1D3a7uqutlJ3,14,1772566479201520000,1772566479196136000,56,Insert,a,57,"Dnes vonku pekne nie je, dal by som si pivko, ale este ma"
ZPw87WT2yagXd9QO1D3a7uqutlJ3,14,1772566479304008000,1772566479297455000,57,Insert,m,58,"Dnes vonku pekne nie je, dal by som si pivko, ale este mam"
ZPw87WT2yagXd9QO1D3a7uqutlJ3,14,1772566479535143000,1772566479528138000,58,Insert, ,59,"Dnes vonku pekne nie je, dal by som si pivko, ale este mam "
ZPw87WT2yagXd9QO1D3a7uqutlJ3,14,1772566479923645000,1772566479916185000,59,Insert,p,60,"Dnes vonku pekne nie je, dal by som si pivko, ale este mam p"
ZPw87WT2yagXd9QO1D3a7uqutlJ3,14,1772566480133358000,1772566480127747000,60,Insert,o,61,"Dnes vonku pekne nie je, dal by som si pivko, ale este mam po"
ZPw87WT2yagXd9QO1D3a7uqutlJ3,14,1772566480478858000,1772566480472786000,61,Insert,v,62,"Dnes vonku pekne nie je, dal by som si pivko, ale este mam pov"
ZPw87WT2yagXd9QO1D3a7uqutlJ3,14,1772566480782504000,1772566480776289000,62,Insert,i,63,"Dnes vonku pekne nie je, dal by som si pivko, ale este mam povi"
ZPw87WT2yagXd9QO1D3a7uqutlJ3,14,1772566481068701000,1772566481060932000,63,Insert,n,64,"Dnes vonku pekne nie je, dal by som si pivko, ale este mam povin"
ZPw87WT2yagXd9QO1D3a7uqutlJ3,14,1772566481234792000,1772566481230243000,64,Insert,n,65,"Dnes vonku pekne nie je, dal by som si pivko, ale este mam povinn"
ZPw87WT2yagXd9QO1D3a7uqutlJ3,14,1772566481606640000,1772566481599969000,65,Insert,o,66,"Dnes vonku pekne nie je, dal by som si pivko, ale este mam povinno"
ZPw87WT2yagXd9QO1D3a7uqutlJ3,14,1772566481737617000,1772566481732687000,66,Insert,s,67,"Dnes vonku pekne nie je, dal by som si pivko, ale este mam povinnos"
ZPw87WT2yagXd9QO1D3a7uqutlJ3,14,1772566482055333000,1772566482048828000,67,Insert,t,68,"Dnes vonku pekne nie je, dal by som si pivko, ale este mam povinnost"
ZPw87WT2yagXd9QO1D3a7uqutlJ3,14,1772566482357294000,1772566482350197000,68,Insert,i,69,"Dnes vonku pekne nie je, dal by som si pivko, ale este mam povinnosti"
ZPw87WT2yagXd9QO1D3a7uqutlJ3,14,1772566483697258000,1772566483688008000,69,Insert,",",70,"Dnes vonku pekne nie je, dal by som si pivko, ale este mam povinnosti,"
ZPw87WT2yagXd9QO1D3a7uqutlJ3,14,1772566484586514000,1772566484575681000,70,Insert, ,71,"Dnes vonku pekne nie je, dal by som si pivko, ale este mam povinnosti, "
ZPw87WT2yagXd9QO1D3a7uqutlJ3,14,1772566485406242000,1772566485396832000,71,Insert,k,72,"Dnes vonku pekne nie je, dal by som si pivko, ale este mam povinnosti, k"
ZPw87WT2yagXd9QO1D3a7uqutlJ3,14,1772566485651965000,1772566485641307000,72,Insert,t,73,"Dnes vonku pekne nie je, dal by som si pivko, ale este mam povinnosti, kt"
ZPw87WT2yagXd9QO1D3a7uqutlJ3,14,1772566485808623000,1772566485796688000,73,Insert,o,74,"Dnes vonku pekne nie je, dal by som si pivko, ale este mam povinnosti, kto"
ZPw87WT2yagXd9QO1D3a7uqutlJ3,14,1772566485888255000,1772566485884292000,74,Insert,r,75,"Dnes vonku pekne nie je, dal by som si pivko, ale este mam povinnosti, ktor"
ZPw87WT2yagXd9QO1D3a7uqutlJ3,14,1772566486082801000,1772566486076718000,75,Insert,e,76,"Dnes vonku pekne nie je, dal by som si pivko, ale este mam povinnosti, ktore"
ZPw87WT2yagXd9QO1D3a7uqutlJ3,14,1772566486782827000,1772566486772511000,76,Insert, ,77,"Dnes vonku pekne nie je, dal by som si pivko, ale este mam povinnosti, ktore "
ZPw87WT2yagXd9QO1D3a7uqutlJ3,14,1772566487058527000,1772566487051882000,77,Insert,m,78,"Dnes vonku pekne nie je, dal by som si pivko, ale este mam povinnosti, ktore m"
ZPw87WT2yagXd9QO1D3a7uqutlJ3,14,1772566487321427000,1772566487312886000,78,Insert,u,79,"Dnes vonku pekne nie je, dal by som si pivko, ale este mam povinnosti, ktore mu"
ZPw87WT2yagXd9QO1D3a7uqutlJ3,14,1772566487426892000,1772566487421853000,79,Insert,s,80,"Dnes vonku pekne nie je, dal by som si pivko, ale este mam povinnosti, ktore mus"
ZPw87WT2yagXd9QO1D3a7uqutlJ3,14,1772566487583658000,1772566487579058000,80,Insert,i,81,"Dnes vonku pekne nie je, dal by som si pivko, ale este mam povinnosti, ktore musi"
ZPw87WT2yagXd9QO1D3a7uqutlJ3,14,1772566487821649000,1772566487815258000,81,Insert,n,82,"Dnes vonku pekne nie je, dal by som si pivko, ale este mam povinnosti, ktore musin"
ZPw87WT2yagXd9QO1D3a7uqutlJ3,14,1772566488116887000,1772566488111316000,82,Insert, ,83,"Dnes vonku pekne nie je, dal by som si pivko, ale este mam povinnosti, ktore musin "
ZPw87WT2yagXd9QO1D3a7uqutlJ3,14,1772566488649043000,1772566488645395000,83,Delete, ,82,"Dnes vonku pekne nie je, dal by som si pivko, ale este mam povinnosti, ktore musin"
ZPw87WT2yagXd9QO1D3a7uqutlJ3,14,1772566488794449000,1772566488784084000,82,Delete,n,81,"Dnes vonku pekne nie je, dal by som si pivko, ale este mam povinnosti, ktore musi"
ZPw87WT2yagXd9QO1D3a7uqutlJ3,14,1772566489364730000,1772566489357913000,81,Insert,m,82,"Dnes vonku pekne nie je, dal by som si pivko, ale este mam povinnosti, ktore musim"
ZPw87WT2yagXd9QO1D3a7uqutlJ3,14,1772566489596279000,1772566489589296000,82,Insert, ,83,"Dnes vonku pekne nie je, dal by som si pivko, ale este mam povinnosti, ktore musim "
ZPw87WT2yagXd9QO1D3a7uqutlJ3,14,1772566489737477000,1772566489723551000,83,Insert,s,84,"Dnes vonku pekne nie je, dal by som si pivko, ale este mam povinnosti, ktore musim s"
ZPw87WT2yagXd9QO1D3a7uqutlJ3,14,1772566490041262000,1772566490032003000,84,Insert,p,85,"Dnes vonku pekne nie je, dal by som si pivko, ale este mam povinnosti, ktore musim sp"
ZPw87WT2yagXd9QO1D3a7uqutlJ3,14,1772566490416213000,1772566490406726000,85,Insert,r,86,"Dnes vonku pekne nie je, dal by som si pivko, ale este mam povinnosti, ktore musim spr"
ZPw87WT2yagXd9QO1D3a7uqutlJ3,14,1772566490571864000,1772566490564848000,86,Insert,a,87,"Dnes vonku pekne nie je, dal by som si pivko, ale este mam povinnosti, ktore musim spra"
ZPw87WT2yagXd9QO1D3a7uqutlJ3,14,1772566490785291000,1772566490775851000,87,Insert,v,88,"Dnes vonku pekne nie je, dal by som si pivko, ale este mam povinnosti, ktore musim sprav"
ZPw87WT2yagXd9QO1D3a7uqutlJ3,14,1772566491147667000,1772566491140732000,88,Insert,o,89,"Dnes vonku pekne nie je, dal by som si pivko, ale este mam povinnosti, ktore musim spravo"
ZPw87WT2yagXd9QO1D3a7uqutlJ3,14,1772566491860764000,1772566491852451000,89,Delete,o,88,"Dnes vonku pekne nie je, dal by som si pivko, ale este mam povinnosti, ktore musim sprav"
ZPw87WT2yagXd9QO1D3a7uqutlJ3,14,1772566492254026000,1772566492247563000,88,Insert,i,89,"Dnes vonku pekne nie je, dal by som si pivko, ale este mam povinnosti, ktore musim spravi"
ZPw87WT2yagXd9QO1D3a7uqutlJ3,14,1772566492461233000,1772566492455086000,89,Insert,t,90,"Dnes vonku pekne nie je, dal by som si pivko, ale este mam povinnosti, ktore musim spravit"
ZPw87WT2yagXd9QO1D3a7uqutlJ3,14,1772566493755835000,1772566493743762000,90,Insert,.,91,"Dnes vonku pekne nie je, dal by som si pivko, ale este mam povinnosti, ktore musim spravit."
ZPw87WT2yagXd9QO1D3a7uqutlJ3,15,1772566496848684000,1772566496839010000,0,Insert,D,1,D
ZPw87WT2yagXd9QO1D3a7uqutlJ3,15,1772566497916092000,1772566497908216000,1,Insert,n,2,Dn
ZPw87WT2yagXd9QO1D3a7uqutlJ3,15,1772566498102651000,1772566498098858000,2,Insert,e,3,Dne
ZPw87WT2yagXd9QO1D3a7uqutlJ3,15,1772566498421082000,1772566498414561000,3,Insert, ,4,Dne 
ZPw87WT2yagXd9QO1D3a7uqutlJ3,15,1772566498926715000,1772566498922816000,4,Delete, ,3,Dne
ZPw87WT2yagXd9QO1D3a7uqutlJ3,15,1772566499072992000,1772566499063377000,3,Insert,s,4,Dnes
ZPw87WT2yagXd9QO1D3a7uqutlJ3,15,1772566499268903000,1772566499262322000,4,Insert, ,5,Dnes 
ZPw87WT2yagXd9QO1D3a7uqutlJ3,15,1772566499752799000,1772566499746213000,5,Insert,v,6,Dnes v
ZPw87WT2yagXd9QO1D3a7uqutlJ3,15,1772566500103168000,1772566500096786000,6,Insert,o,7,Dnes vo
ZPw87WT2yagXd9QO1D3a7uqutlJ3,15,1772566500357672000,1772566500351731000,7,Insert,n,8,Dnes von
ZPw87WT2yagXd9QO1D3a7uqutlJ3,15,1772566500570624000,1772566500564911000,8,Insert,k,9,Dnes vonk
ZPw87WT2yagXd9QO1D3a7uqutlJ3,15,1772566500785395000,1772566500780706000,9,Insert,u,10,Dnes vonku
ZPw87WT2yagXd9QO1D3a7uqutlJ3,15,1772566501406947000,1772566501397063000,10,Insert, ,11,Dnes vonku 
ZPw87WT2yagXd9QO1D3a7uqutlJ3,15,1772566501725725000,1772566501719433000,11,Insert,p,12,Dnes vonku p
ZPw87WT2yagXd9QO1D3a7uqutlJ3,15,1772566501876459000,1772566501872443000,12,Insert,e,13,Dnes vonku pe
ZPw87WT2yagXd9QO1D3a7uqutlJ3,15,1772566502101736000,1772566502096118000,13,Insert,k,14,Dnes vonku pek
ZPw87WT2yagXd9QO1D3a7uqutlJ3,15,1772566502319081000,1772566502313224000,14,Insert,n,15,Dnes vonku pekn
ZPw87WT2yagXd9QO1D3a7uqutlJ3,15,1772566502421018000,1772566502417118000,15,Insert,e,16,Dnes vonku pekne
ZPw87WT2yagXd9QO1D3a7uqutlJ3,15,1772566502554568000,1772566502550590000,16,Insert, ,17,Dnes vonku pekne 
ZPw87WT2yagXd9QO1D3a7uqutlJ3,15,1772566502782195000,1772566502776265000,17,Insert,n,18,Dnes vonku pekne n
ZPw87WT2yagXd9QO1D3a7uqutlJ3,15,1772566503004461000,1772566502998744000,18,Insert,i,19,Dnes vonku pekne ni
ZPw87WT2yagXd9QO1D3a7uqutlJ3,15,1772566503151167000,1772566503147221000,19,Insert,e,20,Dnes vonku pekne nie
ZPw87WT2yagXd9QO1D3a7uqutlJ3,15,1772566503344988000,1772566503340857000,20,Insert, ,21,Dnes vonku pekne nie 
ZPw87WT2yagXd9QO1D3a7uqutlJ3,15,1772566503703725000,1772566503698054000,21,Insert,j,22,Dnes vonku pekne nie j
ZPw87WT2yagXd9QO1D3a7uqutlJ3,15,1772566503810795000,1772566503806967000,22,Insert,e,23,Dnes vonku pekne nie je
ZPw87WT2yagXd9QO1D3a7uqutlJ3,15,1772566504455644000,1772566504445883000,23,Insert,",",24,"Dnes vonku pekne nie je,"
ZPw87WT2yagXd9QO1D3a7uqutlJ3,15,1772566504777345000,1772566504770603000,24,Insert, ,25,"Dnes vonku pekne nie je, "
ZPw87WT2yagXd9QO1D3a7uqutlJ3,15,1772566505073770000,1772566505067828000,25,Insert,d,26,"Dnes vonku pekne nie je, d"
ZPw87WT2yagXd9QO1D3a7uqutlJ3,15,1772566505373731000,1772566505364723000,26,Insert,a,27,"Dnes vonku pekne nie je, da"
ZPw87WT2yagXd9QO1D3a7uqutlJ3,15,1772566505513276000,1772566505508998000,27,Insert,l,28,"Dnes vonku pekne nie je, dal"
ZPw87WT2yagXd9QO1D3a7uqutlJ3,15,1772566505789603000,1772566505782463000,28,Insert, ,29,"Dnes vonku pekne nie je, dal "
ZPw87WT2yagXd9QO1D3a7uqutlJ3,15,1772566506017031000,1772566506009893000,29,Insert,b,30,"Dnes vonku pekne nie je, dal b"
ZPw87WT2yagXd9QO1D3a7uqutlJ3,15,1772566506115851000,1772566506111293000,30,Insert,y,31,"Dnes vonku pekne nie je, dal by"
ZPw87WT2yagXd9QO1D3a7uqutlJ3,15,1772566506291002000,1772566506286488000,31,Insert, ,32,"Dnes vonku pekne nie je, dal by "
ZPw87WT2yagXd9QO1D3a7uqutlJ3,15,1772566506455007000,1772566506450626000,32,Insert,s,33,"Dnes vonku pekne nie je, dal by s"
ZPw87WT2yagXd9QO1D3a7uqutlJ3,15,1772566506606596000,1772566506598596000,33,Insert,o,34,"Dnes vonku pekne nie je, dal by so"
ZPw87WT2yagXd9QO1D3a7uqutlJ3,15,1772566506810587000,1772566506804155000,34,Insert,m,35,"Dnes vonku pekne nie je, dal by som"
ZPw87WT2yagXd9QO1D3a7uqutlJ3,15,1772566507074065000,1772566507061975000,35,Insert, ,36,"Dnes vonku pekne nie je, dal by som "
ZPw87WT2yagXd9QO1D3a7uqutlJ3,15,1772566507187090000,1772566507180627000,36,Insert,s,37,"Dnes vonku pekne nie je, dal by som s"
ZPw87WT2yagXd9QO1D3a7uqutlJ3,15,1772566507385586000,1772566507380388000,37,Insert,i,38,"Dnes vonku pekne nie je, dal by som si"
ZPw87WT2yagXd9QO1D3a7uqutlJ3,15,1772566507618430000,1772566507611931000,38,Insert, ,39,"Dnes vonku pekne nie je, dal by som si "
ZPw87WT2yagXd9QO1D3a7uqutlJ3,15,1772566507932786000,1772566507926291000,39,Insert,p,40,"Dnes vonku pekne nie je, dal by som si p"
ZPw87WT2yagXd9QO1D3a7uqutlJ3,15,1772566508224269000,1772566508217698000,40,Insert,i,41,"Dnes vonku pekne nie je, dal by som si pi"
ZPw87WT2yagXd9QO1D3a7uqutlJ3,15,1772566508519871000,1772566508513772000,41,Insert,v,42,"Dnes vonku pekne nie je, dal by som si piv"
ZPw87WT2yagXd9QO1D3a7uqutlJ3,15,1772566508804232000,1772566508797517000,42,Insert,k,43,"Dnes vonku pekne nie je, dal by som si pivk"
ZPw87WT2yagXd9QO1D3a7uqutlJ3,15,1772566509036212000,1772566509027931000,43,Insert,o,44,"Dnes vonku pekne nie je, dal by som si pivko"
ZPw87WT2yagXd9QO1D3a7uqutlJ3,15,1772566510205164000,1772566510197021000,44,Insert,",",45,"Dnes vonku pekne nie je, dal by som si pivko,"
ZPw87WT2yagXd9QO1D3a7uqutlJ3,15,1772566510688090000,1772566510677873000,45,Insert,a,46,"Dnes vonku pekne nie je, dal by som si pivko,a"
ZPw87WT2yagXd9QO1D3a7uqutlJ3,15,1772566510947260000,1772566510937300000,46,Insert,l,47,"Dnes vonku pekne nie je, dal by som si pivko,al"
ZPw87WT2yagXd9QO1D3a7uqutlJ3,15,1772566515064195000,1772566515058443000,47,Delete,l,46,"Dnes vonku pekne nie je, dal by som si pivko,a"
ZPw87WT2yagXd9QO1D3a7uqutlJ3,15,1772566515229533000,1772566515226109000,46,Delete,a,45,"Dnes vonku pekne nie je, dal by som si pivko,"
ZPw87WT2yagXd9QO1D3a7uqutlJ3,15,1772566515889974000,1772566515882104000,45,Insert, ,46,"Dnes vonku pekne nie je, dal by som si pivko, "
ZPw87WT2yagXd9QO1D3a7uqutlJ3,15,1772566516113431000,1772566516102444000,46,Insert,a,47,"Dnes vonku pekne nie je, dal by som si pivko, a"
ZPw87WT2yagXd9QO1D3a7uqutlJ3,15,1772566516315080000,1772566516309903000,47,Insert,k,48,"Dnes vonku pekne nie je, dal by som si pivko, ak"
ZPw87WT2yagXd9QO1D3a7uqutlJ3,15,1772566516476219000,1772566516471012000,48,Insert,e,49,"Dnes vonku pekne nie je, dal by som si pivko, ake"
ZPw87WT2yagXd9QO1D3a7uqutlJ3,15,1772566517117608000,1772566517110847000,49,Delete,e,48,"Dnes vonku pekne nie je, dal by som si pivko, ak"
ZPw87WT2yagXd9QO1D3a7uqutlJ3,15,1772566517270039000,1772566517266859000,48,Delete,k,47,"Dnes vonku pekne nie je, dal by som si pivko, a"
ZPw87WT2yagXd9QO1D3a7uqutlJ3,15,1772566517906118000,1772566517900752000,47,Insert,a,48,"Dnes vonku pekne nie je, dal by som si pivko, aa"
ZPw87WT2yagXd9QO1D3a7uqutlJ3,15,1772566518168151000,1772566518160782000,48,Insert,l,49,"Dnes vonku pekne nie je, dal by som si pivko, aal"
ZPw87WT2yagXd9QO1D3a7uqutlJ3,15,1772566518626390000,1772566518621729000,49,Delete,l,48,"Dnes vonku pekne nie je, dal by som si pivko, aa"
ZPw87WT2yagXd9QO1D3a7uqutlJ3,15,1772566518777433000,1772566518774724000,48,Delete,a,47,"Dnes vonku pekne nie je, dal by som si pivko, a"
ZPw87WT2yagXd9QO1D3a7uqutlJ3,15,1772566519355445000,1772566519346427000,47,Insert,l,48,"Dnes vonku pekne nie je, dal by som si pivko, al"
ZPw87WT2yagXd9QO1D3a7uqutlJ3,15,1772566519496967000,1772566519492727000,48,Insert,e,49,"Dnes vonku pekne nie je, dal by som si pivko, ale"
ZPw87WT2yagXd9QO1D3a7uqutlJ3,15,1772566520622406000,1772566520612938000,49,Insert, ,50,"Dnes vonku pekne nie je, dal by som si pivko, ale "
ZPw87WT2yagXd9QO1D3a7uqutlJ3,15,1772566520795904000,1772566520791693000,50,Insert,e,51,"Dnes vonku pekne nie je, dal by som si pivko, ale e"
ZPw87WT2yagXd9QO1D3a7uqutlJ3,15,1772566520976195000,1772566520970487000,51,Insert,s,52,"Dnes vonku pekne nie je, dal by som si pivko, ale es"
ZPw87WT2yagXd9QO1D3a7uqutlJ3,15,1772566521144337000,1772566521139766000,52,Insert,t,53,"Dnes vonku pekne nie je, dal by som si pivko, ale est"
ZPw87WT2yagXd9QO1D3a7uqutlJ3,15,1772566521320475000,1772566521316127000,53,Insert,e,54,"Dnes vonku pekne nie je, dal by som si pivko, ale este"
ZPw87WT2yagXd9QO1D3a7uqutlJ3,15,1772566521453609000,1772566521449532000,54,Insert, ,55,"Dnes vonku pekne nie je, dal by som si pivko, ale este "
ZPw87WT2yagXd9QO1D3a7uqutlJ3,15,1772566521711013000,1772566521706882000,55,Insert,m,56,"Dnes vonku pekne nie je, dal by som si pivko, ale este m"
ZPw87WT2yagXd9QO1D3a7uqutlJ3,15,1772566521842952000,1772566521838389000,56,Insert,a,57,"Dnes vonku pekne nie je, dal by som si pivko, ale este ma"
ZPw87WT2yagXd9QO1D3a7uqutlJ3,15,1772566522041259000,1772566522037253000,57,Insert,m,58,"Dnes vonku pekne nie je, dal by som si pivko, ale este mam"
ZPw87WT2yagXd9QO1D3a7uqutlJ3,15,1772566522477450000,1772566522467354000,58,Insert, ,59,"Dnes vonku pekne nie je, dal by som si pivko, ale este mam "
ZPw87WT2yagXd9QO1D3a7uqutlJ3,15,1772566523054579000,1772566523049881000,59,Insert,p,60,"Dnes vonku pekne nie je, dal by som si pivko, ale este mam p"
ZPw87WT2yagXd9QO1D3a7uqutlJ3,15,1772566523310007000,1772566523303459000,60,Insert,o,61,"Dnes vonku pekne nie je, dal by som si pivko, ale este mam po"
ZPw87WT2yagXd9QO1D3a7uqutlJ3,15,1772566523654444000,1772566523648170000,61,Insert,v,62,"Dnes vonku pekne nie je, dal by som si pivko, ale este mam pov"
ZPw87WT2yagXd9QO1D3a7uqutlJ3,15,1772566523987700000,1772566523981076000,62,Insert,i,63,"Dnes vonku pekne nie je, dal by som si pivko, ale este mam povi"
ZPw87WT2yagXd9QO1D3a7uqutlJ3,15,1772566524267984000,1772566524260403000,63,Insert,n,64,"Dnes vonku pekne nie je, dal by som si pivko, ale este mam povin"
ZPw87WT2yagXd9QO1D3a7uqutlJ3,15,1772566524450462000,1772566524443694000,64,Insert,n,65,"Dnes vonku pekne nie je, dal by som si pivko, ale este mam povinn"
ZPw87WT2yagXd9QO1D3a7uqutlJ3,15,1772566524753608000,1772566524743392000,65,Insert,o,66,"Dnes vonku pekne nie je, dal by som si pivko, ale este mam povinno"
ZPw87WT2yagXd9QO1D3a7uqutlJ3,15,1772566524858331000,1772566524854405000,66,Insert,s,67,"Dnes vonku pekne nie je, dal by som si pivko, ale este mam povinnos"
ZPw87WT2yagXd9QO1D3a7uqutlJ3,15,1772566525170779000,1772566525163160000,67,Insert,t,68,"Dnes vonku pekne nie je, dal by som si pivko, ale este mam povinnost"
ZPw87WT2yagXd9QO1D3a7uqutlJ3,15,1772566525466292000,1772566525458948000,68,Insert,i,69,"Dnes vonku pekne nie je, dal by som si pivko, ale este mam povinnosti"
ZPw87WT2yagXd9QO1D3a7uqutlJ3,15,1772566526070514000,1772566526061007000,69,Insert,",",70,"Dnes vonku pekne nie je, dal by som si pivko, ale este mam povinnosti,"
ZPw87WT2yagXd9QO1D3a7uqutlJ3,15,1772566526252923000,1772566526246202000,70,Insert, ,71,"Dnes vonku pekne nie je, dal by som si pivko, ale este mam povinnosti, "
ZPw87WT2yagXd9QO1D3a7uqutlJ3,15,1772566526543539000,1772566526537482000,71,Insert,k,72,"Dnes vonku pekne nie je, dal by som si pivko, ale este mam povinnosti, k"
ZPw87WT2yagXd9QO1D3a7uqutlJ3,15,1772566526742539000,1772566526737818000,72,Insert,t,73,"Dnes vonku pekne nie je, dal by som si pivko, ale este mam povinnosti, kt"
ZPw87WT2yagXd9QO1D3a7uqutlJ3,15,1772566526919670000,1772566526914793000,73,Insert,o,74,"Dnes vonku pekne nie je, dal by som si pivko, ale este mam povinnosti, kto"
ZPw87WT2yagXd9QO1D3a7uqutlJ3,15,1772566527013234000,1772566527008621000,74,Insert,r,75,"Dnes vonku pekne nie je, dal by som si pivko, ale este mam povinnosti, ktor"
ZPw87WT2yagXd9QO1D3a7uqutlJ3,15,1772566527189388000,1772566527184241000,75,Insert,e,76,"Dnes vonku pekne nie je, dal by som si pivko, ale este mam povinnosti, ktore"
ZPw87WT2yagXd9QO1D3a7uqutlJ3,15,1772566527388498000,1772566527383834000,76,Insert, ,77,"Dnes vonku pekne nie je, dal by som si pivko, ale este mam povinnosti, ktore "
ZPw87WT2yagXd9QO1D3a7uqutlJ3,15,1772566527967871000,1772566527958564000,77,Insert,m,78,"Dnes vonku pekne nie je, dal by som si pivko, ale este mam povinnosti, ktore m"
ZPw87WT2yagXd9QO1D3a7uqutlJ3,15,1772566528241635000,1772566528236541000,78,Insert,u,79,"Dnes vonku pekne nie je, dal by som si pivko, ale este mam povinnosti, ktore mu"
ZPw87WT2yagXd9QO1D3a7uqutlJ3,15,1772566528368019000,1772566528363978000,79,Insert,s,80,"Dnes vonku pekne nie je, dal by som si pivko, ale este mam povinnosti, ktore mus"
ZPw87WT2yagXd9QO1D3a7uqutlJ3,15,1772566529050553000,1772566529043403000,80,Insert,i,81,"Dnes vonku pekne nie je, dal by som si pivko, ale este mam povinnosti, ktore musi"
ZPw87WT2yagXd9QO1D3a7uqutlJ3,15,1772566529309887000,1772566529303882000,81,Insert,m,82,"Dnes vonku pekne nie je, dal by som si pivko, ale este mam povinnosti, ktore musim"
ZPw87WT2yagXd9QO1D3a7uqutlJ3,15,1772566529584672000,1772566529578250000,82,Insert, ,83,"Dnes vonku pekne nie je, dal by som si pivko, ale este mam povinnosti, ktore musim "
ZPw87WT2yagXd9QO1D3a7uqutlJ3,15,1772566529721309000,1772566529716467000,83,Insert,s,84,"Dnes vonku pekne nie je, dal by som si pivko, ale este mam povinnosti, ktore musim s"
ZPw87WT2yagXd9QO1D3a7uqutlJ3,15,1772566529982698000,1772566529976989000,84,Insert,p,85,"Dnes vonku pekne nie je, dal by som si pivko, ale este mam povinnosti, ktore musim sp"
ZPw87WT2yagXd9QO1D3a7uqutlJ3,15,1772566530365268000,1772566530358297000,85,Insert,r,86,"Dnes vonku pekne nie je, dal by som si pivko, ale este mam povinnosti, ktore musim spr"
ZPw87WT2yagXd9QO1D3a7uqutlJ3,15,1772566530570318000,1772566530564109000,86,Insert,a,87,"Dnes vonku pekne nie je, dal by som si pivko, ale este mam povinnosti, ktore musim spra"
ZPw87WT2yagXd9QO1D3a7uqutlJ3,15,1772566530714970000,1772566530709786000,87,Insert,v,88,"Dnes vonku pekne nie je, dal by som si pivko, ale este mam povinnosti, ktore musim sprav"
ZPw87WT2yagXd9QO1D3a7uqutlJ3,15,1772566531014003000,1772566531005642000,88,Insert,i,89,"Dnes vonku pekne nie je, dal by som si pivko, ale este mam povinnosti, ktore musim spravi"
ZPw87WT2yagXd9QO1D3a7uqutlJ3,15,1772566531327394000,1772566531320145000,89,Insert,t,90,"Dnes vonku pekne nie je, dal by som si pivko, ale este mam povinnosti, ktore musim spravit"
ZPw87WT2yagXd9QO1D3a7uqutlJ3,15,1772566532341125000,1772566532326618000,90,Insert,.,91,"Dnes vonku pekne nie je, dal by som si pivko, ale este mam povinnosti, ktore musim spravit."
