input,session_id,timestamp,x,y,z
sensor_gyroscope,7d03ae92-e310-48d7-87b9-8440f65c47f7,1773747751725533510,-0.20386483,0.45926178,0.38256282
sensor_gyroscope,7d03ae92-e310-48d7-87b9-8440f65c47f7,1773747751745539239,-0.71612346,0.5988113,0.18562219
sensor_gyroscope,7d03ae92-e310-48d7-87b9-8440f65c47f7,1773747751765549604,-1.0536789,0.6030724,-0.0519316
sensor_gyroscope,7d03ae92-e310-48d7-87b9-8440f65c47f7,1773747751785567989,-1.28058,0.4209123,2.663159E-4
sensor_gyroscope,7d03ae92-e310-48d7-87b9-8440f65c47f7,1773747751805581166,-1.296559,-0.21704747,-0.15632744
sensor_gyroscope,7d03ae92-e310-48d7-87b9-8440f65c47f7,1773747751825585385,-0.78203666,-0.15952323,-0.252068
sensor_gyroscope,7d03ae92-e310-48d7-87b9-8440f65c47f7,1773747751845592573,-0.26019064,0.30586383,-0.4608597
sensor_gyroscope,7d03ae92-e310-48d7-87b9-8440f65c47f7,1773747751865600698,0.20200062,0.3410175,-0.73037136
sensor_gyroscope,7d03ae92-e310-48d7-87b9-8440f65c47f7,1773747751885613771,0.58003604,0.14394376,-0.98803204
sensor_gyroscope,7d03ae92-e310-48d7-87b9-8440f65c47f7,1773747751905643927,0.7057372,-0.12117374,-1.0018804
sensor_gyroscope,7d03ae92-e310-48d7-87b9-8440f65c47f7,1773747751925638406,0.39148438,-0.54608077,-0.5332976
sensor_gyroscope,7d03ae92-e310-48d7-87b9-8440f65c47f7,1773747751945652937,0.009187899,-0.9912278,-0.38203016
sensor_gyroscope,7d03ae92-e310-48d7-87b9-8440f65c47f7,1773747751965656271,-0.47430864,-1.4897712,-0.19148114
sensor_gyroscope,7d03ae92-e310-48d7-87b9-8440f65c47f7,1773747751985670073,-0.4934834,-1.0050763,0.078030564
sensor_gyroscope,7d03ae92-e310-48d7-87b9-8440f65c47f7,1773747752005677104,-0.29108328,-0.24474432,0.3175817
sensor_gyroscope,7d03ae92-e310-48d7-87b9-8440f65c47f7,1773747752025691896,-0.15592797,0.26112276,0.41239017
sensor_gyroscope,7d03ae92-e310-48d7-87b9-8440f65c47f7,1773747752045709604,-0.094142675,0.54128706,0.338887
sensor_gyroscope,7d03ae92-e310-48d7-87b9-8440f65c47f7,1773747752065713354,0.040080544,0.68496454,0.16964324
sensor_gyroscope,7d03ae92-e310-48d7-87b9-8440f65c47f7,1773747752085724656,0.20732693,0.7882951,-0.011451584
sensor_gyroscope,7d03ae92-e310-48d7-87b9-8440f65c47f7,1773747752105741896,0.32437277,0.77870774,-0.12330426
sensor_gyroscope,7d03ae92-e310-48d7-87b9-8440f65c47f7,1773747752125752677,0.31052434,0.7020087,-0.08921583
sensor_gyroscope,7d03ae92-e310-48d7-87b9-8440f65c47f7,1773747752145759864,0.19560903,0.6764424,0.01624527
sensor_gyroscope,7d03ae92-e310-48d7-87b9-8440f65c47f7,1773747752165763666,0.07097319,0.63289976,0.029028434
sensor_gyroscope,7d03ae92-e310-48d7-87b9-8440f65c47f7,1773747752185780385,-0.030226856,0.42623863,-0.03382212
sensor_gyroscope,7d03ae92-e310-48d7-87b9-8440f65c47f7,1773747752205784187,-0.0962732,0.1631185,-0.07004108
sensor_gyroscope,7d03ae92-e310-48d7-87b9-8440f65c47f7,1773747752225806114,-0.053662658,0.07590003,-0.03382212
sensor_gyroscope,7d03ae92-e310-48d7-87b9-8440f65c47f7,1773747752245821218,-0.032357384,0.069508456,0.017310534
sensor_gyroscope,7d03ae92-e310-48d7-87b9-8440f65c47f7,1773747752265815854,-0.15379743,0.10998847,0.015180007
sensor_gyroscope,7d03ae92-e310-48d7-87b9-8440f65c47f7,1773747752285828302,-0.35926017,0.16418377,-0.01571264
sensor_gyroscope,7d03ae92-e310-48d7-87b9-8440f65c47f7,1773747752305838250,-0.49774444,0.20572904,-0.0519316
sensor_gyroscope,7d03ae92-e310-48d7-87b9-8440f65c47f7,1773747752325881271,-0.28256118,-0.35766226,-0.12436953
sensor_gyroscope,7d03ae92-e310-48d7-87b9-8440f65c47f7,1773747752345857885,-0.08668583,-0.46405548,-0.14354427
sensor_gyroscope,7d03ae92-e310-48d7-87b9-8440f65c47f7,1773747752365906791,-0.25699484,0.07057372,-0.06684529
sensor_gyroscope,7d03ae92-e310-48d7-87b9-8440f65c47f7,1773747752385883198,-0.44980758,0.43582597,-0.03062633
sensor_gyroscope,7d03ae92-e310-48d7-87b9-8440f65c47f7,1773747752405921791,-0.4870918,0.26751432,-0.07217161
sensor_gyroscope,7d03ae92-e310-48d7-87b9-8440f65c47f7,1773747752425922729,-0.19960378,-0.3619233,-0.1573927
sensor_gyroscope,7d03ae92-e310-48d7-87b9-8440f65c47f7,1773747752445917468,0.014514217,-0.6739124,-0.18615483
sensor_gyroscope,7d03ae92-e310-48d7-87b9-8440f65c47f7,1773747752465923093,0.025166854,-0.6217145,-0.14567481
sensor_gyroscope,7d03ae92-e310-48d7-87b9-8440f65c47f7,1773747752485969656,0.014514217,-0.48749128,-0.041278966
sensor_gyroscope,7d03ae92-e310-48d7-87b9-8440f65c47f7,1773747752505945385,0.12849742,-0.34274858,0.015180007
sensor_gyroscope,7d03ae92-e310-48d7-87b9-8440f65c47f7,1773747752525992260,0.30519804,-0.21065588,0.04500739
sensor_gyroscope,7d03ae92-e310-48d7-87b9-8440f65c47f7,1773747752545968458,0.3648528,-0.14141375,0.026897907
sensor_gyroscope,7d03ae92-e310-48d7-87b9-8440f65c47f7,1773747752565985177,0.32756856,-0.11158637,0.015180007
sensor_gyroscope,7d03ae92-e310-48d7-87b9-8440f65c47f7,1773747752586021843,0.2840259,-0.11904321,-7.9894776E-4
sensor_gyroscope,7d03ae92-e310-48d7-87b9-8440f65c47f7,1773747752605997573,0.2605901,-0.04447476,-0.005060002
sensor_gyroscope,7d03ae92-e310-48d7-87b9-8440f65c47f7,1773747752626007729,0.31372014,-0.01890843,-0.013582111
sensor_gyroscope,7d03ae92-e310-48d7-87b9-8440f65c47f7,1773747752646017989,0.40107176,-0.122239,-0.041278966
sensor_gyroscope,7d03ae92-e310-48d7-87b9-8440f65c47f7,1773747752666062729,0.5502087,-0.19787273,-0.062584236
sensor_gyroscope,7d03ae92-e310-48d7-87b9-8440f65c47f7,1773747752686041896,0.4468781,-0.05725792,-0.055127393
sensor_gyroscope,7d03ae92-e310-48d7-87b9-8440f65c47f7,1773747752706055593,0.31372014,0.053529497,-0.055127393
sensor_gyroscope,7d03ae92-e310-48d7-87b9-8440f65c47f7,1773747752726061271,0.3030675,0.10466215,-0.016777903
sensor_gyroscope,7d03ae92-e310-48d7-87b9-8440f65c47f7,1773747752746101687,0.3765707,0.035420015,-0.0018642114
sensor_gyroscope,7d03ae92-e310-48d7-87b9-8440f65c47f7,1773747752766119083,0.39574546,-0.04554002,-0.035952646
sensor_gyroscope,7d03ae92-e310-48d7-87b9-8440f65c47f7,1773747752786128771,0.361657,0.06311687,-0.041278966
sensor_gyroscope,7d03ae92-e310-48d7-87b9-8440f65c47f7,1773747752806105125,0.29148278,0.18442377,-0.04447476
sensor_gyroscope,7d03ae92-e310-48d7-87b9-8440f65c47f7,1773747752826150958,0.2467417,0.12370374,-0.03062633
sensor_gyroscope,7d03ae92-e310-48d7-87b9-8440f65c47f7,1773747752846161218,0.25419855,0.112119,-0.01890843
sensor_gyroscope,7d03ae92-e310-48d7-87b9-8440f65c47f7,1773747752866158979,0.29361328,0.12689953,0.031158961
sensor_gyroscope,7d03ae92-e310-48d7-87b9-8440f65c47f7,1773747752886181114,0.31798118,0.12370374,0.052464236
sensor_gyroscope,7d03ae92-e310-48d7-87b9-8440f65c47f7,1773747752906162156,0.30413276,0.1748364,0.05033371
sensor_gyroscope,7d03ae92-e310-48d7-87b9-8440f65c47f7,1773747752926168718,0.2435459,0.14607428,0.062051605
sensor_gyroscope,7d03ae92-e310-48d7-87b9-8440f65c47f7,1773747752946183979,0.25419855,0.16951008,0.08335688
sensor_gyroscope,7d03ae92-e310-48d7-87b9-8440f65c47f7,1773747752966222156,0.29254803,0.18761955,0.09294425
sensor_gyroscope,7d03ae92-e310-48d7-87b9-8440f65c47f7,1773747752986215906,0.15406376,-0.05619266,0.05672529
sensor_gyroscope,7d03ae92-e310-48d7-87b9-8440f65c47f7,1773747753006214448,-0.13888375,-0.239418,0.009853689
sensor_gyroscope,7d03ae92-e310-48d7-87b9-8440f65c47f7,1773747753026259291,-0.029161593,-0.14247902,-0.054062128
sensor_gyroscope,7d03ae92-e310-48d7-87b9-8440f65c47f7,1773747753046268823,0.18176061,-0.23302642,-0.054062128
sensor_gyroscope,7d03ae92-e310-48d7-87b9-8440f65c47f7,1773747753066256896,0.25100276,-0.4842955,-0.0018642114
sensor_gyroscope,7d03ae92-e310-48d7-87b9-8440f65c47f7,1773747753086280958,0.28615645,-0.75487244,-7.9894776E-4
sensor_gyroscope,7d03ae92-e310-48d7-87b9-8440f65c47f7,1773747753106298354,0.07310372,-0.35872754,0.07163898
sensor_gyroscope,7d03ae92-e310-48d7-87b9-8440f65c47f7,1773747753126310541,-0.1814943,0.08548741,0.053529497
sensor_gyroscope,7d03ae92-e310-48d7-87b9-8440f65c47f7,1773747753146294031,-0.22623536,0.3154512,0.037550543
sensor_gyroscope,7d03ae92-e310-48d7-87b9-8440f65c47f7,1773747753166332833,-0.1431448,0.12157321,0.003462107
sensor_gyroscope,7d03ae92-e310-48d7-87b9-8440f65c47f7,1773747753186307312,-0.0962732,-0.059388448,-0.013582111
sensor_gyroscope,7d03ae92-e310-48d7-87b9-8440f65c47f7,1773747753206344500,-0.24114905,-0.055127393,-0.052996866
sensor_gyroscope,7d03ae92-e310-48d7-87b9-8440f65c47f7,1773747753226354864,-0.47111285,0.0023968432,-0.06684529
sensor_gyroscope,7d03ae92-e310-48d7-87b9-8440f65c47f7,1773747753246344604,-0.52011496,0.21425115,-0.026365275
sensor_gyroscope,7d03ae92-e310-48d7-87b9-8440f65c47f7,1773747753266385021,-0.28682223,0.4006723,0.031158961
sensor_gyroscope,7d03ae92-e310-48d7-87b9-8440f65c47f7,1773747753286361583,0.10825742,0.31119013,0.053529497
sensor_gyroscope,7d03ae92-e310-48d7-87b9-8440f65c47f7,1773747753306376166,0.56192654,-0.35446647,-0.019973693
sensor_gyroscope,7d03ae92-e310-48d7-87b9-8440f65c47f7,1773747753326416635,0.4234423,-0.5599292,-0.01890843
sensor_gyroscope,7d03ae92-e310-48d7-87b9-8440f65c47f7,1773747753346422156,-0.18682061,0.20892483,0.08016109
sensor_gyroscope,7d03ae92-e310-48d7-87b9-8440f65c47f7,1773747753366437104,-0.40613177,0.57431024,0.11318426
sensor_gyroscope,7d03ae92-e310-48d7-87b9-8440f65c47f7,1773747753386450385,-0.18255955,0.3474091,0.060986344
sensor_gyroscope,7d03ae92-e310-48d7-87b9-8440f65c47f7,1773747753406455177,0.029427908,-0.22130851,-0.027430538
sensor_gyroscope,7d03ae92-e310-48d7-87b9-8440f65c47f7,1773747753426441635,0.04114581,-0.2926812,-0.10412952
sensor_gyroscope,7d03ae92-e310-48d7-87b9-8440f65c47f7,1773747753446480229,-0.08988162,-0.06578003,-0.12650006
sensor_gyroscope,7d03ae92-e310-48d7-87b9-8440f65c47f7,1773747753466485073,-0.17190692,0.01944106,-0.08815057
sensor_gyroscope,7d03ae92-e310-48d7-87b9-8440f65c47f7,1773747753486493041,-0.07390267,0.06844319,-0.03701791
sensor_gyroscope,7d03ae92-e310-48d7-87b9-8440f65c47f7,1773747753506511062,-0.0046605286,-0.0018642114,0.029028434
sensor_gyroscope,7d03ae92-e310-48d7-87b9-8440f65c47f7,1773747753526522364,0.04221107,0.07163898,0.09827057
sensor_gyroscope,7d03ae92-e310-48d7-87b9-8440f65c47f7,1773747753546534708,0.14767218,0.16418377,0.10679268
sensor_gyroscope,7d03ae92-e310-48d7-87b9-8440f65c47f7,1773747753566547260,0.30200225,0.2888196,0.05672529
sensor_gyroscope,7d03ae92-e310-48d7-87b9-8440f65c47f7,1773747753586541635,0.37124437,0.29095012,-0.011451584
sensor_gyroscope,7d03ae92-e310-48d7-87b9-8440f65c47f7,1773747753606566323,0.39041913,0.2334259,-0.019973693
sensor_gyroscope,7d03ae92-e310-48d7-87b9-8440f65c47f7,1773747753626575854,0.1498027,-0.18828535,-0.06471477
sensor_gyroscope,7d03ae92-e310-48d7-87b9-8440f65c47f7,1773747753646554656,-0.28149593,-0.3683149,-0.034887385
sensor_gyroscope,7d03ae92-e310-48d7-87b9-8440f65c47f7,1773747753666600177,-0.30599698,-0.09986847,-0.07217161
sensor_gyroscope,7d03ae92-e310-48d7-87b9-8440f65c47f7,1773747753686608718,-0.08562057,-0.026365275,-0.07749793
sensor_gyroscope,7d03ae92-e310-48d7-87b9-8440f65c47f7,1773747753706605854,0.039015282,-0.522645,-0.059388448
sensor_gyroscope,7d03ae92-e310-48d7-87b9-8440f65c47f7,1773747753726628406,0.11038794,-0.5492766,-0.01890843
sensor_gyroscope,7d03ae92-e310-48d7-87b9-8440f65c47f7,1773747753746641010,-0.047271073,-0.073236875,-0.0018642114
sensor_gyroscope,7d03ae92-e310-48d7-87b9-8440f65c47f7,1773747753766621583,-0.14421007,0.39215016,0.026897907
sensor_gyroscope,7d03ae92-e310-48d7-87b9-8440f65c47f7,1773747753786632000,-0.10692584,0.43476072,0.05139897
sensor_gyroscope,7d03ae92-e310-48d7-87b9-8440f65c47f7,1773747753806676166,-0.013182637,0.22809958,0.053529497
sensor_gyroscope,7d03ae92-e310-48d7-87b9-8440f65c47f7,1773747753826677000,0.029427908,0.16418377,0.067377925
sensor_gyroscope,7d03ae92-e310-48d7-87b9-8440f65c47f7,1773747753846691479,-0.051532127,0.12689953,0.009853689
sensor_gyroscope,7d03ae92-e310-48d7-87b9-8440f65c47f7,1773747753866672052,-0.34221596,0.09187899,-0.024234748
sensor_gyroscope,7d03ae92-e310-48d7-87b9-8440f65c47f7,1773747753886712260,-0.27403906,0.17696692,-0.041278966
sensor_gyroscope,7d03ae92-e310-48d7-87b9-8440f65c47f7,1773747753906696062,-0.062184766,-0.013582111,-0.055127393
sensor_gyroscope,7d03ae92-e310-48d7-87b9-8440f65c47f7,1773747753926741323,0.02410159,-0.19787273,-0.04234423
sensor_gyroscope,7d03ae92-e310-48d7-87b9-8440f65c47f7,1773747753946750489,-0.0046605286,-0.18828535,-0.01571264
sensor_gyroscope,7d03ae92-e310-48d7-87b9-8440f65c47f7,1773747753966762468,0.0017310535,-0.08815057,0.018375797
sensor_gyroscope,7d03ae92-e310-48d7-87b9-8440f65c47f7,1773747753986738354,0.0560595,-0.09773794,0.047137916
sensor_gyroscope,7d03ae92-e310-48d7-87b9-8440f65c47f7,1773747754006781062,0.030493172,-0.12969585,0.05033371
sensor_gyroscope,7d03ae92-e310-48d7-87b9-8440f65c47f7,1773747754026795698,-0.00785632,-0.13182637,0.052464236
sensor_gyroscope,7d03ae92-e310-48d7-87b9-8440f65c47f7,1773747754046770125,0.122105844,-0.18402429,-0.026365275
sensor_gyroscope,7d03ae92-e310-48d7-87b9-8440f65c47f7,1773747754066783510,0.18389113,-0.20959063,-0.095607415
sensor_gyroscope,7d03ae92-e310-48d7-87b9-8440f65c47f7,1773747754086821791,0.16578165,-0.1893506,-0.12756532
sensor_gyroscope,7d03ae92-e310-48d7-87b9-8440f65c47f7,1773747754106804604,0.15832481,-0.19574219,-0.12863058
sensor_gyroscope,7d03ae92-e310-48d7-87b9-8440f65c47f7,1773747754126812260,0.14873743,-0.25646222,-0.11584742
sensor_gyroscope,7d03ae92-e310-48d7-87b9-8440f65c47f7,1773747754146857312,0.10719215,-0.25326642,-0.0870853
sensor_gyroscope,7d03ae92-e310-48d7-87b9-8440f65c47f7,1773747754166868562,0.015579481,-0.23515695,-0.058323186
sensor_gyroscope,7d03ae92-e310-48d7-87b9-8440f65c47f7,1773747754186848146,-0.021704746,-0.22876537,-0.035952646
sensor_gyroscope,7d03ae92-e310-48d7-87b9-8440f65c47f7,1773747754206851791,-0.0046605286,-0.2042643,-0.014647375
sensor_gyroscope,7d03ae92-e310-48d7-87b9-8440f65c47f7,1773747754226899812,0.034754228,-0.08815057,0.0077231615
sensor_gyroscope,7d03ae92-e310-48d7-87b9-8440f65c47f7,1773747754246909916,0.057124764,-0.010386321,0.02476738
sensor_gyroscope,7d03ae92-e310-48d7-87b9-8440f65c47f7,1773747754266923718,0.078430034,-0.026365275,0.03968107
sensor_gyroscope,7d03ae92-e310-48d7-87b9-8440f65c47f7,1773747754286934031,0.07310372,-0.06684529,0.029028434
sensor_gyroscope,7d03ae92-e310-48d7-87b9-8440f65c47f7,1773747754306944552,0.13701953,-0.021038957,0.02157159
sensor_gyroscope,7d03ae92-e310-48d7-87b9-8440f65c47f7,1773747754326948354,-0.103730045,0.17803219,0.0652474
sensor_gyroscope,7d03ae92-e310-48d7-87b9-8440f65c47f7,1773747754346966479,-0.31878015,0.39960703,0.078030564
sensor_gyroscope,7d03ae92-e310-48d7-87b9-8440f65c47f7,1773747754366970698,-0.11225215,0.39960703,0.06418213
sensor_gyroscope,7d03ae92-e310-48d7-87b9-8440f65c47f7,1773747754386981948,-0.04087949,-0.049801074,0.04500739
sensor_gyroscope,7d03ae92-e310-48d7-87b9-8440f65c47f7,1773747754406962937,-0.1932122,-0.25220117,-7.9894776E-4
sensor_gyroscope,7d03ae92-e310-48d7-87b9-8440f65c47f7,1773747754426980854,-0.31558436,-0.005060002,-0.03914844
sensor_gyroscope,7d03ae92-e310-48d7-87b9-8440f65c47f7,1773747754447011166,-0.2932138,0.23023011,-0.08815057
sensor_gyroscope,7d03ae92-e310-48d7-87b9-8440f65c47f7,1773747754467028458,-0.29747486,0.03968107,-0.049801074
sensor_gyroscope,7d03ae92-e310-48d7-87b9-8440f65c47f7,1773747754487040593,-0.123970054,-0.13289164,-0.04447476
sensor_gyroscope,7d03ae92-e310-48d7-87b9-8440f65c47f7,1773747754507021583,0.16897744,0.01944106,-0.029561065
sensor_gyroscope,7d03ae92-e310-48d7-87b9-8440f65c47f7,1773747754527025646,0.36378753,0.24940485,0.03328949
sensor_gyroscope,7d03ae92-e310-48d7-87b9-8440f65c47f7,1773747754547038093,0.3296991,0.4091944,0.0972053
sensor_gyroscope,7d03ae92-e310-48d7-87b9-8440f65c47f7,1773747754567079239,0.2818954,0.3857586,0.0652474
sensor_gyroscope,7d03ae92-e310-48d7-87b9-8440f65c47f7,1773747754587058250,-0.20812589,-7.9894776E-4,0.05672529
sensor_gyroscope,7d03ae92-e310-48d7-87b9-8440f65c47f7,1773747754607104604,-0.4050665,-0.01571264,-0.0018642114
sensor_gyroscope,7d03ae92-e310-48d7-87b9-8440f65c47f7,1773747754627114448,-0.16445008,0.005592634,-0.011451584
sensor_gyroscope,7d03ae92-e310-48d7-87b9-8440f65c47f7,1773747754647091791,0.06245108,0.03968107,0.0077231615
sensor_gyroscope,7d03ae92-e310-48d7-87b9-8440f65c47f7,1773747754667103146,-0.01105211,-0.09028109,0.06418213
sensor_gyroscope,7d03ae92-e310-48d7-87b9-8440f65c47f7,1773747754687142781,-0.0035952649,-0.041278966,0.078030564
sensor_gyroscope,7d03ae92-e310-48d7-87b9-8440f65c47f7,1773747754707125177,0.24461116,0.19401114,0.02476738
sensor_gyroscope,7d03ae92-e310-48d7-87b9-8440f65c47f7,1773747754727135125,0.42131177,0.44221756,0.023702117
sensor_gyroscope,7d03ae92-e310-48d7-87b9-8440f65c47f7,1773747754747175021,0.45753074,0.4645881,0.011984216
sensor_gyroscope,7d03ae92-e310-48d7-87b9-8440f65c47f7,1773747754767188458,0.036884755,0.11318426,0.06311687
sensor_gyroscope,7d03ae92-e310-48d7-87b9-8440f65c47f7,1773747754787165906,-0.23049642,0.20572904,0.03648528
sensor_gyroscope,7d03ae92-e310-48d7-87b9-8440f65c47f7,1773747754807210125,-0.082424775,0.44221756,0.03328949
sensor_gyroscope,7d03ae92-e310-48d7-87b9-8440f65c47f7,1773747754827221635,-0.051532127,0.16951008,0.07590003
sensor_gyroscope,7d03ae92-e310-48d7-87b9-8440f65c47f7,1773747754847236114,-0.0611195,0.04500739,0.06631266
sensor_gyroscope,7d03ae92-e310-48d7-87b9-8440f65c47f7,1773747754867208979,0.079495296,-0.011451584,0.011984216
sensor_gyroscope,7d03ae92-e310-48d7-87b9-8440f65c47f7,1773747754887254500,0.24887222,0.053529497,0.04607265
sensor_gyroscope,7d03ae92-e310-48d7-87b9-8440f65c47f7,1773747754907228771,0.17536902,-0.34700963,-0.028495802
sensor_gyroscope,7d03ae92-e310-48d7-87b9-8440f65c47f7,1773747754927270593,-0.25060326,-0.53542817,-0.073236875
sensor_gyroscope,7d03ae92-e310-48d7-87b9-8440f65c47f7,1773747754947283458,-0.20279956,-0.33422646,-0.12330426
sensor_gyroscope,7d03ae92-e310-48d7-87b9-8440f65c47f7,1773747754967265750,0.044341598,-0.31079066,-0.10093373
sensor_gyroscope,7d03ae92-e310-48d7-87b9-8440f65c47f7,1773747754987273354,-0.1431448,-0.45659864,-0.13715269
sensor_gyroscope,7d03ae92-e310-48d7-87b9-8440f65c47f7,1773747755007316375,-0.44767705,-0.32890016,-0.13715269
sensor_gyroscope,7d03ae92-e310-48d7-87b9-8440f65c47f7,1773747755027295750,-0.33262858,-0.06897582,-0.07430214
sensor_gyroscope,7d03ae92-e310-48d7-87b9-8440f65c47f7,1773747755047304760,0.014514217,0.12263848,-0.0018642114
sensor_gyroscope,7d03ae92-e310-48d7-87b9-8440f65c47f7,1773747755067348093,0.26272064,0.26218802,0.087617934
sensor_gyroscope,7d03ae92-e310-48d7-87b9-8440f65c47f7,1773747755087359291,0.14234586,0.03648528,0.03328949
sensor_gyroscope,7d03ae92-e310-48d7-87b9-8440f65c47f7,1773747755107371843,-0.1548627,0.09827057,0.014114743
sensor_gyroscope,7d03ae92-e310-48d7-87b9-8440f65c47f7,1773747755127378875,-0.15273218,0.2334259,-0.026365275
sensor_gyroscope,7d03ae92-e310-48d7-87b9-8440f65c47f7,1773747755147393146,-0.06538056,0.030093698,-0.023169484
sensor_gyroscope,7d03ae92-e310-48d7-87b9-8440f65c47f7,1773747755167402521,0.014514217,-0.19361167,2.663159E-4
sensor_gyroscope,7d03ae92-e310-48d7-87b9-8440f65c47f7,1773747755187384291,0.06671213,-0.28202856,0.037550543
sensor_gyroscope,7d03ae92-e310-48d7-87b9-8440f65c47f7,1773747755207428041,0.068842664,-0.24261379,0.10359689
sensor_gyroscope,7d03ae92-e310-48d7-87b9-8440f65c47f7,1773747755227438875,-0.005725792,-0.16165376,0.16431692
sensor_gyroscope,7d03ae92-e310-48d7-87b9-8440f65c47f7,1773747755247415854,-0.0046605286,-0.07962846,0.14940323
sensor_gyroscope,7d03ae92-e310-48d7-87b9-8440f65c47f7,1773747755267424291,0.099735305,-0.0039947387,0.042876862
sensor_gyroscope,7d03ae92-e310-48d7-87b9-8440f65c47f7,1773747755287468979,0.08269109,0.13116059,-0.03914844
sensor_gyroscope,7d03ae92-e310-48d7-87b9-8440f65c47f7,1773747755307475073,0.021971062,0.1364869,-0.035952646
sensor_gyroscope,7d03ae92-e310-48d7-87b9-8440f65c47f7,1773747755327489291,-0.0046605286,0.1396827,-0.03382212
sensor_gyroscope,7d03ae92-e310-48d7-87b9-8440f65c47f7,1773747755347499135,-0.06857634,0.10998847,-0.023169484
sensor_gyroscope,7d03ae92-e310-48d7-87b9-8440f65c47f7,1773747755367482937,-0.10266478,0.009853689,0.0023968432
sensor_gyroscope,7d03ae92-e310-48d7-87b9-8440f65c47f7,1773747755387488562,-0.052597392,-0.1254348,0.0077231615
sensor_gyroscope,7d03ae92-e310-48d7-87b9-8440f65c47f7,1773747755407502468,0.01238369,-0.12650006,0.0013315795
sensor_gyroscope,7d03ae92-e310-48d7-87b9-8440f65c47f7,1773747755427521010,0.011318427,-0.07217161,0.005592634
sensor_gyroscope,7d03ae92-e310-48d7-87b9-8440f65c47f7,1773747755447522937,-0.04620581,0.0045273704,0.026897907
sensor_gyroscope,7d03ae92-e310-48d7-87b9-8440f65c47f7,1773747755467567573,-0.0494016,0.21318589,0.06311687
sensor_gyroscope,7d03ae92-e310-48d7-87b9-8440f65c47f7,1773747755487543041,-0.071772136,0.2802975,0.053529497
sensor_gyroscope,7d03ae92-e310-48d7-87b9-8440f65c47f7,1773747755507552312,-0.045140546,0.26005748,0.029028434
sensor_gyroscope,7d03ae92-e310-48d7-87b9-8440f65c47f7,1773747755527595073,-0.10159952,0.011984216,0.0023968432
sensor_gyroscope,7d03ae92-e310-48d7-87b9-8440f65c47f7,1773747755547605646,-0.123970054,-0.093476884,-0.012516848
sensor_gyroscope,7d03ae92-e310-48d7-87b9-8440f65c47f7,1773747755567618146,-0.005725792,-0.093476884,-0.059388448
sensor_gyroscope,7d03ae92-e310-48d7-87b9-8440f65c47f7,1773747755587595593,0.14554164,-0.10199899,-0.10945584
sensor_gyroscope,7d03ae92-e310-48d7-87b9-8440f65c47f7,1773747755607634760,0.031558435,-0.15952323,-0.047670547
sensor_gyroscope,7d03ae92-e310-48d7-87b9-8440f65c47f7,1773747755627616427,-0.21132168,-0.038083173,0.018375797
sensor_gyroscope,7d03ae92-e310-48d7-87b9-8440f65c47f7,1773747755647665437,-0.33688962,0.14394376,-0.027430538
sensor_gyroscope,7d03ae92-e310-48d7-87b9-8440f65c47f7,1773747755667670593,-0.17936377,0.12263848,-0.010386321
sensor_gyroscope,7d03ae92-e310-48d7-87b9-8440f65c47f7,1773747755687648093,0.07629951,-0.11904321,-0.0061252657
sensor_gyroscope,7d03ae92-e310-48d7-87b9-8440f65c47f7,1773747755707695333,0.18602167,-0.06578003,0.05139897
sensor_gyroscope,7d03ae92-e310-48d7-87b9-8440f65c47f7,1773747755727705229,0.14767218,0.07057372,0.058855817
sensor_gyroscope,7d03ae92-e310-48d7-87b9-8440f65c47f7,1773747755747716948,0.04114581,0.14287849,0.026897907
sensor_gyroscope,7d03ae92-e310-48d7-87b9-8440f65c47f7,1773747755767721531,-0.23795326,-0.0519316,0.0077231615
sensor_gyroscope,7d03ae92-e310-48d7-87b9-8440f65c47f7,1773747755787738875,-0.26871276,0.053529497,-0.008255793
sensor_gyroscope,7d03ae92-e310-48d7-87b9-8440f65c47f7,1773747755807748666,-0.07390267,0.11638005,-0.028495802
sensor_gyroscope,7d03ae92-e310-48d7-87b9-8440f65c47f7,1773747755827757989,6.6578976E-4,-0.06897582,-0.027430538
sensor_gyroscope,7d03ae92-e310-48d7-87b9-8440f65c47f7,1773747755847778458,0.040080544,-0.10199899,-0.035952646
sensor_gyroscope,7d03ae92-e310-48d7-87b9-8440f65c47f7,1773747755867747885,0.13275848,0.0109189525,-0.05619266
sensor_gyroscope,7d03ae92-e310-48d7-87b9-8440f65c47f7,1773747755887756791,0.1732385,0.08335688,-0.05086634
sensor_gyroscope,7d03ae92-e310-48d7-87b9-8440f65c47f7,1773747755907803718,0.112518474,0.14500901,0.009853689
sensor_gyroscope,7d03ae92-e310-48d7-87b9-8440f65c47f7,1773747755927778510,0.07416898,0.13329111,0.08122636
sensor_gyroscope,7d03ae92-e310-48d7-87b9-8440f65c47f7,1773747755947818771,0.13595428,0.054594763,0.07483477
sensor_gyroscope,7d03ae92-e310-48d7-87b9-8440f65c47f7,1773747755967835333,-0.11225215,-0.18722008,0.025832644
sensor_gyroscope,7d03ae92-e310-48d7-87b9-8440f65c47f7,1773747755987809135,-0.15699323,0.055660024,-0.04234423
sensor_gyroscope,7d03ae92-e310-48d7-87b9-8440f65c47f7,1773747756007849031,0.044341598,-0.083889514,-0.06684529
sensor_gyroscope,7d03ae92-e310-48d7-87b9-8440f65c47f7,1773747756027866479,0.22224063,-0.486426,-0.08175898
sensor_gyroscope,7d03ae92-e310-48d7-87b9-8440f65c47f7,1773747756047886271,0.10932268,-0.2894854,-0.029561065
sensor_gyroscope,7d03ae92-e310-48d7-87b9-8440f65c47f7,1773747756067885958,-0.18255955,0.1982722,0.015180007
sensor_gyroscope,7d03ae92-e310-48d7-87b9-8440f65c47f7,1773747756087894552,-0.19960378,0.3218428,0.02796317
sensor_gyroscope,7d03ae92-e310-48d7-87b9-8440f65c47f7,1773747756107900593,-0.07603319,0.10359689,0.0077231615
sensor_gyroscope,7d03ae92-e310-48d7-87b9-8440f65c47f7,1773747756127914291,-0.03448791,-0.063649505,0.07163898
sensor_gyroscope,7d03ae92-e310-48d7-87b9-8440f65c47f7,1773747756147898093,-0.12183953,-0.062584236,0.03328949
sensor_gyroscope,7d03ae92-e310-48d7-87b9-8440f65c47f7,1773747756167941271,-0.24314642,0.037550543,0.0023968432
sensor_gyroscope,7d03ae92-e310-48d7-87b9-8440f65c47f7,1773747756187919500,-0.26551697,0.18868482,0.0109189525
sensor_gyroscope,7d03ae92-e310-48d7-87b9-8440f65c47f7,1773747756207960541,-0.15379743,0.18442377,0.03328949
sensor_gyroscope,7d03ae92-e310-48d7-87b9-8440f65c47f7,1773747756227947416,0.049667917,0.099335834,0.042876862
sensor_gyroscope,7d03ae92-e310-48d7-87b9-8440f65c47f7,1773747756247965646,0.1615206,0.030093698,0.047137916
sensor_gyroscope,7d03ae92-e310-48d7-87b9-8440f65c47f7,1773747756267962156,0.24035011,-0.029561065,0.022636853
sensor_gyroscope,7d03ae92-e310-48d7-87b9-8440f65c47f7,1773747756287976791,0.24461116,-0.09773794,-0.009321057
sensor_gyroscope,7d03ae92-e310-48d7-87b9-8440f65c47f7,1773747756307984239,0.15193322,-0.084954776,-0.027430538
sensor_gyroscope,7d03ae92-e310-48d7-87b9-8440f65c47f7,1773747756328021479,0.27976486,-0.18189377,0.0087884255
sensor_gyroscope,7d03ae92-e310-48d7-87b9-8440f65c47f7,1773747756348037937,0.28615645,-0.06471477,0.03328949
sensor_gyroscope,7d03ae92-e310-48d7-87b9-8440f65c47f7,1773747756368048041,0.12849742,0.1514006,0.043942124
sensor_gyroscope,7d03ae92-e310-48d7-87b9-8440f65c47f7,1773747756388054187,-0.01105211,0.31332067,0.026897907
sensor_gyroscope,7d03ae92-e310-48d7-87b9-8440f65c47f7,1773747756408068250,-0.092012145,0.22064273,0.026897907
sensor_gyroscope,7d03ae92-e310-48d7-87b9-8440f65c47f7,1773747756428052416,0.08482162,-0.075367406,-0.014647375
sensor_gyroscope,7d03ae92-e310-48d7-87b9-8440f65c47f7,1773747756448090489,0.1764343,-0.22663485,-0.05619266
sensor_gyroscope,7d03ae92-e310-48d7-87b9-8440f65c47f7,1773747756468102833,0.13169321,-0.04447476,-0.032756858
sensor_gyroscope,7d03ae92-e310-48d7-87b9-8440f65c47f7,1773747756488115125,0.22863221,-0.023169484,-0.03062633
sensor_gyroscope,7d03ae92-e310-48d7-87b9-8440f65c47f7,1773747756508102468,0.15512902,-0.1808285,-0.026365275
sensor_gyroscope,7d03ae92-e310-48d7-87b9-8440f65c47f7,1773747756528135073,-0.018508956,-0.17337166,-0.103064254
sensor_gyroscope,7d03ae92-e310-48d7-87b9-8440f65c47f7,1773747756548146323,0.080560565,0.11531479,-0.15632744
sensor_gyroscope,7d03ae92-e310-48d7-87b9-8440f65c47f7,1773747756568123875,0.1849564,0.12903006,-0.07430214
sensor_gyroscope,7d03ae92-e310-48d7-87b9-8440f65c47f7,1773747756588141375,0.13701953,-0.06471477,0.006657898
sensor_gyroscope,7d03ae92-e310-48d7-87b9-8440f65c47f7,1773747756608172052,0.0326237,-0.18295904,0.029028434
sensor_gyroscope,7d03ae92-e310-48d7-87b9-8440f65c47f7,1773747756628156948,-0.13249217,-0.14993586,0.062051605
sensor_gyroscope,7d03ae92-e310-48d7-87b9-8440f65c47f7,1773747756648163406,-0.32730225,-0.05725792,0.08229162
sensor_gyroscope,7d03ae92-e310-48d7-87b9-8440f65c47f7,1773747756668212416,-0.4221107,-0.06684529,0.14407691
sensor_gyroscope,7d03ae92-e310-48d7-87b9-8440f65c47f7,1773747756688189239,-0.3986749,-0.094542146,0.15046848
sensor_gyroscope,7d03ae92-e310-48d7-87b9-8440f65c47f7,1773747756708204291,-0.38056543,-0.075367406,0.122771636
sensor_gyroscope,7d03ae92-e310-48d7-87b9-8440f65c47f7,1773747756728244760,-0.33262858,-0.010386321,0.111053735
sensor_gyroscope,7d03ae92-e310-48d7-87b9-8440f65c47f7,1773747756748220489,-0.25806013,0.06311687,0.08016109
sensor_gyroscope,7d03ae92-e310-48d7-87b9-8440f65c47f7,1773747756768233771,-0.17723323,0.14394376,0.062051605
sensor_gyroscope,7d03ae92-e310-48d7-87b9-8440f65c47f7,1773747756788247104,-0.14527532,0.20785956,0.05139897
sensor_gyroscope,7d03ae92-e310-48d7-87b9-8440f65c47f7,1773747756808255906,-0.15592797,0.13009532,0.03648528
sensor_gyroscope,7d03ae92-e310-48d7-87b9-8440f65c47f7,1773747756828263927,-0.13994901,0.01944106,0.042876862
sensor_gyroscope,7d03ae92-e310-48d7-87b9-8440f65c47f7,1773747756848269708,-0.06325003,-0.073236875,0.029028434
sensor_gyroscope,7d03ae92-e310-48d7-87b9-8440f65c47f7,1773747756868318041,0.015579481,-0.15313165,0.020506324
sensor_gyroscope,7d03ae92-e310-48d7-87b9-8440f65c47f7,1773747756888330802,0.06671213,-0.15526217,0.009853689
sensor_gyroscope,7d03ae92-e310-48d7-87b9-8440f65c47f7,1773747756908335698,0.14128059,-0.13715269,-0.02210422
sensor_gyroscope,7d03ae92-e310-48d7-87b9-8440f65c47f7,1773747756928348927,0.14873743,-0.14460954,-0.027430538
sensor_gyroscope,7d03ae92-e310-48d7-87b9-8440f65c47f7,1773747756948327885,0.08482162,-0.1105211,-0.02210422
sensor_gyroscope,7d03ae92-e310-48d7-87b9-8440f65c47f7,1773747756968367677,0.029427908,-0.04554002,-7.9894776E-4
sensor_gyroscope,7d03ae92-e310-48d7-87b9-8440f65c47f7,1773747756988349343,0.0070573715,-0.012516848,0.017310534
sensor_gyroscope,7d03ae92-e310-48d7-87b9-8440f65c47f7,1773747757008362000,0.009187899,-0.005060002,0.025832644
sensor_gyroscope,7d03ae92-e310-48d7-87b9-8440f65c47f7,1773747757028370021,0.07416898,-0.005060002,0.005592634
sensor_gyroscope,7d03ae92-e310-48d7-87b9-8440f65c47f7,1773747757048402781,0.12743217,-0.013582111,-0.026365275
sensor_gyroscope,7d03ae92-e310-48d7-87b9-8440f65c47f7,1773747757068427729,0.1498027,0.01624527,-0.047670547
sensor_gyroscope,7d03ae92-e310-48d7-87b9-8440f65c47f7,1773747757088427521,0.16578165,0.058855817,-0.048735812
sensor_gyroscope,7d03ae92-e310-48d7-87b9-8440f65c47f7,1773747757108414291,0.16045533,0.067377925,-0.035952646
sensor_gyroscope,7d03ae92-e310-48d7-87b9-8440f65c47f7,1773747757128423562,0.16045533,0.078030564,-0.017843166
sensor_gyroscope,7d03ae92-e310-48d7-87b9-8440f65c47f7,1773747757148437104,0.15619428,0.07376951,-0.005060002
sensor_gyroscope,7d03ae92-e310-48d7-87b9-8440f65c47f7,1773747757168480750,0.10932268,0.014114743,0.0023968432
sensor_gyroscope,7d03ae92-e310-48d7-87b9-8440f65c47f7,1773747757188457989,0.058190025,-0.002929475,0.014114743
sensor_gyroscope,7d03ae92-e310-48d7-87b9-8440f65c47f7,1773747757208464656,0.051798444,0.026897907,0.014114743
sensor_gyroscope,7d03ae92-e310-48d7-87b9-8440f65c47f7,1773747757228513875,0.06245108,0.0109189525,0.0087884255
sensor_gyroscope,7d03ae92-e310-48d7-87b9-8440f65c47f7,1773747757248478771,0.08588688,0.005592634,-0.0039947387
sensor_gyroscope,7d03ae92-e310-48d7-87b9-8440f65c47f7,1773747757268529708,0.07523424,0.023702117,-0.008255793
sensor_gyroscope,7d03ae92-e310-48d7-87b9-8440f65c47f7,1773747757288509604,0.025166854,-0.005060002,-7.9894776E-4
sensor_gyroscope,7d03ae92-e310-48d7-87b9-8440f65c47f7,1773747757308533250,-0.00785632,-0.016777903,0.005592634
sensor_gyroscope,7d03ae92-e310-48d7-87b9-8440f65c47f7,1773747757328562156,0.020905798,0.06418213,0.014114743
sensor_gyroscope,7d03ae92-e310-48d7-87b9-8440f65c47f7,1773747757348574656,0.037950017,0.10679268,-7.9894776E-4
sensor_gyroscope,7d03ae92-e310-48d7-87b9-8440f65c47f7,1773747757368584135,-0.080294244,-0.017843166,-0.029561065
sensor_gyroscope,7d03ae92-e310-48d7-87b9-8440f65c47f7,1773747757388600281,-0.1932122,0.05033371,-0.028495802
sensor_gyroscope,7d03ae92-e310-48d7-87b9-8440f65c47f7,1773747757408603458,-0.14101428,0.10998847,-0.029561065
sensor_gyroscope,7d03ae92-e310-48d7-87b9-8440f65c47f7,1773747757428592312,-0.09520794,-0.019973693,0.006657898
sensor_gyroscope,7d03ae92-e310-48d7-87b9-8440f65c47f7,1773747757448585229,-0.058988973,-0.2042643,0.030093698
sensor_gyroscope,7d03ae92-e310-48d7-87b9-8440f65c47f7,1773747757468607677,0.07097319,-0.1573927,-0.002929475
sensor_gyroscope,7d03ae92-e310-48d7-87b9-8440f65c47f7,1773747757488646896,0.16045533,-0.14141375,-0.06684529
sensor_gyroscope,7d03ae92-e310-48d7-87b9-8440f65c47f7,1773747757508659135,0.11038794,-0.12010848,-0.075367406
sensor_gyroscope,7d03ae92-e310-48d7-87b9-8440f65c47f7,1773747757528668927,0.100800574,-0.14141375,-0.04234423
sensor_gyroscope,7d03ae92-e310-48d7-87b9-8440f65c47f7,1773747757548684552,0.10825742,-0.07217161,-0.0039947387
sensor_gyroscope,7d03ae92-e310-48d7-87b9-8440f65c47f7,1773747757568687677,-0.07603319,0.14927007,0.02796317
sensor_gyroscope,7d03ae92-e310-48d7-87b9-8440f65c47f7,1773747757588702729,-0.12716585,0.19401114,0.037550543
sensor_gyroscope,7d03ae92-e310-48d7-87b9-8440f65c47f7,1773747757608709708,0.009187899,0.015180007,0.025832644
sensor_gyroscope,7d03ae92-e310-48d7-87b9-8440f65c47f7,1773747757628727052,0.07629951,-0.20319904,-0.031691592
sensor_gyroscope,7d03ae92-e310-48d7-87b9-8440f65c47f7,1773747757648715489,-0.05472792,-0.15952323,-0.054062128
sensor_gyroscope,7d03ae92-e310-48d7-87b9-8440f65c47f7,1773747757668748510,-0.1782985,0.018375797,-0.058323186
sensor_gyroscope,7d03ae92-e310-48d7-87b9-8440f65c47f7,1773747757688754239,-0.15166691,0.16737954,-0.027430538
sensor_gyroscope,7d03ae92-e310-48d7-87b9-8440f65c47f7,1773747757708738093,0.011318427,0.18548903,-0.012516848
sensor_gyroscope,7d03ae92-e310-48d7-87b9-8440f65c47f7,1773747757728777156,0.14021532,-0.11158637,-0.021038957
sensor_gyroscope,7d03ae92-e310-48d7-87b9-8440f65c47f7,1773747757748788562,0.30413276,-0.53223234,-0.05725792
sensor_gyroscope,7d03ae92-e310-48d7-87b9-8440f65c47f7,1773747757768802468,0.1498027,0.0652474,0.037550543
sensor_gyroscope,7d03ae92-e310-48d7-87b9-8440f65c47f7,1773747757788814760,-0.114382684,0.5146555,0.089748465
sensor_gyroscope,7d03ae92-e310-48d7-87b9-8440f65c47f7,1773747757808820489,0.028362645,0.45393547,0.017310534
sensor_gyroscope,7d03ae92-e310-48d7-87b9-8440f65c47f7,1773747757828834708,-0.1346227,-0.17017587,-0.0071905297
sensor_gyroscope,7d03ae92-e310-48d7-87b9-8440f65c47f7,1773747757848817833,-0.11757848,-0.28202856,-0.07430214
sensor_gyroscope,7d03ae92-e310-48d7-87b9-8440f65c47f7,1773747757868856062,-0.06644582,-0.09667268,-0.11797795
sensor_gyroscope,7d03ae92-e310-48d7-87b9-8440f65c47f7,1773747757888863406,-0.18895113,-0.18508956,-0.08069372
sensor_gyroscope,7d03ae92-e310-48d7-87b9-8440f65c47f7,1773747757908878458,-0.32730225,-0.19787273,-0.093476884
sensor_gyroscope,7d03ae92-e310-48d7-87b9-8440f65c47f7,1773747757928886114,-0.249538,0.17377113,-0.023169484
sensor_gyroscope,7d03ae92-e310-48d7-87b9-8440f65c47f7,1773747757948894968,0.034754228,0.36658385,0.003462107
sensor_gyroscope,7d03ae92-e310-48d7-87b9-8440f65c47f7,1773747757968905646,0.1849564,0.38469332,0.047137916
sensor_gyroscope,7d03ae92-e310-48d7-87b9-8440f65c47f7,1773747757988917781,0.30200225,0.006657898,0.0087884255
sensor_gyroscope,7d03ae92-e310-48d7-87b9-8440f65c47f7,1773747758008927729,-0.11331742,-0.30226856,-0.02210422
sensor_gyroscope,7d03ae92-e310-48d7-87b9-8440f65c47f7,1773747758028945281,-0.28469172,-0.13715269,-0.05086634
sensor_gyroscope,7d03ae92-e310-48d7-87b9-8440f65c47f7,1773747758048920854,-0.14527532,-0.116912685,-0.09241162
sensor_gyroscope,7d03ae92-e310-48d7-87b9-8440f65c47f7,1773747758068963250,0.02410159,-0.24687485,-0.07962846
sensor_gyroscope,7d03ae92-e310-48d7-87b9-8440f65c47f7,1773747758088971271,0.13595428,-0.22983064,-0.043409493
sensor_gyroscope,7d03ae92-e310-48d7-87b9-8440f65c47f7,1773747758108981687,0.20519641,-0.21491694,-0.0039947387
sensor_gyroscope,7d03ae92-e310-48d7-87b9-8440f65c47f7,1773747758128999343,0.18282588,-0.19787273,0.05672529
sensor_gyroscope,7d03ae92-e310-48d7-87b9-8440f65c47f7,1773747758149004239,0.08908267,-0.06791056,0.11638005
sensor_gyroscope,7d03ae92-e310-48d7-87b9-8440f65c47f7,1773747758169018614,-0.11331742,0.20359851,0.12809795
sensor_gyroscope,7d03ae92-e310-48d7-87b9-8440f65c47f7,1773747758189026843,-0.10905637,0.32610384,0.043942124
sensor_gyroscope,7d03ae92-e310-48d7-87b9-8440f65c47f7,1773747758209039916,0.023036325,0.20253325,0.02476738
sensor_gyroscope,7d03ae92-e310-48d7-87b9-8440f65c47f7,1773747758229049812,0.1380848,0.090813726,0.01304948
sensor_gyroscope,7d03ae92-e310-48d7-87b9-8440f65c47f7,1773747758249048927,0.20093535,0.16098797,-0.008255793
sensor_gyroscope,7d03ae92-e310-48d7-87b9-8440f65c47f7,1773747758269076375,0.0049268445,0.02157159,-0.005060002
sensor_gyroscope,7d03ae92-e310-48d7-87b9-8440f65c47f7,1773747758289082416,-0.2559296,-0.122239,-0.01890843
sensor_gyroscope,7d03ae92-e310-48d7-87b9-8440f65c47f7,1773747758309063198,-0.30386645,0.07270424,-0.05619266
sensor_gyroscope,7d03ae92-e310-48d7-87b9-8440f65c47f7,1773747758329070593,-0.16231954,0.2366217,-0.05086634
sensor_gyroscope,7d03ae92-e310-48d7-87b9-8440f65c47f7,1773747758349110698,-0.13781849,-0.016777903,-0.005060002
sensor_gyroscope,7d03ae92-e310-48d7-87b9-8440f65c47f7,1773747758369091218,-0.005725792,-0.15100113,-0.03701791
sensor_gyroscope,7d03ae92-e310-48d7-87b9-8440f65c47f7,1773747758389108198,0.24141537,0.09187899,-0.08069372
sensor_gyroscope,7d03ae92-e310-48d7-87b9-8440f65c47f7,1773747758409115593,0.14873743,0.13755217,-0.0071905297
sensor_gyroscope,7d03ae92-e310-48d7-87b9-8440f65c47f7,1773747758429141166,0.027297381,0.06844319,0.08016109
sensor_gyroscope,7d03ae92-e310-48d7-87b9-8440f65c47f7,1773747758449141062,0.0049268445,0.018375797,0.09614004
sensor_gyroscope,7d03ae92-e310-48d7-87b9-8440f65c47f7,1773747758469144708,0.099735305,0.14500901,0.076965295
sensor_gyroscope,7d03ae92-e310-48d7-87b9-8440f65c47f7,1773747758489188041,0.31691593,0.14394376,-0.0039947387
sensor_gyroscope,7d03ae92-e310-48d7-87b9-8440f65c47f7,1773747758509197260,-0.014247901,-0.09241162,-0.009321057
sensor_gyroscope,7d03ae92-e310-48d7-87b9-8440f65c47f7,1773747758529178250,-0.27830014,-0.07217161,-0.07217161
sensor_gyroscope,7d03ae92-e310-48d7-87b9-8440f65c47f7,1773747758549221427,-0.1697764,0.05779055,-0.063649505
sensor_gyroscope,7d03ae92-e310-48d7-87b9-8440f65c47f7,1773747758569198875,0.10612689,0.018375797,-0.005060002
sensor_gyroscope,7d03ae92-e310-48d7-87b9-8440f65c47f7,1773747758589210646,0.111453205,-0.15206638,-0.052996866
sensor_gyroscope,7d03ae92-e310-48d7-87b9-8440f65c47f7,1773747758609240541,-0.07496793,-0.07962846,-0.071106344
sensor_gyroscope,7d03ae92-e310-48d7-87b9-8440f65c47f7,1773747758629241791,-0.06538056,0.07163898,-0.054062128
sensor_gyroscope,7d03ae92-e310-48d7-87b9-8440f65c47f7,1773747758649245489,-0.030226856,0.11851058,-0.002929475
sensor_gyroscope,7d03ae92-e310-48d7-87b9-8440f65c47f7,1773747758669259968,0.028362645,0.19294588,0.062051605
sensor_gyroscope,7d03ae92-e310-48d7-87b9-8440f65c47f7,1773747758689295437,0.08482162,0.14607428,0.05139897
sensor_gyroscope,7d03ae92-e310-48d7-87b9-8440f65c47f7,1773747758709278354,-0.002530001,-0.094542146,-0.0061252657
sensor_gyroscope,7d03ae92-e310-48d7-87b9-8440f65c47f7,1773747758729318354,-0.17403744,-0.0071905297,-0.0018642114
sensor_gyroscope,7d03ae92-e310-48d7-87b9-8440f65c47f7,1773747758749329552,-0.15699323,0.06311687,-0.016777903
sensor_gyroscope,7d03ae92-e310-48d7-87b9-8440f65c47f7,1773747758769340177,-0.06751108,-0.005060002,-0.02210422
sensor_gyroscope,7d03ae92-e310-48d7-87b9-8440f65c47f7,1773747758789350541,0.02410159,-0.073236875,0.0087884255
sensor_gyroscope,7d03ae92-e310-48d7-87b9-8440f65c47f7,1773747758809333146,0.07203846,-0.052996866,0.02796317
sensor_gyroscope,7d03ae92-e310-48d7-87b9-8440f65c47f7,1773747758829341531,0.09334373,-0.073236875,0.043942124
sensor_gyroscope,7d03ae92-e310-48d7-87b9-8440f65c47f7,1773747758849351791,0.15619428,-0.2660496,0.03968107
sensor_gyroscope,7d03ae92-e310-48d7-87b9-8440f65c47f7,1773747758869364500,0.031558435,-0.10093373,0.10785794
sensor_gyroscope,7d03ae92-e310-48d7-87b9-8440f65c47f7,1773747758889405593,0.008122635,0.19614168,0.076965295
sensor_gyroscope,7d03ae92-e310-48d7-87b9-8440f65c47f7,1773747758909417364,0.04114581,0.19614168,0.0013315795
sensor_gyroscope,7d03ae92-e310-48d7-87b9-8440f65c47f7,1773747758929423041,0.06245108,0.053529497,-0.021038957
sensor_gyroscope,7d03ae92-e310-48d7-87b9-8440f65c47f7,1773747758949437156,0.05286371,-0.0870853,-0.032756858
sensor_gyroscope,7d03ae92-e310-48d7-87b9-8440f65c47f7,1773747758969451843,-0.045140546,-0.023169484,-0.012516848
sensor_gyroscope,7d03ae92-e310-48d7-87b9-8440f65c47f7,1773747758989462937,-0.031292118,0.10785794,0.0087884255
sensor_gyroscope,7d03ae92-e310-48d7-87b9-8440f65c47f7,1773747759009443614,-0.08349004,-0.116912685,0.03648528
sensor_gyroscope,7d03ae92-e310-48d7-87b9-8440f65c47f7,1773747759029482729,-0.15379743,-0.17337166,-0.021038957
sensor_gyroscope,7d03ae92-e310-48d7-87b9-8440f65c47f7,1773747759049482989,-0.06857634,0.08442214,-0.07430214
sensor_gyroscope,7d03ae92-e310-48d7-87b9-8440f65c47f7,1773747759069507833,0.011318427,0.087617934,-0.05725792
sensor_gyroscope,7d03ae92-e310-48d7-87b9-8440f65c47f7,1773747759089516896,-0.08988162,-0.13608743,-0.040213704
sensor_gyroscope,7d03ae92-e310-48d7-87b9-8440f65c47f7,1773747759109501791,0.0017310535,-0.15100113,-0.07749793
sensor_gyroscope,7d03ae92-e310-48d7-87b9-8440f65c47f7,1773747759129538302,0.06458161,-0.11158637,-0.14034848
sensor_gyroscope,7d03ae92-e310-48d7-87b9-8440f65c47f7,1773747759149512260,-0.11331742,0.09187899,-0.05619266
sensor_gyroscope,7d03ae92-e310-48d7-87b9-8440f65c47f7,1773747759169523250,-0.24208117,0.16205323,0.034354754
sensor_gyroscope,7d03ae92-e310-48d7-87b9-8440f65c47f7,1773747759189570698,-0.20706062,0.23768695,0.08016109
sensor_gyroscope,7d03ae92-e310-48d7-87b9-8440f65c47f7,1773747759209544187,0.06351634,0.124769,0.041811597
sensor_gyroscope,7d03ae92-e310-48d7-87b9-8440f65c47f7,1773747759229557416,-0.04620581,-0.1254348,0.003462107
sensor_gyroscope,7d03ae92-e310-48d7-87b9-8440f65c47f7,1773747759249581583,-0.216648,0.014114743,-0.019973693
sensor_gyroscope,7d03ae92-e310-48d7-87b9-8440f65c47f7,1773747759269612052,-0.21025641,0.08016109,-0.05086634
sensor_gyroscope,7d03ae92-e310-48d7-87b9-8440f65c47f7,1773747759289617885,-0.014247901,-0.014647375,-0.047670547
sensor_gyroscope,7d03ae92-e310-48d7-87b9-8440f65c47f7,1773747759309631427,0.20093535,-0.1254348,-0.024234748
sensor_gyroscope,7d03ae92-e310-48d7-87b9-8440f65c47f7,1773747759329646166,0.23928484,-0.18722008,0.018375797
sensor_gyroscope,7d03ae92-e310-48d7-87b9-8440f65c47f7,1773747759349656635,0.04114581,-0.12969585,0.112119
sensor_gyroscope,7d03ae92-e310-48d7-87b9-8440f65c47f7,1773747759369663354,-0.16018902,-0.058323186,0.20479694
sensor_gyroscope,7d03ae92-e310-48d7-87b9-8440f65c47f7,1773747759389675646,0.05392897,-0.07962846,0.14620744
sensor_gyroscope,7d03ae92-e310-48d7-87b9-8440f65c47f7,1773747759409682885,0.34567806,0.16844481,0.09827057
sensor_gyroscope,7d03ae92-e310-48d7-87b9-8440f65c47f7,1773747759429672260,0.29880646,0.22809958,0.090813726
sensor_gyroscope,7d03ae92-e310-48d7-87b9-8440f65c47f7,1773747759449670229,0.10932268,0.1396827,0.038615808
sensor_gyroscope,7d03ae92-e310-48d7-87b9-8440f65c47f7,1773747759469722729,-0.03981423,0.09827057,-0.023169484
sensor_gyroscope,7d03ae92-e310-48d7-87b9-8440f65c47f7,1773747759489729708,-0.24421169,-0.13395691,-0.017843166
sensor_gyroscope,7d03ae92-e310-48d7-87b9-8440f65c47f7,1773747759509739760,-0.28469172,-0.18828535,-0.03914844
sensor_gyroscope,7d03ae92-e310-48d7-87b9-8440f65c47f7,1773747759529750802,-0.07922898,0.035420015,-0.0870853
sensor_gyroscope,7d03ae92-e310-48d7-87b9-8440f65c47f7,1773747759549761687,0.07416898,0.18122798,-0.07430214
sensor_gyroscope,7d03ae92-e310-48d7-87b9-8440f65c47f7,1773747759569775229,0.008122635,0.08655267,-0.029561065
sensor_gyroscope,7d03ae92-e310-48d7-87b9-8440f65c47f7,1773747759589786323,-0.016378429,-0.17017587,-0.019973693
sensor_gyroscope,7d03ae92-e310-48d7-87b9-8440f65c47f7,1773747759609790177,0.057124764,-0.3129212,-0.014647375
sensor_gyroscope,7d03ae92-e310-48d7-87b9-8440f65c47f7,1773747759629778458,0.111453205,-0.13182637,0.01304948
sensor_gyroscope,7d03ae92-e310-48d7-87b9-8440f65c47f7,1773747759649792521,0.092278466,0.07483477,0.035420015
sensor_gyroscope,7d03ae92-e310-48d7-87b9-8440f65c47f7,1773747759669793354,0.112518474,0.23875222,0.053529497
sensor_gyroscope,7d03ae92-e310-48d7-87b9-8440f65c47f7,1773747759689840646,0.05925529,0.08548741,-0.0071905297
sensor_gyroscope,7d03ae92-e310-48d7-87b9-8440f65c47f7,1773747759709839500,-0.1932122,-0.16165376,-0.013582111
sensor_gyroscope,7d03ae92-e310-48d7-87b9-8440f65c47f7,1773747759729863406,-0.249538,-0.09986847,-0.052996866
sensor_gyroscope,7d03ae92-e310-48d7-87b9-8440f65c47f7,1773747759749867625,-0.11331742,0.087617934,-0.07856319
sensor_gyroscope,7d03ae92-e310-48d7-87b9-8440f65c47f7,1773747759769884760,0.04753739,0.08229162,-0.032756858
sensor_gyroscope,7d03ae92-e310-48d7-87b9-8440f65c47f7,1773747759789894396,0.043276336,-0.05619266,0.0077231615
sensor_gyroscope,7d03ae92-e310-48d7-87b9-8440f65c47f7,1773747759809875437,0.016644744,-0.18189377,0.003462107
sensor_gyroscope,7d03ae92-e310-48d7-87b9-8440f65c47f7,1773747759829884500,0.08801741,-0.049801074,-0.027430538
sensor_gyroscope,7d03ae92-e310-48d7-87b9-8440f65c47f7,1773747759849920281,0.057124764,0.13222586,0.005592634
sensor_gyroscope,7d03ae92-e310-48d7-87b9-8440f65c47f7,1773747759869929552,0.1498027,0.14713953,0.0045273704
sensor_gyroscope,7d03ae92-e310-48d7-87b9-8440f65c47f7,1773747759889913666,-0.056858446,-0.08602004,0.0109189525
sensor_gyroscope,7d03ae92-e310-48d7-87b9-8440f65c47f7,1773747759909948458,-0.21238694,0.009853689,-0.01890843
sensor_gyroscope,7d03ae92-e310-48d7-87b9-8440f65c47f7,1773747759929967989,-0.02277001,0.1982722,-0.03914844
sensor_gyroscope,7d03ae92-e310-48d7-87b9-8440f65c47f7,1773747759949948198,0.10506163,0.112119,-0.043409493
sensor_gyroscope,7d03ae92-e310-48d7-87b9-8440f65c47f7,1773747759969956687,0.005992108,-0.021038957,-0.03382212
sensor_gyroscope,7d03ae92-e310-48d7-87b9-8440f65c47f7,1773747759989968510,0.018775271,-0.13076112,-0.05619266
sensor_gyroscope,7d03ae92-e310-48d7-87b9-8440f65c47f7,1773747760009977208,0.17110798,0.03648528,-0.083889514
sensor_gyroscope,7d03ae92-e310-48d7-87b9-8440f65c47f7,1773747760030025489,0.13382374,0.0972053,-0.03062633
sensor_gyroscope,7d03ae92-e310-48d7-87b9-8440f65c47f7,1773747760049974396,0.101865835,0.22596905,0.04820318
sensor_gyroscope,7d03ae92-e310-48d7-87b9-8440f65c47f7,1773747760070041166,0.18602167,0.25260064,0.05779055
sensor_gyroscope,7d03ae92-e310-48d7-87b9-8440f65c47f7,1773747760090052052,0.19880483,0.08548741,0.038615808
sensor_gyroscope,7d03ae92-e310-48d7-87b9-8440f65c47f7,1773747760110064448,-0.041944757,-0.0018642114,0.0109189525
sensor_gyroscope,7d03ae92-e310-48d7-87b9-8440f65c47f7,1773747760130071166,-0.20599535,0.0972053,-0.016777903
sensor_gyroscope,7d03ae92-e310-48d7-87b9-8440f65c47f7,1773747760150089083,-0.1814943,0.09827057,-0.035952646
sensor_gyroscope,7d03ae92-e310-48d7-87b9-8440f65c47f7,1773747760170091271,-0.1079911,-0.041278966,0.0023968432
sensor_gyroscope,7d03ae92-e310-48d7-87b9-8440f65c47f7,1773747760190111896,-0.08135951,-0.10945584,0.025832644
sensor_gyroscope,7d03ae92-e310-48d7-87b9-8440f65c47f7,1773747760210090073,0.028362645,-0.084954776,0.069508456
sensor_gyroscope,7d03ae92-e310-48d7-87b9-8440f65c47f7,1773747760230100333,0.31158963,0.03328949,0.01624527
sensor_gyroscope,7d03ae92-e310-48d7-87b9-8440f65c47f7,1773747760250092416,0.32011172,0.12157321,0.011984216
sensor_gyroscope,7d03ae92-e310-48d7-87b9-8440f65c47f7,1773747760270147677,0.2637859,0.16951008,0.009853689
sensor_gyroscope,7d03ae92-e310-48d7-87b9-8440f65c47f7,1773747760290158354,-0.13781849,-0.10945584,0.0087884255
sensor_gyroscope,7d03ae92-e310-48d7-87b9-8440f65c47f7,1773747760310144239,-0.24847275,-0.046605285,-0.040213704
sensor_gyroscope,7d03ae92-e310-48d7-87b9-8440f65c47f7,1773747760330178979,0.04860265,-0.23089589,-0.0870853
sensor_gyroscope,7d03ae92-e310-48d7-87b9-8440f65c47f7,1773747760350193250,0.12849742,-0.41824913,-0.107325315
sensor_gyroscope,7d03ae92-e310-48d7-87b9-8440f65c47f7,1773747760370200906,-0.036618438,-0.3331612,-0.012516848
sensor_gyroscope,7d03ae92-e310-48d7-87b9-8440f65c47f7,1773747760390218979,-0.21877852,-0.059388448,0.003462107
sensor_gyroscope,7d03ae92-e310-48d7-87b9-8440f65c47f7,1773747760410197989,-0.02277001,0.13329111,-0.0018642114
sensor_gyroscope,7d03ae92-e310-48d7-87b9-8440f65c47f7,1773747760430225593,0.1263669,0.2536659,0.011984216
sensor_gyroscope,7d03ae92-e310-48d7-87b9-8440f65c47f7,1773747760450214552,0.1466069,0.16737954,0.0652474
sensor_gyroscope,7d03ae92-e310-48d7-87b9-8440f65c47f7,1773747760470256114,0.15725954,-0.023169484,0.02476738
sensor_gyroscope,7d03ae92-e310-48d7-87b9-8440f65c47f7,1773747760490268718,-0.18682061,-0.15632744,-0.005060002
sensor_gyroscope,7d03ae92-e310-48d7-87b9-8440f65c47f7,1773747760510285593,-0.19640799,-0.062584236,-0.055127393
sensor_gyroscope,7d03ae92-e310-48d7-87b9-8440f65c47f7,1773747760530287052,-0.037683703,-0.10839058,-0.060453713
sensor_gyroscope,7d03ae92-e310-48d7-87b9-8440f65c47f7,1773747760550302989,0.16578165,-0.18508956,-0.0519316
sensor_gyroscope,7d03ae92-e310-48d7-87b9-8440f65c47f7,1773747760570313823,0.20732693,-0.18508956,-0.01890843
sensor_gyroscope,7d03ae92-e310-48d7-87b9-8440f65c47f7,1773747760590323718,0.08375636,-0.19041587,-0.026365275
sensor_gyroscope,7d03ae92-e310-48d7-87b9-8440f65c47f7,1773747760610332468,0.02410159,-0.2660496,-0.063649505
sensor_gyroscope,7d03ae92-e310-48d7-87b9-8440f65c47f7,1773747760630312521,0.10719215,-0.23302642,-0.07749793
sensor_gyroscope,7d03ae92-e310-48d7-87b9-8440f65c47f7,1773747760650303198,-3.9947388E-4,0.15459639,0.030093698
sensor_gyroscope,7d03ae92-e310-48d7-87b9-8440f65c47f7,1773747760670364239,-0.031292118,0.1482048,0.025832644
sensor_gyroscope,7d03ae92-e310-48d7-87b9-8440f65c47f7,1773747760690382156,0.05392897,0.020506324,0.0077231615
sensor_gyroscope,7d03ae92-e310-48d7-87b9-8440f65c47f7,1773747760710387833,0.1732385,-0.22024326,-0.026365275
sensor_gyroscope,7d03ae92-e310-48d7-87b9-8440f65c47f7,1773747760730399760,0.19241324,-0.32890016,-0.060453713
sensor_gyroscope,7d03ae92-e310-48d7-87b9-8440f65c47f7,1773747760750415541,0.0038615807,-0.20213377,-0.052996866
sensor_gyroscope,7d03ae92-e310-48d7-87b9-8440f65c47f7,1773747760770425177,-0.15060164,-0.023169484,-0.0071905297
sensor_gyroscope,7d03ae92-e310-48d7-87b9-8440f65c47f7,1773747760790435541,-0.09094688,0.005592634,0.006657898
sensor_gyroscope,7d03ae92-e310-48d7-87b9-8440f65c47f7,1773747760810417416,0.05286371,-0.0061252657,-7.9894776E-4
sensor_gyroscope,7d03ae92-e310-48d7-87b9-8440f65c47f7,1773747760830421531,0.14341111,-0.014647375,-0.005060002
sensor_gyroscope,7d03ae92-e310-48d7-87b9-8440f65c47f7,1773747760850429083,0.15725954,-0.10412952,-0.041278966
sensor_gyroscope,7d03ae92-e310-48d7-87b9-8440f65c47f7,1773747760870475750,0.08162583,-0.12650006,-0.029561065
sensor_gyroscope,7d03ae92-e310-48d7-87b9-8440f65c47f7,1773747760890454552,0.026232118,-0.1105211,-0.014647375
sensor_gyroscope,7d03ae92-e310-48d7-87b9-8440f65c47f7,1773747760910494500,-0.012117374,-0.0870853,-0.019973693
sensor_gyroscope,7d03ae92-e310-48d7-87b9-8440f65c47f7,1773747760930475750,0.019840535,-0.08815057,-0.011451584
sensor_gyroscope,7d03ae92-e310-48d7-87b9-8440f65c47f7,1773747760950488510,0.04753739,-0.08815057,0.006657898
sensor_gyroscope,7d03ae92-e310-48d7-87b9-8440f65c47f7,1773747760970530281,0.07629951,-7.9894776E-4,0.018375797
sensor_gyroscope,7d03ae92-e310-48d7-87b9-8440f65c47f7,1773747760990540281,-0.07603319,0.23875222,0.06844319
sensor_gyroscope,7d03ae92-e310-48d7-87b9-8440f65c47f7,1773747761010520437,-0.20706062,0.3410175,0.087617934
sensor_gyroscope,7d03ae92-e310-48d7-87b9-8440f65c47f7,1773747761030565750,-0.10692584,0.23981747,0.10466215
sensor_gyroscope,7d03ae92-e310-48d7-87b9-8440f65c47f7,1773747761050560906,0.069907926,0.13116059,0.055660024
sensor_gyroscope,7d03ae92-e310-48d7-87b9-8440f65c47f7,1773747761070584500,-0.02277001,-0.052996866,0.011984216
sensor_gyroscope,7d03ae92-e310-48d7-87b9-8440f65c47f7,1773747761090599760,-0.18682061,-0.008255793,-0.035952646
sensor_gyroscope,7d03ae92-e310-48d7-87b9-8440f65c47f7,1773747761110599396,-0.1665806,0.16205323,-0.061518975
sensor_gyroscope,7d03ae92-e310-48d7-87b9-8440f65c47f7,1773747761130612625,-0.05472792,0.13542163,-0.023169484
sensor_gyroscope,7d03ae92-e310-48d7-87b9-8440f65c47f7,1773747761150628302,0.036884755,-0.025300011,0.0023968432
sensor_gyroscope,7d03ae92-e310-48d7-87b9-8440f65c47f7,1773747761170639239,0.07629951,-0.011451584,-7.9894776E-4
sensor_gyroscope,7d03ae92-e310-48d7-87b9-8440f65c47f7,1773747761190617521,0.100800574,0.047137916,0.01624527
sensor_gyroscope,7d03ae92-e310-48d7-87b9-8440f65c47f7,1773747761210633041,0.114649,2.663159E-4,0.032224227
sensor_gyroscope,7d03ae92-e310-48d7-87b9-8440f65c47f7,1773747761230645281,0.114649,-0.026365275,0.026897907
sensor_gyroscope,7d03ae92-e310-48d7-87b9-8440f65c47f7,1773747761250627781,0.11784479,-0.09028109,0.014114743
sensor_gyroscope,7d03ae92-e310-48d7-87b9-8440f65c47f7,1773747761270696427,0.1029311,-0.18722008,-0.009321057
sensor_gyroscope,7d03ae92-e310-48d7-87b9-8440f65c47f7,1773747761290706375,0.12530163,-0.25752747,-0.046605285
sensor_gyroscope,7d03ae92-e310-48d7-87b9-8440f65c47f7,1773747761310679343,0.19347851,-0.16165376,-0.052996866
sensor_gyroscope,7d03ae92-e310-48d7-87b9-8440f65c47f7,1773747761330727781,0.25313327,-0.10626005,-0.04554002
sensor_gyroscope,7d03ae92-e310-48d7-87b9-8440f65c47f7,1773747761350736896,0.14873743,-0.22237378,-0.04554002
sensor_gyroscope,7d03ae92-e310-48d7-87b9-8440f65c47f7,1773747761370748718,-0.23795326,0.02476738,0.0013315795
sensor_gyroscope,7d03ae92-e310-48d7-87b9-8440f65c47f7,1773747761390762052,-0.32836753,0.14074796,0.0023968432
sensor_gyroscope,7d03ae92-e310-48d7-87b9-8440f65c47f7,1773747761410737781,-0.12290479,0.17377113,0.01944106
sensor_gyroscope,7d03ae92-e310-48d7-87b9-8440f65c47f7,1773747761430750125,-0.002530001,0.07270424,0.05992108
sensor_gyroscope,7d03ae92-e310-48d7-87b9-8440f65c47f7,1773747761450766427,0.03581949,0.1631185,0.060986344
sensor_gyroscope,7d03ae92-e310-48d7-87b9-8440f65c47f7,1773747761470800073,0.002796317,0.338887,0.042876862
sensor_gyroscope,7d03ae92-e310-48d7-87b9-8440f65c47f7,1773747761490814083,-0.045140546,0.22809958,0.02796317
sensor_gyroscope,7d03ae92-e310-48d7-87b9-8440f65c47f7,1773747761510793354,-0.20279956,0.1599227,0.01624527
sensor_gyroscope,7d03ae92-e310-48d7-87b9-8440f65c47f7,1773747761530831479,-0.21984379,0.28775433,-0.01571264
sensor_gyroscope,7d03ae92-e310-48d7-87b9-8440f65c47f7,1773747761550841583,-0.06964161,0.27816698,-0.029561065
sensor_gyroscope,7d03ae92-e310-48d7-87b9-8440f65c47f7,1773747761570854656,0.061385818,0.090813726,0.015180007
sensor_gyroscope,7d03ae92-e310-48d7-87b9-8440f65c47f7,1773747761590869500,0.045406863,0.0013315795,0.03328949
sensor_gyroscope,7d03ae92-e310-48d7-87b9-8440f65c47f7,1773747761610869239,-0.06751108,0.02476738,0.052464236
sensor_gyroscope,7d03ae92-e310-48d7-87b9-8440f65c47f7,1773747761630854604,-0.1079911,0.049268443,0.043942124
sensor_gyroscope,7d03ae92-e310-48d7-87b9-8440f65c47f7,1773747761650863979,-0.02809633,0.041811597,0.03968107
sensor_gyroscope,7d03ae92-e310-48d7-87b9-8440f65c47f7,1773747761670876739,0.12849742,-0.01890843,0.022636853
sensor_gyroscope,7d03ae92-e310-48d7-87b9-8440f65c47f7,1773747761690922781,0.14234586,-0.08069372,-0.008255793
sensor_gyroscope,7d03ae92-e310-48d7-87b9-8440f65c47f7,1773747761710929448,0.078430034,-0.16378428,-0.021038957
sensor_gyroscope,7d03ae92-e310-48d7-87b9-8440f65c47f7,1773747761730941896,-0.024900537,-0.09667268,-0.023169484
sensor_gyroscope,7d03ae92-e310-48d7-87b9-8440f65c47f7,1773747761750953354,-0.08349004,0.12157321,0.02796317
sensor_gyroscope,7d03ae92-e310-48d7-87b9-8440f65c47f7,1773747761770969031,-0.06538056,0.18442377,0.049268443
sensor_gyroscope,7d03ae92-e310-48d7-87b9-8440f65c47f7,1773747761790971218,0.07523424,0.05139897,0.025832644
sensor_gyroscope,7d03ae92-e310-48d7-87b9-8440f65c47f7,1773747761810981375,0.101865835,-0.05086634,-0.025300011
sensor_gyroscope,7d03ae92-e310-48d7-87b9-8440f65c47f7,1773747761830996635,-0.005725792,0.018375797,-0.02210422
sensor_gyroscope,7d03ae92-e310-48d7-87b9-8440f65c47f7,1773747761850983041,-0.04833634,0.06844319,0.006657898
sensor_gyroscope,7d03ae92-e310-48d7-87b9-8440f65c47f7,1773747761870987937,-0.029161593,0.02157159,0.031158961
sensor_gyroscope,7d03ae92-e310-48d7-87b9-8440f65c47f7,1773747761891030802,0.0326237,0.06311687,0.031158961
sensor_gyroscope,7d03ae92-e310-48d7-87b9-8440f65c47f7,1773747761911029552,0.046472125,0.09507478,0.026897907
sensor_gyroscope,7d03ae92-e310-48d7-87b9-8440f65c47f7,1773747761931052573,-0.016378429,0.041811597,0.009853689
sensor_gyroscope,7d03ae92-e310-48d7-87b9-8440f65c47f7,1773747761951029343,-0.08988162,0.0045273704,0.0045273704
sensor_gyroscope,7d03ae92-e310-48d7-87b9-8440f65c47f7,1773747761971077416,-0.082424775,-0.062584236,0.005592634
sensor_gyroscope,7d03ae92-e310-48d7-87b9-8440f65c47f7,1773747761991050593,0.0017310535,-0.03701791,0.0077231615
sensor_gyroscope,7d03ae92-e310-48d7-87b9-8440f65c47f7,1773747762011088979,0.034754228,-0.005060002,-0.008255793
sensor_gyroscope,7d03ae92-e310-48d7-87b9-8440f65c47f7,1773747762031107781,-0.013182637,0.015180007,-0.01890843
sensor_gyroscope,7d03ae92-e310-48d7-87b9-8440f65c47f7,1773747762051098250,-0.037683703,0.062051605,-0.01890843
sensor_gyroscope,7d03ae92-e310-48d7-87b9-8440f65c47f7,1773747762071127885,-0.03981423,0.005592634,-0.017843166
sensor_gyroscope,7d03ae92-e310-48d7-87b9-8440f65c47f7,1773747762091138406,-0.045140546,-0.060453713,-0.028495802
sensor_gyroscope,7d03ae92-e310-48d7-87b9-8440f65c47f7,1773747762111118302,-0.041944757,0.014114743,-0.019973693
sensor_gyroscope,7d03ae92-e310-48d7-87b9-8440f65c47f7,1773747762131159916,-0.08988162,-0.03701791,0.005592634
sensor_gyroscope,7d03ae92-e310-48d7-87b9-8440f65c47f7,1773747762151174083,-0.16125429,-0.016777903,0.03968107
sensor_gyroscope,7d03ae92-e310-48d7-87b9-8440f65c47f7,1773747762171150489,-0.21238694,-0.083889514,0.04500739
sensor_gyroscope,7d03ae92-e310-48d7-87b9-8440f65c47f7,1773747762191193562,-0.20066904,-0.12117374,0.018375797
sensor_gyroscope,7d03ae92-e310-48d7-87b9-8440f65c47f7,1773747762211171166,-0.12503532,-0.049801074,-0.023169484
sensor_gyroscope,7d03ae92-e310-48d7-87b9-8440f65c47f7,1773747762231183718,-0.12077426,-0.0061252657,-0.05086634
sensor_gyroscope,7d03ae92-e310-48d7-87b9-8440f65c47f7,1773747762251225698,-0.11012163,0.01944106,-0.040213704
sensor_gyroscope,7d03ae92-e310-48d7-87b9-8440f65c47f7,1773747762271204448,-0.047271073,0.06418213,-0.008255793
sensor_gyroscope,7d03ae92-e310-48d7-87b9-8440f65c47f7,1773747762291246166,-0.020639483,0.05779055,0.015180007
sensor_gyroscope,7d03ae92-e310-48d7-87b9-8440f65c47f7,1773747762311260854,0.002796317,0.14713953,0.026897907
sensor_gyroscope,7d03ae92-e310-48d7-87b9-8440f65c47f7,1773747762331265906,0.040080544,0.07270424,0.005592634
sensor_gyroscope,7d03ae92-e310-48d7-87b9-8440f65c47f7,1773747762351275854,0.0070573715,-0.095607415,0.01624527
sensor_gyroscope,7d03ae92-e310-48d7-87b9-8440f65c47f7,1773747762371260281,0.036884755,-0.094542146,0.018375797
sensor_gyroscope,7d03ae92-e310-48d7-87b9-8440f65c47f7,1773747762391303198,0.060320552,0.035420015,-0.012516848
sensor_gyroscope,7d03ae92-e310-48d7-87b9-8440f65c47f7,1773747762411313979,0.016644744,0.031158961,-0.0071905297
sensor_gyroscope,7d03ae92-e310-48d7-87b9-8440f65c47f7,1773747762431296375,0.026232118,-0.005060002,-0.008255793
sensor_gyroscope,7d03ae92-e310-48d7-87b9-8440f65c47f7,1773747762451333406,0.09760478,-0.014647375,-0.0018642114
sensor_gyroscope,7d03ae92-e310-48d7-87b9-8440f65c47f7,1773747762471346739,0.124236375,0.032224227,0.0077231615
sensor_gyroscope,7d03ae92-e310-48d7-87b9-8440f65c47f7,1773747762491333146,0.092278466,0.006657898,0.020506324
sensor_gyroscope,7d03ae92-e310-48d7-87b9-8440f65c47f7,1773747762511363927,0.06564687,-0.04234423,0.0045273704
sensor_gyroscope,7d03ae92-e310-48d7-87b9-8440f65c47f7,1773747762531380229,0.023036325,-0.043409493,-0.01890843
sensor_gyroscope,7d03ae92-e310-48d7-87b9-8440f65c47f7,1773747762551390750,-0.06005424,-0.04554002,-0.0071905297
sensor_gyroscope,7d03ae92-e310-48d7-87b9-8440f65c47f7,1773747762571363354,-0.056858446,-0.029561065,0.009853689
sensor_gyroscope,7d03ae92-e310-48d7-87b9-8440f65c47f7,1773747762591376062,0.069907926,0.055660024,0.015180007
sensor_gyroscope,7d03ae92-e310-48d7-87b9-8440f65c47f7,1773747762611392156,0.11784479,0.07163898,0.0109189525
sensor_gyroscope,7d03ae92-e310-48d7-87b9-8440f65c47f7,1773747762631397156,0.014514217,0.05033371,0.0013315795
sensor_gyroscope,7d03ae92-e310-48d7-87b9-8440f65c47f7,1773747762651391739,-0.11225215,0.034354754,0.017310534
sensor_gyroscope,7d03ae92-e310-48d7-87b9-8440f65c47f7,1773747762671452625,-0.070706874,0.053529497,0.035420015
sensor_gyroscope,7d03ae92-e310-48d7-87b9-8440f65c47f7,1773747762691474083,0.08269109,0.0972053,0.040746335
sensor_gyroscope,7d03ae92-e310-48d7-87b9-8440f65c47f7,1773747762711474448,0.13595428,0.13222586,0.0109189525
sensor_gyroscope,7d03ae92-e310-48d7-87b9-8440f65c47f7,1773747762731487104,0.017710008,0.047137916,-0.054062128
sensor_gyroscope,7d03ae92-e310-48d7-87b9-8440f65c47f7,1773747762751498406,-0.12183953,-0.014647375,-0.013582111
sensor_gyroscope,7d03ae92-e310-48d7-87b9-8440f65c47f7,1773747762771509552,-0.07496793,-0.0039947387,0.043942124
sensor_gyroscope,7d03ae92-e310-48d7-87b9-8440f65c47f7,1773747762791518302,0.02410159,0.069508456,0.07163898
sensor_gyroscope,7d03ae92-e310-48d7-87b9-8440f65c47f7,1773747762811497833,0.0912132,0.20359851,0.07376951
sensor_gyroscope,7d03ae92-e310-48d7-87b9-8440f65c47f7,1773747762831505854,0.05925529,0.318647,0.05992108
sensor_gyroscope,7d03ae92-e310-48d7-87b9-8440f65c47f7,1773747762851501531,0.04753739,0.21105535,0.0077231615
sensor_gyroscope,7d03ae92-e310-48d7-87b9-8440f65c47f7,1773747762871560281,-0.093077414,-0.114782155,-0.005060002
sensor_gyroscope,7d03ae92-e310-48d7-87b9-8440f65c47f7,1773747762891571583,-0.06964161,-0.114782155,-0.043409493
sensor_gyroscope,7d03ae92-e310-48d7-87b9-8440f65c47f7,1773747762911574343,0.079495296,-0.08815057,-0.06684529
sensor_gyroscope,7d03ae92-e310-48d7-87b9-8440f65c47f7,1773747762931594916,0.099735305,-0.09028109,-0.03382212
sensor_gyroscope,7d03ae92-e310-48d7-87b9-8440f65c47f7,1773747762951607468,0.0017310535,-0.09667268,0.0077231615
sensor_gyroscope,7d03ae92-e310-48d7-87b9-8440f65c47f7,1773747762971582521,-0.06325003,-0.083889514,0.011984216
sensor_gyroscope,7d03ae92-e310-48d7-87b9-8440f65c47f7,1773747762991603718,-0.058988973,-0.032756858,0.01624527
sensor_gyroscope,7d03ae92-e310-48d7-87b9-8440f65c47f7,1773747763011635906,-0.029161593,-0.03914844,0.0109189525
sensor_gyroscope,7d03ae92-e310-48d7-87b9-8440f65c47f7,1773747763031651010,0.02410159,-0.05086634,2.663159E-4
sensor_gyroscope,7d03ae92-e310-48d7-87b9-8440f65c47f7,1773747763051630854,0.058190025,-0.025300011,0.0045273704
sensor_gyroscope,7d03ae92-e310-48d7-87b9-8440f65c47f7,1773747763071672260,0.030493172,-0.019973693,-7.9894776E-4
sensor_gyroscope,7d03ae92-e310-48d7-87b9-8440f65c47f7,1773747763091653771,0.010253162,-0.040213704,0.006657898
sensor_gyroscope,7d03ae92-e310-48d7-87b9-8440f65c47f7,1773747763111658562,0.013448954,-0.08069372,0.009853689
sensor_gyroscope,7d03ae92-e310-48d7-87b9-8440f65c47f7,1773747763131705489,0.036884755,-0.13608743,0.006657898
sensor_gyroscope,7d03ae92-e310-48d7-87b9-8440f65c47f7,1773747763151716271,0.07416898,-0.11265163,-0.008255793
sensor_gyroscope,7d03ae92-e310-48d7-87b9-8440f65c47f7,1773747763171692833,0.08801741,-0.048735812,-0.0061252657
sensor_gyroscope,7d03ae92-e310-48d7-87b9-8440f65c47f7,1773747763191702937,0.051798444,-0.05086634,-0.005060002
sensor_gyroscope,7d03ae92-e310-48d7-87b9-8440f65c47f7,1773747763211748666,0.014514217,-0.049801074,-7.9894776E-4
sensor_gyroscope,7d03ae92-e310-48d7-87b9-8440f65c47f7,1773747763231722312,0.08162583,-0.04447476,-0.019973693
sensor_gyroscope,7d03ae92-e310-48d7-87b9-8440f65c47f7,1773747763251719812,0.07310372,-0.040213704,-0.013582111
sensor_gyroscope,7d03ae92-e310-48d7-87b9-8440f65c47f7,1773747763271779968,0.002796317,-0.04234423,0.0045273704
sensor_gyroscope,7d03ae92-e310-48d7-87b9-8440f65c47f7,1773747763291769187,-0.0067910557,-0.062584236,0.0109189525
sensor_gyroscope,7d03ae92-e310-48d7-87b9-8440f65c47f7,1773747763311775385,0.03581949,-0.027430538,0.0023968432
sensor_gyroscope,7d03ae92-e310-48d7-87b9-8440f65c47f7,1773747763331813146,0.057124764,-7.9894776E-4,-0.0071905297
sensor_gyroscope,7d03ae92-e310-48d7-87b9-8440f65c47f7,1773747763351823093,0.04753739,-0.046605285,-0.009321057
sensor_gyroscope,7d03ae92-e310-48d7-87b9-8440f65c47f7,1773747763371829864,0.029427908,-0.21811274,-0.026365275
sensor_gyroscope,7d03ae92-e310-48d7-87b9-8440f65c47f7,1773747763391821479,-0.031292118,-0.12330426,0.005592634
sensor_gyroscope,7d03ae92-e310-48d7-87b9-8440f65c47f7,1773747763411851427,-0.07922898,0.13755217,0.026897907
sensor_gyroscope,7d03ae92-e310-48d7-87b9-8440f65c47f7,1773747763431848354,-0.031292118,0.2099901,0.034354754
sensor_gyroscope,7d03ae92-e310-48d7-87b9-8440f65c47f7,1773747763451837677,0.14021532,0.05033371,-0.009321057
sensor_gyroscope,7d03ae92-e310-48d7-87b9-8440f65c47f7,1773747763471891531,0.113583736,-0.1254348,-0.03382212
sensor_gyroscope,7d03ae92-e310-48d7-87b9-8440f65c47f7,1773747763491865646,-0.05792371,-0.002929475,-0.021038957
sensor_gyroscope,7d03ae92-e310-48d7-87b9-8440f65c47f7,1773747763511904448,-0.12610058,0.08655267,0.01304948
sensor_gyroscope,7d03ae92-e310-48d7-87b9-8440f65c47f7,1773747763531887156,-0.03448791,0.08655267,0.020506324
sensor_gyroscope,7d03ae92-e310-48d7-87b9-8440f65c47f7,1773747763551900593,0.049667917,0.060986344,0.020506324
sensor_gyroscope,7d03ae92-e310-48d7-87b9-8440f65c47f7,1773747763571942052,0.025166854,0.08016109,0.017310534
sensor_gyroscope,7d03ae92-e310-48d7-87b9-8440f65c47f7,1773747763591920073,-0.008921583,0.06631266,0.005592634
sensor_gyroscope,7d03ae92-e310-48d7-87b9-8440f65c47f7,1773747763611929656,-0.029161593,0.03648528,-7.9894776E-4
sensor_gyroscope,7d03ae92-e310-48d7-87b9-8440f65c47f7,1773747763631940021,-0.020639483,2.663159E-4,0.005592634
sensor_gyroscope,7d03ae92-e310-48d7-87b9-8440f65c47f7,1773747763651923666,0.01238369,0.005592634,0.014114743
sensor_gyroscope,7d03ae92-e310-48d7-87b9-8440f65c47f7,1773747763671999291,0.027297381,0.067377925,0.01624527
sensor_gyroscope,7d03ae92-e310-48d7-87b9-8440f65c47f7,1773747763692010698,0.014514217,0.089748465,0.025832644
sensor_gyroscope,7d03ae92-e310-48d7-87b9-8440f65c47f7,1773747763711988771,-0.00785632,0.112119,0.025832644
sensor_gyroscope,7d03ae92-e310-48d7-87b9-8440f65c47f7,1773747763732026218,0.002796317,0.108923204,0.04820318
sensor_gyroscope,7d03ae92-e310-48d7-87b9-8440f65c47f7,1773747763752042104,0.103996366,0.101466365,0.04607265
sensor_gyroscope,7d03ae92-e310-48d7-87b9-8440f65c47f7,1773747763772052833,0.10719215,0.08655267,0.03648528
sensor_gyroscope,7d03ae92-e310-48d7-87b9-8440f65c47f7,1773747763792057208,-0.016378429,0.038615808,0.005592634
sensor_gyroscope,7d03ae92-e310-48d7-87b9-8440f65c47f7,1773747763812037625,-0.07390267,0.02796317,-0.041278966
sensor_gyroscope,7d03ae92-e310-48d7-87b9-8440f65c47f7,1773747763832083823,0.02410159,0.076965295,-0.04234423
sensor_gyroscope,7d03ae92-e310-48d7-87b9-8440f65c47f7,1773747763852073510,0.036884755,0.040746335,0.01304948
sensor_gyroscope,7d03ae92-e310-48d7-87b9-8440f65c47f7,1773747763872098771,-0.01105211,0.006657898,0.043942124
sensor_gyroscope,7d03ae92-e310-48d7-87b9-8440f65c47f7,1773747763892113562,-0.027031064,-0.009321057,0.043942124
sensor_gyroscope,7d03ae92-e310-48d7-87b9-8440f65c47f7,1773747763912098406,0.03581949,0.0023968432,0.03648528
sensor_gyroscope,7d03ae92-e310-48d7-87b9-8440f65c47f7,1773747763932133354,0.10612689,-0.027430538,0.015180007
sensor_gyroscope,7d03ae92-e310-48d7-87b9-8440f65c47f7,1773747763952149187,0.10612689,-0.061518975,0.006657898
sensor_gyroscope,7d03ae92-e310-48d7-87b9-8440f65c47f7,1773747763972157364,0.09334373,-0.028495802,0.0077231615
sensor_gyroscope,7d03ae92-e310-48d7-87b9-8440f65c47f7,1773747763992168354,0.10825742,0.026897907,0.015180007
sensor_gyroscope,7d03ae92-e310-48d7-87b9-8440f65c47f7,1773747764012179343,0.12956269,-0.005060002,0.01944106
sensor_gyroscope,7d03ae92-e310-48d7-87b9-8440f65c47f7,1773747764032159135,0.114649,-0.04234423,0.023702117
sensor_gyroscope,7d03ae92-e310-48d7-87b9-8440f65c47f7,1773747764052196010,0.07523424,-0.046605285,0.018375797
sensor_gyroscope,7d03ae92-e310-48d7-87b9-8440f65c47f7,1773747764072212104,0.060320552,0.026897907,0.0109189525
sensor_gyroscope,7d03ae92-e310-48d7-87b9-8440f65c47f7,1773747764092220177,0.054994237,0.053529497,0.0077231615
sensor_gyroscope,7d03ae92-e310-48d7-87b9-8440f65c47f7,1773747764112232312,0.028362645,0.05992108,0.020506324
sensor_gyroscope,7d03ae92-e310-48d7-87b9-8440f65c47f7,1773747764132242000,0.060320552,0.034354754,0.014114743
sensor_gyroscope,7d03ae92-e310-48d7-87b9-8440f65c47f7,1773747764152256114,0.14128059,0.07376951,0.018375797
sensor_gyroscope,7d03ae92-e310-48d7-87b9-8440f65c47f7,1773747764172264239,0.14873743,-0.02210422,0.003462107
sensor_gyroscope,7d03ae92-e310-48d7-87b9-8440f65c47f7,1773747764192271687,-0.058988973,-0.06791056,0.005592634
sensor_gyroscope,7d03ae92-e310-48d7-87b9-8440f65c47f7,1773747764212256427,-0.08562057,-0.03062633,-0.035952646
sensor_gyroscope,7d03ae92-e310-48d7-87b9-8440f65c47f7,1773747764232298614,0.020905798,0.0077231615,-0.04554002
sensor_gyroscope,7d03ae92-e310-48d7-87b9-8440f65c47f7,1773747764252276166,0.043276336,-0.01890843,-0.009321057
sensor_gyroscope,7d03ae92-e310-48d7-87b9-8440f65c47f7,1773747764272323510,-0.033422645,-0.05086634,0.01944106
sensor_gyroscope,7d03ae92-e310-48d7-87b9-8440f65c47f7,1773747764292314396,-0.03981423,-0.07430214,0.020506324
sensor_gyroscope,7d03ae92-e310-48d7-87b9-8440f65c47f7,1773747764312335437,0.030493172,-0.093476884,0.0023968432
sensor_gyroscope,7d03ae92-e310-48d7-87b9-8440f65c47f7,1773747764332350021,0.07736477,-0.049801074,-0.0039947387
sensor_gyroscope,7d03ae92-e310-48d7-87b9-8440f65c47f7,1773747764352363510,0.06458161,0.005592634,0.0077231615
sensor_gyroscope,7d03ae92-e310-48d7-87b9-8440f65c47f7,1773747764372369916,0.057124764,0.04607265,-0.008255793
sensor_gyroscope,7d03ae92-e310-48d7-87b9-8440f65c47f7,1773747764392389552,0.0326237,0.06311687,-0.0039947387
sensor_gyroscope,7d03ae92-e310-48d7-87b9-8440f65c47f7,1773747764412393250,0.030493172,0.03648528,-7.9894776E-4
sensor_gyroscope,7d03ae92-e310-48d7-87b9-8440f65c47f7,1773747764432381948,0.0326237,-0.0039947387,0.003462107
sensor_gyroscope,7d03ae92-e310-48d7-87b9-8440f65c47f7,1773747764452382000,-3.9947388E-4,-0.029561065,0.0077231615
sensor_gyroscope,7d03ae92-e310-48d7-87b9-8440f65c47f7,1773747764472424239,0.002796317,-0.029561065,0.01944106
sensor_gyroscope,7d03ae92-e310-48d7-87b9-8440f65c47f7,1773747764492430437,0.04753739,-0.01890843,0.020506324
sensor_gyroscope,7d03ae92-e310-48d7-87b9-8440f65c47f7,1773747764512450073,0.0912132,0.015180007,0.02157159
sensor_gyroscope,7d03ae92-e310-48d7-87b9-8440f65c47f7,1773747764532463875,0.11891005,0.08122636,0.020506324
sensor_gyroscope,7d03ae92-e310-48d7-87b9-8440f65c47f7,1773747764552477468,0.13275848,0.124769,0.022636853
sensor_gyroscope,7d03ae92-e310-48d7-87b9-8440f65c47f7,1773747764572483771,0.11571426,0.15033533,0.02476738
sensor_gyroscope,7d03ae92-e310-48d7-87b9-8440f65c47f7,1773747764592488510,0.07736477,0.12689953,0.029028434
sensor_gyroscope,7d03ae92-e310-48d7-87b9-8440f65c47f7,1773747764612499500,0.068842664,0.13329111,0.047137916
sensor_gyroscope,7d03ae92-e310-48d7-87b9-8440f65c47f7,1773747764632515906,0.07523424,0.15779218,0.042876862
sensor_gyroscope,7d03ae92-e310-48d7-87b9-8440f65c47f7,1773747764652539396,0.054994237,0.08229162,0.011984216
sensor_gyroscope,7d03ae92-e310-48d7-87b9-8440f65c47f7,1773747764672533041,-0.020639483,-0.11371689,-0.013582111
sensor_gyroscope,7d03ae92-e310-48d7-87b9-8440f65c47f7,1773747764692548250,-0.12077426,-0.17976324,-0.032756858
sensor_gyroscope,7d03ae92-e310-48d7-87b9-8440f65c47f7,1773747764712555385,-0.06325003,-0.122239,-0.07217161
sensor_gyroscope,7d03ae92-e310-48d7-87b9-8440f65c47f7,1773747764732565698,0.0017310535,-0.1893506,-0.05619266
sensor_gyroscope,7d03ae92-e310-48d7-87b9-8440f65c47f7,1773747764752582989,0.0070573715,-0.30866015,-0.043409493
sensor_gyroscope,7d03ae92-e310-48d7-87b9-8440f65c47f7,1773747764772591791,0.07416898,-0.48323023,-0.083889514
sensor_gyroscope,7d03ae92-e310-48d7-87b9-8440f65c47f7,1773747764792602677,-0.00785632,-0.17656745,-0.01571264
sensor_gyroscope,7d03ae92-e310-48d7-87b9-8440f65c47f7,1773747764812612521,-0.17510271,0.09400952,-0.002929475
sensor_gyroscope,7d03ae92-e310-48d7-87b9-8440f65c47f7,1773747764832626791,-0.16231954,0.108923204,0.0077231615
sensor_gyroscope,7d03ae92-e310-48d7-87b9-8440f65c47f7,1773747764852590854,-0.041944757,-0.027430538,0.006657898
sensor_gyroscope,7d03ae92-e310-48d7-87b9-8440f65c47f7,1773747764872647208,-0.01957422,-0.21491694,-0.038083173
sensor_gyroscope,7d03ae92-e310-48d7-87b9-8440f65c47f7,1773747764892626427,-0.17616798,-0.12969585,-0.061518975
sensor_gyroscope,7d03ae92-e310-48d7-87b9-8440f65c47f7,1773747764912665906,-0.27510434,0.003462107,-0.04554002
sensor_gyroscope,7d03ae92-e310-48d7-87b9-8440f65c47f7,1773747764932676375,-0.13568796,0.12583427,-0.019973693
sensor_gyroscope,7d03ae92-e310-48d7-87b9-8440f65c47f7,1773747764952691635,0.06671213,-0.0039947387,-0.025300011
sensor_gyroscope,7d03ae92-e310-48d7-87b9-8440f65c47f7,1773747764972698666,0.13275848,-0.1808285,-0.03062633
sensor_gyroscope,7d03ae92-e310-48d7-87b9-8440f65c47f7,1773747764992708562,0.100800574,-0.27883276,-0.013582111
sensor_gyroscope,7d03ae92-e310-48d7-87b9-8440f65c47f7,1773747765012693823,-0.18255955,0.1748364,0.07163898
sensor_gyroscope,7d03ae92-e310-48d7-87b9-8440f65c47f7,1773747765032735541,-0.1346227,0.42304283,0.07590003
sensor_gyroscope,7d03ae92-e310-48d7-87b9-8440f65c47f7,1773747765052728927,0.17004271,0.062051605,0.022636853
sensor_gyroscope,7d03ae92-e310-48d7-87b9-8440f65c47f7,1773747765072754187,0.020905798,-0.35872754,-0.005060002
sensor_gyroscope,7d03ae92-e310-48d7-87b9-8440f65c47f7,1773747765092751218,-0.17936377,-0.25326642,-0.048735812
sensor_gyroscope,7d03ae92-e310-48d7-87b9-8440f65c47f7,1773747765112747625,-0.21132168,0.05139897,-0.06897582
sensor_gyroscope,7d03ae92-e310-48d7-87b9-8440f65c47f7,1773747765132789396,-0.13355742,0.069508456,-0.026365275
sensor_gyroscope,7d03ae92-e310-48d7-87b9-8440f65c47f7,1773747765152801843,-0.06325003,-0.019973693,-0.0039947387
sensor_gyroscope,7d03ae92-e310-48d7-87b9-8440f65c47f7,1773747765172779291,-0.07922898,-0.028495802,0.022636853
sensor_gyroscope,7d03ae92-e310-48d7-87b9-8440f65c47f7,1773747765192820437,-0.052597392,0.112119,0.052464236
sensor_gyroscope,7d03ae92-e310-48d7-87b9-8440f65c47f7,1773747765212825125,0.05392897,0.18868482,0.0652474
sensor_gyroscope,7d03ae92-e310-48d7-87b9-8440f65c47f7,1773747765232848614,0.16897744,0.2568617,0.09507478
sensor_gyroscope,7d03ae92-e310-48d7-87b9-8440f65c47f7,1773747765252801271,0.34035173,-0.14460954,0.015180007
sensor_gyroscope,7d03ae92-e310-48d7-87b9-8440f65c47f7,1773747765272860593,-0.002530001,-0.38429385,-0.031691592
sensor_gyroscope,7d03ae92-e310-48d7-87b9-8440f65c47f7,1773747765292876427,-0.12077426,-0.21065588,-0.09134636
sensor_gyroscope,7d03ae92-e310-48d7-87b9-8440f65c47f7,1773747765312885593,0.0038615807,-0.20532957,-0.12863058
sensor_gyroscope,7d03ae92-e310-48d7-87b9-8440f65c47f7,1773747765332895229,0.11784479,-0.35446647,-0.11797795
sensor_gyroscope,7d03ae92-e310-48d7-87b9-8440f65c47f7,1773747765352876114,0.11784479,-0.45979443,-0.0870853
sensor_gyroscope,7d03ae92-e310-48d7-87b9-8440f65c47f7,1773747765372890229,0.12530163,-0.56738603,-0.06684529
sensor_gyroscope,7d03ae92-e310-48d7-87b9-8440f65c47f7,1773747765392925073,0.13595428,-0.44275022,-0.052996866
sensor_gyroscope,7d03ae92-e310-48d7-87b9-8440f65c47f7,1773747765412911166,0.069907926,-0.28096327,-0.01571264
sensor_gyroscope,7d03ae92-e310-48d7-87b9-8440f65c47f7,1773747765432926427,0.015579481,-0.09773794,-0.0018642114
sensor_gyroscope,7d03ae92-e310-48d7-87b9-8440f65c47f7,1773747765452943146,-0.22943115,0.25260064,0.022636853
sensor_gyroscope,7d03ae92-e310-48d7-87b9-8440f65c47f7,1773747765472985489,-0.37736964,0.41132492,0.030093698
sensor_gyroscope,7d03ae92-e310-48d7-87b9-8440f65c47f7,1773747765492987052,-0.33582437,0.3942807,0.05672529
sensor_gyroscope,7d03ae92-e310-48d7-87b9-8440f65c47f7,1773747765512991323,-0.33902016,0.3740407,0.08655267
sensor_gyroscope,7d03ae92-e310-48d7-87b9-8440f65c47f7,1773747765533011218,-0.3518033,0.25579643,0.05779055
sensor_gyroscope,7d03ae92-e310-48d7-87b9-8440f65c47f7,1773747765553017364,-0.2964096,0.20253325,-0.019973693
sensor_gyroscope,7d03ae92-e310-48d7-87b9-8440f65c47f7,1773747765572995333,-0.366717,0.37617123,-0.06578003
sensor_gyroscope,7d03ae92-e310-48d7-87b9-8440f65c47f7,1773747765593020646,-0.31664962,0.532765,-0.024234748
sensor_gyroscope,7d03ae92-e310-48d7-87b9-8440f65c47f7,1773747765613019500,0.06671213,0.31012487,0.0109189525
sensor_gyroscope,7d03ae92-e310-48d7-87b9-8440f65c47f7,1773747765633063354,0.26272064,-0.14567481,-0.01571264
sensor_gyroscope,7d03ae92-e310-48d7-87b9-8440f65c47f7,1773747765653019864,0.058190025,-0.28522435,-0.049801074
sensor_gyroscope,7d03ae92-e310-48d7-87b9-8440f65c47f7,1773747765673079135,-0.035553172,-0.45340285,-0.03914844
sensor_gyroscope,7d03ae92-e310-48d7-87b9-8440f65c47f7,1773747765693062885,-0.093077414,-0.073236875,0.03328949
sensor_gyroscope,7d03ae92-e310-48d7-87b9-8440f65c47f7,1773747765713104343,-0.1079911,0.38043228,0.09187899
sensor_gyroscope,7d03ae92-e310-48d7-87b9-8440f65c47f7,1773747765733109500,0.033688962,0.46671864,0.09507478
sensor_gyroscope,7d03ae92-e310-48d7-87b9-8440f65c47f7,1773747765753128146,0.25632906,0.17377113,0.035420015
sensor_gyroscope,7d03ae92-e310-48d7-87b9-8440f65c47f7,1773747765773136531,0.13915007,-0.28202856,-0.032756858
sensor_gyroscope,7d03ae92-e310-48d7-87b9-8440f65c47f7,1773747765793151375,-0.15699323,-0.16271903,-0.06897582
sensor_gyroscope,7d03ae92-e310-48d7-87b9-8440f65c47f7,1773747765813161896,-0.024900537,0.047137916,-0.05619266
sensor_gyroscope,7d03ae92-e310-48d7-87b9-8440f65c47f7,1773747765833157833,0.15832481,0.0013315795,-0.017843166
sensor_gyroscope,7d03ae92-e310-48d7-87b9-8440f65c47f7,1773747765853148510,0.14767218,-0.105194785,0.01944106
sensor_gyroscope,7d03ae92-e310-48d7-87b9-8440f65c47f7,1773747765873189968,-0.013182637,-0.13608743,0.018375797
sensor_gyroscope,7d03ae92-e310-48d7-87b9-8440f65c47f7,1773747765893177052,-0.08349004,0.124769,0.02476738
sensor_gyroscope,7d03ae92-e310-48d7-87b9-8440f65c47f7,1773747765913181479,-0.06005424,0.25473118,0.067377925
sensor_gyroscope,7d03ae92-e310-48d7-87b9-8440f65c47f7,1773747765933224396,0.10612689,0.3122554,0.09827057
sensor_gyroscope,7d03ae92-e310-48d7-87b9-8440f65c47f7,1773747765953216896,0.3062633,0.06311687,0.041811597
sensor_gyroscope,7d03ae92-e310-48d7-87b9-8440f65c47f7,1773747765973245541,0.046472125,-0.1254348,0.005592634
sensor_gyroscope,7d03ae92-e310-48d7-87b9-8440f65c47f7,1773747765993224864,-0.12077426,0.011984216,-0.054062128
sensor_gyroscope,7d03ae92-e310-48d7-87b9-8440f65c47f7,1773747766013267729,-0.09840373,0.0652474,-0.0870853
sensor_gyroscope,7d03ae92-e310-48d7-87b9-8440f65c47f7,1773747766033282781,-0.01957422,-0.046605285,-0.043409493
sensor_gyroscope,7d03ae92-e310-48d7-87b9-8440f65c47f7,1773747766053259968,-0.021704746,-0.08921583,0.018375797
sensor_gyroscope,7d03ae92-e310-48d7-87b9-8440f65c47f7,1773747766073307781,-0.06005424,-0.011451584,0.040746335
sensor_gyroscope,7d03ae92-e310-48d7-87b9-8440f65c47f7,1773747766093278927,-0.04620581,0.10572742,0.03648528
sensor_gyroscope,7d03ae92-e310-48d7-87b9-8440f65c47f7,1773747766113313614,-0.00785632,0.07057372,0.01304948
sensor_gyroscope,7d03ae92-e310-48d7-87b9-8440f65c47f7,1773747766133327989,-0.002530001,0.0109189525,0.0013315795
sensor_gyroscope,7d03ae92-e310-48d7-87b9-8440f65c47f7,1773747766153342677,-0.017443692,-0.028495802,-0.002929475
sensor_gyroscope,7d03ae92-e310-48d7-87b9-8440f65c47f7,1773747766173354500,-0.016378429,0.0109189525,-0.009321057
sensor_gyroscope,7d03ae92-e310-48d7-87b9-8440f65c47f7,1773747766193368510,0.002796317,0.03968107,-0.010386321
sensor_gyroscope,7d03ae92-e310-48d7-87b9-8440f65c47f7,1773747766213347781,0.033688962,0.099335834,-0.005060002
sensor_gyroscope,7d03ae92-e310-48d7-87b9-8440f65c47f7,1773747766233359343,0.033688962,0.01304948,-0.009321057
sensor_gyroscope,7d03ae92-e310-48d7-87b9-8440f65c47f7,1773747766253381583,0.07310372,-0.2042643,-0.03701791
sensor_gyroscope,7d03ae92-e310-48d7-87b9-8440f65c47f7,1773747766273401896,0.231828,-0.54608077,-0.059388448
sensor_gyroscope,7d03ae92-e310-48d7-87b9-8440f65c47f7,1773747766293419187,0.0326237,-0.061518975,0.01944106
sensor_gyroscope,7d03ae92-e310-48d7-87b9-8440f65c47f7,1773747766313400802,-0.06005424,0.31119013,0.035420015
sensor_gyroscope,7d03ae92-e310-48d7-87b9-8440f65c47f7,1773747766333444239,-0.018508956,0.21638168,0.0109189525
sensor_gyroscope,7d03ae92-e310-48d7-87b9-8440f65c47f7,1773747766353420698,0.02410159,-0.047670547,-0.012516848
sensor_gyroscope,7d03ae92-e310-48d7-87b9-8440f65c47f7,1773747766373462573,0.037950017,-0.13715269,-0.019973693
sensor_gyroscope,7d03ae92-e310-48d7-87b9-8440f65c47f7,1773747766393472573,-0.0259658,-0.040213704,-0.002929475
sensor_gyroscope,7d03ae92-e310-48d7-87b9-8440f65c47f7,1773747766413485541,-0.03448791,0.011984216,0.0087884255
sensor_gyroscope,7d03ae92-e310-48d7-87b9-8440f65c47f7,1773747766433473718,-0.015313165,0.04500739,0.015180007
sensor_gyroscope,7d03ae92-e310-48d7-87b9-8440f65c47f7,1773747766453476948,0.046472125,0.15459639,0.032224227
sensor_gyroscope,7d03ae92-e310-48d7-87b9-8440f65c47f7,1773747766473484708,0.08908267,0.040746335,0.030093698
sensor_gyroscope,7d03ae92-e310-48d7-87b9-8440f65c47f7,1773747766493497989,0.051798444,-0.05086634,0.006657898
sensor_gyroscope,7d03ae92-e310-48d7-87b9-8440f65c47f7,1773747766513544448,-0.0035952649,-0.1808285,-0.02210422
sensor_gyroscope,7d03ae92-e310-48d7-87b9-8440f65c47f7,1773747766533550958,0.030493172,-0.12010848,-0.024234748
sensor_gyroscope,7d03ae92-e310-48d7-87b9-8440f65c47f7,1773747766553548041,-0.04620581,0.10359689,0.009853689
sensor_gyroscope,7d03ae92-e310-48d7-87b9-8440f65c47f7,1773747766573577416,-0.036618438,0.14607428,0.014114743
sensor_gyroscope,7d03ae92-e310-48d7-87b9-8440f65c47f7,1773747766593586323,0.019840535,-0.07217161,0.009853689
sensor_gyroscope,7d03ae92-e310-48d7-87b9-8440f65c47f7,1773747766613595281,-0.12077426,-0.26072326,-0.019973693
sensor_gyroscope,7d03ae92-e310-48d7-87b9-8440f65c47f7,1773747766633606843,-0.16231954,-0.011451584,-0.063649505
sensor_gyroscope,7d03ae92-e310-48d7-87b9-8440f65c47f7,1773747766653593302,-0.06431529,0.0109189525,-0.023169484
sensor_gyroscope,7d03ae92-e310-48d7-87b9-8440f65c47f7,1773747766673629343,0.03581949,-0.12117374,-0.002929475
sensor_gyroscope,7d03ae92-e310-48d7-87b9-8440f65c47f7,1773747766693608927,0.16791219,-0.27457172,-0.059388448
sensor_gyroscope,7d03ae92-e310-48d7-87b9-8440f65c47f7,1773747766713653979,0.10825742,0.03968107,-0.047670547
sensor_gyroscope,7d03ae92-e310-48d7-87b9-8440f65c47f7,1773747766733628718,-0.14740586,0.20466378,0.038615808
sensor_gyroscope,7d03ae92-e310-48d7-87b9-8440f65c47f7,1773747766753672781,-0.050466865,0.2568617,0.087617934
sensor_gyroscope,7d03ae92-e310-48d7-87b9-8440f65c47f7,1773747766773683146,0.18921745,0.16418377,0.06631266
sensor_gyroscope,7d03ae92-e310-48d7-87b9-8440f65c47f7,1773747766793679916,0.14234586,-0.02210422,0.042876862
sensor_gyroscope,7d03ae92-e310-48d7-87b9-8440f65c47f7,1773747766813700073,-0.020639483,0.011984216,0.0087884255
sensor_gyroscope,7d03ae92-e310-48d7-87b9-8440f65c47f7,1773747766833713093,-0.032357384,0.14394376,-0.011451584
sensor_gyroscope,7d03ae92-e310-48d7-87b9-8440f65c47f7,1773747766853692260,-0.00785632,0.043942124,0.0077231615
sensor_gyroscope,7d03ae92-e310-48d7-87b9-8440f65c47f7,1773747766873738354,0.010253162,0.01624527,0.049268443
sensor_gyroscope,7d03ae92-e310-48d7-87b9-8440f65c47f7,1773747766893714916,0.09334373,0.060986344,0.067377925
sensor_gyroscope,7d03ae92-e310-48d7-87b9-8440f65c47f7,1773747766913726010,0.21371852,0.20359851,0.053529497
sensor_gyroscope,7d03ae92-e310-48d7-87b9-8440f65c47f7,1773747766933744031,0.28935224,0.36338806,0.053529497
sensor_gyroscope,7d03ae92-e310-48d7-87b9-8440f65c47f7,1773747766953784812,0.2998717,0.2802975,0.031158961
sensor_gyroscope,7d03ae92-e310-48d7-87b9-8440f65c47f7,1773747766973789343,0.3147854,-0.040213704,-0.0018642114
sensor_gyroscope,7d03ae92-e310-48d7-87b9-8440f65c47f7,1773747766993774812,-0.0067910557,-0.25859275,0.018375797
sensor_gyroscope,7d03ae92-e310-48d7-87b9-8440f65c47f7,1773747767013817625,-0.11012163,-0.19467694,-0.043409493
sensor_gyroscope,7d03ae92-e310-48d7-87b9-8440f65c47f7,1773747767033816948,0.027297381,-0.08069372,-0.09134636
sensor_gyroscope,7d03ae92-e310-48d7-87b9-8440f65c47f7,1773747767053802573,0.12743217,-0.027430538,-0.031691592
sensor_gyroscope,7d03ae92-e310-48d7-87b9-8440f65c47f7,1773747767073843406,-0.014247901,-0.15419692,0.026897907
sensor_gyroscope,7d03ae92-e310-48d7-87b9-8440f65c47f7,1773747767093858771,-0.15912376,-0.19148114,0.05139897
sensor_gyroscope,7d03ae92-e310-48d7-87b9-8440f65c47f7,1773747767113860489,-0.13994901,-0.15313165,0.07163898
sensor_gyroscope,7d03ae92-e310-48d7-87b9-8440f65c47f7,1773747767133877468,-0.002530001,-0.07004108,0.07270424
sensor_gyroscope,7d03ae92-e310-48d7-87b9-8440f65c47f7,1773747767153893718,0.11571426,0.07163898,0.022636853
sensor_gyroscope,7d03ae92-e310-48d7-87b9-8440f65c47f7,1773747767173898354,0.1380848,0.22596905,0.005592634
sensor_gyroscope,7d03ae92-e310-48d7-87b9-8440f65c47f7,1773747767193909552,0.12104058,0.21744694,-0.04554002
sensor_gyroscope,7d03ae92-e310-48d7-87b9-8440f65c47f7,1773747767213927260,-0.06431529,-0.061518975,-0.021038957
sensor_gyroscope,7d03ae92-e310-48d7-87b9-8440f65c47f7,1773747767233902625,-0.18682061,-0.1691106,-0.016777903
sensor_gyroscope,7d03ae92-e310-48d7-87b9-8440f65c47f7,1773747767253925593,-0.08668583,-0.035952646,-0.061518975
sensor_gyroscope,7d03ae92-e310-48d7-87b9-8440f65c47f7,1773747767273956218,0.069907926,-0.041278966,-0.046605285
sensor_gyroscope,7d03ae92-e310-48d7-87b9-8440f65c47f7,1773747767293968250,0.06245108,-0.2245043,-0.019973693
sensor_gyroscope,7d03ae92-e310-48d7-87b9-8440f65c47f7,1773747767313979916,-0.052597392,-0.07004108,0.009853689
sensor_gyroscope,7d03ae92-e310-48d7-87b9-8440f65c47f7,1773747767333990698,-0.13249217,0.16951008,0.0109189525
sensor_gyroscope,7d03ae92-e310-48d7-87b9-8440f65c47f7,1773747767354003458,0.061385818,0.088683195,0.0087884255
sensor_gyroscope,7d03ae92-e310-48d7-87b9-8440f65c47f7,1773747767374008250,0.13275848,-0.014647375,0.04500739
sensor_gyroscope,7d03ae92-e310-48d7-87b9-8440f65c47f7,1773747767394013354,0.16897744,-0.014647375,0.0023968432
sensor_gyroscope,7d03ae92-e310-48d7-87b9-8440f65c47f7,1773747767414029135,-0.14421007,-0.18722008,-0.032756858
sensor_gyroscope,7d03ae92-e310-48d7-87b9-8440f65c47f7,1773747767434018718,-0.3230412,-0.04554002,-0.049801074
sensor_gyroscope,7d03ae92-e310-48d7-87b9-8440f65c47f7,1773747767454031114,-0.15166691,0.19720693,-0.04234423
sensor_gyroscope,7d03ae92-e310-48d7-87b9-8440f65c47f7,1773747767474062468,0.10506163,0.04500739,-7.9894776E-4
sensor_gyroscope,7d03ae92-e310-48d7-87b9-8440f65c47f7,1773747767494046323,0.11038794,-0.063649505,0.02157159
sensor_gyroscope,7d03ae92-e310-48d7-87b9-8440f65c47f7,1773747767514062156,0.079495296,-0.019973693,0.0013315795
sensor_gyroscope,7d03ae92-e310-48d7-87b9-8440f65c47f7,1773747767534093198,0.08269109,0.10998847,-0.010386321
sensor_gyroscope,7d03ae92-e310-48d7-87b9-8440f65c47f7,1773747767554112208,0.10825742,0.089748465,-0.0039947387
sensor_gyroscope,7d03ae92-e310-48d7-87b9-8440f65c47f7,1773747767574117989,0.027297381,0.015180007,0.032224227
sensor_gyroscope,7d03ae92-e310-48d7-87b9-8440f65c47f7,1773747767594133198,-0.03448791,0.037550543,0.01304948
sensor_gyroscope,7d03ae92-e310-48d7-87b9-8440f65c47f7,1773747767614133198,0.009187899,0.23768695,-0.01571264
sensor_gyroscope,7d03ae92-e310-48d7-87b9-8440f65c47f7,1773747767634154135,-0.04087949,0.21212062,0.020506324
sensor_gyroscope,7d03ae92-e310-48d7-87b9-8440f65c47f7,1773747767654140750,-0.08775109,0.11744532,0.06844319
sensor_gyroscope,7d03ae92-e310-48d7-87b9-8440f65c47f7,1773747767674171896,0.060320552,0.15566164,0.052464236
sensor_gyroscope,7d03ae92-e310-48d7-87b9-8440f65c47f7,1773747767694151896,0.21052273,0.1833585,0.015180007
sensor_gyroscope,7d03ae92-e310-48d7-87b9-8440f65c47f7,1773747767714164500,0.21584904,0.17590165,0.03328949
sensor_gyroscope,7d03ae92-e310-48d7-87b9-8440f65c47f7,1773747767734207573,0.023036325,-0.11584742,-0.008255793
sensor_gyroscope,7d03ae92-e310-48d7-87b9-8440f65c47f7,1773747767754208979,-0.19960378,-0.19148114,-0.06684529
sensor_gyroscope,7d03ae92-e310-48d7-87b9-8440f65c47f7,1773747767774228718,-0.16231954,-0.083889514,-0.075367406
sensor_gyroscope,7d03ae92-e310-48d7-87b9-8440f65c47f7,1773747767794239343,-0.18895113,-0.11265163,-0.046605285
sensor_gyroscope,7d03ae92-e310-48d7-87b9-8440f65c47f7,1773747767814217989,-0.29854015,-0.24048327,-0.03701791
sensor_gyroscope,7d03ae92-e310-48d7-87b9-8440f65c47f7,1773747767834228093,-0.31878015,-0.316117,-0.040213704
sensor_gyroscope,7d03ae92-e310-48d7-87b9-8440f65c47f7,1773747767854288041,-0.23475747,-0.3416833,-0.035952646
sensor_gyroscope,7d03ae92-e310-48d7-87b9-8440f65c47f7,1773747767874254031,-0.12610058,-0.2042643,-0.025300011
sensor_gyroscope,7d03ae92-e310-48d7-87b9-8440f65c47f7,1773747767894297885,-0.0611195,-0.07643267,-0.025300011
sensor_gyroscope,7d03ae92-e310-48d7-87b9-8440f65c47f7,1773747767914309552,-0.11331742,-0.01571264,-0.014647375
sensor_gyroscope,7d03ae92-e310-48d7-87b9-8440f65c47f7,1773747767934285958,-0.19747324,0.020506324,-0.008255793
sensor_gyroscope,7d03ae92-e310-48d7-87b9-8440f65c47f7,1773747767954329448,-0.24847275,0.03328949,0.006657898
sensor_gyroscope,7d03ae92-e310-48d7-87b9-8440f65c47f7,1773747767974303771,-0.23049642,-0.0039947387,0.022636853
sensor_gyroscope,7d03ae92-e310-48d7-87b9-8440f65c47f7,1773747767994316531,-0.1463406,-0.024234748,0.038615808
sensor_gyroscope,7d03ae92-e310-48d7-87b9-8440f65c47f7,1773747768014331583,-0.07816372,-0.07004108,0.034354754
sensor_gyroscope,7d03ae92-e310-48d7-87b9-8440f65c47f7,1773747768034342625,-0.041944757,-0.021038957,0.022636853
sensor_gyroscope,7d03ae92-e310-48d7-87b9-8440f65c47f7,1773747768054387000,-0.06857634,0.009853689,0.015180007
sensor_gyroscope,7d03ae92-e310-48d7-87b9-8440f65c47f7,1773747768074396166,-0.119709,0.043942124,0.01624527
sensor_gyroscope,7d03ae92-e310-48d7-87b9-8440f65c47f7,1773747768094376218,-0.17616798,-0.002929475,0.035420015
sensor_gyroscope,7d03ae92-e310-48d7-87b9-8440f65c47f7,1773747768114385646,-0.14740586,0.018375797,0.01624527
sensor_gyroscope,7d03ae92-e310-48d7-87b9-8440f65c47f7,1773747768134393354,-0.053662658,-0.032756858,0.032224227
sensor_gyroscope,7d03ae92-e310-48d7-87b9-8440f65c47f7,1773747768154435750,0.06458161,-0.09134636,0.03328949
sensor_gyroscope,7d03ae92-e310-48d7-87b9-8440f65c47f7,1773747768174450281,0.13062796,-0.09134636,0.01624527
sensor_gyroscope,7d03ae92-e310-48d7-87b9-8440f65c47f7,1773747768194426739,0.20306589,-0.09773794,-0.01890843
sensor_gyroscope,7d03ae92-e310-48d7-87b9-8440f65c47f7,1773747768214445229,0.21478379,-0.009321057,-0.03914844
sensor_gyroscope,7d03ae92-e310-48d7-87b9-8440f65c47f7,1773747768234453198,0.13169321,0.04820318,-0.03382212
sensor_gyroscope,7d03ae92-e310-48d7-87b9-8440f65c47f7,1773747768254478927,0.044341598,0.03328949,2.663159E-4
sensor_gyroscope,7d03ae92-e310-48d7-87b9-8440f65c47f7,1773747768274501114,0.113583736,0.0023968432,-0.014647375
sensor_gyroscope,7d03ae92-e310-48d7-87b9-8440f65c47f7,1773747768294517364,0.17004271,0.0023968432,-0.023169484
sensor_gyroscope,7d03ae92-e310-48d7-87b9-8440f65c47f7,1773747768314522781,0.092278466,0.020506324,-0.0039947387
sensor_gyroscope,7d03ae92-e310-48d7-87b9-8440f65c47f7,1773747768334537833,0.034754228,-0.023169484,2.663159E-4
sensor_gyroscope,7d03ae92-e310-48d7-87b9-8440f65c47f7,1773747768354540437,0.03581949,-0.0061252657,-0.010386321
sensor_gyroscope,7d03ae92-e310-48d7-87b9-8440f65c47f7,1773747768374558198,0.017710008,0.02476738,-0.013582111
sensor_gyroscope,7d03ae92-e310-48d7-87b9-8440f65c47f7,1773747768394566271,0.19773956,-0.1254348,-0.014647375
sensor_gyroscope,7d03ae92-e310-48d7-87b9-8440f65c47f7,1773747768414576166,0.3265033,-0.08815057,-0.013582111
sensor_gyroscope,7d03ae92-e310-48d7-87b9-8440f65c47f7,1773747768434563823,0.09760478,0.22277325,0.037550543
sensor_gyroscope,7d03ae92-e310-48d7-87b9-8440f65c47f7,1773747768454580281,-0.05472792,0.30905962,0.03328949
sensor_gyroscope,7d03ae92-e310-48d7-87b9-8440f65c47f7,1773747768474590802,-0.093077414,0.22809958,0.025832644
sensor_gyroscope,7d03ae92-e310-48d7-87b9-8440f65c47f7,1773747768494624864,0.011318427,0.052464236,0.014114743
sensor_gyroscope,7d03ae92-e310-48d7-87b9-8440f65c47f7,1773747768514633510,0.0912132,-0.07856319,-0.0039947387
sensor_gyroscope,7d03ae92-e310-48d7-87b9-8440f65c47f7,1773747768534638979,0.13382374,-0.019973693,-0.025300011
sensor_gyroscope,7d03ae92-e310-48d7-87b9-8440f65c47f7,1773747768554653666,-0.18682061,-0.035952646,-0.02210422
sensor_gyroscope,7d03ae92-e310-48d7-87b9-8440f65c47f7,1773747768574661218,-0.20066904,0.1482048,-0.02210422
sensor_gyroscope,7d03ae92-e310-48d7-87b9-8440f65c47f7,1773747768594669448,0.008122635,0.16951008,-0.010386321
sensor_gyroscope,7d03ae92-e310-48d7-87b9-8440f65c47f7,1773747768614688875,0.16791219,0.04820318,0.02157159
sensor_gyroscope,7d03ae92-e310-48d7-87b9-8440f65c47f7,1773747768634665125,0.13915007,0.043942124,0.041811597
sensor_gyroscope,7d03ae92-e310-48d7-87b9-8440f65c47f7,1773747768654674968,0.026232118,0.090813726,0.05992108
sensor_gyroscope,7d03ae92-e310-48d7-87b9-8440f65c47f7,1773747768674718250,0.009187899,0.1482048,0.041811597
sensor_gyroscope,7d03ae92-e310-48d7-87b9-8440f65c47f7,1773747768694697000,0.03581949,0.09400952,0.015180007
sensor_gyroscope,7d03ae92-e310-48d7-87b9-8440f65c47f7,1773747768714726010,0.06671213,0.07163898,0.0077231615
sensor_gyroscope,7d03ae92-e310-48d7-87b9-8440f65c47f7,1773747768734749968,0.100800574,0.049268443,0.011984216
sensor_gyroscope,7d03ae92-e310-48d7-87b9-8440f65c47f7,1773747768754764552,0.12530163,0.02796317,-7.9894776E-4
sensor_gyroscope,7d03ae92-e310-48d7-87b9-8440f65c47f7,1773747768774778093,0.111453205,0.060986344,-7.9894776E-4
sensor_gyroscope,7d03ae92-e310-48d7-87b9-8440f65c47f7,1773747768794790229,0.04753739,0.003462107,0.018375797
sensor_gyroscope,7d03ae92-e310-48d7-87b9-8440f65c47f7,1773747768814798771,0.07416898,0.032224227,0.035420015
sensor_gyroscope,7d03ae92-e310-48d7-87b9-8440f65c47f7,1773747768834781635,0.1849564,0.11957584,0.042876862
sensor_gyroscope,7d03ae92-e310-48d7-87b9-8440f65c47f7,1773747768854804916,0.29880646,0.16098797,0.03328949
sensor_gyroscope,7d03ae92-e310-48d7-87b9-8440f65c47f7,1773747768874825177,0.16791219,-0.07856319,0.0077231615
sensor_gyroscope,7d03ae92-e310-48d7-87b9-8440f65c47f7,1773747768894838354,-0.09520794,-0.12650006,-0.019973693
sensor_gyroscope,7d03ae92-e310-48d7-87b9-8440f65c47f7,1773747768914847521,-0.09733847,0.02476738,-0.026365275
sensor_gyroscope,7d03ae92-e310-48d7-87b9-8440f65c47f7,1773747768934859239,-0.044075284,0.08122636,-0.019973693
sensor_gyroscope,7d03ae92-e310-48d7-87b9-8440f65c47f7,1773747768954870281,-0.024900537,-0.027430538,0.003462107
sensor_gyroscope,7d03ae92-e310-48d7-87b9-8440f65c47f7,1773747768974850698,0.008122635,-0.071106344,0.015180007
sensor_gyroscope,7d03ae92-e310-48d7-87b9-8440f65c47f7,1773747768994896323,0.008122635,-0.1105211,0.041811597
sensor_gyroscope,7d03ae92-e310-48d7-87b9-8440f65c47f7,1773747769014878250,0.15299849,-0.026365275,0.042876862
sensor_gyroscope,7d03ae92-e310-48d7-87b9-8440f65c47f7,1773747769034917000,0.32543805,0.038615808,0.0109189525
sensor_gyroscope,7d03ae92-e310-48d7-87b9-8440f65c47f7,1773747769054915333,0.28083012,0.01304948,-0.009321057
sensor_gyroscope,7d03ae92-e310-48d7-87b9-8440f65c47f7,1773747769074918041,0.037950017,-0.095607415,-0.03382212
sensor_gyroscope,7d03ae92-e310-48d7-87b9-8440f65c47f7,1773747769094948041,-0.17936377,-0.094542146,-0.04447476
sensor_gyroscope,7d03ae92-e310-48d7-87b9-8440f65c47f7,1773747769114951896,-0.15060164,-0.07749793,-0.047670547
sensor_gyroscope,7d03ae92-e310-48d7-87b9-8440f65c47f7,1773747769134968927,-0.050466865,-0.21491694,-0.03062633
sensor_gyroscope,7d03ae92-e310-48d7-87b9-8440f65c47f7,1773747769154977937,0.13701953,-0.44914177,-0.025300011
sensor_gyroscope,7d03ae92-e310-48d7-87b9-8440f65c47f7,1773747769174989187,0.20200062,-0.29587698,0.0087884255
sensor_gyroscope,7d03ae92-e310-48d7-87b9-8440f65c47f7,1773747769195007260,-0.009986847,-0.0018642114,0.0109189525
sensor_gyroscope,7d03ae92-e310-48d7-87b9-8440f65c47f7,1773747769215010750,-0.023835273,0.052464236,-0.01571264
sensor_gyroscope,7d03ae92-e310-48d7-87b9-8440f65c47f7,1773747769234993927,0.050733183,0.022636853,0.018375797
sensor_gyroscope,7d03ae92-e310-48d7-87b9-8440f65c47f7,1773747769255008146,0.19241324,-0.21172115,-0.013582111
sensor_gyroscope,7d03ae92-e310-48d7-87b9-8440f65c47f7,1773747769275048093,0.078430034,-0.33103067,-0.052996866
sensor_gyroscope,7d03ae92-e310-48d7-87b9-8440f65c47f7,1773747769295031635,-0.094142675,-0.15845796,-0.055127393
sensor_gyroscope,7d03ae92-e310-48d7-87b9-8440f65c47f7,1773747769315074031,-0.1079911,0.09400952,-0.03914844
sensor_gyroscope,7d03ae92-e310-48d7-87b9-8440f65c47f7,1773747769335082312,0.028362645,0.049268443,-0.040213704
sensor_gyroscope,7d03ae92-e310-48d7-87b9-8440f65c47f7,1773747769355092312,0.10932268,-0.2010685,-0.03914844
sensor_gyroscope,7d03ae92-e310-48d7-87b9-8440f65c47f7,1773747769375099760,0.1849564,-0.31718224,-0.047670547
sensor_gyroscope,7d03ae92-e310-48d7-87b9-8440f65c47f7,1773747769395111271,-0.082424775,0.11957584,0.038615808
sensor_gyroscope,7d03ae92-e310-48d7-87b9-8440f65c47f7,1773747769415090333,-0.30386645,0.4177165,0.07163898
sensor_gyroscope,7d03ae92-e310-48d7-87b9-8440f65c47f7,1773747769435114031,-0.1431448,0.19188061,0.043942124
sensor_gyroscope,7d03ae92-e310-48d7-87b9-8440f65c47f7,1773747769455136218,0.019840535,-0.15419692,0.0077231615
sensor_gyroscope,7d03ae92-e310-48d7-87b9-8440f65c47f7,1773747769475151271,0.14873743,-0.18508956,-0.03062633
sensor_gyroscope,7d03ae92-e310-48d7-87b9-8440f65c47f7,1773747769495170437,-0.045140546,-0.17230639,-0.049801074
sensor_gyroscope,7d03ae92-e310-48d7-87b9-8440f65c47f7,1773747769515184083,-0.20386483,-0.013582111,-0.061518975
sensor_gyroscope,7d03ae92-e310-48d7-87b9-8440f65c47f7,1773747769535157208,-0.13036163,0.05672529,-0.10093373
sensor_gyroscope,7d03ae92-e310-48d7-87b9-8440f65c47f7,1773747769555180854,0.011318427,-0.013582111,-0.07217161
sensor_gyroscope,7d03ae92-e310-48d7-87b9-8440f65c47f7,1773747769575206375,0.043276336,-0.12650006,-0.02210422
sensor_gyroscope,7d03ae92-e310-48d7-87b9-8440f65c47f7,1773747769595224031,0.002796317,-0.15952323,0.017310534
sensor_gyroscope,7d03ae92-e310-48d7-87b9-8440f65c47f7,1773747769615235073,0.061385818,-0.22343905,-0.026365275
sensor_gyroscope,7d03ae92-e310-48d7-87b9-8440f65c47f7,1773747769635249343,0.100800574,-0.2926812,-0.054062128
sensor_gyroscope,7d03ae92-e310-48d7-87b9-8440f65c47f7,1773747769655266218,0.040080544,-0.22663485,-0.011451584
sensor_gyroscope,7d03ae92-e310-48d7-87b9-8440f65c47f7,1773747769675259135,0.030493172,-0.13502216,0.032224227
sensor_gyroscope,7d03ae92-e310-48d7-87b9-8440f65c47f7,1773747769695282156,0.057124764,-0.06897582,-0.0039947387
sensor_gyroscope,7d03ae92-e310-48d7-87b9-8440f65c47f7,1773747769715255593,0.028362645,-0.026365275,-0.055127393
sensor_gyroscope,7d03ae92-e310-48d7-87b9-8440f65c47f7,1773747769735303302,-0.04620581,0.08548741,-0.052996866
sensor_gyroscope,7d03ae92-e310-48d7-87b9-8440f65c47f7,1773747769755315021,-0.072837405,0.1482048,-0.026365275
sensor_gyroscope,7d03ae92-e310-48d7-87b9-8440f65c47f7,1773747769775324604,0.015579481,-0.0061252657,-0.014647375
sensor_gyroscope,7d03ae92-e310-48d7-87b9-8440f65c47f7,1773747769795332729,0.111453205,-0.083889514,0.02796317
sensor_gyroscope,7d03ae92-e310-48d7-87b9-8440f65c47f7,1773747769815347625,-0.037683703,0.16844481,0.076965295
sensor_gyroscope,7d03ae92-e310-48d7-87b9-8440f65c47f7,1773747769835321948,-0.08135951,0.25899222,0.101466365
sensor_gyroscope,7d03ae92-e310-48d7-87b9-8440f65c47f7,1773747769855346896,0.015579481,0.1514006,0.10572742
sensor_gyroscope,7d03ae92-e310-48d7-87b9-8440f65c47f7,1773747769875376896,0.01238369,2.663159E-4,0.08016109
sensor_gyroscope,7d03ae92-e310-48d7-87b9-8440f65c47f7,1773747769895384760,-0.023835273,0.09400952,0.025832644
sensor_gyroscope,7d03ae92-e310-48d7-87b9-8440f65c47f7,1773747769915400333,-0.23156169,-0.0870853,-0.002929475
sensor_gyroscope,7d03ae92-e310-48d7-87b9-8440f65c47f7,1773747769935409968,-0.2932138,-0.040213704,-0.075367406
sensor_gyroscope,7d03ae92-e310-48d7-87b9-8440f65c47f7,1773747769955417521,-0.12929638,0.13755217,-0.12117374
sensor_gyroscope,7d03ae92-e310-48d7-87b9-8440f65c47f7,1773747769975428666,-0.005725792,0.18229324,-0.025300011
sensor_gyroscope,7d03ae92-e310-48d7-87b9-8440f65c47f7,1773747769995446583,-0.06857634,0.025832644,0.05672529
sensor_gyroscope,7d03ae92-e310-48d7-87b9-8440f65c47f7,1773747770015450489,-0.008921583,-0.116912685,0.049268443
sensor_gyroscope,7d03ae92-e310-48d7-87b9-8440f65c47f7,1773747770035440854,0.17110798,-0.058323186,-0.011451584
sensor_gyroscope,7d03ae92-e310-48d7-87b9-8440f65c47f7,1773747770055451635,0.124236375,0.1279648,-0.013582111
sensor_gyroscope,7d03ae92-e310-48d7-87b9-8440f65c47f7,1773747770075489604,-0.123970054,0.19614168,0.04500739
sensor_gyroscope,7d03ae92-e310-48d7-87b9-8440f65c47f7,1773747770095498979,-0.17510271,0.2334259,0.07483477
sensor_gyroscope,7d03ae92-e310-48d7-87b9-8440f65c47f7,1773747770115508666,0.01238369,0.26325327,0.08122636
sensor_gyroscope,7d03ae92-e310-48d7-87b9-8440f65c47f7,1773747770135516427,0.1029311,0.05672529,0.035420015
sensor_gyroscope,7d03ae92-e310-48d7-87b9-8440f65c47f7,1773747770155541635,-0.055793185,0.01944106,0.005592634
sensor_gyroscope,7d03ae92-e310-48d7-87b9-8440f65c47f7,1773747770175541427,-0.09094688,0.100401096,-0.054062128
sensor_gyroscope,7d03ae92-e310-48d7-87b9-8440f65c47f7,1773747770195553562,-0.041944757,0.078030564,-0.040213704
sensor_gyroscope,7d03ae92-e310-48d7-87b9-8440f65c47f7,1773747770215530385,-0.032357384,-0.01890843,0.003462107
sensor_gyroscope,7d03ae92-e310-48d7-87b9-8440f65c47f7,1773747770235548302,-0.035553172,-0.07217161,0.038615808
sensor_gyroscope,7d03ae92-e310-48d7-87b9-8440f65c47f7,1773747770255557781,-0.017443692,-0.082824245,0.029028434
sensor_gyroscope,7d03ae92-e310-48d7-87b9-8440f65c47f7,1773747770275584552,-0.0259658,-0.03382212,0.0109189525
sensor_gyroscope,7d03ae92-e310-48d7-87b9-8440f65c47f7,1773747770295574604,-0.030226856,-0.010386321,0.009853689
sensor_gyroscope,7d03ae92-e310-48d7-87b9-8440f65c47f7,1773747770315612521,-0.01105211,-0.011451584,0.02157159
sensor_gyroscope,7d03ae92-e310-48d7-87b9-8440f65c47f7,1773747770335629135,0.011318427,-0.08175898,-0.0071905297
sensor_gyroscope,7d03ae92-e310-48d7-87b9-8440f65c47f7,1773747770355608093,0.0677774,-0.07004108,-0.023169484
sensor_gyroscope,7d03ae92-e310-48d7-87b9-8440f65c47f7,1773747770375652052,0.08908267,-0.13289164,-0.032756858
sensor_gyroscope,7d03ae92-e310-48d7-87b9-8440f65c47f7,1773747770395635021,0.026232118,-0.15526217,-0.021038957
sensor_gyroscope,7d03ae92-e310-48d7-87b9-8440f65c47f7,1773747770415644656,-0.024900537,-0.18295904,-0.01890843
sensor_gyroscope,7d03ae92-e310-48d7-87b9-8440f65c47f7,1773747770435666583,0.011318427,-0.114782155,-0.016777903
sensor_gyroscope,7d03ae92-e310-48d7-87b9-8440f65c47f7,1773747770455678093,0.058190025,-0.11904321,-0.005060002
sensor_gyroscope,7d03ae92-e310-48d7-87b9-8440f65c47f7,1773747770475675906,0.11677953,-0.114782155,-0.013582111
sensor_gyroscope,7d03ae92-e310-48d7-87b9-8440f65c47f7,1773747770495687833,0.10825742,-0.14460954,-0.01571264
sensor_gyroscope,7d03ae92-e310-48d7-87b9-8440f65c47f7,1773747770515724656,0.0677774,-0.095607415,-0.026365275
sensor_gyroscope,7d03ae92-e310-48d7-87b9-8440f65c47f7,1773747770535738875,-0.005725792,-0.034887385,-0.019973693
sensor_gyroscope,7d03ae92-e310-48d7-87b9-8440f65c47f7,1773747770555751166,-0.06538056,-0.013582111,0.0013315795
sensor_gyroscope,7d03ae92-e310-48d7-87b9-8440f65c47f7,1773747770575757989,-0.051532127,-0.002929475,0.014114743
sensor_gyroscope,7d03ae92-e310-48d7-87b9-8440f65c47f7,1773747770595739135,-0.105860576,0.14500901,0.034354754
sensor_gyroscope,7d03ae92-e310-48d7-87b9-8440f65c47f7,1773747770615750073,-0.13994901,0.2334259,0.060986344
sensor_gyroscope,7d03ae92-e310-48d7-87b9-8440f65c47f7,1773747770635780125,-0.11118689,0.26644906,0.08122636
sensor_gyroscope,7d03ae92-e310-48d7-87b9-8440f65c47f7,1773747770655775073,-0.14421007,0.26005748,0.088683195
sensor_gyroscope,7d03ae92-e310-48d7-87b9-8440f65c47f7,1773747770675783823,-0.20812589,0.06844319,-0.0018642114
sensor_gyroscope,7d03ae92-e310-48d7-87b9-8440f65c47f7,1773747770695792156,-0.29747486,-0.016777903,-0.06791056
sensor_gyroscope,7d03ae92-e310-48d7-87b9-8440f65c47f7,1773747770715802833,-0.28362644,0.16524902,-0.025300011
sensor_gyroscope,7d03ae92-e310-48d7-87b9-8440f65c47f7,1773747770735812937,0.07097319,0.2366217,0.034354754
sensor_gyroscope,7d03ae92-e310-48d7-87b9-8440f65c47f7,1773747770755840333,0.31798118,0.01624527,0.005592634
sensor_gyroscope,7d03ae92-e310-48d7-87b9-8440f65c47f7,1773747770775839448,0.114649,-0.20852536,-0.035952646
sensor_gyroscope,7d03ae92-e310-48d7-87b9-8440f65c47f7,1773747770795879604,-0.12183953,-0.18189377,-0.0039947387
sensor_gyroscope,7d03ae92-e310-48d7-87b9-8440f65c47f7,1773747770815864239,-0.1079911,0.090813726,0.049268443
sensor_gyroscope,7d03ae92-e310-48d7-87b9-8440f65c47f7,1773747770835877104,-0.036618438,0.23768695,0.047137916
sensor_gyroscope,7d03ae92-e310-48d7-87b9-8440f65c47f7,1773747770855893302,-0.016378429,0.17377113,0.04500739
sensor_gyroscope,7d03ae92-e310-48d7-87b9-8440f65c47f7,1773747770875900229,-0.00785632,0.08229162,0.041811597
sensor_gyroscope,7d03ae92-e310-48d7-87b9-8440f65c47f7,1773747770895934500,0.07310372,-0.026365275,0.006657898
sensor_gyroscope,7d03ae92-e310-48d7-87b9-8440f65c47f7,1773747770915913458,0.0677774,0.026897907,-0.010386321
sensor_gyroscope,7d03ae92-e310-48d7-87b9-8440f65c47f7,1773747770935951271,0.06351634,0.111053735,-0.002929475
sensor_gyroscope,7d03ae92-e310-48d7-87b9-8440f65c47f7,1773747770955970333,0.010253162,2.663159E-4,2.663159E-4
sensor_gyroscope,7d03ae92-e310-48d7-87b9-8440f65c47f7,1773747770975977989,-0.13888375,-0.05086634,0.02476738
sensor_gyroscope,7d03ae92-e310-48d7-87b9-8440f65c47f7,1773747770995977573,-0.082424775,0.05139897,2.663159E-4
sensor_gyroscope,7d03ae92-e310-48d7-87b9-8440f65c47f7,1773747771016001218,-0.0046605286,0.05139897,-0.014647375
sensor_gyroscope,7d03ae92-e310-48d7-87b9-8440f65c47f7,1773747771035980593,0.01238369,-0.024234748,-7.9894776E-4
sensor_gyroscope,7d03ae92-e310-48d7-87b9-8440f65c47f7,1773747771056017000,-0.027031064,0.0087884255,0.006657898
sensor_gyroscope,7d03ae92-e310-48d7-87b9-8440f65c47f7,1773747771076000854,-0.015313165,0.047137916,0.003462107
sensor_gyroscope,7d03ae92-e310-48d7-87b9-8440f65c47f7,1773747771096047416,0.02410159,0.07376951,0.014114743
sensor_gyroscope,7d03ae92-e310-48d7-87b9-8440f65c47f7,1773747771116057416,0.054994237,0.08335688,0.018375797
sensor_gyroscope,7d03ae92-e310-48d7-87b9-8440f65c47f7,1773747771136064135,0.09653952,0.055660024,0.0077231615
sensor_gyroscope,7d03ae92-e310-48d7-87b9-8440f65c47f7,1773747771156081583,-0.07496793,-0.09134636,0.0013315795
sensor_gyroscope,7d03ae92-e310-48d7-87b9-8440f65c47f7,1773747771176091479,-0.21877852,-0.06684529,-0.01571264
sensor_gyroscope,7d03ae92-e310-48d7-87b9-8440f65c47f7,1773747771196102104,-0.10159952,0.053529497,-0.029561065
sensor_gyroscope,7d03ae92-e310-48d7-87b9-8440f65c47f7,1773747771216101166,-0.032357384,0.055660024,0.0077231615
sensor_gyroscope,7d03ae92-e310-48d7-87b9-8440f65c47f7,1773747771236089760,-0.10266478,-0.008255793,0.020506324
sensor_gyroscope,7d03ae92-e310-48d7-87b9-8440f65c47f7,1773747771256107625,-0.1665806,-0.04234423,0.022636853
sensor_gyroscope,7d03ae92-e310-48d7-87b9-8440f65c47f7,1773747771276115021,-0.104795314,0.0023968432,0.015180007
sensor_gyroscope,7d03ae92-e310-48d7-87b9-8440f65c47f7,1773747771296156896,-0.032357384,-0.012516848,0.01624527
sensor_gyroscope,7d03ae92-e310-48d7-87b9-8440f65c47f7,1773747771316134500,0.01238369,-0.0061252657,0.011984216
sensor_gyroscope,7d03ae92-e310-48d7-87b9-8440f65c47f7,1773747771336177781,0.01238369,-7.9894776E-4,-0.008255793
sensor_gyroscope,7d03ae92-e310-48d7-87b9-8440f65c47f7,1773747771356170698,-0.0067910557,0.05672529,-0.016777903
sensor_gyroscope,7d03ae92-e310-48d7-87b9-8440f65c47f7,1773747771376197989,-0.053662658,0.079095826,-0.0061252657
sensor_gyroscope,7d03ae92-e310-48d7-87b9-8440f65c47f7,1773747771396176323,-0.06325003,0.05033371,0.0045273704
sensor_gyroscope,7d03ae92-e310-48d7-87b9-8440f65c47f7,1773747771416188823,-0.035553172,-0.0018642114,0.0013315795
sensor_gyroscope,7d03ae92-e310-48d7-87b9-8440f65c47f7,1773747771436201323,-0.0046605286,-0.071106344,0.0013315795
sensor_gyroscope,7d03ae92-e310-48d7-87b9-8440f65c47f7,1773747771456215906,0.020905798,-0.055127393,0.005592634
sensor_gyroscope,7d03ae92-e310-48d7-87b9-8440f65c47f7,1773747771476240073,0.02410159,0.02157159,0.0045273704
sensor_gyroscope,7d03ae92-e310-48d7-87b9-8440f65c47f7,1773747771496266114,-0.0014647375,0.06631266,0.003462107
sensor_gyroscope,7d03ae92-e310-48d7-87b9-8440f65c47f7,1773747771516247677,0.009187899,0.03968107,-7.9894776E-4
sensor_gyroscope,7d03ae92-e310-48d7-87b9-8440f65c47f7,1773747771536281218,0.0560595,0.037550543,0.0045273704
sensor_gyroscope,7d03ae92-e310-48d7-87b9-8440f65c47f7,1773747771556295958,0.033688962,0.0077231615,0.0087884255
sensor_gyroscope,7d03ae92-e310-48d7-87b9-8440f65c47f7,1773747771576305177,-0.012117374,-0.012516848,-0.010386321
sensor_gyroscope,7d03ae92-e310-48d7-87b9-8440f65c47f7,1773747771596302521,-0.017443692,-0.01571264,-0.008255793
sensor_gyroscope,7d03ae92-e310-48d7-87b9-8440f65c47f7,1773747771616334135,0.0017310535,0.0087884255,-0.0018642114
sensor_gyroscope,7d03ae92-e310-48d7-87b9-8440f65c47f7,1773747771636338979,-3.9947388E-4,-0.0061252657,-0.005060002
sensor_gyroscope,7d03ae92-e310-48d7-87b9-8440f65c47f7,1773747771656322000,-0.002530001,-0.01890843,-0.014647375
sensor_gyroscope,7d03ae92-e310-48d7-87b9-8440f65c47f7,1773747771676362468,-0.03981423,-0.04447476,-0.0039947387
sensor_gyroscope,7d03ae92-e310-48d7-87b9-8440f65c47f7,1773747771696372729,-0.11864374,-0.05725792,0.02157159
sensor_gyroscope,7d03ae92-e310-48d7-87b9-8440f65c47f7,1773747771716357937,-0.104795314,-0.04447476,0.029028434
sensor_gyroscope,7d03ae92-e310-48d7-87b9-8440f65c47f7,1773747771736392000,0.05286371,-0.0071905297,0.026897907
sensor_gyroscope,7d03ae92-e310-48d7-87b9-8440f65c47f7,1773747771756403354,0.16258587,0.01624527,0.01304948
sensor_gyroscope,7d03ae92-e310-48d7-87b9-8440f65c47f7,1773747771776413666,0.101865835,0.017310534,-0.014647375
sensor_gyroscope,7d03ae92-e310-48d7-87b9-8440f65c47f7,1773747771796426166,-0.027031064,0.05992108,-0.010386321
sensor_gyroscope,7d03ae92-e310-48d7-87b9-8440f65c47f7,1773747771816433614,-0.07922898,0.05779055,0.01624527
sensor_gyroscope,7d03ae92-e310-48d7-87b9-8440f65c47f7,1773747771836420541,-0.021704746,-0.011451584,0.0109189525
sensor_gyroscope,7d03ae92-e310-48d7-87b9-8440f65c47f7,1773747771856454552,0.014514217,-0.031691592,0.0013315795
sensor_gyroscope,7d03ae92-e310-48d7-87b9-8440f65c47f7,1773747771876469291,-0.02277001,-0.03062633,0.0013315795
sensor_gyroscope,7d03ae92-e310-48d7-87b9-8440f65c47f7,1773747771896481687,-0.05472792,-0.052996866,0.0045273704
sensor_gyroscope,7d03ae92-e310-48d7-87b9-8440f65c47f7,1773747771916463198,-0.0259658,-0.009321057,0.0023968432
sensor_gyroscope,7d03ae92-e310-48d7-87b9-8440f65c47f7,1773747771936500021,0.039015282,0.017310534,0.0023968432
sensor_gyroscope,7d03ae92-e310-48d7-87b9-8440f65c47f7,1773747771956494708,0.080560565,0.05033371,-0.013582111
sensor_gyroscope,7d03ae92-e310-48d7-87b9-8440f65c47f7,1773747771976527573,0.030493172,0.011984216,-0.010386321
sensor_gyroscope,7d03ae92-e310-48d7-87b9-8440f65c47f7,1773747771996541427,-0.0046605286,0.009853689,-0.0018642114
sensor_gyroscope,7d03ae92-e310-48d7-87b9-8440f65c47f7,1773747772016546271,0.0038615807,-0.04447476,0.005592634
sensor_gyroscope,7d03ae92-e310-48d7-87b9-8440f65c47f7,1773747772036557937,0.034754228,-0.016777903,0.005592634
sensor_gyroscope,7d03ae92-e310-48d7-87b9-8440f65c47f7,1773747772056562260,0.03581949,-0.013582111,-0.0061252657
sensor_gyroscope,7d03ae92-e310-48d7-87b9-8440f65c47f7,1773747772076562364,0.025166854,0.023702117,-0.0061252657
sensor_gyroscope,7d03ae92-e310-48d7-87b9-8440f65c47f7,1773747772096590958,0.014514217,0.023702117,-0.0039947387
sensor_gyroscope,7d03ae92-e310-48d7-87b9-8440f65c47f7,1773747772116605281,-0.01957422,-0.0071905297,2.663159E-4
sensor_gyroscope,7d03ae92-e310-48d7-87b9-8440f65c47f7,1773747772136608823,-0.02277001,-0.034887385,0.005592634
sensor_gyroscope,7d03ae92-e310-48d7-87b9-8440f65c47f7,1773747772156625333,0.01238369,-0.0061252657,0.014114743
sensor_gyroscope,7d03ae92-e310-48d7-87b9-8440f65c47f7,1773747772176635541,-0.017443692,0.0023968432,0.01944106
sensor_gyroscope,7d03ae92-e310-48d7-87b9-8440f65c47f7,1773747772196626166,-0.11331742,-0.01890843,0.022636853
sensor_gyroscope,7d03ae92-e310-48d7-87b9-8440f65c47f7,1773747772216626687,-0.1431448,-0.028495802,0.02476738
sensor_gyroscope,7d03ae92-e310-48d7-87b9-8440f65c47f7,1773747772236666687,-0.09520794,-0.040213704,0.032224227
sensor_gyroscope,7d03ae92-e310-48d7-87b9-8440f65c47f7,1773747772256672833,-0.06964161,-7.9894776E-4,0.018375797
sensor_gyroscope,7d03ae92-e310-48d7-87b9-8440f65c47f7,1773747772276685854,-0.072837405,0.041811597,-7.9894776E-4
sensor_gyroscope,7d03ae92-e310-48d7-87b9-8440f65c47f7,1773747772296704031,-0.05472792,0.08122636,0.0023968432
sensor_gyroscope,7d03ae92-e310-48d7-87b9-8440f65c47f7,1773747772316713146,-0.04833634,0.09294425,-0.0071905297
sensor_gyroscope,7d03ae92-e310-48d7-87b9-8440f65c47f7,1773747772336691739,-0.07603319,0.101466365,-0.021038957
sensor_gyroscope,7d03ae92-e310-48d7-87b9-8440f65c47f7,1773747772356733093,-0.08988162,0.11318426,-0.026365275
sensor_gyroscope,7d03ae92-e310-48d7-87b9-8440f65c47f7,1773747772376744448,-0.06431529,0.10572742,-0.013582111
sensor_gyroscope,7d03ae92-e310-48d7-87b9-8440f65c47f7,1773747772396761271,-0.027031064,0.13861743,-0.005060002
sensor_gyroscope,7d03ae92-e310-48d7-87b9-8440f65c47f7,1773747772416761791,0.002796317,0.24407853,-0.014647375
sensor_gyroscope,7d03ae92-e310-48d7-87b9-8440f65c47f7,1773747772436770021,0.0070573715,0.26112276,-0.0071905297
sensor_gyroscope,7d03ae92-e310-48d7-87b9-8440f65c47f7,1773747772456783927,-0.027031064,0.20359851,0.01944106
sensor_gyroscope,7d03ae92-e310-48d7-87b9-8440f65c47f7,1773747772476800437,-0.04087949,0.088683195,0.020506324
sensor_gyroscope,7d03ae92-e310-48d7-87b9-8440f65c47f7,1773747772496812989,0.002796317,0.017310534,0.015180007
sensor_gyroscope,7d03ae92-e310-48d7-87b9-8440f65c47f7,1773747772516822677,0.05925529,0.06418213,-0.0061252657
sensor_gyroscope,7d03ae92-e310-48d7-87b9-8440f65c47f7,1773747772536832833,0.030493172,0.025832644,-0.0071905297
sensor_gyroscope,7d03ae92-e310-48d7-87b9-8440f65c47f7,1773747772556840541,-0.033422645,-0.03701791,-0.008255793
sensor_gyroscope,7d03ae92-e310-48d7-87b9-8440f65c47f7,1773747772576851739,-0.04301002,-0.014647375,-0.011451584
sensor_gyroscope,7d03ae92-e310-48d7-87b9-8440f65c47f7,1773747772596865073,-3.9947388E-4,2.663159E-4,-0.023169484
sensor_gyroscope,7d03ae92-e310-48d7-87b9-8440f65c47f7,1773747772616873041,0.0038615807,-0.05086634,-0.002929475
sensor_gyroscope,7d03ae92-e310-48d7-87b9-8440f65c47f7,1773747772636891218,0.021971062,-0.02210422,2.663159E-4
sensor_gyroscope,7d03ae92-e310-48d7-87b9-8440f65c47f7,1773747772656892937,0.03581949,-0.031691592,0.005592634
sensor_gyroscope,7d03ae92-e310-48d7-87b9-8440f65c47f7,1773747772676914343,0.07310372,-0.008255793,-0.0071905297
sensor_gyroscope,7d03ae92-e310-48d7-87b9-8440f65c47f7,1773747772696927468,0.07736477,-0.008255793,-0.028495802
sensor_gyroscope,7d03ae92-e310-48d7-87b9-8440f65c47f7,1773747772716935646,0.05925529,0.049268443,-0.03914844
sensor_gyroscope,7d03ae92-e310-48d7-87b9-8440f65c47f7,1773747772736942625,-0.0259658,0.03648528,-0.005060002
sensor_gyroscope,7d03ae92-e310-48d7-87b9-8440f65c47f7,1773747772756957104,-0.03981423,0.003462107,0.037550543
sensor_gyroscope,7d03ae92-e310-48d7-87b9-8440f65c47f7,1773747772776968666,0.033688962,-0.0039947387,0.034354754
sensor_gyroscope,7d03ae92-e310-48d7-87b9-8440f65c47f7,1773747772796972677,0.08482162,0.01304948,0.005592634
sensor_gyroscope,7d03ae92-e310-48d7-87b9-8440f65c47f7,1773747772816989864,0.028362645,0.01944106,-0.014647375
sensor_gyroscope,7d03ae92-e310-48d7-87b9-8440f65c47f7,1773747772836995281,-0.038748965,0.003462107,-0.0061252657
sensor_gyroscope,7d03ae92-e310-48d7-87b9-8440f65c47f7,1773747772857003562,0.033688962,0.06311687,0.0109189525
sensor_gyroscope,7d03ae92-e310-48d7-87b9-8440f65c47f7,1773747772877018718,0.17749955,0.1279648,-0.012516848
sensor_gyroscope,7d03ae92-e310-48d7-87b9-8440f65c47f7,1773747772897027312,-0.037683703,-0.10945584,0.0023968432
sensor_gyroscope,7d03ae92-e310-48d7-87b9-8440f65c47f7,1773747772917043458,-0.14527532,-0.043409493,-0.0061252657
sensor_gyroscope,7d03ae92-e310-48d7-87b9-8440f65c47f7,1773747772937052468,-0.05472792,0.05992108,-0.024234748
sensor_gyroscope,7d03ae92-e310-48d7-87b9-8440f65c47f7,1773747772957062937,0.069907926,0.020506324,0.0023968432
sensor_gyroscope,7d03ae92-e310-48d7-87b9-8440f65c47f7,1773747772977075906,0.031558435,-0.07749793,0.03328949
sensor_gyroscope,7d03ae92-e310-48d7-87b9-8440f65c47f7,1773747772997056687,-0.062184766,-0.11584742,0.032224227
sensor_gyroscope,7d03ae92-e310-48d7-87b9-8440f65c47f7,1773747773017076062,-0.06857634,-0.09241162,0.01944106
sensor_gyroscope,7d03ae92-e310-48d7-87b9-8440f65c47f7,1773747773037105229,0.05392897,-0.059388448,0.006657898
sensor_gyroscope,7d03ae92-e310-48d7-87b9-8440f65c47f7,1773747773057119031,0.17004271,-0.05725792,-0.010386321
sensor_gyroscope,7d03ae92-e310-48d7-87b9-8440f65c47f7,1773747773077100437,0.1466069,-0.01890843,-0.02210422
sensor_gyroscope,7d03ae92-e310-48d7-87b9-8440f65c47f7,1773747773097111323,0.04860265,-0.03062633,-0.013582111
sensor_gyroscope,7d03ae92-e310-48d7-87b9-8440f65c47f7,1773747773117128562,0.058190025,-0.038083173,-0.008255793
sensor_gyroscope,7d03ae92-e310-48d7-87b9-8440f65c47f7,1773747773137132573,0.060320552,-0.027430538,0.01304948
sensor_gyroscope,7d03ae92-e310-48d7-87b9-8440f65c47f7,1773747773157178198,0.026232118,-0.008255793,0.020506324
sensor_gyroscope,7d03ae92-e310-48d7-87b9-8440f65c47f7,1773747773177188979,-0.014247901,-0.052996866,0.01624527
sensor_gyroscope,7d03ae92-e310-48d7-87b9-8440f65c47f7,1773747773197200906,-0.036618438,-0.07749793,0.009853689
sensor_gyroscope,7d03ae92-e310-48d7-87b9-8440f65c47f7,1773747773217205177,-0.08881636,-0.12863058,0.005592634
sensor_gyroscope,7d03ae92-e310-48d7-87b9-8440f65c47f7,1773747773237213510,-0.16018902,-0.16378428,0.003462107
sensor_gyroscope,7d03ae92-e310-48d7-87b9-8440f65c47f7,1773747773257222885,-0.16551533,-0.13821796,-0.0071905297
sensor_gyroscope,7d03ae92-e310-48d7-87b9-8440f65c47f7,1773747773277242416,-0.15060164,-0.13715269,-0.017843166
sensor_gyroscope,7d03ae92-e310-48d7-87b9-8440f65c47f7,1773747773297258146,-0.1665806,-0.13395691,-0.01571264
sensor_gyroscope,7d03ae92-e310-48d7-87b9-8440f65c47f7,1773747773317262989,-0.14101428,-0.13715269,-0.0071905297
sensor_gyroscope,7d03ae92-e310-48d7-87b9-8440f65c47f7,1773747773337276843,-0.06964161,-0.14780533,-0.008255793
sensor_gyroscope,7d03ae92-e310-48d7-87b9-8440f65c47f7,1773747773357286375,-0.027031064,-0.055127393,-0.012516848
sensor_gyroscope,7d03ae92-e310-48d7-87b9-8440f65c47f7,1773747773377301271,-0.0494016,0.03328949,2.663159E-4
sensor_gyroscope,7d03ae92-e310-48d7-87b9-8440f65c47f7,1773747773397308458,-0.053662658,0.08442214,-7.9894776E-4
sensor_gyroscope,7d03ae92-e310-48d7-87b9-8440f65c47f7,1773747773417319343,-0.04087949,0.05033371,-0.005060002
sensor_gyroscope,7d03ae92-e310-48d7-87b9-8440f65c47f7,1773747773437299187,0.010253162,0.014114743,-0.02210422
sensor_gyroscope,7d03ae92-e310-48d7-87b9-8440f65c47f7,1773747773457334396,0.06458161,-0.012516848,-0.024234748
sensor_gyroscope,7d03ae92-e310-48d7-87b9-8440f65c47f7,1773747773477318614,0.07523424,-7.9894776E-4,-0.028495802
sensor_gyroscope,7d03ae92-e310-48d7-87b9-8440f65c47f7,1773747773497332781,0.050733183,-0.017843166,-0.01890843
sensor_gyroscope,7d03ae92-e310-48d7-87b9-8440f65c47f7,1773747773517340750,0.051798444,0.006657898,-0.021038957
sensor_gyroscope,7d03ae92-e310-48d7-87b9-8440f65c47f7,1773747773537385958,0.033688962,0.037550543,-0.02210422
sensor_gyroscope,7d03ae92-e310-48d7-87b9-8440f65c47f7,1773747773557399812,-0.005725792,0.03328949,-0.008255793
sensor_gyroscope,7d03ae92-e310-48d7-87b9-8440f65c47f7,1773747773577408979,-0.0014647375,0.014114743,0.0013315795
sensor_gyroscope,7d03ae92-e310-48d7-87b9-8440f65c47f7,1773747773597391166,0.030493172,-0.013582111,0.0013315795
sensor_gyroscope,7d03ae92-e310-48d7-87b9-8440f65c47f7,1773747773617397052,0.04221107,-0.009321057,0.003462107
sensor_gyroscope,7d03ae92-e310-48d7-87b9-8440f65c47f7,1773747773637434864,0.033688962,0.01944106,0.0045273704
sensor_gyroscope,7d03ae92-e310-48d7-87b9-8440f65c47f7,1773747773657445229,6.6578976E-4,-0.019973693,0.0045273704
sensor_gyroscope,7d03ae92-e310-48d7-87b9-8440f65c47f7,1773747773677432781,0.051798444,-0.06684529,-0.017843166
sensor_gyroscope,7d03ae92-e310-48d7-87b9-8440f65c47f7,1773747773697442156,0.099735305,0.02796317,-0.02210422
sensor_gyroscope,7d03ae92-e310-48d7-87b9-8440f65c47f7,1773747773717459552,0.030493172,0.03968107,-0.0039947387
sensor_gyroscope,7d03ae92-e310-48d7-87b9-8440f65c47f7,1773747773737494239,-0.018508956,0.07376951,0.009853689
sensor_gyroscope,7d03ae92-e310-48d7-87b9-8440f65c47f7,1773747773757502729,-0.021704746,0.026897907,0.01304948
sensor_gyroscope,7d03ae92-e310-48d7-87b9-8440f65c47f7,1773747773777520333,0.013448954,-0.011451584,2.663159E-4
sensor_gyroscope,7d03ae92-e310-48d7-87b9-8440f65c47f7,1773747773797495177,-0.005725792,-0.026365275,-0.0061252657
sensor_gyroscope,7d03ae92-e310-48d7-87b9-8440f65c47f7,1773747773817506427,-0.037683703,-0.032756858,-0.010386321
sensor_gyroscope,7d03ae92-e310-48d7-87b9-8440f65c47f7,1773747773837549604,-0.018508956,-0.02210422,0.0023968432
sensor_gyroscope,7d03ae92-e310-48d7-87b9-8440f65c47f7,1773747773857558666,0.06245108,0.049268443,0.011984216
sensor_gyroscope,7d03ae92-e310-48d7-87b9-8440f65c47f7,1773747773877570385,0.15086797,0.1833585,-7.9894776E-4
sensor_gyroscope,7d03ae92-e310-48d7-87b9-8440f65c47f7,1773747773897581687,0.019840535,0.01944106,-0.02210422
sensor_gyroscope,7d03ae92-e310-48d7-87b9-8440f65c47f7,1773747773917564031,-0.13781849,-0.07430214,-0.014647375
sensor_gyroscope,7d03ae92-e310-48d7-87b9-8440f65c47f7,1773747773937599031,-0.030226856,0.01944106,-0.02210422
sensor_gyroscope,7d03ae92-e310-48d7-87b9-8440f65c47f7,1773747773957614135,0.039015282,-0.010386321,-0.0071905297
