input,session_id,timestamp,x,y,z
sensor_accelerometer,7d03ae92-e310-48d7-87b9-8440f65c47f7,1773747751504713771,-2.2055843,7.1934233,6.1597238
sensor_accelerometer,7d03ae92-e310-48d7-87b9-8440f65c47f7,1773747751524821843,-0.90329057,7.5140615,6.5282183
sensor_accelerometer,7d03ae92-e310-48d7-87b9-8440f65c47f7,1773747751544929916,-1.9423738,7.72463,5.690132
sensor_accelerometer,7d03ae92-e310-48d7-87b9-8440f65c47f7,1773747751565037989,-2.373082,7.6863446,5.8008003
sensor_accelerometer,7d03ae92-e310-48d7-87b9-8440f65c47f7,1773747751585146010,-1.5349957,8.629715,5.4029937
sensor_accelerometer,7d03ae92-e310-48d7-87b9-8440f65c47f7,1773747751605254083,-1.0372887,8.950952,5.383851
sensor_accelerometer,7d03ae92-e310-48d7-87b9-8440f65c47f7,1773747751625362156,-1.2287145,8.965308,6.5282183
sensor_accelerometer,7d03ae92-e310-48d7-87b9-8440f65c47f7,1773747751645470229,-1.7700906,10.100104,6.906883
sensor_accelerometer,7d03ae92-e310-48d7-87b9-8440f65c47f7,1773747751665549656,-1.0612168,6.661618,6.1597238
sensor_accelerometer,7d03ae92-e310-48d7-87b9-8440f65c47f7,1773747751685652781,0.70588267,5.0674,6.1214385
sensor_accelerometer,7d03ae92-e310-48d7-87b9-8440f65c47f7,1773747751705526635,2.472384,5.4406805,5.436493
sensor_accelerometer,7d03ae92-e310-48d7-87b9-8440f65c47f7,1773747751725533510,1.6013966,7.3513494,4.6175494
sensor_accelerometer,7d03ae92-e310-48d7-87b9-8440f65c47f7,1773747751745539239,0.38464624,6.2261243,4.3447676
sensor_accelerometer,7d03ae92-e310-48d7-87b9-8440f65c47f7,1773747751765549604,-0.3714857,5.230112,4.9674997
sensor_accelerometer,7d03ae92-e310-48d7-87b9-8440f65c47f7,1773747751785567989,0.37507495,5.3353963,6.6000032
sensor_accelerometer,7d03ae92-e310-48d7-87b9-8440f65c47f7,1773747751805581166,0.34157544,6.541977,8.970692
sensor_accelerometer,7d03ae92-e310-48d7-87b9-8440f65c47f7,1773747751825585385,1.8023937,5.9676995,9.133404
sensor_accelerometer,7d03ae92-e310-48d7-87b9-8440f65c47f7,1773747751845592573,2.1278176,4.718048,8.247461
sensor_accelerometer,7d03ae92-e310-48d7-87b9-8440f65c47f7,1773747751865600698,1.7210377,4.176672,7.7204423
sensor_accelerometer,7d03ae92-e310-48d7-87b9-8440f65c47f7,1773747751885613771,1.9076779,3.7746778,7.055238
sensor_accelerometer,7d03ae92-e310-48d7-87b9-8440f65c47f7,1773747751905643927,1.0648061,5.014758,5.872585
sensor_accelerometer,7d03ae92-e310-48d7-87b9-8440f65c47f7,1773747751925638406,0.111864455,5.445466,5.345566
sensor_accelerometer,7d03ae92-e310-48d7-87b9-8440f65c47f7,1773747751945652937,0.16450655,6.623333,5.968298
sensor_accelerometer,7d03ae92-e310-48d7-87b9-8440f65c47f7,1773747751965656271,0.863809,7.4566336,6.1214385
sensor_accelerometer,7d03ae92-e310-48d7-87b9-8440f65c47f7,1773747751985670073,0.89730847,7.2556367,6.193223
sensor_accelerometer,7d03ae92-e310-48d7-87b9-8440f65c47f7,1773747752005677104,0.5623133,7.0642104,6.897311
sensor_accelerometer,7d03ae92-e310-48d7-87b9-8440f65c47f7,1773747752025691896,0.20279172,7.0546393,7.6917286
sensor_accelerometer,7d03ae92-e310-48d7-87b9-8440f65c47f7,1773747752045709604,-0.089132644,6.8871417,8.041678
sensor_accelerometer,7d03ae92-e310-48d7-87b9-8440f65c47f7,1773747752065713354,-0.43848476,7.0546393,8.060822
sensor_accelerometer,7d03ae92-e310-48d7-87b9-8440f65c47f7,1773747752085724656,-0.42891344,6.901499,7.7443705
sensor_accelerometer,7d03ae92-e310-48d7-87b9-8440f65c47f7,1773747752105741896,-0.6448657,6.844071,7.1892357
sensor_accelerometer,7d03ae92-e310-48d7-87b9-8440f65c47f7,1773747752125752677,-0.6448657,6.71426,6.7872415
sensor_accelerometer,7d03ae92-e310-48d7-87b9-8440f65c47f7,1773747752145759864,-0.2853441,6.8201427,6.743572
sensor_accelerometer,7d03ae92-e310-48d7-87b9-8440f65c47f7,1773747752165763666,0.044865426,6.5898337,6.6717877
sensor_accelerometer,7d03ae92-e310-48d7-87b9-8440f65c47f7,1773747752185780385,-0.0317049,6.350551,6.806384
sensor_accelerometer,7d03ae92-e310-48d7-87b9-8440f65c47f7,1773747752205784187,-0.20398813,6.350551,6.9116683
sensor_accelerometer,7d03ae92-e310-48d7-87b9-8440f65c47f7,1773747752225806114,-0.232702,6.3457656,6.686145
sensor_accelerometer,7d03ae92-e310-48d7-87b9-8440f65c47f7,1773747752245821218,-0.20398813,6.4797635,6.1070814
sensor_accelerometer,7d03ae92-e310-48d7-87b9-8440f65c47f7,1773747752265815854,-0.232702,6.34098,5.9300127
sensor_accelerometer,7d03ae92-e310-48d7-87b9-8440f65c47f7,1773747752285828302,-0.46241298,6.3122663,6.2937217
sensor_accelerometer,7d03ae92-e310-48d7-87b9-8440f65c47f7,1773747752305838250,-0.43848476,6.3122663,6.8781686
sensor_accelerometer,7d03ae92-e310-48d7-87b9-8440f65c47f7,1773747752325881271,-0.29012975,6.7573314,7.2179494
sensor_accelerometer,7d03ae92-e310-48d7-87b9-8440f65c47f7,1773747752345857885,-0.17048861,6.4366927,6.274579
sensor_accelerometer,7d03ae92-e310-48d7-87b9-8440f65c47f7,1773747752365906791,-0.51505506,5.9964137,6.5425754
sensor_accelerometer,7d03ae92-e310-48d7-87b9-8440f65c47f7,1773747752385883198,-0.5204389,6.2117677,7.045666
sensor_accelerometer,7d03ae92-e310-48d7-87b9-8440f65c47f7,1773747752405921791,-0.49112684,6.1399827,7.7012997
sensor_accelerometer,7d03ae92-e310-48d7-87b9-8440f65c47f7,1773747752425922729,-0.5347959,6.393622,8.132606
sensor_accelerometer,7d03ae92-e310-48d7-87b9-8440f65c47f7,1773747752445917468,-0.42412782,6.1974106,7.8981094
sensor_accelerometer,7d03ae92-e310-48d7-87b9-8440f65c47f7,1773747752465923093,-0.5347959,6.168697,7.696514
sensor_accelerometer,7d03ae92-e310-48d7-87b9-8440f65c47f7,1773747752485969656,-0.37627137,6.101698,7.969894
sensor_accelerometer,7d03ae92-e310-48d7-87b9-8440f65c47f7,1773747752505945385,-0.0317049,6.125626,7.969894
sensor_accelerometer,7d03ae92-e310-48d7-87b9-8440f65c47f7,1773747752525992260,0.044865426,6.0107703,7.960323
sensor_accelerometer,7d03ae92-e310-48d7-87b9-8440f65c47f7,1773747752545968458,-0.012562319,6.0107703,7.524231
sensor_accelerometer,7d03ae92-e310-48d7-87b9-8440f65c47f7,1773747752565985177,-0.02213361,6.1064835,7.308877
sensor_accelerometer,7d03ae92-e310-48d7-87b9-8440f65c47f7,1773747752586021843,0.035294134,6.1495543,7.251449
sensor_accelerometer,7d03ae92-e310-48d7-87b9-8440f65c47f7,1773747752605997573,0.0017946169,6.2213387,7.26102
sensor_accelerometer,7d03ae92-e310-48d7-87b9-8440f65c47f7,1773747752626007729,-0.012562319,6.273981,7.2466636
sensor_accelerometer,7d03ae92-e310-48d7-87b9-8440f65c47f7,1773747752646017989,0.020937199,6.317052,7.227521
sensor_accelerometer,7d03ae92-e310-48d7-87b9-8440f65c47f7,1773747752666062729,0.020937199,6.4031935,7.112665
sensor_accelerometer,7d03ae92-e310-48d7-87b9-8440f65c47f7,1773747752686041896,0.04007978,6.652047,6.7633133
sensor_accelerometer,7d03ae92-e310-48d7-87b9-8440f65c47f7,1773747752706055593,-0.17527425,6.5754766,6.849455
sensor_accelerometer,7d03ae92-e310-48d7-87b9-8440f65c47f7,1773747752726061271,-0.1896312,6.5754766,7.0983086
sensor_accelerometer,7d03ae92-e310-48d7-87b9-8440f65c47f7,1773747752746101687,0.04965107,6.829714,6.8111696
sensor_accelerometer,7d03ae92-e310-48d7-87b9-8440f65c47f7,1773747752766119083,0.07836494,6.777072,6.250651
sensor_accelerometer,7d03ae92-e310-48d7-87b9-8440f65c47f7,1773747752786128771,-0.012562319,6.71426,6.2027946
sensor_accelerometer,7d03ae92-e310-48d7-87b9-8440f65c47f7,1773747752806105125,-0.24227329,6.829714,6.3511496
sensor_accelerometer,7d03ae92-e310-48d7-87b9-8440f65c47f7,1773747752826150958,-0.232702,6.8392854,6.768099
sensor_accelerometer,7d03ae92-e310-48d7-87b9-8440f65c47f7,1773747752846161218,-0.19920248,6.91107,6.6335025
sensor_accelerometer,7d03ae92-e310-48d7-87b9-8440f65c47f7,1773747752866158979,-0.06520442,7.0642104,6.5760746
sensor_accelerometer,7d03ae92-e310-48d7-87b9-8440f65c47f7,1773747752886181114,-0.02213361,6.978069,6.3750777
sensor_accelerometer,7d03ae92-e310-48d7-87b9-8440f65c47f7,1773747752906162156,-0.17048861,6.9876404,6.2123656
sensor_accelerometer,7d03ae92-e310-48d7-87b9-8440f65c47f7,1773747752926168718,-0.25184458,7.0689964,6.1214385
sensor_accelerometer,7d03ae92-e310-48d7-87b9-8440f65c47f7,1773747752946183979,-0.19441684,7.073782,5.872585
sensor_accelerometer,7d03ae92-e310-48d7-87b9-8440f65c47f7,1773747752966222156,-0.15134603,7.030711,5.7577295
sensor_accelerometer,7d03ae92-e310-48d7-87b9-8440f65c47f7,1773747752986215906,-0.25663024,7.126424,6.0544395
sensor_accelerometer,7d03ae92-e310-48d7-87b9-8440f65c47f7,1773747753006214448,-0.17048861,6.9972115,6.2315083
sensor_accelerometer,7d03ae92-e310-48d7-87b9-8440f65c47f7,1773747753026259291,0.016151553,7.049854,6.5904317
sensor_accelerometer,7d03ae92-e310-48d7-87b9-8440f65c47f7,1773747753046268823,-0.33320054,7.346564,6.5665035
sensor_accelerometer,7d03ae92-e310-48d7-87b9-8440f65c47f7,1773747753066256896,-0.07477571,7.4662046,6.0975103
sensor_accelerometer,7d03ae92-e310-48d7-87b9-8440f65c47f7,1773747753086280958,-0.10827523,6.9158554,5.393422
sensor_accelerometer,7d03ae92-e310-48d7-87b9-8440f65c47f7,1773747753106298354,0.34157544,7.0450683,5.5800624
sensor_accelerometer,7d03ae92-e310-48d7-87b9-8440f65c47f7,1773747753126310541,0.17407785,6.8488564,6.102296
sensor_accelerometer,7d03ae92-e310-48d7-87b9-8440f65c47f7,1773747753146294031,0.04007978,7.1934233,6.4995046
sensor_accelerometer,7d03ae92-e310-48d7-87b9-8440f65c47f7,1773747753166332833,-0.012562319,7.231708,5.9970117
sensor_accelerometer,7d03ae92-e310-48d7-87b9-8440f65c47f7,1773747753186307312,0.068793654,7.1455665,5.460421
sensor_accelerometer,7d03ae92-e310-48d7-87b9-8440f65c47f7,1773747753206344500,0.10707881,7.164709,5.6327047
sensor_accelerometer,7d03ae92-e310-48d7-87b9-8440f65c47f7,1773747753226354864,-0.046061836,7.164709,5.992226
sensor_accelerometer,7d03ae92-e310-48d7-87b9-8440f65c47f7,1773747753246344604,-0.036490545,7.0546393,7.0504518
sensor_accelerometer,7d03ae92-e310-48d7-87b9-8440f65c47f7,1773747753266385021,-0.036490545,7.016354,7.9363947
sensor_accelerometer,7d03ae92-e310-48d7-87b9-8440f65c47f7,1773747753286361583,-0.089132644,6.8105717,7.7587276
sensor_accelerometer,7d03ae92-e310-48d7-87b9-8440f65c47f7,1773747753306376166,0.0735793,7.2987075,6.3272214
sensor_accelerometer,7d03ae92-e310-48d7-87b9-8440f65c47f7,1773747753326416635,0.20279172,6.9732833,4.3878384
sensor_accelerometer,7d03ae92-e310-48d7-87b9-8440f65c47f7,1773747753346422156,-0.10827523,6.63769,5.087141
sensor_accelerometer,7d03ae92-e310-48d7-87b9-8440f65c47f7,1773747753366437104,-0.0317049,6.8345,6.6909304
sensor_accelerometer,7d03ae92-e310-48d7-87b9-8440f65c47f7,1773747753386450385,-0.060418773,7.1168528,7.428518
sensor_accelerometer,7d03ae92-e310-48d7-87b9-8440f65c47f7,1773747753406455177,0.016151553,7.3417783,6.3655066
sensor_accelerometer,7d03ae92-e310-48d7-87b9-8440f65c47f7,1773747753426441635,0.068793654,7.0259256,5.532206
sensor_accelerometer,7d03ae92-e310-48d7-87b9-8440f65c47f7,1773747753446480229,-0.28055847,6.901499,6.0783677
sensor_accelerometer,7d03ae92-e310-48d7-87b9-8440f65c47f7,1773747753466485073,-0.11306087,6.8057857,6.820741
sensor_accelerometer,7d03ae92-e310-48d7-87b9-8440f65c47f7,1773747753486493041,0.011365907,7.083353,7.0169525
sensor_accelerometer,7d03ae92-e310-48d7-87b9-8440f65c47f7,1773747753506511062,0.020937199,7.274779,6.9020967
sensor_accelerometer,7d03ae92-e310-48d7-87b9-8440f65c47f7,1773747753526522364,0.05922236,7.088139,6.792027
sensor_accelerometer,7d03ae92-e310-48d7-87b9-8440f65c47f7,1773747753546534708,0.04007978,6.8392854,6.9451675
sensor_accelerometer,7d03ae92-e310-48d7-87b9-8440f65c47f7,1773747753566547260,0.04007978,6.661618,6.3655066
sensor_accelerometer,7d03ae92-e310-48d7-87b9-8440f65c47f7,1773747753586541635,-0.29491538,6.8392854,5.858228
sensor_accelerometer,7d03ae92-e310-48d7-87b9-8440f65c47f7,1773747753606566323,-0.25184458,6.949355,5.3886366
sensor_accelerometer,7d03ae92-e310-48d7-87b9-8440f65c47f7,1773747753626575854,-0.42412782,7.279565,5.4317074
sensor_accelerometer,7d03ae92-e310-48d7-87b9-8440f65c47f7,1773747753646554656,0.07836494,7.20778,5.666204
sensor_accelerometer,7d03ae92-e310-48d7-87b9-8440f65c47f7,1773747753666600177,0.26021945,7.09771,6.451648
sensor_accelerometer,7d03ae92-e310-48d7-87b9-8440f65c47f7,1773747753686608718,-0.21355942,7.164709,6.863812
sensor_accelerometer,7d03ae92-e310-48d7-87b9-8440f65c47f7,1773747753706605854,-0.29491538,7.2556367,6.5090756
sensor_accelerometer,7d03ae92-e310-48d7-87b9-8440f65c47f7,1773747753726628406,-0.12263216,6.532406,6.174081
sensor_accelerometer,7d03ae92-e310-48d7-87b9-8440f65c47f7,1773747753746641010,0.13579269,6.9445696,6.422934
sensor_accelerometer,7d03ae92-e310-48d7-87b9-8440f65c47f7,1773747753766621583,0.020937199,7.0785675,6.3750777
sensor_accelerometer,7d03ae92-e310-48d7-87b9-8440f65c47f7,1773747753786632000,-0.13220344,7.3609204,6.5665035
sensor_accelerometer,7d03ae92-e310-48d7-87b9-8440f65c47f7,1773747753806676166,-0.093918286,7.2173514,6.0305114
sensor_accelerometer,7d03ae92-e310-48d7-87b9-8440f65c47f7,1773747753826677000,-0.0029910284,7.0211396,5.8630137
sensor_accelerometer,7d03ae92-e310-48d7-87b9-8440f65c47f7,1773747753846691479,0.016151553,6.858428,6.24108
sensor_accelerometer,7d03ae92-e310-48d7-87b9-8440f65c47f7,1773747753866672052,-0.06999006,6.8727846,6.265008
sensor_accelerometer,7d03ae92-e310-48d7-87b9-8440f65c47f7,1773747753886712260,-0.07477571,6.9445696,6.8446693
sensor_accelerometer,7d03ae92-e310-48d7-87b9-8440f65c47f7,1773747753906696062,-0.32362926,7.049854,6.9595246
sensor_accelerometer,7d03ae92-e310-48d7-87b9-8440f65c47f7,1773747753926741323,-0.3379862,6.939784,6.768099
sensor_accelerometer,7d03ae92-e310-48d7-87b9-8440f65c47f7,1773747753946750489,-0.20877378,6.939784,6.456434
sensor_accelerometer,7d03ae92-e310-48d7-87b9-8440f65c47f7,1773747753966762468,-0.06999006,7.0354967,6.413363
sensor_accelerometer,7d03ae92-e310-48d7-87b9-8440f65c47f7,1773747753986738354,-0.02213361,7.1934233,6.3607206
sensor_accelerometer,7d03ae92-e310-48d7-87b9-8440f65c47f7,1773747754006781062,-0.084346995,7.0115685,6.2315083
sensor_accelerometer,7d03ae92-e310-48d7-87b9-8440f65c47f7,1773747754026795698,0.011365907,6.661618,6.5808606
sensor_accelerometer,7d03ae92-e310-48d7-87b9-8440f65c47f7,1773747754046770125,0.04965107,6.580262,6.815955
sensor_accelerometer,7d03ae92-e310-48d7-87b9-8440f65c47f7,1773747754066783510,0.044865426,6.8632135,6.3655066
sensor_accelerometer,7d03ae92-e310-48d7-87b9-8440f65c47f7,1773747754086821791,-0.093918286,7.0115685,6.140581
sensor_accelerometer,7d03ae92-e310-48d7-87b9-8440f65c47f7,1773747754106804604,-0.06520442,7.140781,6.2267227
sensor_accelerometer,7d03ae92-e310-48d7-87b9-8440f65c47f7,1773747754126812260,-0.06999006,7.140781,6.183652
sensor_accelerometer,7d03ae92-e310-48d7-87b9-8440f65c47f7,1773747754146857312,0.08793623,7.049854,6.1070814
sensor_accelerometer,7d03ae92-e310-48d7-87b9-8440f65c47f7,1773747754166868562,0.0735793,7.006783,6.13101
sensor_accelerometer,7d03ae92-e310-48d7-87b9-8440f65c47f7,1773747754186848146,0.15014961,7.073782,6.3511496
sensor_accelerometer,7d03ae92-e310-48d7-87b9-8440f65c47f7,1773747754206851791,0.16450655,7.1024957,6.3655066
sensor_accelerometer,7d03ae92-e310-48d7-87b9-8440f65c47f7,1773747754226899812,0.064008005,7.059425,6.437291
sensor_accelerometer,7d03ae92-e310-48d7-87b9-8440f65c47f7,1773747754246909916,0.05922236,7.1072817,6.3511496
sensor_accelerometer,7d03ae92-e310-48d7-87b9-8440f65c47f7,1773747754266923718,0.10707881,7.1455665,6.2123656
sensor_accelerometer,7d03ae92-e310-48d7-87b9-8440f65c47f7,1773747754286934031,0.13579269,7.1742806,5.896513
sensor_accelerometer,7d03ae92-e310-48d7-87b9-8440f65c47f7,1773747754306944552,0.24107689,6.925427,5.6949177
sensor_accelerometer,7d03ae92-e310-48d7-87b9-8440f65c47f7,1773747754326948354,0.035294134,6.963712,5.776872
sensor_accelerometer,7d03ae92-e310-48d7-87b9-8440f65c47f7,1773747754346966479,0.12622139,6.786643,6.53779
sensor_accelerometer,7d03ae92-e310-48d7-87b9-8440f65c47f7,1773747754366970698,0.044865426,6.978069,7.036095
sensor_accelerometer,7d03ae92-e310-48d7-87b9-8440f65c47f7,1773747754386981948,0.064008005,7.3896346,6.518647
sensor_accelerometer,7d03ae92-e310-48d7-87b9-8440f65c47f7,1773747754406962937,0.15014961,7.2412796,6.049654
sensor_accelerometer,7d03ae92-e310-48d7-87b9-8440f65c47f7,1773747754426980854,0.23150559,6.74776,5.8821564
sensor_accelerometer,7d03ae92-e310-48d7-87b9-8440f65c47f7,1773747754447011166,0.064008005,6.7722864,6.332007
sensor_accelerometer,7d03ae92-e310-48d7-87b9-8440f65c47f7,1773747754467028458,-0.25184458,7.006783,7.3232336
sensor_accelerometer,7d03ae92-e310-48d7-87b9-8440f65c47f7,1773747754487040593,0.13100705,6.8345,7.624729
sensor_accelerometer,7d03ae92-e310-48d7-87b9-8440f65c47f7,1773747754507021583,0.15972091,6.901499,7.170093
sensor_accelerometer,7d03ae92-e310-48d7-87b9-8440f65c47f7,1773747754527025646,0.09272188,7.083353,6.3272214
sensor_accelerometer,7d03ae92-e310-48d7-87b9-8440f65c47f7,1773747754547038093,0.0065802624,7.09771,5.4221363
sensor_accelerometer,7d03ae92-e310-48d7-87b9-8440f65c47f7,1773747754567079239,-0.089132644,6.9062843,5.6374903
sensor_accelerometer,7d03ae92-e310-48d7-87b9-8440f65c47f7,1773747754587058250,-0.17048861,6.9302125,5.6039906
sensor_accelerometer,7d03ae92-e310-48d7-87b9-8440f65c47f7,1773747754607104604,-0.017347964,6.63769,6.5138617
sensor_accelerometer,7d03ae92-e310-48d7-87b9-8440f65c47f7,1773747754627114448,0.011365907,6.934998,7.146165
sensor_accelerometer,7d03ae92-e310-48d7-87b9-8440f65c47f7,1773747754647091791,-0.06520442,7.1024957,6.734001
sensor_accelerometer,7d03ae92-e310-48d7-87b9-8440f65c47f7,1773747754667103146,-0.11306087,7.3178496,6.8446693
sensor_accelerometer,7d03ae92-e310-48d7-87b9-8440f65c47f7,1773747754687142781,0.15493527,6.867999,6.897311
sensor_accelerometer,7d03ae92-e310-48d7-87b9-8440f65c47f7,1773747754707125177,0.16450655,6.623333,6.815955
sensor_accelerometer,7d03ae92-e310-48d7-87b9-8440f65c47f7,1773747754727135125,-0.07956135,6.8775706,5.776872
sensor_accelerometer,7d03ae92-e310-48d7-87b9-8440f65c47f7,1773747754747175021,-0.26620153,7.0642104,5.7433724
sensor_accelerometer,7d03ae92-e310-48d7-87b9-8440f65c47f7,1773747754767188458,-0.04127619,7.1455665,5.608776
sensor_accelerometer,7d03ae92-e310-48d7-87b9-8440f65c47f7,1773747754787165906,0.016151553,6.934998,5.5896335
sensor_accelerometer,7d03ae92-e310-48d7-87b9-8440f65c47f7,1773747754807210125,-0.16570297,7.2173514,6.1645093
sensor_accelerometer,7d03ae92-e310-48d7-87b9-8440f65c47f7,1773747754827221635,-0.5922236,7.236494,6.681359
sensor_accelerometer,7d03ae92-e310-48d7-87b9-8440f65c47f7,1773747754847236114,-0.32841492,6.815357,6.8446693
sensor_accelerometer,7d03ae92-e310-48d7-87b9-8440f65c47f7,1773747754867208979,-0.29012975,6.867999,6.743572
sensor_accelerometer,7d03ae92-e310-48d7-87b9-8440f65c47f7,1773747754887254500,-0.10348958,7.0689964,5.8390856
sensor_accelerometer,7d03ae92-e310-48d7-87b9-8440f65c47f7,1773747754907228771,-0.4432704,7.3896346,6.2267227
sensor_accelerometer,7d03ae92-e310-48d7-87b9-8440f65c47f7,1773747754927270593,-0.21834506,7.494919,5.8390856
sensor_accelerometer,7d03ae92-e310-48d7-87b9-8440f65c47f7,1773747754947283458,-0.11306087,6.6855464,6.3798633
sensor_accelerometer,7d03ae92-e310-48d7-87b9-8440f65c47f7,1773747754967265750,-0.14177474,6.867999,6.743572
sensor_accelerometer,7d03ae92-e310-48d7-87b9-8440f65c47f7,1773747754987273354,-0.20877378,6.9684978,6.341578
sensor_accelerometer,7d03ae92-e310-48d7-87b9-8440f65c47f7,1773747755007316375,-0.06520442,7.088139,6.2793646
sensor_accelerometer,7d03ae92-e310-48d7-87b9-8440f65c47f7,1773747755027295750,0.18843478,7.155138,6.9212394
sensor_accelerometer,7d03ae92-e310-48d7-87b9-8440f65c47f7,1773747755047304760,0.0065802624,7.1934233,6.6335025
sensor_accelerometer,7d03ae92-e310-48d7-87b9-8440f65c47f7,1773747755067348093,0.10229317,6.791429,6.681359
sensor_accelerometer,7d03ae92-e310-48d7-87b9-8440f65c47f7,1773747755087359291,-0.036490545,6.934998,6.1214385
sensor_accelerometer,7d03ae92-e310-48d7-87b9-8440f65c47f7,1773747755107371843,0.15014961,6.762715,5.72423
sensor_accelerometer,7d03ae92-e310-48d7-87b9-8440f65c47f7,1773747755127378875,-0.15613168,6.858428,6.2171516
sensor_accelerometer,7d03ae92-e310-48d7-87b9-8440f65c47f7,1773747755147393146,-0.49112684,6.8967133,6.926025
sensor_accelerometer,7d03ae92-e310-48d7-87b9-8440f65c47f7,1773747755167402521,-0.29491538,6.949355,7.0408807
sensor_accelerometer,7d03ae92-e310-48d7-87b9-8440f65c47f7,1773747755187384291,-0.16570297,7.1742806,6.7292156
sensor_accelerometer,7d03ae92-e310-48d7-87b9-8440f65c47f7,1773747755207428041,0.08315059,7.461419,6.4420767
sensor_accelerometer,7d03ae92-e310-48d7-87b9-8440f65c47f7,1773747755227438875,0.12143575,7.164709,6.298507
sensor_accelerometer,7d03ae92-e310-48d7-87b9-8440f65c47f7,1773747755247415854,0.2745764,6.5754766,6.5904317
sensor_accelerometer,7d03ae92-e310-48d7-87b9-8440f65c47f7,1773747755267424291,0.22671995,6.513263,6.413363
sensor_accelerometer,7d03ae92-e310-48d7-87b9-8440f65c47f7,1773747755287468979,0.04965107,6.661618,5.8630137
sensor_accelerometer,7d03ae92-e310-48d7-87b9-8440f65c47f7,1773747755307475073,0.05922236,6.9972115,5.9347982
sensor_accelerometer,7d03ae92-e310-48d7-87b9-8440f65c47f7,1773747755327489291,0.035294134,6.992426,6.2123656
sensor_accelerometer,7d03ae92-e310-48d7-87b9-8440f65c47f7,1773747755347499135,-0.026919255,7.112067,6.2841506
sensor_accelerometer,7d03ae92-e310-48d7-87b9-8440f65c47f7,1773747755367482937,-0.093918286,6.9732833,6.5234327
sensor_accelerometer,7d03ae92-e310-48d7-87b9-8440f65c47f7,1773747755387488562,0.0065802624,6.9876404,6.792027
sensor_accelerometer,7d03ae92-e310-48d7-87b9-8440f65c47f7,1773747755407502468,0.04965107,6.9541407,6.628717
sensor_accelerometer,7d03ae92-e310-48d7-87b9-8440f65c47f7,1773747755427521010,0.0017946169,6.9589267,6.3798633
sensor_accelerometer,7d03ae92-e310-48d7-87b9-8440f65c47f7,1773747755447522937,-0.089132644,7.0402822,6.2458653
sensor_accelerometer,7d03ae92-e310-48d7-87b9-8440f65c47f7,1773747755467567573,0.0735793,6.91107,6.0113688
sensor_accelerometer,7d03ae92-e310-48d7-87b9-8440f65c47f7,1773747755487543041,-0.11306087,6.8105717,6.1597238
sensor_accelerometer,7d03ae92-e310-48d7-87b9-8440f65c47f7,1773747755507552312,0.08315059,6.7429743,6.3942204
sensor_accelerometer,7d03ae92-e310-48d7-87b9-8440f65c47f7,1773747755527595073,0.035294134,6.844071,6.99781
sensor_accelerometer,7d03ae92-e310-48d7-87b9-8440f65c47f7,1773747755547605646,0.1788635,6.8345,7.2179494
sensor_accelerometer,7d03ae92-e310-48d7-87b9-8440f65c47f7,1773747755567618146,0.25543383,6.9062843,6.8015985
sensor_accelerometer,7d03ae92-e310-48d7-87b9-8440f65c47f7,1773747755587595593,0.016151553,7.126424,5.6327047
sensor_accelerometer,7d03ae92-e310-48d7-87b9-8440f65c47f7,1773747755607634760,-0.36191443,6.925427,5.1014977
sensor_accelerometer,7d03ae92-e310-48d7-87b9-8440f65c47f7,1773747755627616427,0.020937199,6.546763,6.384649
sensor_accelerometer,7d03ae92-e310-48d7-87b9-8440f65c47f7,1773747755647665437,-0.084346995,6.719046,6.9116683
sensor_accelerometer,7d03ae92-e310-48d7-87b9-8440f65c47f7,1773747755667670593,-0.24227329,7.016354,7.5146594
sensor_accelerometer,7d03ae92-e310-48d7-87b9-8440f65c47f7,1773747755687648093,-0.089132644,7.1072817,7.3136625
sensor_accelerometer,7d03ae92-e310-48d7-87b9-8440f65c47f7,1773747755707695333,0.09272188,6.978069,6.3607206
sensor_accelerometer,7d03ae92-e310-48d7-87b9-8440f65c47f7,1773747755727705229,0.15014961,6.815357,5.858228
sensor_accelerometer,7d03ae92-e310-48d7-87b9-8440f65c47f7,1773747755747716948,0.016151553,6.8727846,6.102296
sensor_accelerometer,7d03ae92-e310-48d7-87b9-8440f65c47f7,1773747755767721531,-0.10348958,6.815357,6.595217
sensor_accelerometer,7d03ae92-e310-48d7-87b9-8440f65c47f7,1773747755787738875,0.10707881,6.704689,6.6239314
sensor_accelerometer,7d03ae92-e310-48d7-87b9-8440f65c47f7,1773747755807748666,-0.1274178,6.8249283,6.9355965
sensor_accelerometer,7d03ae92-e310-48d7-87b9-8440f65c47f7,1773747755827757989,-0.20398813,6.901499,6.9595246
sensor_accelerometer,7d03ae92-e310-48d7-87b9-8440f65c47f7,1773747755847778458,0.025722843,6.6855464,6.8542404
sensor_accelerometer,7d03ae92-e310-48d7-87b9-8440f65c47f7,1773747755867747885,0.035294134,6.8392854,6.53779
sensor_accelerometer,7d03ae92-e310-48d7-87b9-8440f65c47f7,1773747755887756791,-0.026919255,6.9302125,6.384649
sensor_accelerometer,7d03ae92-e310-48d7-87b9-8440f65c47f7,1773747755907803718,-0.18484555,6.9062843,6.0687966
sensor_accelerometer,7d03ae92-e310-48d7-87b9-8440f65c47f7,1773747755927778510,-0.1896312,6.8488564,6.140581
sensor_accelerometer,7d03ae92-e310-48d7-87b9-8440f65c47f7,1773747755947818771,0.064008005,6.71426,6.470791
sensor_accelerometer,7d03ae92-e310-48d7-87b9-8440f65c47f7,1773747755967835333,-0.0029910284,6.8775706,6.547361
sensor_accelerometer,7d03ae92-e310-48d7-87b9-8440f65c47f7,1773747755987809135,0.08793623,6.8249283,7.117451
sensor_accelerometer,7d03ae92-e310-48d7-87b9-8440f65c47f7,1773747756007849031,-0.22791636,7.1359954,7.031309
sensor_accelerometer,7d03ae92-e310-48d7-87b9-8440f65c47f7,1773747756027866479,-0.27098715,7.1168528,6.073582
sensor_accelerometer,7d03ae92-e310-48d7-87b9-8440f65c47f7,1773747756047886271,0.0065802624,6.532406,6.006583
sensor_accelerometer,7d03ae92-e310-48d7-87b9-8440f65c47f7,1773747756067885958,0.064008005,6.5946193,6.446862
sensor_accelerometer,7d03ae92-e310-48d7-87b9-8440f65c47f7,1773747756087894552,-0.026919255,6.963712,6.969096
sensor_accelerometer,7d03ae92-e310-48d7-87b9-8440f65c47f7,1773747756107900593,-0.089132644,7.073782,6.6478596
sensor_accelerometer,7d03ae92-e310-48d7-87b9-8440f65c47f7,1773747756127914291,-0.093918286,6.8967133,6.1070814
sensor_accelerometer,7d03ae92-e310-48d7-87b9-8440f65c47f7,1773747756147898093,0.1788635,6.8345,6.0400825
sensor_accelerometer,7d03ae92-e310-48d7-87b9-8440f65c47f7,1773747756167941271,0.13100705,6.599405,6.1788664
sensor_accelerometer,7d03ae92-e310-48d7-87b9-8440f65c47f7,1773747756187919500,0.016151553,6.690332,6.7005014
sensor_accelerometer,7d03ae92-e310-48d7-87b9-8440f65c47f7,1773747756207960541,-0.21355942,6.7429743,7.227521
sensor_accelerometer,7d03ae92-e310-48d7-87b9-8440f65c47f7,1773747756227947416,-0.20398813,6.8105717,7.2562346
sensor_accelerometer,7d03ae92-e310-48d7-87b9-8440f65c47f7,1773747756247965646,-0.24705894,6.8536425,7.198807
sensor_accelerometer,7d03ae92-e310-48d7-87b9-8440f65c47f7,1773747756267962156,-0.02213361,6.8201427,6.9116683
sensor_accelerometer,7d03ae92-e310-48d7-87b9-8440f65c47f7,1773747756287976791,0.030508488,6.867999,6.303293
sensor_accelerometer,7d03ae92-e310-48d7-87b9-8440f65c47f7,1773747756307984239,-0.012562319,6.8345,6.116653
sensor_accelerometer,7d03ae92-e310-48d7-87b9-8440f65c47f7,1773747756328021479,-0.017347964,6.786643,6.6717877
sensor_accelerometer,7d03ae92-e310-48d7-87b9-8440f65c47f7,1773747756348037937,0.030508488,6.8871417,6.2937217
sensor_accelerometer,7d03ae92-e310-48d7-87b9-8440f65c47f7,1773747756368048041,-0.06999006,6.7525454,6.1357956
sensor_accelerometer,7d03ae92-e310-48d7-87b9-8440f65c47f7,1773747756388054187,-0.20877378,6.8967133,6.466005
sensor_accelerometer,7d03ae92-e310-48d7-87b9-8440f65c47f7,1773747756408068250,-0.19920248,6.9732833,6.806384
sensor_accelerometer,7d03ae92-e310-48d7-87b9-8440f65c47f7,1773747756428052416,0.064008005,7.1599236,6.6000032
sensor_accelerometer,7d03ae92-e310-48d7-87b9-8440f65c47f7,1773747756448090489,0.08315059,7.088139,5.982655
sensor_accelerometer,7d03ae92-e310-48d7-87b9-8440f65c47f7,1773747756468102833,-0.07956135,6.9302125,6.2267227
sensor_accelerometer,7d03ae92-e310-48d7-87b9-8440f65c47f7,1773747756488115125,-0.089132644,7.0115685,6.595217
sensor_accelerometer,7d03ae92-e310-48d7-87b9-8440f65c47f7,1773747756508102468,0.13100705,7.0019975,6.288936
sensor_accelerometer,7d03ae92-e310-48d7-87b9-8440f65c47f7,1773747756528135073,0.25064817,6.71426,5.977869
sensor_accelerometer,7d03ae92-e310-48d7-87b9-8440f65c47f7,1773747756548146323,-0.07477571,6.8871417,5.8917274
sensor_accelerometer,7d03ae92-e310-48d7-87b9-8440f65c47f7,1773747756568123875,-0.29491538,7.198209,5.8821564
sensor_accelerometer,7d03ae92-e310-48d7-87b9-8440f65c47f7,1773747756588141375,-0.232702,7.1216383,5.786443
sensor_accelerometer,7d03ae92-e310-48d7-87b9-8440f65c47f7,1773747756608172052,-0.055633128,7.0402822,5.6039906
sensor_accelerometer,7d03ae92-e310-48d7-87b9-8440f65c47f7,1773747756628156948,0.030508488,6.9589267,5.5226345
sensor_accelerometer,7d03ae92-e310-48d7-87b9-8440f65c47f7,1773747756648163406,-0.0029910284,6.9541407,5.7338014
sensor_accelerometer,7d03ae92-e310-48d7-87b9-8440f65c47f7,1773747756668212416,-0.012562319,7.112067,6.3655066
sensor_accelerometer,7d03ae92-e310-48d7-87b9-8440f65c47f7,1773747756688189239,0.12622139,6.9684978,6.6239314
sensor_accelerometer,7d03ae92-e310-48d7-87b9-8440f65c47f7,1773747756708204291,-0.0029910284,6.786643,6.9212394
sensor_accelerometer,7d03ae92-e310-48d7-87b9-8440f65c47f7,1773747756728244760,-0.017347964,6.7722864,7.0695944
sensor_accelerometer,7d03ae92-e310-48d7-87b9-8440f65c47f7,1773747756748220489,-0.012562319,6.844071,7.1078796
sensor_accelerometer,7d03ae92-e310-48d7-87b9-8440f65c47f7,1773747756768233771,-0.0317049,6.6759753,7.0025954
sensor_accelerometer,7d03ae92-e310-48d7-87b9-8440f65c47f7,1773747756788247104,0.10707881,6.9062843,7.079166
sensor_accelerometer,7d03ae92-e310-48d7-87b9-8440f65c47f7,1773747756808255906,0.016151553,6.8392854,6.9595246
sensor_accelerometer,7d03ae92-e310-48d7-87b9-8440f65c47f7,1773747756828263927,-0.0029910284,6.791429,7.055238
sensor_accelerometer,7d03ae92-e310-48d7-87b9-8440f65c47f7,1773747756848269708,0.0735793,6.8057857,7.155736
sensor_accelerometer,7d03ae92-e310-48d7-87b9-8440f65c47f7,1773747756868318041,0.0735793,6.7381887,7.18445
sensor_accelerometer,7d03ae92-e310-48d7-87b9-8440f65c47f7,1773747756888330802,0.09750752,6.680761,7.012167
sensor_accelerometer,7d03ae92-e310-48d7-87b9-8440f65c47f7,1773747756908335698,0.13100705,6.7429743,6.8255267
sensor_accelerometer,7d03ae92-e310-48d7-87b9-8440f65c47f7,1773747756928348927,0.09272188,6.7573314,6.6239314
sensor_accelerometer,7d03ae92-e310-48d7-87b9-8440f65c47f7,1773747756948327885,0.07836494,6.762715,6.3750777
sensor_accelerometer,7d03ae92-e310-48d7-87b9-8440f65c47f7,1773747756968367677,0.19322042,6.767501,6.346364
sensor_accelerometer,7d03ae92-e310-48d7-87b9-8440f65c47f7,1773747756988349343,0.2219343,6.801,6.561718
sensor_accelerometer,7d03ae92-e310-48d7-87b9-8440f65c47f7,1773747757008362000,0.20279172,6.762715,6.734001
sensor_accelerometer,7d03ae92-e310-48d7-87b9-8440f65c47f7,1773747757028370021,0.1788635,6.7094746,6.849455
sensor_accelerometer,7d03ae92-e310-48d7-87b9-8440f65c47f7,1773747757048402781,0.14536397,6.7429743,6.710073
sensor_accelerometer,7d03ae92-e310-48d7-87b9-8440f65c47f7,1773747757068427729,0.18364914,6.7525454,6.6239314
sensor_accelerometer,7d03ae92-e310-48d7-87b9-8440f65c47f7,1773747757088427521,0.17407785,6.844071,6.547361
sensor_accelerometer,7d03ae92-e310-48d7-87b9-8440f65c47f7,1773747757108414291,0.10707881,6.8632135,6.5425754
sensor_accelerometer,7d03ae92-e310-48d7-87b9-8440f65c47f7,1773747757128423562,0.14057833,6.9206414,6.5234327
sensor_accelerometer,7d03ae92-e310-48d7-87b9-8440f65c47f7,1773747757148437104,0.111864455,6.9445696,6.470791
sensor_accelerometer,7d03ae92-e310-48d7-87b9-8440f65c47f7,1773747757168480750,0.08315059,6.9302125,6.3655066
sensor_accelerometer,7d03ae92-e310-48d7-87b9-8440f65c47f7,1773747757188457989,0.12143575,6.8967133,6.3367925
sensor_accelerometer,7d03ae92-e310-48d7-87b9-8440f65c47f7,1773747757208464656,0.12143575,6.9158554,6.3798633
sensor_accelerometer,7d03ae92-e310-48d7-87b9-8440f65c47f7,1773747757228513875,0.068793654,6.901499,6.5090756
sensor_accelerometer,7d03ae92-e310-48d7-87b9-8440f65c47f7,1773747757248478771,0.111864455,6.9062843,6.384649
sensor_accelerometer,7d03ae92-e310-48d7-87b9-8440f65c47f7,1773747757268529708,0.08793623,6.963712,6.2602224
sensor_accelerometer,7d03ae92-e310-48d7-87b9-8440f65c47f7,1773747757288509604,0.08793623,7.016354,6.2602224
sensor_accelerometer,7d03ae92-e310-48d7-87b9-8440f65c47f7,1773747757308533250,0.09272188,6.9589267,6.3750777
sensor_accelerometer,7d03ae92-e310-48d7-87b9-8440f65c47f7,1773747757328562156,0.12622139,6.8775706,6.24108
sensor_accelerometer,7d03ae92-e310-48d7-87b9-8440f65c47f7,1773747757348574656,0.18364914,6.8105717,6.198009
sensor_accelerometer,7d03ae92-e310-48d7-87b9-8440f65c47f7,1773747757368584135,-0.02213361,7.073782,6.2554364
sensor_accelerometer,7d03ae92-e310-48d7-87b9-8440f65c47f7,1773747757388600281,0.2219343,6.9206414,6.2602224
sensor_accelerometer,7d03ae92-e310-48d7-87b9-8440f65c47f7,1773747757408603458,-0.04127619,7.059425,6.638288
sensor_accelerometer,7d03ae92-e310-48d7-87b9-8440f65c47f7,1773747757428592312,-0.11784652,7.073782,6.96431
sensor_accelerometer,7d03ae92-e310-48d7-87b9-8440f65c47f7,1773747757448585229,-0.04127619,7.049854,7.131808
sensor_accelerometer,7d03ae92-e310-48d7-87b9-8440f65c47f7,1773747757468607677,0.19322042,6.7381887,7.0600233
sensor_accelerometer,7d03ae92-e310-48d7-87b9-8440f65c47f7,1773747757488646896,0.12143575,6.9062843,6.6095743
sensor_accelerometer,7d03ae92-e310-48d7-87b9-8440f65c47f7,1773747757508659135,0.16450655,6.949355,5.977869
sensor_accelerometer,7d03ae92-e310-48d7-87b9-8440f65c47f7,1773747757528668927,0.15493527,6.9589267,5.9156556
sensor_accelerometer,7d03ae92-e310-48d7-87b9-8440f65c47f7,1773747757548684552,0.14536397,6.8536425,6.0687966
sensor_accelerometer,7d03ae92-e310-48d7-87b9-8440f65c47f7,1773747757568687677,0.1692922,6.882356,6.2267227
sensor_accelerometer,7d03ae92-e310-48d7-87b9-8440f65c47f7,1773747757588702729,-0.026919255,6.8919272,6.8446693
sensor_accelerometer,7d03ae92-e310-48d7-87b9-8440f65c47f7,1773747757608709708,0.04007978,6.9732833,6.7292156
sensor_accelerometer,7d03ae92-e310-48d7-87b9-8440f65c47f7,1773747757628727052,0.25543383,7.1455665,6.044868
sensor_accelerometer,7d03ae92-e310-48d7-87b9-8440f65c47f7,1773747757648715489,0.1788635,6.8632135,5.9635124
sensor_accelerometer,7d03ae92-e310-48d7-87b9-8440f65c47f7,1773747757668748510,0.13579269,6.8871417,6.470791
sensor_accelerometer,7d03ae92-e310-48d7-87b9-8440f65c47f7,1773747757688754239,0.09750752,6.8871417,7.1078796
sensor_accelerometer,7d03ae92-e310-48d7-87b9-8440f65c47f7,1773747757708738093,0.09750752,7.049854,7.3136625
sensor_accelerometer,7d03ae92-e310-48d7-87b9-8440f65c47f7,1773747757728777156,0.064008005,7.0450683,6.7387867
sensor_accelerometer,7d03ae92-e310-48d7-87b9-8440f65c47f7,1773747757748788562,0.08315059,6.8727846,5.5657053
sensor_accelerometer,7d03ae92-e310-48d7-87b9-8440f65c47f7,1773747757768802468,0.3702893,6.767501,5.393422
sensor_accelerometer,7d03ae92-e310-48d7-87b9-8440f65c47f7,1773747757788814760,0.054436713,6.7334027,5.992226
sensor_accelerometer,7d03ae92-e310-48d7-87b9-8440f65c47f7,1773747757808820489,0.0065802624,7.0019975,7.0025954
sensor_accelerometer,7d03ae92-e310-48d7-87b9-8440f65c47f7,1773747757828834708,-0.19920248,7.1599236,6.5904317
sensor_accelerometer,7d03ae92-e310-48d7-87b9-8440f65c47f7,1773747757848817833,0.14536397,7.016354,5.982655
sensor_accelerometer,7d03ae92-e310-48d7-87b9-8440f65c47f7,1773747757868856062,0.04965107,6.7962146,6.1070814
sensor_accelerometer,7d03ae92-e310-48d7-87b9-8440f65c47f7,1773747757888863406,-0.093918286,6.71426,6.820741
sensor_accelerometer,7d03ae92-e310-48d7-87b9-8440f65c47f7,1773747757908878458,0.14536397,7.0019975,6.643074
sensor_accelerometer,7d03ae92-e310-48d7-87b9-8440f65c47f7,1773747757928886114,0.41814575,6.8536425,6.8111696
sensor_accelerometer,7d03ae92-e310-48d7-87b9-8440f65c47f7,1773747757948894968,0.27936205,7.0259256,6.61436
sensor_accelerometer,7d03ae92-e310-48d7-87b9-8440f65c47f7,1773747757968905646,-0.14656039,6.728617,6.5521464
sensor_accelerometer,7d03ae92-e310-48d7-87b9-8440f65c47f7,1773747757988917781,-0.17048861,6.934998,6.53779
sensor_accelerometer,7d03ae92-e310-48d7-87b9-8440f65c47f7,1773747758008927729,0.030508488,6.829714,5.709873
sensor_accelerometer,7d03ae92-e310-48d7-87b9-8440f65c47f7,1773747758028945281,0.15493527,6.8345,6.3128643
sensor_accelerometer,7d03ae92-e310-48d7-87b9-8440f65c47f7,1773747758048920854,-0.13220344,6.728617,7.328019
sensor_accelerometer,7d03ae92-e310-48d7-87b9-8440f65c47f7,1773747758068963250,-0.1369891,6.9541407,7.5673018
sensor_accelerometer,7d03ae92-e310-48d7-87b9-8440f65c47f7,1773747758088971271,-0.017347964,6.978069,7.055238
sensor_accelerometer,7d03ae92-e310-48d7-87b9-8440f65c47f7,1773747758108981687,0.12143575,7.0642104,6.4755764
sensor_accelerometer,7d03ae92-e310-48d7-87b9-8440f65c47f7,1773747758128999343,0.15493527,7.2556367,5.8917274
sensor_accelerometer,7d03ae92-e310-48d7-87b9-8440f65c47f7,1773747758149004239,0.31286156,6.7094746,5.829514
sensor_accelerometer,7d03ae92-e310-48d7-87b9-8440f65c47f7,1773747758169018614,0.31764722,6.4845495,6.2697935
sensor_accelerometer,7d03ae92-e310-48d7-87b9-8440f65c47f7,1773747758189026843,0.044865426,6.6711893,6.7148585
sensor_accelerometer,7d03ae92-e310-48d7-87b9-8440f65c47f7,1773747758209039916,-0.036490545,6.867999,6.7387867
sensor_accelerometer,7d03ae92-e310-48d7-87b9-8440f65c47f7,1773747758229049812,0.011365907,6.8488564,6.561718
sensor_accelerometer,7d03ae92-e310-48d7-87b9-8440f65c47f7,1773747758249048927,0.12622139,6.8775706,6.049654
sensor_accelerometer,7d03ae92-e310-48d7-87b9-8440f65c47f7,1773747758269076375,-0.012562319,7.1886373,6.0687966
sensor_accelerometer,7d03ae92-e310-48d7-87b9-8440f65c47f7,1773747758289082416,0.31286156,6.992426,6.494719
sensor_accelerometer,7d03ae92-e310-48d7-87b9-8440f65c47f7,1773747758309063198,0.3272185,6.7818575,6.1788664
sensor_accelerometer,7d03ae92-e310-48d7-87b9-8440f65c47f7,1773747758329070593,-0.089132644,6.858428,6.667002
sensor_accelerometer,7d03ae92-e310-48d7-87b9-8440f65c47f7,1773747758349110698,-0.27098715,6.815357,7.179664
sensor_accelerometer,7d03ae92-e310-48d7-87b9-8440f65c47f7,1773747758369091218,0.09750752,6.4127645,7.4380894
sensor_accelerometer,7d03ae92-e310-48d7-87b9-8440f65c47f7,1773747758389108198,0.0065802624,6.867999,6.53779
sensor_accelerometer,7d03ae92-e310-48d7-87b9-8440f65c47f7,1773747758409115593,-0.10348958,7.3178496,6.150152
sensor_accelerometer,7d03ae92-e310-48d7-87b9-8440f65c47f7,1773747758429141166,-0.0317049,7.1599236,6.4995046
sensor_accelerometer,7d03ae92-e310-48d7-87b9-8440f65c47f7,1773747758449141062,0.04965107,6.8727846,6.6095743
sensor_accelerometer,7d03ae92-e310-48d7-87b9-8440f65c47f7,1773747758469144708,0.14536397,6.546763,6.4181485
sensor_accelerometer,7d03ae92-e310-48d7-87b9-8440f65c47f7,1773747758489188041,0.064008005,6.7525454,6.3367925
sensor_accelerometer,7d03ae92-e310-48d7-87b9-8440f65c47f7,1773747758509197260,-0.098703936,6.8249283,5.791229
sensor_accelerometer,7d03ae92-e310-48d7-87b9-8440f65c47f7,1773747758529178250,0.016151553,6.844071,6.2602224
sensor_accelerometer,7d03ae92-e310-48d7-87b9-8440f65c47f7,1773747758549221427,-0.093918286,7.0689964,6.930811
sensor_accelerometer,7d03ae92-e310-48d7-87b9-8440f65c47f7,1773747758569198875,-0.12263216,6.939784,7.3375907
sensor_accelerometer,7d03ae92-e310-48d7-87b9-8440f65c47f7,1773747758589210646,-0.089132644,6.9541407,6.595217
sensor_accelerometer,7d03ae92-e310-48d7-87b9-8440f65c47f7,1773747758609240541,0.030508488,6.8105717,6.389435
sensor_accelerometer,7d03ae92-e310-48d7-87b9-8440f65c47f7,1773747758629241791,0.011365907,7.0354967,6.389435
sensor_accelerometer,7d03ae92-e310-48d7-87b9-8440f65c47f7,1773747758649245489,-0.11306087,6.9445696,6.3798633
sensor_accelerometer,7d03ae92-e310-48d7-87b9-8440f65c47f7,1773747758669259968,-0.046061836,6.829714,6.154938
sensor_accelerometer,7d03ae92-e310-48d7-87b9-8440f65c47f7,1773747758689295437,0.016151553,6.6568327,6.456434
sensor_accelerometer,7d03ae92-e310-48d7-87b9-8440f65c47f7,1773747758709278354,-0.14177474,6.815357,6.355935
sensor_accelerometer,7d03ae92-e310-48d7-87b9-8440f65c47f7,1773747758729318354,0.04965107,6.858428,6.1597238
sensor_accelerometer,7d03ae92-e310-48d7-87b9-8440f65c47f7,1773747758749329552,-0.089132644,6.934998,6.571289
sensor_accelerometer,7d03ae92-e310-48d7-87b9-8440f65c47f7,1773747758769340177,-0.29970104,6.867999,7.1748786
sensor_accelerometer,7d03ae92-e310-48d7-87b9-8440f65c47f7,1773747758789350541,-0.10827523,6.8727846,6.9595246
sensor_accelerometer,7d03ae92-e310-48d7-87b9-8440f65c47f7,1773747758809333146,-0.055633128,6.8201427,6.710073
sensor_accelerometer,7d03ae92-e310-48d7-87b9-8440f65c47f7,1773747758829341531,0.016151553,7.1359954,6.50429
sensor_accelerometer,7d03ae92-e310-48d7-87b9-8440f65c47f7,1773747758849351791,0.0017946169,7.164709,6.1884375
sensor_accelerometer,7d03ae92-e310-48d7-87b9-8440f65c47f7,1773747758869364500,0.04007978,6.7525454,6.2602224
sensor_accelerometer,7d03ae92-e310-48d7-87b9-8440f65c47f7,1773747758889405593,0.07836494,6.273981,6.897311
sensor_accelerometer,7d03ae92-e310-48d7-87b9-8440f65c47f7,1773747758909417364,-0.10348958,6.661618,6.667002
sensor_accelerometer,7d03ae92-e310-48d7-87b9-8440f65c47f7,1773747758929423041,-0.06520442,7.0689964,6.1884375
sensor_accelerometer,7d03ae92-e310-48d7-87b9-8440f65c47f7,1773747758949437156,-0.017347964,7.1503525,5.9060845
sensor_accelerometer,7d03ae92-e310-48d7-87b9-8440f65c47f7,1773747758969451843,-0.036490545,6.867999,6.116653
sensor_accelerometer,7d03ae92-e310-48d7-87b9-8440f65c47f7,1773747758989462937,-0.036490545,6.6568327,6.456434
sensor_accelerometer,7d03ae92-e310-48d7-87b9-8440f65c47f7,1773747759009443614,0.13579269,6.992426,6.77767
sensor_accelerometer,7d03ae92-e310-48d7-87b9-8440f65c47f7,1773747759029482729,0.24107689,6.8919272,6.61436
sensor_accelerometer,7d03ae92-e310-48d7-87b9-8440f65c47f7,1773747759049482989,0.07836494,6.7381887,6.4420767
sensor_accelerometer,7d03ae92-e310-48d7-87b9-8440f65c47f7,1773747759069507833,-0.40498522,7.0689964,6.4995046
sensor_accelerometer,7d03ae92-e310-48d7-87b9-8440f65c47f7,1773747759089516896,-0.34277186,6.6855464,6.8781686
sensor_accelerometer,7d03ae92-e310-48d7-87b9-8440f65c47f7,1773747759109501791,0.1788635,6.503692,7.0839515
sensor_accelerometer,7d03ae92-e310-48d7-87b9-8440f65c47f7,1773747759129538302,-0.017347964,7.0115685,6.346364
sensor_accelerometer,7d03ae92-e310-48d7-87b9-8440f65c47f7,1773747759149512260,-0.060418773,7.1455665,5.752944
sensor_accelerometer,7d03ae92-e310-48d7-87b9-8440f65c47f7,1773747759169523250,-0.017347964,7.016354,6.2793646
sensor_accelerometer,7d03ae92-e310-48d7-87b9-8440f65c47f7,1773747759189570698,0.09272188,6.7962146,6.518647
sensor_accelerometer,7d03ae92-e310-48d7-87b9-8440f65c47f7,1773747759209544187,-0.036490545,6.532406,7.3950186
sensor_accelerometer,7d03ae92-e310-48d7-87b9-8440f65c47f7,1773747759229557416,-0.1274178,6.63769,6.5138617
sensor_accelerometer,7d03ae92-e310-48d7-87b9-8440f65c47f7,1773747759249581583,-0.0029910284,6.7334027,6.2027946
sensor_accelerometer,7d03ae92-e310-48d7-87b9-8440f65c47f7,1773747759269612052,-0.22791636,6.7429743,6.8111696
sensor_accelerometer,7d03ae92-e310-48d7-87b9-8440f65c47f7,1773747759289617885,-0.29970104,6.7238317,7.7300134
sensor_accelerometer,7d03ae92-e310-48d7-87b9-8440f65c47f7,1773747759309631427,-0.17048861,6.8536425,7.4715886
sensor_accelerometer,7d03ae92-e310-48d7-87b9-8440f65c47f7,1773747759329646166,-0.06999006,7.1503525,6.652645
sensor_accelerometer,7d03ae92-e310-48d7-87b9-8440f65c47f7,1773747759349656635,-0.046061836,7.461419,6.025726
sensor_accelerometer,7d03ae92-e310-48d7-87b9-8440f65c47f7,1773747759369663354,0.10707881,6.5371914,6.5808606
sensor_accelerometer,7d03ae92-e310-48d7-87b9-8440f65c47f7,1773747759389675646,0.10229317,6.317052,7.4189467
sensor_accelerometer,7d03ae92-e310-48d7-87b9-8440f65c47f7,1773747759409682885,0.0735793,6.5946193,6.1788664
sensor_accelerometer,7d03ae92-e310-48d7-87b9-8440f65c47f7,1773747759429672260,-0.026919255,6.431907,5.729016
sensor_accelerometer,7d03ae92-e310-48d7-87b9-8440f65c47f7,1773747759449670229,-0.02213361,6.7962146,5.4795637
sensor_accelerometer,7d03ae92-e310-48d7-87b9-8440f65c47f7,1773747759469722729,0.15972091,6.8105717,6.035297
sensor_accelerometer,7d03ae92-e310-48d7-87b9-8440f65c47f7,1773747759489729708,0.09272188,7.0642104,6.470791
sensor_accelerometer,7d03ae92-e310-48d7-87b9-8440f65c47f7,1773747759509739760,0.31764722,6.777072,7.012167
sensor_accelerometer,7d03ae92-e310-48d7-87b9-8440f65c47f7,1773747759529750802,0.21714866,6.5946193,6.96431
sensor_accelerometer,7d03ae92-e310-48d7-87b9-8440f65c47f7,1773747759549761687,-0.19920248,6.7962146,6.8111696
sensor_accelerometer,7d03ae92-e310-48d7-87b9-8440f65c47f7,1773747759569775229,-0.36191443,6.9732833,6.815955
sensor_accelerometer,7d03ae92-e310-48d7-87b9-8440f65c47f7,1773747759589786323,-0.17527425,6.91107,6.906883
sensor_accelerometer,7d03ae92-e310-48d7-87b9-8440f65c47f7,1773747759609790177,-0.050847482,6.8392854,6.7244296
sensor_accelerometer,7d03ae92-e310-48d7-87b9-8440f65c47f7,1773747759629778458,0.044865426,6.867999,6.7005014
sensor_accelerometer,7d03ae92-e310-48d7-87b9-8440f65c47f7,1773747759649792521,0.13579269,6.767501,6.4181485
sensor_accelerometer,7d03ae92-e310-48d7-87b9-8440f65c47f7,1773747759669793354,0.12622139,6.786643,6.035297
sensor_accelerometer,7d03ae92-e310-48d7-87b9-8440f65c47f7,1773747759689840646,-0.04127619,6.7818575,6.3367925
sensor_accelerometer,7d03ae92-e310-48d7-87b9-8440f65c47f7,1773747759709839500,0.12143575,6.74776,6.274579
sensor_accelerometer,7d03ae92-e310-48d7-87b9-8440f65c47f7,1773747759729863406,0.10229317,6.8919272,6.686145
sensor_accelerometer,7d03ae92-e310-48d7-87b9-8440f65c47f7,1773747759749867625,-0.017347964,6.6568327,6.882954
sensor_accelerometer,7d03ae92-e310-48d7-87b9-8440f65c47f7,1773747759769884760,-0.19441684,6.978069,6.916454
sensor_accelerometer,7d03ae92-e310-48d7-87b9-8440f65c47f7,1773747759789894396,-0.21834506,6.8201427,6.806384
sensor_accelerometer,7d03ae92-e310-48d7-87b9-8440f65c47f7,1773747759809875437,0.15014961,6.801,6.8685975
sensor_accelerometer,7d03ae92-e310-48d7-87b9-8440f65c47f7,1773747759829884500,0.111864455,6.786643,6.4037914
sensor_accelerometer,7d03ae92-e310-48d7-87b9-8440f65c47f7,1773747759849920281,-0.02213361,6.9206414,5.9156556
sensor_accelerometer,7d03ae92-e310-48d7-87b9-8440f65c47f7,1773747759869929552,-0.06520442,6.7573314,6.604789
sensor_accelerometer,7d03ae92-e310-48d7-87b9-8440f65c47f7,1773747759889913666,0.011365907,6.7094746,6.3942204
sensor_accelerometer,7d03ae92-e310-48d7-87b9-8440f65c47f7,1773747759909948458,0.21714866,6.7381887,6.4755764
sensor_accelerometer,7d03ae92-e310-48d7-87b9-8440f65c47f7,1773747759929967989,0.05922236,6.8919272,6.806384
sensor_accelerometer,7d03ae92-e310-48d7-87b9-8440f65c47f7,1773747759949948198,-0.25663024,6.801,6.8398833
sensor_accelerometer,7d03ae92-e310-48d7-87b9-8440f65c47f7,1773747759969956687,-0.21355942,6.777072,6.782456
sensor_accelerometer,7d03ae92-e310-48d7-87b9-8440f65c47f7,1773747759989968510,-0.060418773,6.4845495,7.198807
sensor_accelerometer,7d03ae92-e310-48d7-87b9-8440f65c47f7,1773747760009977208,0.10229317,6.939784,6.604789
sensor_accelerometer,7d03ae92-e310-48d7-87b9-8440f65c47f7,1773747760030025489,-0.20398813,7.1072817,6.355935
sensor_accelerometer,7d03ae92-e310-48d7-87b9-8440f65c47f7,1773747760049974396,0.020937199,7.1359954,6.2171516
sensor_accelerometer,7d03ae92-e310-48d7-87b9-8440f65c47f7,1773747760070041166,-0.10827523,6.8249283,6.5425754
sensor_accelerometer,7d03ae92-e310-48d7-87b9-8440f65c47f7,1773747760090052052,-0.18005991,6.7962146,6.2937217
sensor_accelerometer,7d03ae92-e310-48d7-87b9-8440f65c47f7,1773747760110064448,-0.1369891,6.6281185,5.786443
sensor_accelerometer,7d03ae92-e310-48d7-87b9-8440f65c47f7,1773747760130071166,-0.04127619,6.815357,5.9491553
sensor_accelerometer,7d03ae92-e310-48d7-87b9-8440f65c47f7,1773747760150089083,-0.29012975,6.9589267,6.768099
sensor_accelerometer,7d03ae92-e310-48d7-87b9-8440f65c47f7,1773747760170091271,-0.32362926,7.073782,7.0600233
sensor_accelerometer,7d03ae92-e310-48d7-87b9-8440f65c47f7,1773747760190111896,-0.23748764,7.0450683,7.0265236
sensor_accelerometer,7d03ae92-e310-48d7-87b9-8440f65c47f7,1773747760210090073,-0.0029910284,6.777072,7.179664
sensor_accelerometer,7d03ae92-e310-48d7-87b9-8440f65c47f7,1773747760230100333,-0.0029910284,6.580262,6.8255267
sensor_accelerometer,7d03ae92-e310-48d7-87b9-8440f65c47f7,1773747760250092416,-0.20877378,6.8057857,5.6949177
sensor_accelerometer,7d03ae92-e310-48d7-87b9-8440f65c47f7,1773747760270147677,-0.24227329,6.7962146,5.872585
sensor_accelerometer,7d03ae92-e310-48d7-87b9-8440f65c47f7,1773747760290158354,-0.17048861,7.073782,6.0687966
sensor_accelerometer,7d03ae92-e310-48d7-87b9-8440f65c47f7,1773747760310144239,0.025722843,6.9972115,6.6717877
sensor_accelerometer,7d03ae92-e310-48d7-87b9-8440f65c47f7,1773747760330178979,-0.14656039,7.0402822,6.619146
sensor_accelerometer,7d03ae92-e310-48d7-87b9-8440f65c47f7,1773747760350193250,-0.26141587,6.882356,6.073582
sensor_accelerometer,7d03ae92-e310-48d7-87b9-8440f65c47f7,1773747760370200906,-0.21355942,6.5276203,6.1357956
sensor_accelerometer,7d03ae92-e310-48d7-87b9-8440f65c47f7,1773747760390218979,0.12143575,6.9972115,6.743572
sensor_accelerometer,7d03ae92-e310-48d7-87b9-8440f65c47f7,1773747760410197989,0.14057833,7.0019975,7.2179494
sensor_accelerometer,7d03ae92-e310-48d7-87b9-8440f65c47f7,1773747760430225593,-0.1896312,7.1838517,6.3511496
sensor_accelerometer,7d03ae92-e310-48d7-87b9-8440f65c47f7,1773747760450214552,-0.27098715,6.858428,6.0400825
sensor_accelerometer,7d03ae92-e310-48d7-87b9-8440f65c47f7,1773747760470256114,-0.11784652,6.844071,6.3511496
sensor_accelerometer,7d03ae92-e310-48d7-87b9-8440f65c47f7,1773747760490268718,0.09272188,6.934998,6.0544395
sensor_accelerometer,7d03ae92-e310-48d7-87b9-8440f65c47f7,1773747760510285593,-0.0077766734,6.992426,6.5138617
sensor_accelerometer,7d03ae92-e310-48d7-87b9-8440f65c47f7,1773747760530287052,-0.18005991,6.9206414,7.203593
sensor_accelerometer,7d03ae92-e310-48d7-87b9-8440f65c47f7,1773747760550302989,-0.18484555,6.7962146,7.342376
sensor_accelerometer,7d03ae92-e310-48d7-87b9-8440f65c47f7,1773747760570313823,-0.060418773,6.934998,6.489933
sensor_accelerometer,7d03ae92-e310-48d7-87b9-8440f65c47f7,1773747760590323718,0.10707881,7.059425,6.0640106
sensor_accelerometer,7d03ae92-e310-48d7-87b9-8440f65c47f7,1773747760610332468,0.09272188,7.1599236,5.925227
sensor_accelerometer,7d03ae92-e310-48d7-87b9-8440f65c47f7,1773747760630312521,0.07836494,6.7722864,5.8677993
sensor_accelerometer,7d03ae92-e310-48d7-87b9-8440f65c47f7,1773747760650303198,-0.089132644,6.652047,6.332007
sensor_accelerometer,7d03ae92-e310-48d7-87b9-8440f65c47f7,1773747760670364239,0.04965107,6.8345,6.7537417
sensor_accelerometer,7d03ae92-e310-48d7-87b9-8440f65c47f7,1773747760690382156,-0.050847482,7.083353,6.7728844
sensor_accelerometer,7d03ae92-e310-48d7-87b9-8440f65c47f7,1773747760710387833,-0.02213361,7.1168528,6.370292
sensor_accelerometer,7d03ae92-e310-48d7-87b9-8440f65c47f7,1773747760730399760,0.064008005,7.13121,5.886942
sensor_accelerometer,7d03ae92-e310-48d7-87b9-8440f65c47f7,1773747760750415541,0.064008005,7.030711,5.752944
sensor_accelerometer,7d03ae92-e310-48d7-87b9-8440f65c47f7,1773747760770425177,0.025722843,6.992426,6.451648
sensor_accelerometer,7d03ae92-e310-48d7-87b9-8440f65c47f7,1773747760790435541,0.14057833,6.9541407,7.0504518
sensor_accelerometer,7d03ae92-e310-48d7-87b9-8440f65c47f7,1773747760810417416,0.08315059,6.9062843,6.940382
sensor_accelerometer,7d03ae92-e310-48d7-87b9-8440f65c47f7,1773747760830421531,0.15972091,6.9589267,6.53779
sensor_accelerometer,7d03ae92-e310-48d7-87b9-8440f65c47f7,1773747760850429083,0.016151553,7.049854,6.092725
sensor_accelerometer,7d03ae92-e310-48d7-87b9-8440f65c47f7,1773747760870475750,0.044865426,7.049854,5.953941
sensor_accelerometer,7d03ae92-e310-48d7-87b9-8440f65c47f7,1773747760890454552,0.054436713,7.0689964,6.2171516
sensor_accelerometer,7d03ae92-e310-48d7-87b9-8440f65c47f7,1773747760910494500,0.212363,7.1072817,6.2458653
sensor_accelerometer,7d03ae92-e310-48d7-87b9-8440f65c47f7,1773747760930475750,0.17407785,7.0211396,6.31765
sensor_accelerometer,7d03ae92-e310-48d7-87b9-8440f65c47f7,1773747760950488510,0.12143575,7.0259256,6.092725
sensor_accelerometer,7d03ae92-e310-48d7-87b9-8440f65c47f7,1773747760970530281,0.19800608,6.858428,6.169295
sensor_accelerometer,7d03ae92-e310-48d7-87b9-8440f65c47f7,1773747760990540281,0.09272188,7.13121,5.925227
sensor_accelerometer,7d03ae92-e310-48d7-87b9-8440f65c47f7,1773747761010520437,0.0735793,7.0785675,6.3750777
sensor_accelerometer,7d03ae92-e310-48d7-87b9-8440f65c47f7,1773747761030565750,-0.02213361,6.992426,6.863812
sensor_accelerometer,7d03ae92-e310-48d7-87b9-8440f65c47f7,1773747761050560906,0.14057833,6.8919272,6.50429
sensor_accelerometer,7d03ae92-e310-48d7-87b9-8440f65c47f7,1773747761070584500,0.044865426,7.1359954,6.150152
sensor_accelerometer,7d03ae92-e310-48d7-87b9-8440f65c47f7,1773747761090599760,0.3272185,6.9972115,6.169295
sensor_accelerometer,7d03ae92-e310-48d7-87b9-8440f65c47f7,1773747761110599396,-0.026919255,6.982855,6.561718
sensor_accelerometer,7d03ae92-e310-48d7-87b9-8440f65c47f7,1773747761130612625,-0.050847482,6.9684978,6.863812
sensor_accelerometer,7d03ae92-e310-48d7-87b9-8440f65c47f7,1773747761150628302,-0.084346995,7.016354,6.9020967
sensor_accelerometer,7d03ae92-e310-48d7-87b9-8440f65c47f7,1773747761170639239,0.05922236,6.963712,6.466005
sensor_accelerometer,7d03ae92-e310-48d7-87b9-8440f65c47f7,1773747761190617521,0.016151553,7.1072817,6.274579
sensor_accelerometer,7d03ae92-e310-48d7-87b9-8440f65c47f7,1773747761210633041,0.030508488,7.0689964,6.236294
sensor_accelerometer,7d03ae92-e310-48d7-87b9-8440f65c47f7,1773747761230645281,0.04965107,6.9589267,6.2937217
sensor_accelerometer,7d03ae92-e310-48d7-87b9-8440f65c47f7,1773747761250627781,0.14057833,7.0354967,6.2554364
sensor_accelerometer,7d03ae92-e310-48d7-87b9-8440f65c47f7,1773747761270696427,0.0735793,7.016354,6.2267227
sensor_accelerometer,7d03ae92-e310-48d7-87b9-8440f65c47f7,1773747761290706375,0.05922236,6.978069,6.346364
sensor_accelerometer,7d03ae92-e310-48d7-87b9-8440f65c47f7,1773747761310679343,0.10707881,6.858428,6.422934
sensor_accelerometer,7d03ae92-e310-48d7-87b9-8440f65c47f7,1773747761330727781,-0.046061836,7.0402822,5.94437
sensor_accelerometer,7d03ae92-e310-48d7-87b9-8440f65c47f7,1773747761350736896,0.14057833,7.112067,5.1158547
sensor_accelerometer,7d03ae92-e310-48d7-87b9-8440f65c47f7,1773747761370748718,0.116650105,7.3322067,5.8247285
sensor_accelerometer,7d03ae92-e310-48d7-87b9-8440f65c47f7,1773747761390762052,0.212363,7.0402822,6.9020967
sensor_accelerometer,7d03ae92-e310-48d7-87b9-8440f65c47f7,1773747761410737781,0.116650105,7.2508507,6.9930243
sensor_accelerometer,7d03ae92-e310-48d7-87b9-8440f65c47f7,1773747761430750125,0.10707881,7.088139,6.413363
sensor_accelerometer,7d03ae92-e310-48d7-87b9-8440f65c47f7,1773747761450766427,0.28414768,7.155138,5.738587
sensor_accelerometer,7d03ae92-e310-48d7-87b9-8440f65c47f7,1773747761470800073,0.15972091,7.0019975,6.0544395
sensor_accelerometer,7d03ae92-e310-48d7-87b9-8440f65c47f7,1773747761490814083,-0.10348958,7.0354967,6.61436
sensor_accelerometer,7d03ae92-e310-48d7-87b9-8440f65c47f7,1773747761510793354,0.030508488,6.934998,6.4851475
sensor_accelerometer,7d03ae92-e310-48d7-87b9-8440f65c47f7,1773747761530831479,0.111864455,7.0642104,6.595217
sensor_accelerometer,7d03ae92-e310-48d7-87b9-8440f65c47f7,1773747761550841583,-0.22313072,7.073782,6.806384
sensor_accelerometer,7d03ae92-e310-48d7-87b9-8440f65c47f7,1773747761570854656,-0.24227329,7.1838517,6.5138617
sensor_accelerometer,7d03ae92-e310-48d7-87b9-8440f65c47f7,1773747761590869500,-0.16570297,7.0689964,6.092725
sensor_accelerometer,7d03ae92-e310-48d7-87b9-8440f65c47f7,1773747761610869239,0.04007978,6.9732833,5.992226
sensor_accelerometer,7d03ae92-e310-48d7-87b9-8440f65c47f7,1773747761630854604,0.064008005,6.9206414,6.332007
sensor_accelerometer,7d03ae92-e310-48d7-87b9-8440f65c47f7,1773747761650863979,-0.07477571,6.7525454,6.7005014
sensor_accelerometer,7d03ae92-e310-48d7-87b9-8440f65c47f7,1773747761670876739,-0.12263216,6.777072,6.5090756
sensor_accelerometer,7d03ae92-e310-48d7-87b9-8440f65c47f7,1773747761690922781,-0.0317049,7.0642104,5.9300127
sensor_accelerometer,7d03ae92-e310-48d7-87b9-8440f65c47f7,1773747761710929448,-0.026919255,7.1694946,5.9156556
sensor_accelerometer,7d03ae92-e310-48d7-87b9-8440f65c47f7,1773747761730941896,-0.036490545,7.0785675,6.1118674
sensor_accelerometer,7d03ae92-e310-48d7-87b9-8440f65c47f7,1773747761750953354,-0.07956135,7.030711,6.604789
sensor_accelerometer,7d03ae92-e310-48d7-87b9-8440f65c47f7,1773747761770969031,-0.15134603,6.9589267,6.926025
sensor_accelerometer,7d03ae92-e310-48d7-87b9-8440f65c47f7,1773747761790971218,0.035294134,7.0402822,6.7148585
sensor_accelerometer,7d03ae92-e310-48d7-87b9-8440f65c47f7,1773747761810981375,-0.084346995,7.016354,6.0783677
sensor_accelerometer,7d03ae92-e310-48d7-87b9-8440f65c47f7,1773747761830996635,-0.036490545,7.083353,6.006583
sensor_accelerometer,7d03ae92-e310-48d7-87b9-8440f65c47f7,1773747761850983041,-0.12263216,7.1024957,6.341578
sensor_accelerometer,7d03ae92-e310-48d7-87b9-8440f65c47f7,1773747761870987937,-0.012562319,7.0689964,6.4755764
sensor_accelerometer,7d03ae92-e310-48d7-87b9-8440f65c47f7,1773747761891030802,-0.02213361,6.9302125,6.3272214
sensor_accelerometer,7d03ae92-e310-48d7-87b9-8440f65c47f7,1773747761911029552,-0.07477571,6.9445696,6.1597238
sensor_accelerometer,7d03ae92-e310-48d7-87b9-8440f65c47f7,1773747761931052573,-0.17527425,6.9684978,5.9635124
sensor_accelerometer,7d03ae92-e310-48d7-87b9-8440f65c47f7,1773747761951029343,-0.1369891,7.0259256,6.2793646
sensor_accelerometer,7d03ae92-e310-48d7-87b9-8440f65c47f7,1773747761971077416,-0.07477571,7.030711,6.547361
sensor_accelerometer,7d03ae92-e310-48d7-87b9-8440f65c47f7,1773747761991050593,-0.017347964,7.0402822,6.6622167
sensor_accelerometer,7d03ae92-e310-48d7-87b9-8440f65c47f7,1773747762011088979,-0.098703936,6.978069,6.370292
sensor_accelerometer,7d03ae92-e310-48d7-87b9-8440f65c47f7,1773747762031107781,-0.093918286,6.949355,6.437291
sensor_accelerometer,7d03ae92-e310-48d7-87b9-8440f65c47f7,1773747762051098250,-0.098703936,7.0546393,6.437291
sensor_accelerometer,7d03ae92-e310-48d7-87b9-8440f65c47f7,1773747762071127885,-0.1274178,7.073782,6.6000032
sensor_accelerometer,7d03ae92-e310-48d7-87b9-8440f65c47f7,1773747762091138406,-0.046061836,7.059425,6.480362
sensor_accelerometer,7d03ae92-e310-48d7-87b9-8440f65c47f7,1773747762111118302,-0.15613168,7.016354,6.198009
sensor_accelerometer,7d03ae92-e310-48d7-87b9-8440f65c47f7,1773747762131159916,-0.089132644,7.13121,6.025726
sensor_accelerometer,7d03ae92-e310-48d7-87b9-8440f65c47f7,1773747762151174083,-0.06520442,7.0115685,6.126224
sensor_accelerometer,7d03ae92-e310-48d7-87b9-8440f65c47f7,1773747762171150489,-0.050847482,6.844071,6.3942204
sensor_accelerometer,7d03ae92-e310-48d7-87b9-8440f65c47f7,1773747762191193562,-0.0077766734,6.762715,6.50429
sensor_accelerometer,7d03ae92-e310-48d7-87b9-8440f65c47f7,1773747762211171166,0.016151553,6.7818575,6.480362
sensor_accelerometer,7d03ae92-e310-48d7-87b9-8440f65c47f7,1773747762231183718,-0.10827523,6.791429,6.3798633
sensor_accelerometer,7d03ae92-e310-48d7-87b9-8440f65c47f7,1773747762251225698,-0.1369891,6.9158554,6.5425754
sensor_accelerometer,7d03ae92-e310-48d7-87b9-8440f65c47f7,1773747762271204448,-0.07477571,7.0211396,6.5425754
sensor_accelerometer,7d03ae92-e310-48d7-87b9-8440f65c47f7,1773747762291246166,-0.046061836,6.9158554,6.681359
sensor_accelerometer,7d03ae92-e310-48d7-87b9-8440f65c47f7,1773747762311260854,0.016151553,6.844071,6.50429
sensor_accelerometer,7d03ae92-e310-48d7-87b9-8440f65c47f7,1773747762331265906,-0.1369891,6.7429743,6.926025
sensor_accelerometer,7d03ae92-e310-48d7-87b9-8440f65c47f7,1773747762351275854,-0.10348958,6.91107,6.7292156
sensor_accelerometer,7d03ae92-e310-48d7-87b9-8440f65c47f7,1773747762371260281,0.10229317,6.786643,6.470791
sensor_accelerometer,7d03ae92-e310-48d7-87b9-8440f65c47f7,1773747762391303198,-0.0077766734,6.777072,6.2697935
sensor_accelerometer,7d03ae92-e310-48d7-87b9-8440f65c47f7,1773747762411313979,-0.19920248,6.9445696,6.50429
sensor_accelerometer,7d03ae92-e310-48d7-87b9-8440f65c47f7,1773747762431296375,-0.036490545,6.8392854,6.5904317
sensor_accelerometer,7d03ae92-e310-48d7-87b9-8440f65c47f7,1773747762451333406,-0.093918286,6.9732833,6.571289
sensor_accelerometer,7d03ae92-e310-48d7-87b9-8440f65c47f7,1773747762471346739,-0.093918286,6.9062843,6.288936
sensor_accelerometer,7d03ae92-e310-48d7-87b9-8440f65c47f7,1773747762491333146,-0.06520442,6.8919272,6.303293
sensor_accelerometer,7d03ae92-e310-48d7-87b9-8440f65c47f7,1773747762511363927,-0.050847482,6.8105717,6.384649
sensor_accelerometer,7d03ae92-e310-48d7-87b9-8440f65c47f7,1773747762531380229,-0.050847482,6.9541407,6.140581
sensor_accelerometer,7d03ae92-e310-48d7-87b9-8440f65c47f7,1773747762551390750,-0.10348958,7.006783,6.4181485
sensor_accelerometer,7d03ae92-e310-48d7-87b9-8440f65c47f7,1773747762571363354,-0.060418773,6.9158554,6.7387867
sensor_accelerometer,7d03ae92-e310-48d7-87b9-8440f65c47f7,1773747762591376062,-0.036490545,6.934998,6.667002
sensor_accelerometer,7d03ae92-e310-48d7-87b9-8440f65c47f7,1773747762611392156,-0.046061836,6.8919272,6.2123656
sensor_accelerometer,7d03ae92-e310-48d7-87b9-8440f65c47f7,1773747762631397156,-0.098703936,6.978069,6.0113688
sensor_accelerometer,7d03ae92-e310-48d7-87b9-8440f65c47f7,1773747762651391739,-0.084346995,6.982855,6.298507
sensor_accelerometer,7d03ae92-e310-48d7-87b9-8440f65c47f7,1773747762671452625,-0.050847482,6.9206414,6.710073
sensor_accelerometer,7d03ae92-e310-48d7-87b9-8440f65c47f7,1773747762691474083,-0.055633128,6.8345,6.6239314
sensor_accelerometer,7d03ae92-e310-48d7-87b9-8440f65c47f7,1773747762711474448,-0.046061836,6.695118,6.3272214
sensor_accelerometer,7d03ae92-e310-48d7-87b9-8440f65c47f7,1773747762731487104,-0.21355942,6.8967133,6.1788664
sensor_accelerometer,7d03ae92-e310-48d7-87b9-8440f65c47f7,1773747762751498406,-0.14656039,7.222137,6.3750777
sensor_accelerometer,7d03ae92-e310-48d7-87b9-8440f65c47f7,1773747762771509552,-0.11784652,7.1216383,6.8781686
sensor_accelerometer,7d03ae92-e310-48d7-87b9-8440f65c47f7,1773747762791518302,-0.055633128,6.939784,6.782456
sensor_accelerometer,7d03ae92-e310-48d7-87b9-8440f65c47f7,1773747762811497833,-0.012562319,6.767501,6.198009
sensor_accelerometer,7d03ae92-e310-48d7-87b9-8440f65c47f7,1773747762831505854,-0.10348958,6.8871417,5.7720866
sensor_accelerometer,7d03ae92-e310-48d7-87b9-8440f65c47f7,1773747762851501531,-0.24227329,6.74776,6.466005
sensor_accelerometer,7d03ae92-e310-48d7-87b9-8440f65c47f7,1773747762871560281,-0.2757728,7.0689964,6.638288
sensor_accelerometer,7d03ae92-e310-48d7-87b9-8440f65c47f7,1773747762891571583,-0.0029910284,6.867999,6.6622167
sensor_accelerometer,7d03ae92-e310-48d7-87b9-8440f65c47f7,1773747762911574343,-0.232702,6.9876404,6.734001
sensor_accelerometer,7d03ae92-e310-48d7-87b9-8440f65c47f7,1773747762931594916,-0.2757728,7.09771,6.437291
sensor_accelerometer,7d03ae92-e310-48d7-87b9-8440f65c47f7,1773747762951607468,-0.16570297,7.049854,6.308079
sensor_accelerometer,7d03ae92-e310-48d7-87b9-8440f65c47f7,1773747762971582521,-0.07477571,6.9541407,6.413363
sensor_accelerometer,7d03ae92-e310-48d7-87b9-8440f65c47f7,1773747762991603718,-0.050847482,6.8775706,6.4325056
sensor_accelerometer,7d03ae92-e310-48d7-87b9-8440f65c47f7,1773747763011635906,-0.16570297,6.777072,6.595217
sensor_accelerometer,7d03ae92-e310-48d7-87b9-8440f65c47f7,1773747763031651010,-0.15134603,6.8105717,6.480362
sensor_accelerometer,7d03ae92-e310-48d7-87b9-8440f65c47f7,1773747763051630854,-0.06999006,7.0019975,6.2458653
sensor_accelerometer,7d03ae92-e310-48d7-87b9-8440f65c47f7,1773747763071672260,-0.13220344,6.963712,6.221937
sensor_accelerometer,7d03ae92-e310-48d7-87b9-8440f65c47f7,1773747763091653771,-0.04127619,6.963712,6.3367925
sensor_accelerometer,7d03ae92-e310-48d7-87b9-8440f65c47f7,1773747763111658562,-0.098703936,6.992426,6.4277196
sensor_accelerometer,7d03ae92-e310-48d7-87b9-8440f65c47f7,1773747763131705489,-0.046061836,6.901499,6.5808606
sensor_accelerometer,7d03ae92-e310-48d7-87b9-8440f65c47f7,1773747763151716271,-0.036490545,6.9206414,6.53779
sensor_accelerometer,7d03ae92-e310-48d7-87b9-8440f65c47f7,1773747763171692833,-0.07477571,6.9684978,6.4085774
sensor_accelerometer,7d03ae92-e310-48d7-87b9-8440f65c47f7,1773747763191702937,-0.046061836,7.09771,6.2793646
sensor_accelerometer,7d03ae92-e310-48d7-87b9-8440f65c47f7,1773747763211748666,-0.026919255,6.925427,6.451648
sensor_accelerometer,7d03ae92-e310-48d7-87b9-8440f65c47f7,1773747763231722312,-0.0077766734,6.9445696,6.413363
sensor_accelerometer,7d03ae92-e310-48d7-87b9-8440f65c47f7,1773747763251719812,-0.04127619,6.982855,6.0783677
sensor_accelerometer,7d03ae92-e310-48d7-87b9-8440f65c47f7,1773747763271779968,-0.0029910284,7.1024957,6.193223
sensor_accelerometer,7d03ae92-e310-48d7-87b9-8440f65c47f7,1773747763291769187,0.016151553,6.9972115,6.3655066
sensor_accelerometer,7d03ae92-e310-48d7-87b9-8440f65c47f7,1773747763311775385,0.030508488,7.0259256,6.446862
sensor_accelerometer,7d03ae92-e310-48d7-87b9-8440f65c47f7,1773747763331813146,-0.046061836,6.982855,6.332007
sensor_accelerometer,7d03ae92-e310-48d7-87b9-8440f65c47f7,1773747763351823093,-0.012562319,7.0785675,6.193223
sensor_accelerometer,7d03ae92-e310-48d7-87b9-8440f65c47f7,1773747763371829864,0.07836494,7.088139,5.9491553
sensor_accelerometer,7d03ae92-e310-48d7-87b9-8440f65c47f7,1773747763391821479,0.0017946169,6.8249283,6.13101
sensor_accelerometer,7d03ae92-e310-48d7-87b9-8440f65c47f7,1773747763411851427,-0.0077766734,6.8919272,6.6239314
sensor_accelerometer,7d03ae92-e310-48d7-87b9-8440f65c47f7,1773747763431848354,0.025722843,7.0450683,6.969096
sensor_accelerometer,7d03ae92-e310-48d7-87b9-8440f65c47f7,1773747763451837677,-0.07477571,7.09771,6.667002
sensor_accelerometer,7d03ae92-e310-48d7-87b9-8440f65c47f7,1773747763471891531,0.054436713,7.1886373,5.796015
sensor_accelerometer,7d03ae92-e310-48d7-87b9-8440f65c47f7,1773747763491865646,-0.050847482,7.006783,5.9156556
sensor_accelerometer,7d03ae92-e310-48d7-87b9-8440f65c47f7,1773747763511904448,0.016151553,7.030711,6.494719
sensor_accelerometer,7d03ae92-e310-48d7-87b9-8440f65c47f7,1773747763531887156,0.030508488,7.006783,6.7585278
sensor_accelerometer,7d03ae92-e310-48d7-87b9-8440f65c47f7,1773747763551900593,0.0017946169,7.0211396,6.4851475
sensor_accelerometer,7d03ae92-e310-48d7-87b9-8440f65c47f7,1773747763571942052,-0.0077766734,6.9684978,6.1884375
sensor_accelerometer,7d03ae92-e310-48d7-87b9-8440f65c47f7,1773747763591920073,-0.07956135,6.978069,6.154938
sensor_accelerometer,7d03ae92-e310-48d7-87b9-8440f65c47f7,1773747763611929656,-0.089132644,7.059425,6.298507
sensor_accelerometer,7d03ae92-e310-48d7-87b9-8440f65c47f7,1773747763631940021,-0.10348958,7.073782,6.446862
sensor_accelerometer,7d03ae92-e310-48d7-87b9-8440f65c47f7,1773747763651923666,0.044865426,7.0546393,6.3511496
sensor_accelerometer,7d03ae92-e310-48d7-87b9-8440f65c47f7,1773747763671999291,-0.02213361,7.0259256,6.1357956
sensor_accelerometer,7d03ae92-e310-48d7-87b9-8440f65c47f7,1773747763692010698,-0.017347964,6.9589267,6.221937
sensor_accelerometer,7d03ae92-e310-48d7-87b9-8440f65c47f7,1773747763711988771,-0.084346995,6.9589267,6.3511496
sensor_accelerometer,7d03ae92-e310-48d7-87b9-8440f65c47f7,1773747763732026218,-0.026919255,7.073782,6.489933
sensor_accelerometer,7d03ae92-e310-48d7-87b9-8440f65c47f7,1773747763752042104,-0.060418773,7.1072817,6.470791
sensor_accelerometer,7d03ae92-e310-48d7-87b9-8440f65c47f7,1773747763772052833,-0.06999006,7.0450683,6.2171516
sensor_accelerometer,7d03ae92-e310-48d7-87b9-8440f65c47f7,1773747763792057208,-0.050847482,6.9062843,6.1884375
sensor_accelerometer,7d03ae92-e310-48d7-87b9-8440f65c47f7,1773747763812037625,0.011365907,6.9876404,6.288936
sensor_accelerometer,7d03ae92-e310-48d7-87b9-8440f65c47f7,1773747763832083823,-0.17048861,7.13121,6.389435
sensor_accelerometer,7d03ae92-e310-48d7-87b9-8440f65c47f7,1773747763852073510,-0.24705894,7.1742806,6.3750777
sensor_accelerometer,7d03ae92-e310-48d7-87b9-8440f65c47f7,1773747763872098771,-0.10827523,7.1216383,6.346364
sensor_accelerometer,7d03ae92-e310-48d7-87b9-8440f65c47f7,1773747763892113562,-0.0077766734,7.13121,6.389435
sensor_accelerometer,7d03ae92-e310-48d7-87b9-8440f65c47f7,1773747763912098406,-0.084346995,7.0642104,6.446862
sensor_accelerometer,7d03ae92-e310-48d7-87b9-8440f65c47f7,1773747763932133354,-0.1369891,6.9302125,6.31765
sensor_accelerometer,7d03ae92-e310-48d7-87b9-8440f65c47f7,1773747763952149187,-0.06520442,6.9732833,6.102296
sensor_accelerometer,7d03ae92-e310-48d7-87b9-8440f65c47f7,1773747763972157364,-0.02213361,7.0211396,6.044868
sensor_accelerometer,7d03ae92-e310-48d7-87b9-8440f65c47f7,1773747763992168354,-0.06999006,7.0689964,6.3655066
sensor_accelerometer,7d03ae92-e310-48d7-87b9-8440f65c47f7,1773747764012179343,-0.07956135,7.140781,6.384649
sensor_accelerometer,7d03ae92-e310-48d7-87b9-8440f65c47f7,1773747764032159135,-0.0317049,7.236494,6.1597238
sensor_accelerometer,7d03ae92-e310-48d7-87b9-8440f65c47f7,1773747764052196010,-0.084346995,7.1838517,6.1597238
sensor_accelerometer,7d03ae92-e310-48d7-87b9-8440f65c47f7,1773747764072212104,-0.07477571,7.1072817,6.198009
sensor_accelerometer,7d03ae92-e310-48d7-87b9-8440f65c47f7,1773747764092220177,-0.084346995,7.1359954,6.13101
sensor_accelerometer,7d03ae92-e310-48d7-87b9-8440f65c47f7,1773747764112232312,-0.084346995,7.164709,6.198009
sensor_accelerometer,7d03ae92-e310-48d7-87b9-8440f65c47f7,1773747764132242000,-0.050847482,7.140781,6.250651
sensor_accelerometer,7d03ae92-e310-48d7-87b9-8440f65c47f7,1773747764152256114,-0.0029910284,7.1216383,6.059225
sensor_accelerometer,7d03ae92-e310-48d7-87b9-8440f65c47f7,1773747764172264239,-0.13220344,7.2987075,5.91087
sensor_accelerometer,7d03ae92-e310-48d7-87b9-8440f65c47f7,1773747764192271687,-0.017347964,7.140781,5.8486567
sensor_accelerometer,7d03ae92-e310-48d7-87b9-8440f65c47f7,1773747764212256427,0.020937199,7.059425,6.2458653
sensor_accelerometer,7d03ae92-e310-48d7-87b9-8440f65c47f7,1773747764232298614,-0.12263216,7.260422,6.2602224
sensor_accelerometer,7d03ae92-e310-48d7-87b9-8440f65c47f7,1773747764252276166,-0.19920248,7.3322067,6.1453667
sensor_accelerometer,7d03ae92-e310-48d7-87b9-8440f65c47f7,1773747764272323510,-0.13220344,7.2699933,6.2171516
sensor_accelerometer,7d03ae92-e310-48d7-87b9-8440f65c47f7,1773747764292314396,0.04965107,7.1886373,6.422934
sensor_accelerometer,7d03ae92-e310-48d7-87b9-8440f65c47f7,1773747764312335437,0.025722843,7.2173514,6.3798633
sensor_accelerometer,7d03ae92-e310-48d7-87b9-8440f65c47f7,1773747764332350021,-0.026919255,7.2173514,6.126224
sensor_accelerometer,7d03ae92-e310-48d7-87b9-8440f65c47f7,1773747764352363510,-0.0077766734,7.1742806,5.968298
sensor_accelerometer,7d03ae92-e310-48d7-87b9-8440f65c47f7,1773747764372369916,-0.017347964,7.09771,5.853442
sensor_accelerometer,7d03ae92-e310-48d7-87b9-8440f65c47f7,1773747764392389552,-0.0029910284,7.1742806,5.9730835
sensor_accelerometer,7d03ae92-e310-48d7-87b9-8440f65c47f7,1773747764412393250,-0.060418773,7.2029943,6.087939
sensor_accelerometer,7d03ae92-e310-48d7-87b9-8440f65c47f7,1773747764432381948,-0.050847482,7.260422,6.044868
sensor_accelerometer,7d03ae92-e310-48d7-87b9-8440f65c47f7,1773747764452382000,-0.06520442,7.289136,6.059225
sensor_accelerometer,7d03ae92-e310-48d7-87b9-8440f65c47f7,1773747764472424239,-0.046061836,7.260422,6.2937217
sensor_accelerometer,7d03ae92-e310-48d7-87b9-8440f65c47f7,1773747764492430437,-0.02213361,7.236494,6.288936
sensor_accelerometer,7d03ae92-e310-48d7-87b9-8440f65c47f7,1773747764512450073,0.0017946169,7.246065,6.183652
sensor_accelerometer,7d03ae92-e310-48d7-87b9-8440f65c47f7,1773747764532463875,-0.036490545,7.260422,6.035297
sensor_accelerometer,7d03ae92-e310-48d7-87b9-8440f65c47f7,1773747764552477468,-0.036490545,7.260422,5.8821564
sensor_accelerometer,7d03ae92-e310-48d7-87b9-8440f65c47f7,1773747764572483771,-0.02213361,7.236494,5.7673006
sensor_accelerometer,7d03ae92-e310-48d7-87b9-8440f65c47f7,1773747764592488510,-0.10827523,7.2939215,5.843871
sensor_accelerometer,7d03ae92-e310-48d7-87b9-8440f65c47f7,1773747764612499500,-0.055633128,7.327421,5.8486567
sensor_accelerometer,7d03ae92-e310-48d7-87b9-8440f65c47f7,1773747764632515906,-0.0317049,7.179066,5.7577295
sensor_accelerometer,7d03ae92-e310-48d7-87b9-8440f65c47f7,1773747764652539396,-0.15134603,7.1838517,5.6949177
sensor_accelerometer,7d03ae92-e310-48d7-87b9-8440f65c47f7,1773747764672533041,-0.21355942,7.370492,6.059225
sensor_accelerometer,7d03ae92-e310-48d7-87b9-8440f65c47f7,1773747764692548250,-0.0077766734,7.3513494,6.1357956
sensor_accelerometer,7d03ae92-e310-48d7-87b9-8440f65c47f7,1773747764712555385,-0.10827523,7.346564,6.322436
sensor_accelerometer,7d03ae92-e310-48d7-87b9-8440f65c47f7,1773747764732565698,-0.15134603,7.533204,6.4612193
sensor_accelerometer,7d03ae92-e310-48d7-87b9-8440f65c47f7,1773747764752582989,-0.10827523,7.494919,6.1214385
sensor_accelerometer,7d03ae92-e310-48d7-87b9-8440f65c47f7,1773747764772591791,0.09750752,7.303493,5.6949177
sensor_accelerometer,7d03ae92-e310-48d7-87b9-8440f65c47f7,1773747764792602677,-0.07477571,7.1216383,5.690132
sensor_accelerometer,7d03ae92-e310-48d7-87b9-8440f65c47f7,1773747764812612521,0.068793654,7.1455665,6.169295
sensor_accelerometer,7d03ae92-e310-48d7-87b9-8440f65c47f7,1773747764832626791,-0.084346995,7.2939215,6.346364
sensor_accelerometer,7d03ae92-e310-48d7-87b9-8440f65c47f7,1773747764852590854,0.05922236,7.3178496,6.1884375
sensor_accelerometer,7d03ae92-e310-48d7-87b9-8440f65c47f7,1773747764872647208,0.09272188,7.3609204,5.5896335
sensor_accelerometer,7d03ae92-e310-48d7-87b9-8440f65c47f7,1773747764892626427,0.044865426,7.1934233,5.541777
sensor_accelerometer,7d03ae92-e310-48d7-87b9-8440f65c47f7,1773747764912665906,-0.02213361,7.179066,6.2458653
sensor_accelerometer,7d03ae92-e310-48d7-87b9-8440f65c47f7,1773747764932676375,0.030508488,7.198209,7.131808
sensor_accelerometer,7d03ae92-e310-48d7-87b9-8440f65c47f7,1773747764952691635,0.13100705,7.3322067,6.470791
sensor_accelerometer,7d03ae92-e310-48d7-87b9-8440f65c47f7,1773747764972698666,0.0017946169,7.2556367,5.56092
sensor_accelerometer,7d03ae92-e310-48d7-87b9-8440f65c47f7,1773747764992708562,-0.06520442,6.9684978,5.029713
sensor_accelerometer,7d03ae92-e310-48d7-87b9-8440f65c47f7,1773747765012693823,0.15493527,7.1455665,5.666204
sensor_accelerometer,7d03ae92-e310-48d7-87b9-8440f65c47f7,1773747765032735541,0.04007978,6.934998,6.820741
sensor_accelerometer,7d03ae92-e310-48d7-87b9-8440f65c47f7,1773747765052728927,-0.15134603,7.518847,7.0504518
sensor_accelerometer,7d03ae92-e310-48d7-87b9-8440f65c47f7,1773747765072754187,0.011365907,7.265208,5.819943
sensor_accelerometer,7d03ae92-e310-48d7-87b9-8440f65c47f7,1773747765092751218,0.24107689,7.303493,5.474778
sensor_accelerometer,7d03ae92-e310-48d7-87b9-8440f65c47f7,1773747765112747625,0.025722843,7.179066,6.073582
sensor_accelerometer,7d03ae92-e310-48d7-87b9-8440f65c47f7,1773747765132789396,-0.06999006,7.073782,6.695716
sensor_accelerometer,7d03ae92-e310-48d7-87b9-8440f65c47f7,1773747765152801843,0.07836494,7.0259256,6.7872415
sensor_accelerometer,7d03ae92-e310-48d7-87b9-8440f65c47f7,1773747765172779291,0.12143575,7.3369923,6.1357956
sensor_accelerometer,7d03ae92-e310-48d7-87b9-8440f65c47f7,1773747765192820437,0.20279172,7.20778,6.035297
sensor_accelerometer,7d03ae92-e310-48d7-87b9-8440f65c47f7,1773747765212825125,0.08793623,7.1503525,5.8343
sensor_accelerometer,7d03ae92-e310-48d7-87b9-8440f65c47f7,1773747765232848614,0.0065802624,6.9684978,6.059225
sensor_accelerometer,7d03ae92-e310-48d7-87b9-8440f65c47f7,1773747765252801271,-0.10348958,7.0689964,6.3511496
sensor_accelerometer,7d03ae92-e310-48d7-87b9-8440f65c47f7,1773747765272860593,0.12143575,7.0402822,5.6039906
sensor_accelerometer,7d03ae92-e310-48d7-87b9-8440f65c47f7,1773747765292876427,0.22671995,7.236494,6.1357956
sensor_accelerometer,7d03ae92-e310-48d7-87b9-8440f65c47f7,1773747765312885593,-0.06520442,7.265208,6.748956
sensor_accelerometer,7d03ae92-e310-48d7-87b9-8440f65c47f7,1773747765332895229,-0.084346995,7.3657064,6.7244296
sensor_accelerometer,7d03ae92-e310-48d7-87b9-8440f65c47f7,1773747765352876114,0.116650105,7.4422765,6.470791
sensor_accelerometer,7d03ae92-e310-48d7-87b9-8440f65c47f7,1773747765372890229,0.28414768,7.3369923,6.1788664
sensor_accelerometer,7d03ae92-e310-48d7-87b9-8440f65c47f7,1773747765392925073,0.31286156,7.1934233,5.8630137
sensor_accelerometer,7d03ae92-e310-48d7-87b9-8440f65c47f7,1773747765412911166,0.31764722,7.088139,5.4460645
sensor_accelerometer,7d03ae92-e310-48d7-87b9-8440f65c47f7,1773747765432926427,0.360718,6.8201427,5.3216376
sensor_accelerometer,7d03ae92-e310-48d7-87b9-8440f65c47f7,1773747765452943146,0.41814575,7.0546393,5.383851
sensor_accelerometer,7d03ae92-e310-48d7-87b9-8440f65c47f7,1773747765472985489,0.15972091,7.13121,6.0831532
sensor_accelerometer,7d03ae92-e310-48d7-87b9-8440f65c47f7,1773747765492987052,0.19800608,7.2029943,6.4325056
sensor_accelerometer,7d03ae92-e310-48d7-87b9-8440f65c47f7,1773747765512991323,0.24586253,7.289136,6.466005
sensor_accelerometer,7d03ae92-e310-48d7-87b9-8440f65c47f7,1773747765533011218,0.20279172,7.236494,6.681359
sensor_accelerometer,7d03ae92-e310-48d7-87b9-8440f65c47f7,1773747765553017364,0.13579269,7.236494,6.719644
sensor_accelerometer,7d03ae92-e310-48d7-87b9-8440f65c47f7,1773747765572995333,-0.036490545,6.978069,6.748956
sensor_accelerometer,7d03ae92-e310-48d7-87b9-8440f65c47f7,1773747765593020646,-0.2757728,6.829714,7.6773715
sensor_accelerometer,7d03ae92-e310-48d7-87b9-8440f65c47f7,1773747765613019500,-0.18005991,6.9062843,7.821539
sensor_accelerometer,7d03ae92-e310-48d7-87b9-8440f65c47f7,1773747765633063354,0.05922236,7.1216383,6.092725
sensor_accelerometer,7d03ae92-e310-48d7-87b9-8440f65c47f7,1773747765653019864,0.14057833,6.9206414,4.9531426
sensor_accelerometer,7d03ae92-e310-48d7-87b9-8440f65c47f7,1773747765673079135,0.020937199,6.7094746,5.508278
sensor_accelerometer,7d03ae92-e310-48d7-87b9-8440f65c47f7,1773747765693062885,0.27936205,6.7818575,6.102296
sensor_accelerometer,7d03ae92-e310-48d7-87b9-8440f65c47f7,1773747765713104343,-0.046061836,6.7429743,6.6909304
sensor_accelerometer,7d03ae92-e310-48d7-87b9-8440f65c47f7,1773747765733109500,-0.093918286,7.0642104,6.7005014
sensor_accelerometer,7d03ae92-e310-48d7-87b9-8440f65c47f7,1773747765753128146,-0.10827523,6.934998,6.4085774
sensor_accelerometer,7d03ae92-e310-48d7-87b9-8440f65c47f7,1773747765773136531,-0.0077766734,7.2412796,5.9156556
sensor_accelerometer,7d03ae92-e310-48d7-87b9-8440f65c47f7,1773747765793151375,-0.026919255,6.949355,6.1453667
sensor_accelerometer,7d03ae92-e310-48d7-87b9-8440f65c47f7,1773747765813161896,0.07836494,6.978069,6.96431
sensor_accelerometer,7d03ae92-e310-48d7-87b9-8440f65c47f7,1773747765833157833,-0.17048861,7.0211396,6.9499536
sensor_accelerometer,7d03ae92-e310-48d7-87b9-8440f65c47f7,1773747765853148510,-0.050847482,6.844071,6.571289
sensor_accelerometer,7d03ae92-e310-48d7-87b9-8440f65c47f7,1773747765873189968,0.10229317,7.0689964,5.9204416
sensor_accelerometer,7d03ae92-e310-48d7-87b9-8440f65c47f7,1773747765893177052,0.15493527,7.0642104,5.9730835
sensor_accelerometer,7d03ae92-e310-48d7-87b9-8440f65c47f7,1773747765913181479,-0.0077766734,7.1359954,6.288936
sensor_accelerometer,7d03ae92-e310-48d7-87b9-8440f65c47f7,1773747765933224396,-0.07956135,6.9302125,6.6909304
sensor_accelerometer,7d03ae92-e310-48d7-87b9-8440f65c47f7,1773747765953216896,-0.11784652,6.992426,6.6909304
sensor_accelerometer,7d03ae92-e310-48d7-87b9-8440f65c47f7,1773747765973245541,0.068793654,6.9206414,5.796015
sensor_accelerometer,7d03ae92-e310-48d7-87b9-8440f65c47f7,1773747765993224864,0.12143575,6.978069,5.94437
sensor_accelerometer,7d03ae92-e310-48d7-87b9-8440f65c47f7,1773747766013267729,-0.12263216,7.049854,6.4612193
sensor_accelerometer,7d03ae92-e310-48d7-87b9-8440f65c47f7,1773747766033282781,-0.25663024,7.1742806,6.61436
sensor_accelerometer,7d03ae92-e310-48d7-87b9-8440f65c47f7,1773747766053259968,-0.050847482,7.1742806,6.4037914
sensor_accelerometer,7d03ae92-e310-48d7-87b9-8440f65c47f7,1773747766073307781,0.10229317,7.073782,6.346364
sensor_accelerometer,7d03ae92-e310-48d7-87b9-8440f65c47f7,1773747766093278927,0.07836494,6.978069,6.4181485
sensor_accelerometer,7d03ae92-e310-48d7-87b9-8440f65c47f7,1773747766113313614,-0.10348958,6.925427,6.399006
sensor_accelerometer,7d03ae92-e310-48d7-87b9-8440f65c47f7,1773747766133327989,-0.14177474,6.978069,6.2697935
sensor_accelerometer,7d03ae92-e310-48d7-87b9-8440f65c47f7,1773747766153342677,0.020937199,6.9541407,6.2267227
sensor_accelerometer,7d03ae92-e310-48d7-87b9-8440f65c47f7,1773747766173354500,0.011365907,6.978069,6.2697935
sensor_accelerometer,7d03ae92-e310-48d7-87b9-8440f65c47f7,1773747766193368510,-0.1369891,6.8967133,6.494719
sensor_accelerometer,7d03ae92-e310-48d7-87b9-8440f65c47f7,1773747766213347781,-0.20398813,7.016354,6.61436
sensor_accelerometer,7d03ae92-e310-48d7-87b9-8440f65c47f7,1773747766233359343,-0.11306087,7.1168528,6.7633133
sensor_accelerometer,7d03ae92-e310-48d7-87b9-8440f65c47f7,1773747766253381583,0.07836494,7.274779,6.3128643
sensor_accelerometer,7d03ae92-e310-48d7-87b9-8440f65c47f7,1773747766273401896,0.054436713,6.949355,5.7673006
sensor_accelerometer,7d03ae92-e310-48d7-87b9-8440f65c47f7,1773747766293419187,0.04965107,6.777072,5.8821564
sensor_accelerometer,7d03ae92-e310-48d7-87b9-8440f65c47f7,1773747766313400802,-0.0077766734,6.8488564,6.604789
sensor_accelerometer,7d03ae92-e310-48d7-87b9-8440f65c47f7,1773747766333444239,-0.16091733,7.2269225,6.8111696
sensor_accelerometer,7d03ae92-e310-48d7-87b9-8440f65c47f7,1773747766353420698,-0.14656039,7.260422,6.4181485
sensor_accelerometer,7d03ae92-e310-48d7-87b9-8440f65c47f7,1773747766373462573,-0.07956135,7.0642104,6.0161543
sensor_accelerometer,7d03ae92-e310-48d7-87b9-8440f65c47f7,1773747766393472573,0.030508488,7.030711,6.0687966
sensor_accelerometer,7d03ae92-e310-48d7-87b9-8440f65c47f7,1773747766413485541,0.054436713,7.0354967,6.274579
sensor_accelerometer,7d03ae92-e310-48d7-87b9-8440f65c47f7,1773747766433473718,0.08315059,6.978069,6.518647
sensor_accelerometer,7d03ae92-e310-48d7-87b9-8440f65c47f7,1773747766453476948,-0.026919255,6.8871417,6.6765733
sensor_accelerometer,7d03ae92-e310-48d7-87b9-8440f65c47f7,1773747766473484708,-0.060418773,7.0785675,6.332007
sensor_accelerometer,7d03ae92-e310-48d7-87b9-8440f65c47f7,1773747766493497989,-0.089132644,7.1838517,6.1070814
sensor_accelerometer,7d03ae92-e310-48d7-87b9-8440f65c47f7,1773747766513544448,-0.060418773,7.1216383,5.762515
sensor_accelerometer,7d03ae92-e310-48d7-87b9-8440f65c47f7,1773747766533550958,-0.055633128,6.9062843,6.150152
sensor_accelerometer,7d03ae92-e310-48d7-87b9-8440f65c47f7,1773747766553548041,-0.04127619,6.9589267,6.0975103
sensor_accelerometer,7d03ae92-e310-48d7-87b9-8440f65c47f7,1773747766573577416,0.0065802624,6.9589267,6.3511496
sensor_accelerometer,7d03ae92-e310-48d7-87b9-8440f65c47f7,1773747766593586323,-0.050847482,7.1455665,6.3367925
sensor_accelerometer,7d03ae92-e310-48d7-87b9-8440f65c47f7,1773747766613595281,0.26979074,7.198209,6.0113688
sensor_accelerometer,7d03ae92-e310-48d7-87b9-8440f65c47f7,1773747766633606843,-0.04127619,7.016354,6.370292
sensor_accelerometer,7d03ae92-e310-48d7-87b9-8440f65c47f7,1773747766653593302,-0.19920248,7.1886373,6.96431
sensor_accelerometer,7d03ae92-e310-48d7-87b9-8440f65c47f7,1773747766673629343,-0.24705894,6.695118,7.2658057
sensor_accelerometer,7d03ae92-e310-48d7-87b9-8440f65c47f7,1773747766693608927,0.14057833,6.786643,6.9786673
sensor_accelerometer,7d03ae92-e310-48d7-87b9-8440f65c47f7,1773747766713653979,0.1692922,7.4327054,4.9435716
sensor_accelerometer,7d03ae92-e310-48d7-87b9-8440f65c47f7,1773747766733628718,0.0065802624,7.2987075,5.642276
sensor_accelerometer,7d03ae92-e310-48d7-87b9-8440f65c47f7,1773747766753672781,0.08793623,7.0115685,6.710073
sensor_accelerometer,7d03ae92-e310-48d7-87b9-8440f65c47f7,1773747766773683146,-0.084346995,6.9206414,6.863812
sensor_accelerometer,7d03ae92-e310-48d7-87b9-8440f65c47f7,1773747766793679916,0.0017946169,6.949355,6.2027946
sensor_accelerometer,7d03ae92-e310-48d7-87b9-8440f65c47f7,1773747766813700073,0.0735793,6.9732833,5.541777
sensor_accelerometer,7d03ae92-e310-48d7-87b9-8440f65c47f7,1773747766833713093,-0.098703936,7.0689964,6.2027946
sensor_accelerometer,7d03ae92-e310-48d7-87b9-8440f65c47f7,1773747766853692260,-0.232702,7.1359954,6.547361
sensor_accelerometer,7d03ae92-e310-48d7-87b9-8440f65c47f7,1773747766873738354,-0.0029910284,7.1072817,6.835098
sensor_accelerometer,7d03ae92-e310-48d7-87b9-8440f65c47f7,1773747766893714916,0.10707881,7.20778,6.604789
sensor_accelerometer,7d03ae92-e310-48d7-87b9-8440f65c47f7,1773747766913726010,0.14536397,7.006783,6.4420767
sensor_accelerometer,7d03ae92-e310-48d7-87b9-8440f65c47f7,1773747766933744031,-0.1274178,6.9158554,5.982655
sensor_accelerometer,7d03ae92-e310-48d7-87b9-8440f65c47f7,1773747766953784812,-0.26141587,7.0546393,5.8247285
sensor_accelerometer,7d03ae92-e310-48d7-87b9-8440f65c47f7,1773747766973789343,-0.3714857,7.13121,6.2123656
sensor_accelerometer,7d03ae92-e310-48d7-87b9-8440f65c47f7,1773747766993774812,0.035294134,7.2843504,5.729016
sensor_accelerometer,7d03ae92-e310-48d7-87b9-8440f65c47f7,1773747767013817625,0.068793654,7.3178496,6.3272214
sensor_accelerometer,7d03ae92-e310-48d7-87b9-8440f65c47f7,1773747767033816948,-0.046061836,7.1838517,6.3655066
sensor_accelerometer,7d03ae92-e310-48d7-87b9-8440f65c47f7,1773747767053802573,-0.3379862,7.494919,6.174081
sensor_accelerometer,7d03ae92-e310-48d7-87b9-8440f65c47f7,1773747767073843406,-0.21355942,7.4853473,6.001797
sensor_accelerometer,7d03ae92-e310-48d7-87b9-8440f65c47f7,1773747767093858771,0.05922236,7.2987075,6.116653
sensor_accelerometer,7d03ae92-e310-48d7-87b9-8440f65c47f7,1773747767113860489,0.12143575,7.126424,6.5234327
sensor_accelerometer,7d03ae92-e310-48d7-87b9-8440f65c47f7,1773747767133877468,0.16450655,6.8967133,6.346364
sensor_accelerometer,7d03ae92-e310-48d7-87b9-8440f65c47f7,1773747767153893718,-0.0029910284,7.073782,5.8390856
sensor_accelerometer,7d03ae92-e310-48d7-87b9-8440f65c47f7,1773747767173898354,0.0735793,7.059425,5.5800624
sensor_accelerometer,7d03ae92-e310-48d7-87b9-8440f65c47f7,1773747767193909552,-0.07956135,7.0689964,5.532206
sensor_accelerometer,7d03ae92-e310-48d7-87b9-8440f65c47f7,1773747767213927260,-0.084346995,7.451848,5.872585
sensor_accelerometer,7d03ae92-e310-48d7-87b9-8440f65c47f7,1773747767233902625,0.3080759,7.088139,6.370292
sensor_accelerometer,7d03ae92-e310-48d7-87b9-8440f65c47f7,1773747767253925593,0.10707881,7.1072817,6.384649
sensor_accelerometer,7d03ae92-e310-48d7-87b9-8440f65c47f7,1773747767273956218,-0.093918286,7.356135,5.9156556
sensor_accelerometer,7d03ae92-e310-48d7-87b9-8440f65c47f7,1773747767293968250,-0.16570297,7.265208,5.7673006
sensor_accelerometer,7d03ae92-e310-48d7-87b9-8440f65c47f7,1773747767313979916,-0.017347964,7.1599236,6.087939
sensor_accelerometer,7d03ae92-e310-48d7-87b9-8440f65c47f7,1773747767333990698,-0.017347964,7.1168528,6.8015985
sensor_accelerometer,7d03ae92-e310-48d7-87b9-8440f65c47f7,1773747767354003458,-0.15613168,7.3657064,6.906883
sensor_accelerometer,7d03ae92-e310-48d7-87b9-8440f65c47f7,1773747767374008250,-0.055633128,7.2508507,6.049654
sensor_accelerometer,7d03ae92-e310-48d7-87b9-8440f65c47f7,1773747767394013354,0.20279172,7.0259256,5.355137
sensor_accelerometer,7d03ae92-e310-48d7-87b9-8440f65c47f7,1773747767414029135,0.13579269,7.2699933,5.6279187
sensor_accelerometer,7d03ae92-e310-48d7-87b9-8440f65c47f7,1773747767434018718,0.14536397,7.2173514,6.198009
sensor_accelerometer,7d03ae92-e310-48d7-87b9-8440f65c47f7,1773747767454031114,-0.0317049,7.1024957,6.7005014
sensor_accelerometer,7d03ae92-e310-48d7-87b9-8440f65c47f7,1773747767474062468,-0.24227329,7.3513494,6.859026
sensor_accelerometer,7d03ae92-e310-48d7-87b9-8440f65c47f7,1773747767494046323,-0.13220344,7.049854,6.265008
sensor_accelerometer,7d03ae92-e310-48d7-87b9-8440f65c47f7,1773747767514062156,0.12143575,7.112067,5.91087
sensor_accelerometer,7d03ae92-e310-48d7-87b9-8440f65c47f7,1773747767534093198,0.030508488,7.2556367,5.7433724
sensor_accelerometer,7d03ae92-e310-48d7-87b9-8440f65c47f7,1773747767554112208,-0.18484555,7.4709907,6.0975103
sensor_accelerometer,7d03ae92-e310-48d7-87b9-8440f65c47f7,1773747767574117989,0.064008005,7.1694946,6.126224
sensor_accelerometer,7d03ae92-e310-48d7-87b9-8440f65c47f7,1773747767594133198,0.12622139,6.992426,6.001797
sensor_accelerometer,7d03ae92-e310-48d7-87b9-8440f65c47f7,1773747767614133198,0.12622139,7.236494,5.656633
sensor_accelerometer,7d03ae92-e310-48d7-87b9-8440f65c47f7,1773747767634154135,-0.24227329,7.3609204,5.9587264
sensor_accelerometer,7d03ae92-e310-48d7-87b9-8440f65c47f7,1773747767654140750,-0.20398813,7.2173514,6.494719
sensor_accelerometer,7d03ae92-e310-48d7-87b9-8440f65c47f7,1773747767674171896,0.044865426,6.8727846,6.686145
sensor_accelerometer,7d03ae92-e310-48d7-87b9-8440f65c47f7,1773747767694151896,-0.060418773,7.1168528,6.1357956
sensor_accelerometer,7d03ae92-e310-48d7-87b9-8440f65c47f7,1773747767714164500,-0.089132644,7.3417783,5.45085
sensor_accelerometer,7d03ae92-e310-48d7-87b9-8440f65c47f7,1773747767734207573,-0.3475575,7.4805617,5.982655
sensor_accelerometer,7d03ae92-e310-48d7-87b9-8440f65c47f7,1773747767754208979,0.035294134,7.198209,5.8486567
sensor_accelerometer,7d03ae92-e310-48d7-87b9-8440f65c47f7,1773747767774228718,-0.089132644,7.3513494,5.982655
sensor_accelerometer,7d03ae92-e310-48d7-87b9-8440f65c47f7,1773747767794239343,-0.232702,7.327421,5.968298
sensor_accelerometer,7d03ae92-e310-48d7-87b9-8440f65c47f7,1773747767814217989,-0.18484555,7.2269225,6.1118674
sensor_accelerometer,7d03ae92-e310-48d7-87b9-8440f65c47f7,1773747767834228093,-0.06520442,7.140781,6.4277196
sensor_accelerometer,7d03ae92-e310-48d7-87b9-8440f65c47f7,1773747767854288041,-0.0077766734,7.049854,6.604789
sensor_accelerometer,7d03ae92-e310-48d7-87b9-8440f65c47f7,1773747767874254031,0.05922236,6.9732833,6.3511496
sensor_accelerometer,7d03ae92-e310-48d7-87b9-8440f65c47f7,1773747767894297885,0.035294134,7.0402822,6.0305114
sensor_accelerometer,7d03ae92-e310-48d7-87b9-8440f65c47f7,1773747767914309552,0.030508488,6.992426,5.8821564
sensor_accelerometer,7d03ae92-e310-48d7-87b9-8440f65c47f7,1773747767934285958,-0.012562319,6.8967133,5.9970117
sensor_accelerometer,7d03ae92-e310-48d7-87b9-8440f65c47f7,1773747767954329448,-0.036490545,6.925427,6.4420767
sensor_accelerometer,7d03ae92-e310-48d7-87b9-8440f65c47f7,1773747767974303771,-0.0317049,6.9684978,6.5760746
sensor_accelerometer,7d03ae92-e310-48d7-87b9-8440f65c47f7,1773747767994316531,-0.026919255,7.0402822,6.748956
sensor_accelerometer,7d03ae92-e310-48d7-87b9-8440f65c47f7,1773747768014331583,0.064008005,7.0402822,6.6717877
sensor_accelerometer,7d03ae92-e310-48d7-87b9-8440f65c47f7,1773747768034342625,0.04965107,6.9589267,6.5521464
sensor_accelerometer,7d03ae92-e310-48d7-87b9-8440f65c47f7,1773747768054387000,0.0017946169,6.9158554,6.4277196
sensor_accelerometer,7d03ae92-e310-48d7-87b9-8440f65c47f7,1773747768074396166,0.011365907,6.844071,6.4181485
sensor_accelerometer,7d03ae92-e310-48d7-87b9-8440f65c47f7,1773747768094376218,0.030508488,6.8488564,6.518647
sensor_accelerometer,7d03ae92-e310-48d7-87b9-8440f65c47f7,1773747768114385646,0.12622139,6.8727846,6.743572
sensor_accelerometer,7d03ae92-e310-48d7-87b9-8440f65c47f7,1773747768134393354,-0.026919255,6.8727846,7.0025954
sensor_accelerometer,7d03ae92-e310-48d7-87b9-8440f65c47f7,1773747768154435750,0.05922236,6.9541407,6.9212394
sensor_accelerometer,7d03ae92-e310-48d7-87b9-8440f65c47f7,1773747768174450281,0.08315059,6.867999,6.8015985
sensor_accelerometer,7d03ae92-e310-48d7-87b9-8440f65c47f7,1773747768194426739,0.13100705,6.8057857,6.5665035
sensor_accelerometer,7d03ae92-e310-48d7-87b9-8440f65c47f7,1773747768214445229,0.0735793,6.8967133,6.126224
sensor_accelerometer,7d03ae92-e310-48d7-87b9-8440f65c47f7,1773747768234453198,0.054436713,7.016354,6.049654
sensor_accelerometer,7d03ae92-e310-48d7-87b9-8440f65c47f7,1773747768254478927,0.04007978,6.901499,6.3655066
sensor_accelerometer,7d03ae92-e310-48d7-87b9-8440f65c47f7,1773747768274501114,0.13100705,6.8345,6.7052875
sensor_accelerometer,7d03ae92-e310-48d7-87b9-8440f65c47f7,1773747768294517364,0.10707881,7.0450683,6.236294
sensor_accelerometer,7d03ae92-e310-48d7-87b9-8440f65c47f7,1773747768314522781,0.030508488,7.083353,6.169295
sensor_accelerometer,7d03ae92-e310-48d7-87b9-8440f65c47f7,1773747768334537833,0.09272188,7.0402822,6.3655066
sensor_accelerometer,7d03ae92-e310-48d7-87b9-8440f65c47f7,1773747768354540437,0.13579269,6.939784,6.3750777
sensor_accelerometer,7d03ae92-e310-48d7-87b9-8440f65c47f7,1773747768374558198,0.04007978,6.939784,6.446862
sensor_accelerometer,7d03ae92-e310-48d7-87b9-8440f65c47f7,1773747768394566271,0.10707881,7.09771,6.6765733
sensor_accelerometer,7d03ae92-e310-48d7-87b9-8440f65c47f7,1773747768414576166,0.07836494,7.083353,6.02094
sensor_accelerometer,7d03ae92-e310-48d7-87b9-8440f65c47f7,1773747768434563823,0.05922236,6.9302125,5.9587264
sensor_accelerometer,7d03ae92-e310-48d7-87b9-8440f65c47f7,1773747768454580281,-0.0317049,7.1072817,6.2841506
sensor_accelerometer,7d03ae92-e310-48d7-87b9-8440f65c47f7,1773747768474590802,-0.1274178,7.0450683,6.470791
sensor_accelerometer,7d03ae92-e310-48d7-87b9-8440f65c47f7,1773747768494624864,-0.0029910284,7.1742806,6.174081
sensor_accelerometer,7d03ae92-e310-48d7-87b9-8440f65c47f7,1773747768514633510,0.15972091,7.198209,5.896513
sensor_accelerometer,7d03ae92-e310-48d7-87b9-8440f65c47f7,1773747768534638979,0.05922236,7.0642104,6.2123656
sensor_accelerometer,7d03ae92-e310-48d7-87b9-8440f65c47f7,1773747768554653666,0.020937199,6.982855,6.087939
sensor_accelerometer,7d03ae92-e310-48d7-87b9-8440f65c47f7,1773747768574661218,0.09750752,7.083353,6.470791
sensor_accelerometer,7d03ae92-e310-48d7-87b9-8440f65c47f7,1773747768594669448,-0.14177474,7.112067,6.859026
sensor_accelerometer,7d03ae92-e310-48d7-87b9-8440f65c47f7,1773747768614688875,-0.10827523,7.1838517,6.6239314
sensor_accelerometer,7d03ae92-e310-48d7-87b9-8440f65c47f7,1773747768634665125,-0.093918286,7.0785675,6.1597238
sensor_accelerometer,7d03ae92-e310-48d7-87b9-8440f65c47f7,1773747768654674968,0.064008005,7.140781,5.91087
sensor_accelerometer,7d03ae92-e310-48d7-87b9-8440f65c47f7,1773747768674718250,0.020937199,7.083353,6.2315083
sensor_accelerometer,7d03ae92-e310-48d7-87b9-8440f65c47f7,1773747768694697000,-0.12263216,7.0642104,6.3272214
sensor_accelerometer,7d03ae92-e310-48d7-87b9-8440f65c47f7,1773747768714726010,-0.1369891,6.992426,6.389435
sensor_accelerometer,7d03ae92-e310-48d7-87b9-8440f65c47f7,1773747768734749968,-0.060418773,7.1455665,6.265008
sensor_accelerometer,7d03ae92-e310-48d7-87b9-8440f65c47f7,1773747768754764552,-0.036490545,7.1072817,6.1645093
sensor_accelerometer,7d03ae92-e310-48d7-87b9-8440f65c47f7,1773747768774778093,-0.060418773,7.1742806,6.0831532
sensor_accelerometer,7d03ae92-e310-48d7-87b9-8440f65c47f7,1773747768794790229,-0.1274178,7.279565,6.169295
sensor_accelerometer,7d03ae92-e310-48d7-87b9-8440f65c47f7,1773747768814798771,-0.04127619,7.1934233,6.422934
sensor_accelerometer,7d03ae92-e310-48d7-87b9-8440f65c47f7,1773747768834781635,-0.026919255,7.1742806,6.102296
sensor_accelerometer,7d03ae92-e310-48d7-87b9-8440f65c47f7,1773747768854804916,-0.12263216,7.112067,5.9587264
sensor_accelerometer,7d03ae92-e310-48d7-87b9-8440f65c47f7,1773747768874825177,-0.14656039,7.3226357,5.704489
sensor_accelerometer,7d03ae92-e310-48d7-87b9-8440f65c47f7,1773747768894838354,0.030508488,7.0546393,5.5130634
sensor_accelerometer,7d03ae92-e310-48d7-87b9-8440f65c47f7,1773747768914847521,0.15493527,7.164709,5.9204416
sensor_accelerometer,7d03ae92-e310-48d7-87b9-8440f65c47f7,1773747768934859239,-0.18484555,7.1216383,6.31765
sensor_accelerometer,7d03ae92-e310-48d7-87b9-8440f65c47f7,1773747768954870281,-0.27098715,7.42792,6.4995046
sensor_accelerometer,7d03ae92-e310-48d7-87b9-8440f65c47f7,1773747768974850698,-0.20877378,7.5092754,6.298507
sensor_accelerometer,7d03ae92-e310-48d7-87b9-8440f65c47f7,1773747768994896323,-0.1369891,7.4039917,6.5282183
sensor_accelerometer,7d03ae92-e310-48d7-87b9-8440f65c47f7,1773747769014878250,0.04007978,7.0211396,6.53779
sensor_accelerometer,7d03ae92-e310-48d7-87b9-8440f65c47f7,1773747769034917000,-0.026919255,7.0929246,5.925227
sensor_accelerometer,7d03ae92-e310-48d7-87b9-8440f65c47f7,1773747769054915333,-0.02213361,7.1168528,5.2689953
sensor_accelerometer,7d03ae92-e310-48d7-87b9-8440f65c47f7,1773747769074918041,-0.050847482,7.3369923,5.3072805
sensor_accelerometer,7d03ae92-e310-48d7-87b9-8440f65c47f7,1773747769094948041,-0.012562319,7.3082786,5.642276
sensor_accelerometer,7d03ae92-e310-48d7-87b9-8440f65c47f7,1773747769114951896,-0.07477571,7.4853473,6.236294
sensor_accelerometer,7d03ae92-e310-48d7-87b9-8440f65c47f7,1773747769134968927,-0.13220344,7.494919,6.585646
sensor_accelerometer,7d03ae92-e310-48d7-87b9-8440f65c47f7,1773747769154977937,-0.11784652,7.313064,6.470791
sensor_accelerometer,7d03ae92-e310-48d7-87b9-8440f65c47f7,1773747769174989187,0.0017946169,7.274779,5.9587264
sensor_accelerometer,7d03ae92-e310-48d7-87b9-8440f65c47f7,1773747769195007260,0.14536397,7.1024957,5.8247285
sensor_accelerometer,7d03ae92-e310-48d7-87b9-8440f65c47f7,1773747769215010750,-0.093918286,7.346564,6.4420767
sensor_accelerometer,7d03ae92-e310-48d7-87b9-8440f65c47f7,1773747769234993927,-0.1274178,7.246065,6.494719
sensor_accelerometer,7d03ae92-e310-48d7-87b9-8440f65c47f7,1773747769255008146,0.17407785,7.4901333,5.762515
sensor_accelerometer,7d03ae92-e310-48d7-87b9-8440f65c47f7,1773747769275048093,0.23629123,7.461419,5.0919266
sensor_accelerometer,7d03ae92-e310-48d7-87b9-8440f65c47f7,1773747769295031635,0.19322042,7.3513494,5.599205
sensor_accelerometer,7d03ae92-e310-48d7-87b9-8440f65c47f7,1773747769315074031,0.111864455,7.198209,6.533004
sensor_accelerometer,7d03ae92-e310-48d7-87b9-8440f65c47f7,1773747769335082312,0.07836494,7.370492,6.6095743
sensor_accelerometer,7d03ae92-e310-48d7-87b9-8440f65c47f7,1773747769355092312,0.2650051,7.4039917,5.752944
sensor_accelerometer,7d03ae92-e310-48d7-87b9-8440f65c47f7,1773747769375099760,0.18364914,7.3226357,4.555336
sensor_accelerometer,7d03ae92-e310-48d7-87b9-8440f65c47f7,1773747769395111271,0.12143575,7.0929246,4.85743
sensor_accelerometer,7d03ae92-e310-48d7-87b9-8440f65c47f7,1773747769415090333,-0.02213361,7.1934233,6.2458653
sensor_accelerometer,7d03ae92-e310-48d7-87b9-8440f65c47f7,1773747769435114031,-0.0029910284,7.4566336,6.8398833
sensor_accelerometer,7d03ae92-e310-48d7-87b9-8440f65c47f7,1773747769455136218,-0.0077766734,7.4470625,6.198009
sensor_accelerometer,7d03ae92-e310-48d7-87b9-8440f65c47f7,1773747769475151271,0.18364914,7.356135,5.9491553
sensor_accelerometer,7d03ae92-e310-48d7-87b9-8440f65c47f7,1773747769495170437,0.1692922,7.2987075,5.7816577
sensor_accelerometer,7d03ae92-e310-48d7-87b9-8440f65c47f7,1773747769515184083,0.31764722,7.236494,5.968298
sensor_accelerometer,7d03ae92-e310-48d7-87b9-8440f65c47f7,1773747769535157208,0.1692922,7.2939215,6.298507
sensor_accelerometer,7d03ae92-e310-48d7-87b9-8440f65c47f7,1773747769555180854,-0.060418773,7.4422765,6.437291
sensor_accelerometer,7d03ae92-e310-48d7-87b9-8440f65c47f7,1773747769575206375,-0.098703936,7.461419,6.221937
sensor_accelerometer,7d03ae92-e310-48d7-87b9-8440f65c47f7,1773747769595224031,0.0735793,7.179066,6.2697935
sensor_accelerometer,7d03ae92-e310-48d7-87b9-8440f65c47f7,1773747769615235073,0.27936205,7.260422,6.073582
sensor_accelerometer,7d03ae92-e310-48d7-87b9-8440f65c47f7,1773747769635249343,0.1692922,7.3896346,5.7577295
sensor_accelerometer,7d03ae92-e310-48d7-87b9-8440f65c47f7,1773747769655266218,0.020937199,7.2412796,5.91087
sensor_accelerometer,7d03ae92-e310-48d7-87b9-8440f65c47f7,1773747769675259135,0.16450655,7.1742806,6.035297
sensor_accelerometer,7d03ae92-e310-48d7-87b9-8440f65c47f7,1773747769695282156,0.31764722,7.09771,5.886942
sensor_accelerometer,7d03ae92-e310-48d7-87b9-8440f65c47f7,1773747769715255593,0.212363,7.2508507,5.623133
sensor_accelerometer,7d03ae92-e310-48d7-87b9-8440f65c47f7,1773747769735303302,0.18843478,7.3752775,5.7433724
sensor_accelerometer,7d03ae92-e310-48d7-87b9-8440f65c47f7,1773747769755315021,0.17407785,7.356135,6.308079
sensor_accelerometer,7d03ae92-e310-48d7-87b9-8440f65c47f7,1773747769775324604,0.05922236,7.4853473,6.1453667
sensor_accelerometer,7d03ae92-e310-48d7-87b9-8440f65c47f7,1773747769795332729,0.17407785,7.236494,5.858228
sensor_accelerometer,7d03ae92-e310-48d7-87b9-8440f65c47f7,1773747769815347625,0.14536397,7.231708,6.0113688
sensor_accelerometer,7d03ae92-e310-48d7-87b9-8440f65c47f7,1773747769835321948,0.12143575,7.3417783,6.355935
sensor_accelerometer,7d03ae92-e310-48d7-87b9-8440f65c47f7,1773747769855346896,0.10707881,7.346564,6.0640106
sensor_accelerometer,7d03ae92-e310-48d7-87b9-8440f65c47f7,1773747769875376896,0.18364914,7.3369923,5.474778
sensor_accelerometer,7d03ae92-e310-48d7-87b9-8440f65c47f7,1773747769895384760,0.293719,7.088139,5.493921
sensor_accelerometer,7d03ae92-e310-48d7-87b9-8440f65c47f7,1773747769915400333,0.25543383,7.303493,6.169295
sensor_accelerometer,7d03ae92-e310-48d7-87b9-8440f65c47f7,1773747769935409968,0.35593235,7.222137,6.303293
sensor_accelerometer,7d03ae92-e310-48d7-87b9-8440f65c47f7,1773747769955417521,0.05922236,7.2556367,6.355935
sensor_accelerometer,7d03ae92-e310-48d7-87b9-8440f65c47f7,1773747769975428666,-0.16091733,7.571489,6.2841506
sensor_accelerometer,7d03ae92-e310-48d7-87b9-8440f65c47f7,1773747769995446583,-0.1274178,7.2269225,6.298507
sensor_accelerometer,7d03ae92-e310-48d7-87b9-8440f65c47f7,1773747770015450489,0.27936205,6.9445696,6.930811
sensor_accelerometer,7d03ae92-e310-48d7-87b9-8440f65c47f7,1773747770035440854,0.293719,7.049854,6.2315083
sensor_accelerometer,7d03ae92-e310-48d7-87b9-8440f65c47f7,1773747770055451635,0.13579269,7.5475607,5.2163534
sensor_accelerometer,7d03ae92-e310-48d7-87b9-8440f65c47f7,1773747770075489604,0.04007978,7.423134,5.3886366
sensor_accelerometer,7d03ae92-e310-48d7-87b9-8440f65c47f7,1773747770095498979,0.10229317,7.2843504,5.9730835
sensor_accelerometer,7d03ae92-e310-48d7-87b9-8440f65c47f7,1773747770115508666,0.13579269,6.982855,6.652645
sensor_accelerometer,7d03ae92-e310-48d7-87b9-8440f65c47f7,1773747770135516427,0.0735793,7.2269225,6.384649
sensor_accelerometer,7d03ae92-e310-48d7-87b9-8440f65c47f7,1773747770155541635,0.18843478,7.13121,5.748158
sensor_accelerometer,7d03ae92-e310-48d7-87b9-8440f65c47f7,1773747770175541427,-0.0077766734,7.1934233,6.0831532
sensor_accelerometer,7d03ae92-e310-48d7-87b9-8440f65c47f7,1773747770195553562,-0.12263216,7.3513494,6.250651
sensor_accelerometer,7d03ae92-e310-48d7-87b9-8440f65c47f7,1773747770215530385,-0.1369891,7.3226357,6.346364
sensor_accelerometer,7d03ae92-e310-48d7-87b9-8440f65c47f7,1773747770235548302,0.05922236,7.279565,6.3607206
sensor_accelerometer,7d03ae92-e310-48d7-87b9-8440f65c47f7,1773747770255557781,0.19322042,7.2508507,6.087939
sensor_accelerometer,7d03ae92-e310-48d7-87b9-8440f65c47f7,1773747770275584552,0.14057833,7.179066,5.9874406
sensor_accelerometer,7d03ae92-e310-48d7-87b9-8440f65c47f7,1773747770295574604,0.025722843,7.1359954,6.183652
sensor_accelerometer,7d03ae92-e310-48d7-87b9-8440f65c47f7,1773747770315612521,0.08315059,7.1168528,6.0687966
sensor_accelerometer,7d03ae92-e310-48d7-87b9-8440f65c47f7,1773747770335629135,0.05922236,7.0115685,6.20758
sensor_accelerometer,7d03ae92-e310-48d7-87b9-8440f65c47f7,1773747770355608093,0.07836494,7.112067,6.250651
sensor_accelerometer,7d03ae92-e310-48d7-87b9-8440f65c47f7,1773747770375652052,0.035294134,7.279565,5.9635124
sensor_accelerometer,7d03ae92-e310-48d7-87b9-8440f65c47f7,1773747770395635021,0.13100705,7.380063,5.94437
sensor_accelerometer,7d03ae92-e310-48d7-87b9-8440f65c47f7,1773747770415644656,0.15972091,7.2939215,6.1214385
sensor_accelerometer,7d03ae92-e310-48d7-87b9-8440f65c47f7,1773747770435666583,0.13100705,7.1216383,6.2554364
sensor_accelerometer,7d03ae92-e310-48d7-87b9-8440f65c47f7,1773747770455678093,0.08315059,7.13121,6.4181485
sensor_accelerometer,7d03ae92-e310-48d7-87b9-8440f65c47f7,1773747770475675906,0.16450655,7.20778,6.2123656
sensor_accelerometer,7d03ae92-e310-48d7-87b9-8440f65c47f7,1773747770495687833,0.24586253,7.346564,6.059225
sensor_accelerometer,7d03ae92-e310-48d7-87b9-8440f65c47f7,1773747770515724656,0.25543383,7.274779,5.738587
sensor_accelerometer,7d03ae92-e310-48d7-87b9-8440f65c47f7,1773747770535738875,0.19322042,7.2269225,5.642276
sensor_accelerometer,7d03ae92-e310-48d7-87b9-8440f65c47f7,1773747770555751166,0.12622139,7.198209,5.752944
sensor_accelerometer,7d03ae92-e310-48d7-87b9-8440f65c47f7,1773747770575757989,0.26021945,7.1599236,5.9970117
sensor_accelerometer,7d03ae92-e310-48d7-87b9-8440f65c47f7,1773747770595739135,0.25064817,7.2173514,6.0687966
sensor_accelerometer,7d03ae92-e310-48d7-87b9-8440f65c47f7,1773747770615750073,0.0735793,7.1742806,6.2697935
sensor_accelerometer,7d03ae92-e310-48d7-87b9-8440f65c47f7,1773747770635780125,0.08793623,7.126424,6.3367925
sensor_accelerometer,7d03ae92-e310-48d7-87b9-8440f65c47f7,1773747770655775073,0.16450655,7.2939215,6.059225
sensor_accelerometer,7d03ae92-e310-48d7-87b9-8440f65c47f7,1773747770675783823,0.23150559,7.50449,6.126224
sensor_accelerometer,7d03ae92-e310-48d7-87b9-8440f65c47f7,1773747770695792156,0.10707881,7.408777,6.288936
sensor_accelerometer,7d03ae92-e310-48d7-87b9-8440f65c47f7,1773747770715802833,-0.15134603,6.8727846,7.170093
sensor_accelerometer,7d03ae92-e310-48d7-87b9-8440f65c47f7,1773747770735812937,0.025722843,6.8488564,7.615158
sensor_accelerometer,7d03ae92-e310-48d7-87b9-8440f65c47f7,1773747770755840333,0.31286156,7.2556367,5.9491553
sensor_accelerometer,7d03ae92-e310-48d7-87b9-8440f65c47f7,1773747770775839448,0.26021945,7.2173514,4.4979086
sensor_accelerometer,7d03ae92-e310-48d7-87b9-8440f65c47f7,1773747770795879604,-0.10827523,6.7573314,5.4556355
sensor_accelerometer,7d03ae92-e310-48d7-87b9-8440f65c47f7,1773747770815864239,0.34636107,7.0115685,6.4037914
sensor_accelerometer,7d03ae92-e310-48d7-87b9-8440f65c47f7,1773747770835877104,0.044865426,7.1455665,6.4851475
sensor_accelerometer,7d03ae92-e310-48d7-87b9-8440f65c47f7,1773747770855893302,-0.1274178,7.3369923,6.547361
sensor_accelerometer,7d03ae92-e310-48d7-87b9-8440f65c47f7,1773747770875900229,-0.10348958,7.1742806,6.585646
sensor_accelerometer,7d03ae92-e310-48d7-87b9-8440f65c47f7,1773747770895934500,0.09272188,7.179066,6.31765
sensor_accelerometer,7d03ae92-e310-48d7-87b9-8440f65c47f7,1773747770915913458,0.15014961,7.1072817,6.092725
sensor_accelerometer,7d03ae92-e310-48d7-87b9-8440f65c47f7,1773747770935951271,0.14536397,7.0689964,5.992226
sensor_accelerometer,7d03ae92-e310-48d7-87b9-8440f65c47f7,1773747770955970333,0.016151553,7.1168528,6.24108
sensor_accelerometer,7d03ae92-e310-48d7-87b9-8440f65c47f7,1773747770975977989,0.14536397,7.1503525,6.169295
sensor_accelerometer,7d03ae92-e310-48d7-87b9-8440f65c47f7,1773747770995977573,0.19800608,7.0402822,6.265008
sensor_accelerometer,7d03ae92-e310-48d7-87b9-8440f65c47f7,1773747771016001218,-0.06999006,7.1455665,6.399006
sensor_accelerometer,7d03ae92-e310-48d7-87b9-8440f65c47f7,1773747771035980593,-0.10348958,7.164709,6.384649
sensor_accelerometer,7d03ae92-e310-48d7-87b9-8440f65c47f7,1773747771056017000,0.020937199,7.059425,6.2793646
sensor_accelerometer,7d03ae92-e310-48d7-87b9-8440f65c47f7,1773747771076000854,0.09272188,7.112067,6.2267227
sensor_accelerometer,7d03ae92-e310-48d7-87b9-8440f65c47f7,1773747771096047416,0.030508488,7.140781,6.2602224
sensor_accelerometer,7d03ae92-e310-48d7-87b9-8440f65c47f7,1773747771116057416,0.054436713,6.9876404,6.006583
sensor_accelerometer,7d03ae92-e310-48d7-87b9-8440f65c47f7,1773747771136064135,0.025722843,7.20778,6.092725
sensor_accelerometer,7d03ae92-e310-48d7-87b9-8440f65c47f7,1773747771156081583,0.064008005,7.126424,5.8008003
sensor_accelerometer,7d03ae92-e310-48d7-87b9-8440f65c47f7,1773747771176091479,0.064008005,6.9972115,6.1597238
sensor_accelerometer,7d03ae92-e310-48d7-87b9-8440f65c47f7,1773747771196102104,0.0065802624,7.126424,6.5234327
sensor_accelerometer,7d03ae92-e310-48d7-87b9-8440f65c47f7,1773747771216101166,-0.060418773,7.20778,6.3942204
sensor_accelerometer,7d03ae92-e310-48d7-87b9-8440f65c47f7,1773747771236089760,-0.06999006,7.164709,6.389435
sensor_accelerometer,7d03ae92-e310-48d7-87b9-8440f65c47f7,1773747771256107625,0.0735793,7.112067,6.4755764
sensor_accelerometer,7d03ae92-e310-48d7-87b9-8440f65c47f7,1773747771276115021,0.07836494,7.0642104,6.5425754
sensor_accelerometer,7d03ae92-e310-48d7-87b9-8440f65c47f7,1773747771296156896,0.011365907,6.9684978,6.5521464
sensor_accelerometer,7d03ae92-e310-48d7-87b9-8440f65c47f7,1773747771316134500,-0.0029910284,6.8775706,6.355935
sensor_accelerometer,7d03ae92-e310-48d7-87b9-8440f65c47f7,1773747771336177781,0.10707881,6.882356,6.1597238
sensor_accelerometer,7d03ae92-e310-48d7-87b9-8440f65c47f7,1773747771356170698,0.05922236,7.0450683,5.9587264
sensor_accelerometer,7d03ae92-e310-48d7-87b9-8440f65c47f7,1773747771376197989,-0.0077766734,7.0642104,6.059225
sensor_accelerometer,7d03ae92-e310-48d7-87b9-8440f65c47f7,1773747771396176323,-0.050847482,7.0354967,6.422934
sensor_accelerometer,7d03ae92-e310-48d7-87b9-8440f65c47f7,1773747771416188823,-0.0077766734,6.992426,6.571289
sensor_accelerometer,7d03ae92-e310-48d7-87b9-8440f65c47f7,1773747771436201323,0.035294134,7.030711,6.61436
sensor_accelerometer,7d03ae92-e310-48d7-87b9-8440f65c47f7,1773747771456215906,0.08793623,7.0259256,6.413363
sensor_accelerometer,7d03ae92-e310-48d7-87b9-8440f65c47f7,1773747771476240073,0.030508488,7.006783,6.303293
sensor_accelerometer,7d03ae92-e310-48d7-87b9-8440f65c47f7,1773747771496266114,-0.0029910284,7.0115685,6.446862
sensor_accelerometer,7d03ae92-e310-48d7-87b9-8440f65c47f7,1773747771516247677,-0.0317049,7.0402822,6.533004
sensor_accelerometer,7d03ae92-e310-48d7-87b9-8440f65c47f7,1773747771536281218,-0.0317049,7.0402822,6.2554364
sensor_accelerometer,7d03ae92-e310-48d7-87b9-8440f65c47f7,1773747771556295958,0.016151553,6.9972115,6.1118674
sensor_accelerometer,7d03ae92-e310-48d7-87b9-8440f65c47f7,1773747771576305177,0.04965107,6.858428,6.2267227
sensor_accelerometer,7d03ae92-e310-48d7-87b9-8440f65c47f7,1773747771596302521,0.04965107,7.016354,6.24108
sensor_accelerometer,7d03ae92-e310-48d7-87b9-8440f65c47f7,1773747771616334135,0.0065802624,7.0546393,6.303293
sensor_accelerometer,7d03ae92-e310-48d7-87b9-8440f65c47f7,1773747771636338979,0.011365907,7.0546393,6.466005
sensor_accelerometer,7d03ae92-e310-48d7-87b9-8440f65c47f7,1773747771656322000,-0.026919255,7.0450683,6.480362
sensor_accelerometer,7d03ae92-e310-48d7-87b9-8440f65c47f7,1773747771676362468,-0.07956135,7.1599236,6.3511496
sensor_accelerometer,7d03ae92-e310-48d7-87b9-8440f65c47f7,1773747771696372729,-0.017347964,7.155138,6.3655066
sensor_accelerometer,7d03ae92-e310-48d7-87b9-8440f65c47f7,1773747771716357937,0.068793654,6.9732833,6.6909304
sensor_accelerometer,7d03ae92-e310-48d7-87b9-8440f65c47f7,1773747771736392000,0.05922236,6.8871417,6.7968125
sensor_accelerometer,7d03ae92-e310-48d7-87b9-8440f65c47f7,1773747771756403354,0.07836494,6.9062843,6.341578
sensor_accelerometer,7d03ae92-e310-48d7-87b9-8440f65c47f7,1773747771776413666,-0.012562319,6.939784,5.8343
sensor_accelerometer,7d03ae92-e310-48d7-87b9-8440f65c47f7,1773747771796426166,0.04965107,7.1359954,5.843871
sensor_accelerometer,7d03ae92-e310-48d7-87b9-8440f65c47f7,1773747771816433614,-0.012562319,7.0259256,6.250651
sensor_accelerometer,7d03ae92-e310-48d7-87b9-8440f65c47f7,1773747771836420541,-0.0029910284,6.9732833,6.5760746
sensor_accelerometer,7d03ae92-e310-48d7-87b9-8440f65c47f7,1773747771856454552,0.035294134,6.9158554,6.3128643
sensor_accelerometer,7d03ae92-e310-48d7-87b9-8440f65c47f7,1773747771876469291,0.04965107,7.0450683,6.2793646
sensor_accelerometer,7d03ae92-e310-48d7-87b9-8440f65c47f7,1773747771896481687,0.07836494,7.083353,6.3798633
sensor_accelerometer,7d03ae92-e310-48d7-87b9-8440f65c47f7,1773747771916463198,0.044865426,7.049854,6.5234327
sensor_accelerometer,7d03ae92-e310-48d7-87b9-8440f65c47f7,1773747771936500021,0.0065802624,6.925427,6.571289
sensor_accelerometer,7d03ae92-e310-48d7-87b9-8440f65c47f7,1773747771956494708,0.011365907,6.9445696,6.384649
sensor_accelerometer,7d03ae92-e310-48d7-87b9-8440f65c47f7,1773747771976527573,-0.017347964,7.0450683,6.1788664
sensor_accelerometer,7d03ae92-e310-48d7-87b9-8440f65c47f7,1773747771996541427,-0.0077766734,7.1072817,6.399006
sensor_accelerometer,7d03ae92-e310-48d7-87b9-8440f65c47f7,1773747772016546271,0.030508488,7.0402822,6.4037914
sensor_accelerometer,7d03ae92-e310-48d7-87b9-8440f65c47f7,1773747772036557937,0.08793623,6.982855,6.399006
sensor_accelerometer,7d03ae92-e310-48d7-87b9-8440f65c47f7,1773747772056562260,0.0735793,6.9684978,6.2315083
sensor_accelerometer,7d03ae92-e310-48d7-87b9-8440f65c47f7,1773747772076562364,0.016151553,7.0450683,6.221937
sensor_accelerometer,7d03ae92-e310-48d7-87b9-8440f65c47f7,1773747772096590958,-0.0029910284,7.049854,6.236294
sensor_accelerometer,7d03ae92-e310-48d7-87b9-8440f65c47f7,1773747772116605281,-0.02213361,7.030711,6.3798633
sensor_accelerometer,7d03ae92-e310-48d7-87b9-8440f65c47f7,1773747772136608823,-0.0029910284,7.0259256,6.466005
sensor_accelerometer,7d03ae92-e310-48d7-87b9-8440f65c47f7,1773747772156625333,0.020937199,7.088139,6.355935
sensor_accelerometer,7d03ae92-e310-48d7-87b9-8440f65c47f7,1773747772176635541,0.08793623,7.0689964,6.102296
sensor_accelerometer,7d03ae92-e310-48d7-87b9-8440f65c47f7,1773747772196626166,0.035294134,7.0402822,6.140581
sensor_accelerometer,7d03ae92-e310-48d7-87b9-8440f65c47f7,1773747772216626687,0.08315059,6.9972115,6.4181485
sensor_accelerometer,7d03ae92-e310-48d7-87b9-8440f65c47f7,1773747772236666687,0.08793623,6.9876404,6.5808606
sensor_accelerometer,7d03ae92-e310-48d7-87b9-8440f65c47f7,1773747772256672833,0.0065802624,6.963712,6.451648
sensor_accelerometer,7d03ae92-e310-48d7-87b9-8440f65c47f7,1773747772276685854,0.068793654,6.9302125,6.3942204
sensor_accelerometer,7d03ae92-e310-48d7-87b9-8440f65c47f7,1773747772296704031,0.020937199,6.9684978,6.3750777
sensor_accelerometer,7d03ae92-e310-48d7-87b9-8440f65c47f7,1773747772316713146,0.0735793,6.8632135,6.3367925
sensor_accelerometer,7d03ae92-e310-48d7-87b9-8440f65c47f7,1773747772336691739,0.09750752,6.949355,6.3607206
sensor_accelerometer,7d03ae92-e310-48d7-87b9-8440f65c47f7,1773747772356733093,0.020937199,6.982855,6.533004
sensor_accelerometer,7d03ae92-e310-48d7-87b9-8440f65c47f7,1773747772376744448,-0.02213361,7.0019975,6.6765733
sensor_accelerometer,7d03ae92-e310-48d7-87b9-8440f65c47f7,1773747772396761271,-0.050847482,6.8632135,6.6095743
sensor_accelerometer,7d03ae92-e310-48d7-87b9-8440f65c47f7,1773747772416761791,0.068793654,6.963712,6.437291
sensor_accelerometer,7d03ae92-e310-48d7-87b9-8440f65c47f7,1773747772436770021,-0.24705894,6.9158554,6.1884375
sensor_accelerometer,7d03ae92-e310-48d7-87b9-8440f65c47f7,1773747772456783927,-0.25184458,6.8967133,6.3272214
sensor_accelerometer,7d03ae92-e310-48d7-87b9-8440f65c47f7,1773747772476800437,-0.10827523,6.8536425,6.652645
sensor_accelerometer,7d03ae92-e310-48d7-87b9-8440f65c47f7,1773747772496812989,-0.06999006,6.9876404,6.4755764
sensor_accelerometer,7d03ae92-e310-48d7-87b9-8440f65c47f7,1773747772516822677,-0.12263216,6.901499,6.288936
sensor_accelerometer,7d03ae92-e310-48d7-87b9-8440f65c47f7,1773747772536832833,-0.14656039,6.882356,6.346364
sensor_accelerometer,7d03ae92-e310-48d7-87b9-8440f65c47f7,1773747772556840541,-0.11784652,6.8345,6.346364
sensor_accelerometer,7d03ae92-e310-48d7-87b9-8440f65c47f7,1773747772576851739,-0.046061836,6.9206414,6.346364
sensor_accelerometer,7d03ae92-e310-48d7-87b9-8440f65c47f7,1773747772596865073,-0.22313072,6.9684978,6.643074
sensor_accelerometer,7d03ae92-e310-48d7-87b9-8440f65c47f7,1773747772616873041,-0.17527425,6.9684978,6.686145
sensor_accelerometer,7d03ae92-e310-48d7-87b9-8440f65c47f7,1773747772636891218,-0.18484555,6.9589267,6.518647
sensor_accelerometer,7d03ae92-e310-48d7-87b9-8440f65c47f7,1773747772656892937,-0.14177474,6.9684978,6.6478596
sensor_accelerometer,7d03ae92-e310-48d7-87b9-8440f65c47f7,1773747772676914343,-0.10348958,6.9062843,6.384649
sensor_accelerometer,7d03ae92-e310-48d7-87b9-8440f65c47f7,1773747772696927468,-0.17527425,6.8201427,6.399006
sensor_accelerometer,7d03ae92-e310-48d7-87b9-8440f65c47f7,1773747772716935646,-0.13220344,6.8775706,6.0544395
sensor_accelerometer,7d03ae92-e310-48d7-87b9-8440f65c47f7,1773747772736942625,-0.17527425,7.083353,6.140581
sensor_accelerometer,7d03ae92-e310-48d7-87b9-8440f65c47f7,1773747772756957104,-0.10348958,7.0259256,6.5090756
sensor_accelerometer,7d03ae92-e310-48d7-87b9-8440f65c47f7,1773747772776968666,-0.046061836,6.8632135,6.643074
sensor_accelerometer,7d03ae92-e310-48d7-87b9-8440f65c47f7,1773747772796972677,-0.17527425,6.791429,6.341578
sensor_accelerometer,7d03ae92-e310-48d7-87b9-8440f65c47f7,1773747772816989864,-0.24227329,6.982855,6.1453667
sensor_accelerometer,7d03ae92-e310-48d7-87b9-8440f65c47f7,1773747772836995281,-0.21834506,7.030711,6.3798633
sensor_accelerometer,7d03ae92-e310-48d7-87b9-8440f65c47f7,1773747772857003562,-0.07956135,6.9684978,6.399006
sensor_accelerometer,7d03ae92-e310-48d7-87b9-8440f65c47f7,1773747772877018718,-0.18484555,6.9541407,6.4995046
sensor_accelerometer,7d03ae92-e310-48d7-87b9-8440f65c47f7,1773747772897027312,-0.19920248,6.963712,6.2027946
sensor_accelerometer,7d03ae92-e310-48d7-87b9-8440f65c47f7,1773747772917043458,-0.036490545,6.9732833,6.20758
sensor_accelerometer,7d03ae92-e310-48d7-87b9-8440f65c47f7,1773747772937052468,-0.24705894,6.939784,6.6909304
sensor_accelerometer,7d03ae92-e310-48d7-87b9-8440f65c47f7,1773747772957062937,-0.28055847,7.049854,6.7292156
sensor_accelerometer,7d03ae92-e310-48d7-87b9-8440f65c47f7,1773747772977075906,-0.20877378,7.059425,6.3128643
sensor_accelerometer,7d03ae92-e310-48d7-87b9-8440f65c47f7,1773747772997056687,-0.06520442,7.006783,6.3272214
sensor_accelerometer,7d03ae92-e310-48d7-87b9-8440f65c47f7,1773747773017076062,-0.050847482,6.9206414,6.547361
sensor_accelerometer,7d03ae92-e310-48d7-87b9-8440f65c47f7,1773747773037105229,-0.098703936,6.8345,6.792027
sensor_accelerometer,7d03ae92-e310-48d7-87b9-8440f65c47f7,1773747773057119031,-0.15613168,6.8967133,6.422934
sensor_accelerometer,7d03ae92-e310-48d7-87b9-8440f65c47f7,1773747773077100437,-0.07956135,6.992426,5.901299
sensor_accelerometer,7d03ae92-e310-48d7-87b9-8440f65c47f7,1773747773097111323,-0.089132644,6.9876404,6.1884375
sensor_accelerometer,7d03ae92-e310-48d7-87b9-8440f65c47f7,1773747773117128562,-0.07956135,7.073782,6.389435
sensor_accelerometer,7d03ae92-e310-48d7-87b9-8440f65c47f7,1773747773137132573,-0.13220344,7.0546393,6.2123656
sensor_accelerometer,7d03ae92-e310-48d7-87b9-8440f65c47f7,1773747773157178198,-0.098703936,7.006783,6.20758
sensor_accelerometer,7d03ae92-e310-48d7-87b9-8440f65c47f7,1773747773177188979,-0.15134603,7.0546393,6.2697935
sensor_accelerometer,7d03ae92-e310-48d7-87b9-8440f65c47f7,1773747773197200906,-0.046061836,7.0450683,6.174081
sensor_accelerometer,7d03ae92-e310-48d7-87b9-8440f65c47f7,1773747773217205177,-0.07956135,7.006783,6.1645093
sensor_accelerometer,7d03ae92-e310-48d7-87b9-8440f65c47f7,1773747773237213510,-0.012562319,6.982855,6.1357956
sensor_accelerometer,7d03ae92-e310-48d7-87b9-8440f65c47f7,1773747773257222885,0.016151553,6.9445696,6.2697935
sensor_accelerometer,7d03ae92-e310-48d7-87b9-8440f65c47f7,1773747773277242416,-0.017347964,6.949355,6.4181485
sensor_accelerometer,7d03ae92-e310-48d7-87b9-8440f65c47f7,1773747773297258146,0.0065802624,6.8967133,6.466005
sensor_accelerometer,7d03ae92-e310-48d7-87b9-8440f65c47f7,1773747773317262989,-0.0077766734,6.9206414,6.7872415
sensor_accelerometer,7d03ae92-e310-48d7-87b9-8440f65c47f7,1773747773337276843,0.04965107,6.829714,6.719644
sensor_accelerometer,7d03ae92-e310-48d7-87b9-8440f65c47f7,1773747773357286375,0.068793654,6.882356,6.456434
sensor_accelerometer,7d03ae92-e310-48d7-87b9-8440f65c47f7,1773747773377301271,0.10229317,6.925427,6.451648
sensor_accelerometer,7d03ae92-e310-48d7-87b9-8440f65c47f7,1773747773397308458,0.016151553,6.9158554,6.5904317
sensor_accelerometer,7d03ae92-e310-48d7-87b9-8440f65c47f7,1773747773417319343,-0.0317049,6.8775706,6.8111696
sensor_accelerometer,7d03ae92-e310-48d7-87b9-8440f65c47f7,1773747773437299187,-0.0077766734,6.844071,6.8111696
sensor_accelerometer,7d03ae92-e310-48d7-87b9-8440f65c47f7,1773747773457334396,0.016151553,6.8919272,6.604789
sensor_accelerometer,7d03ae92-e310-48d7-87b9-8440f65c47f7,1773747773477318614,-0.050847482,6.8919272,6.451648
sensor_accelerometer,7d03ae92-e310-48d7-87b9-8440f65c47f7,1773747773497332781,-0.0077766734,6.882356,6.494719
sensor_accelerometer,7d03ae92-e310-48d7-87b9-8440f65c47f7,1773747773517340750,0.04965107,6.9302125,6.399006
sensor_accelerometer,7d03ae92-e310-48d7-87b9-8440f65c47f7,1773747773537385958,0.020937199,6.963712,6.2697935
sensor_accelerometer,7d03ae92-e310-48d7-87b9-8440f65c47f7,1773747773557399812,-0.050847482,6.9158554,6.3942204
sensor_accelerometer,7d03ae92-e310-48d7-87b9-8440f65c47f7,1773747773577408979,0.0017946169,6.8536425,6.533004
sensor_accelerometer,7d03ae92-e310-48d7-87b9-8440f65c47f7,1773747773597391166,0.011365907,6.8392854,6.489933
sensor_accelerometer,7d03ae92-e310-48d7-87b9-8440f65c47f7,1773747773617397052,-0.0029910284,6.901499,6.355935
sensor_accelerometer,7d03ae92-e310-48d7-87b9-8440f65c47f7,1773747773637434864,-0.0077766734,6.963712,6.322436
sensor_accelerometer,7d03ae92-e310-48d7-87b9-8440f65c47f7,1773747773657445229,-0.017347964,6.858428,6.7148585
sensor_accelerometer,7d03ae92-e310-48d7-87b9-8440f65c47f7,1773747773677432781,0.016151553,6.867999,6.719644
sensor_accelerometer,7d03ae92-e310-48d7-87b9-8440f65c47f7,1773747773697442156,0.020937199,6.978069,6.2937217
sensor_accelerometer,7d03ae92-e310-48d7-87b9-8440f65c47f7,1773747773717459552,-0.04127619,7.0354967,6.1788664
sensor_accelerometer,7d03ae92-e310-48d7-87b9-8440f65c47f7,1773747773737494239,-0.0029910284,7.0019975,6.298507
sensor_accelerometer,7d03ae92-e310-48d7-87b9-8440f65c47f7,1773747773757502729,-0.036490545,6.934998,6.5521464
sensor_accelerometer,7d03ae92-e310-48d7-87b9-8440f65c47f7,1773747773777520333,-0.04127619,6.901499,6.489933
sensor_accelerometer,7d03ae92-e310-48d7-87b9-8440f65c47f7,1773747773797495177,-0.0029910284,6.934998,6.346364
sensor_accelerometer,7d03ae92-e310-48d7-87b9-8440f65c47f7,1773747773817506427,-0.060418773,6.9684978,6.413363
sensor_accelerometer,7d03ae92-e310-48d7-87b9-8440f65c47f7,1773747773837549604,0.0065802624,6.9589267,6.547361
sensor_accelerometer,7d03ae92-e310-48d7-87b9-8440f65c47f7,1773747773857558666,0.020937199,6.925427,6.3655066
sensor_accelerometer,7d03ae92-e310-48d7-87b9-8440f65c47f7,1773747773877570385,0.04007978,6.815357,6.1884375
sensor_accelerometer,7d03ae92-e310-48d7-87b9-8440f65c47f7,1773747773897581687,-0.1274178,6.963712,6.3128643
sensor_accelerometer,7d03ae92-e310-48d7-87b9-8440f65c47f7,1773747773917564031,-0.012562319,6.9589267,6.288936
sensor_accelerometer,7d03ae92-e310-48d7-87b9-8440f65c47f7,1773747773937599031,-0.050847482,7.0354967,6.681359
sensor_accelerometer,7d03ae92-e310-48d7-87b9-8440f65c47f7,1773747773957614135,-0.11306087,6.992426,6.6095743
