UserId,RoundId,TimestampAfterNs,TimestampBeforeNs,ContentLengthBefore,ActionType,KeyChar,CursorPosition,InputContent
WLA5tSeimOdSy4qCfthdd7C5WeB2,1,1770016066247269000,1770016066225358000,0,Insert,D,1,D
WLA5tSeimOdSy4qCfthdd7C5WeB2,1,1770016066296717000,1770016066290481000,1,Insert,n,2,Dn
WLA5tSeimOdSy4qCfthdd7C5WeB2,1,1770016066374439000,1770016066370357000,2,Insert,e,3,Dne
WLA5tSeimOdSy4qCfthdd7C5WeB2,1,1770016066555483000,1770016066548954000,3,Insert,s,4,Dnes
WLA5tSeimOdSy4qCfthdd7C5WeB2,1,1770016066618676000,1770016066614451000,4,Insert, ,5,Dnes 
WLA5tSeimOdSy4qCfthdd7C5WeB2,1,1770016066740363000,1770016066734795000,5,Insert,j,6,Dnes j
WLA5tSeimOdSy4qCfthdd7C5WeB2,1,1770016066824242000,1770016066820105000,6,Insert,e,7,Dnes je
WLA5tSeimOdSy4qCfthdd7C5WeB2,1,1770016067515616000,1770016067508009000,7,Insert, ,8,Dnes je 
WLA5tSeimOdSy4qCfthdd7C5WeB2,1,1770016067770299000,1770016067763213000,8,Insert,v,9,Dnes je v
WLA5tSeimOdSy4qCfthdd7C5WeB2,1,1770016068734435000,1770016068725884000,9,Insert,i,10,Dnes je vi
WLA5tSeimOdSy4qCfthdd7C5WeB2,1,1770016069377534000,1770016069372509000,10,Delete,i,9,Dnes je v
WLA5tSeimOdSy4qCfthdd7C5WeB2,1,1770016069841558000,1770016069836343000,9,Insert,o,10,Dnes je vo
WLA5tSeimOdSy4qCfthdd7C5WeB2,1,1770016070111207000,1770016070106700000,10,Insert,n,11,Dnes je von
WLA5tSeimOdSy4qCfthdd7C5WeB2,1,1770016070349428000,1770016070342880000,11,Insert,k,12,Dnes je vonk
WLA5tSeimOdSy4qCfthdd7C5WeB2,1,1770016070526306000,1770016070522309000,12,Insert,u,13,Dnes je vonku
WLA5tSeimOdSy4qCfthdd7C5WeB2,1,1770016070747556000,1770016070739338000,13,Insert, ,14,Dnes je vonku 
WLA5tSeimOdSy4qCfthdd7C5WeB2,1,1770016070987585000,1770016070983315000,14,Insert,p,15,Dnes je vonku p
WLA5tSeimOdSy4qCfthdd7C5WeB2,1,1770016071073389000,1770016071068909000,15,Insert,e,16,Dnes je vonku pe
WLA5tSeimOdSy4qCfthdd7C5WeB2,1,1770016071171192000,1770016071166363000,16,Insert,k,17,Dnes je vonku pek
WLA5tSeimOdSy4qCfthdd7C5WeB2,1,1770016071362195000,1770016071355342000,17,Insert,n,18,Dnes je vonku pekn
WLA5tSeimOdSy4qCfthdd7C5WeB2,1,1770016071495018000,1770016071490702000,18,Insert,e,19,Dnes je vonku pekne
WLA5tSeimOdSy4qCfthdd7C5WeB2,1,1770016072800279000,1770016072788377000,19,Insert,",",20,"Dnes je vonku pekne,"
WLA5tSeimOdSy4qCfthdd7C5WeB2,1,1770016072881049000,1770016072874215000,20,Insert, ,21,"Dnes je vonku pekne, "
WLA5tSeimOdSy4qCfthdd7C5WeB2,1,1770016073077058000,1770016073072350000,21,Insert,i,22,"Dnes je vonku pekne, i"
WLA5tSeimOdSy4qCfthdd7C5WeB2,1,1770016073142155000,1770016073138368000,22,Insert,d,23,"Dnes je vonku pekne, id"
WLA5tSeimOdSy4qCfthdd7C5WeB2,1,1770016073325580000,1770016073321010000,23,Insert,e,24,"Dnes je vonku pekne, ide"
WLA5tSeimOdSy4qCfthdd7C5WeB2,1,1770016073388196000,1770016073384026000,24,Insert,m,25,"Dnes je vonku pekne, idem"
WLA5tSeimOdSy4qCfthdd7C5WeB2,1,1770016074469065000,1770016074459499000,25,Insert, ,26,"Dnes je vonku pekne, idem "
WLA5tSeimOdSy4qCfthdd7C5WeB2,1,1770016074938600000,1770016074924494000,26,Insert,v,27,"Dnes je vonku pekne, idem v"
WLA5tSeimOdSy4qCfthdd7C5WeB2,1,1770016075009291000,1770016075004438000,27,Insert,o,28,"Dnes je vonku pekne, idem vo"
WLA5tSeimOdSy4qCfthdd7C5WeB2,1,1770016075660762000,1770016075656111000,28,Insert,n,29,"Dnes je vonku pekne, idem von"
WLA5tSeimOdSy4qCfthdd7C5WeB2,1,1770016075853753000,1770016075848289000,29,Insert, ,30,"Dnes je vonku pekne, idem von "
WLA5tSeimOdSy4qCfthdd7C5WeB2,1,1770016076009289000,1770016075995746000,30,Insert,s,31,"Dnes je vonku pekne, idem von s"
WLA5tSeimOdSy4qCfthdd7C5WeB2,1,1770016076052239000,1770016076047708000,31,Insert,o,32,"Dnes je vonku pekne, idem von so"
WLA5tSeimOdSy4qCfthdd7C5WeB2,1,1770016076907102000,1770016076897081000,32,Insert, ,33,"Dnes je vonku pekne, idem von so "
WLA5tSeimOdSy4qCfthdd7C5WeB2,1,1770016077158972000,1770016077147962000,33,Insert,l,34,"Dnes je vonku pekne, idem von so l"
WLA5tSeimOdSy4qCfthdd7C5WeB2,1,1770016077258333000,1770016077250281000,34,Insert,s,35,"Dnes je vonku pekne, idem von so ls"
WLA5tSeimOdSy4qCfthdd7C5WeB2,1,1770016077346699000,1770016077340709000,35,Insert,o,36,"Dnes je vonku pekne, idem von so lso"
WLA5tSeimOdSy4qCfthdd7C5WeB2,1,1770016077512466000,1770016077508027000,36,Insert,m,37,"Dnes je vonku pekne, idem von so lsom"
WLA5tSeimOdSy4qCfthdd7C5WeB2,1,1770016077807001000,1770016077800973000,37,Delete,m,36,"Dnes je vonku pekne, idem von so lso"
WLA5tSeimOdSy4qCfthdd7C5WeB2,1,1770016077967178000,1770016077964199000,36,Delete,o,35,"Dnes je vonku pekne, idem von so ls"
WLA5tSeimOdSy4qCfthdd7C5WeB2,1,1770016078133148000,1770016078129634000,35,Delete,s,34,"Dnes je vonku pekne, idem von so l"
WLA5tSeimOdSy4qCfthdd7C5WeB2,1,1770016078285982000,1770016078282908000,34,Delete,l,33,"Dnes je vonku pekne, idem von so "
WLA5tSeimOdSy4qCfthdd7C5WeB2,1,1770016078964566000,1770016078954444000,33,Insert,p,34,"Dnes je vonku pekne, idem von so p"
WLA5tSeimOdSy4qCfthdd7C5WeB2,1,1770016079069384000,1770016079064362000,34,Insert,s,35,"Dnes je vonku pekne, idem von so ps"
WLA5tSeimOdSy4qCfthdd7C5WeB2,1,1770016079658439000,1770016079653931000,35,Insert,o,36,"Dnes je vonku pekne, idem von so pso"
WLA5tSeimOdSy4qCfthdd7C5WeB2,1,1770016079883181000,1770016079876236000,36,Insert,m,37,"Dnes je vonku pekne, idem von so psom"
WLA5tSeimOdSy4qCfthdd7C5WeB2,1,1770016080110017000,1770016080102957000,37,Insert, ,38,"Dnes je vonku pekne, idem von so psom "
WLA5tSeimOdSy4qCfthdd7C5WeB2,1,1770016080679547000,1770016080666700000,38,Insert,n,39,"Dnes je vonku pekne, idem von so psom n"
WLA5tSeimOdSy4qCfthdd7C5WeB2,1,1770016080765378000,1770016080760688000,39,Insert,a,40,"Dnes je vonku pekne, idem von so psom na"
WLA5tSeimOdSy4qCfthdd7C5WeB2,1,1770016081225741000,1770016081212293000,40,Insert, ,41,"Dnes je vonku pekne, idem von so psom na "
WLA5tSeimOdSy4qCfthdd7C5WeB2,1,1770016081463012000,1770016081455201000,41,Insert,d,42,"Dnes je vonku pekne, idem von so psom na d"
WLA5tSeimOdSy4qCfthdd7C5WeB2,1,1770016081607979000,1770016081603302000,42,Insert,v,43,"Dnes je vonku pekne, idem von so psom na dv"
WLA5tSeimOdSy4qCfthdd7C5WeB2,1,1770016081802892000,1770016081798106000,43,Insert,o,44,"Dnes je vonku pekne, idem von so psom na dvo"
WLA5tSeimOdSy4qCfthdd7C5WeB2,1,1770016082103104000,1770016082095796000,44,Insert,r,45,"Dnes je vonku pekne, idem von so psom na dvor"
WLA5tSeimOdSy4qCfthdd7C5WeB2,1,1770016082484442000,1770016082478845000,45,Insert, ,46,"Dnes je vonku pekne, idem von so psom na dvor "
WLA5tSeimOdSy4qCfthdd7C5WeB2,1,1770016083175437000,1770016083171247000,46,Insert,a,47,"Dnes je vonku pekne, idem von so psom na dvor a"
WLA5tSeimOdSy4qCfthdd7C5WeB2,1,1770016083344525000,1770016083338645000,47,Insert, ,48,"Dnes je vonku pekne, idem von so psom na dvor a "
WLA5tSeimOdSy4qCfthdd7C5WeB2,1,1770016083607886000,1770016083600188000,48,Insert,b,49,"Dnes je vonku pekne, idem von so psom na dvor a b"
WLA5tSeimOdSy4qCfthdd7C5WeB2,1,1770016083795801000,1770016083789906000,49,Insert,u,50,"Dnes je vonku pekne, idem von so psom na dvor a bu"
WLA5tSeimOdSy4qCfthdd7C5WeB2,2,1770016101150981000,1770016101145225000,0,Insert,D,1,D
WLA5tSeimOdSy4qCfthdd7C5WeB2,2,1770016101249136000,1770016101243839000,1,Insert,n,2,Dn
WLA5tSeimOdSy4qCfthdd7C5WeB2,2,1770016101332488000,1770016101328185000,2,Insert,e,3,Dne
WLA5tSeimOdSy4qCfthdd7C5WeB2,2,1770016101512046000,1770016101507251000,3,Insert,s,4,Dnes
WLA5tSeimOdSy4qCfthdd7C5WeB2,2,1770016101582724000,1770016101576943000,4,Insert, ,5,Dnes 
WLA5tSeimOdSy4qCfthdd7C5WeB2,2,1770016101723639000,1770016101719527000,5,Insert,n,6,Dnes n
WLA5tSeimOdSy4qCfthdd7C5WeB2,2,1770016101895186000,1770016101890705000,6,Insert,e,7,Dnes ne
WLA5tSeimOdSy4qCfthdd7C5WeB2,2,1770016102427167000,1770016102423139000,7,Delete,e,6,Dnes n
WLA5tSeimOdSy4qCfthdd7C5WeB2,2,1770016102587993000,1770016102585177000,6,Delete,n,5,Dnes 
WLA5tSeimOdSy4qCfthdd7C5WeB2,2,1770016102814257000,1770016102807623000,5,Insert,j,6,Dnes j
WLA5tSeimOdSy4qCfthdd7C5WeB2,2,1770016102912146000,1770016102907681000,6,Insert,e,7,Dnes je
WLA5tSeimOdSy4qCfthdd7C5WeB2,2,1770016103153042000,1770016103144501000,7,Insert, ,8,Dnes je 
WLA5tSeimOdSy4qCfthdd7C5WeB2,2,1770016103457894000,1770016103449727000,8,Insert,v,9,Dnes je v
WLA5tSeimOdSy4qCfthdd7C5WeB2,2,1770016103531170000,1770016103526875000,9,Insert,o,10,Dnes je vo
WLA5tSeimOdSy4qCfthdd7C5WeB2,2,1770016104210432000,1770016104199347000,10,Insert,n,11,Dnes je von
WLA5tSeimOdSy4qCfthdd7C5WeB2,2,1770016104660731000,1770016104656238000,11,Insert,k,12,Dnes je vonk
WLA5tSeimOdSy4qCfthdd7C5WeB2,2,1770016104847855000,1770016104841234000,12,Insert,u,13,Dnes je vonku
WLA5tSeimOdSy4qCfthdd7C5WeB2,2,1770016105418448000,1770016105413462000,13,Insert, ,14,Dnes je vonku 
WLA5tSeimOdSy4qCfthdd7C5WeB2,2,1770016105913330000,1770016105904351000,14,Insert,p,15,Dnes je vonku p
WLA5tSeimOdSy4qCfthdd7C5WeB2,2,1770016106038297000,1770016106034069000,15,Insert,e,16,Dnes je vonku pe
WLA5tSeimOdSy4qCfthdd7C5WeB2,2,1770016106100511000,1770016106094932000,16,Insert,k,17,Dnes je vonku pek
WLA5tSeimOdSy4qCfthdd7C5WeB2,2,1770016106524246000,1770016106519830000,17,Insert,n,18,Dnes je vonku pekn
WLA5tSeimOdSy4qCfthdd7C5WeB2,2,1770016106629020000,1770016106623190000,18,Insert,e,19,Dnes je vonku pekne
WLA5tSeimOdSy4qCfthdd7C5WeB2,2,1770016109107542000,1770016109099048000,19,Insert,",",20,"Dnes je vonku pekne,"
WLA5tSeimOdSy4qCfthdd7C5WeB2,2,1770016109837976000,1770016109828358000,20,Insert, ,21,"Dnes je vonku pekne, "
WLA5tSeimOdSy4qCfthdd7C5WeB2,2,1770016110847671000,1770016110843036000,21,Insert,i,22,"Dnes je vonku pekne, i"
WLA5tSeimOdSy4qCfthdd7C5WeB2,2,1770016110925654000,1770016110921081000,22,Insert,d,23,"Dnes je vonku pekne, id"
WLA5tSeimOdSy4qCfthdd7C5WeB2,2,1770016111242248000,1770016111235256000,23,Insert,e,24,"Dnes je vonku pekne, ide"
WLA5tSeimOdSy4qCfthdd7C5WeB2,2,1770016111355790000,1770016111349436000,24,Insert,m,25,"Dnes je vonku pekne, idem"
WLA5tSeimOdSy4qCfthdd7C5WeB2,2,1770016112213742000,1770016112202974000,25,Insert, ,26,"Dnes je vonku pekne, idem "
WLA5tSeimOdSy4qCfthdd7C5WeB2,2,1770016112708012000,1770016112702512000,26,Insert,c,27,"Dnes je vonku pekne, idem c"
WLA5tSeimOdSy4qCfthdd7C5WeB2,2,1770016112805161000,1770016112800272000,27,Insert,o,28,"Dnes je vonku pekne, idem co"
WLA5tSeimOdSy4qCfthdd7C5WeB2,2,1770016113369143000,1770016113363165000,28,Delete,o,27,"Dnes je vonku pekne, idem c"
WLA5tSeimOdSy4qCfthdd7C5WeB2,2,1770016113523301000,1770016113520086000,27,Delete,c,26,"Dnes je vonku pekne, idem "
WLA5tSeimOdSy4qCfthdd7C5WeB2,2,1770016113904694000,1770016113898107000,26,Insert,v,27,"Dnes je vonku pekne, idem v"
WLA5tSeimOdSy4qCfthdd7C5WeB2,2,1770016116770843000,1770016116759823000,27,Insert,o,28,"Dnes je vonku pekne, idem vo"
WLA5tSeimOdSy4qCfthdd7C5WeB2,2,1770016117194878000,1770016117188942000,28,Insert,n,29,"Dnes je vonku pekne, idem von"
WLA5tSeimOdSy4qCfthdd7C5WeB2,2,1770016117781452000,1770016117773052000,29,Insert, ,30,"Dnes je vonku pekne, idem von "
WLA5tSeimOdSy4qCfthdd7C5WeB2,2,1770016118027585000,1770016118014047000,30,Insert,s,31,"Dnes je vonku pekne, idem von s"
WLA5tSeimOdSy4qCfthdd7C5WeB2,2,1770016118133899000,1770016118127810000,31,Insert,o,32,"Dnes je vonku pekne, idem von so"
WLA5tSeimOdSy4qCfthdd7C5WeB2,2,1770016118602255000,1770016118594848000,32,Insert, ,33,"Dnes je vonku pekne, idem von so "
WLA5tSeimOdSy4qCfthdd7C5WeB2,2,1770016119142258000,1770016119134270000,33,Insert,p,34,"Dnes je vonku pekne, idem von so p"
WLA5tSeimOdSy4qCfthdd7C5WeB2,2,1770016119752688000,1770016119747190000,34,Insert,s,35,"Dnes je vonku pekne, idem von so ps"
WLA5tSeimOdSy4qCfthdd7C5WeB2,2,1770016120884661000,1770016120880707000,35,Insert,o,36,"Dnes je vonku pekne, idem von so pso"
WLA5tSeimOdSy4qCfthdd7C5WeB2,2,1770016121617503000,1770016121610182000,36,Insert,m,37,"Dnes je vonku pekne, idem von so psom"
WLA5tSeimOdSy4qCfthdd7C5WeB2,2,1770016121836731000,1770016121828138000,37,Insert, ,38,"Dnes je vonku pekne, idem von so psom "
WLA5tSeimOdSy4qCfthdd7C5WeB2,2,1770016122018956000,1770016122014182000,38,Insert,n,39,"Dnes je vonku pekne, idem von so psom n"
WLA5tSeimOdSy4qCfthdd7C5WeB2,2,1770016122139306000,1770016122134342000,39,Insert,a,40,"Dnes je vonku pekne, idem von so psom na"
WLA5tSeimOdSy4qCfthdd7C5WeB2,2,1770016122210909000,1770016122204835000,40,Insert, ,41,"Dnes je vonku pekne, idem von so psom na "
WLA5tSeimOdSy4qCfthdd7C5WeB2,2,1770016122553861000,1770016122545869000,41,Insert,d,42,"Dnes je vonku pekne, idem von so psom na d"
WLA5tSeimOdSy4qCfthdd7C5WeB2,2,1770016122774053000,1770016122769946000,42,Insert,c,43,"Dnes je vonku pekne, idem von so psom na dc"
WLA5tSeimOdSy4qCfthdd7C5WeB2,2,1770016122858093000,1770016122848488000,43,Insert,o,44,"Dnes je vonku pekne, idem von so psom na dco"
WLA5tSeimOdSy4qCfthdd7C5WeB2,2,1770016122975715000,1770016122970570000,44,Insert,r,45,"Dnes je vonku pekne, idem von so psom na dcor"
WLA5tSeimOdSy4qCfthdd7C5WeB2,2,1770016123490676000,1770016123487651000,45,Delete,r,44,"Dnes je vonku pekne, idem von so psom na dco"
WLA5tSeimOdSy4qCfthdd7C5WeB2,2,1770016123647015000,1770016123644200000,44,Delete,o,43,"Dnes je vonku pekne, idem von so psom na dc"
WLA5tSeimOdSy4qCfthdd7C5WeB2,2,1770016123801001000,1770016123798255000,43,Delete,c,42,"Dnes je vonku pekne, idem von so psom na d"
WLA5tSeimOdSy4qCfthdd7C5WeB2,2,1770016124499082000,1770016124488884000,42,Insert,v,43,"Dnes je vonku pekne, idem von so psom na dv"
WLA5tSeimOdSy4qCfthdd7C5WeB2,2,1770016124657469000,1770016124652312000,43,Insert,o,44,"Dnes je vonku pekne, idem von so psom na dvo"
WLA5tSeimOdSy4qCfthdd7C5WeB2,2,1770016124885013000,1770016124873690000,44,Insert,r,45,"Dnes je vonku pekne, idem von so psom na dvor"
WLA5tSeimOdSy4qCfthdd7C5WeB2,2,1770016125731643000,1770016125722227000,45,Insert, ,46,"Dnes je vonku pekne, idem von so psom na dvor "
WLA5tSeimOdSy4qCfthdd7C5WeB2,2,1770016126066241000,1770016126054847000,46,Insert,a,47,"Dnes je vonku pekne, idem von so psom na dvor a"
WLA5tSeimOdSy4qCfthdd7C5WeB2,2,1770016126168595000,1770016126163800000,47,Insert, ,48,"Dnes je vonku pekne, idem von so psom na dvor a "
WLA5tSeimOdSy4qCfthdd7C5WeB2,2,1770016126363350000,1770016126353488000,48,Insert,b,49,"Dnes je vonku pekne, idem von so psom na dvor a b"
WLA5tSeimOdSy4qCfthdd7C5WeB2,2,1770016126521682000,1770016126517565000,49,Insert,u,50,"Dnes je vonku pekne, idem von so psom na dvor a bu"
WLA5tSeimOdSy4qCfthdd7C5WeB2,3,1770016138585033000,1770016138577593000,0,Insert,D,1,D
WLA5tSeimOdSy4qCfthdd7C5WeB2,3,1770016138648438000,1770016138643633000,1,Insert,n,2,Dn
WLA5tSeimOdSy4qCfthdd7C5WeB2,3,1770016138749668000,1770016138745639000,2,Insert,e,3,Dne
WLA5tSeimOdSy4qCfthdd7C5WeB2,3,1770016138930679000,1770016138926240000,3,Insert,s,4,Dnes
WLA5tSeimOdSy4qCfthdd7C5WeB2,3,1770016138994833000,1770016138989733000,4,Insert, ,5,Dnes 
WLA5tSeimOdSy4qCfthdd7C5WeB2,3,1770016139118372000,1770016139112850000,5,Insert,j,6,Dnes j
WLA5tSeimOdSy4qCfthdd7C5WeB2,3,1770016139207985000,1770016139203347000,6,Insert,e,7,Dnes je
WLA5tSeimOdSy4qCfthdd7C5WeB2,3,1770016139778802000,1770016139769882000,7,Insert, ,8,Dnes je 
WLA5tSeimOdSy4qCfthdd7C5WeB2,3,1770016140106127000,1770016140098114000,8,Insert,v,9,Dnes je v
WLA5tSeimOdSy4qCfthdd7C5WeB2,3,1770016140187242000,1770016140183770000,9,Insert,o,10,Dnes je vo
WLA5tSeimOdSy4qCfthdd7C5WeB2,3,1770016140436156000,1770016140432261000,10,Insert,n,11,Dnes je von
WLA5tSeimOdSy4qCfthdd7C5WeB2,3,1770016140642441000,1770016140635630000,11,Insert,k,12,Dnes je vonk
WLA5tSeimOdSy4qCfthdd7C5WeB2,3,1770016140855383000,1770016140848045000,12,Insert,u,13,Dnes je vonku
WLA5tSeimOdSy4qCfthdd7C5WeB2,3,1770016141682825000,1770016141672996000,13,Insert, ,14,Dnes je vonku 
WLA5tSeimOdSy4qCfthdd7C5WeB2,3,1770016141936477000,1770016141931662000,14,Insert,p,15,Dnes je vonku p
WLA5tSeimOdSy4qCfthdd7C5WeB2,3,1770016142057512000,1770016142052171000,15,Insert,e,16,Dnes je vonku pe
WLA5tSeimOdSy4qCfthdd7C5WeB2,3,1770016142132169000,1770016142127971000,16,Insert,k,17,Dnes je vonku pek
WLA5tSeimOdSy4qCfthdd7C5WeB2,3,1770016142312639000,1770016142307442000,17,Insert,n,18,Dnes je vonku pekn
WLA5tSeimOdSy4qCfthdd7C5WeB2,3,1770016142416934000,1770016142412628000,18,Insert,e,19,Dnes je vonku pekne
WLA5tSeimOdSy4qCfthdd7C5WeB2,3,1770016143491249000,1770016143483341000,19,Insert,",",20,"Dnes je vonku pekne,"
WLA5tSeimOdSy4qCfthdd7C5WeB2,3,1770016143595290000,1770016143590808000,20,Insert, ,21,"Dnes je vonku pekne, "
WLA5tSeimOdSy4qCfthdd7C5WeB2,3,1770016143837764000,1770016143829611000,21,Insert,i,22,"Dnes je vonku pekne, i"
WLA5tSeimOdSy4qCfthdd7C5WeB2,3,1770016143926106000,1770016143920662000,22,Insert,d,23,"Dnes je vonku pekne, id"
WLA5tSeimOdSy4qCfthdd7C5WeB2,3,1770016144100832000,1770016144094469000,23,Insert,e,24,"Dnes je vonku pekne, ide"
WLA5tSeimOdSy4qCfthdd7C5WeB2,3,1770016144156078000,1770016144147981000,24,Insert,m,25,"Dnes je vonku pekne, idem"
WLA5tSeimOdSy4qCfthdd7C5WeB2,3,1770016145357944000,1770016145346946000,25,Insert, ,26,"Dnes je vonku pekne, idem "
WLA5tSeimOdSy4qCfthdd7C5WeB2,3,1770016145759187000,1770016145751495000,26,Insert,v,27,"Dnes je vonku pekne, idem v"
WLA5tSeimOdSy4qCfthdd7C5WeB2,3,1770016145838076000,1770016145831087000,27,Insert,o,28,"Dnes je vonku pekne, idem vo"
WLA5tSeimOdSy4qCfthdd7C5WeB2,3,1770016146070566000,1770016146064582000,28,Insert,n,29,"Dnes je vonku pekne, idem von"
WLA5tSeimOdSy4qCfthdd7C5WeB2,3,1770016147114614000,1770016147101119000,29,Insert, ,30,"Dnes je vonku pekne, idem von "
WLA5tSeimOdSy4qCfthdd7C5WeB2,3,1770016147284048000,1770016147280002000,30,Insert,s,31,"Dnes je vonku pekne, idem von s"
WLA5tSeimOdSy4qCfthdd7C5WeB2,3,1770016147358262000,1770016147353899000,31,Insert,o,32,"Dnes je vonku pekne, idem von so"
WLA5tSeimOdSy4qCfthdd7C5WeB2,3,1770016148334370000,1770016148324479000,32,Insert, ,33,"Dnes je vonku pekne, idem von so "
WLA5tSeimOdSy4qCfthdd7C5WeB2,3,1770016148570122000,1770016148563947000,33,Insert,p,34,"Dnes je vonku pekne, idem von so p"
WLA5tSeimOdSy4qCfthdd7C5WeB2,3,1770016148676271000,1770016148671478000,34,Insert,s,35,"Dnes je vonku pekne, idem von so ps"
WLA5tSeimOdSy4qCfthdd7C5WeB2,3,1770016148755072000,1770016148751246000,35,Insert,o,36,"Dnes je vonku pekne, idem von so pso"
WLA5tSeimOdSy4qCfthdd7C5WeB2,3,1770016148924785000,1770016148920520000,36,Insert,m,37,"Dnes je vonku pekne, idem von so psom"
WLA5tSeimOdSy4qCfthdd7C5WeB2,3,1770016150098342000,1770016150088031000,37,Insert, ,38,"Dnes je vonku pekne, idem von so psom "
WLA5tSeimOdSy4qCfthdd7C5WeB2,3,1770016151544698000,1770016151535710000,38,Insert,n,39,"Dnes je vonku pekne, idem von so psom n"
WLA5tSeimOdSy4qCfthdd7C5WeB2,3,1770016151666302000,1770016151660776000,39,Insert,a,40,"Dnes je vonku pekne, idem von so psom na"
WLA5tSeimOdSy4qCfthdd7C5WeB2,3,1770016151799934000,1770016151793872000,40,Insert, ,41,"Dnes je vonku pekne, idem von so psom na "
WLA5tSeimOdSy4qCfthdd7C5WeB2,3,1770016152136446000,1770016152129785000,41,Insert,d,42,"Dnes je vonku pekne, idem von so psom na d"
WLA5tSeimOdSy4qCfthdd7C5WeB2,3,1770016152972123000,1770016152963547000,42,Insert,v,43,"Dnes je vonku pekne, idem von so psom na dv"
WLA5tSeimOdSy4qCfthdd7C5WeB2,3,1770016153294824000,1770016153287892000,43,Insert,o,44,"Dnes je vonku pekne, idem von so psom na dvo"
WLA5tSeimOdSy4qCfthdd7C5WeB2,3,1770016153579972000,1770016153573205000,44,Insert,r,45,"Dnes je vonku pekne, idem von so psom na dvor"
WLA5tSeimOdSy4qCfthdd7C5WeB2,3,1770016154680651000,1770016154671285000,45,Insert, ,46,"Dnes je vonku pekne, idem von so psom na dvor "
WLA5tSeimOdSy4qCfthdd7C5WeB2,3,1770016154806521000,1770016154800656000,46,Insert,a,47,"Dnes je vonku pekne, idem von so psom na dvor a"
WLA5tSeimOdSy4qCfthdd7C5WeB2,3,1770016154857388000,1770016154851407000,47,Insert, ,48,"Dnes je vonku pekne, idem von so psom na dvor a "
WLA5tSeimOdSy4qCfthdd7C5WeB2,3,1770016155067694000,1770016155060923000,48,Insert,b,49,"Dnes je vonku pekne, idem von so psom na dvor a b"
WLA5tSeimOdSy4qCfthdd7C5WeB2,3,1770016155290244000,1770016155283620000,49,Insert,u,50,"Dnes je vonku pekne, idem von so psom na dvor a bu"
WLA5tSeimOdSy4qCfthdd7C5WeB2,4,1770016166745521000,1770016166734787000,0,Insert,D,1,D
WLA5tSeimOdSy4qCfthdd7C5WeB2,4,1770016166817108000,1770016166810659000,1,Insert,n,2,Dn
WLA5tSeimOdSy4qCfthdd7C5WeB2,4,1770016166918544000,1770016166914649000,2,Insert,e,3,Dne
WLA5tSeimOdSy4qCfthdd7C5WeB2,4,1770016167145958000,1770016167135831000,3,Insert,s,4,Dnes
WLA5tSeimOdSy4qCfthdd7C5WeB2,4,1770016167200806000,1770016167196607000,4,Insert, ,5,Dnes 
WLA5tSeimOdSy4qCfthdd7C5WeB2,4,1770016167392887000,1770016167385865000,5,Insert,j,6,Dnes j
WLA5tSeimOdSy4qCfthdd7C5WeB2,4,1770016167432589000,1770016167428554000,6,Insert,e,7,Dnes je
WLA5tSeimOdSy4qCfthdd7C5WeB2,4,1770016167958627000,1770016167951711000,7,Insert, ,8,Dnes je 
WLA5tSeimOdSy4qCfthdd7C5WeB2,4,1770016168184288000,1770016168179337000,8,Insert,v,9,Dnes je v
WLA5tSeimOdSy4qCfthdd7C5WeB2,4,1770016168261220000,1770016168256694000,9,Insert,o,10,Dnes je vo
WLA5tSeimOdSy4qCfthdd7C5WeB2,4,1770016168478851000,1770016168474423000,10,Insert,n,11,Dnes je von
WLA5tSeimOdSy4qCfthdd7C5WeB2,4,1770016168704302000,1770016168700345000,11,Insert,k,12,Dnes je vonk
WLA5tSeimOdSy4qCfthdd7C5WeB2,4,1770016168912622000,1770016168906053000,12,Insert,u,13,Dnes je vonku
WLA5tSeimOdSy4qCfthdd7C5WeB2,4,1770016169222294000,1770016169217740000,13,Insert, ,14,Dnes je vonku 
WLA5tSeimOdSy4qCfthdd7C5WeB2,4,1770016169514957000,1770016169508668000,14,Insert,p,15,Dnes je vonku p
WLA5tSeimOdSy4qCfthdd7C5WeB2,4,1770016169608797000,1770016169604289000,15,Insert,e,16,Dnes je vonku pe
WLA5tSeimOdSy4qCfthdd7C5WeB2,4,1770016169693470000,1770016169689027000,16,Insert,k,17,Dnes je vonku pek
WLA5tSeimOdSy4qCfthdd7C5WeB2,4,1770016170136477000,1770016170128446000,17,Insert,n,18,Dnes je vonku pekn
WLA5tSeimOdSy4qCfthdd7C5WeB2,4,1770016170246589000,1770016170242417000,18,Insert,e,19,Dnes je vonku pekne
WLA5tSeimOdSy4qCfthdd7C5WeB2,4,1770016171367432000,1770016171358780000,19,Insert,",",20,"Dnes je vonku pekne,"
WLA5tSeimOdSy4qCfthdd7C5WeB2,4,1770016171508732000,1770016171504194000,20,Insert, ,21,"Dnes je vonku pekne, "
WLA5tSeimOdSy4qCfthdd7C5WeB2,4,1770016171686067000,1770016171681160000,21,Insert,i,22,"Dnes je vonku pekne, i"
WLA5tSeimOdSy4qCfthdd7C5WeB2,4,1770016171777731000,1770016171774127000,22,Insert,d,23,"Dnes je vonku pekne, id"
WLA5tSeimOdSy4qCfthdd7C5WeB2,4,1770016171974002000,1770016171969918000,23,Insert,e,24,"Dnes je vonku pekne, ide"
WLA5tSeimOdSy4qCfthdd7C5WeB2,4,1770016172577989000,1770016172573873000,24,Insert,m,25,"Dnes je vonku pekne, idem"
WLA5tSeimOdSy4qCfthdd7C5WeB2,4,1770016173319302000,1770016173309889000,25,Insert, ,26,"Dnes je vonku pekne, idem "
WLA5tSeimOdSy4qCfthdd7C5WeB2,4,1770016173594871000,1770016173582210000,26,Insert,v,27,"Dnes je vonku pekne, idem v"
WLA5tSeimOdSy4qCfthdd7C5WeB2,4,1770016173664536000,1770016173660349000,27,Insert,o,28,"Dnes je vonku pekne, idem vo"
WLA5tSeimOdSy4qCfthdd7C5WeB2,4,1770016173855980000,1770016173850573000,28,Insert,n,29,"Dnes je vonku pekne, idem von"
WLA5tSeimOdSy4qCfthdd7C5WeB2,4,1770016174018444000,1770016174012766000,29,Insert, ,30,"Dnes je vonku pekne, idem von "
WLA5tSeimOdSy4qCfthdd7C5WeB2,4,1770016174130072000,1770016174125382000,30,Insert,s,31,"Dnes je vonku pekne, idem von s"
WLA5tSeimOdSy4qCfthdd7C5WeB2,4,1770016174206699000,1770016174202640000,31,Insert,o,32,"Dnes je vonku pekne, idem von so"
WLA5tSeimOdSy4qCfthdd7C5WeB2,4,1770016174667104000,1770016174660787000,32,Insert, ,33,"Dnes je vonku pekne, idem von so "
WLA5tSeimOdSy4qCfthdd7C5WeB2,4,1770016174929820000,1770016174918328000,33,Insert,p,34,"Dnes je vonku pekne, idem von so p"
WLA5tSeimOdSy4qCfthdd7C5WeB2,4,1770016175012716000,1770016175007060000,34,Insert,s,35,"Dnes je vonku pekne, idem von so ps"
WLA5tSeimOdSy4qCfthdd7C5WeB2,4,1770016175085657000,1770016175081820000,35,Insert,o,36,"Dnes je vonku pekne, idem von so pso"
WLA5tSeimOdSy4qCfthdd7C5WeB2,4,1770016175250364000,1770016175245808000,36,Insert,m,37,"Dnes je vonku pekne, idem von so psom"
WLA5tSeimOdSy4qCfthdd7C5WeB2,4,1770016176493675000,1770016176482277000,37,Insert, ,38,"Dnes je vonku pekne, idem von so psom "
WLA5tSeimOdSy4qCfthdd7C5WeB2,4,1770016176635613000,1770016176624577000,38,Insert,b,39,"Dnes je vonku pekne, idem von so psom b"
WLA5tSeimOdSy4qCfthdd7C5WeB2,4,1770016176720643000,1770016176716056000,39,Insert,a,40,"Dnes je vonku pekne, idem von so psom ba"
WLA5tSeimOdSy4qCfthdd7C5WeB2,4,1770016176813636000,1770016176805852000,40,Insert, ,41,"Dnes je vonku pekne, idem von so psom ba "
WLA5tSeimOdSy4qCfthdd7C5WeB2,4,1770016176997890000,1770016176989381000,41,Insert,d,42,"Dnes je vonku pekne, idem von so psom ba d"
WLA5tSeimOdSy4qCfthdd7C5WeB2,4,1770016177238796000,1770016177232496000,42,Insert,v,43,"Dnes je vonku pekne, idem von so psom ba dv"
WLA5tSeimOdSy4qCfthdd7C5WeB2,4,1770016177351773000,1770016177344263000,43,Insert,o,44,"Dnes je vonku pekne, idem von so psom ba dvo"
WLA5tSeimOdSy4qCfthdd7C5WeB2,4,1770016177451825000,1770016177447141000,44,Insert,r,45,"Dnes je vonku pekne, idem von so psom ba dvor"
WLA5tSeimOdSy4qCfthdd7C5WeB2,4,1770016178744772000,1770016178733114000,45,Insert, ,46,"Dnes je vonku pekne, idem von so psom ba dvor "
WLA5tSeimOdSy4qCfthdd7C5WeB2,4,1770016178907089000,1770016178900938000,46,Insert,a,47,"Dnes je vonku pekne, idem von so psom ba dvor a"
WLA5tSeimOdSy4qCfthdd7C5WeB2,4,1770016178958922000,1770016178946851000,47,Insert, ,48,"Dnes je vonku pekne, idem von so psom ba dvor a "
WLA5tSeimOdSy4qCfthdd7C5WeB2,4,1770016179806894000,1770016179801973000,48,Insert,b,49,"Dnes je vonku pekne, idem von so psom ba dvor a b"
WLA5tSeimOdSy4qCfthdd7C5WeB2,4,1770016179966262000,1770016179962053000,49,Insert,u,50,"Dnes je vonku pekne, idem von so psom ba dvor a bu"
WLA5tSeimOdSy4qCfthdd7C5WeB2,5,1770016197404552000,1770016197400758000,0,Insert,D,1,D
WLA5tSeimOdSy4qCfthdd7C5WeB2,5,1770016197482113000,1770016197474812000,1,Insert,b,2,Db
WLA5tSeimOdSy4qCfthdd7C5WeB2,5,1770016197559019000,1770016197554253000,2,Insert,e,3,Dbe
WLA5tSeimOdSy4qCfthdd7C5WeB2,5,1770016197758026000,1770016197752925000,3,Insert,s,4,Dbes
WLA5tSeimOdSy4qCfthdd7C5WeB2,5,1770016197827526000,1770016197822801000,4,Insert, ,5,Dbes 
WLA5tSeimOdSy4qCfthdd7C5WeB2,5,1770016198024260000,1770016198016034000,5,Insert,j,6,Dbes j
WLA5tSeimOdSy4qCfthdd7C5WeB2,5,1770016198098796000,1770016198094246000,6,Insert,e,7,Dbes je
WLA5tSeimOdSy4qCfthdd7C5WeB2,5,1770016198285296000,1770016198280852000,7,Delete,e,6,Dbes j
WLA5tSeimOdSy4qCfthdd7C5WeB2,5,1770016198469396000,1770016198466618000,6,Delete,j,5,Dbes 
WLA5tSeimOdSy4qCfthdd7C5WeB2,5,1770016198610199000,1770016198607421000,5,Delete, ,4,Dbes
WLA5tSeimOdSy4qCfthdd7C5WeB2,5,1770016198775044000,1770016198772236000,4,Delete,s,3,Dbe
WLA5tSeimOdSy4qCfthdd7C5WeB2,5,1770016198958399000,1770016198954762000,3,Delete,e,2,Db
WLA5tSeimOdSy4qCfthdd7C5WeB2,5,1770016199128633000,1770016199125715000,2,Delete,b,1,D
WLA5tSeimOdSy4qCfthdd7C5WeB2,5,1770016199912609000,1770016199908303000,1,Insert,b,2,Db
WLA5tSeimOdSy4qCfthdd7C5WeB2,5,1770016200004380000,1770016199995266000,2,Insert,e,3,Dbe
WLA5tSeimOdSy4qCfthdd7C5WeB2,5,1770016200180101000,1770016200176123000,3,Insert,s,4,Dbes
WLA5tSeimOdSy4qCfthdd7C5WeB2,5,1770016200240862000,1770016200236309000,4,Insert, ,5,Dbes 
WLA5tSeimOdSy4qCfthdd7C5WeB2,5,1770016200647352000,1770016200643084000,5,Delete, ,4,Dbes
WLA5tSeimOdSy4qCfthdd7C5WeB2,5,1770016200809837000,1770016200806693000,4,Delete,s,3,Dbe
WLA5tSeimOdSy4qCfthdd7C5WeB2,5,1770016200975516000,1770016200972523000,3,Delete,e,2,Db
WLA5tSeimOdSy4qCfthdd7C5WeB2,5,1770016201168696000,1770016201164515000,2,Delete,b,1,D
WLA5tSeimOdSy4qCfthdd7C5WeB2,5,1770016201852190000,1770016201843248000,1,Insert,n,2,Dn
WLA5tSeimOdSy4qCfthdd7C5WeB2,5,1770016202206800000,1770016202200007000,2,Insert,e,3,Dne
WLA5tSeimOdSy4qCfthdd7C5WeB2,5,1770016202396632000,1770016202392115000,3,Insert,s,4,Dnes
WLA5tSeimOdSy4qCfthdd7C5WeB2,5,1770016202440020000,1770016202432770000,4,Insert, ,5,Dnes 
WLA5tSeimOdSy4qCfthdd7C5WeB2,5,1770016202635882000,1770016202631682000,5,Insert,j,6,Dnes j
WLA5tSeimOdSy4qCfthdd7C5WeB2,5,1770016202734551000,1770016202730416000,6,Insert,e,7,Dnes je
WLA5tSeimOdSy4qCfthdd7C5WeB2,5,1770016203469123000,1770016203456938000,7,Insert, ,8,Dnes je 
WLA5tSeimOdSy4qCfthdd7C5WeB2,5,1770016203722828000,1770016203714412000,8,Insert,v,9,Dnes je v
WLA5tSeimOdSy4qCfthdd7C5WeB2,5,1770016203796509000,1770016203788090000,9,Insert,o,10,Dnes je vo
WLA5tSeimOdSy4qCfthdd7C5WeB2,5,1770016204030855000,1770016204023207000,10,Insert,n,11,Dnes je von
WLA5tSeimOdSy4qCfthdd7C5WeB2,5,1770016204240783000,1770016204233877000,11,Insert,k,12,Dnes je vonk
WLA5tSeimOdSy4qCfthdd7C5WeB2,5,1770016204416298000,1770016204411670000,12,Insert,u,13,Dnes je vonku
WLA5tSeimOdSy4qCfthdd7C5WeB2,5,1770016205293136000,1770016205279571000,13,Insert, ,14,Dnes je vonku 
WLA5tSeimOdSy4qCfthdd7C5WeB2,5,1770016205585273000,1770016205572097000,14,Insert,p,15,Dnes je vonku p
WLA5tSeimOdSy4qCfthdd7C5WeB2,5,1770016205686051000,1770016205681360000,15,Insert,e,16,Dnes je vonku pe
WLA5tSeimOdSy4qCfthdd7C5WeB2,5,1770016205773091000,1770016205768241000,16,Insert,k,17,Dnes je vonku pek
WLA5tSeimOdSy4qCfthdd7C5WeB2,5,1770016205969853000,1770016205960807000,17,Insert,n,18,Dnes je vonku pekn
WLA5tSeimOdSy4qCfthdd7C5WeB2,5,1770016206064641000,1770016206059069000,18,Insert,e,19,Dnes je vonku pekne
WLA5tSeimOdSy4qCfthdd7C5WeB2,5,1770016206956537000,1770016206951623000,19,Insert,",",20,"Dnes je vonku pekne,"
WLA5tSeimOdSy4qCfthdd7C5WeB2,5,1770016207021584000,1770016207016511000,20,Insert, ,21,"Dnes je vonku pekne, "
WLA5tSeimOdSy4qCfthdd7C5WeB2,5,1770016207207957000,1770016207193016000,21,Insert,i,22,"Dnes je vonku pekne, i"
WLA5tSeimOdSy4qCfthdd7C5WeB2,5,1770016207267771000,1770016207263572000,22,Insert,d,23,"Dnes je vonku pekne, id"
WLA5tSeimOdSy4qCfthdd7C5WeB2,5,1770016207435344000,1770016207429732000,23,Insert,e,24,"Dnes je vonku pekne, ide"
WLA5tSeimOdSy4qCfthdd7C5WeB2,5,1770016207494780000,1770016207490359000,24,Insert,m,25,"Dnes je vonku pekne, idem"
WLA5tSeimOdSy4qCfthdd7C5WeB2,5,1770016208268208000,1770016208257840000,25,Insert, ,26,"Dnes je vonku pekne, idem "
WLA5tSeimOdSy4qCfthdd7C5WeB2,5,1770016208596080000,1770016208587642000,26,Insert,v,27,"Dnes je vonku pekne, idem v"
WLA5tSeimOdSy4qCfthdd7C5WeB2,5,1770016208656430000,1770016208646063000,27,Insert,o,28,"Dnes je vonku pekne, idem vo"
WLA5tSeimOdSy4qCfthdd7C5WeB2,5,1770016208862317000,1770016208857672000,28,Insert,n,29,"Dnes je vonku pekne, idem von"
WLA5tSeimOdSy4qCfthdd7C5WeB2,5,1770016209884055000,1770016209876517000,29,Insert, ,30,"Dnes je vonku pekne, idem von "
WLA5tSeimOdSy4qCfthdd7C5WeB2,5,1770016210044718000,1770016210035649000,30,Insert,s,31,"Dnes je vonku pekne, idem von s"
WLA5tSeimOdSy4qCfthdd7C5WeB2,5,1770016210097646000,1770016210093137000,31,Insert,o,32,"Dnes je vonku pekne, idem von so"
WLA5tSeimOdSy4qCfthdd7C5WeB2,5,1770016210505152000,1770016210498510000,32,Insert, ,33,"Dnes je vonku pekne, idem von so "
WLA5tSeimOdSy4qCfthdd7C5WeB2,5,1770016210744352000,1770016210735784000,33,Insert,p,34,"Dnes je vonku pekne, idem von so p"
WLA5tSeimOdSy4qCfthdd7C5WeB2,5,1770016210825777000,1770016210820008000,34,Insert,s,35,"Dnes je vonku pekne, idem von so ps"
WLA5tSeimOdSy4qCfthdd7C5WeB2,5,1770016210935569000,1770016210931437000,35,Insert,o,36,"Dnes je vonku pekne, idem von so pso"
WLA5tSeimOdSy4qCfthdd7C5WeB2,5,1770016211112727000,1770016211107314000,36,Insert,m,37,"Dnes je vonku pekne, idem von so psom"
WLA5tSeimOdSy4qCfthdd7C5WeB2,5,1770016212099053000,1770016212087066000,37,Insert, ,38,"Dnes je vonku pekne, idem von so psom "
WLA5tSeimOdSy4qCfthdd7C5WeB2,5,1770016212280068000,1770016212272788000,38,Insert,b,39,"Dnes je vonku pekne, idem von so psom b"
WLA5tSeimOdSy4qCfthdd7C5WeB2,5,1770016212386082000,1770016212381607000,39,Insert,a,40,"Dnes je vonku pekne, idem von so psom ba"
WLA5tSeimOdSy4qCfthdd7C5WeB2,5,1770016212464034000,1770016212459204000,40,Insert, ,41,"Dnes je vonku pekne, idem von so psom ba "
WLA5tSeimOdSy4qCfthdd7C5WeB2,5,1770016212672484000,1770016212665680000,41,Insert,d,42,"Dnes je vonku pekne, idem von so psom ba d"
WLA5tSeimOdSy4qCfthdd7C5WeB2,5,1770016212878727000,1770016212869186000,42,Insert,v,43,"Dnes je vonku pekne, idem von so psom ba dv"
WLA5tSeimOdSy4qCfthdd7C5WeB2,5,1770016212949008000,1770016212941885000,43,Insert,o,44,"Dnes je vonku pekne, idem von so psom ba dvo"
WLA5tSeimOdSy4qCfthdd7C5WeB2,5,1770016213073947000,1770016213068645000,44,Insert,r,45,"Dnes je vonku pekne, idem von so psom ba dvor"
WLA5tSeimOdSy4qCfthdd7C5WeB2,5,1770016213572235000,1770016213564733000,45,Delete,r,44,"Dnes je vonku pekne, idem von so psom ba dvo"
WLA5tSeimOdSy4qCfthdd7C5WeB2,5,1770016213740280000,1770016213736685000,44,Delete,o,43,"Dnes je vonku pekne, idem von so psom ba dv"
WLA5tSeimOdSy4qCfthdd7C5WeB2,5,1770016213903874000,1770016213900343000,43,Delete,v,42,"Dnes je vonku pekne, idem von so psom ba d"
WLA5tSeimOdSy4qCfthdd7C5WeB2,5,1770016214071041000,1770016214067570000,42,Delete,d,41,"Dnes je vonku pekne, idem von so psom ba "
WLA5tSeimOdSy4qCfthdd7C5WeB2,5,1770016214247377000,1770016214244334000,41,Delete, ,40,"Dnes je vonku pekne, idem von so psom ba"
WLA5tSeimOdSy4qCfthdd7C5WeB2,5,1770016214421582000,1770016214418594000,40,Delete,a,39,"Dnes je vonku pekne, idem von so psom b"
WLA5tSeimOdSy4qCfthdd7C5WeB2,5,1770016214753364000,1770016214747927000,39,Delete,b,38,"Dnes je vonku pekne, idem von so psom "
WLA5tSeimOdSy4qCfthdd7C5WeB2,5,1770016215215747000,1770016215208752000,38,Insert,n,39,"Dnes je vonku pekne, idem von so psom n"
WLA5tSeimOdSy4qCfthdd7C5WeB2,5,1770016215381527000,1770016215375163000,39,Insert,a,40,"Dnes je vonku pekne, idem von so psom na"
WLA5tSeimOdSy4qCfthdd7C5WeB2,5,1770016215509098000,1770016215500381000,40,Insert, ,41,"Dnes je vonku pekne, idem von so psom na "
WLA5tSeimOdSy4qCfthdd7C5WeB2,5,1770016215737748000,1770016215730656000,41,Insert,d,42,"Dnes je vonku pekne, idem von so psom na d"
WLA5tSeimOdSy4qCfthdd7C5WeB2,5,1770016215968272000,1770016215963038000,42,Insert,v,43,"Dnes je vonku pekne, idem von so psom na dv"
WLA5tSeimOdSy4qCfthdd7C5WeB2,5,1770016216069797000,1770016216065083000,43,Insert,o,44,"Dnes je vonku pekne, idem von so psom na dvo"
WLA5tSeimOdSy4qCfthdd7C5WeB2,5,1770016216170035000,1770016216165155000,44,Insert,r,45,"Dnes je vonku pekne, idem von so psom na dvor"
WLA5tSeimOdSy4qCfthdd7C5WeB2,5,1770016217288812000,1770016217281647000,45,Insert, ,46,"Dnes je vonku pekne, idem von so psom na dvor "
WLA5tSeimOdSy4qCfthdd7C5WeB2,5,1770016217518358000,1770016217508917000,46,Insert,a,47,"Dnes je vonku pekne, idem von so psom na dvor a"
WLA5tSeimOdSy4qCfthdd7C5WeB2,5,1770016218499804000,1770016218486820000,47,Insert, ,48,"Dnes je vonku pekne, idem von so psom na dvor a "
WLA5tSeimOdSy4qCfthdd7C5WeB2,5,1770016218673353000,1770016218668697000,48,Insert,b,49,"Dnes je vonku pekne, idem von so psom na dvor a b"
WLA5tSeimOdSy4qCfthdd7C5WeB2,5,1770016218825324000,1770016218820584000,49,Insert,u,50,"Dnes je vonku pekne, idem von so psom na dvor a bu"
WLA5tSeimOdSy4qCfthdd7C5WeB2,6,1770016230035057000,1770016230029633000,0,Insert,D,1,D
WLA5tSeimOdSy4qCfthdd7C5WeB2,6,1770016230110343000,1770016230105625000,1,Insert,n,2,Dn
WLA5tSeimOdSy4qCfthdd7C5WeB2,6,1770016230197365000,1770016230193450000,2,Insert,e,3,Dne
WLA5tSeimOdSy4qCfthdd7C5WeB2,6,1770016230410924000,1770016230406167000,3,Insert,s,4,Dnes
WLA5tSeimOdSy4qCfthdd7C5WeB2,6,1770016230451507000,1770016230446873000,4,Insert, ,5,Dnes 
WLA5tSeimOdSy4qCfthdd7C5WeB2,6,1770016231069233000,1770016231064176000,5,Insert,j,6,Dnes j
WLA5tSeimOdSy4qCfthdd7C5WeB2,6,1770016231118733000,1770016231113834000,6,Insert,e,7,Dnes je
WLA5tSeimOdSy4qCfthdd7C5WeB2,6,1770016231948964000,1770016231938924000,7,Insert, ,8,Dnes je 
WLA5tSeimOdSy4qCfthdd7C5WeB2,6,1770016232447973000,1770016232439474000,8,Insert,c,9,Dnes je c
WLA5tSeimOdSy4qCfthdd7C5WeB2,6,1770016232510753000,1770016232505753000,9,Insert,o,10,Dnes je co
WLA5tSeimOdSy4qCfthdd7C5WeB2,6,1770016232706291000,1770016232701668000,10,Insert,n,11,Dnes je con
WLA5tSeimOdSy4qCfthdd7C5WeB2,6,1770016232925665000,1770016232917422000,11,Insert,k,12,Dnes je conk
WLA5tSeimOdSy4qCfthdd7C5WeB2,6,1770016233073950000,1770016233069638000,12,Insert,u,13,Dnes je conku
WLA5tSeimOdSy4qCfthdd7C5WeB2,6,1770016233373646000,1770016233368986000,13,Delete,u,12,Dnes je conk
WLA5tSeimOdSy4qCfthdd7C5WeB2,6,1770016233547918000,1770016233542984000,12,Delete,k,11,Dnes je con
WLA5tSeimOdSy4qCfthdd7C5WeB2,6,1770016233710192000,1770016233707407000,11,Delete,n,10,Dnes je co
WLA5tSeimOdSy4qCfthdd7C5WeB2,6,1770016233893618000,1770016233890557000,10,Delete,o,9,Dnes je c
WLA5tSeimOdSy4qCfthdd7C5WeB2,6,1770016234111639000,1770016234104911000,9,Delete,c,8,Dnes je 
WLA5tSeimOdSy4qCfthdd7C5WeB2,6,1770016234817876000,1770016234806744000,8,Insert,v,9,Dnes je v
WLA5tSeimOdSy4qCfthdd7C5WeB2,6,1770016234887341000,1770016234882394000,9,Insert,o,10,Dnes je vo
WLA5tSeimOdSy4qCfthdd7C5WeB2,6,1770016235098280000,1770016235091232000,10,Insert,n,11,Dnes je von
WLA5tSeimOdSy4qCfthdd7C5WeB2,6,1770016235330225000,1770016235323252000,11,Insert,k,12,Dnes je vonk
WLA5tSeimOdSy4qCfthdd7C5WeB2,6,1770016235831177000,1770016235823262000,12,Insert,u,13,Dnes je vonku
WLA5tSeimOdSy4qCfthdd7C5WeB2,6,1770016236220450000,1770016236213006000,13,Insert, ,14,Dnes je vonku 
WLA5tSeimOdSy4qCfthdd7C5WeB2,6,1770016236525138000,1770016236517184000,14,Insert,p,15,Dnes je vonku p
WLA5tSeimOdSy4qCfthdd7C5WeB2,6,1770016236595208000,1770016236591021000,15,Insert,e,16,Dnes je vonku pe
WLA5tSeimOdSy4qCfthdd7C5WeB2,6,1770016236703674000,1770016236699521000,16,Insert,k,17,Dnes je vonku pek
WLA5tSeimOdSy4qCfthdd7C5WeB2,6,1770016236876615000,1770016236871346000,17,Insert,n,18,Dnes je vonku pekn
WLA5tSeimOdSy4qCfthdd7C5WeB2,6,1770016237002618000,1770016236997672000,18,Insert,e,19,Dnes je vonku pekne
WLA5tSeimOdSy4qCfthdd7C5WeB2,6,1770016238211981000,1770016238199142000,19,Insert,",",20,"Dnes je vonku pekne,"
WLA5tSeimOdSy4qCfthdd7C5WeB2,6,1770016238265820000,1770016238258257000,20,Insert, ,21,"Dnes je vonku pekne, "
WLA5tSeimOdSy4qCfthdd7C5WeB2,6,1770016238447906000,1770016238443591000,21,Insert,i,22,"Dnes je vonku pekne, i"
WLA5tSeimOdSy4qCfthdd7C5WeB2,6,1770016238522256000,1770016238518602000,22,Insert,d,23,"Dnes je vonku pekne, id"
WLA5tSeimOdSy4qCfthdd7C5WeB2,6,1770016238697092000,1770016238691023000,23,Insert,e,24,"Dnes je vonku pekne, ide"
WLA5tSeimOdSy4qCfthdd7C5WeB2,6,1770016238790248000,1770016238785788000,24,Insert,n,25,"Dnes je vonku pekne, iden"
WLA5tSeimOdSy4qCfthdd7C5WeB2,6,1770016239775219000,1770016239764826000,25,Insert, ,26,"Dnes je vonku pekne, iden "
WLA5tSeimOdSy4qCfthdd7C5WeB2,6,1770016240027666000,1770016240022880000,26,Insert,v,27,"Dnes je vonku pekne, iden v"
WLA5tSeimOdSy4qCfthdd7C5WeB2,6,1770016240121994000,1770016240118322000,27,Insert,o,28,"Dnes je vonku pekne, iden vo"
WLA5tSeimOdSy4qCfthdd7C5WeB2,6,1770016240289232000,1770016240284877000,28,Insert,n,29,"Dnes je vonku pekne, iden von"
WLA5tSeimOdSy4qCfthdd7C5WeB2,6,1770016240468445000,1770016240463340000,29,Insert, ,30,"Dnes je vonku pekne, iden von "
WLA5tSeimOdSy4qCfthdd7C5WeB2,6,1770016240615080000,1770016240610774000,30,Insert,s,31,"Dnes je vonku pekne, iden von s"
WLA5tSeimOdSy4qCfthdd7C5WeB2,6,1770016240710737000,1770016240706315000,31,Insert,o,32,"Dnes je vonku pekne, iden von so"
WLA5tSeimOdSy4qCfthdd7C5WeB2,6,1770016241264811000,1770016241256091000,32,Insert, ,33,"Dnes je vonku pekne, iden von so "
WLA5tSeimOdSy4qCfthdd7C5WeB2,6,1770016241511970000,1770016241503872000,33,Insert,p,34,"Dnes je vonku pekne, iden von so p"
WLA5tSeimOdSy4qCfthdd7C5WeB2,6,1770016241589461000,1770016241584813000,34,Insert,s,35,"Dnes je vonku pekne, iden von so ps"
WLA5tSeimOdSy4qCfthdd7C5WeB2,6,1770016241684054000,1770016241679230000,35,Insert,o,36,"Dnes je vonku pekne, iden von so pso"
WLA5tSeimOdSy4qCfthdd7C5WeB2,6,1770016241825390000,1770016241819150000,36,Insert,m,37,"Dnes je vonku pekne, iden von so psom"
WLA5tSeimOdSy4qCfthdd7C5WeB2,6,1770016243064247000,1770016243054125000,37,Insert, ,38,"Dnes je vonku pekne, iden von so psom "
WLA5tSeimOdSy4qCfthdd7C5WeB2,6,1770016243227084000,1770016243222772000,38,Insert,n,39,"Dnes je vonku pekne, iden von so psom n"
WLA5tSeimOdSy4qCfthdd7C5WeB2,6,1770016243315039000,1770016243310344000,39,Insert,a,40,"Dnes je vonku pekne, iden von so psom na"
WLA5tSeimOdSy4qCfthdd7C5WeB2,6,1770016243433112000,1770016243426872000,40,Insert, ,41,"Dnes je vonku pekne, iden von so psom na "
WLA5tSeimOdSy4qCfthdd7C5WeB2,6,1770016243665337000,1770016243658048000,41,Insert,d,42,"Dnes je vonku pekne, iden von so psom na d"
WLA5tSeimOdSy4qCfthdd7C5WeB2,6,1770016244087297000,1770016244079890000,42,Insert,v,43,"Dnes je vonku pekne, iden von so psom na dv"
WLA5tSeimOdSy4qCfthdd7C5WeB2,6,1770016244316337000,1770016244309485000,43,Insert,o,44,"Dnes je vonku pekne, iden von so psom na dvo"
WLA5tSeimOdSy4qCfthdd7C5WeB2,6,1770016244514698000,1770016244508725000,44,Insert,r,45,"Dnes je vonku pekne, iden von so psom na dvor"
WLA5tSeimOdSy4qCfthdd7C5WeB2,6,1770016245352891000,1770016245341780000,45,Insert, ,46,"Dnes je vonku pekne, iden von so psom na dvor "
WLA5tSeimOdSy4qCfthdd7C5WeB2,6,1770016245507524000,1770016245501602000,46,Insert,a,47,"Dnes je vonku pekne, iden von so psom na dvor a"
WLA5tSeimOdSy4qCfthdd7C5WeB2,6,1770016245591096000,1770016245584511000,47,Insert, ,48,"Dnes je vonku pekne, iden von so psom na dvor a "
WLA5tSeimOdSy4qCfthdd7C5WeB2,6,1770016245841040000,1770016245834190000,48,Insert,b,49,"Dnes je vonku pekne, iden von so psom na dvor a b"
WLA5tSeimOdSy4qCfthdd7C5WeB2,6,1770016246060949000,1770016246054303000,49,Insert,u,50,"Dnes je vonku pekne, iden von so psom na dvor a bu"
WLA5tSeimOdSy4qCfthdd7C5WeB2,7,1770016274791953000,1770016274786669000,0,Insert,D,1,D
WLA5tSeimOdSy4qCfthdd7C5WeB2,7,1770016274886008000,1770016274881798000,1,Insert,n,2,Dn
WLA5tSeimOdSy4qCfthdd7C5WeB2,7,1770016274962684000,1770016274957878000,2,Insert,e,3,Dne
WLA5tSeimOdSy4qCfthdd7C5WeB2,7,1770016275161123000,1770016275156052000,3,Insert,s,4,Dnes
WLA5tSeimOdSy4qCfthdd7C5WeB2,7,1770016275229737000,1770016275225199000,4,Insert, ,5,Dnes 
WLA5tSeimOdSy4qCfthdd7C5WeB2,7,1770016275386015000,1770016275376513000,5,Insert,j,6,Dnes j
WLA5tSeimOdSy4qCfthdd7C5WeB2,7,1770016275479595000,1770016275475450000,6,Insert,e,7,Dnes je
WLA5tSeimOdSy4qCfthdd7C5WeB2,7,1770016276519789000,1770016276507986000,7,Insert, ,8,Dnes je 
WLA5tSeimOdSy4qCfthdd7C5WeB2,7,1770016276808859000,1770016276792091000,8,Insert,v,9,Dnes je v
WLA5tSeimOdSy4qCfthdd7C5WeB2,7,1770016276872042000,1770016276868257000,9,Insert,o,10,Dnes je vo
WLA5tSeimOdSy4qCfthdd7C5WeB2,7,1770016277087788000,1770016277081664000,10,Insert,n,11,Dnes je von
WLA5tSeimOdSy4qCfthdd7C5WeB2,7,1770016277297512000,1770016277289878000,11,Insert,k,12,Dnes je vonk
WLA5tSeimOdSy4qCfthdd7C5WeB2,7,1770016277487158000,1770016277481455000,12,Insert,u,13,Dnes je vonku
WLA5tSeimOdSy4qCfthdd7C5WeB2,7,1770016278089324000,1770016278083217000,13,Insert, ,14,Dnes je vonku 
WLA5tSeimOdSy4qCfthdd7C5WeB2,7,1770016278350783000,1770016278346698000,14,Insert,p,15,Dnes je vonku p
WLA5tSeimOdSy4qCfthdd7C5WeB2,7,1770016278450075000,1770016278445101000,15,Insert,e,16,Dnes je vonku pe
WLA5tSeimOdSy4qCfthdd7C5WeB2,7,1770016278521099000,1770016278516833000,16,Insert,k,17,Dnes je vonku pek
WLA5tSeimOdSy4qCfthdd7C5WeB2,7,1770016278725896000,1770016278720684000,17,Insert,n,18,Dnes je vonku pekn
WLA5tSeimOdSy4qCfthdd7C5WeB2,7,1770016278807708000,1770016278802092000,18,Insert,e,19,Dnes je vonku pekne
WLA5tSeimOdSy4qCfthdd7C5WeB2,7,1770016279782176000,1770016279770695000,19,Insert,",",20,"Dnes je vonku pekne,"
WLA5tSeimOdSy4qCfthdd7C5WeB2,7,1770016282017954000,1770016282009440000,20,Insert, ,21,"Dnes je vonku pekne, "
WLA5tSeimOdSy4qCfthdd7C5WeB2,7,1770016282216833000,1770016282209660000,21,Insert,i,22,"Dnes je vonku pekne, i"
WLA5tSeimOdSy4qCfthdd7C5WeB2,7,1770016282291233000,1770016282287714000,22,Insert,d,23,"Dnes je vonku pekne, id"
WLA5tSeimOdSy4qCfthdd7C5WeB2,7,1770016282460963000,1770016282456794000,23,Insert,e,24,"Dnes je vonku pekne, ide"
WLA5tSeimOdSy4qCfthdd7C5WeB2,7,1770016282491120000,1770016282486871000,24,Insert,n,25,"Dnes je vonku pekne, iden"
WLA5tSeimOdSy4qCfthdd7C5WeB2,7,1770016283470029000,1770016283460302000,25,Insert, ,26,"Dnes je vonku pekne, iden "
WLA5tSeimOdSy4qCfthdd7C5WeB2,7,1770016283654661000,1770016283651347000,26,Insert,v,27,"Dnes je vonku pekne, iden v"
WLA5tSeimOdSy4qCfthdd7C5WeB2,7,1770016283847622000,1770016283844376000,27,Insert,o,28,"Dnes je vonku pekne, iden vo"
WLA5tSeimOdSy4qCfthdd7C5WeB2,7,1770016284000212000,1770016283996127000,28,Insert,n,29,"Dnes je vonku pekne, iden von"
WLA5tSeimOdSy4qCfthdd7C5WeB2,7,1770016284176664000,1770016284165798000,29,Insert, ,30,"Dnes je vonku pekne, iden von "
WLA5tSeimOdSy4qCfthdd7C5WeB2,7,1770016284314029000,1770016284309207000,30,Insert,s,31,"Dnes je vonku pekne, iden von s"
WLA5tSeimOdSy4qCfthdd7C5WeB2,7,1770016284391010000,1770016284385803000,31,Insert,o,32,"Dnes je vonku pekne, iden von so"
WLA5tSeimOdSy4qCfthdd7C5WeB2,7,1770016285134037000,1770016285125087000,32,Insert, ,33,"Dnes je vonku pekne, iden von so "
WLA5tSeimOdSy4qCfthdd7C5WeB2,7,1770016285353810000,1770016285345873000,33,Insert,p,34,"Dnes je vonku pekne, iden von so p"
WLA5tSeimOdSy4qCfthdd7C5WeB2,7,1770016285426162000,1770016285421388000,34,Insert,s,35,"Dnes je vonku pekne, iden von so ps"
WLA5tSeimOdSy4qCfthdd7C5WeB2,7,1770016285533388000,1770016285529850000,35,Insert,o,36,"Dnes je vonku pekne, iden von so pso"
WLA5tSeimOdSy4qCfthdd7C5WeB2,7,1770016285704014000,1770016285699700000,36,Insert,m,37,"Dnes je vonku pekne, iden von so psom"
WLA5tSeimOdSy4qCfthdd7C5WeB2,7,1770016287316182000,1770016287306397000,37,Insert, ,38,"Dnes je vonku pekne, iden von so psom "
WLA5tSeimOdSy4qCfthdd7C5WeB2,7,1770016287479970000,1770016287473082000,38,Insert,n,39,"Dnes je vonku pekne, iden von so psom n"
WLA5tSeimOdSy4qCfthdd7C5WeB2,7,1770016287554262000,1770016287549620000,39,Insert,a,40,"Dnes je vonku pekne, iden von so psom na"
WLA5tSeimOdSy4qCfthdd7C5WeB2,7,1770016288043324000,1770016288036097000,40,Insert, ,41,"Dnes je vonku pekne, iden von so psom na "
WLA5tSeimOdSy4qCfthdd7C5WeB2,7,1770016288205672000,1770016288201467000,41,Insert,d,42,"Dnes je vonku pekne, iden von so psom na d"
WLA5tSeimOdSy4qCfthdd7C5WeB2,7,1770016288447851000,1770016288438623000,42,Insert,v,43,"Dnes je vonku pekne, iden von so psom na dv"
WLA5tSeimOdSy4qCfthdd7C5WeB2,7,1770016288588274000,1770016288582756000,43,Insert,o,44,"Dnes je vonku pekne, iden von so psom na dvo"
WLA5tSeimOdSy4qCfthdd7C5WeB2,7,1770016288740443000,1770016288735186000,44,Insert,r,45,"Dnes je vonku pekne, iden von so psom na dvor"
WLA5tSeimOdSy4qCfthdd7C5WeB2,7,1770016289321657000,1770016289315782000,45,Insert, ,46,"Dnes je vonku pekne, iden von so psom na dvor "
WLA5tSeimOdSy4qCfthdd7C5WeB2,7,1770016289624450000,1770016289619970000,46,Insert,a,47,"Dnes je vonku pekne, iden von so psom na dvor a"
WLA5tSeimOdSy4qCfthdd7C5WeB2,7,1770016289727697000,1770016289722312000,47,Insert, ,48,"Dnes je vonku pekne, iden von so psom na dvor a "
WLA5tSeimOdSy4qCfthdd7C5WeB2,7,1770016289928480000,1770016289923138000,48,Insert,b,49,"Dnes je vonku pekne, iden von so psom na dvor a b"
WLA5tSeimOdSy4qCfthdd7C5WeB2,7,1770016290102440000,1770016290094075000,49,Insert,u,50,"Dnes je vonku pekne, iden von so psom na dvor a bu"
WLA5tSeimOdSy4qCfthdd7C5WeB2,8,1770016310250218000,1770016310245198000,0,Insert,D,1,D
WLA5tSeimOdSy4qCfthdd7C5WeB2,8,1770016310304470000,1770016310300239000,1,Insert,n,2,Dn
WLA5tSeimOdSy4qCfthdd7C5WeB2,8,1770016310395914000,1770016310391908000,2,Insert,e,3,Dne
WLA5tSeimOdSy4qCfthdd7C5WeB2,8,1770016310590563000,1770016310582244000,3,Insert,s,4,Dnes
WLA5tSeimOdSy4qCfthdd7C5WeB2,8,1770016310631520000,1770016310627660000,4,Insert, ,5,Dnes 
WLA5tSeimOdSy4qCfthdd7C5WeB2,8,1770016310799406000,1770016310793217000,5,Insert,j,6,Dnes j
WLA5tSeimOdSy4qCfthdd7C5WeB2,8,1770016310881382000,1770016310877210000,6,Insert,e,7,Dnes je
WLA5tSeimOdSy4qCfthdd7C5WeB2,8,1770016312001089000,1770016311992881000,7,Insert, ,8,Dnes je 
WLA5tSeimOdSy4qCfthdd7C5WeB2,8,1770016312246827000,1770016312238935000,8,Insert,v,9,Dnes je v
WLA5tSeimOdSy4qCfthdd7C5WeB2,8,1770016312307361000,1770016312303078000,9,Insert,o,10,Dnes je vo
WLA5tSeimOdSy4qCfthdd7C5WeB2,8,1770016312519817000,1770016312512427000,10,Insert,b,11,Dnes je vob
WLA5tSeimOdSy4qCfthdd7C5WeB2,8,1770016312721640000,1770016312717411000,11,Insert,k,12,Dnes je vobk
WLA5tSeimOdSy4qCfthdd7C5WeB2,8,1770016312865426000,1770016312861059000,12,Insert,u,13,Dnes je vobku
WLA5tSeimOdSy4qCfthdd7C5WeB2,8,1770016313527912000,1770016313522638000,13,Delete,u,12,Dnes je vobk
WLA5tSeimOdSy4qCfthdd7C5WeB2,8,1770016313672494000,1770016313669302000,12,Delete,k,11,Dnes je vob
WLA5tSeimOdSy4qCfthdd7C5WeB2,8,1770016313838066000,1770016313835212000,11,Delete,b,10,Dnes je vo
WLA5tSeimOdSy4qCfthdd7C5WeB2,8,1770016314383968000,1770016314369930000,10,Insert,n,11,Dnes je von
WLA5tSeimOdSy4qCfthdd7C5WeB2,8,1770016314776235000,1770016314769873000,11,Insert,k,12,Dnes je vonk
WLA5tSeimOdSy4qCfthdd7C5WeB2,8,1770016314948516000,1770016314944076000,12,Insert,u,13,Dnes je vonku
WLA5tSeimOdSy4qCfthdd7C5WeB2,8,1770016315347703000,1770016315338802000,13,Insert, ,14,Dnes je vonku 
WLA5tSeimOdSy4qCfthdd7C5WeB2,8,1770016315584372000,1770016315578839000,14,Insert,p,15,Dnes je vonku p
WLA5tSeimOdSy4qCfthdd7C5WeB2,8,1770016315679425000,1770016315675375000,15,Insert,e,16,Dnes je vonku pe
WLA5tSeimOdSy4qCfthdd7C5WeB2,8,1770016315750485000,1770016315746326000,16,Insert,k,17,Dnes je vonku pek
WLA5tSeimOdSy4qCfthdd7C5WeB2,8,1770016315924575000,1770016315920423000,17,Insert,n,18,Dnes je vonku pekn
WLA5tSeimOdSy4qCfthdd7C5WeB2,8,1770016316041558000,1770016316036558000,18,Insert,e,19,Dnes je vonku pekne
WLA5tSeimOdSy4qCfthdd7C5WeB2,8,1770016317224383000,1770016317213196000,19,Insert,",",20,"Dnes je vonku pekne,"
WLA5tSeimOdSy4qCfthdd7C5WeB2,8,1770016317268665000,1770016317264264000,20,Insert, ,21,"Dnes je vonku pekne, "
WLA5tSeimOdSy4qCfthdd7C5WeB2,8,1770016317487281000,1770016317475957000,21,Insert,i,22,"Dnes je vonku pekne, i"
WLA5tSeimOdSy4qCfthdd7C5WeB2,8,1770016317565435000,1770016317560950000,22,Insert,d,23,"Dnes je vonku pekne, id"
WLA5tSeimOdSy4qCfthdd7C5WeB2,8,1770016317729638000,1770016317724162000,23,Insert,e,24,"Dnes je vonku pekne, ide"
WLA5tSeimOdSy4qCfthdd7C5WeB2,8,1770016317785187000,1770016317779735000,24,Insert,n,25,"Dnes je vonku pekne, iden"
WLA5tSeimOdSy4qCfthdd7C5WeB2,8,1770016318810206000,1770016318804825000,25,Delete,n,24,"Dnes je vonku pekne, ide"
WLA5tSeimOdSy4qCfthdd7C5WeB2,8,1770016318995111000,1770016318989592000,24,Insert,m,25,"Dnes je vonku pekne, idem"
WLA5tSeimOdSy4qCfthdd7C5WeB2,8,1770016319471230000,1770016319463027000,25,Insert, ,26,"Dnes je vonku pekne, idem "
WLA5tSeimOdSy4qCfthdd7C5WeB2,8,1770016319734872000,1770016319726847000,26,Insert,v,27,"Dnes je vonku pekne, idem v"
WLA5tSeimOdSy4qCfthdd7C5WeB2,8,1770016319807834000,1770016319803734000,27,Insert,o,28,"Dnes je vonku pekne, idem vo"
WLA5tSeimOdSy4qCfthdd7C5WeB2,8,1770016319998266000,1770016319994057000,28,Insert,n,29,"Dnes je vonku pekne, idem von"
WLA5tSeimOdSy4qCfthdd7C5WeB2,8,1770016321025869000,1770016321016761000,29,Insert, ,30,"Dnes je vonku pekne, idem von "
WLA5tSeimOdSy4qCfthdd7C5WeB2,8,1770016321168135000,1770016321163988000,30,Insert,s,31,"Dnes je vonku pekne, idem von s"
WLA5tSeimOdSy4qCfthdd7C5WeB2,8,1770016321234785000,1770016321230592000,31,Insert,o,32,"Dnes je vonku pekne, idem von so"
WLA5tSeimOdSy4qCfthdd7C5WeB2,8,1770016321667417000,1770016321660076000,32,Insert, ,33,"Dnes je vonku pekne, idem von so "
WLA5tSeimOdSy4qCfthdd7C5WeB2,8,1770016321896342000,1770016321888019000,33,Insert,p,34,"Dnes je vonku pekne, idem von so p"
WLA5tSeimOdSy4qCfthdd7C5WeB2,8,1770016322008922000,1770016322004606000,34,Insert,s,35,"Dnes je vonku pekne, idem von so ps"
WLA5tSeimOdSy4qCfthdd7C5WeB2,8,1770016322087863000,1770016322083876000,35,Insert,o,36,"Dnes je vonku pekne, idem von so pso"
WLA5tSeimOdSy4qCfthdd7C5WeB2,8,1770016322266387000,1770016322261827000,36,Insert,m,37,"Dnes je vonku pekne, idem von so psom"
WLA5tSeimOdSy4qCfthdd7C5WeB2,8,1770016323185599000,1770016323174847000,37,Insert, ,38,"Dnes je vonku pekne, idem von so psom "
WLA5tSeimOdSy4qCfthdd7C5WeB2,8,1770016323474103000,1770016323469082000,38,Insert,n,39,"Dnes je vonku pekne, idem von so psom n"
WLA5tSeimOdSy4qCfthdd7C5WeB2,8,1770016323540476000,1770016323536240000,39,Insert,a,40,"Dnes je vonku pekne, idem von so psom na"
WLA5tSeimOdSy4qCfthdd7C5WeB2,8,1770016324088576000,1770016324083402000,40,Insert, ,41,"Dnes je vonku pekne, idem von so psom na "
WLA5tSeimOdSy4qCfthdd7C5WeB2,8,1770016324275609000,1770016324270469000,41,Insert,d,42,"Dnes je vonku pekne, idem von so psom na d"
WLA5tSeimOdSy4qCfthdd7C5WeB2,8,1770016324494715000,1770016324486397000,42,Insert,v,43,"Dnes je vonku pekne, idem von so psom na dv"
WLA5tSeimOdSy4qCfthdd7C5WeB2,8,1770016324562772000,1770016324558318000,43,Insert,o,44,"Dnes je vonku pekne, idem von so psom na dvo"
WLA5tSeimOdSy4qCfthdd7C5WeB2,8,1770016324695155000,1770016324691040000,44,Insert,r,45,"Dnes je vonku pekne, idem von so psom na dvor"
WLA5tSeimOdSy4qCfthdd7C5WeB2,8,1770016325745079000,1770016325734550000,45,Insert, ,46,"Dnes je vonku pekne, idem von so psom na dvor "
WLA5tSeimOdSy4qCfthdd7C5WeB2,8,1770016326077877000,1770016326067638000,46,Insert,a,47,"Dnes je vonku pekne, idem von so psom na dvor a"
WLA5tSeimOdSy4qCfthdd7C5WeB2,8,1770016326172733000,1770016326166605000,47,Insert, ,48,"Dnes je vonku pekne, idem von so psom na dvor a "
WLA5tSeimOdSy4qCfthdd7C5WeB2,8,1770016326345200000,1770016326340555000,48,Insert,b,49,"Dnes je vonku pekne, idem von so psom na dvor a b"
WLA5tSeimOdSy4qCfthdd7C5WeB2,8,1770016326523540000,1770016326518929000,49,Insert,u,50,"Dnes je vonku pekne, idem von so psom na dvor a bu"
WLA5tSeimOdSy4qCfthdd7C5WeB2,9,1770016338841750000,1770016338829011000,0,Insert,D,1,D
WLA5tSeimOdSy4qCfthdd7C5WeB2,9,1770016338925843000,1770016338921421000,1,Insert,n,2,Dn
WLA5tSeimOdSy4qCfthdd7C5WeB2,9,1770016339007721000,1770016339003852000,2,Insert,e,3,Dne
WLA5tSeimOdSy4qCfthdd7C5WeB2,9,1770016339204377000,1770016339199449000,3,Insert,s,4,Dnes
WLA5tSeimOdSy4qCfthdd7C5WeB2,9,1770016339286368000,1770016339282115000,4,Insert, ,5,Dnes 
WLA5tSeimOdSy4qCfthdd7C5WeB2,9,1770016339411657000,1770016339404085000,5,Insert,j,6,Dnes j
WLA5tSeimOdSy4qCfthdd7C5WeB2,9,1770016339476426000,1770016339472287000,6,Insert,e,7,Dnes je
WLA5tSeimOdSy4qCfthdd7C5WeB2,9,1770016339883346000,1770016339874648000,7,Insert, ,8,Dnes je 
WLA5tSeimOdSy4qCfthdd7C5WeB2,9,1770016340123687000,1770016340116322000,8,Insert,v,9,Dnes je v
WLA5tSeimOdSy4qCfthdd7C5WeB2,9,1770016340202006000,1770016340197652000,9,Insert,o,10,Dnes je vo
WLA5tSeimOdSy4qCfthdd7C5WeB2,9,1770016340438352000,1770016340431559000,10,Insert,n,11,Dnes je von
WLA5tSeimOdSy4qCfthdd7C5WeB2,9,1770016340617179000,1770016340612087000,11,Insert,k,12,Dnes je vonk
WLA5tSeimOdSy4qCfthdd7C5WeB2,9,1770016340819213000,1770016340811119000,12,Insert,u,13,Dnes je vonku
WLA5tSeimOdSy4qCfthdd7C5WeB2,9,1770016341129879000,1770016341122450000,13,Insert, ,14,Dnes je vonku 
WLA5tSeimOdSy4qCfthdd7C5WeB2,9,1770016341396156000,1770016341387170000,14,Insert,p,15,Dnes je vonku p
WLA5tSeimOdSy4qCfthdd7C5WeB2,9,1770016341493468000,1770016341489152000,15,Insert,e,16,Dnes je vonku pe
WLA5tSeimOdSy4qCfthdd7C5WeB2,9,1770016341585770000,1770016341581411000,16,Insert,k,17,Dnes je vonku pek
WLA5tSeimOdSy4qCfthdd7C5WeB2,9,1770016341784109000,1770016341779860000,17,Insert,n,18,Dnes je vonku pekn
WLA5tSeimOdSy4qCfthdd7C5WeB2,9,1770016341864897000,1770016341860755000,18,Insert,e,19,Dnes je vonku pekne
WLA5tSeimOdSy4qCfthdd7C5WeB2,9,1770016343021631000,1770016343014120000,19,Insert,",",20,"Dnes je vonku pekne,"
WLA5tSeimOdSy4qCfthdd7C5WeB2,9,1770016343119061000,1770016343114000000,20,Insert, ,21,"Dnes je vonku pekne, "
WLA5tSeimOdSy4qCfthdd7C5WeB2,9,1770016343301380000,1770016343297337000,21,Insert,i,22,"Dnes je vonku pekne, i"
WLA5tSeimOdSy4qCfthdd7C5WeB2,9,1770016343396995000,1770016343393402000,22,Insert,d,23,"Dnes je vonku pekne, id"
WLA5tSeimOdSy4qCfthdd7C5WeB2,9,1770016343557710000,1770016343550766000,23,Insert,e,24,"Dnes je vonku pekne, ide"
WLA5tSeimOdSy4qCfthdd7C5WeB2,9,1770016343631091000,1770016343626749000,24,Insert,n,25,"Dnes je vonku pekne, iden"
WLA5tSeimOdSy4qCfthdd7C5WeB2,9,1770016344285776000,1770016344274316000,25,Insert, ,26,"Dnes je vonku pekne, iden "
WLA5tSeimOdSy4qCfthdd7C5WeB2,9,1770016344696286000,1770016344686717000,26,Insert,v,27,"Dnes je vonku pekne, iden v"
WLA5tSeimOdSy4qCfthdd7C5WeB2,9,1770016344756342000,1770016344752007000,27,Insert,o,28,"Dnes je vonku pekne, iden vo"
WLA5tSeimOdSy4qCfthdd7C5WeB2,9,1770016344947055000,1770016344941702000,28,Insert,n,29,"Dnes je vonku pekne, iden von"
WLA5tSeimOdSy4qCfthdd7C5WeB2,9,1770016345644641000,1770016345632582000,29,Insert, ,30,"Dnes je vonku pekne, iden von "
WLA5tSeimOdSy4qCfthdd7C5WeB2,9,1770016345774485000,1770016345767776000,30,Insert,s,31,"Dnes je vonku pekne, iden von s"
WLA5tSeimOdSy4qCfthdd7C5WeB2,9,1770016345832669000,1770016345828172000,31,Insert,o,32,"Dnes je vonku pekne, iden von so"
WLA5tSeimOdSy4qCfthdd7C5WeB2,9,1770016346197199000,1770016346189871000,32,Insert, ,33,"Dnes je vonku pekne, iden von so "
WLA5tSeimOdSy4qCfthdd7C5WeB2,9,1770016346415715000,1770016346409053000,33,Insert,p,34,"Dnes je vonku pekne, iden von so p"
WLA5tSeimOdSy4qCfthdd7C5WeB2,9,1770016346511799000,1770016346507202000,34,Insert,s,35,"Dnes je vonku pekne, iden von so ps"
WLA5tSeimOdSy4qCfthdd7C5WeB2,9,1770016346608237000,1770016346604243000,35,Insert,o,36,"Dnes je vonku pekne, iden von so pso"
WLA5tSeimOdSy4qCfthdd7C5WeB2,9,1770016346794430000,1770016346790018000,36,Insert,n,37,"Dnes je vonku pekne, iden von so pson"
WLA5tSeimOdSy4qCfthdd7C5WeB2,9,1770016347975494000,1770016347967883000,37,Delete,n,36,"Dnes je vonku pekne, iden von so pso"
WLA5tSeimOdSy4qCfthdd7C5WeB2,9,1770016348186552000,1770016348180471000,36,Insert,m,37,"Dnes je vonku pekne, iden von so psom"
WLA5tSeimOdSy4qCfthdd7C5WeB2,9,1770016348436986000,1770016348430188000,37,Insert, ,38,"Dnes je vonku pekne, iden von so psom "
WLA5tSeimOdSy4qCfthdd7C5WeB2,9,1770016348620639000,1770016348614689000,38,Insert,n,39,"Dnes je vonku pekne, iden von so psom n"
WLA5tSeimOdSy4qCfthdd7C5WeB2,9,1770016348744623000,1770016348738796000,39,Insert,a,40,"Dnes je vonku pekne, iden von so psom na"
WLA5tSeimOdSy4qCfthdd7C5WeB2,9,1770016348807019000,1770016348802150000,40,Insert, ,41,"Dnes je vonku pekne, iden von so psom na "
WLA5tSeimOdSy4qCfthdd7C5WeB2,9,1770016349102250000,1770016349093718000,41,Insert,d,42,"Dnes je vonku pekne, iden von so psom na d"
WLA5tSeimOdSy4qCfthdd7C5WeB2,9,1770016349343376000,1770016349336408000,42,Insert,v,43,"Dnes je vonku pekne, iden von so psom na dv"
WLA5tSeimOdSy4qCfthdd7C5WeB2,9,1770016349528152000,1770016349523775000,43,Insert,o,44,"Dnes je vonku pekne, iden von so psom na dvo"
WLA5tSeimOdSy4qCfthdd7C5WeB2,9,1770016349715582000,1770016349710414000,44,Insert,r,45,"Dnes je vonku pekne, iden von so psom na dvor"
WLA5tSeimOdSy4qCfthdd7C5WeB2,9,1770016351515267000,1770016351503761000,45,Insert, ,46,"Dnes je vonku pekne, iden von so psom na dvor "
WLA5tSeimOdSy4qCfthdd7C5WeB2,9,1770016351622324000,1770016351618232000,46,Insert,a,47,"Dnes je vonku pekne, iden von so psom na dvor a"
WLA5tSeimOdSy4qCfthdd7C5WeB2,9,1770016351659603000,1770016351654569000,47,Insert, ,48,"Dnes je vonku pekne, iden von so psom na dvor a "
WLA5tSeimOdSy4qCfthdd7C5WeB2,9,1770016352660487000,1770016352655560000,48,Insert,b,49,"Dnes je vonku pekne, iden von so psom na dvor a b"
WLA5tSeimOdSy4qCfthdd7C5WeB2,9,1770016352991893000,1770016352985535000,49,Insert,u,50,"Dnes je vonku pekne, iden von so psom na dvor a bu"
WLA5tSeimOdSy4qCfthdd7C5WeB2,10,1770016373556031000,1770016373547772000,0,Insert,D,1,D
WLA5tSeimOdSy4qCfthdd7C5WeB2,10,1770016373627559000,1770016373622243000,1,Insert,n,2,Dn
WLA5tSeimOdSy4qCfthdd7C5WeB2,10,1770016373725218000,1770016373721659000,2,Insert,e,3,Dne
WLA5tSeimOdSy4qCfthdd7C5WeB2,10,1770016373867302000,1770016373861941000,3,Insert,s,4,Dnes
WLA5tSeimOdSy4qCfthdd7C5WeB2,10,1770016373929145000,1770016373925547000,4,Insert, ,5,Dnes 
WLA5tSeimOdSy4qCfthdd7C5WeB2,10,1770016374104305000,1770016374092579000,5,Insert,h,6,Dnes h
WLA5tSeimOdSy4qCfthdd7C5WeB2,10,1770016374172823000,1770016374168610000,6,Insert,e,7,Dnes he
WLA5tSeimOdSy4qCfthdd7C5WeB2,10,1770016374852176000,1770016374847068000,7,Delete,e,6,Dnes h
WLA5tSeimOdSy4qCfthdd7C5WeB2,10,1770016375009765000,1770016375006679000,6,Delete,h,5,Dnes 
WLA5tSeimOdSy4qCfthdd7C5WeB2,10,1770016375281170000,1770016375276974000,5,Insert,h,6,Dnes h
WLA5tSeimOdSy4qCfthdd7C5WeB2,10,1770016375372532000,1770016375366879000,6,Insert,e,7,Dnes he
WLA5tSeimOdSy4qCfthdd7C5WeB2,10,1770016375848212000,1770016375845468000,7,Delete,e,6,Dnes h
WLA5tSeimOdSy4qCfthdd7C5WeB2,10,1770016376024268000,1770016376020031000,6,Delete,h,5,Dnes 
WLA5tSeimOdSy4qCfthdd7C5WeB2,10,1770016376199683000,1770016376195798000,5,Insert,j,6,Dnes j
WLA5tSeimOdSy4qCfthdd7C5WeB2,10,1770016376776131000,1770016376765447000,6,Insert,e,7,Dnes je
WLA5tSeimOdSy4qCfthdd7C5WeB2,10,1770016376841234000,1770016376836668000,7,Insert, ,8,Dnes je 
WLA5tSeimOdSy4qCfthdd7C5WeB2,10,1770016377013400000,1770016377009058000,8,Insert,v,9,Dnes je v
WLA5tSeimOdSy4qCfthdd7C5WeB2,10,1770016377212542000,1770016377208468000,9,Insert,o,10,Dnes je vo
WLA5tSeimOdSy4qCfthdd7C5WeB2,10,1770016377392890000,1770016377388128000,10,Insert,b,11,Dnes je vob
WLA5tSeimOdSy4qCfthdd7C5WeB2,10,1770016377585481000,1770016377581733000,11,Insert,k,12,Dnes je vobk
WLA5tSeimOdSy4qCfthdd7C5WeB2,10,1770016377772157000,1770016377768226000,12,Insert,u,13,Dnes je vobku
WLA5tSeimOdSy4qCfthdd7C5WeB2,10,1770016378422440000,1770016378417085000,13,Delete,u,12,Dnes je vobk
WLA5tSeimOdSy4qCfthdd7C5WeB2,10,1770016378561044000,1770016378557952000,12,Delete,k,11,Dnes je vob
WLA5tSeimOdSy4qCfthdd7C5WeB2,10,1770016378748074000,1770016378745163000,11,Delete,b,10,Dnes je vo
WLA5tSeimOdSy4qCfthdd7C5WeB2,10,1770016378974101000,1770016378967356000,10,Insert,b,11,Dnes je vob
WLA5tSeimOdSy4qCfthdd7C5WeB2,10,1770016379179519000,1770016379171511000,11,Insert,j,12,Dnes je vobj
WLA5tSeimOdSy4qCfthdd7C5WeB2,10,1770016379368442000,1770016379361389000,12,Insert,u,13,Dnes je vobju
WLA5tSeimOdSy4qCfthdd7C5WeB2,10,1770016379607000000,1770016379602957000,13,Delete,u,12,Dnes je vobj
WLA5tSeimOdSy4qCfthdd7C5WeB2,10,1770016379771633000,1770016379768783000,12,Delete,j,11,Dnes je vob
WLA5tSeimOdSy4qCfthdd7C5WeB2,10,1770016380044396000,1770016380039685000,11,Delete,b,10,Dnes je vo
WLA5tSeimOdSy4qCfthdd7C5WeB2,10,1770016380587535000,1770016380577802000,10,Insert,b,11,Dnes je vob
WLA5tSeimOdSy4qCfthdd7C5WeB2,10,1770016381196077000,1770016381192920000,11,Delete,b,10,Dnes je vo
WLA5tSeimOdSy4qCfthdd7C5WeB2,10,1770016381430639000,1770016381423489000,10,Insert,n,11,Dnes je von
WLA5tSeimOdSy4qCfthdd7C5WeB2,10,1770016381894162000,1770016381889832000,11,Insert,k,12,Dnes je vonk
WLA5tSeimOdSy4qCfthdd7C5WeB2,10,1770016382075080000,1770016382068246000,12,Insert,u,13,Dnes je vonku
WLA5tSeimOdSy4qCfthdd7C5WeB2,10,1770016382290327000,1770016382284387000,13,Insert, ,14,Dnes je vonku 
WLA5tSeimOdSy4qCfthdd7C5WeB2,10,1770016382498818000,1770016382494299000,14,Insert,o,15,Dnes je vonku o
WLA5tSeimOdSy4qCfthdd7C5WeB2,10,1770016382617327000,1770016382612831000,15,Insert,e,16,Dnes je vonku oe
WLA5tSeimOdSy4qCfthdd7C5WeB2,10,1770016382707506000,1770016382703131000,16,Insert,k,17,Dnes je vonku oek
WLA5tSeimOdSy4qCfthdd7C5WeB2,10,1770016382862287000,1770016382857904000,17,Insert,n,18,Dnes je vonku oekn
WLA5tSeimOdSy4qCfthdd7C5WeB2,10,1770016382975511000,1770016382971348000,18,Insert,e,19,Dnes je vonku oekne
WLA5tSeimOdSy4qCfthdd7C5WeB2,10,1770016383204342000,1770016383198119000,19,Delete,e,18,Dnes je vonku oekn
WLA5tSeimOdSy4qCfthdd7C5WeB2,10,1770016383354511000,1770016383349875000,18,Delete,n,17,Dnes je vonku oek
WLA5tSeimOdSy4qCfthdd7C5WeB2,10,1770016383531944000,1770016383527122000,17,Delete,k,16,Dnes je vonku oe
WLA5tSeimOdSy4qCfthdd7C5WeB2,10,1770016383703299000,1770016383700419000,16,Delete,e,15,Dnes je vonku o
WLA5tSeimOdSy4qCfthdd7C5WeB2,10,1770016383922364000,1770016383917158000,15,Delete,o,14,Dnes je vonku 
WLA5tSeimOdSy4qCfthdd7C5WeB2,10,1770016384356769000,1770016384350388000,14,Insert,p,15,Dnes je vonku p
WLA5tSeimOdSy4qCfthdd7C5WeB2,10,1770016384484684000,1770016384473574000,15,Insert,r,16,Dnes je vonku pr
WLA5tSeimOdSy4qCfthdd7C5WeB2,10,1770016384564560000,1770016384560190000,16,Insert,k,17,Dnes je vonku prk
WLA5tSeimOdSy4qCfthdd7C5WeB2,10,1770016384773222000,1770016384765430000,17,Insert,n,18,Dnes je vonku prkn
WLA5tSeimOdSy4qCfthdd7C5WeB2,10,1770016384869670000,1770016384865589000,18,Insert,e,19,Dnes je vonku prkne
WLA5tSeimOdSy4qCfthdd7C5WeB2,10,1770016385129933000,1770016385125671000,19,Delete,e,18,Dnes je vonku prkn
WLA5tSeimOdSy4qCfthdd7C5WeB2,10,1770016385316462000,1770016385313705000,18,Delete,n,17,Dnes je vonku prk
WLA5tSeimOdSy4qCfthdd7C5WeB2,10,1770016385491352000,1770016385488560000,17,Delete,k,16,Dnes je vonku pr
WLA5tSeimOdSy4qCfthdd7C5WeB2,10,1770016385669839000,1770016385667096000,16,Delete,r,15,Dnes je vonku p
WLA5tSeimOdSy4qCfthdd7C5WeB2,10,1770016386400209000,1770016386387671000,15,Insert,e,16,Dnes je vonku pe
WLA5tSeimOdSy4qCfthdd7C5WeB2,10,1770016386563150000,1770016386557675000,16,Insert,k,17,Dnes je vonku pek
WLA5tSeimOdSy4qCfthdd7C5WeB2,10,1770016386751750000,1770016386744770000,17,Insert,n,18,Dnes je vonku pekn
WLA5tSeimOdSy4qCfthdd7C5WeB2,10,1770016386862443000,1770016386858160000,18,Insert,e,19,Dnes je vonku pekne
WLA5tSeimOdSy4qCfthdd7C5WeB2,10,1770016387863590000,1770016387852898000,19,Insert,",",20,"Dnes je vonku pekne,"
WLA5tSeimOdSy4qCfthdd7C5WeB2,10,1770016387939027000,1770016387932655000,20,Insert, ,21,"Dnes je vonku pekne, "
WLA5tSeimOdSy4qCfthdd7C5WeB2,10,1770016388178640000,1770016388170684000,21,Insert,i,22,"Dnes je vonku pekne, i"
WLA5tSeimOdSy4qCfthdd7C5WeB2,10,1770016388243222000,1770016388238598000,22,Insert,d,23,"Dnes je vonku pekne, id"
WLA5tSeimOdSy4qCfthdd7C5WeB2,10,1770016388414692000,1770016388410409000,23,Insert,e,24,"Dnes je vonku pekne, ide"
WLA5tSeimOdSy4qCfthdd7C5WeB2,10,1770016388491316000,1770016388482396000,24,Insert,n,25,"Dnes je vonku pekne, iden"
WLA5tSeimOdSy4qCfthdd7C5WeB2,10,1770016389320724000,1770016389312513000,25,Insert, ,26,"Dnes je vonku pekne, iden "
WLA5tSeimOdSy4qCfthdd7C5WeB2,10,1770016389594361000,1770016389586719000,26,Insert,v,27,"Dnes je vonku pekne, iden v"
WLA5tSeimOdSy4qCfthdd7C5WeB2,10,1770016389675754000,1770016389671449000,27,Insert,o,28,"Dnes je vonku pekne, iden vo"
WLA5tSeimOdSy4qCfthdd7C5WeB2,10,1770016389850438000,1770016389846277000,28,Insert,n,29,"Dnes je vonku pekne, iden von"
WLA5tSeimOdSy4qCfthdd7C5WeB2,10,1770016390958083000,1770016390948620000,29,Insert, ,30,"Dnes je vonku pekne, iden von "
WLA5tSeimOdSy4qCfthdd7C5WeB2,10,1770016391125133000,1770016391118715000,30,Insert,s,31,"Dnes je vonku pekne, iden von s"
WLA5tSeimOdSy4qCfthdd7C5WeB2,10,1770016391195164000,1770016391191645000,31,Insert,o,32,"Dnes je vonku pekne, iden von so"
WLA5tSeimOdSy4qCfthdd7C5WeB2,10,1770016391536833000,1770016391532188000,32,Insert, ,33,"Dnes je vonku pekne, iden von so "
WLA5tSeimOdSy4qCfthdd7C5WeB2,10,1770016391787201000,1770016391781124000,33,Insert,p,34,"Dnes je vonku pekne, iden von so p"
WLA5tSeimOdSy4qCfthdd7C5WeB2,10,1770016391876078000,1770016391871921000,34,Insert,s,35,"Dnes je vonku pekne, iden von so ps"
WLA5tSeimOdSy4qCfthdd7C5WeB2,10,1770016391942291000,1770016391938256000,35,Insert,o,36,"Dnes je vonku pekne, iden von so pso"
WLA5tSeimOdSy4qCfthdd7C5WeB2,10,1770016392153441000,1770016392149040000,36,Insert,n,37,"Dnes je vonku pekne, iden von so pson"
WLA5tSeimOdSy4qCfthdd7C5WeB2,10,1770016393075306000,1770016393069982000,37,Delete,n,36,"Dnes je vonku pekne, iden von so pso"
WLA5tSeimOdSy4qCfthdd7C5WeB2,10,1770016393319250000,1770016393313163000,36,Insert,m,37,"Dnes je vonku pekne, iden von so psom"
WLA5tSeimOdSy4qCfthdd7C5WeB2,10,1770016394532525000,1770016394524325000,37,Insert, ,38,"Dnes je vonku pekne, iden von so psom "
WLA5tSeimOdSy4qCfthdd7C5WeB2,10,1770016394721765000,1770016394716958000,38,Insert,n,39,"Dnes je vonku pekne, iden von so psom n"
WLA5tSeimOdSy4qCfthdd7C5WeB2,10,1770016394840886000,1770016394836759000,39,Insert,a,40,"Dnes je vonku pekne, iden von so psom na"
WLA5tSeimOdSy4qCfthdd7C5WeB2,10,1770016394952551000,1770016394947639000,40,Insert, ,41,"Dnes je vonku pekne, iden von so psom na "
WLA5tSeimOdSy4qCfthdd7C5WeB2,10,1770016395122563000,1770016395117946000,41,Insert,d,42,"Dnes je vonku pekne, iden von so psom na d"
WLA5tSeimOdSy4qCfthdd7C5WeB2,10,1770016395265091000,1770016395259595000,42,Insert,v,43,"Dnes je vonku pekne, iden von so psom na dv"
WLA5tSeimOdSy4qCfthdd7C5WeB2,10,1770016395509979000,1770016395503322000,43,Insert,o,44,"Dnes je vonku pekne, iden von so psom na dvo"
WLA5tSeimOdSy4qCfthdd7C5WeB2,10,1770016395657757000,1770016395653527000,44,Insert,r,45,"Dnes je vonku pekne, iden von so psom na dvor"
WLA5tSeimOdSy4qCfthdd7C5WeB2,10,1770016397087317000,1770016397076502000,45,Insert, ,46,"Dnes je vonku pekne, iden von so psom na dvor "
WLA5tSeimOdSy4qCfthdd7C5WeB2,10,1770016397246128000,1770016397236101000,46,Insert,a,47,"Dnes je vonku pekne, iden von so psom na dvor a"
WLA5tSeimOdSy4qCfthdd7C5WeB2,10,1770016398405406000,1770016398395516000,47,Insert, ,48,"Dnes je vonku pekne, iden von so psom na dvor a "
WLA5tSeimOdSy4qCfthdd7C5WeB2,10,1770016398579364000,1770016398572905000,48,Insert,v,49,"Dnes je vonku pekne, iden von so psom na dvor a v"
WLA5tSeimOdSy4qCfthdd7C5WeB2,10,1770016398755078000,1770016398745106000,49,Insert,u,50,"Dnes je vonku pekne, iden von so psom na dvor a vu"
WLA5tSeimOdSy4qCfthdd7C5WeB2,11,1770016418438120000,1770016418434031000,0,Insert,D,1,D
WLA5tSeimOdSy4qCfthdd7C5WeB2,11,1770016418597815000,1770016418593445000,1,Insert,n,2,Dn
WLA5tSeimOdSy4qCfthdd7C5WeB2,11,1770016418686311000,1770016418682896000,2,Insert,e,3,Dne
WLA5tSeimOdSy4qCfthdd7C5WeB2,11,1770016418871092000,1770016418867120000,3,Insert,s,4,Dnes
WLA5tSeimOdSy4qCfthdd7C5WeB2,11,1770016418975671000,1770016418971243000,4,Insert, ,5,Dnes 
WLA5tSeimOdSy4qCfthdd7C5WeB2,11,1770016419969940000,1770016419961778000,5,Insert,j,6,Dnes j
WLA5tSeimOdSy4qCfthdd7C5WeB2,11,1770016420070854000,1770016420066794000,6,Insert,e,7,Dnes je
WLA5tSeimOdSy4qCfthdd7C5WeB2,11,1770016420201881000,1770016420196144000,7,Insert, ,8,Dnes je 
WLA5tSeimOdSy4qCfthdd7C5WeB2,11,1770016420369837000,1770016420364526000,8,Insert,v,9,Dnes je v
WLA5tSeimOdSy4qCfthdd7C5WeB2,11,1770016420567336000,1770016420562382000,9,Insert,o,10,Dnes je vo
WLA5tSeimOdSy4qCfthdd7C5WeB2,11,1770016421533625000,1770016421529222000,10,Insert,n,11,Dnes je von
WLA5tSeimOdSy4qCfthdd7C5WeB2,11,1770016421712820000,1770016421707981000,11,Insert,k,12,Dnes je vonk
WLA5tSeimOdSy4qCfthdd7C5WeB2,11,1770016421906055000,1770016421901767000,12,Insert,u,13,Dnes je vonku
WLA5tSeimOdSy4qCfthdd7C5WeB2,11,1770016422797110000,1770016422788416000,13,Insert, ,14,Dnes je vonku 
WLA5tSeimOdSy4qCfthdd7C5WeB2,11,1770016423049662000,1770016423044947000,14,Insert,p,15,Dnes je vonku p
WLA5tSeimOdSy4qCfthdd7C5WeB2,11,1770016423149346000,1770016423144918000,15,Insert,e,16,Dnes je vonku pe
WLA5tSeimOdSy4qCfthdd7C5WeB2,11,1770016423203928000,1770016423199222000,16,Insert,k,17,Dnes je vonku pek
WLA5tSeimOdSy4qCfthdd7C5WeB2,11,1770016424116222000,1770016424101765000,17,Insert,n,18,Dnes je vonku pekn
WLA5tSeimOdSy4qCfthdd7C5WeB2,11,1770016424190890000,1770016424186073000,18,Insert,e,19,Dnes je vonku pekne
WLA5tSeimOdSy4qCfthdd7C5WeB2,11,1770016424717668000,1770016424707827000,19,Insert,",",20,"Dnes je vonku pekne,"
WLA5tSeimOdSy4qCfthdd7C5WeB2,11,1770016424789355000,1770016424783716000,20,Insert, ,21,"Dnes je vonku pekne, "
WLA5tSeimOdSy4qCfthdd7C5WeB2,11,1770016425508769000,1770016425501416000,21,Insert,i,22,"Dnes je vonku pekne, i"
WLA5tSeimOdSy4qCfthdd7C5WeB2,11,1770016425590515000,1770016425586519000,22,Insert,d,23,"Dnes je vonku pekne, id"
WLA5tSeimOdSy4qCfthdd7C5WeB2,11,1770016425770525000,1770016425765436000,23,Insert,e,24,"Dnes je vonku pekne, ide"
WLA5tSeimOdSy4qCfthdd7C5WeB2,11,1770016425832138000,1770016425827628000,24,Insert,n,25,"Dnes je vonku pekne, iden"
WLA5tSeimOdSy4qCfthdd7C5WeB2,11,1770016426628018000,1770016426621221000,25,Delete,n,24,"Dnes je vonku pekne, ide"
WLA5tSeimOdSy4qCfthdd7C5WeB2,11,1770016426818394000,1770016426806995000,24,Insert,m,25,"Dnes je vonku pekne, idem"
WLA5tSeimOdSy4qCfthdd7C5WeB2,11,1770016427025628000,1770016427017883000,25,Insert, ,26,"Dnes je vonku pekne, idem "
WLA5tSeimOdSy4qCfthdd7C5WeB2,11,1770016428263971000,1770016428253745000,26,Insert,v,27,"Dnes je vonku pekne, idem v"
WLA5tSeimOdSy4qCfthdd7C5WeB2,11,1770016428341383000,1770016428336380000,27,Insert,o,28,"Dnes je vonku pekne, idem vo"
WLA5tSeimOdSy4qCfthdd7C5WeB2,11,1770016428540495000,1770016428532516000,28,Insert,n,29,"Dnes je vonku pekne, idem von"
WLA5tSeimOdSy4qCfthdd7C5WeB2,11,1770016429611948000,1770016429601729000,29,Insert, ,30,"Dnes je vonku pekne, idem von "
WLA5tSeimOdSy4qCfthdd7C5WeB2,11,1770016429769344000,1770016429764655000,30,Insert,s,31,"Dnes je vonku pekne, idem von s"
WLA5tSeimOdSy4qCfthdd7C5WeB2,11,1770016429826557000,1770016429821883000,31,Insert,o,32,"Dnes je vonku pekne, idem von so"
WLA5tSeimOdSy4qCfthdd7C5WeB2,11,1770016430465040000,1770016430454343000,32,Insert, ,33,"Dnes je vonku pekne, idem von so "
WLA5tSeimOdSy4qCfthdd7C5WeB2,11,1770016430729599000,1770016430720826000,33,Insert,p,34,"Dnes je vonku pekne, idem von so p"
WLA5tSeimOdSy4qCfthdd7C5WeB2,11,1770016430802581000,1770016430798230000,34,Insert,s,35,"Dnes je vonku pekne, idem von so ps"
WLA5tSeimOdSy4qCfthdd7C5WeB2,11,1770016430893405000,1770016430889184000,35,Insert,o,36,"Dnes je vonku pekne, idem von so pso"
WLA5tSeimOdSy4qCfthdd7C5WeB2,11,1770016431603368000,1770016431598429000,36,Insert,m,37,"Dnes je vonku pekne, idem von so psom"
WLA5tSeimOdSy4qCfthdd7C5WeB2,11,1770016432808104000,1770016432798421000,37,Insert, ,38,"Dnes je vonku pekne, idem von so psom "
WLA5tSeimOdSy4qCfthdd7C5WeB2,11,1770016432983422000,1770016432973762000,38,Insert,n,39,"Dnes je vonku pekne, idem von so psom n"
WLA5tSeimOdSy4qCfthdd7C5WeB2,11,1770016433051220000,1770016433046945000,39,Insert,a,40,"Dnes je vonku pekne, idem von so psom na"
WLA5tSeimOdSy4qCfthdd7C5WeB2,11,1770016433211529000,1770016433206735000,40,Insert, ,41,"Dnes je vonku pekne, idem von so psom na "
WLA5tSeimOdSy4qCfthdd7C5WeB2,11,1770016433487809000,1770016433482058000,41,Insert,d,42,"Dnes je vonku pekne, idem von so psom na d"
WLA5tSeimOdSy4qCfthdd7C5WeB2,11,1770016433717380000,1770016433708943000,42,Insert,v,43,"Dnes je vonku pekne, idem von so psom na dv"
WLA5tSeimOdSy4qCfthdd7C5WeB2,11,1770016433873306000,1770016433867950000,43,Insert,o,44,"Dnes je vonku pekne, idem von so psom na dvo"
WLA5tSeimOdSy4qCfthdd7C5WeB2,11,1770016433970106000,1770016433964363000,44,Insert,r,45,"Dnes je vonku pekne, idem von so psom na dvor"
WLA5tSeimOdSy4qCfthdd7C5WeB2,11,1770016435089455000,1770016435080542000,45,Insert, ,46,"Dnes je vonku pekne, idem von so psom na dvor "
WLA5tSeimOdSy4qCfthdd7C5WeB2,11,1770016435365177000,1770016435357756000,46,Insert,a,47,"Dnes je vonku pekne, idem von so psom na dvor a"
WLA5tSeimOdSy4qCfthdd7C5WeB2,11,1770016435455305000,1770016435450755000,47,Insert, ,48,"Dnes je vonku pekne, idem von so psom na dvor a "
WLA5tSeimOdSy4qCfthdd7C5WeB2,11,1770016435655255000,1770016435649038000,48,Insert,b,49,"Dnes je vonku pekne, idem von so psom na dvor a b"
WLA5tSeimOdSy4qCfthdd7C5WeB2,11,1770016435838658000,1770016435831962000,49,Insert,u,50,"Dnes je vonku pekne, idem von so psom na dvor a bu"
WLA5tSeimOdSy4qCfthdd7C5WeB2,12,1770016461015943000,1770016461007076000,0,Insert,D,1,D
WLA5tSeimOdSy4qCfthdd7C5WeB2,12,1770016461100019000,1770016461096135000,1,Insert,b,2,Db
WLA5tSeimOdSy4qCfthdd7C5WeB2,12,1770016461190571000,1770016461186964000,2,Insert,e,3,Dbe
WLA5tSeimOdSy4qCfthdd7C5WeB2,12,1770016461352860000,1770016461348311000,3,Insert,s,4,Dbes
WLA5tSeimOdSy4qCfthdd7C5WeB2,12,1770016461422134000,1770016461417185000,4,Insert, ,5,Dbes 
WLA5tSeimOdSy4qCfthdd7C5WeB2,12,1770016461568151000,1770016461559556000,5,Insert,j,6,Dbes j
WLA5tSeimOdSy4qCfthdd7C5WeB2,12,1770016461655676000,1770016461652154000,6,Insert,e,7,Dbes je
WLA5tSeimOdSy4qCfthdd7C5WeB2,12,1770016461895086000,1770016461889185000,7,Delete,e,6,Dbes j
WLA5tSeimOdSy4qCfthdd7C5WeB2,12,1770016462059652000,1770016462055969000,6,Delete,j,5,Dbes 
WLA5tSeimOdSy4qCfthdd7C5WeB2,12,1770016462232647000,1770016462227020000,5,Delete, ,4,Dbes
WLA5tSeimOdSy4qCfthdd7C5WeB2,12,1770016462409125000,1770016462404797000,4,Delete,s,3,Dbe
WLA5tSeimOdSy4qCfthdd7C5WeB2,12,1770016462562143000,1770016462558665000,3,Delete,e,2,Db
WLA5tSeimOdSy4qCfthdd7C5WeB2,12,1770016462750101000,1770016462745831000,2,Delete,b,1,D
WLA5tSeimOdSy4qCfthdd7C5WeB2,12,1770016463487838000,1770016463477148000,1,Insert,b,2,Db
WLA5tSeimOdSy4qCfthdd7C5WeB2,12,1770016463576022000,1770016463572070000,2,Insert,e,3,Dbe
WLA5tSeimOdSy4qCfthdd7C5WeB2,12,1770016463796192000,1770016463789741000,3,Insert,s,4,Dbes
WLA5tSeimOdSy4qCfthdd7C5WeB2,12,1770016464081806000,1770016464077822000,4,Delete,s,3,Dbe
WLA5tSeimOdSy4qCfthdd7C5WeB2,12,1770016464262094000,1770016464259335000,3,Delete,e,2,Db
WLA5tSeimOdSy4qCfthdd7C5WeB2,12,1770016464451972000,1770016464446660000,2,Delete,b,1,D
WLA5tSeimOdSy4qCfthdd7C5WeB2,12,1770016464936095000,1770016464928893000,1,Insert,n,2,Dn
WLA5tSeimOdSy4qCfthdd7C5WeB2,12,1770016465376850000,1770016465370486000,2,Insert,e,3,Dne
WLA5tSeimOdSy4qCfthdd7C5WeB2,12,1770016465568254000,1770016465561527000,3,Insert,s,4,Dnes
WLA5tSeimOdSy4qCfthdd7C5WeB2,12,1770016465637445000,1770016465631937000,4,Insert, ,5,Dnes 
WLA5tSeimOdSy4qCfthdd7C5WeB2,12,1770016465786675000,1770016465782927000,5,Insert,j,6,Dnes j
WLA5tSeimOdSy4qCfthdd7C5WeB2,12,1770016465883058000,1770016465879172000,6,Insert,e,7,Dnes je
WLA5tSeimOdSy4qCfthdd7C5WeB2,12,1770016466648445000,1770016466639596000,7,Insert, ,8,Dnes je 
WLA5tSeimOdSy4qCfthdd7C5WeB2,12,1770016466975729000,1770016466967430000,8,Insert,v,9,Dnes je v
WLA5tSeimOdSy4qCfthdd7C5WeB2,12,1770016467039525000,1770016467035586000,9,Insert,o,10,Dnes je vo
WLA5tSeimOdSy4qCfthdd7C5WeB2,12,1770016467253690000,1770016467247220000,10,Insert,n,11,Dnes je von
WLA5tSeimOdSy4qCfthdd7C5WeB2,12,1770016467462257000,1770016467453436000,11,Insert,k,12,Dnes je vonk
WLA5tSeimOdSy4qCfthdd7C5WeB2,12,1770016467660777000,1770016467657014000,12,Insert,u,13,Dnes je vonku
WLA5tSeimOdSy4qCfthdd7C5WeB2,12,1770016467992108000,1770016467983686000,13,Insert, ,14,Dnes je vonku 
WLA5tSeimOdSy4qCfthdd7C5WeB2,12,1770016468240654000,1770016468232943000,14,Insert,p,15,Dnes je vonku p
WLA5tSeimOdSy4qCfthdd7C5WeB2,12,1770016468342837000,1770016468338982000,15,Insert,e,16,Dnes je vonku pe
WLA5tSeimOdSy4qCfthdd7C5WeB2,12,1770016468404687000,1770016468401084000,16,Insert,k,17,Dnes je vonku pek
WLA5tSeimOdSy4qCfthdd7C5WeB2,12,1770016468574210000,1770016468565946000,17,Insert,n,18,Dnes je vonku pekn
WLA5tSeimOdSy4qCfthdd7C5WeB2,12,1770016468697140000,1770016468692693000,18,Insert,e,19,Dnes je vonku pekne
WLA5tSeimOdSy4qCfthdd7C5WeB2,12,1770016469799425000,1770016469787088000,19,Insert,",",20,"Dnes je vonku pekne,"
WLA5tSeimOdSy4qCfthdd7C5WeB2,12,1770016469864490000,1770016469860108000,20,Insert, ,21,"Dnes je vonku pekne, "
WLA5tSeimOdSy4qCfthdd7C5WeB2,12,1770016470076553000,1770016470067812000,21,Insert,i,22,"Dnes je vonku pekne, i"
WLA5tSeimOdSy4qCfthdd7C5WeB2,12,1770016470162667000,1770016470152882000,22,Insert,d,23,"Dnes je vonku pekne, id"
WLA5tSeimOdSy4qCfthdd7C5WeB2,12,1770016470304631000,1770016470295026000,23,Insert,e,24,"Dnes je vonku pekne, ide"
WLA5tSeimOdSy4qCfthdd7C5WeB2,12,1770016470358425000,1770016470354054000,24,Insert,m,25,"Dnes je vonku pekne, idem"
WLA5tSeimOdSy4qCfthdd7C5WeB2,12,1770016471152052000,1770016471142185000,25,Insert, ,26,"Dnes je vonku pekne, idem "
WLA5tSeimOdSy4qCfthdd7C5WeB2,12,1770016471322862000,1770016471316832000,26,Insert,v,27,"Dnes je vonku pekne, idem v"
WLA5tSeimOdSy4qCfthdd7C5WeB2,12,1770016471530923000,1770016471524715000,27,Insert,o,28,"Dnes je vonku pekne, idem vo"
WLA5tSeimOdSy4qCfthdd7C5WeB2,12,1770016471698607000,1770016471694287000,28,Insert,b,29,"Dnes je vonku pekne, idem vob"
WLA5tSeimOdSy4qCfthdd7C5WeB2,12,1770016472534152000,1770016472528600000,29,Delete,b,28,"Dnes je vonku pekne, idem vo"
WLA5tSeimOdSy4qCfthdd7C5WeB2,12,1770016472910292000,1770016472904170000,28,Insert,n,29,"Dnes je vonku pekne, idem von"
WLA5tSeimOdSy4qCfthdd7C5WeB2,12,1770016474043384000,1770016474035337000,29,Insert, ,30,"Dnes je vonku pekne, idem von "
WLA5tSeimOdSy4qCfthdd7C5WeB2,12,1770016474201980000,1770016474197545000,30,Insert,s,31,"Dnes je vonku pekne, idem von s"
WLA5tSeimOdSy4qCfthdd7C5WeB2,12,1770016474284536000,1770016474280425000,31,Insert,o,32,"Dnes je vonku pekne, idem von so"
WLA5tSeimOdSy4qCfthdd7C5WeB2,12,1770016474838411000,1770016474830557000,32,Insert, ,33,"Dnes je vonku pekne, idem von so "
WLA5tSeimOdSy4qCfthdd7C5WeB2,12,1770016475065504000,1770016475055812000,33,Insert,p,34,"Dnes je vonku pekne, idem von so p"
WLA5tSeimOdSy4qCfthdd7C5WeB2,12,1770016475175834000,1770016475171267000,34,Insert,s,35,"Dnes je vonku pekne, idem von so ps"
WLA5tSeimOdSy4qCfthdd7C5WeB2,12,1770016475239441000,1770016475235974000,35,Insert,o,36,"Dnes je vonku pekne, idem von so pso"
WLA5tSeimOdSy4qCfthdd7C5WeB2,12,1770016475389926000,1770016475385826000,36,Insert,m,37,"Dnes je vonku pekne, idem von so psom"
WLA5tSeimOdSy4qCfthdd7C5WeB2,12,1770016476687179000,1770016476678498000,37,Insert, ,38,"Dnes je vonku pekne, idem von so psom "
WLA5tSeimOdSy4qCfthdd7C5WeB2,12,1770016476821233000,1770016476814438000,38,Insert,n,39,"Dnes je vonku pekne, idem von so psom n"
WLA5tSeimOdSy4qCfthdd7C5WeB2,12,1770016476921352000,1770016476915450000,39,Insert,a,40,"Dnes je vonku pekne, idem von so psom na"
WLA5tSeimOdSy4qCfthdd7C5WeB2,12,1770016477443099000,1770016477436030000,40,Insert, ,41,"Dnes je vonku pekne, idem von so psom na "
WLA5tSeimOdSy4qCfthdd7C5WeB2,12,1770016477609683000,1770016477604827000,41,Insert,d,42,"Dnes je vonku pekne, idem von so psom na d"
WLA5tSeimOdSy4qCfthdd7C5WeB2,12,1770016477726900000,1770016477721221000,42,Insert,v,43,"Dnes je vonku pekne, idem von so psom na dv"
WLA5tSeimOdSy4qCfthdd7C5WeB2,12,1770016477917420000,1770016477913199000,43,Insert,o,44,"Dnes je vonku pekne, idem von so psom na dvo"
WLA5tSeimOdSy4qCfthdd7C5WeB2,12,1770016478063611000,1770016478058419000,44,Insert,r,45,"Dnes je vonku pekne, idem von so psom na dvor"
WLA5tSeimOdSy4qCfthdd7C5WeB2,12,1770016480890250000,1770016480880083000,45,Insert, ,46,"Dnes je vonku pekne, idem von so psom na dvor "
WLA5tSeimOdSy4qCfthdd7C5WeB2,12,1770016481069475000,1770016481064163000,46,Insert,a,47,"Dnes je vonku pekne, idem von so psom na dvor a"
WLA5tSeimOdSy4qCfthdd7C5WeB2,12,1770016481115974000,1770016481108173000,47,Insert, ,48,"Dnes je vonku pekne, idem von so psom na dvor a "
WLA5tSeimOdSy4qCfthdd7C5WeB2,12,1770016481694252000,1770016481685660000,48,Insert,b,49,"Dnes je vonku pekne, idem von so psom na dvor a b"
WLA5tSeimOdSy4qCfthdd7C5WeB2,12,1770016481872144000,1770016481865785000,49,Insert,u,50,"Dnes je vonku pekne, idem von so psom na dvor a bu"
WLA5tSeimOdSy4qCfthdd7C5WeB2,13,1770016497812245000,1770016497802493000,0,Insert,D,1,D
WLA5tSeimOdSy4qCfthdd7C5WeB2,13,1770016497957898000,1770016497953131000,1,Insert,n,2,Dn
WLA5tSeimOdSy4qCfthdd7C5WeB2,13,1770016498052396000,1770016498048439000,2,Insert,e,3,Dne
WLA5tSeimOdSy4qCfthdd7C5WeB2,13,1770016498243391000,1770016498238601000,3,Insert,s,4,Dnes
WLA5tSeimOdSy4qCfthdd7C5WeB2,13,1770016498290110000,1770016498285596000,4,Insert, ,5,Dnes 
WLA5tSeimOdSy4qCfthdd7C5WeB2,13,1770016498455172000,1770016498449399000,5,Insert,j,6,Dnes j
WLA5tSeimOdSy4qCfthdd7C5WeB2,13,1770016498548613000,1770016498544172000,6,Insert,e,7,Dnes je
WLA5tSeimOdSy4qCfthdd7C5WeB2,13,1770016498926029000,1770016498920099000,7,Delete,e,6,Dnes j
WLA5tSeimOdSy4qCfthdd7C5WeB2,13,1770016499757488000,1770016499742283000,6,Insert,e,7,Dnes je
WLA5tSeimOdSy4qCfthdd7C5WeB2,13,1770016499814755000,1770016499810748000,7,Insert,n,8,Dnes jen
WLA5tSeimOdSy4qCfthdd7C5WeB2,13,1770016500148766000,1770016500142911000,8,Insert,v,9,Dnes jenv
WLA5tSeimOdSy4qCfthdd7C5WeB2,13,1770016500227183000,1770016500223102000,9,Insert,o,10,Dnes jenvo
WLA5tSeimOdSy4qCfthdd7C5WeB2,13,1770016500410920000,1770016500405905000,10,Insert,n,11,Dnes jenvon
WLA5tSeimOdSy4qCfthdd7C5WeB2,13,1770016500725677000,1770016500721186000,11,Delete,n,10,Dnes jenvo
WLA5tSeimOdSy4qCfthdd7C5WeB2,13,1770016500898750000,1770016500895939000,10,Delete,o,9,Dnes jenv
WLA5tSeimOdSy4qCfthdd7C5WeB2,13,1770016501064470000,1770016501061688000,9,Delete,v,8,Dnes jen
WLA5tSeimOdSy4qCfthdd7C5WeB2,13,1770016501252220000,1770016501249599000,8,Delete,n,7,Dnes je
WLA5tSeimOdSy4qCfthdd7C5WeB2,13,1770016501451540000,1770016501447442000,7,Delete,e,6,Dnes j
WLA5tSeimOdSy4qCfthdd7C5WeB2,13,1770016502384342000,1770016502376892000,6,Insert,e,7,Dnes je
WLA5tSeimOdSy4qCfthdd7C5WeB2,13,1770016502867157000,1770016502858674000,7,Insert, ,8,Dnes je 
WLA5tSeimOdSy4qCfthdd7C5WeB2,13,1770016503145123000,1770016503139574000,8,Insert,v,9,Dnes je v
WLA5tSeimOdSy4qCfthdd7C5WeB2,13,1770016503240340000,1770016503236257000,9,Insert,o,10,Dnes je vo
WLA5tSeimOdSy4qCfthdd7C5WeB2,13,1770016503489631000,1770016503480915000,10,Insert,n,11,Dnes je von
WLA5tSeimOdSy4qCfthdd7C5WeB2,13,1770016503707023000,1770016503701285000,11,Insert,k,12,Dnes je vonk
WLA5tSeimOdSy4qCfthdd7C5WeB2,13,1770016503909499000,1770016503905745000,12,Insert,u,13,Dnes je vonku
WLA5tSeimOdSy4qCfthdd7C5WeB2,13,1770016504325928000,1770016504319534000,13,Insert, ,14,Dnes je vonku 
WLA5tSeimOdSy4qCfthdd7C5WeB2,13,1770016504610080000,1770016504603639000,14,Insert,o,15,Dnes je vonku o
WLA5tSeimOdSy4qCfthdd7C5WeB2,13,1770016504745208000,1770016504741166000,15,Insert,e,16,Dnes je vonku oe
WLA5tSeimOdSy4qCfthdd7C5WeB2,13,1770016504797010000,1770016504793331000,16,Insert,k,17,Dnes je vonku oek
WLA5tSeimOdSy4qCfthdd7C5WeB2,13,1770016504990940000,1770016504986353000,17,Insert,n,18,Dnes je vonku oekn
WLA5tSeimOdSy4qCfthdd7C5WeB2,13,1770016505068164000,1770016505061421000,18,Insert,e,19,Dnes je vonku oekne
WLA5tSeimOdSy4qCfthdd7C5WeB2,13,1770016505304736000,1770016505299173000,19,Delete,e,18,Dnes je vonku oekn
WLA5tSeimOdSy4qCfthdd7C5WeB2,13,1770016505461810000,1770016505458710000,18,Delete,n,17,Dnes je vonku oek
WLA5tSeimOdSy4qCfthdd7C5WeB2,13,1770016505656778000,1770016505652833000,17,Delete,k,16,Dnes je vonku oe
WLA5tSeimOdSy4qCfthdd7C5WeB2,13,1770016505827163000,1770016505824211000,16,Delete,e,15,Dnes je vonku o
WLA5tSeimOdSy4qCfthdd7C5WeB2,13,1770016506026664000,1770016506023855000,15,Delete,o,14,Dnes je vonku 
WLA5tSeimOdSy4qCfthdd7C5WeB2,13,1770016506515978000,1770016506509208000,14,Insert,p,15,Dnes je vonku p
WLA5tSeimOdSy4qCfthdd7C5WeB2,13,1770016506634391000,1770016506629970000,15,Insert,e,16,Dnes je vonku pe
WLA5tSeimOdSy4qCfthdd7C5WeB2,13,1770016506750393000,1770016506746158000,16,Insert,k,17,Dnes je vonku pek
WLA5tSeimOdSy4qCfthdd7C5WeB2,13,1770016506964229000,1770016506957871000,17,Insert,n,18,Dnes je vonku pekn
WLA5tSeimOdSy4qCfthdd7C5WeB2,13,1770016507076048000,1770016507072017000,18,Insert,e,19,Dnes je vonku pekne
WLA5tSeimOdSy4qCfthdd7C5WeB2,13,1770016508206394000,1770016508196367000,19,Insert,",",20,"Dnes je vonku pekne,"
WLA5tSeimOdSy4qCfthdd7C5WeB2,13,1770016508285209000,1770016508280511000,20,Insert, ,21,"Dnes je vonku pekne, "
WLA5tSeimOdSy4qCfthdd7C5WeB2,13,1770016508526089000,1770016508519418000,21,Insert,i,22,"Dnes je vonku pekne, i"
WLA5tSeimOdSy4qCfthdd7C5WeB2,13,1770016508621075000,1770016508616982000,22,Insert,d,23,"Dnes je vonku pekne, id"
WLA5tSeimOdSy4qCfthdd7C5WeB2,13,1770016508819756000,1770016508811419000,23,Insert,e,24,"Dnes je vonku pekne, ide"
WLA5tSeimOdSy4qCfthdd7C5WeB2,13,1770016508881213000,1770016508877171000,24,Insert,n,25,"Dnes je vonku pekne, iden"
WLA5tSeimOdSy4qCfthdd7C5WeB2,13,1770016510389213000,1770016510383305000,25,Delete,n,24,"Dnes je vonku pekne, ide"
WLA5tSeimOdSy4qCfthdd7C5WeB2,13,1770016511764265000,1770016511757225000,24,Insert,m,25,"Dnes je vonku pekne, idem"
WLA5tSeimOdSy4qCfthdd7C5WeB2,13,1770016513660395000,1770016513645482000,25,Insert, ,26,"Dnes je vonku pekne, idem "
WLA5tSeimOdSy4qCfthdd7C5WeB2,13,1770016514078057000,1770016514072078000,26,Insert,v,27,"Dnes je vonku pekne, idem v"
WLA5tSeimOdSy4qCfthdd7C5WeB2,13,1770016514183576000,1770016514179293000,27,Insert,o,28,"Dnes je vonku pekne, idem vo"
WLA5tSeimOdSy4qCfthdd7C5WeB2,13,1770016514754194000,1770016514743727000,28,Insert,n,29,"Dnes je vonku pekne, idem von"
WLA5tSeimOdSy4qCfthdd7C5WeB2,13,1770016514927076000,1770016514919109000,29,Insert, ,30,"Dnes je vonku pekne, idem von "
WLA5tSeimOdSy4qCfthdd7C5WeB2,13,1770016515070128000,1770016515065579000,30,Insert,s,31,"Dnes je vonku pekne, idem von s"
WLA5tSeimOdSy4qCfthdd7C5WeB2,13,1770016515180382000,1770016515175929000,31,Insert,o,32,"Dnes je vonku pekne, idem von so"
WLA5tSeimOdSy4qCfthdd7C5WeB2,13,1770016515639122000,1770016515630858000,32,Insert, ,33,"Dnes je vonku pekne, idem von so "
WLA5tSeimOdSy4qCfthdd7C5WeB2,13,1770016515900034000,1770016515891886000,33,Insert,p,34,"Dnes je vonku pekne, idem von so p"
WLA5tSeimOdSy4qCfthdd7C5WeB2,13,1770016515961479000,1770016515954073000,34,Insert,s,35,"Dnes je vonku pekne, idem von so ps"
WLA5tSeimOdSy4qCfthdd7C5WeB2,13,1770016516086897000,1770016516082746000,35,Insert,o,36,"Dnes je vonku pekne, idem von so pso"
WLA5tSeimOdSy4qCfthdd7C5WeB2,13,1770016516755548000,1770016516745572000,36,Insert,m,37,"Dnes je vonku pekne, idem von so psom"
WLA5tSeimOdSy4qCfthdd7C5WeB2,13,1770016516969378000,1770016516963903000,37,Insert, ,38,"Dnes je vonku pekne, idem von so psom "
WLA5tSeimOdSy4qCfthdd7C5WeB2,13,1770016517152801000,1770016517141609000,38,Insert,n,39,"Dnes je vonku pekne, idem von so psom n"
WLA5tSeimOdSy4qCfthdd7C5WeB2,13,1770016517254256000,1770016517249844000,39,Insert,a,40,"Dnes je vonku pekne, idem von so psom na"
WLA5tSeimOdSy4qCfthdd7C5WeB2,13,1770016517360715000,1770016517354726000,40,Insert, ,41,"Dnes je vonku pekne, idem von so psom na "
WLA5tSeimOdSy4qCfthdd7C5WeB2,13,1770016517515943000,1770016517511558000,41,Insert,d,42,"Dnes je vonku pekne, idem von so psom na d"
WLA5tSeimOdSy4qCfthdd7C5WeB2,13,1770016517606373000,1770016517601746000,42,Insert,v,43,"Dnes je vonku pekne, idem von so psom na dv"
WLA5tSeimOdSy4qCfthdd7C5WeB2,13,1770016517821606000,1770016517814996000,43,Insert,o,44,"Dnes je vonku pekne, idem von so psom na dvo"
WLA5tSeimOdSy4qCfthdd7C5WeB2,13,1770016517905596000,1770016517899849000,44,Insert,r,45,"Dnes je vonku pekne, idem von so psom na dvor"
WLA5tSeimOdSy4qCfthdd7C5WeB2,13,1770016518531834000,1770016518522110000,45,Insert, ,46,"Dnes je vonku pekne, idem von so psom na dvor "
WLA5tSeimOdSy4qCfthdd7C5WeB2,13,1770016518677650000,1770016518672757000,46,Insert,a,47,"Dnes je vonku pekne, idem von so psom na dvor a"
WLA5tSeimOdSy4qCfthdd7C5WeB2,13,1770016518752169000,1770016518744533000,47,Insert, ,48,"Dnes je vonku pekne, idem von so psom na dvor a "
WLA5tSeimOdSy4qCfthdd7C5WeB2,13,1770016518945775000,1770016518940707000,48,Insert,b,49,"Dnes je vonku pekne, idem von so psom na dvor a b"
WLA5tSeimOdSy4qCfthdd7C5WeB2,13,1770016519128001000,1770016519123009000,49,Insert,u,50,"Dnes je vonku pekne, idem von so psom na dvor a bu"
WLA5tSeimOdSy4qCfthdd7C5WeB2,14,1770016540356354000,1770016540347062000,0,Insert,D,1,D
WLA5tSeimOdSy4qCfthdd7C5WeB2,14,1770016540444186000,1770016540438366000,1,Insert,n,2,Dn
WLA5tSeimOdSy4qCfthdd7C5WeB2,14,1770016540516931000,1770016540513452000,2,Insert,e,3,Dne
WLA5tSeimOdSy4qCfthdd7C5WeB2,14,1770016540714338000,1770016540709986000,3,Insert,s,4,Dnes
WLA5tSeimOdSy4qCfthdd7C5WeB2,14,1770016540775682000,1770016540771428000,4,Insert, ,5,Dnes 
WLA5tSeimOdSy4qCfthdd7C5WeB2,14,1770016540987636000,1770016540978869000,5,Insert,e,6,Dnes e
WLA5tSeimOdSy4qCfthdd7C5WeB2,14,1770016541391616000,1770016541387597000,6,Delete,e,5,Dnes 
WLA5tSeimOdSy4qCfthdd7C5WeB2,14,1770016541635844000,1770016541628962000,5,Insert,j,6,Dnes j
WLA5tSeimOdSy4qCfthdd7C5WeB2,14,1770016541741324000,1770016541733692000,6,Insert,e,7,Dnes je
WLA5tSeimOdSy4qCfthdd7C5WeB2,14,1770016541889016000,1770016541883110000,7,Insert, ,8,Dnes je 
WLA5tSeimOdSy4qCfthdd7C5WeB2,14,1770016542146642000,1770016542138807000,8,Insert,v,9,Dnes je v
WLA5tSeimOdSy4qCfthdd7C5WeB2,14,1770016542229327000,1770016542224688000,9,Insert,o,10,Dnes je vo
WLA5tSeimOdSy4qCfthdd7C5WeB2,14,1770016542807686000,1770016542802247000,10,Insert,n,11,Dnes je von
WLA5tSeimOdSy4qCfthdd7C5WeB2,14,1770016542994575000,1770016542988764000,11,Insert,k,12,Dnes je vonk
WLA5tSeimOdSy4qCfthdd7C5WeB2,14,1770016543178701000,1770016543174645000,12,Insert,u,13,Dnes je vonku
WLA5tSeimOdSy4qCfthdd7C5WeB2,14,1770016543479667000,1770016543472714000,13,Insert, ,14,Dnes je vonku 
WLA5tSeimOdSy4qCfthdd7C5WeB2,14,1770016543727697000,1770016543719332000,14,Insert,o,15,Dnes je vonku o
WLA5tSeimOdSy4qCfthdd7C5WeB2,14,1770016543805631000,1770016543800815000,15,Insert,e,16,Dnes je vonku oe
WLA5tSeimOdSy4qCfthdd7C5WeB2,14,1770016543906302000,1770016543902189000,16,Insert,k,17,Dnes je vonku oek
WLA5tSeimOdSy4qCfthdd7C5WeB2,14,1770016544127083000,1770016544113972000,17,Insert,n,18,Dnes je vonku oekn
WLA5tSeimOdSy4qCfthdd7C5WeB2,14,1770016544224600000,1770016544220368000,18,Insert,e,19,Dnes je vonku oekne
WLA5tSeimOdSy4qCfthdd7C5WeB2,14,1770016544493707000,1770016544488543000,19,Delete,e,18,Dnes je vonku oekn
WLA5tSeimOdSy4qCfthdd7C5WeB2,14,1770016544648001000,1770016544644654000,18,Delete,n,17,Dnes je vonku oek
WLA5tSeimOdSy4qCfthdd7C5WeB2,14,1770016544835460000,1770016544832187000,17,Delete,k,16,Dnes je vonku oe
WLA5tSeimOdSy4qCfthdd7C5WeB2,14,1770016545017179000,1770016545013926000,16,Delete,e,15,Dnes je vonku o
WLA5tSeimOdSy4qCfthdd7C5WeB2,14,1770016545227000000,1770016545223134000,15,Delete,o,14,Dnes je vonku 
WLA5tSeimOdSy4qCfthdd7C5WeB2,14,1770016545716296000,1770016545705031000,14,Insert,p,15,Dnes je vonku p
WLA5tSeimOdSy4qCfthdd7C5WeB2,14,1770016545826416000,1770016545820297000,15,Insert,e,16,Dnes je vonku pe
WLA5tSeimOdSy4qCfthdd7C5WeB2,14,1770016545904990000,1770016545898291000,16,Insert,k,17,Dnes je vonku pek
WLA5tSeimOdSy4qCfthdd7C5WeB2,14,1770016546098838000,1770016546092837000,17,Insert,n,18,Dnes je vonku pekn
WLA5tSeimOdSy4qCfthdd7C5WeB2,14,1770016546240269000,1770016546235369000,18,Insert,e,19,Dnes je vonku pekne
WLA5tSeimOdSy4qCfthdd7C5WeB2,14,1770016547448054000,1770016547430915000,19,Insert,",",20,"Dnes je vonku pekne,"
WLA5tSeimOdSy4qCfthdd7C5WeB2,14,1770016547535190000,1770016547530727000,20,Insert, ,21,"Dnes je vonku pekne, "
WLA5tSeimOdSy4qCfthdd7C5WeB2,14,1770016547791524000,1770016547781813000,21,Insert,j,22,"Dnes je vonku pekne, j"
WLA5tSeimOdSy4qCfthdd7C5WeB2,14,1770016547862986000,1770016547858328000,22,Insert,d,23,"Dnes je vonku pekne, jd"
WLA5tSeimOdSy4qCfthdd7C5WeB2,14,1770016548075702000,1770016548071490000,23,Insert,e,24,"Dnes je vonku pekne, jde"
WLA5tSeimOdSy4qCfthdd7C5WeB2,14,1770016548143141000,1770016548139390000,24,Insert,n,25,"Dnes je vonku pekne, jden"
WLA5tSeimOdSy4qCfthdd7C5WeB2,14,1770016548437219000,1770016548433083000,25,Delete,n,24,"Dnes je vonku pekne, jde"
WLA5tSeimOdSy4qCfthdd7C5WeB2,14,1770016548595360000,1770016548592480000,24,Delete,e,23,"Dnes je vonku pekne, jd"
WLA5tSeimOdSy4qCfthdd7C5WeB2,14,1770016548773418000,1770016548769989000,23,Delete,d,22,"Dnes je vonku pekne, j"
WLA5tSeimOdSy4qCfthdd7C5WeB2,14,1770016548967971000,1770016548964735000,22,Delete,j,21,"Dnes je vonku pekne, "
WLA5tSeimOdSy4qCfthdd7C5WeB2,14,1770016549457102000,1770016549450823000,21,Insert,i,22,"Dnes je vonku pekne, i"
WLA5tSeimOdSy4qCfthdd7C5WeB2,14,1770016549981660000,1770016549976268000,22,Insert,d,23,"Dnes je vonku pekne, id"
WLA5tSeimOdSy4qCfthdd7C5WeB2,14,1770016550170300000,1770016550164680000,23,Insert,e,24,"Dnes je vonku pekne, ide"
WLA5tSeimOdSy4qCfthdd7C5WeB2,14,1770016550244348000,1770016550238737000,24,Insert,m,25,"Dnes je vonku pekne, idem"
WLA5tSeimOdSy4qCfthdd7C5WeB2,14,1770016553348474000,1770016553340334000,25,Insert, ,26,"Dnes je vonku pekne, idem "
WLA5tSeimOdSy4qCfthdd7C5WeB2,14,1770016553561179000,1770016553555271000,26,Insert,v,27,"Dnes je vonku pekne, idem v"
WLA5tSeimOdSy4qCfthdd7C5WeB2,14,1770016553653854000,1770016553645525000,27,Insert,o,28,"Dnes je vonku pekne, idem vo"
WLA5tSeimOdSy4qCfthdd7C5WeB2,14,1770016553825222000,1770016553820725000,28,Insert,n,29,"Dnes je vonku pekne, idem von"
WLA5tSeimOdSy4qCfthdd7C5WeB2,14,1770016555121837000,1770016555110077000,29,Insert, ,30,"Dnes je vonku pekne, idem von "
WLA5tSeimOdSy4qCfthdd7C5WeB2,14,1770016555250204000,1770016555242714000,30,Insert,s,31,"Dnes je vonku pekne, idem von s"
WLA5tSeimOdSy4qCfthdd7C5WeB2,14,1770016555314876000,1770016555308903000,31,Insert,o,32,"Dnes je vonku pekne, idem von so"
WLA5tSeimOdSy4qCfthdd7C5WeB2,14,1770016555877426000,1770016555867478000,32,Insert, ,33,"Dnes je vonku pekne, idem von so "
WLA5tSeimOdSy4qCfthdd7C5WeB2,14,1770016556132503000,1770016556120237000,33,Insert,p,34,"Dnes je vonku pekne, idem von so p"
WLA5tSeimOdSy4qCfthdd7C5WeB2,14,1770016556218882000,1770016556211104000,34,Insert,s,35,"Dnes je vonku pekne, idem von so ps"
WLA5tSeimOdSy4qCfthdd7C5WeB2,14,1770016556298712000,1770016556292694000,35,Insert,k,36,"Dnes je vonku pekne, idem von so psk"
WLA5tSeimOdSy4qCfthdd7C5WeB2,14,1770016557025814000,1770016557020786000,36,Delete,k,35,"Dnes je vonku pekne, idem von so ps"
WLA5tSeimOdSy4qCfthdd7C5WeB2,14,1770016557333138000,1770016557326292000,35,Insert,o,36,"Dnes je vonku pekne, idem von so pso"
WLA5tSeimOdSy4qCfthdd7C5WeB2,14,1770016557520078000,1770016557515978000,36,Insert,m,37,"Dnes je vonku pekne, idem von so psom"
WLA5tSeimOdSy4qCfthdd7C5WeB2,14,1770016559002585000,1770016558991915000,37,Insert, ,38,"Dnes je vonku pekne, idem von so psom "
WLA5tSeimOdSy4qCfthdd7C5WeB2,14,1770016559178242000,1770016559172788000,38,Insert,n,39,"Dnes je vonku pekne, idem von so psom n"
WLA5tSeimOdSy4qCfthdd7C5WeB2,14,1770016559281518000,1770016559273136000,39,Insert,a,40,"Dnes je vonku pekne, idem von so psom na"
WLA5tSeimOdSy4qCfthdd7C5WeB2,14,1770016559724297000,1770016559717815000,40,Insert, ,41,"Dnes je vonku pekne, idem von so psom na "
WLA5tSeimOdSy4qCfthdd7C5WeB2,14,1770016559948131000,1770016559941565000,41,Insert,d,42,"Dnes je vonku pekne, idem von so psom na d"
WLA5tSeimOdSy4qCfthdd7C5WeB2,14,1770016560077226000,1770016560070490000,42,Insert,v,43,"Dnes je vonku pekne, idem von so psom na dv"
WLA5tSeimOdSy4qCfthdd7C5WeB2,14,1770016560268618000,1770016560263685000,43,Insert,o,44,"Dnes je vonku pekne, idem von so psom na dvo"
WLA5tSeimOdSy4qCfthdd7C5WeB2,14,1770016560467931000,1770016560463725000,44,Insert,r,45,"Dnes je vonku pekne, idem von so psom na dvor"
WLA5tSeimOdSy4qCfthdd7C5WeB2,14,1770016561400814000,1770016561395406000,45,Insert, ,46,"Dnes je vonku pekne, idem von so psom na dvor "
WLA5tSeimOdSy4qCfthdd7C5WeB2,14,1770016561619384000,1770016561614334000,46,Insert,a,47,"Dnes je vonku pekne, idem von so psom na dvor a"
WLA5tSeimOdSy4qCfthdd7C5WeB2,14,1770016561726022000,1770016561721660000,47,Insert, ,48,"Dnes je vonku pekne, idem von so psom na dvor a "
WLA5tSeimOdSy4qCfthdd7C5WeB2,14,1770016561915818000,1770016561911120000,48,Insert,b,49,"Dnes je vonku pekne, idem von so psom na dvor a b"
WLA5tSeimOdSy4qCfthdd7C5WeB2,14,1770016562110774000,1770016562099800000,49,Insert,u,50,"Dnes je vonku pekne, idem von so psom na dvor a bu"
WLA5tSeimOdSy4qCfthdd7C5WeB2,15,1770016573983767000,1770016573979630000,0,Insert,D,1,D
WLA5tSeimOdSy4qCfthdd7C5WeB2,15,1770016574063683000,1770016574059685000,1,Insert,n,2,Dn
WLA5tSeimOdSy4qCfthdd7C5WeB2,15,1770016574155365000,1770016574151623000,2,Insert,e,3,Dne
WLA5tSeimOdSy4qCfthdd7C5WeB2,15,1770016574332957000,1770016574328394000,3,Insert,s,4,Dnes
WLA5tSeimOdSy4qCfthdd7C5WeB2,15,1770016574396974000,1770016574392639000,4,Insert, ,5,Dnes 
WLA5tSeimOdSy4qCfthdd7C5WeB2,15,1770016574542741000,1770016574536792000,5,Insert,j,6,Dnes j
WLA5tSeimOdSy4qCfthdd7C5WeB2,15,1770016574635432000,1770016574631424000,6,Insert,e,7,Dnes je
WLA5tSeimOdSy4qCfthdd7C5WeB2,15,1770016575500195000,1770016575490984000,7,Insert, ,8,Dnes je 
WLA5tSeimOdSy4qCfthdd7C5WeB2,15,1770016575821105000,1770016575814723000,8,Insert,v,9,Dnes je v
WLA5tSeimOdSy4qCfthdd7C5WeB2,15,1770016575918225000,1770016575913900000,9,Insert,o,10,Dnes je vo
WLA5tSeimOdSy4qCfthdd7C5WeB2,15,1770016576159716000,1770016576153017000,10,Insert,n,11,Dnes je von
WLA5tSeimOdSy4qCfthdd7C5WeB2,15,1770016576382148000,1770016576372088000,11,Insert,k,12,Dnes je vonk
WLA5tSeimOdSy4qCfthdd7C5WeB2,15,1770016576573348000,1770016576569198000,12,Insert,u,13,Dnes je vonku
WLA5tSeimOdSy4qCfthdd7C5WeB2,15,1770016577883299000,1770016577873597000,13,Insert, ,14,Dnes je vonku 
WLA5tSeimOdSy4qCfthdd7C5WeB2,15,1770016578154564000,1770016578146032000,14,Insert,p,15,Dnes je vonku p
WLA5tSeimOdSy4qCfthdd7C5WeB2,15,1770016578245680000,1770016578241680000,15,Insert,e,16,Dnes je vonku pe
WLA5tSeimOdSy4qCfthdd7C5WeB2,15,1770016578350210000,1770016578345938000,16,Insert,k,17,Dnes je vonku pek
WLA5tSeimOdSy4qCfthdd7C5WeB2,15,1770016578554504000,1770016578546665000,17,Insert,n,18,Dnes je vonku pekn
WLA5tSeimOdSy4qCfthdd7C5WeB2,15,1770016578663500000,1770016578658892000,18,Insert,e,19,Dnes je vonku pekne
WLA5tSeimOdSy4qCfthdd7C5WeB2,15,1770016579508123000,1770016579495915000,19,Insert,",",20,"Dnes je vonku pekne,"
WLA5tSeimOdSy4qCfthdd7C5WeB2,15,1770016579586525000,1770016579582218000,20,Insert, ,21,"Dnes je vonku pekne, "
WLA5tSeimOdSy4qCfthdd7C5WeB2,15,1770016579815343000,1770016579806497000,21,Insert,i,22,"Dnes je vonku pekne, i"
WLA5tSeimOdSy4qCfthdd7C5WeB2,15,1770016579903201000,1770016579898496000,22,Insert,d,23,"Dnes je vonku pekne, id"
WLA5tSeimOdSy4qCfthdd7C5WeB2,15,1770016580063240000,1770016580058661000,23,Insert,e,24,"Dnes je vonku pekne, ide"
WLA5tSeimOdSy4qCfthdd7C5WeB2,15,1770016580120468000,1770016580115728000,24,Insert,m,25,"Dnes je vonku pekne, idem"
WLA5tSeimOdSy4qCfthdd7C5WeB2,15,1770016581113117000,1770016581102822000,25,Insert, ,26,"Dnes je vonku pekne, idem "
WLA5tSeimOdSy4qCfthdd7C5WeB2,15,1770016581379702000,1770016581372030000,26,Insert,v,27,"Dnes je vonku pekne, idem v"
WLA5tSeimOdSy4qCfthdd7C5WeB2,15,1770016581470035000,1770016581462896000,27,Insert,o,28,"Dnes je vonku pekne, idem vo"
WLA5tSeimOdSy4qCfthdd7C5WeB2,15,1770016581681579000,1770016581675340000,28,Insert,n,29,"Dnes je vonku pekne, idem von"
WLA5tSeimOdSy4qCfthdd7C5WeB2,15,1770016582247683000,1770016582239747000,29,Insert, ,30,"Dnes je vonku pekne, idem von "
WLA5tSeimOdSy4qCfthdd7C5WeB2,15,1770016582345331000,1770016582340968000,30,Insert,s,31,"Dnes je vonku pekne, idem von s"
WLA5tSeimOdSy4qCfthdd7C5WeB2,15,1770016582444450000,1770016582439730000,31,Insert,o,32,"Dnes je vonku pekne, idem von so"
WLA5tSeimOdSy4qCfthdd7C5WeB2,15,1770016583049458000,1770016583041234000,32,Insert, ,33,"Dnes je vonku pekne, idem von so "
WLA5tSeimOdSy4qCfthdd7C5WeB2,15,1770016583284644000,1770016583277993000,33,Insert,p,34,"Dnes je vonku pekne, idem von so p"
WLA5tSeimOdSy4qCfthdd7C5WeB2,15,1770016583376073000,1770016583371030000,34,Insert,s,35,"Dnes je vonku pekne, idem von so ps"
WLA5tSeimOdSy4qCfthdd7C5WeB2,15,1770016583455494000,1770016583451819000,35,Insert,o,36,"Dnes je vonku pekne, idem von so pso"
WLA5tSeimOdSy4qCfthdd7C5WeB2,15,1770016583606620000,1770016583601552000,36,Insert,m,37,"Dnes je vonku pekne, idem von so psom"
WLA5tSeimOdSy4qCfthdd7C5WeB2,15,1770016584707438000,1770016584698208000,37,Insert, ,38,"Dnes je vonku pekne, idem von so psom "
WLA5tSeimOdSy4qCfthdd7C5WeB2,15,1770016584885231000,1770016584871234000,38,Insert,n,39,"Dnes je vonku pekne, idem von so psom n"
WLA5tSeimOdSy4qCfthdd7C5WeB2,15,1770016584968190000,1770016584964011000,39,Insert,a,40,"Dnes je vonku pekne, idem von so psom na"
WLA5tSeimOdSy4qCfthdd7C5WeB2,15,1770016585096152000,1770016585087785000,40,Insert, ,41,"Dnes je vonku pekne, idem von so psom na "
WLA5tSeimOdSy4qCfthdd7C5WeB2,15,1770016585304137000,1770016585300431000,41,Insert,d,42,"Dnes je vonku pekne, idem von so psom na d"
WLA5tSeimOdSy4qCfthdd7C5WeB2,15,1770016585474219000,1770016585464075000,42,Insert,v,43,"Dnes je vonku pekne, idem von so psom na dv"
WLA5tSeimOdSy4qCfthdd7C5WeB2,15,1770016585714555000,1770016585705735000,43,Insert,o,44,"Dnes je vonku pekne, idem von so psom na dvo"
WLA5tSeimOdSy4qCfthdd7C5WeB2,15,1770016586490259000,1770016586482174000,44,Insert,r,45,"Dnes je vonku pekne, idem von so psom na dvor"
WLA5tSeimOdSy4qCfthdd7C5WeB2,15,1770016588735198000,1770016588726541000,45,Insert, ,46,"Dnes je vonku pekne, idem von so psom na dvor "
WLA5tSeimOdSy4qCfthdd7C5WeB2,15,1770016588996630000,1770016588985606000,46,Insert,a,47,"Dnes je vonku pekne, idem von so psom na dvor a"
WLA5tSeimOdSy4qCfthdd7C5WeB2,15,1770016589554249000,1770016589545921000,47,Insert, ,48,"Dnes je vonku pekne, idem von so psom na dvor a "
WLA5tSeimOdSy4qCfthdd7C5WeB2,15,1770016589770958000,1770016589764468000,48,Insert,b,49,"Dnes je vonku pekne, idem von so psom na dvor a b"
WLA5tSeimOdSy4qCfthdd7C5WeB2,15,1770016589982580000,1770016589972687000,49,Insert,u,50,"Dnes je vonku pekne, idem von so psom na dvor a bu"
