UserId,RoundId,TimestampAfterNs,TimestampBeforeNs,ContentLengthBefore,ActionType,KeyChar,CursorPosition,InputContent
QcUKYLclszMKbeOKMPTEIZyiKKU2,1,1771162367189182000,1771162367173673000,0,Insert,V,1,V
QcUKYLclszMKbeOKMPTEIZyiKKU2,1,1771162367474427000,1771162367469700000,1,Insert,o,2,Vo
QcUKYLclszMKbeOKMPTEIZyiKKU2,1,1771162367674083000,1771162367669109000,2,Insert,l,3,Vol
QcUKYLclszMKbeOKMPTEIZyiKKU2,1,1771162367855186000,1771162367851815000,3,Insert,a,4,Vola
QcUKYLclszMKbeOKMPTEIZyiKKU2,1,1771162368076086000,1771162368070631000,4,Insert,m,5,Volam
QcUKYLclszMKbeOKMPTEIZyiKKU2,1,1771162368493624000,1771162368486330000,5,Insert, ,6,Volam 
QcUKYLclszMKbeOKMPTEIZyiKKU2,1,1771162368626739000,1771162368619532000,6,Insert,s,7,Volam s
QcUKYLclszMKbeOKMPTEIZyiKKU2,1,1771162368781462000,1771162368778062000,7,Insert,a,8,Volam sa
QcUKYLclszMKbeOKMPTEIZyiKKU2,1,1771162368909967000,1771162368906389000,8,Insert, ,9,Volam sa 
QcUKYLclszMKbeOKMPTEIZyiKKU2,1,1771162369064556000,1771162369061136000,9,Insert,s,10,Volam sa s
QcUKYLclszMKbeOKMPTEIZyiKKU2,1,1771162369308543000,1771162369301698000,10,Insert,a,11,Volam sa sa
QcUKYLclszMKbeOKMPTEIZyiKKU2,1,1771162369418237000,1771162369414814000,11,Insert,m,12,Volam sa sam
QcUKYLclszMKbeOKMPTEIZyiKKU2,1,1771162369601234000,1771162369597641000,12,Insert,u,13,Volam sa samu
QcUKYLclszMKbeOKMPTEIZyiKKU2,1,1771162369804197000,1771162369798641000,13,Insert,e,14,Volam sa samue
QcUKYLclszMKbeOKMPTEIZyiKKU2,1,1771162369919370000,1771162369915735000,14,Insert,l,15,Volam sa samuel
QcUKYLclszMKbeOKMPTEIZyiKKU2,1,1771162370916201000,1771162370907186000,15,Insert, ,16,Volam sa samuel 
QcUKYLclszMKbeOKMPTEIZyiKKU2,1,1771162371395574000,1771162371389059000,16,Insert,m,17,Volam sa samuel m
QcUKYLclszMKbeOKMPTEIZyiKKU2,1,1771162371469177000,1771162371464467000,17,Insert,a,18,Volam sa samuel ma
QcUKYLclszMKbeOKMPTEIZyiKKU2,1,1771162371586797000,1771162371581690000,18,Insert,m,19,Volam sa samuel mam
QcUKYLclszMKbeOKMPTEIZyiKKU2,1,1771162371982684000,1771162371975551000,19,Insert, ,20,Volam sa samuel mam 
QcUKYLclszMKbeOKMPTEIZyiKKU2,1,1771162372310462000,1771162372306073000,20,Insert,p,21,Volam sa samuel mam p
QcUKYLclszMKbeOKMPTEIZyiKKU2,1,1771162372406991000,1771162372403447000,21,Insert,s,22,Volam sa samuel mam ps
QcUKYLclszMKbeOKMPTEIZyiKKU2,1,1771162372589959000,1771162372585147000,22,Insert,a,23,Volam sa samuel mam psa
QcUKYLclszMKbeOKMPTEIZyiKKU2,1,1771162372699812000,1771162372696091000,23,Insert, ,24,Volam sa samuel mam psa 
QcUKYLclszMKbeOKMPTEIZyiKKU2,1,1771162373247467000,1771162373243261000,24,Insert,a,25,Volam sa samuel mam psa a
QcUKYLclszMKbeOKMPTEIZyiKKU2,1,1771162373360137000,1771162373356472000,25,Insert,u,26,Volam sa samuel mam psa au
QcUKYLclszMKbeOKMPTEIZyiKKU2,1,1771162373693383000,1771162373686191000,26,Insert,r,27,Volam sa samuel mam psa aur
QcUKYLclszMKbeOKMPTEIZyiKKU2,1,1771162373890452000,1771162373886431000,27,Insert,e,28,Volam sa samuel mam psa aure
QcUKYLclszMKbeOKMPTEIZyiKKU2,1,1771162374032338000,1771162374028282000,28,Insert,l,29,Volam sa samuel mam psa aurel
QcUKYLclszMKbeOKMPTEIZyiKKU2,1,1771162374225031000,1771162374221415000,29,Insert,a,30,Volam sa samuel mam psa aurela
QcUKYLclszMKbeOKMPTEIZyiKKU2,1,1771162374745946000,1771162374742112000,30,Insert, ,31,Volam sa samuel mam psa aurela 
QcUKYLclszMKbeOKMPTEIZyiKKU2,1,1771162375090760000,1771162375084699000,31,Insert,a,32,Volam sa samuel mam psa aurela a
QcUKYLclszMKbeOKMPTEIZyiKKU2,1,1771162375211641000,1771162375202687000,32,Insert, ,33,Volam sa samuel mam psa aurela a 
QcUKYLclszMKbeOKMPTEIZyiKKU2,1,1771162375522977000,1771162375517114000,33,Insert,i,34,Volam sa samuel mam psa aurela a i
QcUKYLclszMKbeOKMPTEIZyiKKU2,1,1771162375714008000,1771162375709577000,34,Insert,d,35,Volam sa samuel mam psa aurela a id
QcUKYLclszMKbeOKMPTEIZyiKKU2,1,1771162375962729000,1771162375957146000,35,Insert,e,36,Volam sa samuel mam psa aurela a ide
QcUKYLclszMKbeOKMPTEIZyiKKU2,1,1771162376086474000,1771162376082033000,36,Insert,m,37,Volam sa samuel mam psa aurela a idem
QcUKYLclszMKbeOKMPTEIZyiKKU2,1,1771162376268241000,1771162376264222000,37,Insert, ,38,Volam sa samuel mam psa aurela a idem 
QcUKYLclszMKbeOKMPTEIZyiKKU2,1,1771162376503341000,1771162376497608000,38,Insert,s,39,Volam sa samuel mam psa aurela a idem s
QcUKYLclszMKbeOKMPTEIZyiKKU2,1,1771162376828285000,1771162376821932000,39,Insert,n,40,Volam sa samuel mam psa aurela a idem sn
QcUKYLclszMKbeOKMPTEIZyiKKU2,1,1771162377409522000,1771162377405199000,40,Delete,n,39,Volam sa samuel mam psa aurela a idem s
QcUKYLclszMKbeOKMPTEIZyiKKU2,1,1771162377603153000,1771162377598158000,39,Insert, ,40,Volam sa samuel mam psa aurela a idem s 
QcUKYLclszMKbeOKMPTEIZyiKKU2,1,1771162377821537000,1771162377817465000,40,Insert,n,41,Volam sa samuel mam psa aurela a idem s n
QcUKYLclszMKbeOKMPTEIZyiKKU2,1,1771162378163402000,1771162378158381000,41,Insert,i,42,Volam sa samuel mam psa aurela a idem s ni
QcUKYLclszMKbeOKMPTEIZyiKKU2,1,1771162378362225000,1771162378357908000,42,Insert,m,43,Volam sa samuel mam psa aurela a idem s nim
QcUKYLclszMKbeOKMPTEIZyiKKU2,1,1771162378693483000,1771162378687336000,43,Insert, ,44,Volam sa samuel mam psa aurela a idem s nim 
QcUKYLclszMKbeOKMPTEIZyiKKU2,1,1771162379128482000,1771162379121176000,44,Insert,v,45,Volam sa samuel mam psa aurela a idem s nim v
QcUKYLclszMKbeOKMPTEIZyiKKU2,1,1771162379212480000,1771162379209212000,45,Insert,o,46,Volam sa samuel mam psa aurela a idem s nim vo
QcUKYLclszMKbeOKMPTEIZyiKKU2,1,1771162379386146000,1771162379381544000,46,Insert,n,47,Volam sa samuel mam psa aurela a idem s nim von
QcUKYLclszMKbeOKMPTEIZyiKKU2,1,1771162379557050000,1771162379552657000,47,Insert,k,48,Volam sa samuel mam psa aurela a idem s nim vonk
QcUKYLclszMKbeOKMPTEIZyiKKU2,1,1771162379710994000,1771162379706555000,48,Insert,u,49,Volam sa samuel mam psa aurela a idem s nim vonku
QcUKYLclszMKbeOKMPTEIZyiKKU2,1,1771162380425622000,1771162380414937000,49,Insert,.,50,Volam sa samuel mam psa aurela a idem s nim vonku.
QcUKYLclszMKbeOKMPTEIZyiKKU2,1,1771162380923987000,1771162380920119000,50,Insert,C,51,Volam sa samuel mam psa aurela a idem s nim vonku.C
QcUKYLclszMKbeOKMPTEIZyiKKU2,1,1771162381085391000,1771162381081615000,51,Insert,h,52,Volam sa samuel mam psa aurela a idem s nim vonku.Ch
QcUKYLclszMKbeOKMPTEIZyiKKU2,1,1771162381239213000,1771162381235310000,52,Insert,d,53,Volam sa samuel mam psa aurela a idem s nim vonku.Chd
QcUKYLclszMKbeOKMPTEIZyiKKU2,1,1771162381346327000,1771162381341299000,53,Insert,o,54,Volam sa samuel mam psa aurela a idem s nim vonku.Chdo
QcUKYLclszMKbeOKMPTEIZyiKKU2,1,1771162381504104000,1771162381499966000,54,Insert,i,55,Volam sa samuel mam psa aurela a idem s nim vonku.Chdoi
QcUKYLclszMKbeOKMPTEIZyiKKU2,1,1771162382010774000,1771162382007466000,55,Delete,i,54,Volam sa samuel mam psa aurela a idem s nim vonku.Chdo
QcUKYLclszMKbeOKMPTEIZyiKKU2,1,1771162382170880000,1771162382168131000,54,Delete,o,53,Volam sa samuel mam psa aurela a idem s nim vonku.Chd
QcUKYLclszMKbeOKMPTEIZyiKKU2,1,1771162382335930000,1771162382333213000,53,Delete,d,52,Volam sa samuel mam psa aurela a idem s nim vonku.Ch
QcUKYLclszMKbeOKMPTEIZyiKKU2,1,1771162382902126000,1771162382895718000,52,Insert,o,53,Volam sa samuel mam psa aurela a idem s nim vonku.Cho
QcUKYLclszMKbeOKMPTEIZyiKKU2,1,1771162383129186000,1771162383123066000,53,Insert,d,54,Volam sa samuel mam psa aurela a idem s nim vonku.Chod
QcUKYLclszMKbeOKMPTEIZyiKKU2,1,1771162383232602000,1771162383227088000,54,Insert,i,55,Volam sa samuel mam psa aurela a idem s nim vonku.Chodi
QcUKYLclszMKbeOKMPTEIZyiKKU2,1,1771162383462758000,1771162383455678000,55,Insert,m,56,Volam sa samuel mam psa aurela a idem s nim vonku.Chodim
QcUKYLclszMKbeOKMPTEIZyiKKU2,1,1771162383694019000,1771162383687269000,56,Insert, ,57,Volam sa samuel mam psa aurela a idem s nim vonku.Chodim 
QcUKYLclszMKbeOKMPTEIZyiKKU2,1,1771162383864807000,1771162383859421000,57,Insert,a,58,Volam sa samuel mam psa aurela a idem s nim vonku.Chodim a
QcUKYLclszMKbeOKMPTEIZyiKKU2,1,1771162383969752000,1771162383963284000,58,Insert,j,59,Volam sa samuel mam psa aurela a idem s nim vonku.Chodim aj
QcUKYLclszMKbeOKMPTEIZyiKKU2,1,1771162384174754000,1771162384170771000,59,Insert, ,60,Volam sa samuel mam psa aurela a idem s nim vonku.Chodim aj 
QcUKYLclszMKbeOKMPTEIZyiKKU2,1,1771162384322010000,1771162384318218000,60,Insert,d,61,Volam sa samuel mam psa aurela a idem s nim vonku.Chodim aj d
QcUKYLclszMKbeOKMPTEIZyiKKU2,1,1771162384466508000,1771162384460101000,61,Insert,k,62,Volam sa samuel mam psa aurela a idem s nim vonku.Chodim aj dk
QcUKYLclszMKbeOKMPTEIZyiKKU2,1,1771162385205057000,1771162385198535000,62,Delete,k,61,Volam sa samuel mam psa aurela a idem s nim vonku.Chodim aj d
QcUKYLclszMKbeOKMPTEIZyiKKU2,1,1771162385461433000,1771162385450279000,61,Insert,o,62,Volam sa samuel mam psa aurela a idem s nim vonku.Chodim aj do
QcUKYLclszMKbeOKMPTEIZyiKKU2,1,1771162385925095000,1771162385918373000,62,Insert, ,63,Volam sa samuel mam psa aurela a idem s nim vonku.Chodim aj do 
QcUKYLclszMKbeOKMPTEIZyiKKU2,1,1771162386112820000,1771162386106438000,63,Insert,p,64,Volam sa samuel mam psa aurela a idem s nim vonku.Chodim aj do p
QcUKYLclszMKbeOKMPTEIZyiKKU2,1,1771162386222407000,1771162386218312000,64,Insert,r,65,Volam sa samuel mam psa aurela a idem s nim vonku.Chodim aj do pr
QcUKYLclszMKbeOKMPTEIZyiKKU2,1,1771162386513454000,1771162386507507000,65,Insert,a,66,Volam sa samuel mam psa aurela a idem s nim vonku.Chodim aj do pra
QcUKYLclszMKbeOKMPTEIZyiKKU2,1,1771162386730503000,1771162386724902000,66,Insert,c,67,Volam sa samuel mam psa aurela a idem s nim vonku.Chodim aj do prac
QcUKYLclszMKbeOKMPTEIZyiKKU2,1,1771162386973438000,1771162386964698000,67,Insert,e,68,Volam sa samuel mam psa aurela a idem s nim vonku.Chodim aj do prace
QcUKYLclszMKbeOKMPTEIZyiKKU2,1,1771162387315766000,1771162387306917000,68,Insert,.,69,Volam sa samuel mam psa aurela a idem s nim vonku.Chodim aj do prace.
QcUKYLclszMKbeOKMPTEIZyiKKU2,1,1771162387485963000,1771162387481677000,69,Insert,.,70,Volam sa samuel mam psa aurela a idem s nim vonku.Chodim aj do prace..
QcUKYLclszMKbeOKMPTEIZyiKKU2,1,1771162387678148000,1771162387673743000,70,Insert,.,71,Volam sa samuel mam psa aurela a idem s nim vonku.Chodim aj do prace...
QcUKYLclszMKbeOKMPTEIZyiKKU2,1,1771162387876466000,1771162387872506000,71,Insert,.,72,Volam sa samuel mam psa aurela a idem s nim vonku.Chodim aj do prace....
QcUKYLclszMKbeOKMPTEIZyiKKU2,1,1771162388025366000,1771162388018849000,72,Insert,.,73,Volam sa samuel mam psa aurela a idem s nim vonku.Chodim aj do prace.....
QcUKYLclszMKbeOKMPTEIZyiKKU2,1,1771162388212919000,1771162388208640000,73,Insert,.,74,Volam sa samuel mam psa aurela a idem s nim vonku.Chodim aj do prace......
QcUKYLclszMKbeOKMPTEIZyiKKU2,1,1771162388425925000,1771162388419272000,74,Insert,.,75,Volam sa samuel mam psa aurela a idem s nim vonku.Chodim aj do prace.......
QcUKYLclszMKbeOKMPTEIZyiKKU2,2,1771162389162874000,1771162389159212000,0,Insert,.,1,.
QcUKYLclszMKbeOKMPTEIZyiKKU2,2,1771162390240000000,1771162390235976000,1,Delete,.,0,
QcUKYLclszMKbeOKMPTEIZyiKKU2,2,1771162391144145000,1771162391135670000,0,Insert,V,1,V
QcUKYLclszMKbeOKMPTEIZyiKKU2,2,1771162391264921000,1771162391258806000,1,Insert,o,2,Vo
QcUKYLclszMKbeOKMPTEIZyiKKU2,2,1771162391437603000,1771162391433465000,2,Insert,l,3,Vol
QcUKYLclszMKbeOKMPTEIZyiKKU2,2,1771162391538871000,1771162391535310000,3,Insert,a,4,Vola
QcUKYLclszMKbeOKMPTEIZyiKKU2,2,1771162391685124000,1771162391681373000,4,Insert,m,5,Volam
QcUKYLclszMKbeOKMPTEIZyiKKU2,2,1771162391890850000,1771162391884823000,5,Insert, ,6,Volam 
QcUKYLclszMKbeOKMPTEIZyiKKU2,2,1771162392041088000,1771162392037385000,6,Insert,d,7,Volam d
QcUKYLclszMKbeOKMPTEIZyiKKU2,2,1771162392212557000,1771162392209119000,7,Insert,a,8,Volam da
QcUKYLclszMKbeOKMPTEIZyiKKU2,2,1771162392325652000,1771162392322397000,8,Insert, ,9,Volam da 
QcUKYLclszMKbeOKMPTEIZyiKKU2,2,1771162392858822000,1771162392853457000,9,Delete, ,8,Volam da
QcUKYLclszMKbeOKMPTEIZyiKKU2,2,1771162393036009000,1771162393032547000,8,Delete,a,7,Volam d
QcUKYLclszMKbeOKMPTEIZyiKKU2,2,1771162393159766000,1771162393156281000,7,Delete,d,6,Volam 
QcUKYLclszMKbeOKMPTEIZyiKKU2,2,1771162393298383000,1771162393294013000,6,Insert,s,7,Volam s
QcUKYLclszMKbeOKMPTEIZyiKKU2,2,1771162393510587000,1771162393505100000,7,Insert,a,8,Volam sa
QcUKYLclszMKbeOKMPTEIZyiKKU2,2,1771162393667346000,1771162393662545000,8,Insert, ,9,Volam sa 
QcUKYLclszMKbeOKMPTEIZyiKKU2,2,1771162394102021000,1771162394095994000,9,Insert,s,10,Volam sa s
QcUKYLclszMKbeOKMPTEIZyiKKU2,2,1771162394328505000,1771162394322003000,10,Insert,a,11,Volam sa sa
QcUKYLclszMKbeOKMPTEIZyiKKU2,2,1771162394429477000,1771162394425600000,11,Insert,m,12,Volam sa sam
QcUKYLclszMKbeOKMPTEIZyiKKU2,2,1771162394646668000,1771162394641204000,12,Insert,u,13,Volam sa samu
QcUKYLclszMKbeOKMPTEIZyiKKU2,2,1771162394997202000,1771162394990910000,13,Insert,l,14,Volam sa samul
QcUKYLclszMKbeOKMPTEIZyiKKU2,2,1771162395388148000,1771162395384058000,14,Delete,l,13,Volam sa samu
QcUKYLclszMKbeOKMPTEIZyiKKU2,2,1771162395483633000,1771162395479926000,13,Insert,e,14,Volam sa samue
QcUKYLclszMKbeOKMPTEIZyiKKU2,2,1771162395614371000,1771162395610612000,14,Insert,l,15,Volam sa samuel
QcUKYLclszMKbeOKMPTEIZyiKKU2,2,1771162395965730000,1771162395957624000,15,Insert, ,16,Volam sa samuel 
QcUKYLclszMKbeOKMPTEIZyiKKU2,2,1771162396361656000,1771162396354206000,16,Insert,m,17,Volam sa samuel m
QcUKYLclszMKbeOKMPTEIZyiKKU2,2,1771162396454054000,1771162396449553000,17,Insert,a,18,Volam sa samuel ma
QcUKYLclszMKbeOKMPTEIZyiKKU2,2,1771162396605164000,1771162396601377000,18,Insert,m,19,Volam sa samuel mam
QcUKYLclszMKbeOKMPTEIZyiKKU2,2,1771162396908664000,1771162396902602000,19,Insert, ,20,Volam sa samuel mam 
QcUKYLclszMKbeOKMPTEIZyiKKU2,2,1771162397570281000,1771162397564900000,20,Insert,p,21,Volam sa samuel mam p
QcUKYLclszMKbeOKMPTEIZyiKKU2,2,1771162397757628000,1771162397753333000,21,Insert,s,22,Volam sa samuel mam ps
QcUKYLclszMKbeOKMPTEIZyiKKU2,2,1771162397967526000,1771162397957774000,22,Insert,a,23,Volam sa samuel mam psa
QcUKYLclszMKbeOKMPTEIZyiKKU2,2,1771162398110340000,1771162398106683000,23,Insert, ,24,Volam sa samuel mam psa 
QcUKYLclszMKbeOKMPTEIZyiKKU2,2,1771162398377741000,1771162398371691000,24,Insert,a,25,Volam sa samuel mam psa a
QcUKYLclszMKbeOKMPTEIZyiKKU2,2,1771162398516713000,1771162398512608000,25,Insert,u,26,Volam sa samuel mam psa au
QcUKYLclszMKbeOKMPTEIZyiKKU2,2,1771162398854762000,1771162398849582000,26,Insert,r,27,Volam sa samuel mam psa aur
QcUKYLclszMKbeOKMPTEIZyiKKU2,2,1771162399042692000,1771162399038883000,27,Insert,e,28,Volam sa samuel mam psa aure
QcUKYLclszMKbeOKMPTEIZyiKKU2,2,1771162399176735000,1771162399172708000,28,Insert,l,29,Volam sa samuel mam psa aurel
QcUKYLclszMKbeOKMPTEIZyiKKU2,2,1771162399343083000,1771162399339400000,29,Insert,a,30,Volam sa samuel mam psa aurela
QcUKYLclszMKbeOKMPTEIZyiKKU2,2,1771162399727307000,1771162399720962000,30,Insert, ,31,Volam sa samuel mam psa aurela 
QcUKYLclszMKbeOKMPTEIZyiKKU2,2,1771162400276127000,1771162400272643000,31,Insert,a,32,Volam sa samuel mam psa aurela a
QcUKYLclszMKbeOKMPTEIZyiKKU2,2,1771162400456280000,1771162400451862000,32,Insert, ,33,Volam sa samuel mam psa aurela a 
QcUKYLclszMKbeOKMPTEIZyiKKU2,2,1771162400694381000,1771162400687491000,33,Insert,i,34,Volam sa samuel mam psa aurela a i
QcUKYLclszMKbeOKMPTEIZyiKKU2,2,1771162400753106000,1771162400749113000,34,Insert,d,35,Volam sa samuel mam psa aurela a id
QcUKYLclszMKbeOKMPTEIZyiKKU2,2,1771162400955284000,1771162400951504000,35,Insert,e,36,Volam sa samuel mam psa aurela a ide
QcUKYLclszMKbeOKMPTEIZyiKKU2,2,1771162401051846000,1771162401048062000,36,Insert,m,37,Volam sa samuel mam psa aurela a idem
QcUKYLclszMKbeOKMPTEIZyiKKU2,2,1771162401239115000,1771162401234484000,37,Insert, ,38,Volam sa samuel mam psa aurela a idem 
QcUKYLclszMKbeOKMPTEIZyiKKU2,2,1771162401405943000,1771162401402038000,38,Insert,s,39,Volam sa samuel mam psa aurela a idem s
QcUKYLclszMKbeOKMPTEIZyiKKU2,2,1771162401960067000,1771162401952980000,39,Insert, ,40,Volam sa samuel mam psa aurela a idem s 
QcUKYLclszMKbeOKMPTEIZyiKKU2,2,1771162402175849000,1771162402169403000,40,Insert,n,41,Volam sa samuel mam psa aurela a idem s n
QcUKYLclszMKbeOKMPTEIZyiKKU2,2,1771162402354776000,1771162402349654000,41,Insert,i,42,Volam sa samuel mam psa aurela a idem s ni
QcUKYLclszMKbeOKMPTEIZyiKKU2,2,1771162402570526000,1771162402563830000,42,Insert,m,43,Volam sa samuel mam psa aurela a idem s nim
QcUKYLclszMKbeOKMPTEIZyiKKU2,2,1771162402745315000,1771162402740251000,43,Insert, ,44,Volam sa samuel mam psa aurela a idem s nim 
QcUKYLclszMKbeOKMPTEIZyiKKU2,2,1771162403364986000,1771162403361015000,44,Insert,v,45,Volam sa samuel mam psa aurela a idem s nim v
QcUKYLclszMKbeOKMPTEIZyiKKU2,2,1771162403435287000,1771162403431356000,45,Insert,o,46,Volam sa samuel mam psa aurela a idem s nim vo
QcUKYLclszMKbeOKMPTEIZyiKKU2,2,1771162403652850000,1771162403644901000,46,Insert,n,47,Volam sa samuel mam psa aurela a idem s nim von
QcUKYLclszMKbeOKMPTEIZyiKKU2,2,1771162403825050000,1771162403819651000,47,Insert,k,48,Volam sa samuel mam psa aurela a idem s nim vonk
QcUKYLclszMKbeOKMPTEIZyiKKU2,2,1771162403971432000,1771162403967253000,48,Insert,u,49,Volam sa samuel mam psa aurela a idem s nim vonku
QcUKYLclszMKbeOKMPTEIZyiKKU2,2,1771162404423001000,1771162404416435000,49,Insert, ,50,Volam sa samuel mam psa aurela a idem s nim vonku 
QcUKYLclszMKbeOKMPTEIZyiKKU2,2,1771162405646241000,1771162405641522000,50,Delete, ,49,Volam sa samuel mam psa aurela a idem s nim vonku
QcUKYLclszMKbeOKMPTEIZyiKKU2,2,1771162406204966000,1771162406200551000,49,Insert,.,50,Volam sa samuel mam psa aurela a idem s nim vonku.
QcUKYLclszMKbeOKMPTEIZyiKKU2,2,1771162406708327000,1771162406704569000,50,Insert,C,51,Volam sa samuel mam psa aurela a idem s nim vonku.C
QcUKYLclszMKbeOKMPTEIZyiKKU2,2,1771162406895086000,1771162406891321000,51,Insert,h,52,Volam sa samuel mam psa aurela a idem s nim vonku.Ch
QcUKYLclszMKbeOKMPTEIZyiKKU2,2,1771162407140432000,1771162407134468000,52,Insert,o,53,Volam sa samuel mam psa aurela a idem s nim vonku.Cho
QcUKYLclszMKbeOKMPTEIZyiKKU2,2,1771162407312709000,1771162407308639000,53,Insert,d,54,Volam sa samuel mam psa aurela a idem s nim vonku.Chod
QcUKYLclszMKbeOKMPTEIZyiKKU2,2,1771162407895405000,1771162407887203000,54,Insert,i,55,Volam sa samuel mam psa aurela a idem s nim vonku.Chodi
QcUKYLclszMKbeOKMPTEIZyiKKU2,2,1771162408142583000,1771162408135761000,55,Insert,m,56,Volam sa samuel mam psa aurela a idem s nim vonku.Chodim
QcUKYLclszMKbeOKMPTEIZyiKKU2,2,1771162408612433000,1771162408606397000,56,Insert, ,57,Volam sa samuel mam psa aurela a idem s nim vonku.Chodim 
QcUKYLclszMKbeOKMPTEIZyiKKU2,2,1771162409026245000,1771162409017856000,57,Insert,a,58,Volam sa samuel mam psa aurela a idem s nim vonku.Chodim a
QcUKYLclszMKbeOKMPTEIZyiKKU2,2,1771162409161659000,1771162409154945000,58,Insert,j,59,Volam sa samuel mam psa aurela a idem s nim vonku.Chodim aj
QcUKYLclszMKbeOKMPTEIZyiKKU2,2,1771162409324470000,1771162409320357000,59,Insert, ,60,Volam sa samuel mam psa aurela a idem s nim vonku.Chodim aj 
QcUKYLclszMKbeOKMPTEIZyiKKU2,2,1771162409415077000,1771162409411130000,60,Insert,d,61,Volam sa samuel mam psa aurela a idem s nim vonku.Chodim aj d
QcUKYLclszMKbeOKMPTEIZyiKKU2,2,1771162409577306000,1771162409573403000,61,Insert,o,62,Volam sa samuel mam psa aurela a idem s nim vonku.Chodim aj do
QcUKYLclszMKbeOKMPTEIZyiKKU2,2,1771162409812680000,1771162409801580000,62,Insert, ,63,Volam sa samuel mam psa aurela a idem s nim vonku.Chodim aj do 
QcUKYLclszMKbeOKMPTEIZyiKKU2,2,1771162410133313000,1771162410126606000,63,Insert,p,64,Volam sa samuel mam psa aurela a idem s nim vonku.Chodim aj do p
QcUKYLclszMKbeOKMPTEIZyiKKU2,2,1771162410206577000,1771162410203107000,64,Insert,r,65,Volam sa samuel mam psa aurela a idem s nim vonku.Chodim aj do pr
QcUKYLclszMKbeOKMPTEIZyiKKU2,2,1771162410414126000,1771162410410157000,65,Insert,a,66,Volam sa samuel mam psa aurela a idem s nim vonku.Chodim aj do pra
QcUKYLclszMKbeOKMPTEIZyiKKU2,2,1771162410666986000,1771162410659643000,66,Insert,c,67,Volam sa samuel mam psa aurela a idem s nim vonku.Chodim aj do prac
QcUKYLclszMKbeOKMPTEIZyiKKU2,2,1771162410875010000,1771162410869683000,67,Insert,e,68,Volam sa samuel mam psa aurela a idem s nim vonku.Chodim aj do prace
QcUKYLclszMKbeOKMPTEIZyiKKU2,2,1771162411033048000,1771162411028032000,68,Insert,.,69,Volam sa samuel mam psa aurela a idem s nim vonku.Chodim aj do prace.
QcUKYLclszMKbeOKMPTEIZyiKKU2,2,1771162411203270000,1771162411198114000,69,Insert,.,70,Volam sa samuel mam psa aurela a idem s nim vonku.Chodim aj do prace..
QcUKYLclszMKbeOKMPTEIZyiKKU2,2,1771162411382659000,1771162411377827000,70,Insert,.,71,Volam sa samuel mam psa aurela a idem s nim vonku.Chodim aj do prace...
QcUKYLclszMKbeOKMPTEIZyiKKU2,2,1771162411548528000,1771162411544353000,71,Insert,.,72,Volam sa samuel mam psa aurela a idem s nim vonku.Chodim aj do prace....
QcUKYLclszMKbeOKMPTEIZyiKKU2,2,1771162411741140000,1771162411736025000,72,Insert,.,73,Volam sa samuel mam psa aurela a idem s nim vonku.Chodim aj do prace.....
QcUKYLclszMKbeOKMPTEIZyiKKU2,2,1771162411919274000,1771162411915117000,73,Insert,.,74,Volam sa samuel mam psa aurela a idem s nim vonku.Chodim aj do prace......
QcUKYLclszMKbeOKMPTEIZyiKKU2,2,1771162412283843000,1771162412276068000,74,Insert,.,75,Volam sa samuel mam psa aurela a idem s nim vonku.Chodim aj do prace.......
QcUKYLclszMKbeOKMPTEIZyiKKU2,3,1771162417153696000,1771162417145523000,0,Insert,V,1,V
QcUKYLclszMKbeOKMPTEIZyiKKU2,3,1771162417418577000,1771162417411924000,1,Insert,o,2,Vo
QcUKYLclszMKbeOKMPTEIZyiKKU2,3,1771162417516541000,1771162417511919000,2,Insert,a,3,Voa
QcUKYLclszMKbeOKMPTEIZyiKKU2,3,1771162417597227000,1771162417592714000,3,Insert,l,4,Voal
QcUKYLclszMKbeOKMPTEIZyiKKU2,3,1771162418053057000,1771162418045819000,4,Delete,l,3,Voa
QcUKYLclszMKbeOKMPTEIZyiKKU2,3,1771162418206546000,1771162418203773000,3,Delete,a,2,Vo
QcUKYLclszMKbeOKMPTEIZyiKKU2,3,1771162418389688000,1771162418385877000,2,Insert,l,3,Vol
QcUKYLclszMKbeOKMPTEIZyiKKU2,3,1771162418516307000,1771162418512267000,3,Insert,a,4,Vola
QcUKYLclszMKbeOKMPTEIZyiKKU2,3,1771162418629853000,1771162418626109000,4,Insert,m,5,Volam
QcUKYLclszMKbeOKMPTEIZyiKKU2,3,1771162418965573000,1771162418957284000,5,Insert, ,6,Volam 
QcUKYLclszMKbeOKMPTEIZyiKKU2,3,1771162419180089000,1771162419173227000,6,Insert,s,7,Volam s
QcUKYLclszMKbeOKMPTEIZyiKKU2,3,1771162419319210000,1771162419315355000,7,Insert,a,8,Volam sa
QcUKYLclszMKbeOKMPTEIZyiKKU2,3,1771162419425203000,1771162419421090000,8,Insert, ,9,Volam sa 
QcUKYLclszMKbeOKMPTEIZyiKKU2,3,1771162419659506000,1771162419652829000,9,Insert,s,10,Volam sa s
QcUKYLclszMKbeOKMPTEIZyiKKU2,3,1771162419835795000,1771162419831773000,10,Insert,a,11,Volam sa sa
QcUKYLclszMKbeOKMPTEIZyiKKU2,3,1771162419939144000,1771162419935872000,11,Insert,m,12,Volam sa sam
QcUKYLclszMKbeOKMPTEIZyiKKU2,3,1771162420127263000,1771162420119824000,12,Insert,u,13,Volam sa samu
QcUKYLclszMKbeOKMPTEIZyiKKU2,3,1771162420397807000,1771162420391405000,13,Insert,e,14,Volam sa samue
QcUKYLclszMKbeOKMPTEIZyiKKU2,3,1771162420512878000,1771162420509076000,14,Insert,l,15,Volam sa samuel
QcUKYLclszMKbeOKMPTEIZyiKKU2,3,1771162420905420000,1771162420901438000,15,Insert, ,16,Volam sa samuel 
QcUKYLclszMKbeOKMPTEIZyiKKU2,3,1771162421178063000,1771162421174114000,16,Insert,m,17,Volam sa samuel m
QcUKYLclszMKbeOKMPTEIZyiKKU2,3,1771162421272158000,1771162421267959000,17,Insert,a,18,Volam sa samuel ma
QcUKYLclszMKbeOKMPTEIZyiKKU2,3,1771162421379846000,1771162421376117000,18,Insert,m,19,Volam sa samuel mam
QcUKYLclszMKbeOKMPTEIZyiKKU2,3,1771162422307393000,1771162422299781000,19,Insert, ,20,Volam sa samuel mam 
QcUKYLclszMKbeOKMPTEIZyiKKU2,3,1771162422623487000,1771162422616103000,20,Insert,p,21,Volam sa samuel mam p
QcUKYLclszMKbeOKMPTEIZyiKKU2,3,1771162422708076000,1771162422700811000,21,Insert,s,22,Volam sa samuel mam ps
QcUKYLclszMKbeOKMPTEIZyiKKU2,3,1771162422893941000,1771162422886287000,22,Insert,a,23,Volam sa samuel mam psa
QcUKYLclszMKbeOKMPTEIZyiKKU2,3,1771162423010174000,1771162423005998000,23,Insert, ,24,Volam sa samuel mam psa 
QcUKYLclszMKbeOKMPTEIZyiKKU2,3,1771162423513535000,1771162423504378000,24,Insert,a,25,Volam sa samuel mam psa a
QcUKYLclszMKbeOKMPTEIZyiKKU2,3,1771162423643966000,1771162423639211000,25,Insert,u,26,Volam sa samuel mam psa au
QcUKYLclszMKbeOKMPTEIZyiKKU2,3,1771162423777065000,1771162423770915000,26,Insert,r,27,Volam sa samuel mam psa aur
QcUKYLclszMKbeOKMPTEIZyiKKU2,3,1771162424084863000,1771162424078952000,27,Insert,e,28,Volam sa samuel mam psa aure
QcUKYLclszMKbeOKMPTEIZyiKKU2,3,1771162424243277000,1771162424237644000,28,Insert,l,29,Volam sa samuel mam psa aurel
QcUKYLclszMKbeOKMPTEIZyiKKU2,3,1771162424395339000,1771162424391278000,29,Insert,a,30,Volam sa samuel mam psa aurela
QcUKYLclszMKbeOKMPTEIZyiKKU2,3,1771162424599487000,1771162424594502000,30,Insert, ,31,Volam sa samuel mam psa aurela 
QcUKYLclszMKbeOKMPTEIZyiKKU2,3,1771162425138639000,1771162425134085000,31,Insert,a,32,Volam sa samuel mam psa aurela a
QcUKYLclszMKbeOKMPTEIZyiKKU2,3,1771162425267486000,1771162425263039000,32,Insert, ,33,Volam sa samuel mam psa aurela a 
QcUKYLclszMKbeOKMPTEIZyiKKU2,3,1771162425474639000,1771162425469237000,33,Insert,u,34,Volam sa samuel mam psa aurela a u
QcUKYLclszMKbeOKMPTEIZyiKKU2,3,1771162425564140000,1771162425559886000,34,Insert,d,35,Volam sa samuel mam psa aurela a ud
QcUKYLclszMKbeOKMPTEIZyiKKU2,3,1771162425736095000,1771162425731449000,35,Insert,e,36,Volam sa samuel mam psa aurela a ude
QcUKYLclszMKbeOKMPTEIZyiKKU2,3,1771162425821287000,1771162425817216000,36,Insert,m,37,Volam sa samuel mam psa aurela a udem
QcUKYLclszMKbeOKMPTEIZyiKKU2,3,1771162426015668000,1771162426011174000,37,Insert, ,38,Volam sa samuel mam psa aurela a udem 
QcUKYLclszMKbeOKMPTEIZyiKKU2,3,1771162426811950000,1771162426801578000,38,Delete, ,37,Volam sa samuel mam psa aurela a udem
QcUKYLclszMKbeOKMPTEIZyiKKU2,3,1771162427053480000,1771162427046863000,37,Delete,m,36,Volam sa samuel mam psa aurela a ude
QcUKYLclszMKbeOKMPTEIZyiKKU2,3,1771162427216855000,1771162427209557000,36,Delete,e,35,Volam sa samuel mam psa aurela a ud
QcUKYLclszMKbeOKMPTEIZyiKKU2,3,1771162427392531000,1771162427387651000,35,Delete,d,34,Volam sa samuel mam psa aurela a u
QcUKYLclszMKbeOKMPTEIZyiKKU2,3,1771162427525192000,1771162427520828000,34,Delete,u,33,Volam sa samuel mam psa aurela a 
QcUKYLclszMKbeOKMPTEIZyiKKU2,3,1771162428072610000,1771162428068220000,33,Insert,i,34,Volam sa samuel mam psa aurela a i
QcUKYLclszMKbeOKMPTEIZyiKKU2,3,1771162428219744000,1771162428213140000,34,Insert,d,35,Volam sa samuel mam psa aurela a id
QcUKYLclszMKbeOKMPTEIZyiKKU2,3,1771162428385006000,1771162428380941000,35,Insert,e,36,Volam sa samuel mam psa aurela a ide
QcUKYLclszMKbeOKMPTEIZyiKKU2,3,1771162428481149000,1771162428477405000,36,Insert,m,37,Volam sa samuel mam psa aurela a idem
QcUKYLclszMKbeOKMPTEIZyiKKU2,3,1771162428717665000,1771162428710926000,37,Insert, ,38,Volam sa samuel mam psa aurela a idem 
QcUKYLclszMKbeOKMPTEIZyiKKU2,3,1771162429245117000,1771162429241018000,38,Insert,s,39,Volam sa samuel mam psa aurela a idem s
QcUKYLclszMKbeOKMPTEIZyiKKU2,3,1771162429467490000,1771162429460892000,39,Insert, ,40,Volam sa samuel mam psa aurela a idem s 
QcUKYLclszMKbeOKMPTEIZyiKKU2,3,1771162429867327000,1771162429860375000,40,Insert,n,41,Volam sa samuel mam psa aurela a idem s n
QcUKYLclszMKbeOKMPTEIZyiKKU2,3,1771162430065095000,1771162430060611000,41,Insert,i,42,Volam sa samuel mam psa aurela a idem s ni
QcUKYLclszMKbeOKMPTEIZyiKKU2,3,1771162430254043000,1771162430249266000,42,Insert,m,43,Volam sa samuel mam psa aurela a idem s nim
QcUKYLclszMKbeOKMPTEIZyiKKU2,3,1771162430444411000,1771162430440380000,43,Insert, ,44,Volam sa samuel mam psa aurela a idem s nim 
QcUKYLclszMKbeOKMPTEIZyiKKU2,3,1771162431173881000,1771162431166860000,44,Insert,v,45,Volam sa samuel mam psa aurela a idem s nim v
QcUKYLclszMKbeOKMPTEIZyiKKU2,3,1771162432051124000,1771162432043528000,45,Insert,o,46,Volam sa samuel mam psa aurela a idem s nim vo
QcUKYLclszMKbeOKMPTEIZyiKKU2,3,1771162432576206000,1771162432572167000,46,Insert,n,47,Volam sa samuel mam psa aurela a idem s nim von
QcUKYLclszMKbeOKMPTEIZyiKKU2,3,1771162432766900000,1771162432761516000,47,Insert,k,48,Volam sa samuel mam psa aurela a idem s nim vonk
QcUKYLclszMKbeOKMPTEIZyiKKU2,3,1771162432942059000,1771162432937918000,48,Insert,u,49,Volam sa samuel mam psa aurela a idem s nim vonku
QcUKYLclszMKbeOKMPTEIZyiKKU2,3,1771162433503630000,1771162433494568000,49,Insert,.,50,Volam sa samuel mam psa aurela a idem s nim vonku.
QcUKYLclszMKbeOKMPTEIZyiKKU2,3,1771162433963458000,1771162433957454000,50,Insert,C,51,Volam sa samuel mam psa aurela a idem s nim vonku.C
QcUKYLclszMKbeOKMPTEIZyiKKU2,3,1771162434087972000,1771162434082039000,51,Insert,h,52,Volam sa samuel mam psa aurela a idem s nim vonku.Ch
QcUKYLclszMKbeOKMPTEIZyiKKU2,3,1771162434259977000,1771162434256103000,52,Insert,d,53,Volam sa samuel mam psa aurela a idem s nim vonku.Chd
QcUKYLclszMKbeOKMPTEIZyiKKU2,3,1771162434378450000,1771162434374353000,53,Insert,o,54,Volam sa samuel mam psa aurela a idem s nim vonku.Chdo
QcUKYLclszMKbeOKMPTEIZyiKKU2,3,1771162434523720000,1771162434519266000,54,Insert,i,55,Volam sa samuel mam psa aurela a idem s nim vonku.Chdoi
QcUKYLclszMKbeOKMPTEIZyiKKU2,3,1771162434741634000,1771162434734820000,55,Insert,m,56,Volam sa samuel mam psa aurela a idem s nim vonku.Chdoim
QcUKYLclszMKbeOKMPTEIZyiKKU2,3,1771162434955818000,1771162434949518000,56,Insert, ,57,Volam sa samuel mam psa aurela a idem s nim vonku.Chdoim 
QcUKYLclszMKbeOKMPTEIZyiKKU2,3,1771162436410571000,1771162436406631000,57,Delete,d,56,Volam sa samuel mam psa aurela a idem s nim vonku.Choim 
QcUKYLclszMKbeOKMPTEIZyiKKU2,3,1771162437468021000,1771162437464010000,56,Insert,d,57,Volam sa samuel mam psa aurela a idem s nim vonku.Chodim 
QcUKYLclszMKbeOKMPTEIZyiKKU2,3,1771162438571357000,1771162438561681000,57,Insert,a,58,Volam sa samuel mam psa aurela a idem s nim vonku.Chodim a
QcUKYLclszMKbeOKMPTEIZyiKKU2,3,1771162438672072000,1771162438662462000,58,Insert,j,59,Volam sa samuel mam psa aurela a idem s nim vonku.Chodim aj
QcUKYLclszMKbeOKMPTEIZyiKKU2,3,1771162438852920000,1771162438847978000,59,Insert, ,60,Volam sa samuel mam psa aurela a idem s nim vonku.Chodim aj 
QcUKYLclszMKbeOKMPTEIZyiKKU2,3,1771162438982405000,1771162438977360000,60,Insert,d,61,Volam sa samuel mam psa aurela a idem s nim vonku.Chodim aj d
QcUKYLclszMKbeOKMPTEIZyiKKU2,3,1771162439121095000,1771162439113397000,61,Insert,o,62,Volam sa samuel mam psa aurela a idem s nim vonku.Chodim aj do
QcUKYLclszMKbeOKMPTEIZyiKKU2,3,1771162439319936000,1771162439310920000,62,Insert, ,63,Volam sa samuel mam psa aurela a idem s nim vonku.Chodim aj do 
QcUKYLclszMKbeOKMPTEIZyiKKU2,3,1771162439627103000,1771162439619313000,63,Insert,p,64,Volam sa samuel mam psa aurela a idem s nim vonku.Chodim aj do p
QcUKYLclszMKbeOKMPTEIZyiKKU2,3,1771162439692967000,1771162439687430000,64,Insert,r,65,Volam sa samuel mam psa aurela a idem s nim vonku.Chodim aj do pr
QcUKYLclszMKbeOKMPTEIZyiKKU2,3,1771162439901165000,1771162439893955000,65,Insert,w,66,Volam sa samuel mam psa aurela a idem s nim vonku.Chodim aj do prw
QcUKYLclszMKbeOKMPTEIZyiKKU2,3,1771162440148363000,1771162440141924000,66,Insert,c,67,Volam sa samuel mam psa aurela a idem s nim vonku.Chodim aj do prwc
QcUKYLclszMKbeOKMPTEIZyiKKU2,3,1771162440367550000,1771162440360183000,67,Insert,e,68,Volam sa samuel mam psa aurela a idem s nim vonku.Chodim aj do prwce
QcUKYLclszMKbeOKMPTEIZyiKKU2,3,1771162442666488000,1771162442660909000,68,Delete,w,67,Volam sa samuel mam psa aurela a idem s nim vonku.Chodim aj do prce
QcUKYLclszMKbeOKMPTEIZyiKKU2,3,1771162442759218000,1771162442753166000,67,Insert,a,68,Volam sa samuel mam psa aurela a idem s nim vonku.Chodim aj do prace
QcUKYLclszMKbeOKMPTEIZyiKKU2,3,1771162443867530000,1771162443857154000,68,Insert,.,69,Volam sa samuel mam psa aurela a idem s nim vonku.Chodim aj do prace.
QcUKYLclszMKbeOKMPTEIZyiKKU2,3,1771162444028869000,1771162444024452000,69,Insert,.,70,Volam sa samuel mam psa aurela a idem s nim vonku.Chodim aj do prace..
QcUKYLclszMKbeOKMPTEIZyiKKU2,3,1771162444216459000,1771162444211516000,70,Insert,.,71,Volam sa samuel mam psa aurela a idem s nim vonku.Chodim aj do prace...
QcUKYLclszMKbeOKMPTEIZyiKKU2,3,1771162444399114000,1771162444394392000,71,Insert,.,72,Volam sa samuel mam psa aurela a idem s nim vonku.Chodim aj do prace....
QcUKYLclszMKbeOKMPTEIZyiKKU2,3,1771162444572893000,1771162444568047000,72,Insert,.,73,Volam sa samuel mam psa aurela a idem s nim vonku.Chodim aj do prace.....
QcUKYLclszMKbeOKMPTEIZyiKKU2,3,1771162444766173000,1771162444761563000,73,Insert,.,74,Volam sa samuel mam psa aurela a idem s nim vonku.Chodim aj do prace......
QcUKYLclszMKbeOKMPTEIZyiKKU2,3,1771162444935387000,1771162444931302000,74,Insert,.,75,Volam sa samuel mam psa aurela a idem s nim vonku.Chodim aj do prace.......
QcUKYLclszMKbeOKMPTEIZyiKKU2,4,1771162446378566000,1771162446374912000,0,Insert,v,1,v
QcUKYLclszMKbeOKMPTEIZyiKKU2,4,1771162446722084000,1771162446718364000,1,Delete,v,0,
QcUKYLclszMKbeOKMPTEIZyiKKU2,4,1771162447033565000,1771162447027301000,0,Insert,V,1,V
QcUKYLclszMKbeOKMPTEIZyiKKU2,4,1771162447284629000,1771162447276646000,1,Insert,o,2,Vo
QcUKYLclszMKbeOKMPTEIZyiKKU2,4,1771162447461329000,1771162447456895000,2,Insert,l,3,Vol
QcUKYLclszMKbeOKMPTEIZyiKKU2,4,1771162447598680000,1771162447594310000,3,Insert,a,4,Vola
QcUKYLclszMKbeOKMPTEIZyiKKU2,4,1771162447736119000,1771162447731696000,4,Insert,m,5,Volam
QcUKYLclszMKbeOKMPTEIZyiKKU2,4,1771162447955347000,1771162447949445000,5,Insert, ,6,Volam 
QcUKYLclszMKbeOKMPTEIZyiKKU2,4,1771162448125689000,1771162448121917000,6,Insert,s,7,Volam s
QcUKYLclszMKbeOKMPTEIZyiKKU2,4,1771162448305642000,1771162448301759000,7,Insert,a,8,Volam sa
QcUKYLclszMKbeOKMPTEIZyiKKU2,4,1771162448454723000,1771162448446382000,8,Insert, ,9,Volam sa 
QcUKYLclszMKbeOKMPTEIZyiKKU2,4,1771162448788278000,1771162448783885000,9,Insert,s,10,Volam sa s
QcUKYLclszMKbeOKMPTEIZyiKKU2,4,1771162448955333000,1771162448951296000,10,Insert,a,11,Volam sa sa
QcUKYLclszMKbeOKMPTEIZyiKKU2,4,1771162449109026000,1771162449104537000,11,Insert,m,12,Volam sa sam
QcUKYLclszMKbeOKMPTEIZyiKKU2,4,1771162449570060000,1771162449563554000,12,Insert,u,13,Volam sa samu
QcUKYLclszMKbeOKMPTEIZyiKKU2,4,1771162450950230000,1771162450941968000,13,Insert,e,14,Volam sa samue
QcUKYLclszMKbeOKMPTEIZyiKKU2,4,1771162451074263000,1771162451067905000,14,Insert,l,15,Volam sa samuel
QcUKYLclszMKbeOKMPTEIZyiKKU2,4,1771162451509253000,1771162451502193000,15,Insert, ,16,Volam sa samuel 
QcUKYLclszMKbeOKMPTEIZyiKKU2,4,1771162451723267000,1771162451714238000,16,Insert,m,17,Volam sa samuel m
QcUKYLclszMKbeOKMPTEIZyiKKU2,4,1771162451831241000,1771162451825439000,17,Insert,a,18,Volam sa samuel ma
QcUKYLclszMKbeOKMPTEIZyiKKU2,4,1771162451956588000,1771162451952226000,18,Insert,m,19,Volam sa samuel mam
QcUKYLclszMKbeOKMPTEIZyiKKU2,4,1771162452488426000,1771162452482172000,19,Insert, ,20,Volam sa samuel mam 
QcUKYLclszMKbeOKMPTEIZyiKKU2,4,1771162453045605000,1771162453039240000,20,Insert,p,21,Volam sa samuel mam p
QcUKYLclszMKbeOKMPTEIZyiKKU2,4,1771162453142155000,1771162453138005000,21,Insert,s,22,Volam sa samuel mam ps
QcUKYLclszMKbeOKMPTEIZyiKKU2,4,1771162453326079000,1771162453321401000,22,Insert,a,23,Volam sa samuel mam psa
QcUKYLclszMKbeOKMPTEIZyiKKU2,4,1771162453506082000,1771162453501600000,23,Insert, ,24,Volam sa samuel mam psa 
QcUKYLclszMKbeOKMPTEIZyiKKU2,4,1771162454056137000,1771162454051479000,24,Insert,a,25,Volam sa samuel mam psa a
QcUKYLclszMKbeOKMPTEIZyiKKU2,4,1771162454232972000,1771162454229665000,25,Insert,u,26,Volam sa samuel mam psa au
QcUKYLclszMKbeOKMPTEIZyiKKU2,4,1771162454443522000,1771162454437438000,26,Insert,r,27,Volam sa samuel mam psa aur
QcUKYLclszMKbeOKMPTEIZyiKKU2,4,1771162454600174000,1771162454594371000,27,Insert,a,28,Volam sa samuel mam psa aura
QcUKYLclszMKbeOKMPTEIZyiKKU2,4,1771162454839039000,1771162454832622000,28,Insert,e,29,Volam sa samuel mam psa aurae
QcUKYLclszMKbeOKMPTEIZyiKKU2,4,1771162455142426000,1771162455138501000,29,Delete,e,28,Volam sa samuel mam psa aura
QcUKYLclszMKbeOKMPTEIZyiKKU2,4,1771162455323074000,1771162455320163000,28,Delete,a,27,Volam sa samuel mam psa aur
QcUKYLclszMKbeOKMPTEIZyiKKU2,4,1771162455671471000,1771162455664698000,27,Insert,e,28,Volam sa samuel mam psa aure
QcUKYLclszMKbeOKMPTEIZyiKKU2,4,1771162455989193000,1771162455981544000,28,Insert,l,29,Volam sa samuel mam psa aurel
QcUKYLclszMKbeOKMPTEIZyiKKU2,4,1771162456074707000,1771162456070633000,29,Insert,a,30,Volam sa samuel mam psa aurela
QcUKYLclszMKbeOKMPTEIZyiKKU2,4,1771162456342292000,1771162456335484000,30,Insert, ,31,Volam sa samuel mam psa aurela 
QcUKYLclszMKbeOKMPTEIZyiKKU2,4,1771162456841076000,1771162456834477000,31,Insert,a,32,Volam sa samuel mam psa aurela a
QcUKYLclszMKbeOKMPTEIZyiKKU2,4,1771162456994816000,1771162456990584000,32,Insert, ,33,Volam sa samuel mam psa aurela a 
QcUKYLclszMKbeOKMPTEIZyiKKU2,4,1771162457246142000,1771162457233464000,33,Insert,i,34,Volam sa samuel mam psa aurela a i
QcUKYLclszMKbeOKMPTEIZyiKKU2,4,1771162457329487000,1771162457322187000,34,Insert,d,35,Volam sa samuel mam psa aurela a id
QcUKYLclszMKbeOKMPTEIZyiKKU2,4,1771162457500622000,1771162457491676000,35,Insert,e,36,Volam sa samuel mam psa aurela a ide
QcUKYLclszMKbeOKMPTEIZyiKKU2,4,1771162457600635000,1771162457595505000,36,Insert,m,37,Volam sa samuel mam psa aurela a idem
QcUKYLclszMKbeOKMPTEIZyiKKU2,4,1771162457802926000,1771162457798642000,37,Insert, ,38,Volam sa samuel mam psa aurela a idem 
QcUKYLclszMKbeOKMPTEIZyiKKU2,4,1771162458833942000,1771162458829799000,38,Insert,s,39,Volam sa samuel mam psa aurela a idem s
QcUKYLclszMKbeOKMPTEIZyiKKU2,4,1771162458998117000,1771162458993768000,39,Insert, ,40,Volam sa samuel mam psa aurela a idem s 
QcUKYLclszMKbeOKMPTEIZyiKKU2,4,1771162460129575000,1771162460116523000,40,Insert,n,41,Volam sa samuel mam psa aurela a idem s n
QcUKYLclszMKbeOKMPTEIZyiKKU2,4,1771162460534763000,1771162460526837000,41,Insert,i,42,Volam sa samuel mam psa aurela a idem s ni
QcUKYLclszMKbeOKMPTEIZyiKKU2,4,1771162460772818000,1771162460768407000,42,Insert,m,43,Volam sa samuel mam psa aurela a idem s nim
QcUKYLclszMKbeOKMPTEIZyiKKU2,4,1771162460919908000,1771162460916322000,43,Insert, ,44,Volam sa samuel mam psa aurela a idem s nim 
QcUKYLclszMKbeOKMPTEIZyiKKU2,4,1771162461354773000,1771162461344792000,44,Insert,v,45,Volam sa samuel mam psa aurela a idem s nim v
QcUKYLclszMKbeOKMPTEIZyiKKU2,4,1771162461628830000,1771162461621222000,45,Insert,o,46,Volam sa samuel mam psa aurela a idem s nim vo
QcUKYLclszMKbeOKMPTEIZyiKKU2,4,1771162461825103000,1771162461818833000,46,Insert,n,47,Volam sa samuel mam psa aurela a idem s nim von
QcUKYLclszMKbeOKMPTEIZyiKKU2,4,1771162462040848000,1771162462030891000,47,Insert,k,48,Volam sa samuel mam psa aurela a idem s nim vonk
QcUKYLclszMKbeOKMPTEIZyiKKU2,4,1771162462210936000,1771162462203587000,48,Insert,u,49,Volam sa samuel mam psa aurela a idem s nim vonku
QcUKYLclszMKbeOKMPTEIZyiKKU2,4,1771162462556153000,1771162462549347000,49,Insert,.,50,Volam sa samuel mam psa aurela a idem s nim vonku.
QcUKYLclszMKbeOKMPTEIZyiKKU2,4,1771162463455314000,1771162463448264000,50,Insert,C,51,Volam sa samuel mam psa aurela a idem s nim vonku.C
QcUKYLclszMKbeOKMPTEIZyiKKU2,4,1771162463557330000,1771162463552871000,51,Insert,h,52,Volam sa samuel mam psa aurela a idem s nim vonku.Ch
QcUKYLclszMKbeOKMPTEIZyiKKU2,4,1771162463759709000,1771162463755575000,52,Insert,d,53,Volam sa samuel mam psa aurela a idem s nim vonku.Chd
QcUKYLclszMKbeOKMPTEIZyiKKU2,4,1771162463890481000,1771162463886760000,53,Insert,o,54,Volam sa samuel mam psa aurela a idem s nim vonku.Chdo
QcUKYLclszMKbeOKMPTEIZyiKKU2,4,1771162464030206000,1771162464026084000,54,Insert,i,55,Volam sa samuel mam psa aurela a idem s nim vonku.Chdoi
QcUKYLclszMKbeOKMPTEIZyiKKU2,4,1771162464627902000,1771162464622004000,55,Delete,i,54,Volam sa samuel mam psa aurela a idem s nim vonku.Chdo
QcUKYLclszMKbeOKMPTEIZyiKKU2,4,1771162464787793000,1771162464784010000,54,Delete,o,53,Volam sa samuel mam psa aurela a idem s nim vonku.Chd
QcUKYLclszMKbeOKMPTEIZyiKKU2,4,1771162464962179000,1771162464959139000,53,Delete,d,52,Volam sa samuel mam psa aurela a idem s nim vonku.Ch
QcUKYLclszMKbeOKMPTEIZyiKKU2,4,1771162465517780000,1771162465508449000,52,Insert,o,53,Volam sa samuel mam psa aurela a idem s nim vonku.Cho
QcUKYLclszMKbeOKMPTEIZyiKKU2,4,1771162465726436000,1771162465718941000,53,Insert,f,54,Volam sa samuel mam psa aurela a idem s nim vonku.Chof
QcUKYLclszMKbeOKMPTEIZyiKKU2,4,1771162465844337000,1771162465838339000,54,Insert,i,55,Volam sa samuel mam psa aurela a idem s nim vonku.Chofi
QcUKYLclszMKbeOKMPTEIZyiKKU2,4,1771162466025634000,1771162466021093000,55,Insert,m,56,Volam sa samuel mam psa aurela a idem s nim vonku.Chofim
QcUKYLclszMKbeOKMPTEIZyiKKU2,4,1771162466227080000,1771162466221749000,56,Insert, ,57,Volam sa samuel mam psa aurela a idem s nim vonku.Chofim 
QcUKYLclszMKbeOKMPTEIZyiKKU2,4,1771162466379434000,1771162466375333000,57,Insert,a,58,Volam sa samuel mam psa aurela a idem s nim vonku.Chofim a
QcUKYLclszMKbeOKMPTEIZyiKKU2,4,1771162466440879000,1771162466436465000,58,Insert,j,59,Volam sa samuel mam psa aurela a idem s nim vonku.Chofim aj
QcUKYLclszMKbeOKMPTEIZyiKKU2,4,1771162468336226000,1771162468329481000,59,Delete,f,58,Volam sa samuel mam psa aurela a idem s nim vonku.Choim aj
QcUKYLclszMKbeOKMPTEIZyiKKU2,4,1771162468452854000,1771162468444927000,58,Insert,d,59,Volam sa samuel mam psa aurela a idem s nim vonku.Chodim aj
QcUKYLclszMKbeOKMPTEIZyiKKU2,4,1771162469937231000,1771162469926555000,59,Insert, ,60,Volam sa samuel mam psa aurela a idem s nim vonku.Chodim aj 
QcUKYLclszMKbeOKMPTEIZyiKKU2,4,1771162470077920000,1771162470074462000,60,Insert,d,61,Volam sa samuel mam psa aurela a idem s nim vonku.Chodim aj d
QcUKYLclszMKbeOKMPTEIZyiKKU2,4,1771162470213604000,1771162470210926000,61,Insert,k,62,Volam sa samuel mam psa aurela a idem s nim vonku.Chodim aj dk
QcUKYLclszMKbeOKMPTEIZyiKKU2,4,1771162470440604000,1771162470433030000,62,Insert, ,63,Volam sa samuel mam psa aurela a idem s nim vonku.Chodim aj dk 
QcUKYLclszMKbeOKMPTEIZyiKKU2,4,1771162470916004000,1771162470912651000,63,Delete, ,62,Volam sa samuel mam psa aurela a idem s nim vonku.Chodim aj dk
QcUKYLclszMKbeOKMPTEIZyiKKU2,4,1771162471067790000,1771162471062825000,62,Delete,k,61,Volam sa samuel mam psa aurela a idem s nim vonku.Chodim aj d
QcUKYLclszMKbeOKMPTEIZyiKKU2,4,1771162471646913000,1771162471642745000,61,Insert,o,62,Volam sa samuel mam psa aurela a idem s nim vonku.Chodim aj do
QcUKYLclszMKbeOKMPTEIZyiKKU2,4,1771162471908875000,1771162471900952000,62,Insert, ,63,Volam sa samuel mam psa aurela a idem s nim vonku.Chodim aj do 
QcUKYLclszMKbeOKMPTEIZyiKKU2,4,1771162472259888000,1771162472252434000,63,Insert,p,64,Volam sa samuel mam psa aurela a idem s nim vonku.Chodim aj do p
QcUKYLclszMKbeOKMPTEIZyiKKU2,4,1771162472355199000,1771162472349627000,64,Insert,r,65,Volam sa samuel mam psa aurela a idem s nim vonku.Chodim aj do pr
QcUKYLclszMKbeOKMPTEIZyiKKU2,4,1771162473388271000,1771162473379464000,65,Insert,a,66,Volam sa samuel mam psa aurela a idem s nim vonku.Chodim aj do pra
QcUKYLclszMKbeOKMPTEIZyiKKU2,4,1771162473631557000,1771162473624660000,66,Insert,c,67,Volam sa samuel mam psa aurela a idem s nim vonku.Chodim aj do prac
QcUKYLclszMKbeOKMPTEIZyiKKU2,4,1771162473945626000,1771162473938444000,67,Insert,e,68,Volam sa samuel mam psa aurela a idem s nim vonku.Chodim aj do prace
QcUKYLclszMKbeOKMPTEIZyiKKU2,4,1771162474281163000,1771162474274492000,68,Insert,.,69,Volam sa samuel mam psa aurela a idem s nim vonku.Chodim aj do prace.
QcUKYLclszMKbeOKMPTEIZyiKKU2,4,1771162474468165000,1771162474461663000,69,Insert,.,70,Volam sa samuel mam psa aurela a idem s nim vonku.Chodim aj do prace..
QcUKYLclszMKbeOKMPTEIZyiKKU2,4,1771162474656056000,1771162474650915000,70,Insert,.,71,Volam sa samuel mam psa aurela a idem s nim vonku.Chodim aj do prace...
QcUKYLclszMKbeOKMPTEIZyiKKU2,4,1771162474827813000,1771162474822612000,71,Insert,.,72,Volam sa samuel mam psa aurela a idem s nim vonku.Chodim aj do prace....
QcUKYLclszMKbeOKMPTEIZyiKKU2,4,1771162475002487000,1771162474993488000,72,Insert,.,73,Volam sa samuel mam psa aurela a idem s nim vonku.Chodim aj do prace.....
QcUKYLclszMKbeOKMPTEIZyiKKU2,4,1771162475187359000,1771162475182432000,73,Insert,.,74,Volam sa samuel mam psa aurela a idem s nim vonku.Chodim aj do prace......
QcUKYLclszMKbeOKMPTEIZyiKKU2,4,1771162475366627000,1771162475361556000,74,Insert,.,75,Volam sa samuel mam psa aurela a idem s nim vonku.Chodim aj do prace.......
QcUKYLclszMKbeOKMPTEIZyiKKU2,5,1771162477757328000,1771162477750111000,0,Insert,V,1,V
QcUKYLclszMKbeOKMPTEIZyiKKU2,5,1771162478060720000,1771162478053546000,1,Insert,o,2,Vo
QcUKYLclszMKbeOKMPTEIZyiKKU2,5,1771162478220266000,1771162478214674000,2,Insert,l,3,Vol
QcUKYLclszMKbeOKMPTEIZyiKKU2,5,1771162478333396000,1771162478329091000,3,Insert,a,4,Vola
QcUKYLclszMKbeOKMPTEIZyiKKU2,5,1771162478493773000,1771162478489567000,4,Insert,m,5,Volam
QcUKYLclszMKbeOKMPTEIZyiKKU2,5,1771162478665771000,1771162478661295000,5,Insert, ,6,Volam 
QcUKYLclszMKbeOKMPTEIZyiKKU2,5,1771162478894473000,1771162478888034000,6,Insert,d,7,Volam d
QcUKYLclszMKbeOKMPTEIZyiKKU2,5,1771162479055019000,1771162479051193000,7,Insert,a,8,Volam da
QcUKYLclszMKbeOKMPTEIZyiKKU2,5,1771162479202685000,1771162479198375000,8,Insert, ,9,Volam da 
QcUKYLclszMKbeOKMPTEIZyiKKU2,5,1771162479624548000,1771162479619413000,9,Delete, ,8,Volam da
QcUKYLclszMKbeOKMPTEIZyiKKU2,5,1771162479787710000,1771162479783573000,8,Delete,a,7,Volam d
QcUKYLclszMKbeOKMPTEIZyiKKU2,5,1771162479966059000,1771162479962479000,7,Delete,d,6,Volam 
QcUKYLclszMKbeOKMPTEIZyiKKU2,5,1771162480173855000,1771162480168257000,6,Insert,s,7,Volam s
QcUKYLclszMKbeOKMPTEIZyiKKU2,5,1771162480353342000,1771162480348022000,7,Insert,a,8,Volam sa
QcUKYLclszMKbeOKMPTEIZyiKKU2,5,1771162480454095000,1771162480450382000,8,Insert, ,9,Volam sa 
QcUKYLclszMKbeOKMPTEIZyiKKU2,5,1771162480594449000,1771162480590414000,9,Insert,d,10,Volam sa d
QcUKYLclszMKbeOKMPTEIZyiKKU2,5,1771162480799009000,1771162480794378000,10,Insert,a,11,Volam sa da
QcUKYLclszMKbeOKMPTEIZyiKKU2,5,1771162480914278000,1771162480910105000,11,Insert,m,12,Volam sa dam
QcUKYLclszMKbeOKMPTEIZyiKKU2,5,1771162481105305000,1771162481101091000,12,Insert,u,13,Volam sa damu
QcUKYLclszMKbeOKMPTEIZyiKKU2,5,1771162481277287000,1771162481272966000,13,Insert,e,14,Volam sa damue
QcUKYLclszMKbeOKMPTEIZyiKKU2,5,1771162481377509000,1771162481373425000,14,Insert,l,15,Volam sa damuel
QcUKYLclszMKbeOKMPTEIZyiKKU2,5,1771162483195335000,1771162483191246000,15,Insert,s,16,Volam sa dsamuel
QcUKYLclszMKbeOKMPTEIZyiKKU2,5,1771162484545044000,1771162484540931000,16,Delete,d,15,Volam sa samuel
QcUKYLclszMKbeOKMPTEIZyiKKU2,5,1771162485827596000,1771162485817915000,15,Insert, ,16,Volam sa samuel 
QcUKYLclszMKbeOKMPTEIZyiKKU2,5,1771162488034505000,1771162488022566000,16,Insert,m,17,Volam sa samuel m
QcUKYLclszMKbeOKMPTEIZyiKKU2,5,1771162488121980000,1771162488116371000,17,Insert,a,18,Volam sa samuel ma
QcUKYLclszMKbeOKMPTEIZyiKKU2,5,1771162488224907000,1771162488220272000,18,Insert,m,19,Volam sa samuel mam
QcUKYLclszMKbeOKMPTEIZyiKKU2,5,1771162488420369000,1771162488408818000,19,Insert, ,20,Volam sa samuel mam 
QcUKYLclszMKbeOKMPTEIZyiKKU2,5,1771162488763027000,1771162488755227000,20,Insert,p,21,Volam sa samuel mam p
QcUKYLclszMKbeOKMPTEIZyiKKU2,5,1771162488836454000,1771162488832323000,21,Insert,s,22,Volam sa samuel mam ps
QcUKYLclszMKbeOKMPTEIZyiKKU2,5,1771162489018530000,1771162489010405000,22,Insert,a,23,Volam sa samuel mam psa
QcUKYLclszMKbeOKMPTEIZyiKKU2,5,1771162489154691000,1771162489149109000,23,Insert, ,24,Volam sa samuel mam psa 
QcUKYLclszMKbeOKMPTEIZyiKKU2,5,1771162489839793000,1771162489831183000,24,Insert,a,25,Volam sa samuel mam psa a
QcUKYLclszMKbeOKMPTEIZyiKKU2,5,1771162489996848000,1771162489993090000,25,Insert,u,26,Volam sa samuel mam psa au
QcUKYLclszMKbeOKMPTEIZyiKKU2,5,1771162490118919000,1771162490113320000,26,Insert,r,27,Volam sa samuel mam psa aur
QcUKYLclszMKbeOKMPTEIZyiKKU2,5,1771162490379913000,1771162490373521000,27,Insert,e,28,Volam sa samuel mam psa aure
QcUKYLclszMKbeOKMPTEIZyiKKU2,5,1771162490580086000,1771162490573796000,28,Insert,l,29,Volam sa samuel mam psa aurel
QcUKYLclszMKbeOKMPTEIZyiKKU2,5,1771162490809403000,1771162490803103000,29,Insert,a,30,Volam sa samuel mam psa aurela
QcUKYLclszMKbeOKMPTEIZyiKKU2,5,1771162491116127000,1771162491110101000,30,Insert, ,31,Volam sa samuel mam psa aurela 
QcUKYLclszMKbeOKMPTEIZyiKKU2,5,1771162491554036000,1771162491547210000,31,Insert,a,32,Volam sa samuel mam psa aurela a
QcUKYLclszMKbeOKMPTEIZyiKKU2,5,1771162491670424000,1771162491666097000,32,Insert, ,33,Volam sa samuel mam psa aurela a 
QcUKYLclszMKbeOKMPTEIZyiKKU2,5,1771162491894052000,1771162491880976000,33,Insert,i,34,Volam sa samuel mam psa aurela a i
QcUKYLclszMKbeOKMPTEIZyiKKU2,5,1771162491969540000,1771162491965998000,34,Insert,d,35,Volam sa samuel mam psa aurela a id
QcUKYLclszMKbeOKMPTEIZyiKKU2,5,1771162492134686000,1771162492129074000,35,Insert,e,36,Volam sa samuel mam psa aurela a ide
QcUKYLclszMKbeOKMPTEIZyiKKU2,5,1771162492213386000,1771162492208372000,36,Insert,m,37,Volam sa samuel mam psa aurela a idem
QcUKYLclszMKbeOKMPTEIZyiKKU2,5,1771162492414356000,1771162492409961000,37,Insert, ,38,Volam sa samuel mam psa aurela a idem 
QcUKYLclszMKbeOKMPTEIZyiKKU2,5,1771162493589278000,1771162493577187000,38,Insert,s,39,Volam sa samuel mam psa aurela a idem s
QcUKYLclszMKbeOKMPTEIZyiKKU2,5,1771162493882751000,1771162493875663000,39,Insert, ,40,Volam sa samuel mam psa aurela a idem s 
QcUKYLclszMKbeOKMPTEIZyiKKU2,5,1771162494234917000,1771162494228733000,40,Insert,n,41,Volam sa samuel mam psa aurela a idem s n
QcUKYLclszMKbeOKMPTEIZyiKKU2,5,1771162494440914000,1771162494434742000,41,Insert,i,42,Volam sa samuel mam psa aurela a idem s ni
QcUKYLclszMKbeOKMPTEIZyiKKU2,5,1771162494651397000,1771162494646672000,42,Insert,m,43,Volam sa samuel mam psa aurela a idem s nim
QcUKYLclszMKbeOKMPTEIZyiKKU2,5,1771162494875265000,1771162494870477000,43,Insert, ,44,Volam sa samuel mam psa aurela a idem s nim 
QcUKYLclszMKbeOKMPTEIZyiKKU2,5,1771162497819079000,1771162497810914000,44,Insert,v,45,Volam sa samuel mam psa aurela a idem s nim v
QcUKYLclszMKbeOKMPTEIZyiKKU2,5,1771162497944598000,1771162497941076000,45,Insert,o,46,Volam sa samuel mam psa aurela a idem s nim vo
QcUKYLclszMKbeOKMPTEIZyiKKU2,5,1771162498172871000,1771162498168473000,46,Insert,n,47,Volam sa samuel mam psa aurela a idem s nim von
QcUKYLclszMKbeOKMPTEIZyiKKU2,5,1771162498614753000,1771162498608011000,47,Insert,k,48,Volam sa samuel mam psa aurela a idem s nim vonk
QcUKYLclszMKbeOKMPTEIZyiKKU2,5,1771162498803463000,1771162498798866000,48,Insert,u,49,Volam sa samuel mam psa aurela a idem s nim vonku
QcUKYLclszMKbeOKMPTEIZyiKKU2,5,1771162499254687000,1771162499245137000,49,Insert, ,50,Volam sa samuel mam psa aurela a idem s nim vonku 
QcUKYLclszMKbeOKMPTEIZyiKKU2,5,1771162500180274000,1771162500173604000,50,Delete, ,49,Volam sa samuel mam psa aurela a idem s nim vonku
QcUKYLclszMKbeOKMPTEIZyiKKU2,5,1771162500405483000,1771162500398791000,49,Insert,.,50,Volam sa samuel mam psa aurela a idem s nim vonku.
QcUKYLclszMKbeOKMPTEIZyiKKU2,5,1771162501858696000,1771162501848702000,50,Insert,C,51,Volam sa samuel mam psa aurela a idem s nim vonku.C
QcUKYLclszMKbeOKMPTEIZyiKKU2,5,1771162501999560000,1771162501991977000,51,Insert,h,52,Volam sa samuel mam psa aurela a idem s nim vonku.Ch
QcUKYLclszMKbeOKMPTEIZyiKKU2,5,1771162502193308000,1771162502188796000,52,Insert,d,53,Volam sa samuel mam psa aurela a idem s nim vonku.Chd
QcUKYLclszMKbeOKMPTEIZyiKKU2,5,1771162502304624000,1771162502300039000,53,Insert,o,54,Volam sa samuel mam psa aurela a idem s nim vonku.Chdo
QcUKYLclszMKbeOKMPTEIZyiKKU2,5,1771162502487435000,1771162502483023000,54,Insert,i,55,Volam sa samuel mam psa aurela a idem s nim vonku.Chdoi
QcUKYLclszMKbeOKMPTEIZyiKKU2,5,1771162502697995000,1771162502690962000,55,Insert,m,56,Volam sa samuel mam psa aurela a idem s nim vonku.Chdoim
QcUKYLclszMKbeOKMPTEIZyiKKU2,5,1771162503893099000,1771162503889354000,56,Delete,d,55,Volam sa samuel mam psa aurela a idem s nim vonku.Choim
QcUKYLclszMKbeOKMPTEIZyiKKU2,5,1771162504869942000,1771162504864959000,55,Insert,d,56,Volam sa samuel mam psa aurela a idem s nim vonku.Chodim
QcUKYLclszMKbeOKMPTEIZyiKKU2,5,1771162506314887000,1771162506303297000,56,Insert, ,57,Volam sa samuel mam psa aurela a idem s nim vonku.Chodim 
QcUKYLclszMKbeOKMPTEIZyiKKU2,5,1771162506420838000,1771162506416704000,57,Insert,a,58,Volam sa samuel mam psa aurela a idem s nim vonku.Chodim a
QcUKYLclszMKbeOKMPTEIZyiKKU2,5,1771162506566462000,1771162506561699000,58,Insert,j,59,Volam sa samuel mam psa aurela a idem s nim vonku.Chodim aj
QcUKYLclszMKbeOKMPTEIZyiKKU2,5,1771162506788309000,1771162506781797000,59,Insert, ,60,Volam sa samuel mam psa aurela a idem s nim vonku.Chodim aj 
QcUKYLclszMKbeOKMPTEIZyiKKU2,5,1771162507669536000,1771162507663192000,60,Insert,d,61,Volam sa samuel mam psa aurela a idem s nim vonku.Chodim aj d
QcUKYLclszMKbeOKMPTEIZyiKKU2,5,1771162507769905000,1771162507764518000,61,Insert,o,62,Volam sa samuel mam psa aurela a idem s nim vonku.Chodim aj do
QcUKYLclszMKbeOKMPTEIZyiKKU2,5,1771162508002810000,1771162507995607000,62,Insert, ,63,Volam sa samuel mam psa aurela a idem s nim vonku.Chodim aj do 
QcUKYLclszMKbeOKMPTEIZyiKKU2,5,1771162508567508000,1771162508563340000,63,Insert,p,64,Volam sa samuel mam psa aurela a idem s nim vonku.Chodim aj do p
QcUKYLclszMKbeOKMPTEIZyiKKU2,5,1771162508631579000,1771162508625733000,64,Insert,r,65,Volam sa samuel mam psa aurela a idem s nim vonku.Chodim aj do pr
QcUKYLclszMKbeOKMPTEIZyiKKU2,5,1771162508838517000,1771162508832314000,65,Insert,a,66,Volam sa samuel mam psa aurela a idem s nim vonku.Chodim aj do pra
QcUKYLclszMKbeOKMPTEIZyiKKU2,5,1771162509028022000,1771162509022825000,66,Insert,c,67,Volam sa samuel mam psa aurela a idem s nim vonku.Chodim aj do prac
QcUKYLclszMKbeOKMPTEIZyiKKU2,5,1771162509244506000,1771162509237906000,67,Insert,e,68,Volam sa samuel mam psa aurela a idem s nim vonku.Chodim aj do prace
QcUKYLclszMKbeOKMPTEIZyiKKU2,5,1771162510111660000,1771162510099613000,68,Insert,.,69,Volam sa samuel mam psa aurela a idem s nim vonku.Chodim aj do prace.
QcUKYLclszMKbeOKMPTEIZyiKKU2,5,1771162510292294000,1771162510287560000,69,Insert,.,70,Volam sa samuel mam psa aurela a idem s nim vonku.Chodim aj do prace..
QcUKYLclszMKbeOKMPTEIZyiKKU2,5,1771162510446734000,1771162510442132000,70,Insert,.,71,Volam sa samuel mam psa aurela a idem s nim vonku.Chodim aj do prace...
QcUKYLclszMKbeOKMPTEIZyiKKU2,5,1771162510646851000,1771162510642237000,71,Insert,.,72,Volam sa samuel mam psa aurela a idem s nim vonku.Chodim aj do prace....
QcUKYLclszMKbeOKMPTEIZyiKKU2,5,1771162510851982000,1771162510849774000,72,Insert,.,73,Volam sa samuel mam psa aurela a idem s nim vonku.Chodim aj do prace.....
QcUKYLclszMKbeOKMPTEIZyiKKU2,5,1771162511050967000,1771162511046066000,73,Insert,.,74,Volam sa samuel mam psa aurela a idem s nim vonku.Chodim aj do prace......
QcUKYLclszMKbeOKMPTEIZyiKKU2,5,1771162511241441000,1771162511236482000,74,Insert,.,75,Volam sa samuel mam psa aurela a idem s nim vonku.Chodim aj do prace.......
QcUKYLclszMKbeOKMPTEIZyiKKU2,6,1771162512047528000,1771162512043111000,0,Insert,.,1,.
QcUKYLclszMKbeOKMPTEIZyiKKU2,6,1771162512731382000,1771162512727525000,1,Delete,.,0,
QcUKYLclszMKbeOKMPTEIZyiKKU2,6,1771162513667624000,1771162513660101000,0,Insert,V,1,V
QcUKYLclszMKbeOKMPTEIZyiKKU2,6,1771162513881229000,1771162513873596000,1,Insert,o,2,Vo
QcUKYLclszMKbeOKMPTEIZyiKKU2,6,1771162514090398000,1771162514084579000,2,Insert,l,3,Vol
QcUKYLclszMKbeOKMPTEIZyiKKU2,6,1771162514222837000,1771162514217809000,3,Insert,a,4,Vola
QcUKYLclszMKbeOKMPTEIZyiKKU2,6,1771162514336344000,1771162514331811000,4,Insert,m,5,Volam
QcUKYLclszMKbeOKMPTEIZyiKKU2,6,1771162514573586000,1771162514566478000,5,Insert, ,6,Volam 
QcUKYLclszMKbeOKMPTEIZyiKKU2,6,1771162515128891000,1771162515121425000,6,Insert,d,7,Volam d
QcUKYLclszMKbeOKMPTEIZyiKKU2,6,1771162515279431000,1771162515275555000,7,Insert,a,8,Volam da
QcUKYLclszMKbeOKMPTEIZyiKKU2,6,1771162515419396000,1771162515415097000,8,Insert, ,9,Volam da 
QcUKYLclszMKbeOKMPTEIZyiKKU2,6,1771162515893708000,1771162515888713000,9,Delete, ,8,Volam da
QcUKYLclszMKbeOKMPTEIZyiKKU2,6,1771162516045278000,1771162516039150000,8,Delete,a,7,Volam d
QcUKYLclszMKbeOKMPTEIZyiKKU2,6,1771162516236723000,1771162516231278000,7,Delete,d,6,Volam 
QcUKYLclszMKbeOKMPTEIZyiKKU2,6,1771162516350769000,1771162516343718000,6,Insert,s,7,Volam s
QcUKYLclszMKbeOKMPTEIZyiKKU2,6,1771162516521764000,1771162516516872000,7,Insert,a,8,Volam sa
QcUKYLclszMKbeOKMPTEIZyiKKU2,6,1771162516669660000,1771162516665507000,8,Insert, ,9,Volam sa 
QcUKYLclszMKbeOKMPTEIZyiKKU2,6,1771162517128649000,1771162517122458000,9,Insert,s,10,Volam sa s
QcUKYLclszMKbeOKMPTEIZyiKKU2,6,1771162517293760000,1771162517289818000,10,Insert,a,11,Volam sa sa
QcUKYLclszMKbeOKMPTEIZyiKKU2,6,1771162517389575000,1771162517386313000,11,Insert,m,12,Volam sa sam
QcUKYLclszMKbeOKMPTEIZyiKKU2,6,1771162517588534000,1771162517584096000,12,Insert,u,13,Volam sa samu
QcUKYLclszMKbeOKMPTEIZyiKKU2,6,1771162517746649000,1771162517742759000,13,Insert,e,14,Volam sa samue
QcUKYLclszMKbeOKMPTEIZyiKKU2,6,1771162517986334000,1771162517977918000,14,Insert,l,15,Volam sa samuel
QcUKYLclszMKbeOKMPTEIZyiKKU2,6,1771162518516893000,1771162518504614000,15,Insert, ,16,Volam sa samuel 
QcUKYLclszMKbeOKMPTEIZyiKKU2,6,1771162518794991000,1771162518788311000,16,Insert,m,17,Volam sa samuel m
QcUKYLclszMKbeOKMPTEIZyiKKU2,6,1771162518897203000,1771162518892189000,17,Insert,a,18,Volam sa samuel ma
QcUKYLclszMKbeOKMPTEIZyiKKU2,6,1771162519018579000,1771162519014594000,18,Insert,m,19,Volam sa samuel mam
QcUKYLclszMKbeOKMPTEIZyiKKU2,6,1771162519325409000,1771162519318818000,19,Insert, ,20,Volam sa samuel mam 
QcUKYLclszMKbeOKMPTEIZyiKKU2,6,1771162520167194000,1771162520151960000,20,Insert,p,21,Volam sa samuel mam p
QcUKYLclszMKbeOKMPTEIZyiKKU2,6,1771162520232707000,1771162520228361000,21,Insert,a,22,Volam sa samuel mam pa
QcUKYLclszMKbeOKMPTEIZyiKKU2,6,1771162520762459000,1771162520759251000,22,Delete,a,21,Volam sa samuel mam p
QcUKYLclszMKbeOKMPTEIZyiKKU2,6,1771162520865353000,1771162520860720000,21,Insert,s,22,Volam sa samuel mam ps
QcUKYLclszMKbeOKMPTEIZyiKKU2,6,1771162521045565000,1771162521037812000,22,Insert,a,23,Volam sa samuel mam psa
QcUKYLclszMKbeOKMPTEIZyiKKU2,6,1771162521249649000,1771162521242471000,23,Insert, ,24,Volam sa samuel mam psa 
QcUKYLclszMKbeOKMPTEIZyiKKU2,6,1771162521750163000,1771162521743512000,24,Insert,a,25,Volam sa samuel mam psa a
QcUKYLclszMKbeOKMPTEIZyiKKU2,6,1771162521931210000,1771162521926558000,25,Insert,u,26,Volam sa samuel mam psa au
QcUKYLclszMKbeOKMPTEIZyiKKU2,6,1771162522060943000,1771162522056821000,26,Insert,r,27,Volam sa samuel mam psa aur
QcUKYLclszMKbeOKMPTEIZyiKKU2,6,1771162522387050000,1771162522381009000,27,Insert,e,28,Volam sa samuel mam psa aure
QcUKYLclszMKbeOKMPTEIZyiKKU2,6,1771162522581497000,1771162522574214000,28,Insert,l,29,Volam sa samuel mam psa aurel
QcUKYLclszMKbeOKMPTEIZyiKKU2,6,1771162522880107000,1771162522873484000,29,Insert, ,30,Volam sa samuel mam psa aurel 
QcUKYLclszMKbeOKMPTEIZyiKKU2,6,1771162525611273000,1771162525605329000,30,Insert,a,31,Volam sa samuel mam psa aurel a
QcUKYLclszMKbeOKMPTEIZyiKKU2,6,1771162526216685000,1771162526209918000,31,Delete,a,30,Volam sa samuel mam psa aurel 
QcUKYLclszMKbeOKMPTEIZyiKKU2,6,1771162526340523000,1771162526337787000,30,Delete, ,29,Volam sa samuel mam psa aurel
QcUKYLclszMKbeOKMPTEIZyiKKU2,6,1771162526710531000,1771162526705746000,29,Insert,a,30,Volam sa samuel mam psa aurela
QcUKYLclszMKbeOKMPTEIZyiKKU2,6,1771162528149507000,1771162528138795000,30,Insert, ,31,Volam sa samuel mam psa aurela 
QcUKYLclszMKbeOKMPTEIZyiKKU2,6,1771162529795615000,1771162529789298000,31,Insert,a,32,Volam sa samuel mam psa aurela a
QcUKYLclszMKbeOKMPTEIZyiKKU2,6,1771162529875937000,1771162529870892000,32,Insert, ,33,Volam sa samuel mam psa aurela a 
QcUKYLclszMKbeOKMPTEIZyiKKU2,6,1771162530092187000,1771162530084212000,33,Insert,u,34,Volam sa samuel mam psa aurela a u
QcUKYLclszMKbeOKMPTEIZyiKKU2,6,1771162530160331000,1771162530156824000,34,Insert,d,35,Volam sa samuel mam psa aurela a ud
QcUKYLclszMKbeOKMPTEIZyiKKU2,6,1771162530330206000,1771162530323621000,35,Insert,e,36,Volam sa samuel mam psa aurela a ude
QcUKYLclszMKbeOKMPTEIZyiKKU2,6,1771162530411552000,1771162530408078000,36,Insert,m,37,Volam sa samuel mam psa aurela a udem
QcUKYLclszMKbeOKMPTEIZyiKKU2,6,1771162530605807000,1771162530601513000,37,Insert, ,38,Volam sa samuel mam psa aurela a udem 
QcUKYLclszMKbeOKMPTEIZyiKKU2,6,1771162532343022000,1771162532336021000,38,Delete,u,37,Volam sa samuel mam psa aurela a dem 
QcUKYLclszMKbeOKMPTEIZyiKKU2,6,1771162532560098000,1771162532554712000,37,Insert,i,38,Volam sa samuel mam psa aurela a idem 
QcUKYLclszMKbeOKMPTEIZyiKKU2,6,1771162534005068000,1771162533998782000,38,Insert,s,39,Volam sa samuel mam psa aurela a idem s
QcUKYLclszMKbeOKMPTEIZyiKKU2,6,1771162534514202000,1771162534507317000,39,Insert, ,40,Volam sa samuel mam psa aurela a idem s 
QcUKYLclszMKbeOKMPTEIZyiKKU2,6,1771162534758939000,1771162534754197000,40,Insert,n,41,Volam sa samuel mam psa aurela a idem s n
QcUKYLclszMKbeOKMPTEIZyiKKU2,6,1771162534946499000,1771162534941212000,41,Insert,i,42,Volam sa samuel mam psa aurela a idem s ni
QcUKYLclszMKbeOKMPTEIZyiKKU2,6,1771162535124018000,1771162535119930000,42,Insert,m,43,Volam sa samuel mam psa aurela a idem s nim
QcUKYLclszMKbeOKMPTEIZyiKKU2,6,1771162535323758000,1771162535319434000,43,Insert, ,44,Volam sa samuel mam psa aurela a idem s nim 
QcUKYLclszMKbeOKMPTEIZyiKKU2,6,1771162536739477000,1771162536733414000,44,Insert,v,45,Volam sa samuel mam psa aurela a idem s nim v
QcUKYLclszMKbeOKMPTEIZyiKKU2,6,1771162537001874000,1771162536995661000,45,Insert,o,46,Volam sa samuel mam psa aurela a idem s nim vo
QcUKYLclszMKbeOKMPTEIZyiKKU2,6,1771162537229911000,1771162537223777000,46,Insert,n,47,Volam sa samuel mam psa aurela a idem s nim von
QcUKYLclszMKbeOKMPTEIZyiKKU2,6,1771162537503282000,1771162537496781000,47,Insert,k,48,Volam sa samuel mam psa aurela a idem s nim vonk
QcUKYLclszMKbeOKMPTEIZyiKKU2,6,1771162537656839000,1771162537652083000,48,Insert,u,49,Volam sa samuel mam psa aurela a idem s nim vonku
QcUKYLclszMKbeOKMPTEIZyiKKU2,6,1771162537958100000,1771162537951665000,49,Insert,.,50,Volam sa samuel mam psa aurela a idem s nim vonku.
QcUKYLclszMKbeOKMPTEIZyiKKU2,6,1771162539002155000,1771162538993296000,50,Insert,C,51,Volam sa samuel mam psa aurela a idem s nim vonku.C
QcUKYLclszMKbeOKMPTEIZyiKKU2,6,1771162539138859000,1771162539134572000,51,Insert,g,52,Volam sa samuel mam psa aurela a idem s nim vonku.Cg
QcUKYLclszMKbeOKMPTEIZyiKKU2,6,1771162539312398000,1771162539306554000,52,Insert,d,53,Volam sa samuel mam psa aurela a idem s nim vonku.Cgd
QcUKYLclszMKbeOKMPTEIZyiKKU2,6,1771162539449502000,1771162539444715000,53,Insert,o,54,Volam sa samuel mam psa aurela a idem s nim vonku.Cgdo
QcUKYLclszMKbeOKMPTEIZyiKKU2,6,1771162539629030000,1771162539622628000,54,Insert,i,55,Volam sa samuel mam psa aurela a idem s nim vonku.Cgdoi
QcUKYLclszMKbeOKMPTEIZyiKKU2,6,1771162539811378000,1771162539806938000,55,Insert,m,56,Volam sa samuel mam psa aurela a idem s nim vonku.Cgdoim
QcUKYLclszMKbeOKMPTEIZyiKKU2,6,1771162541285616000,1771162541280691000,56,Delete,g,55,Volam sa samuel mam psa aurela a idem s nim vonku.Cdoim
QcUKYLclszMKbeOKMPTEIZyiKKU2,6,1771162541529135000,1771162541522280000,55,Insert,h,56,Volam sa samuel mam psa aurela a idem s nim vonku.Chdoim
QcUKYLclszMKbeOKMPTEIZyiKKU2,6,1771162543525814000,1771162543518705000,56,Delete,d,55,Volam sa samuel mam psa aurela a idem s nim vonku.Choim
QcUKYLclszMKbeOKMPTEIZyiKKU2,6,1771162544609058000,1771162544602487000,55,Insert,d,56,Volam sa samuel mam psa aurela a idem s nim vonku.Chodim
QcUKYLclszMKbeOKMPTEIZyiKKU2,6,1771162545592596000,1771162545581977000,56,Insert, ,57,Volam sa samuel mam psa aurela a idem s nim vonku.Chodim 
QcUKYLclszMKbeOKMPTEIZyiKKU2,6,1771162545993853000,1771162545987559000,57,Insert,a,58,Volam sa samuel mam psa aurela a idem s nim vonku.Chodim a
QcUKYLclszMKbeOKMPTEIZyiKKU2,6,1771162546079283000,1771162546074747000,58,Insert,j,59,Volam sa samuel mam psa aurela a idem s nim vonku.Chodim aj
QcUKYLclszMKbeOKMPTEIZyiKKU2,6,1771162546255418000,1771162546250957000,59,Insert, ,60,Volam sa samuel mam psa aurela a idem s nim vonku.Chodim aj 
QcUKYLclszMKbeOKMPTEIZyiKKU2,6,1771162546352547000,1771162546348128000,60,Insert,d,61,Volam sa samuel mam psa aurela a idem s nim vonku.Chodim aj d
QcUKYLclszMKbeOKMPTEIZyiKKU2,6,1771162546511569000,1771162546506717000,61,Insert,o,62,Volam sa samuel mam psa aurela a idem s nim vonku.Chodim aj do
QcUKYLclszMKbeOKMPTEIZyiKKU2,6,1771162546711287000,1771162546706040000,62,Insert, ,63,Volam sa samuel mam psa aurela a idem s nim vonku.Chodim aj do 
QcUKYLclszMKbeOKMPTEIZyiKKU2,6,1771162546953305000,1771162546948041000,63,Insert,p,64,Volam sa samuel mam psa aurela a idem s nim vonku.Chodim aj do p
QcUKYLclszMKbeOKMPTEIZyiKKU2,6,1771162547030443000,1771162547025813000,64,Insert,r,65,Volam sa samuel mam psa aurela a idem s nim vonku.Chodim aj do pr
QcUKYLclszMKbeOKMPTEIZyiKKU2,6,1771162547840867000,1771162547833549000,65,Insert,a,66,Volam sa samuel mam psa aurela a idem s nim vonku.Chodim aj do pra
QcUKYLclszMKbeOKMPTEIZyiKKU2,6,1771162547983184000,1771162547977423000,66,Insert,c,67,Volam sa samuel mam psa aurela a idem s nim vonku.Chodim aj do prac
QcUKYLclszMKbeOKMPTEIZyiKKU2,6,1771162548272020000,1771162548265827000,67,Insert,e,68,Volam sa samuel mam psa aurela a idem s nim vonku.Chodim aj do prace
QcUKYLclszMKbeOKMPTEIZyiKKU2,6,1771162548477567000,1771162548465991000,68,Insert, ,69,Volam sa samuel mam psa aurela a idem s nim vonku.Chodim aj do prace 
QcUKYLclszMKbeOKMPTEIZyiKKU2,6,1771162549355649000,1771162549350199000,69,Delete, ,68,Volam sa samuel mam psa aurela a idem s nim vonku.Chodim aj do prace
QcUKYLclszMKbeOKMPTEIZyiKKU2,6,1771162549651372000,1771162549641055000,68,Insert,.,69,Volam sa samuel mam psa aurela a idem s nim vonku.Chodim aj do prace.
QcUKYLclszMKbeOKMPTEIZyiKKU2,6,1771162549816910000,1771162549812124000,69,Insert,.,70,Volam sa samuel mam psa aurela a idem s nim vonku.Chodim aj do prace..
QcUKYLclszMKbeOKMPTEIZyiKKU2,6,1771162550012806000,1771162550005174000,70,Insert,.,71,Volam sa samuel mam psa aurela a idem s nim vonku.Chodim aj do prace...
QcUKYLclszMKbeOKMPTEIZyiKKU2,6,1771162550201123000,1771162550195552000,71,Insert,.,72,Volam sa samuel mam psa aurela a idem s nim vonku.Chodim aj do prace....
QcUKYLclszMKbeOKMPTEIZyiKKU2,6,1771162550387456000,1771162550381750000,72,Insert,.,73,Volam sa samuel mam psa aurela a idem s nim vonku.Chodim aj do prace.....
QcUKYLclszMKbeOKMPTEIZyiKKU2,6,1771162550590580000,1771162550584693000,73,Insert,.,74,Volam sa samuel mam psa aurela a idem s nim vonku.Chodim aj do prace......
QcUKYLclszMKbeOKMPTEIZyiKKU2,6,1771162550802634000,1771162550793287000,74,Insert,.,75,Volam sa samuel mam psa aurela a idem s nim vonku.Chodim aj do prace.......
QcUKYLclszMKbeOKMPTEIZyiKKU2,7,1771162552561130000,1771162552555279000,0,Insert,V,1,V
QcUKYLclszMKbeOKMPTEIZyiKKU2,7,1771162552823773000,1771162552818078000,1,Insert,o,2,Vo
QcUKYLclszMKbeOKMPTEIZyiKKU2,7,1771162552980464000,1771162552976528000,2,Insert,l,3,Vol
QcUKYLclszMKbeOKMPTEIZyiKKU2,7,1771162553123069000,1771162553119189000,3,Insert,a,4,Vola
QcUKYLclszMKbeOKMPTEIZyiKKU2,7,1771162553304131000,1771162553299982000,4,Insert,m,5,Volam
QcUKYLclszMKbeOKMPTEIZyiKKU2,7,1771162553550942000,1771162553541113000,5,Insert, ,6,Volam 
QcUKYLclszMKbeOKMPTEIZyiKKU2,7,1771162553848154000,1771162553842072000,6,Insert,s,7,Volam s
QcUKYLclszMKbeOKMPTEIZyiKKU2,7,1771162554027208000,1771162554022199000,7,Insert,a,8,Volam sa
QcUKYLclszMKbeOKMPTEIZyiKKU2,7,1771162554158868000,1771162554146455000,8,Insert, ,9,Volam sa 
QcUKYLclszMKbeOKMPTEIZyiKKU2,7,1771162554340236000,1771162554336528000,9,Insert,s,10,Volam sa s
QcUKYLclszMKbeOKMPTEIZyiKKU2,7,1771162554525077000,1771162554520447000,10,Insert,a,11,Volam sa sa
QcUKYLclszMKbeOKMPTEIZyiKKU2,7,1771162554894012000,1771162554886314000,11,Insert,m,12,Volam sa sam
QcUKYLclszMKbeOKMPTEIZyiKKU2,7,1771162555102839000,1771162555096951000,12,Insert,u,13,Volam sa samu
QcUKYLclszMKbeOKMPTEIZyiKKU2,7,1771162555358594000,1771162555352328000,13,Insert,e,14,Volam sa samue
QcUKYLclszMKbeOKMPTEIZyiKKU2,7,1771162555519347000,1771162555515666000,14,Insert,l,15,Volam sa samuel
QcUKYLclszMKbeOKMPTEIZyiKKU2,7,1771162555887366000,1771162555880821000,15,Insert, ,16,Volam sa samuel 
QcUKYLclszMKbeOKMPTEIZyiKKU2,7,1771162556300201000,1771162556292445000,16,Insert,m,17,Volam sa samuel m
QcUKYLclszMKbeOKMPTEIZyiKKU2,7,1771162556523030000,1771162556516665000,17,Insert,a,18,Volam sa samuel ma
QcUKYLclszMKbeOKMPTEIZyiKKU2,7,1771162556766091000,1771162556759225000,18,Insert,m,19,Volam sa samuel mam
QcUKYLclszMKbeOKMPTEIZyiKKU2,7,1771162557170532000,1771162557162908000,19,Insert, ,20,Volam sa samuel mam 
QcUKYLclszMKbeOKMPTEIZyiKKU2,7,1771162557593988000,1771162557587177000,20,Insert,p,21,Volam sa samuel mam p
QcUKYLclszMKbeOKMPTEIZyiKKU2,7,1771162557689373000,1771162557684905000,21,Insert,d,22,Volam sa samuel mam pd
QcUKYLclszMKbeOKMPTEIZyiKKU2,7,1771162557852904000,1771162557848412000,22,Insert,a,23,Volam sa samuel mam pda
QcUKYLclszMKbeOKMPTEIZyiKKU2,7,1771162558005797000,1771162558001430000,23,Insert, ,24,Volam sa samuel mam pda 
QcUKYLclszMKbeOKMPTEIZyiKKU2,7,1771162558427005000,1771162558424463000,24,Delete, ,23,Volam sa samuel mam pda
QcUKYLclszMKbeOKMPTEIZyiKKU2,7,1771162558593005000,1771162558590334000,23,Delete,a,22,Volam sa samuel mam pd
QcUKYLclszMKbeOKMPTEIZyiKKU2,7,1771162558752029000,1771162558749253000,22,Delete,d,21,Volam sa samuel mam p
QcUKYLclszMKbeOKMPTEIZyiKKU2,7,1771162558842319000,1771162558838040000,21,Insert,s,22,Volam sa samuel mam ps
QcUKYLclszMKbeOKMPTEIZyiKKU2,7,1771162559020652000,1771162559016547000,22,Insert,a,23,Volam sa samuel mam psa
QcUKYLclszMKbeOKMPTEIZyiKKU2,7,1771162559491003000,1771162559486189000,23,Insert, ,24,Volam sa samuel mam psa 
QcUKYLclszMKbeOKMPTEIZyiKKU2,7,1771162560089744000,1771162560085527000,24,Insert,a,25,Volam sa samuel mam psa a
QcUKYLclszMKbeOKMPTEIZyiKKU2,7,1771162560205705000,1771162560201394000,25,Insert,u,26,Volam sa samuel mam psa au
QcUKYLclszMKbeOKMPTEIZyiKKU2,7,1771162560341367000,1771162560335603000,26,Insert,r,27,Volam sa samuel mam psa aur
QcUKYLclszMKbeOKMPTEIZyiKKU2,7,1771162561629407000,1771162561619951000,27,Insert,e,28,Volam sa samuel mam psa aure
QcUKYLclszMKbeOKMPTEIZyiKKU2,7,1771162561781480000,1771162561776571000,28,Insert,l,29,Volam sa samuel mam psa aurel
QcUKYLclszMKbeOKMPTEIZyiKKU2,7,1771162561858426000,1771162561854812000,29,Insert,a,30,Volam sa samuel mam psa aurela
QcUKYLclszMKbeOKMPTEIZyiKKU2,7,1771162562094945000,1771162562088876000,30,Insert, ,31,Volam sa samuel mam psa aurela 
QcUKYLclszMKbeOKMPTEIZyiKKU2,7,1771162562806144000,1771162562796555000,31,Insert,a,32,Volam sa samuel mam psa aurela a
QcUKYLclszMKbeOKMPTEIZyiKKU2,7,1771162563006487000,1771162563001624000,32,Insert, ,33,Volam sa samuel mam psa aurela a 
QcUKYLclszMKbeOKMPTEIZyiKKU2,7,1771162563232602000,1771162563224712000,33,Insert,i,34,Volam sa samuel mam psa aurela a i
QcUKYLclszMKbeOKMPTEIZyiKKU2,7,1771162563311178000,1771162563306767000,34,Insert,d,35,Volam sa samuel mam psa aurela a id
QcUKYLclszMKbeOKMPTEIZyiKKU2,7,1771162563475187000,1771162563470904000,35,Insert,e,36,Volam sa samuel mam psa aurela a ide
QcUKYLclszMKbeOKMPTEIZyiKKU2,7,1771162563576448000,1771162563572331000,36,Insert,m,37,Volam sa samuel mam psa aurela a idem
QcUKYLclszMKbeOKMPTEIZyiKKU2,7,1771162563770890000,1771162563766810000,37,Insert, ,38,Volam sa samuel mam psa aurela a idem 
QcUKYLclszMKbeOKMPTEIZyiKKU2,7,1771162564457033000,1771162564450612000,38,Insert,d,39,Volam sa samuel mam psa aurela a idem d
QcUKYLclszMKbeOKMPTEIZyiKKU2,7,1771162564625440000,1771162564621396000,39,Insert, ,40,Volam sa samuel mam psa aurela a idem d 
QcUKYLclszMKbeOKMPTEIZyiKKU2,7,1771162565211173000,1771162565208272000,40,Delete, ,39,Volam sa samuel mam psa aurela a idem d
QcUKYLclszMKbeOKMPTEIZyiKKU2,7,1771162565377636000,1771162565374270000,39,Delete,d,38,Volam sa samuel mam psa aurela a idem 
QcUKYLclszMKbeOKMPTEIZyiKKU2,7,1771162565481933000,1771162565477838000,38,Insert,s,39,Volam sa samuel mam psa aurela a idem s
QcUKYLclszMKbeOKMPTEIZyiKKU2,7,1771162565667381000,1771162565663217000,39,Insert, ,40,Volam sa samuel mam psa aurela a idem s 
QcUKYLclszMKbeOKMPTEIZyiKKU2,7,1771162566038766000,1771162566031797000,40,Insert,n,41,Volam sa samuel mam psa aurela a idem s n
QcUKYLclszMKbeOKMPTEIZyiKKU2,7,1771162566223705000,1771162566219254000,41,Insert,i,42,Volam sa samuel mam psa aurela a idem s ni
QcUKYLclszMKbeOKMPTEIZyiKKU2,7,1771162566424674000,1771162566421024000,42,Insert,m,43,Volam sa samuel mam psa aurela a idem s nim
QcUKYLclszMKbeOKMPTEIZyiKKU2,7,1771162566620031000,1771162566614207000,43,Insert, ,44,Volam sa samuel mam psa aurela a idem s nim 
QcUKYLclszMKbeOKMPTEIZyiKKU2,7,1771162567379893000,1771162567372615000,44,Insert,v,45,Volam sa samuel mam psa aurela a idem s nim v
QcUKYLclszMKbeOKMPTEIZyiKKU2,7,1771162567619595000,1771162567612265000,45,Insert,o,46,Volam sa samuel mam psa aurela a idem s nim vo
QcUKYLclszMKbeOKMPTEIZyiKKU2,7,1771162567820787000,1771162567813642000,46,Insert,n,47,Volam sa samuel mam psa aurela a idem s nim von
QcUKYLclszMKbeOKMPTEIZyiKKU2,7,1771162568049592000,1771162568043240000,47,Insert,k,48,Volam sa samuel mam psa aurela a idem s nim vonk
QcUKYLclszMKbeOKMPTEIZyiKKU2,7,1771162568206616000,1771162568202745000,48,Insert,u,49,Volam sa samuel mam psa aurela a idem s nim vonku
QcUKYLclszMKbeOKMPTEIZyiKKU2,7,1771162569072552000,1771162569062205000,49,Insert,.,50,Volam sa samuel mam psa aurela a idem s nim vonku.
QcUKYLclszMKbeOKMPTEIZyiKKU2,7,1771162569543588000,1771162569537514000,50,Insert,C,51,Volam sa samuel mam psa aurela a idem s nim vonku.C
QcUKYLclszMKbeOKMPTEIZyiKKU2,7,1771162569704011000,1771162569699800000,51,Insert,h,52,Volam sa samuel mam psa aurela a idem s nim vonku.Ch
QcUKYLclszMKbeOKMPTEIZyiKKU2,7,1771162569913715000,1771162569905098000,52,Insert,d,53,Volam sa samuel mam psa aurela a idem s nim vonku.Chd
QcUKYLclszMKbeOKMPTEIZyiKKU2,7,1771162570050095000,1771162570045463000,53,Insert,o,54,Volam sa samuel mam psa aurela a idem s nim vonku.Chdo
QcUKYLclszMKbeOKMPTEIZyiKKU2,7,1771162570291118000,1771162570284844000,54,Insert,i,55,Volam sa samuel mam psa aurela a idem s nim vonku.Chdoi
QcUKYLclszMKbeOKMPTEIZyiKKU2,7,1771162570834051000,1771162570824632000,55,Delete,i,54,Volam sa samuel mam psa aurela a idem s nim vonku.Chdo
QcUKYLclszMKbeOKMPTEIZyiKKU2,7,1771162571003316000,1771162571000459000,54,Delete,o,53,Volam sa samuel mam psa aurela a idem s nim vonku.Chd
QcUKYLclszMKbeOKMPTEIZyiKKU2,7,1771162571156280000,1771162571154217000,53,Delete,d,52,Volam sa samuel mam psa aurela a idem s nim vonku.Ch
QcUKYLclszMKbeOKMPTEIZyiKKU2,7,1771162571602194000,1771162571594550000,52,Insert,o,53,Volam sa samuel mam psa aurela a idem s nim vonku.Cho
QcUKYLclszMKbeOKMPTEIZyiKKU2,7,1771162571848211000,1771162571840969000,53,Insert,d,54,Volam sa samuel mam psa aurela a idem s nim vonku.Chod
QcUKYLclszMKbeOKMPTEIZyiKKU2,7,1771162571996353000,1771162571989645000,54,Insert,i,55,Volam sa samuel mam psa aurela a idem s nim vonku.Chodi
QcUKYLclszMKbeOKMPTEIZyiKKU2,7,1771162572235802000,1771162572230122000,55,Insert,m,56,Volam sa samuel mam psa aurela a idem s nim vonku.Chodim
QcUKYLclszMKbeOKMPTEIZyiKKU2,7,1771162572448100000,1771162572439857000,56,Insert, ,57,Volam sa samuel mam psa aurela a idem s nim vonku.Chodim 
QcUKYLclszMKbeOKMPTEIZyiKKU2,7,1771162573936626000,1771162573927299000,57,Insert,a,58,Volam sa samuel mam psa aurela a idem s nim vonku.Chodim a
QcUKYLclszMKbeOKMPTEIZyiKKU2,7,1771162574069522000,1771162574062010000,58,Insert,j,59,Volam sa samuel mam psa aurela a idem s nim vonku.Chodim aj
QcUKYLclszMKbeOKMPTEIZyiKKU2,7,1771162574258498000,1771162574249225000,59,Insert, ,60,Volam sa samuel mam psa aurela a idem s nim vonku.Chodim aj 
QcUKYLclszMKbeOKMPTEIZyiKKU2,7,1771162576311746000,1771162576304267000,60,Insert,d,61,Volam sa samuel mam psa aurela a idem s nim vonku.Chodim aj d
QcUKYLclszMKbeOKMPTEIZyiKKU2,7,1771162576417801000,1771162576412409000,61,Insert,o,62,Volam sa samuel mam psa aurela a idem s nim vonku.Chodim aj do
QcUKYLclszMKbeOKMPTEIZyiKKU2,7,1771162576653739000,1771162576647022000,62,Insert, ,63,Volam sa samuel mam psa aurela a idem s nim vonku.Chodim aj do 
QcUKYLclszMKbeOKMPTEIZyiKKU2,7,1771162576981277000,1771162576974716000,63,Insert,p,64,Volam sa samuel mam psa aurela a idem s nim vonku.Chodim aj do p
QcUKYLclszMKbeOKMPTEIZyiKKU2,7,1771162577049636000,1771162577042579000,64,Insert,r,65,Volam sa samuel mam psa aurela a idem s nim vonku.Chodim aj do pr
QcUKYLclszMKbeOKMPTEIZyiKKU2,7,1771162577313383000,1771162577306861000,65,Insert,a,66,Volam sa samuel mam psa aurela a idem s nim vonku.Chodim aj do pra
QcUKYLclszMKbeOKMPTEIZyiKKU2,7,1771162577428671000,1771162577424028000,66,Insert,c,67,Volam sa samuel mam psa aurela a idem s nim vonku.Chodim aj do prac
QcUKYLclszMKbeOKMPTEIZyiKKU2,7,1771162577556172000,1771162577550871000,67,Insert,e,68,Volam sa samuel mam psa aurela a idem s nim vonku.Chodim aj do prace
QcUKYLclszMKbeOKMPTEIZyiKKU2,7,1771162578393789000,1771162578382657000,68,Insert,.,69,Volam sa samuel mam psa aurela a idem s nim vonku.Chodim aj do prace.
QcUKYLclszMKbeOKMPTEIZyiKKU2,7,1771162578551879000,1771162578547514000,69,Insert,.,70,Volam sa samuel mam psa aurela a idem s nim vonku.Chodim aj do prace..
QcUKYLclszMKbeOKMPTEIZyiKKU2,7,1771162578729238000,1771162578724701000,70,Insert,.,71,Volam sa samuel mam psa aurela a idem s nim vonku.Chodim aj do prace...
QcUKYLclszMKbeOKMPTEIZyiKKU2,7,1771162578898683000,1771162578894478000,71,Insert,.,72,Volam sa samuel mam psa aurela a idem s nim vonku.Chodim aj do prace....
QcUKYLclszMKbeOKMPTEIZyiKKU2,7,1771162579066331000,1771162579061468000,72,Insert,.,73,Volam sa samuel mam psa aurela a idem s nim vonku.Chodim aj do prace.....
QcUKYLclszMKbeOKMPTEIZyiKKU2,7,1771162579242924000,1771162579238589000,73,Insert,.,74,Volam sa samuel mam psa aurela a idem s nim vonku.Chodim aj do prace......
QcUKYLclszMKbeOKMPTEIZyiKKU2,7,1771162579427722000,1771162579423280000,74,Insert,.,75,Volam sa samuel mam psa aurela a idem s nim vonku.Chodim aj do prace.......
QcUKYLclszMKbeOKMPTEIZyiKKU2,8,1771162580296025000,1771162580287423000,0,Insert,.,1,.
QcUKYLclszMKbeOKMPTEIZyiKKU2,8,1771162580855106000,1771162580850912000,1,Delete,.,0,
QcUKYLclszMKbeOKMPTEIZyiKKU2,8,1771162581522801000,1771162581516112000,0,Insert,V,1,V
QcUKYLclszMKbeOKMPTEIZyiKKU2,8,1771162581728994000,1771162581722201000,1,Insert,o,2,Vo
QcUKYLclszMKbeOKMPTEIZyiKKU2,8,1771162581872900000,1771162581866706000,2,Insert,l,3,Vol
QcUKYLclszMKbeOKMPTEIZyiKKU2,8,1771162581976014000,1771162581971748000,3,Insert,a,4,Vola
QcUKYLclszMKbeOKMPTEIZyiKKU2,8,1771162582098195000,1771162582094392000,4,Insert,m,5,Volam
QcUKYLclszMKbeOKMPTEIZyiKKU2,8,1771162582291641000,1771162582278209000,5,Insert, ,6,Volam 
QcUKYLclszMKbeOKMPTEIZyiKKU2,8,1771162582434116000,1771162582430346000,6,Insert,s,7,Volam s
QcUKYLclszMKbeOKMPTEIZyiKKU2,8,1771162582595955000,1771162582589939000,7,Insert,a,8,Volam sa
QcUKYLclszMKbeOKMPTEIZyiKKU2,8,1771162582726108000,1771162582721797000,8,Insert, ,9,Volam sa 
QcUKYLclszMKbeOKMPTEIZyiKKU2,8,1771162582939546000,1771162582933625000,9,Insert,s,10,Volam sa s
QcUKYLclszMKbeOKMPTEIZyiKKU2,8,1771162583128115000,1771162583123875000,10,Insert,a,11,Volam sa sa
QcUKYLclszMKbeOKMPTEIZyiKKU2,8,1771162583518997000,1771162583513749000,11,Insert,m,12,Volam sa sam
QcUKYLclszMKbeOKMPTEIZyiKKU2,8,1771162583699711000,1771162583696255000,12,Insert,u,13,Volam sa samu
QcUKYLclszMKbeOKMPTEIZyiKKU2,8,1771162583823035000,1771162583819225000,13,Insert,e,14,Volam sa samue
QcUKYLclszMKbeOKMPTEIZyiKKU2,8,1771162583975581000,1771162583971672000,14,Insert,l,15,Volam sa samuel
QcUKYLclszMKbeOKMPTEIZyiKKU2,8,1771162584361352000,1771162584353344000,15,Insert, ,16,Volam sa samuel 
QcUKYLclszMKbeOKMPTEIZyiKKU2,8,1771162584604215000,1771162584598322000,16,Insert,a,17,Volam sa samuel a
QcUKYLclszMKbeOKMPTEIZyiKKU2,8,1771162584922725000,1771162584918963000,17,Delete,a,16,Volam sa samuel 
QcUKYLclszMKbeOKMPTEIZyiKKU2,8,1771162585120365000,1771162585114883000,16,Insert,m,17,Volam sa samuel m
QcUKYLclszMKbeOKMPTEIZyiKKU2,8,1771162585226210000,1771162585222057000,17,Insert,a,18,Volam sa samuel ma
QcUKYLclszMKbeOKMPTEIZyiKKU2,8,1771162585365019000,1771162585359705000,18,Insert,m,19,Volam sa samuel mam
QcUKYLclszMKbeOKMPTEIZyiKKU2,8,1771162585715095000,1771162585692527000,19,Insert, ,20,Volam sa samuel mam 
QcUKYLclszMKbeOKMPTEIZyiKKU2,8,1771162586072831000,1771162586065854000,20,Insert,p,21,Volam sa samuel mam p
QcUKYLclszMKbeOKMPTEIZyiKKU2,8,1771162586177278000,1771162586173277000,21,Insert,s,22,Volam sa samuel mam ps
QcUKYLclszMKbeOKMPTEIZyiKKU2,8,1771162586360013000,1771162586351612000,22,Insert,a,23,Volam sa samuel mam psa
QcUKYLclszMKbeOKMPTEIZyiKKU2,8,1771162586485155000,1771162586482999000,23,Insert, ,24,Volam sa samuel mam psa 
QcUKYLclszMKbeOKMPTEIZyiKKU2,8,1771162587265778000,1771162587259991000,24,Insert,a,25,Volam sa samuel mam psa a
QcUKYLclszMKbeOKMPTEIZyiKKU2,8,1771162587342350000,1771162587337403000,25,Insert,u,26,Volam sa samuel mam psa au
QcUKYLclszMKbeOKMPTEIZyiKKU2,8,1771162587563652000,1771162587557845000,26,Insert,r,27,Volam sa samuel mam psa aur
QcUKYLclszMKbeOKMPTEIZyiKKU2,8,1771162587783204000,1771162587776837000,27,Insert,e,28,Volam sa samuel mam psa aure
QcUKYLclszMKbeOKMPTEIZyiKKU2,8,1771162587928678000,1771162587924919000,28,Insert,l,29,Volam sa samuel mam psa aurel
QcUKYLclszMKbeOKMPTEIZyiKKU2,8,1771162588479397000,1771162588473260000,29,Insert,a,30,Volam sa samuel mam psa aurela
QcUKYLclszMKbeOKMPTEIZyiKKU2,8,1771162588771624000,1771162588763809000,30,Insert, ,31,Volam sa samuel mam psa aurela 
QcUKYLclszMKbeOKMPTEIZyiKKU2,8,1771162589078016000,1771162589074234000,31,Insert,a,32,Volam sa samuel mam psa aurela a
QcUKYLclszMKbeOKMPTEIZyiKKU2,8,1771162589285014000,1771162589280662000,32,Insert, ,33,Volam sa samuel mam psa aurela a 
QcUKYLclszMKbeOKMPTEIZyiKKU2,8,1771162589550054000,1771162589542109000,33,Insert,i,34,Volam sa samuel mam psa aurela a i
QcUKYLclszMKbeOKMPTEIZyiKKU2,8,1771162589615740000,1771162589611282000,34,Insert,d,35,Volam sa samuel mam psa aurela a id
QcUKYLclszMKbeOKMPTEIZyiKKU2,8,1771162589812683000,1771162589799543000,35,Insert,e,36,Volam sa samuel mam psa aurela a ide
QcUKYLclszMKbeOKMPTEIZyiKKU2,8,1771162589899486000,1771162589895833000,36,Insert,m,37,Volam sa samuel mam psa aurela a idem
QcUKYLclszMKbeOKMPTEIZyiKKU2,8,1771162590124134000,1771162590115543000,37,Insert, ,38,Volam sa samuel mam psa aurela a idem 
QcUKYLclszMKbeOKMPTEIZyiKKU2,8,1771162590625743000,1771162590619534000,38,Insert,s,39,Volam sa samuel mam psa aurela a idem s
QcUKYLclszMKbeOKMPTEIZyiKKU2,8,1771162590831415000,1771162590824325000,39,Insert, ,40,Volam sa samuel mam psa aurela a idem s 
QcUKYLclszMKbeOKMPTEIZyiKKU2,8,1771162591175947000,1771162591169696000,40,Insert,n,41,Volam sa samuel mam psa aurela a idem s n
QcUKYLclszMKbeOKMPTEIZyiKKU2,8,1771162591348058000,1771162591342319000,41,Insert,i,42,Volam sa samuel mam psa aurela a idem s ni
QcUKYLclszMKbeOKMPTEIZyiKKU2,8,1771162591559608000,1771162591554900000,42,Insert,m,43,Volam sa samuel mam psa aurela a idem s nim
QcUKYLclszMKbeOKMPTEIZyiKKU2,8,1771162591733536000,1771162591729239000,43,Insert, ,44,Volam sa samuel mam psa aurela a idem s nim 
QcUKYLclszMKbeOKMPTEIZyiKKU2,8,1771162592413965000,1771162592401992000,44,Insert,v,45,Volam sa samuel mam psa aurela a idem s nim v
QcUKYLclszMKbeOKMPTEIZyiKKU2,8,1771162592660906000,1771162592647248000,45,Insert,o,46,Volam sa samuel mam psa aurela a idem s nim vo
QcUKYLclszMKbeOKMPTEIZyiKKU2,8,1771162592857645000,1771162592852965000,46,Insert,n,47,Volam sa samuel mam psa aurela a idem s nim von
QcUKYLclszMKbeOKMPTEIZyiKKU2,8,1771162593062849000,1771162593056374000,47,Insert,k,48,Volam sa samuel mam psa aurela a idem s nim vonk
QcUKYLclszMKbeOKMPTEIZyiKKU2,8,1771162593210945000,1771162593206873000,48,Insert,u,49,Volam sa samuel mam psa aurela a idem s nim vonku
QcUKYLclszMKbeOKMPTEIZyiKKU2,8,1771162593743404000,1771162593739027000,49,Insert,.,50,Volam sa samuel mam psa aurela a idem s nim vonku.
QcUKYLclszMKbeOKMPTEIZyiKKU2,8,1771162594637671000,1771162594622775000,50,Insert,C,51,Volam sa samuel mam psa aurela a idem s nim vonku.C
QcUKYLclszMKbeOKMPTEIZyiKKU2,8,1771162594698023000,1771162594693485000,51,Insert,h,52,Volam sa samuel mam psa aurela a idem s nim vonku.Ch
QcUKYLclszMKbeOKMPTEIZyiKKU2,8,1771162594878104000,1771162594869969000,52,Insert,o,53,Volam sa samuel mam psa aurela a idem s nim vonku.Cho
QcUKYLclszMKbeOKMPTEIZyiKKU2,8,1771162594957392000,1771162594952554000,53,Insert,d,54,Volam sa samuel mam psa aurela a idem s nim vonku.Chod
QcUKYLclszMKbeOKMPTEIZyiKKU2,8,1771162595241046000,1771162595234080000,54,Insert,i,55,Volam sa samuel mam psa aurela a idem s nim vonku.Chodi
QcUKYLclszMKbeOKMPTEIZyiKKU2,8,1771162595729609000,1771162595723480000,55,Insert,m,56,Volam sa samuel mam psa aurela a idem s nim vonku.Chodim
QcUKYLclszMKbeOKMPTEIZyiKKU2,8,1771162595960887000,1771162595952844000,56,Insert, ,57,Volam sa samuel mam psa aurela a idem s nim vonku.Chodim 
QcUKYLclszMKbeOKMPTEIZyiKKU2,8,1771162596647542000,1771162596639499000,57,Insert,a,58,Volam sa samuel mam psa aurela a idem s nim vonku.Chodim a
QcUKYLclszMKbeOKMPTEIZyiKKU2,8,1771162596760342000,1771162596755938000,58,Insert,j,59,Volam sa samuel mam psa aurela a idem s nim vonku.Chodim aj
QcUKYLclszMKbeOKMPTEIZyiKKU2,8,1771162597012099000,1771162597005581000,59,Insert, ,60,Volam sa samuel mam psa aurela a idem s nim vonku.Chodim aj 
QcUKYLclszMKbeOKMPTEIZyiKKU2,8,1771162597184596000,1771162597180098000,60,Insert,d,61,Volam sa samuel mam psa aurela a idem s nim vonku.Chodim aj d
QcUKYLclszMKbeOKMPTEIZyiKKU2,8,1771162597316468000,1771162597312267000,61,Insert,o,62,Volam sa samuel mam psa aurela a idem s nim vonku.Chodim aj do
QcUKYLclszMKbeOKMPTEIZyiKKU2,8,1771162597523643000,1771162597515741000,62,Insert, ,63,Volam sa samuel mam psa aurela a idem s nim vonku.Chodim aj do 
QcUKYLclszMKbeOKMPTEIZyiKKU2,8,1771162597974188000,1771162597967246000,63,Insert,p,64,Volam sa samuel mam psa aurela a idem s nim vonku.Chodim aj do p
QcUKYLclszMKbeOKMPTEIZyiKKU2,8,1771162598052303000,1771162598047600000,64,Insert,r,65,Volam sa samuel mam psa aurela a idem s nim vonku.Chodim aj do pr
QcUKYLclszMKbeOKMPTEIZyiKKU2,8,1771162598329062000,1771162598322679000,65,Insert,w,66,Volam sa samuel mam psa aurela a idem s nim vonku.Chodim aj do prw
QcUKYLclszMKbeOKMPTEIZyiKKU2,8,1771162598499200000,1771162598494514000,66,Insert,c,67,Volam sa samuel mam psa aurela a idem s nim vonku.Chodim aj do prwc
QcUKYLclszMKbeOKMPTEIZyiKKU2,8,1771162598584716000,1771162598580463000,67,Insert,e,68,Volam sa samuel mam psa aurela a idem s nim vonku.Chodim aj do prwce
QcUKYLclszMKbeOKMPTEIZyiKKU2,8,1771162599879398000,1771162599875712000,68,Delete,w,67,Volam sa samuel mam psa aurela a idem s nim vonku.Chodim aj do prce
QcUKYLclszMKbeOKMPTEIZyiKKU2,8,1771162600007480000,1771162600002120000,67,Insert,a,68,Volam sa samuel mam psa aurela a idem s nim vonku.Chodim aj do prace
QcUKYLclszMKbeOKMPTEIZyiKKU2,8,1771162601229942000,1771162601222224000,68,Insert,.,69,Volam sa samuel mam psa aurela a idem s nim vonku.Chodim aj do prace.
QcUKYLclszMKbeOKMPTEIZyiKKU2,8,1771162601417023000,1771162601411212000,69,Insert,.,70,Volam sa samuel mam psa aurela a idem s nim vonku.Chodim aj do prace..
QcUKYLclszMKbeOKMPTEIZyiKKU2,8,1771162601607884000,1771162601602851000,70,Insert,.,71,Volam sa samuel mam psa aurela a idem s nim vonku.Chodim aj do prace...
QcUKYLclszMKbeOKMPTEIZyiKKU2,8,1771162601790057000,1771162601785061000,71,Insert,.,72,Volam sa samuel mam psa aurela a idem s nim vonku.Chodim aj do prace....
QcUKYLclszMKbeOKMPTEIZyiKKU2,8,1771162601972385000,1771162601967690000,72,Insert,.,73,Volam sa samuel mam psa aurela a idem s nim vonku.Chodim aj do prace.....
QcUKYLclszMKbeOKMPTEIZyiKKU2,8,1771162602159288000,1771162602154734000,73,Insert,.,74,Volam sa samuel mam psa aurela a idem s nim vonku.Chodim aj do prace......
QcUKYLclszMKbeOKMPTEIZyiKKU2,8,1771162602355464000,1771162602349744000,74,Insert,.,75,Volam sa samuel mam psa aurela a idem s nim vonku.Chodim aj do prace.......
QcUKYLclszMKbeOKMPTEIZyiKKU2,9,1771162604683335000,1771162604676660000,0,Insert,V,1,V
QcUKYLclszMKbeOKMPTEIZyiKKU2,9,1771162604941311000,1771162604935554000,1,Insert,o,2,Vo
QcUKYLclszMKbeOKMPTEIZyiKKU2,9,1771162605071177000,1771162605066280000,2,Insert,l,3,Vol
QcUKYLclszMKbeOKMPTEIZyiKKU2,9,1771162605189615000,1771162605185379000,3,Insert,a,4,Vola
QcUKYLclszMKbeOKMPTEIZyiKKU2,9,1771162605321647000,1771162605317836000,4,Insert,m,5,Volam
QcUKYLclszMKbeOKMPTEIZyiKKU2,9,1771162605562210000,1771162605552454000,5,Insert, ,6,Volam 
QcUKYLclszMKbeOKMPTEIZyiKKU2,9,1771162610249356000,1771162610241756000,6,Insert,V,7,Volam V
QcUKYLclszMKbeOKMPTEIZyiKKU2,9,1771162610506358000,1771162610499775000,7,Insert,o,8,Volam Vo
QcUKYLclszMKbeOKMPTEIZyiKKU2,9,1771162610901401000,1771162610897532000,8,Delete,o,7,Volam V
QcUKYLclszMKbeOKMPTEIZyiKKU2,9,1771162611059134000,1771162611056443000,7,Delete,V,6,Volam 
QcUKYLclszMKbeOKMPTEIZyiKKU2,9,1771162611349362000,1771162611342668000,6,Insert,s,7,Volam s
QcUKYLclszMKbeOKMPTEIZyiKKU2,9,1771162611535664000,1771162611531065000,7,Insert,a,8,Volam sa
QcUKYLclszMKbeOKMPTEIZyiKKU2,9,1771162611660598000,1771162611656664000,8,Insert, ,9,Volam sa 
QcUKYLclszMKbeOKMPTEIZyiKKU2,9,1771162611868164000,1771162611859720000,9,Insert,s,10,Volam sa s
QcUKYLclszMKbeOKMPTEIZyiKKU2,9,1771162612035889000,1771162612031751000,10,Insert,a,11,Volam sa sa
QcUKYLclszMKbeOKMPTEIZyiKKU2,9,1771162612157202000,1771162612152617000,11,Insert,m,12,Volam sa sam
QcUKYLclszMKbeOKMPTEIZyiKKU2,9,1771162612594960000,1771162612587737000,12,Insert,u,13,Volam sa samu
QcUKYLclszMKbeOKMPTEIZyiKKU2,9,1771162612862329000,1771162612856287000,13,Insert,e,14,Volam sa samue
QcUKYLclszMKbeOKMPTEIZyiKKU2,9,1771162613014491000,1771162613009660000,14,Insert,l,15,Volam sa samuel
QcUKYLclszMKbeOKMPTEIZyiKKU2,9,1771162613254648000,1771162613247905000,15,Insert, ,16,Volam sa samuel 
QcUKYLclszMKbeOKMPTEIZyiKKU2,9,1771162613693296000,1771162613682728000,16,Insert,m,17,Volam sa samuel m
QcUKYLclszMKbeOKMPTEIZyiKKU2,9,1771162613784374000,1771162613780707000,17,Insert,a,18,Volam sa samuel ma
QcUKYLclszMKbeOKMPTEIZyiKKU2,9,1771162613908430000,1771162613904223000,18,Insert,m,19,Volam sa samuel mam
QcUKYLclszMKbeOKMPTEIZyiKKU2,9,1771162614162371000,1771162614155779000,19,Insert, ,20,Volam sa samuel mam 
QcUKYLclszMKbeOKMPTEIZyiKKU2,9,1771162614653611000,1771162614646791000,20,Insert,p,21,Volam sa samuel mam p
QcUKYLclszMKbeOKMPTEIZyiKKU2,9,1771162614789738000,1771162614780619000,21,Insert,s,22,Volam sa samuel mam ps
QcUKYLclszMKbeOKMPTEIZyiKKU2,9,1771162614960199000,1771162614956455000,22,Insert,a,23,Volam sa samuel mam psa
QcUKYLclszMKbeOKMPTEIZyiKKU2,9,1771162615102462000,1771162615098363000,23,Insert, ,24,Volam sa samuel mam psa 
QcUKYLclszMKbeOKMPTEIZyiKKU2,9,1771162615831096000,1771162615826579000,24,Insert,a,25,Volam sa samuel mam psa a
QcUKYLclszMKbeOKMPTEIZyiKKU2,9,1771162616173783000,1771162616164938000,25,Insert,u,26,Volam sa samuel mam psa au
QcUKYLclszMKbeOKMPTEIZyiKKU2,9,1771162616458696000,1771162616450236000,26,Insert,r,27,Volam sa samuel mam psa aur
QcUKYLclszMKbeOKMPTEIZyiKKU2,9,1771162616632628000,1771162616625338000,27,Insert,e,28,Volam sa samuel mam psa aure
QcUKYLclszMKbeOKMPTEIZyiKKU2,9,1771162616758918000,1771162616754396000,28,Insert,l,29,Volam sa samuel mam psa aurel
QcUKYLclszMKbeOKMPTEIZyiKKU2,9,1771162616894246000,1771162616890518000,29,Insert,a,30,Volam sa samuel mam psa aurela
QcUKYLclszMKbeOKMPTEIZyiKKU2,9,1771162617151958000,1771162617145511000,30,Insert, ,31,Volam sa samuel mam psa aurela 
QcUKYLclszMKbeOKMPTEIZyiKKU2,9,1771162617399946000,1771162617393807000,31,Insert,a,32,Volam sa samuel mam psa aurela a
QcUKYLclszMKbeOKMPTEIZyiKKU2,9,1771162617657731000,1771162617648917000,32,Insert, ,33,Volam sa samuel mam psa aurela a 
QcUKYLclszMKbeOKMPTEIZyiKKU2,9,1771162617902821000,1771162617896161000,33,Insert,j,34,Volam sa samuel mam psa aurela a j
QcUKYLclszMKbeOKMPTEIZyiKKU2,9,1771162618000370000,1771162617996316000,34,Insert,d,35,Volam sa samuel mam psa aurela a jd
QcUKYLclszMKbeOKMPTEIZyiKKU2,9,1771162618211960000,1771162618204961000,35,Insert,e,36,Volam sa samuel mam psa aurela a jde
QcUKYLclszMKbeOKMPTEIZyiKKU2,9,1771162618356904000,1771162618352681000,36,Insert,m,37,Volam sa samuel mam psa aurela a jdem
QcUKYLclszMKbeOKMPTEIZyiKKU2,9,1771162618586232000,1771162618579622000,37,Insert, ,38,Volam sa samuel mam psa aurela a jdem 
QcUKYLclszMKbeOKMPTEIZyiKKU2,9,1771162618807312000,1771162618799995000,38,Insert,s,39,Volam sa samuel mam psa aurela a jdem s
QcUKYLclszMKbeOKMPTEIZyiKKU2,9,1771162620409092000,1771162620405305000,39,Delete,j,38,Volam sa samuel mam psa aurela a dem s
QcUKYLclszMKbeOKMPTEIZyiKKU2,9,1771162620602439000,1771162620597968000,38,Insert,i,39,Volam sa samuel mam psa aurela a idem s
QcUKYLclszMKbeOKMPTEIZyiKKU2,9,1771162621860993000,1771162621854123000,39,Insert, ,40,Volam sa samuel mam psa aurela a idem s 
QcUKYLclszMKbeOKMPTEIZyiKKU2,9,1771162622117684000,1771162622112863000,40,Insert,n,41,Volam sa samuel mam psa aurela a idem s n
QcUKYLclszMKbeOKMPTEIZyiKKU2,9,1771162622322267000,1771162622316462000,41,Insert,i,42,Volam sa samuel mam psa aurela a idem s ni
QcUKYLclszMKbeOKMPTEIZyiKKU2,9,1771162622512317000,1771162622508342000,42,Insert,m,43,Volam sa samuel mam psa aurela a idem s nim
QcUKYLclszMKbeOKMPTEIZyiKKU2,9,1771162622687633000,1771162622682733000,43,Insert, ,44,Volam sa samuel mam psa aurela a idem s nim 
QcUKYLclszMKbeOKMPTEIZyiKKU2,9,1771162623188455000,1771162623182085000,44,Insert,v,45,Volam sa samuel mam psa aurela a idem s nim v
QcUKYLclszMKbeOKMPTEIZyiKKU2,9,1771162623404982000,1771162623401165000,45,Insert,o,46,Volam sa samuel mam psa aurela a idem s nim vo
QcUKYLclszMKbeOKMPTEIZyiKKU2,9,1771162623596056000,1771162623590693000,46,Insert,n,47,Volam sa samuel mam psa aurela a idem s nim von
QcUKYLclszMKbeOKMPTEIZyiKKU2,9,1771162623774449000,1771162623769717000,47,Insert,k,48,Volam sa samuel mam psa aurela a idem s nim vonk
QcUKYLclszMKbeOKMPTEIZyiKKU2,9,1771162623951214000,1771162623944169000,48,Insert,u,49,Volam sa samuel mam psa aurela a idem s nim vonku
QcUKYLclszMKbeOKMPTEIZyiKKU2,9,1771162624872041000,1771162624863386000,49,Insert,.,50,Volam sa samuel mam psa aurela a idem s nim vonku.
QcUKYLclszMKbeOKMPTEIZyiKKU2,9,1771162625479963000,1771162625475880000,50,Insert,C,51,Volam sa samuel mam psa aurela a idem s nim vonku.C
QcUKYLclszMKbeOKMPTEIZyiKKU2,9,1771162625660288000,1771162625654706000,51,Insert,h,52,Volam sa samuel mam psa aurela a idem s nim vonku.Ch
QcUKYLclszMKbeOKMPTEIZyiKKU2,9,1771162626116291000,1771162626110180000,52,Insert,o,53,Volam sa samuel mam psa aurela a idem s nim vonku.Cho
QcUKYLclszMKbeOKMPTEIZyiKKU2,9,1771162626272811000,1771162626268340000,53,Insert,d,54,Volam sa samuel mam psa aurela a idem s nim vonku.Chod
QcUKYLclszMKbeOKMPTEIZyiKKU2,9,1771162626516890000,1771162626509152000,54,Insert,i,55,Volam sa samuel mam psa aurela a idem s nim vonku.Chodi
QcUKYLclszMKbeOKMPTEIZyiKKU2,9,1771162626732192000,1771162626726107000,55,Insert,m,56,Volam sa samuel mam psa aurela a idem s nim vonku.Chodim
QcUKYLclszMKbeOKMPTEIZyiKKU2,9,1771162627010812000,1771162627003192000,56,Insert, ,57,Volam sa samuel mam psa aurela a idem s nim vonku.Chodim 
QcUKYLclszMKbeOKMPTEIZyiKKU2,9,1771162627159398000,1771162627155361000,57,Insert,a,58,Volam sa samuel mam psa aurela a idem s nim vonku.Chodim a
QcUKYLclszMKbeOKMPTEIZyiKKU2,9,1771162627273847000,1771162627270024000,58,Insert,j,59,Volam sa samuel mam psa aurela a idem s nim vonku.Chodim aj
QcUKYLclszMKbeOKMPTEIZyiKKU2,9,1771162627433361000,1771162627428957000,59,Insert, ,60,Volam sa samuel mam psa aurela a idem s nim vonku.Chodim aj 
QcUKYLclszMKbeOKMPTEIZyiKKU2,9,1771162627681152000,1771162627673268000,60,Insert,d,61,Volam sa samuel mam psa aurela a idem s nim vonku.Chodim aj d
QcUKYLclszMKbeOKMPTEIZyiKKU2,9,1771162627792813000,1771162627788355000,61,Insert,o,62,Volam sa samuel mam psa aurela a idem s nim vonku.Chodim aj do
QcUKYLclszMKbeOKMPTEIZyiKKU2,9,1771162628071147000,1771162628063265000,62,Insert, ,63,Volam sa samuel mam psa aurela a idem s nim vonku.Chodim aj do 
QcUKYLclszMKbeOKMPTEIZyiKKU2,9,1771162628330473000,1771162628322304000,63,Insert,p,64,Volam sa samuel mam psa aurela a idem s nim vonku.Chodim aj do p
QcUKYLclszMKbeOKMPTEIZyiKKU2,9,1771162628396938000,1771162628393150000,64,Insert,r,65,Volam sa samuel mam psa aurela a idem s nim vonku.Chodim aj do pr
QcUKYLclszMKbeOKMPTEIZyiKKU2,9,1771162628555777000,1771162628550271000,65,Insert,e,66,Volam sa samuel mam psa aurela a idem s nim vonku.Chodim aj do pre
QcUKYLclszMKbeOKMPTEIZyiKKU2,9,1771162628965116000,1771162628959514000,66,Delete,e,65,Volam sa samuel mam psa aurela a idem s nim vonku.Chodim aj do pr
QcUKYLclszMKbeOKMPTEIZyiKKU2,9,1771162629056400000,1771162629046410000,65,Insert,a,66,Volam sa samuel mam psa aurela a idem s nim vonku.Chodim aj do pra
QcUKYLclszMKbeOKMPTEIZyiKKU2,9,1771162629565873000,1771162629558741000,66,Insert,c,67,Volam sa samuel mam psa aurela a idem s nim vonku.Chodim aj do prac
QcUKYLclszMKbeOKMPTEIZyiKKU2,9,1771162629774774000,1771162629766123000,67,Insert,e,68,Volam sa samuel mam psa aurela a idem s nim vonku.Chodim aj do prace
QcUKYLclszMKbeOKMPTEIZyiKKU2,9,1771162629916182000,1771162629911690000,68,Insert,.,69,Volam sa samuel mam psa aurela a idem s nim vonku.Chodim aj do prace.
QcUKYLclszMKbeOKMPTEIZyiKKU2,9,1771162630090986000,1771162630086498000,69,Insert,.,70,Volam sa samuel mam psa aurela a idem s nim vonku.Chodim aj do prace..
QcUKYLclszMKbeOKMPTEIZyiKKU2,9,1771162630256272000,1771162630248977000,70,Insert,.,71,Volam sa samuel mam psa aurela a idem s nim vonku.Chodim aj do prace...
QcUKYLclszMKbeOKMPTEIZyiKKU2,9,1771162630424531000,1771162630420015000,71,Insert,.,72,Volam sa samuel mam psa aurela a idem s nim vonku.Chodim aj do prace....
QcUKYLclszMKbeOKMPTEIZyiKKU2,9,1771162630593538000,1771162630589428000,72,Insert,.,73,Volam sa samuel mam psa aurela a idem s nim vonku.Chodim aj do prace.....
QcUKYLclszMKbeOKMPTEIZyiKKU2,9,1771162630772355000,1771162630766048000,73,Insert,.,74,Volam sa samuel mam psa aurela a idem s nim vonku.Chodim aj do prace......
QcUKYLclszMKbeOKMPTEIZyiKKU2,9,1771162630961370000,1771162630953171000,74,Insert,.,75,Volam sa samuel mam psa aurela a idem s nim vonku.Chodim aj do prace.......
QcUKYLclszMKbeOKMPTEIZyiKKU2,10,1771162633548372000,1771162633542436000,0,Insert,V,1,V
QcUKYLclszMKbeOKMPTEIZyiKKU2,10,1771162633786120000,1771162633779566000,1,Insert,o,2,Vo
QcUKYLclszMKbeOKMPTEIZyiKKU2,10,1771162633946204000,1771162633942242000,2,Insert,l,3,Vol
QcUKYLclszMKbeOKMPTEIZyiKKU2,10,1771162634067179000,1771162634063305000,3,Insert,a,4,Vola
QcUKYLclszMKbeOKMPTEIZyiKKU2,10,1771162634182061000,1771162634175301000,4,Insert,m,5,Volam
QcUKYLclszMKbeOKMPTEIZyiKKU2,10,1771162634352731000,1771162634348561000,5,Insert, ,6,Volam 
QcUKYLclszMKbeOKMPTEIZyiKKU2,10,1771162634443416000,1771162634439635000,6,Insert,s,7,Volam s
QcUKYLclszMKbeOKMPTEIZyiKKU2,10,1771162634601528000,1771162634596024000,7,Insert,a,8,Volam sa
QcUKYLclszMKbeOKMPTEIZyiKKU2,10,1771162634696189000,1771162634692213000,8,Insert, ,9,Volam sa 
QcUKYLclszMKbeOKMPTEIZyiKKU2,10,1771162634994424000,1771162634983737000,9,Insert,s,10,Volam sa s
QcUKYLclszMKbeOKMPTEIZyiKKU2,10,1771162635186515000,1771162635182502000,10,Insert,a,11,Volam sa sa
QcUKYLclszMKbeOKMPTEIZyiKKU2,10,1771162635328822000,1771162635323935000,11,Insert,m,12,Volam sa sam
QcUKYLclszMKbeOKMPTEIZyiKKU2,10,1771162635541307000,1771162635537589000,12,Insert,u,13,Volam sa samu
QcUKYLclszMKbeOKMPTEIZyiKKU2,10,1771162635748723000,1771162635742322000,13,Insert,e,14,Volam sa samue
QcUKYLclszMKbeOKMPTEIZyiKKU2,10,1771162635935449000,1771162635931660000,14,Insert,l,15,Volam sa samuel
QcUKYLclszMKbeOKMPTEIZyiKKU2,10,1771162636192062000,1771162636185482000,15,Insert, ,16,Volam sa samuel 
QcUKYLclszMKbeOKMPTEIZyiKKU2,10,1771162636506327000,1771162636500134000,16,Insert,m,17,Volam sa samuel m
QcUKYLclszMKbeOKMPTEIZyiKKU2,10,1771162636602787000,1771162636599151000,17,Insert,a,18,Volam sa samuel ma
QcUKYLclszMKbeOKMPTEIZyiKKU2,10,1771162636735972000,1771162636732230000,18,Insert,n,19,Volam sa samuel man
QcUKYLclszMKbeOKMPTEIZyiKKU2,10,1771162637326635000,1771162637323341000,19,Delete,n,18,Volam sa samuel ma
QcUKYLclszMKbeOKMPTEIZyiKKU2,10,1771162637512480000,1771162637508637000,18,Insert,m,19,Volam sa samuel mam
QcUKYLclszMKbeOKMPTEIZyiKKU2,10,1771162637721945000,1771162637715188000,19,Insert, ,20,Volam sa samuel mam 
QcUKYLclszMKbeOKMPTEIZyiKKU2,10,1771162637997933000,1771162637994134000,20,Insert,p,21,Volam sa samuel mam p
QcUKYLclszMKbeOKMPTEIZyiKKU2,10,1771162638133081000,1771162638129230000,21,Insert,s,22,Volam sa samuel mam ps
QcUKYLclszMKbeOKMPTEIZyiKKU2,10,1771162638356593000,1771162638349626000,22,Insert,a,23,Volam sa samuel mam psa
QcUKYLclszMKbeOKMPTEIZyiKKU2,10,1771162638517483000,1771162638513558000,23,Insert, ,24,Volam sa samuel mam psa 
QcUKYLclszMKbeOKMPTEIZyiKKU2,10,1771162638811547000,1771162638804965000,24,Insert,a,25,Volam sa samuel mam psa a
QcUKYLclszMKbeOKMPTEIZyiKKU2,10,1771162638959845000,1771162638953912000,25,Insert,u,26,Volam sa samuel mam psa au
QcUKYLclszMKbeOKMPTEIZyiKKU2,10,1771162639142176000,1771162639137707000,26,Insert,r,27,Volam sa samuel mam psa aur
QcUKYLclszMKbeOKMPTEIZyiKKU2,10,1771162639342807000,1771162639336340000,27,Insert,e,28,Volam sa samuel mam psa aure
QcUKYLclszMKbeOKMPTEIZyiKKU2,10,1771162639479208000,1771162639474802000,28,Insert,l,29,Volam sa samuel mam psa aurel
QcUKYLclszMKbeOKMPTEIZyiKKU2,10,1771162639643980000,1771162639638422000,29,Insert,a,30,Volam sa samuel mam psa aurela
QcUKYLclszMKbeOKMPTEIZyiKKU2,10,1771162639954016000,1771162639947138000,30,Insert, ,31,Volam sa samuel mam psa aurela 
QcUKYLclszMKbeOKMPTEIZyiKKU2,10,1771162640786148000,1771162640777107000,31,Insert,a,32,Volam sa samuel mam psa aurela a
QcUKYLclszMKbeOKMPTEIZyiKKU2,10,1771162640946245000,1771162640942127000,32,Insert, ,33,Volam sa samuel mam psa aurela a 
QcUKYLclszMKbeOKMPTEIZyiKKU2,10,1771162641214091000,1771162641209933000,33,Insert,i,34,Volam sa samuel mam psa aurela a i
QcUKYLclszMKbeOKMPTEIZyiKKU2,10,1771162641285172000,1771162641280938000,34,Insert,d,35,Volam sa samuel mam psa aurela a id
QcUKYLclszMKbeOKMPTEIZyiKKU2,10,1771162641471778000,1771162641467122000,35,Insert,e,36,Volam sa samuel mam psa aurela a ide
QcUKYLclszMKbeOKMPTEIZyiKKU2,10,1771162641597425000,1771162641593192000,36,Insert,m,37,Volam sa samuel mam psa aurela a idem
QcUKYLclszMKbeOKMPTEIZyiKKU2,10,1771162641784072000,1771162641779398000,37,Insert, ,38,Volam sa samuel mam psa aurela a idem 
QcUKYLclszMKbeOKMPTEIZyiKKU2,10,1771162642087042000,1771162642080692000,38,Insert,s,39,Volam sa samuel mam psa aurela a idem s
QcUKYLclszMKbeOKMPTEIZyiKKU2,10,1771162642756671000,1771162642751908000,39,Insert, ,40,Volam sa samuel mam psa aurela a idem s 
QcUKYLclszMKbeOKMPTEIZyiKKU2,10,1771162642934533000,1771162642929577000,40,Insert,n,41,Volam sa samuel mam psa aurela a idem s n
QcUKYLclszMKbeOKMPTEIZyiKKU2,10,1771162643123850000,1771162643119448000,41,Insert,i,42,Volam sa samuel mam psa aurela a idem s ni
QcUKYLclszMKbeOKMPTEIZyiKKU2,10,1771162643322676000,1771162643318347000,42,Insert,m,43,Volam sa samuel mam psa aurela a idem s nim
QcUKYLclszMKbeOKMPTEIZyiKKU2,10,1771162643510284000,1771162643505162000,43,Insert, ,44,Volam sa samuel mam psa aurela a idem s nim 
QcUKYLclszMKbeOKMPTEIZyiKKU2,10,1771162643876326000,1771162643871721000,44,Insert,v,45,Volam sa samuel mam psa aurela a idem s nim v
QcUKYLclszMKbeOKMPTEIZyiKKU2,10,1771162643961730000,1771162643957390000,45,Insert,o,46,Volam sa samuel mam psa aurela a idem s nim vo
QcUKYLclszMKbeOKMPTEIZyiKKU2,10,1771162644182855000,1771162644176862000,46,Insert,n,47,Volam sa samuel mam psa aurela a idem s nim von
QcUKYLclszMKbeOKMPTEIZyiKKU2,10,1771162644372711000,1771162644367629000,47,Insert,k,48,Volam sa samuel mam psa aurela a idem s nim vonk
QcUKYLclszMKbeOKMPTEIZyiKKU2,10,1771162644534211000,1771162644529677000,48,Insert,u,49,Volam sa samuel mam psa aurela a idem s nim vonku
QcUKYLclszMKbeOKMPTEIZyiKKU2,10,1771162645064368000,1771162645058940000,49,Insert,.,50,Volam sa samuel mam psa aurela a idem s nim vonku.
QcUKYLclszMKbeOKMPTEIZyiKKU2,10,1771162645687964000,1771162645684012000,50,Insert,C,51,Volam sa samuel mam psa aurela a idem s nim vonku.C
QcUKYLclszMKbeOKMPTEIZyiKKU2,10,1771162645816993000,1771162645812371000,51,Insert,h,52,Volam sa samuel mam psa aurela a idem s nim vonku.Ch
QcUKYLclszMKbeOKMPTEIZyiKKU2,10,1771162646099483000,1771162646093231000,52,Insert,o,53,Volam sa samuel mam psa aurela a idem s nim vonku.Cho
QcUKYLclszMKbeOKMPTEIZyiKKU2,10,1771162646214097000,1771162646210145000,53,Insert,f,54,Volam sa samuel mam psa aurela a idem s nim vonku.Chof
QcUKYLclszMKbeOKMPTEIZyiKKU2,10,1771162646375478000,1771162646370654000,54,Insert,i,55,Volam sa samuel mam psa aurela a idem s nim vonku.Chofi
QcUKYLclszMKbeOKMPTEIZyiKKU2,10,1771162646698794000,1771162646692479000,55,Insert,m,56,Volam sa samuel mam psa aurela a idem s nim vonku.Chofim
QcUKYLclszMKbeOKMPTEIZyiKKU2,10,1771162648315740000,1771162648309880000,56,Delete,f,55,Volam sa samuel mam psa aurela a idem s nim vonku.Choim
QcUKYLclszMKbeOKMPTEIZyiKKU2,10,1771162648448265000,1771162648442853000,55,Insert,d,56,Volam sa samuel mam psa aurela a idem s nim vonku.Chodim
QcUKYLclszMKbeOKMPTEIZyiKKU2,10,1771162649498019000,1771162649488103000,56,Insert, ,57,Volam sa samuel mam psa aurela a idem s nim vonku.Chodim 
QcUKYLclszMKbeOKMPTEIZyiKKU2,10,1771162649683696000,1771162649679301000,57,Insert,a,58,Volam sa samuel mam psa aurela a idem s nim vonku.Chodim a
QcUKYLclszMKbeOKMPTEIZyiKKU2,10,1771162649842966000,1771162649836311000,58,Insert,j,59,Volam sa samuel mam psa aurela a idem s nim vonku.Chodim aj
QcUKYLclszMKbeOKMPTEIZyiKKU2,10,1771162650039176000,1771162650029848000,59,Insert, ,60,Volam sa samuel mam psa aurela a idem s nim vonku.Chodim aj 
QcUKYLclszMKbeOKMPTEIZyiKKU2,10,1771162650211579000,1771162650205568000,60,Insert,d,61,Volam sa samuel mam psa aurela a idem s nim vonku.Chodim aj d
QcUKYLclszMKbeOKMPTEIZyiKKU2,10,1771162650325799000,1771162650320799000,61,Insert,o,62,Volam sa samuel mam psa aurela a idem s nim vonku.Chodim aj do
QcUKYLclszMKbeOKMPTEIZyiKKU2,10,1771162650562702000,1771162650556229000,62,Insert, ,63,Volam sa samuel mam psa aurela a idem s nim vonku.Chodim aj do 
QcUKYLclszMKbeOKMPTEIZyiKKU2,10,1771162650916660000,1771162650909814000,63,Insert,p,64,Volam sa samuel mam psa aurela a idem s nim vonku.Chodim aj do p
QcUKYLclszMKbeOKMPTEIZyiKKU2,10,1771162650967635000,1771162650962083000,64,Insert,r,65,Volam sa samuel mam psa aurela a idem s nim vonku.Chodim aj do pr
QcUKYLclszMKbeOKMPTEIZyiKKU2,10,1771162651804475000,1771162651797208000,65,Insert,a,66,Volam sa samuel mam psa aurela a idem s nim vonku.Chodim aj do pra
QcUKYLclszMKbeOKMPTEIZyiKKU2,10,1771162651950702000,1771162651941318000,66,Insert,c,67,Volam sa samuel mam psa aurela a idem s nim vonku.Chodim aj do prac
QcUKYLclszMKbeOKMPTEIZyiKKU2,10,1771162652092781000,1771162652084036000,67,Insert,e,68,Volam sa samuel mam psa aurela a idem s nim vonku.Chodim aj do prace
QcUKYLclszMKbeOKMPTEIZyiKKU2,10,1771162652941713000,1771162652931727000,68,Insert,.,69,Volam sa samuel mam psa aurela a idem s nim vonku.Chodim aj do prace.
QcUKYLclszMKbeOKMPTEIZyiKKU2,10,1771162653106696000,1771162653101907000,69,Insert,.,70,Volam sa samuel mam psa aurela a idem s nim vonku.Chodim aj do prace..
QcUKYLclszMKbeOKMPTEIZyiKKU2,10,1771162653283400000,1771162653278200000,70,Insert,.,71,Volam sa samuel mam psa aurela a idem s nim vonku.Chodim aj do prace...
QcUKYLclszMKbeOKMPTEIZyiKKU2,10,1771162653474124000,1771162653468817000,71,Insert,.,72,Volam sa samuel mam psa aurela a idem s nim vonku.Chodim aj do prace....
QcUKYLclszMKbeOKMPTEIZyiKKU2,10,1771162653628374000,1771162653621577000,72,Insert,.,73,Volam sa samuel mam psa aurela a idem s nim vonku.Chodim aj do prace.....
QcUKYLclszMKbeOKMPTEIZyiKKU2,10,1771162653804464000,1771162653800364000,73,Insert,.,74,Volam sa samuel mam psa aurela a idem s nim vonku.Chodim aj do prace......
QcUKYLclszMKbeOKMPTEIZyiKKU2,10,1771162653987856000,1771162653983627000,74,Insert,.,75,Volam sa samuel mam psa aurela a idem s nim vonku.Chodim aj do prace.......
QcUKYLclszMKbeOKMPTEIZyiKKU2,11,1771162657820523000,1771162657816855000,0,Insert,V,1,V
QcUKYLclszMKbeOKMPTEIZyiKKU2,11,1771162658052342000,1771162658045052000,1,Insert,o,2,Vo
QcUKYLclszMKbeOKMPTEIZyiKKU2,11,1771162658236432000,1771162658232608000,2,Insert,l,3,Vol
QcUKYLclszMKbeOKMPTEIZyiKKU2,11,1771162658374832000,1771162658370662000,3,Insert,a,4,Vola
QcUKYLclszMKbeOKMPTEIZyiKKU2,11,1771162658496585000,1771162658492856000,4,Insert,m,5,Volam
QcUKYLclszMKbeOKMPTEIZyiKKU2,11,1771162658695298000,1771162658686785000,5,Insert, ,6,Volam 
QcUKYLclszMKbeOKMPTEIZyiKKU2,11,1771162658947226000,1771162658940278000,6,Insert,s,7,Volam s
QcUKYLclszMKbeOKMPTEIZyiKKU2,11,1771162659127535000,1771162659120053000,7,Insert,a,8,Volam sa
QcUKYLclszMKbeOKMPTEIZyiKKU2,11,1771162659231217000,1771162659226602000,8,Insert, ,9,Volam sa 
QcUKYLclszMKbeOKMPTEIZyiKKU2,11,1771162659425826000,1771162659419451000,9,Insert,a,10,Volam sa a
QcUKYLclszMKbeOKMPTEIZyiKKU2,11,1771162659841014000,1771162659836988000,10,Delete,a,9,Volam sa 
QcUKYLclszMKbeOKMPTEIZyiKKU2,11,1771162659947158000,1771162659942220000,9,Insert,s,10,Volam sa s
QcUKYLclszMKbeOKMPTEIZyiKKU2,11,1771162660132702000,1771162660128831000,10,Insert,a,11,Volam sa sa
QcUKYLclszMKbeOKMPTEIZyiKKU2,11,1771162660233735000,1771162660229103000,11,Insert,m,12,Volam sa sam
QcUKYLclszMKbeOKMPTEIZyiKKU2,11,1771162660672462000,1771162660665804000,12,Insert,u,13,Volam sa samu
QcUKYLclszMKbeOKMPTEIZyiKKU2,11,1771162660805198000,1771162660800966000,13,Insert,e,14,Volam sa samue
QcUKYLclszMKbeOKMPTEIZyiKKU2,11,1771162660962687000,1771162660958522000,14,Insert,l,15,Volam sa samuel
QcUKYLclszMKbeOKMPTEIZyiKKU2,11,1771162661265672000,1771162661258700000,15,Insert, ,16,Volam sa samuel 
QcUKYLclszMKbeOKMPTEIZyiKKU2,11,1771162661479087000,1771162661472794000,16,Insert,m,17,Volam sa samuel m
QcUKYLclszMKbeOKMPTEIZyiKKU2,11,1771162661619938000,1771162661615864000,17,Insert,a,18,Volam sa samuel ma
QcUKYLclszMKbeOKMPTEIZyiKKU2,11,1771162661743158000,1771162661739403000,18,Insert,m,19,Volam sa samuel mam
QcUKYLclszMKbeOKMPTEIZyiKKU2,11,1771162661967592000,1771162661958308000,19,Insert, ,20,Volam sa samuel mam 
QcUKYLclszMKbeOKMPTEIZyiKKU2,11,1771162662279685000,1771162662273853000,20,Insert,p,21,Volam sa samuel mam p
QcUKYLclszMKbeOKMPTEIZyiKKU2,11,1771162662364417000,1771162662358749000,21,Insert,s,22,Volam sa samuel mam ps
QcUKYLclszMKbeOKMPTEIZyiKKU2,11,1771162662535838000,1771162662531840000,22,Insert,a,23,Volam sa samuel mam psa
QcUKYLclszMKbeOKMPTEIZyiKKU2,11,1771162662664800000,1771162662660882000,23,Insert, ,24,Volam sa samuel mam psa 
QcUKYLclszMKbeOKMPTEIZyiKKU2,11,1771162662968253000,1771162662961684000,24,Insert,a,25,Volam sa samuel mam psa a
QcUKYLclszMKbeOKMPTEIZyiKKU2,11,1771162663065939000,1771162663062059000,25,Insert,u,26,Volam sa samuel mam psa au
QcUKYLclszMKbeOKMPTEIZyiKKU2,11,1771162663232917000,1771162663228967000,26,Insert,r,27,Volam sa samuel mam psa aur
QcUKYLclszMKbeOKMPTEIZyiKKU2,11,1771162663426032000,1771162663421393000,27,Insert,e,28,Volam sa samuel mam psa aure
QcUKYLclszMKbeOKMPTEIZyiKKU2,11,1771162663568933000,1771162663563046000,28,Insert,l,29,Volam sa samuel mam psa aurel
QcUKYLclszMKbeOKMPTEIZyiKKU2,11,1771162663701379000,1771162663697294000,29,Insert,a,30,Volam sa samuel mam psa aurela
QcUKYLclszMKbeOKMPTEIZyiKKU2,11,1771162663862669000,1771162663858161000,30,Insert, ,31,Volam sa samuel mam psa aurela 
QcUKYLclszMKbeOKMPTEIZyiKKU2,11,1771162665449210000,1771162665439075000,31,Insert,a,32,Volam sa samuel mam psa aurela a
QcUKYLclszMKbeOKMPTEIZyiKKU2,11,1771162665559981000,1771162665555166000,32,Insert, ,33,Volam sa samuel mam psa aurela a 
QcUKYLclszMKbeOKMPTEIZyiKKU2,11,1771162665764890000,1771162665758347000,33,Insert,i,34,Volam sa samuel mam psa aurela a i
QcUKYLclszMKbeOKMPTEIZyiKKU2,11,1771162665832672000,1771162665828236000,34,Insert,d,35,Volam sa samuel mam psa aurela a id
QcUKYLclszMKbeOKMPTEIZyiKKU2,11,1771162665976469000,1771162665967639000,35,Insert,e,36,Volam sa samuel mam psa aurela a ide
QcUKYLclszMKbeOKMPTEIZyiKKU2,11,1771162666061281000,1771162666057367000,36,Insert,m,37,Volam sa samuel mam psa aurela a idem
QcUKYLclszMKbeOKMPTEIZyiKKU2,11,1771162666227095000,1771162666221785000,37,Insert, ,38,Volam sa samuel mam psa aurela a idem 
QcUKYLclszMKbeOKMPTEIZyiKKU2,11,1771162666409349000,1771162666404295000,38,Insert,s,39,Volam sa samuel mam psa aurela a idem s
QcUKYLclszMKbeOKMPTEIZyiKKU2,11,1771162666784431000,1771162666774527000,39,Insert, ,40,Volam sa samuel mam psa aurela a idem s 
QcUKYLclszMKbeOKMPTEIZyiKKU2,11,1771162666963488000,1771162666957659000,40,Insert,n,41,Volam sa samuel mam psa aurela a idem s n
QcUKYLclszMKbeOKMPTEIZyiKKU2,11,1771162667170457000,1771162667159727000,41,Insert,i,42,Volam sa samuel mam psa aurela a idem s ni
QcUKYLclszMKbeOKMPTEIZyiKKU2,11,1771162667378671000,1771162667374783000,42,Insert,m,43,Volam sa samuel mam psa aurela a idem s nim
QcUKYLclszMKbeOKMPTEIZyiKKU2,11,1771162667558323000,1771162667553445000,43,Insert, ,44,Volam sa samuel mam psa aurela a idem s nim 
QcUKYLclszMKbeOKMPTEIZyiKKU2,11,1771162667965079000,1771162667956686000,44,Insert,v,45,Volam sa samuel mam psa aurela a idem s nim v
QcUKYLclszMKbeOKMPTEIZyiKKU2,11,1771162668230551000,1771162668224336000,45,Insert,o,46,Volam sa samuel mam psa aurela a idem s nim vo
QcUKYLclszMKbeOKMPTEIZyiKKU2,11,1771162668486057000,1771162668475819000,46,Insert,n,47,Volam sa samuel mam psa aurela a idem s nim von
QcUKYLclszMKbeOKMPTEIZyiKKU2,11,1771162668679924000,1771162668674710000,47,Insert,k,48,Volam sa samuel mam psa aurela a idem s nim vonk
QcUKYLclszMKbeOKMPTEIZyiKKU2,11,1771162668838227000,1771162668833409000,48,Insert,u,49,Volam sa samuel mam psa aurela a idem s nim vonku
QcUKYLclszMKbeOKMPTEIZyiKKU2,11,1771162669267412000,1771162669259406000,49,Insert,.,50,Volam sa samuel mam psa aurela a idem s nim vonku.
QcUKYLclszMKbeOKMPTEIZyiKKU2,11,1771162669700962000,1771162669693809000,50,Insert,C,51,Volam sa samuel mam psa aurela a idem s nim vonku.C
QcUKYLclszMKbeOKMPTEIZyiKKU2,11,1771162669851745000,1771162669846594000,51,Insert,h,52,Volam sa samuel mam psa aurela a idem s nim vonku.Ch
QcUKYLclszMKbeOKMPTEIZyiKKU2,11,1771162670017961000,1771162670012786000,52,Insert,d,53,Volam sa samuel mam psa aurela a idem s nim vonku.Chd
QcUKYLclszMKbeOKMPTEIZyiKKU2,11,1771162670135688000,1771162670129061000,53,Insert,o,54,Volam sa samuel mam psa aurela a idem s nim vonku.Chdo
QcUKYLclszMKbeOKMPTEIZyiKKU2,11,1771162670294988000,1771162670291030000,54,Insert,i,55,Volam sa samuel mam psa aurela a idem s nim vonku.Chdoi
QcUKYLclszMKbeOKMPTEIZyiKKU2,11,1771162670656190000,1771162670650057000,55,Insert,n,56,Volam sa samuel mam psa aurela a idem s nim vonku.Chdoin
QcUKYLclszMKbeOKMPTEIZyiKKU2,11,1771162671125204000,1771162671121955000,56,Delete,n,55,Volam sa samuel mam psa aurela a idem s nim vonku.Chdoi
QcUKYLclszMKbeOKMPTEIZyiKKU2,11,1771162671306245000,1771162671303102000,55,Delete,i,54,Volam sa samuel mam psa aurela a idem s nim vonku.Chdo
QcUKYLclszMKbeOKMPTEIZyiKKU2,11,1771162671482316000,1771162671479234000,54,Delete,o,53,Volam sa samuel mam psa aurela a idem s nim vonku.Chd
QcUKYLclszMKbeOKMPTEIZyiKKU2,11,1771162671631004000,1771162671627964000,53,Delete,d,52,Volam sa samuel mam psa aurela a idem s nim vonku.Ch
QcUKYLclszMKbeOKMPTEIZyiKKU2,11,1771162672145941000,1771162672139352000,52,Insert,o,53,Volam sa samuel mam psa aurela a idem s nim vonku.Cho
QcUKYLclszMKbeOKMPTEIZyiKKU2,11,1771162672306827000,1771162672302857000,53,Insert,d,54,Volam sa samuel mam psa aurela a idem s nim vonku.Chod
QcUKYLclszMKbeOKMPTEIZyiKKU2,11,1771162672407395000,1771162672403605000,54,Insert,i,55,Volam sa samuel mam psa aurela a idem s nim vonku.Chodi
QcUKYLclszMKbeOKMPTEIZyiKKU2,11,1771162672611209000,1771162672601970000,55,Insert,m,56,Volam sa samuel mam psa aurela a idem s nim vonku.Chodim
QcUKYLclszMKbeOKMPTEIZyiKKU2,11,1771162673264318000,1771162673254229000,56,Insert, ,57,Volam sa samuel mam psa aurela a idem s nim vonku.Chodim 
QcUKYLclszMKbeOKMPTEIZyiKKU2,11,1771162673638219000,1771162673631804000,57,Insert,a,58,Volam sa samuel mam psa aurela a idem s nim vonku.Chodim a
QcUKYLclszMKbeOKMPTEIZyiKKU2,11,1771162673727419000,1771162673722975000,58,Insert,j,59,Volam sa samuel mam psa aurela a idem s nim vonku.Chodim aj
QcUKYLclszMKbeOKMPTEIZyiKKU2,11,1771162673910753000,1771162673906552000,59,Insert, ,60,Volam sa samuel mam psa aurela a idem s nim vonku.Chodim aj 
QcUKYLclszMKbeOKMPTEIZyiKKU2,11,1771162674073136000,1771162674069083000,60,Insert,d,61,Volam sa samuel mam psa aurela a idem s nim vonku.Chodim aj d
QcUKYLclszMKbeOKMPTEIZyiKKU2,11,1771162674202487000,1771162674198588000,61,Insert,o,62,Volam sa samuel mam psa aurela a idem s nim vonku.Chodim aj do
QcUKYLclszMKbeOKMPTEIZyiKKU2,11,1771162674407628000,1771162674403293000,62,Insert, ,63,Volam sa samuel mam psa aurela a idem s nim vonku.Chodim aj do 
QcUKYLclszMKbeOKMPTEIZyiKKU2,11,1771162674789455000,1771162674781273000,63,Insert,p,64,Volam sa samuel mam psa aurela a idem s nim vonku.Chodim aj do p
QcUKYLclszMKbeOKMPTEIZyiKKU2,11,1771162674854587000,1771162674849431000,64,Insert,r,65,Volam sa samuel mam psa aurela a idem s nim vonku.Chodim aj do pr
QcUKYLclszMKbeOKMPTEIZyiKKU2,11,1771162675008776000,1771162675003028000,65,Insert,e,66,Volam sa samuel mam psa aurela a idem s nim vonku.Chodim aj do pre
QcUKYLclszMKbeOKMPTEIZyiKKU2,11,1771162675347942000,1771162675343502000,66,Delete,e,65,Volam sa samuel mam psa aurela a idem s nim vonku.Chodim aj do pr
QcUKYLclszMKbeOKMPTEIZyiKKU2,11,1771162675435174000,1771162675425794000,65,Insert,a,66,Volam sa samuel mam psa aurela a idem s nim vonku.Chodim aj do pra
QcUKYLclszMKbeOKMPTEIZyiKKU2,11,1771162675715558000,1771162675711520000,66,Insert,c,67,Volam sa samuel mam psa aurela a idem s nim vonku.Chodim aj do prac
QcUKYLclszMKbeOKMPTEIZyiKKU2,11,1771162675970059000,1771162675963814000,67,Insert,e,68,Volam sa samuel mam psa aurela a idem s nim vonku.Chodim aj do prace
QcUKYLclszMKbeOKMPTEIZyiKKU2,11,1771162676511559000,1771162676507141000,68,Insert,.,69,Volam sa samuel mam psa aurela a idem s nim vonku.Chodim aj do prace.
QcUKYLclszMKbeOKMPTEIZyiKKU2,11,1771162676693928000,1771162676689561000,69,Insert,.,70,Volam sa samuel mam psa aurela a idem s nim vonku.Chodim aj do prace..
QcUKYLclszMKbeOKMPTEIZyiKKU2,11,1771162676874975000,1771162676870815000,70,Insert,.,71,Volam sa samuel mam psa aurela a idem s nim vonku.Chodim aj do prace...
QcUKYLclszMKbeOKMPTEIZyiKKU2,11,1771162677035507000,1771162677031245000,71,Insert,.,72,Volam sa samuel mam psa aurela a idem s nim vonku.Chodim aj do prace....
QcUKYLclszMKbeOKMPTEIZyiKKU2,11,1771162677230360000,1771162677226146000,72,Insert,.,73,Volam sa samuel mam psa aurela a idem s nim vonku.Chodim aj do prace.....
QcUKYLclszMKbeOKMPTEIZyiKKU2,11,1771162677419582000,1771162677415242000,73,Insert,.,74,Volam sa samuel mam psa aurela a idem s nim vonku.Chodim aj do prace......
QcUKYLclszMKbeOKMPTEIZyiKKU2,11,1771162677624656000,1771162677617684000,74,Insert,.,75,Volam sa samuel mam psa aurela a idem s nim vonku.Chodim aj do prace.......
QcUKYLclszMKbeOKMPTEIZyiKKU2,12,1771162681483742000,1771162681468161000,0,Insert,v,1,v
QcUKYLclszMKbeOKMPTEIZyiKKU2,12,1771162681857030000,1771162681853677000,1,Delete,v,0,
QcUKYLclszMKbeOKMPTEIZyiKKU2,12,1771162682558726000,1771162682554730000,0,Insert,V,1,V
QcUKYLclszMKbeOKMPTEIZyiKKU2,12,1771162682773423000,1771162682766839000,1,Insert,o,2,Vo
QcUKYLclszMKbeOKMPTEIZyiKKU2,12,1771162683065225000,1771162683058914000,2,Insert,l,3,Vol
QcUKYLclszMKbeOKMPTEIZyiKKU2,12,1771162683250824000,1771162683245377000,3,Insert,a,4,Vola
QcUKYLclszMKbeOKMPTEIZyiKKU2,12,1771162683383214000,1771162683376880000,4,Insert,m,5,Volam
QcUKYLclszMKbeOKMPTEIZyiKKU2,12,1771162683641816000,1771162683634914000,5,Insert, ,6,Volam 
QcUKYLclszMKbeOKMPTEIZyiKKU2,12,1771162683872956000,1771162683867212000,6,Insert,d,7,Volam d
QcUKYLclszMKbeOKMPTEIZyiKKU2,12,1771162684037708000,1771162684032247000,7,Insert,a,8,Volam da
QcUKYLclszMKbeOKMPTEIZyiKKU2,12,1771162684124930000,1771162684119775000,8,Insert, ,9,Volam da 
QcUKYLclszMKbeOKMPTEIZyiKKU2,12,1771162684395739000,1771162684389328000,9,Insert,s,10,Volam da s
QcUKYLclszMKbeOKMPTEIZyiKKU2,12,1771162684580985000,1771162684575947000,10,Insert,a,11,Volam da sa
QcUKYLclszMKbeOKMPTEIZyiKKU2,12,1771162684677696000,1771162684673835000,11,Insert,m,12,Volam da sam
QcUKYLclszMKbeOKMPTEIZyiKKU2,12,1771162686640961000,1771162686633838000,12,Delete,d,11,Volam a sam
QcUKYLclszMKbeOKMPTEIZyiKKU2,12,1771162686746381000,1771162686742522000,11,Insert,s,12,Volam sa sam
QcUKYLclszMKbeOKMPTEIZyiKKU2,12,1771162688917962000,1771162688904532000,12,Insert,u,13,Volam sa samu
QcUKYLclszMKbeOKMPTEIZyiKKU2,12,1771162689050318000,1771162689046300000,13,Insert,a,14,Volam sa samua
QcUKYLclszMKbeOKMPTEIZyiKKU2,12,1771162689537500000,1771162689527362000,14,Delete,a,13,Volam sa samu
QcUKYLclszMKbeOKMPTEIZyiKKU2,12,1771162690170858000,1771162690163242000,13,Insert,e,14,Volam sa samue
QcUKYLclszMKbeOKMPTEIZyiKKU2,12,1771162690343861000,1771162690339447000,14,Insert,l,15,Volam sa samuel
QcUKYLclszMKbeOKMPTEIZyiKKU2,12,1771162690830516000,1771162690824344000,15,Insert, ,16,Volam sa samuel 
QcUKYLclszMKbeOKMPTEIZyiKKU2,12,1771162691103569000,1771162691095945000,16,Insert,m,17,Volam sa samuel m
QcUKYLclszMKbeOKMPTEIZyiKKU2,12,1771162691199598000,1771162691195884000,17,Insert,a,18,Volam sa samuel ma
QcUKYLclszMKbeOKMPTEIZyiKKU2,12,1771162691328736000,1771162691325089000,18,Insert,m,19,Volam sa samuel mam
QcUKYLclszMKbeOKMPTEIZyiKKU2,12,1771162691661803000,1771162691650181000,19,Insert, ,20,Volam sa samuel mam 
QcUKYLclszMKbeOKMPTEIZyiKKU2,12,1771162692019286000,1771162692009903000,20,Insert,p,21,Volam sa samuel mam p
QcUKYLclszMKbeOKMPTEIZyiKKU2,12,1771162692175370000,1771162692168639000,21,Insert,s,22,Volam sa samuel mam ps
QcUKYLclszMKbeOKMPTEIZyiKKU2,12,1771162692335812000,1771162692331843000,22,Insert,a,23,Volam sa samuel mam psa
QcUKYLclszMKbeOKMPTEIZyiKKU2,12,1771162692462560000,1771162692457841000,23,Insert, ,24,Volam sa samuel mam psa 
QcUKYLclszMKbeOKMPTEIZyiKKU2,12,1771162692796026000,1771162692788579000,24,Insert,a,25,Volam sa samuel mam psa a
QcUKYLclszMKbeOKMPTEIZyiKKU2,12,1771162692952933000,1771162692947558000,25,Insert,u,26,Volam sa samuel mam psa au
QcUKYLclszMKbeOKMPTEIZyiKKU2,12,1771162693092188000,1771162693088084000,26,Insert,r,27,Volam sa samuel mam psa aur
QcUKYLclszMKbeOKMPTEIZyiKKU2,12,1771162693290026000,1771162693282085000,27,Insert,e,28,Volam sa samuel mam psa aure
QcUKYLclszMKbeOKMPTEIZyiKKU2,12,1771162693419581000,1771162693415578000,28,Insert,l,29,Volam sa samuel mam psa aurel
QcUKYLclszMKbeOKMPTEIZyiKKU2,12,1771162693554145000,1771162693550304000,29,Insert,a,30,Volam sa samuel mam psa aurela
QcUKYLclszMKbeOKMPTEIZyiKKU2,12,1771162693808672000,1771162693802105000,30,Insert, ,31,Volam sa samuel mam psa aurela 
QcUKYLclszMKbeOKMPTEIZyiKKU2,12,1771162694469163000,1771162694459342000,31,Insert,a,32,Volam sa samuel mam psa aurela a
QcUKYLclszMKbeOKMPTEIZyiKKU2,12,1771162694601640000,1771162694595949000,32,Insert, ,33,Volam sa samuel mam psa aurela a 
QcUKYLclszMKbeOKMPTEIZyiKKU2,12,1771162694818075000,1771162694811832000,33,Insert,i,34,Volam sa samuel mam psa aurela a i
QcUKYLclszMKbeOKMPTEIZyiKKU2,12,1771162694882039000,1771162694877416000,34,Insert,d,35,Volam sa samuel mam psa aurela a id
QcUKYLclszMKbeOKMPTEIZyiKKU2,12,1771162695075112000,1771162695070755000,35,Insert,e,36,Volam sa samuel mam psa aurela a ide
QcUKYLclszMKbeOKMPTEIZyiKKU2,12,1771162695176026000,1771162695172123000,36,Insert,m,37,Volam sa samuel mam psa aurela a idem
QcUKYLclszMKbeOKMPTEIZyiKKU2,12,1771162695355329000,1771162695350883000,37,Insert, ,38,Volam sa samuel mam psa aurela a idem 
QcUKYLclszMKbeOKMPTEIZyiKKU2,12,1771162695511702000,1771162695507119000,38,Insert,s,39,Volam sa samuel mam psa aurela a idem s
QcUKYLclszMKbeOKMPTEIZyiKKU2,12,1771162695861257000,1771162695852983000,39,Insert, ,40,Volam sa samuel mam psa aurela a idem s 
QcUKYLclszMKbeOKMPTEIZyiKKU2,12,1771162696040063000,1771162696034004000,40,Insert,n,41,Volam sa samuel mam psa aurela a idem s n
QcUKYLclszMKbeOKMPTEIZyiKKU2,12,1771162696246432000,1771162696238446000,41,Insert,i,42,Volam sa samuel mam psa aurela a idem s ni
QcUKYLclszMKbeOKMPTEIZyiKKU2,12,1771162696449154000,1771162696441072000,42,Insert,m,43,Volam sa samuel mam psa aurela a idem s nim
QcUKYLclszMKbeOKMPTEIZyiKKU2,12,1771162696641829000,1771162696635746000,43,Insert, ,44,Volam sa samuel mam psa aurela a idem s nim 
QcUKYLclszMKbeOKMPTEIZyiKKU2,12,1771162697105046000,1771162697097784000,44,Insert,v,45,Volam sa samuel mam psa aurela a idem s nim v
QcUKYLclszMKbeOKMPTEIZyiKKU2,12,1771162697195282000,1771162697191338000,45,Insert,o,46,Volam sa samuel mam psa aurela a idem s nim vo
QcUKYLclszMKbeOKMPTEIZyiKKU2,12,1771162697394094000,1771162697390130000,46,Insert,n,47,Volam sa samuel mam psa aurela a idem s nim von
QcUKYLclszMKbeOKMPTEIZyiKKU2,12,1771162697578565000,1771162697574605000,47,Insert,k,48,Volam sa samuel mam psa aurela a idem s nim vonk
QcUKYLclszMKbeOKMPTEIZyiKKU2,12,1771162697754221000,1771162697750411000,48,Insert,u,49,Volam sa samuel mam psa aurela a idem s nim vonku
QcUKYLclszMKbeOKMPTEIZyiKKU2,12,1771162698039398000,1771162698029901000,49,Insert, ,50,Volam sa samuel mam psa aurela a idem s nim vonku 
QcUKYLclszMKbeOKMPTEIZyiKKU2,12,1771162698576714000,1771162698573822000,50,Delete, ,49,Volam sa samuel mam psa aurela a idem s nim vonku
QcUKYLclszMKbeOKMPTEIZyiKKU2,12,1771162698883120000,1771162698876899000,49,Insert,.,50,Volam sa samuel mam psa aurela a idem s nim vonku.
QcUKYLclszMKbeOKMPTEIZyiKKU2,12,1771162699517598000,1771162699512084000,50,Insert,C,51,Volam sa samuel mam psa aurela a idem s nim vonku.C
QcUKYLclszMKbeOKMPTEIZyiKKU2,12,1771162699673024000,1771162699669190000,51,Insert,h,52,Volam sa samuel mam psa aurela a idem s nim vonku.Ch
QcUKYLclszMKbeOKMPTEIZyiKKU2,12,1771162700113656000,1771162700107039000,52,Insert,o,53,Volam sa samuel mam psa aurela a idem s nim vonku.Cho
QcUKYLclszMKbeOKMPTEIZyiKKU2,12,1771162700274419000,1771162700270804000,53,Insert,d,54,Volam sa samuel mam psa aurela a idem s nim vonku.Chod
QcUKYLclszMKbeOKMPTEIZyiKKU2,12,1771162700539832000,1771162700533356000,54,Insert,i,55,Volam sa samuel mam psa aurela a idem s nim vonku.Chodi
QcUKYLclszMKbeOKMPTEIZyiKKU2,12,1771162701016236000,1771162701010232000,55,Insert,m,56,Volam sa samuel mam psa aurela a idem s nim vonku.Chodim
QcUKYLclszMKbeOKMPTEIZyiKKU2,12,1771162701489939000,1771162701478972000,56,Insert, ,57,Volam sa samuel mam psa aurela a idem s nim vonku.Chodim 
QcUKYLclszMKbeOKMPTEIZyiKKU2,12,1771162701639182000,1771162701635206000,57,Insert,a,58,Volam sa samuel mam psa aurela a idem s nim vonku.Chodim a
QcUKYLclszMKbeOKMPTEIZyiKKU2,12,1771162701792130000,1771162701784294000,58,Insert,j,59,Volam sa samuel mam psa aurela a idem s nim vonku.Chodim aj
QcUKYLclszMKbeOKMPTEIZyiKKU2,12,1771162701983613000,1771162701979264000,59,Insert, ,60,Volam sa samuel mam psa aurela a idem s nim vonku.Chodim aj 
QcUKYLclszMKbeOKMPTEIZyiKKU2,12,1771162702064002000,1771162702060058000,60,Insert,d,61,Volam sa samuel mam psa aurela a idem s nim vonku.Chodim aj d
QcUKYLclszMKbeOKMPTEIZyiKKU2,12,1771162702236472000,1771162702231817000,61,Insert,o,62,Volam sa samuel mam psa aurela a idem s nim vonku.Chodim aj do
QcUKYLclszMKbeOKMPTEIZyiKKU2,12,1771162702495729000,1771162702486796000,62,Insert, ,63,Volam sa samuel mam psa aurela a idem s nim vonku.Chodim aj do 
QcUKYLclszMKbeOKMPTEIZyiKKU2,12,1771162702827685000,1771162702818946000,63,Insert,p,64,Volam sa samuel mam psa aurela a idem s nim vonku.Chodim aj do p
QcUKYLclszMKbeOKMPTEIZyiKKU2,12,1771162702906584000,1771162702896776000,64,Insert,r,65,Volam sa samuel mam psa aurela a idem s nim vonku.Chodim aj do pr
QcUKYLclszMKbeOKMPTEIZyiKKU2,12,1771162703168888000,1771162703161973000,65,Insert,a,66,Volam sa samuel mam psa aurela a idem s nim vonku.Chodim aj do pra
QcUKYLclszMKbeOKMPTEIZyiKKU2,12,1771162703321626000,1771162703315960000,66,Insert,c,67,Volam sa samuel mam psa aurela a idem s nim vonku.Chodim aj do prac
QcUKYLclszMKbeOKMPTEIZyiKKU2,12,1771162703436588000,1771162703431378000,67,Insert,e,68,Volam sa samuel mam psa aurela a idem s nim vonku.Chodim aj do prace
QcUKYLclszMKbeOKMPTEIZyiKKU2,12,1771162703990183000,1771162703985643000,68,Insert,.,69,Volam sa samuel mam psa aurela a idem s nim vonku.Chodim aj do prace.
QcUKYLclszMKbeOKMPTEIZyiKKU2,12,1771162704141535000,1771162704136309000,69,Insert,.,70,Volam sa samuel mam psa aurela a idem s nim vonku.Chodim aj do prace..
QcUKYLclszMKbeOKMPTEIZyiKKU2,12,1771162704320228000,1771162704311728000,70,Insert,.,71,Volam sa samuel mam psa aurela a idem s nim vonku.Chodim aj do prace...
QcUKYLclszMKbeOKMPTEIZyiKKU2,12,1771162704479145000,1771162704474845000,71,Insert,.,72,Volam sa samuel mam psa aurela a idem s nim vonku.Chodim aj do prace....
QcUKYLclszMKbeOKMPTEIZyiKKU2,12,1771162704656146000,1771162704651871000,72,Insert,.,73,Volam sa samuel mam psa aurela a idem s nim vonku.Chodim aj do prace.....
QcUKYLclszMKbeOKMPTEIZyiKKU2,12,1771162704841553000,1771162704836927000,73,Insert,.,74,Volam sa samuel mam psa aurela a idem s nim vonku.Chodim aj do prace......
QcUKYLclszMKbeOKMPTEIZyiKKU2,12,1771162705006668000,1771162705001960000,74,Insert,.,75,Volam sa samuel mam psa aurela a idem s nim vonku.Chodim aj do prace.......
QcUKYLclszMKbeOKMPTEIZyiKKU2,13,1771162707346527000,1771162707340289000,0,Insert,V,1,V
QcUKYLclszMKbeOKMPTEIZyiKKU2,13,1771162707802906000,1771162707797782000,1,Insert,o,2,Vo
QcUKYLclszMKbeOKMPTEIZyiKKU2,13,1771162707972780000,1771162707968945000,2,Insert,l,3,Vol
QcUKYLclszMKbeOKMPTEIZyiKKU2,13,1771162708158307000,1771162708154413000,3,Insert,a,4,Vola
QcUKYLclszMKbeOKMPTEIZyiKKU2,13,1771162708305560000,1771162708301864000,4,Insert,m,5,Volam
QcUKYLclszMKbeOKMPTEIZyiKKU2,13,1771162708517988000,1771162708509428000,5,Insert, ,6,Volam 
QcUKYLclszMKbeOKMPTEIZyiKKU2,13,1771162708779739000,1771162708774019000,7,Insert,d,8,Volam. d
QcUKYLclszMKbeOKMPTEIZyiKKU2,13,1771162708934356000,1771162708929469000,8,Insert,a,9,Volam. da
QcUKYLclszMKbeOKMPTEIZyiKKU2,13,1771162709033278000,1771162709029268000,9,Insert, ,10,Volam. da 
QcUKYLclszMKbeOKMPTEIZyiKKU2,13,1771162709344302000,1771162709339757000,10,Delete, ,9,Volam. da
QcUKYLclszMKbeOKMPTEIZyiKKU2,13,1771162709531821000,1771162709522311000,9,Delete,a,8,Volam. d
QcUKYLclszMKbeOKMPTEIZyiKKU2,13,1771162709723236000,1771162709719667000,8,Delete,d,7,Volam. 
QcUKYLclszMKbeOKMPTEIZyiKKU2,13,1771162709886533000,1771162709883382000,7,Delete, ,6,Volam.
QcUKYLclszMKbeOKMPTEIZyiKKU2,13,1771162710059175000,1771162710056670000,6,Delete,.,5,Volam
QcUKYLclszMKbeOKMPTEIZyiKKU2,13,1771162710381271000,1771162710374479000,5,Insert, ,6,Volam 
QcUKYLclszMKbeOKMPTEIZyiKKU2,13,1771162710507690000,1771162710503810000,6,Insert,s,7,Volam s
QcUKYLclszMKbeOKMPTEIZyiKKU2,13,1771162710687324000,1771162710683637000,7,Insert,a,8,Volam sa
QcUKYLclszMKbeOKMPTEIZyiKKU2,13,1771162710818524000,1771162710814671000,8,Insert, ,9,Volam sa 
QcUKYLclszMKbeOKMPTEIZyiKKU2,13,1771162711117079000,1771162711110804000,9,Insert,s,10,Volam sa s
QcUKYLclszMKbeOKMPTEIZyiKKU2,13,1771162711331379000,1771162711324913000,10,Insert,a,11,Volam sa sa
QcUKYLclszMKbeOKMPTEIZyiKKU2,13,1771162711481108000,1771162711477114000,11,Insert,m,12,Volam sa sam
QcUKYLclszMKbeOKMPTEIZyiKKU2,13,1771162711707379000,1771162711701042000,12,Insert,u,13,Volam sa samu
QcUKYLclszMKbeOKMPTEIZyiKKU2,13,1771162711988637000,1771162711982644000,13,Insert,e,14,Volam sa samue
QcUKYLclszMKbeOKMPTEIZyiKKU2,13,1771162712128502000,1771162712124707000,14,Insert,l,15,Volam sa samuel
QcUKYLclszMKbeOKMPTEIZyiKKU2,13,1771162712389757000,1771162712382311000,15,Insert, ,16,Volam sa samuel 
QcUKYLclszMKbeOKMPTEIZyiKKU2,13,1771162713793055000,1771162713783983000,16,Insert,m,17,Volam sa samuel m
QcUKYLclszMKbeOKMPTEIZyiKKU2,13,1771162713896407000,1771162713891222000,17,Insert,a,18,Volam sa samuel ma
QcUKYLclszMKbeOKMPTEIZyiKKU2,13,1771162714030517000,1771162714026156000,18,Insert,m,19,Volam sa samuel mam
QcUKYLclszMKbeOKMPTEIZyiKKU2,13,1771162714294618000,1771162714289594000,19,Insert, ,20,Volam sa samuel mam 
QcUKYLclszMKbeOKMPTEIZyiKKU2,13,1771162714568099000,1771162714562445000,20,Insert,l,21,Volam sa samuel mam l
QcUKYLclszMKbeOKMPTEIZyiKKU2,13,1771162714658266000,1771162714647875000,21,Insert,s,22,Volam sa samuel mam ls
QcUKYLclszMKbeOKMPTEIZyiKKU2,13,1771162714844301000,1771162714839495000,22,Insert,a,23,Volam sa samuel mam lsa
QcUKYLclszMKbeOKMPTEIZyiKKU2,13,1771162714981858000,1771162714977596000,23,Insert, ,24,Volam sa samuel mam lsa 
QcUKYLclszMKbeOKMPTEIZyiKKU2,13,1771162715500282000,1771162715496515000,24,Delete, ,23,Volam sa samuel mam lsa
QcUKYLclszMKbeOKMPTEIZyiKKU2,13,1771162715671418000,1771162715667421000,23,Delete,a,22,Volam sa samuel mam ls
QcUKYLclszMKbeOKMPTEIZyiKKU2,13,1771162715842484000,1771162715837623000,22,Delete,s,21,Volam sa samuel mam l
QcUKYLclszMKbeOKMPTEIZyiKKU2,13,1771162716033475000,1771162716029420000,21,Delete,l,20,Volam sa samuel mam 
QcUKYLclszMKbeOKMPTEIZyiKKU2,13,1771162716402915000,1771162716396718000,20,Insert,p,21,Volam sa samuel mam p
QcUKYLclszMKbeOKMPTEIZyiKKU2,13,1771162716514314000,1771162716509809000,21,Insert,s,22,Volam sa samuel mam ps
QcUKYLclszMKbeOKMPTEIZyiKKU2,13,1771162716713930000,1771162716708586000,22,Insert,a,23,Volam sa samuel mam psa
QcUKYLclszMKbeOKMPTEIZyiKKU2,13,1771162716835714000,1771162716831121000,23,Insert, ,24,Volam sa samuel mam psa 
QcUKYLclszMKbeOKMPTEIZyiKKU2,13,1771162717200194000,1771162717191956000,24,Insert,a,25,Volam sa samuel mam psa a
QcUKYLclszMKbeOKMPTEIZyiKKU2,13,1771162717307133000,1771162717302481000,25,Insert,u,26,Volam sa samuel mam psa au
QcUKYLclszMKbeOKMPTEIZyiKKU2,13,1771162717488467000,1771162717484567000,26,Insert,r,27,Volam sa samuel mam psa aur
QcUKYLclszMKbeOKMPTEIZyiKKU2,13,1771162717688925000,1771162717682018000,27,Insert,e,28,Volam sa samuel mam psa aure
QcUKYLclszMKbeOKMPTEIZyiKKU2,13,1771162717862681000,1771162717858773000,28,Insert,l,29,Volam sa samuel mam psa aurel
QcUKYLclszMKbeOKMPTEIZyiKKU2,13,1771162718254402000,1771162718249122000,29,Insert,a,30,Volam sa samuel mam psa aurela
QcUKYLclszMKbeOKMPTEIZyiKKU2,13,1771162718446381000,1771162718442436000,30,Insert, ,31,Volam sa samuel mam psa aurela 
QcUKYLclszMKbeOKMPTEIZyiKKU2,13,1771162719132124000,1771162719126305000,31,Insert,a,32,Volam sa samuel mam psa aurela a
QcUKYLclszMKbeOKMPTEIZyiKKU2,13,1771162719259347000,1771162719253655000,32,Insert, ,33,Volam sa samuel mam psa aurela a 
QcUKYLclszMKbeOKMPTEIZyiKKU2,13,1771162719456546000,1771162719451998000,33,Insert,i,34,Volam sa samuel mam psa aurela a i
QcUKYLclszMKbeOKMPTEIZyiKKU2,13,1771162719532371000,1771162719528892000,34,Insert,d,35,Volam sa samuel mam psa aurela a id
QcUKYLclszMKbeOKMPTEIZyiKKU2,13,1771162719711119000,1771162719706510000,35,Insert,e,36,Volam sa samuel mam psa aurela a ide
QcUKYLclszMKbeOKMPTEIZyiKKU2,13,1771162719787184000,1771162719780797000,36,Insert,m,37,Volam sa samuel mam psa aurela a idem
QcUKYLclszMKbeOKMPTEIZyiKKU2,13,1771162720003819000,1771162719995702000,37,Insert, ,38,Volam sa samuel mam psa aurela a idem 
QcUKYLclszMKbeOKMPTEIZyiKKU2,13,1771162720559395000,1771162720550285000,38,Insert,s,39,Volam sa samuel mam psa aurela a idem s
QcUKYLclszMKbeOKMPTEIZyiKKU2,13,1771162720736584000,1771162720731039000,39,Insert, ,40,Volam sa samuel mam psa aurela a idem s 
QcUKYLclszMKbeOKMPTEIZyiKKU2,13,1771162720947450000,1771162720943468000,40,Insert,n,41,Volam sa samuel mam psa aurela a idem s n
QcUKYLclszMKbeOKMPTEIZyiKKU2,13,1771162721164217000,1771162721156139000,41,Insert,j,42,Volam sa samuel mam psa aurela a idem s nj
QcUKYLclszMKbeOKMPTEIZyiKKU2,13,1771162721326073000,1771162721321578000,42,Insert,m,43,Volam sa samuel mam psa aurela a idem s njm
QcUKYLclszMKbeOKMPTEIZyiKKU2,13,1771162721500452000,1771162721495739000,43,Insert, ,44,Volam sa samuel mam psa aurela a idem s njm 
QcUKYLclszMKbeOKMPTEIZyiKKU2,13,1771162722661267000,1771162722655971000,44,Delete,j,43,Volam sa samuel mam psa aurela a idem s nm 
QcUKYLclszMKbeOKMPTEIZyiKKU2,13,1771162722855168000,1771162722849654000,43,Insert,i,44,Volam sa samuel mam psa aurela a idem s nim 
QcUKYLclszMKbeOKMPTEIZyiKKU2,13,1771162723937904000,1771162723931995000,44,Insert,v,45,Volam sa samuel mam psa aurela a idem s nim v
QcUKYLclszMKbeOKMPTEIZyiKKU2,13,1771162724039789000,1771162724034778000,45,Insert,o,46,Volam sa samuel mam psa aurela a idem s nim vo
QcUKYLclszMKbeOKMPTEIZyiKKU2,13,1771162724244788000,1771162724238685000,46,Insert,n,47,Volam sa samuel mam psa aurela a idem s nim von
QcUKYLclszMKbeOKMPTEIZyiKKU2,13,1771162724462236000,1771162724456006000,47,Insert,k,48,Volam sa samuel mam psa aurela a idem s nim vonk
QcUKYLclszMKbeOKMPTEIZyiKKU2,13,1771162724626123000,1771162724622567000,48,Insert,u,49,Volam sa samuel mam psa aurela a idem s nim vonku
QcUKYLclszMKbeOKMPTEIZyiKKU2,13,1771162724876134000,1771162724866625000,49,Insert,.,50,Volam sa samuel mam psa aurela a idem s nim vonku.
QcUKYLclszMKbeOKMPTEIZyiKKU2,13,1771162725716899000,1771162725707731000,50,Insert,C,51,Volam sa samuel mam psa aurela a idem s nim vonku.C
QcUKYLclszMKbeOKMPTEIZyiKKU2,13,1771162725853733000,1771162725849787000,51,Insert,h,52,Volam sa samuel mam psa aurela a idem s nim vonku.Ch
QcUKYLclszMKbeOKMPTEIZyiKKU2,13,1771162726187170000,1771162726177218000,52,Insert,o,53,Volam sa samuel mam psa aurela a idem s nim vonku.Cho
QcUKYLclszMKbeOKMPTEIZyiKKU2,13,1771162726305453000,1771162726301472000,53,Insert,d,54,Volam sa samuel mam psa aurela a idem s nim vonku.Chod
QcUKYLclszMKbeOKMPTEIZyiKKU2,13,1771162726424459000,1771162726419698000,54,Insert,i,55,Volam sa samuel mam psa aurela a idem s nim vonku.Chodi
QcUKYLclszMKbeOKMPTEIZyiKKU2,13,1771162726660815000,1771162726654750000,55,Insert,m,56,Volam sa samuel mam psa aurela a idem s nim vonku.Chodim
QcUKYLclszMKbeOKMPTEIZyiKKU2,13,1771162727023233000,1771162727015929000,56,Insert, ,57,Volam sa samuel mam psa aurela a idem s nim vonku.Chodim 
QcUKYLclszMKbeOKMPTEIZyiKKU2,13,1771162727230187000,1771162727219668000,57,Insert,a,58,Volam sa samuel mam psa aurela a idem s nim vonku.Chodim a
QcUKYLclszMKbeOKMPTEIZyiKKU2,13,1771162727300869000,1771162727296637000,58,Insert,j,59,Volam sa samuel mam psa aurela a idem s nim vonku.Chodim aj
QcUKYLclszMKbeOKMPTEIZyiKKU2,13,1771162727492776000,1771162727488410000,59,Insert, ,60,Volam sa samuel mam psa aurela a idem s nim vonku.Chodim aj 
QcUKYLclszMKbeOKMPTEIZyiKKU2,13,1771162727853144000,1771162727845091000,60,Insert,f,61,Volam sa samuel mam psa aurela a idem s nim vonku.Chodim aj f
QcUKYLclszMKbeOKMPTEIZyiKKU2,13,1771162727932994000,1771162727927848000,61,Insert,o,62,Volam sa samuel mam psa aurela a idem s nim vonku.Chodim aj fo
QcUKYLclszMKbeOKMPTEIZyiKKU2,13,1771162728163512000,1771162728153893000,62,Insert, ,63,Volam sa samuel mam psa aurela a idem s nim vonku.Chodim aj fo 
QcUKYLclszMKbeOKMPTEIZyiKKU2,13,1771162729331984000,1771162729329264000,63,Delete,f,62,Volam sa samuel mam psa aurela a idem s nim vonku.Chodim aj o 
QcUKYLclszMKbeOKMPTEIZyiKKU2,13,1771162729470390000,1771162729464793000,62,Insert,d,63,Volam sa samuel mam psa aurela a idem s nim vonku.Chodim aj do 
QcUKYLclszMKbeOKMPTEIZyiKKU2,13,1771162730942214000,1771162730921776000,63,Insert,p,64,Volam sa samuel mam psa aurela a idem s nim vonku.Chodim aj do p
QcUKYLclszMKbeOKMPTEIZyiKKU2,13,1771162730997863000,1771162730993248000,64,Insert,r,65,Volam sa samuel mam psa aurela a idem s nim vonku.Chodim aj do pr
QcUKYLclszMKbeOKMPTEIZyiKKU2,13,1771162731317797000,1771162731310762000,65,Insert,a,66,Volam sa samuel mam psa aurela a idem s nim vonku.Chodim aj do pra
QcUKYLclszMKbeOKMPTEIZyiKKU2,13,1771162731689767000,1771162731682354000,66,Insert,c,67,Volam sa samuel mam psa aurela a idem s nim vonku.Chodim aj do prac
QcUKYLclszMKbeOKMPTEIZyiKKU2,13,1771162731958318000,1771162731951956000,67,Insert,e,68,Volam sa samuel mam psa aurela a idem s nim vonku.Chodim aj do prace
QcUKYLclszMKbeOKMPTEIZyiKKU2,13,1771162732113297000,1771162732107901000,68,Insert,.,69,Volam sa samuel mam psa aurela a idem s nim vonku.Chodim aj do prace.
QcUKYLclszMKbeOKMPTEIZyiKKU2,13,1771162732289043000,1771162732284318000,69,Insert,.,70,Volam sa samuel mam psa aurela a idem s nim vonku.Chodim aj do prace..
QcUKYLclszMKbeOKMPTEIZyiKKU2,13,1771162732449382000,1771162732443464000,70,Insert,.,71,Volam sa samuel mam psa aurela a idem s nim vonku.Chodim aj do prace...
QcUKYLclszMKbeOKMPTEIZyiKKU2,13,1771162732634537000,1771162732630102000,71,Insert,.,72,Volam sa samuel mam psa aurela a idem s nim vonku.Chodim aj do prace....
QcUKYLclszMKbeOKMPTEIZyiKKU2,13,1771162732809165000,1771162732804387000,72,Insert,.,73,Volam sa samuel mam psa aurela a idem s nim vonku.Chodim aj do prace.....
QcUKYLclszMKbeOKMPTEIZyiKKU2,13,1771162732975537000,1771162732971322000,73,Insert,.,74,Volam sa samuel mam psa aurela a idem s nim vonku.Chodim aj do prace......
QcUKYLclszMKbeOKMPTEIZyiKKU2,13,1771162733170548000,1771162733164854000,74,Insert,.,75,Volam sa samuel mam psa aurela a idem s nim vonku.Chodim aj do prace.......
QcUKYLclszMKbeOKMPTEIZyiKKU2,14,1771162734617478000,1771162734611963000,0,Insert,V,1,V
QcUKYLclszMKbeOKMPTEIZyiKKU2,14,1771162734829984000,1771162734823134000,1,Insert,o,2,Vo
QcUKYLclszMKbeOKMPTEIZyiKKU2,14,1771162735016436000,1771162735012728000,2,Insert,l,3,Vol
QcUKYLclszMKbeOKMPTEIZyiKKU2,14,1771162735113236000,1771162735109347000,3,Insert,a,4,Vola
QcUKYLclszMKbeOKMPTEIZyiKKU2,14,1771162735364061000,1771162735354225000,4,Insert,m,5,Volam
QcUKYLclszMKbeOKMPTEIZyiKKU2,14,1771162735604653000,1771162735596851000,5,Insert, ,6,Volam 
QcUKYLclszMKbeOKMPTEIZyiKKU2,14,1771162735798362000,1771162735794569000,6,Insert,s,7,Volam s
QcUKYLclszMKbeOKMPTEIZyiKKU2,14,1771162735968315000,1771162735964226000,7,Insert,a,8,Volam sa
QcUKYLclszMKbeOKMPTEIZyiKKU2,14,1771162736080300000,1771162736075616000,8,Insert, ,9,Volam sa 
QcUKYLclszMKbeOKMPTEIZyiKKU2,14,1771162736261813000,1771162736258181000,9,Insert,s,10,Volam sa s
QcUKYLclszMKbeOKMPTEIZyiKKU2,14,1771162736481286000,1771162736466955000,10,Insert,a,11,Volam sa sa
QcUKYLclszMKbeOKMPTEIZyiKKU2,14,1771162736578473000,1771162736573976000,11,Insert,m,12,Volam sa sam
QcUKYLclszMKbeOKMPTEIZyiKKU2,14,1771162736778197000,1771162736772968000,12,Insert,u,13,Volam sa samu
QcUKYLclszMKbeOKMPTEIZyiKKU2,14,1771162736920380000,1771162736916562000,13,Insert,e,14,Volam sa samue
QcUKYLclszMKbeOKMPTEIZyiKKU2,14,1771162737113508000,1771162737109455000,14,Insert,l,15,Volam sa samuel
QcUKYLclszMKbeOKMPTEIZyiKKU2,14,1771162737361130000,1771162737354444000,15,Insert, ,16,Volam sa samuel 
QcUKYLclszMKbeOKMPTEIZyiKKU2,14,1771162737938141000,1771162737927895000,16,Insert,m,17,Volam sa samuel m
QcUKYLclszMKbeOKMPTEIZyiKKU2,14,1771162738033699000,1771162738025540000,17,Insert,a,18,Volam sa samuel ma
QcUKYLclszMKbeOKMPTEIZyiKKU2,14,1771162738167617000,1771162738162545000,18,Insert,m,19,Volam sa samuel mam
QcUKYLclszMKbeOKMPTEIZyiKKU2,14,1771162738534082000,1771162738525862000,19,Insert, ,20,Volam sa samuel mam 
QcUKYLclszMKbeOKMPTEIZyiKKU2,14,1771162738912708000,1771162738906912000,20,Insert,p,21,Volam sa samuel mam p
QcUKYLclszMKbeOKMPTEIZyiKKU2,14,1771162739040882000,1771162739036718000,21,Insert,s,22,Volam sa samuel mam ps
QcUKYLclszMKbeOKMPTEIZyiKKU2,14,1771162739211568000,1771162739206632000,22,Insert,a,23,Volam sa samuel mam psa
QcUKYLclszMKbeOKMPTEIZyiKKU2,14,1771162739337875000,1771162739332892000,23,Insert, ,24,Volam sa samuel mam psa 
QcUKYLclszMKbeOKMPTEIZyiKKU2,14,1771162739818008000,1771162739809068000,24,Insert,a,25,Volam sa samuel mam psa a
QcUKYLclszMKbeOKMPTEIZyiKKU2,14,1771162739951706000,1771162739944957000,25,Insert,u,26,Volam sa samuel mam psa au
QcUKYLclszMKbeOKMPTEIZyiKKU2,14,1771162740115811000,1771162740110833000,26,Insert,r,27,Volam sa samuel mam psa aur
QcUKYLclszMKbeOKMPTEIZyiKKU2,14,1771162740439153000,1771162740433159000,27,Insert,e,28,Volam sa samuel mam psa aure
QcUKYLclszMKbeOKMPTEIZyiKKU2,14,1771162740622896000,1771162740618826000,28,Insert,l,29,Volam sa samuel mam psa aurel
QcUKYLclszMKbeOKMPTEIZyiKKU2,14,1771162741108900000,1771162741102848000,29,Insert,a,30,Volam sa samuel mam psa aurela
QcUKYLclszMKbeOKMPTEIZyiKKU2,14,1771162741461354000,1771162741454984000,30,Insert, ,31,Volam sa samuel mam psa aurela 
QcUKYLclszMKbeOKMPTEIZyiKKU2,14,1771162742787038000,1771162742779187000,31,Insert,a,32,Volam sa samuel mam psa aurela a
QcUKYLclszMKbeOKMPTEIZyiKKU2,14,1771162742957993000,1771162742948942000,32,Insert, ,33,Volam sa samuel mam psa aurela a 
QcUKYLclszMKbeOKMPTEIZyiKKU2,14,1771162743666126000,1771162743655658000,33,Insert,i,34,Volam sa samuel mam psa aurela a i
QcUKYLclszMKbeOKMPTEIZyiKKU2,14,1771162743771315000,1771162743767022000,34,Insert,d,35,Volam sa samuel mam psa aurela a id
QcUKYLclszMKbeOKMPTEIZyiKKU2,14,1771162743956091000,1771162743951922000,35,Insert,e,36,Volam sa samuel mam psa aurela a ide
QcUKYLclszMKbeOKMPTEIZyiKKU2,14,1771162744050471000,1771162744047079000,36,Insert,m,37,Volam sa samuel mam psa aurela a idem
QcUKYLclszMKbeOKMPTEIZyiKKU2,14,1771162744232350000,1771162744228125000,37,Insert, ,38,Volam sa samuel mam psa aurela a idem 
QcUKYLclszMKbeOKMPTEIZyiKKU2,14,1771162744513482000,1771162744505583000,38,Insert,s,39,Volam sa samuel mam psa aurela a idem s
QcUKYLclszMKbeOKMPTEIZyiKKU2,14,1771162744688892000,1771162744683703000,39,Insert, ,40,Volam sa samuel mam psa aurela a idem s 
QcUKYLclszMKbeOKMPTEIZyiKKU2,14,1771162745110501000,1771162745104732000,40,Insert,n,41,Volam sa samuel mam psa aurela a idem s n
QcUKYLclszMKbeOKMPTEIZyiKKU2,14,1771162745221756000,1771162745217068000,41,Insert,a,42,Volam sa samuel mam psa aurela a idem s na
QcUKYLclszMKbeOKMPTEIZyiKKU2,14,1771162745530219000,1771162745525707000,42,Delete,a,41,Volam sa samuel mam psa aurela a idem s n
QcUKYLclszMKbeOKMPTEIZyiKKU2,14,1771162745754848000,1771162745747063000,41,Insert,i,42,Volam sa samuel mam psa aurela a idem s ni
QcUKYLclszMKbeOKMPTEIZyiKKU2,14,1771162745946815000,1771162745942510000,42,Insert,m,43,Volam sa samuel mam psa aurela a idem s nim
QcUKYLclszMKbeOKMPTEIZyiKKU2,14,1771162746169030000,1771162746162358000,43,Insert, ,44,Volam sa samuel mam psa aurela a idem s nim 
QcUKYLclszMKbeOKMPTEIZyiKKU2,14,1771162746689033000,1771162746684643000,44,Delete, ,43,Volam sa samuel mam psa aurela a idem s nim
QcUKYLclszMKbeOKMPTEIZyiKKU2,14,1771162747144157000,1771162747130032000,43,Insert,v,44,Volam sa samuel mam psa aurela a idem s nimv
QcUKYLclszMKbeOKMPTEIZyiKKU2,14,1771162747245415000,1771162747241539000,44,Insert,l,45,Volam sa samuel mam psa aurela a idem s nimvl
QcUKYLclszMKbeOKMPTEIZyiKKU2,14,1771162747437308000,1771162747432523000,45,Insert,n,46,Volam sa samuel mam psa aurela a idem s nimvln
QcUKYLclszMKbeOKMPTEIZyiKKU2,14,1771162748765053000,1771162748761563000,46,Delete,v,45,Volam sa samuel mam psa aurela a idem s nimln
QcUKYLclszMKbeOKMPTEIZyiKKU2,14,1771162750322253000,1771162750316370000,45,Delete,n,44,Volam sa samuel mam psa aurela a idem s niml
QcUKYLclszMKbeOKMPTEIZyiKKU2,14,1771162750463340000,1771162750459217000,44,Delete,l,43,Volam sa samuel mam psa aurela a idem s nim
QcUKYLclszMKbeOKMPTEIZyiKKU2,14,1771162751124803000,1771162751112786000,43,Insert, ,44,Volam sa samuel mam psa aurela a idem s nim 
QcUKYLclszMKbeOKMPTEIZyiKKU2,14,1771162751456959000,1771162751450379000,44,Insert,v,45,Volam sa samuel mam psa aurela a idem s nim v
QcUKYLclszMKbeOKMPTEIZyiKKU2,14,1771162751570446000,1771162751566218000,45,Insert,o,46,Volam sa samuel mam psa aurela a idem s nim vo
QcUKYLclszMKbeOKMPTEIZyiKKU2,14,1771162751776063000,1771162751771790000,46,Insert,n,47,Volam sa samuel mam psa aurela a idem s nim von
QcUKYLclszMKbeOKMPTEIZyiKKU2,14,1771162751936115000,1771162751930849000,47,Insert,k,48,Volam sa samuel mam psa aurela a idem s nim vonk
QcUKYLclszMKbeOKMPTEIZyiKKU2,14,1771162752125404000,1771162752121385000,48,Insert,u,49,Volam sa samuel mam psa aurela a idem s nim vonku
QcUKYLclszMKbeOKMPTEIZyiKKU2,14,1771162752944428000,1771162752936368000,49,Insert,.,50,Volam sa samuel mam psa aurela a idem s nim vonku.
QcUKYLclszMKbeOKMPTEIZyiKKU2,14,1771162753487198000,1771162753480003000,50,Insert,C,51,Volam sa samuel mam psa aurela a idem s nim vonku.C
QcUKYLclszMKbeOKMPTEIZyiKKU2,14,1771162753585059000,1771162753580798000,51,Insert,h,52,Volam sa samuel mam psa aurela a idem s nim vonku.Ch
QcUKYLclszMKbeOKMPTEIZyiKKU2,14,1771162753734699000,1771162753727448000,52,Insert,o,53,Volam sa samuel mam psa aurela a idem s nim vonku.Cho
QcUKYLclszMKbeOKMPTEIZyiKKU2,14,1771162753763611000,1771162753759813000,53,Insert,d,54,Volam sa samuel mam psa aurela a idem s nim vonku.Chod
QcUKYLclszMKbeOKMPTEIZyiKKU2,14,1771162754056637000,1771162754047945000,54,Insert,i,55,Volam sa samuel mam psa aurela a idem s nim vonku.Chodi
QcUKYLclszMKbeOKMPTEIZyiKKU2,14,1771162754655054000,1771162754645840000,55,Insert,m,56,Volam sa samuel mam psa aurela a idem s nim vonku.Chodim
QcUKYLclszMKbeOKMPTEIZyiKKU2,14,1771162754929385000,1771162754920711000,56,Insert, ,57,Volam sa samuel mam psa aurela a idem s nim vonku.Chodim 
QcUKYLclszMKbeOKMPTEIZyiKKU2,14,1771162755063247000,1771162755058317000,57,Insert,a,58,Volam sa samuel mam psa aurela a idem s nim vonku.Chodim a
QcUKYLclszMKbeOKMPTEIZyiKKU2,14,1771162755176269000,1771162755171297000,58,Insert,k,59,Volam sa samuel mam psa aurela a idem s nim vonku.Chodim ak
QcUKYLclszMKbeOKMPTEIZyiKKU2,14,1771162755402254000,1771162755394776000,59,Insert, ,60,Volam sa samuel mam psa aurela a idem s nim vonku.Chodim ak 
QcUKYLclszMKbeOKMPTEIZyiKKU2,14,1771162755914452000,1771162755908898000,60,Delete, ,59,Volam sa samuel mam psa aurela a idem s nim vonku.Chodim ak
QcUKYLclszMKbeOKMPTEIZyiKKU2,14,1771162756066702000,1771162756061997000,59,Delete,k,58,Volam sa samuel mam psa aurela a idem s nim vonku.Chodim a
QcUKYLclszMKbeOKMPTEIZyiKKU2,14,1771162756835137000,1771162756829491000,58,Insert,j,59,Volam sa samuel mam psa aurela a idem s nim vonku.Chodim aj
QcUKYLclszMKbeOKMPTEIZyiKKU2,14,1771162757086942000,1771162757079243000,59,Insert, ,60,Volam sa samuel mam psa aurela a idem s nim vonku.Chodim aj 
QcUKYLclszMKbeOKMPTEIZyiKKU2,14,1771162757233117000,1771162757228579000,60,Insert,d,61,Volam sa samuel mam psa aurela a idem s nim vonku.Chodim aj d
QcUKYLclszMKbeOKMPTEIZyiKKU2,14,1771162757376359000,1771162757370819000,61,Insert,m,62,Volam sa samuel mam psa aurela a idem s nim vonku.Chodim aj dm
QcUKYLclszMKbeOKMPTEIZyiKKU2,14,1771162757556244000,1771162757550495000,62,Insert, ,63,Volam sa samuel mam psa aurela a idem s nim vonku.Chodim aj dm 
QcUKYLclszMKbeOKMPTEIZyiKKU2,14,1771162757809900000,1771162757803854000,63,Insert,p,64,Volam sa samuel mam psa aurela a idem s nim vonku.Chodim aj dm p
QcUKYLclszMKbeOKMPTEIZyiKKU2,14,1771162757954933000,1771162757948858000,64,Insert,r,65,Volam sa samuel mam psa aurela a idem s nim vonku.Chodim aj dm pr
QcUKYLclszMKbeOKMPTEIZyiKKU2,14,1771162758280164000,1771162758275387000,65,Delete,r,64,Volam sa samuel mam psa aurela a idem s nim vonku.Chodim aj dm p
QcUKYLclszMKbeOKMPTEIZyiKKU2,14,1771162758953525000,1771162758946949000,64,Delete,p,63,Volam sa samuel mam psa aurela a idem s nim vonku.Chodim aj dm 
QcUKYLclszMKbeOKMPTEIZyiKKU2,14,1771162759133953000,1771162759129864000,63,Delete, ,62,Volam sa samuel mam psa aurela a idem s nim vonku.Chodim aj dm
QcUKYLclszMKbeOKMPTEIZyiKKU2,14,1771162759468262000,1771162759463719000,62,Delete,m,61,Volam sa samuel mam psa aurela a idem s nim vonku.Chodim aj d
QcUKYLclszMKbeOKMPTEIZyiKKU2,14,1771162759748662000,1771162759741825000,61,Insert,o,62,Volam sa samuel mam psa aurela a idem s nim vonku.Chodim aj do
QcUKYLclszMKbeOKMPTEIZyiKKU2,14,1771162760244275000,1771162760236833000,62,Insert, ,63,Volam sa samuel mam psa aurela a idem s nim vonku.Chodim aj do 
QcUKYLclszMKbeOKMPTEIZyiKKU2,14,1771162760592195000,1771162760584242000,63,Insert,p,64,Volam sa samuel mam psa aurela a idem s nim vonku.Chodim aj do p
QcUKYLclszMKbeOKMPTEIZyiKKU2,14,1771162760677916000,1771162760672016000,64,Insert,r,65,Volam sa samuel mam psa aurela a idem s nim vonku.Chodim aj do pr
QcUKYLclszMKbeOKMPTEIZyiKKU2,14,1771162761083456000,1771162761076053000,65,Insert,a,66,Volam sa samuel mam psa aurela a idem s nim vonku.Chodim aj do pra
QcUKYLclszMKbeOKMPTEIZyiKKU2,14,1771162761422744000,1771162761415985000,66,Insert,c,67,Volam sa samuel mam psa aurela a idem s nim vonku.Chodim aj do prac
QcUKYLclszMKbeOKMPTEIZyiKKU2,14,1771162761626402000,1771162761616224000,67,Insert,e,68,Volam sa samuel mam psa aurela a idem s nim vonku.Chodim aj do prace
QcUKYLclszMKbeOKMPTEIZyiKKU2,14,1771162762422039000,1771162762412073000,68,Insert,.,69,Volam sa samuel mam psa aurela a idem s nim vonku.Chodim aj do prace.
QcUKYLclszMKbeOKMPTEIZyiKKU2,14,1771162762558239000,1771162762553252000,69,Insert,.,70,Volam sa samuel mam psa aurela a idem s nim vonku.Chodim aj do prace..
QcUKYLclszMKbeOKMPTEIZyiKKU2,14,1771162762755969000,1771162762750036000,70,Insert,.,71,Volam sa samuel mam psa aurela a idem s nim vonku.Chodim aj do prace...
QcUKYLclszMKbeOKMPTEIZyiKKU2,14,1771162762903453000,1771162762898512000,71,Insert,.,72,Volam sa samuel mam psa aurela a idem s nim vonku.Chodim aj do prace....
QcUKYLclszMKbeOKMPTEIZyiKKU2,14,1771162763091960000,1771162763086683000,72,Insert,.,73,Volam sa samuel mam psa aurela a idem s nim vonku.Chodim aj do prace.....
QcUKYLclszMKbeOKMPTEIZyiKKU2,14,1771162763288845000,1771162763284657000,73,Insert,.,74,Volam sa samuel mam psa aurela a idem s nim vonku.Chodim aj do prace......
QcUKYLclszMKbeOKMPTEIZyiKKU2,14,1771162763459410000,1771162763453391000,74,Insert,.,75,Volam sa samuel mam psa aurela a idem s nim vonku.Chodim aj do prace.......
QcUKYLclszMKbeOKMPTEIZyiKKU2,15,1771162765780845000,1771162765776455000,0,Insert,V,1,V
QcUKYLclszMKbeOKMPTEIZyiKKU2,15,1771162766011301000,1771162766007513000,1,Insert,o,2,Vo
QcUKYLclszMKbeOKMPTEIZyiKKU2,15,1771162766321848000,1771162766314289000,2,Insert,l,3,Vol
QcUKYLclszMKbeOKMPTEIZyiKKU2,15,1771162766460645000,1771162766455904000,3,Insert,a,4,Vola
QcUKYLclszMKbeOKMPTEIZyiKKU2,15,1771162766609616000,1771162766605552000,4,Insert,m,5,Volam
QcUKYLclszMKbeOKMPTEIZyiKKU2,15,1771162766882591000,1771162766876084000,5,Insert, ,6,Volam 
QcUKYLclszMKbeOKMPTEIZyiKKU2,15,1771162767045504000,1771162767041777000,6,Insert,s,7,Volam s
QcUKYLclszMKbeOKMPTEIZyiKKU2,15,1771162767242649000,1771162767238758000,7,Insert,a,8,Volam sa
QcUKYLclszMKbeOKMPTEIZyiKKU2,15,1771162767388422000,1771162767384519000,8,Insert, ,9,Volam sa 
QcUKYLclszMKbeOKMPTEIZyiKKU2,15,1771162767596578000,1771162767590773000,9,Insert,s,10,Volam sa s
QcUKYLclszMKbeOKMPTEIZyiKKU2,15,1771162767790943000,1771162767786739000,10,Insert,a,11,Volam sa sa
QcUKYLclszMKbeOKMPTEIZyiKKU2,15,1771162768118646000,1771162768112405000,11,Insert,m,12,Volam sa sam
QcUKYLclszMKbeOKMPTEIZyiKKU2,15,1771162768290085000,1771162768286146000,12,Insert,u,13,Volam sa samu
QcUKYLclszMKbeOKMPTEIZyiKKU2,15,1771162768388364000,1771162768384634000,13,Insert,e,14,Volam sa samue
QcUKYLclszMKbeOKMPTEIZyiKKU2,15,1771162768528274000,1771162768524617000,14,Insert,l,15,Volam sa samuel
QcUKYLclszMKbeOKMPTEIZyiKKU2,15,1771162768849087000,1771162768842508000,15,Insert, ,16,Volam sa samuel 
QcUKYLclszMKbeOKMPTEIZyiKKU2,15,1771162769076690000,1771162769067413000,16,Insert,m,17,Volam sa samuel m
QcUKYLclszMKbeOKMPTEIZyiKKU2,15,1771162769146898000,1771162769142486000,17,Insert,a,18,Volam sa samuel ma
QcUKYLclszMKbeOKMPTEIZyiKKU2,15,1771162769334081000,1771162769329249000,18,Insert,m,19,Volam sa samuel mam
QcUKYLclszMKbeOKMPTEIZyiKKU2,15,1771162769669272000,1771162769662726000,19,Insert, ,20,Volam sa samuel mam 
QcUKYLclszMKbeOKMPTEIZyiKKU2,15,1771162769989666000,1771162769983334000,20,Insert,p,21,Volam sa samuel mam p
QcUKYLclszMKbeOKMPTEIZyiKKU2,15,1771162770100507000,1771162770095645000,21,Insert,s,22,Volam sa samuel mam ps
QcUKYLclszMKbeOKMPTEIZyiKKU2,15,1771162770269408000,1771162770265214000,22,Insert,a,23,Volam sa samuel mam psa
QcUKYLclszMKbeOKMPTEIZyiKKU2,15,1771162770461128000,1771162770452672000,23,Insert, ,24,Volam sa samuel mam psa 
QcUKYLclszMKbeOKMPTEIZyiKKU2,15,1771162771337879000,1771162771330620000,24,Insert,a,25,Volam sa samuel mam psa a
QcUKYLclszMKbeOKMPTEIZyiKKU2,15,1771162771498004000,1771162771493015000,25,Insert,u,26,Volam sa samuel mam psa au
QcUKYLclszMKbeOKMPTEIZyiKKU2,15,1771162771616107000,1771162771607613000,26,Insert,r,27,Volam sa samuel mam psa aur
QcUKYLclszMKbeOKMPTEIZyiKKU2,15,1771162771797032000,1771162771791972000,27,Insert,e,28,Volam sa samuel mam psa aure
QcUKYLclszMKbeOKMPTEIZyiKKU2,15,1771162771921557000,1771162771917358000,28,Insert,l,29,Volam sa samuel mam psa aurel
QcUKYLclszMKbeOKMPTEIZyiKKU2,15,1771162772078137000,1771162772072038000,29,Insert,a,30,Volam sa samuel mam psa aurela
QcUKYLclszMKbeOKMPTEIZyiKKU2,15,1771162772289690000,1771162772283207000,30,Insert, ,31,Volam sa samuel mam psa aurela 
QcUKYLclszMKbeOKMPTEIZyiKKU2,15,1771162772983444000,1771162772972293000,31,Insert,a,32,Volam sa samuel mam psa aurela a
QcUKYLclszMKbeOKMPTEIZyiKKU2,15,1771162773116001000,1771162773109307000,32,Insert, ,33,Volam sa samuel mam psa aurela a 
QcUKYLclszMKbeOKMPTEIZyiKKU2,15,1771162773383567000,1771162773379839000,33,Insert,i,34,Volam sa samuel mam psa aurela a i
QcUKYLclszMKbeOKMPTEIZyiKKU2,15,1771162773471769000,1771162773467490000,34,Insert,d,35,Volam sa samuel mam psa aurela a id
QcUKYLclszMKbeOKMPTEIZyiKKU2,15,1771162773689941000,1771162773684999000,35,Insert,m,36,Volam sa samuel mam psa aurela a idm
QcUKYLclszMKbeOKMPTEIZyiKKU2,15,1771162774303034000,1771162774297704000,36,Delete,m,35,Volam sa samuel mam psa aurela a id
QcUKYLclszMKbeOKMPTEIZyiKKU2,15,1771162774385438000,1771162774380119000,35,Insert,e,36,Volam sa samuel mam psa aurela a ide
QcUKYLclszMKbeOKMPTEIZyiKKU2,15,1771162774528347000,1771162774524677000,36,Insert,m,37,Volam sa samuel mam psa aurela a idem
QcUKYLclszMKbeOKMPTEIZyiKKU2,15,1771162774723219000,1771162774716707000,37,Insert, ,38,Volam sa samuel mam psa aurela a idem 
QcUKYLclszMKbeOKMPTEIZyiKKU2,15,1771162774873974000,1771162774869918000,38,Insert,s,39,Volam sa samuel mam psa aurela a idem s
QcUKYLclszMKbeOKMPTEIZyiKKU2,15,1771162775084924000,1771162775078054000,39,Insert, ,40,Volam sa samuel mam psa aurela a idem s 
QcUKYLclszMKbeOKMPTEIZyiKKU2,15,1771162775313712000,1771162775307767000,40,Insert,n,41,Volam sa samuel mam psa aurela a idem s n
QcUKYLclszMKbeOKMPTEIZyiKKU2,15,1771162775504079000,1771162775499111000,41,Insert,i,42,Volam sa samuel mam psa aurela a idem s ni
QcUKYLclszMKbeOKMPTEIZyiKKU2,15,1771162775706911000,1771162775701360000,42,Insert,m,43,Volam sa samuel mam psa aurela a idem s nim
QcUKYLclszMKbeOKMPTEIZyiKKU2,15,1771162775872555000,1771162775867930000,43,Insert, ,44,Volam sa samuel mam psa aurela a idem s nim 
QcUKYLclszMKbeOKMPTEIZyiKKU2,15,1771162776224618000,1771162776218157000,44,Insert,v,45,Volam sa samuel mam psa aurela a idem s nim v
QcUKYLclszMKbeOKMPTEIZyiKKU2,15,1771162776315196000,1771162776311139000,45,Insert,o,46,Volam sa samuel mam psa aurela a idem s nim vo
QcUKYLclszMKbeOKMPTEIZyiKKU2,15,1771162776537534000,1771162776533386000,46,Insert,n,47,Volam sa samuel mam psa aurela a idem s nim von
QcUKYLclszMKbeOKMPTEIZyiKKU2,15,1771162776724452000,1771162776720465000,47,Insert,k,48,Volam sa samuel mam psa aurela a idem s nim vonk
QcUKYLclszMKbeOKMPTEIZyiKKU2,15,1771162776899652000,1771162776894633000,48,Insert,u,49,Volam sa samuel mam psa aurela a idem s nim vonku
QcUKYLclszMKbeOKMPTEIZyiKKU2,15,1771162777359151000,1771162777349633000,49,Insert,.,50,Volam sa samuel mam psa aurela a idem s nim vonku.
QcUKYLclszMKbeOKMPTEIZyiKKU2,15,1771162778173925000,1771162778169103000,50,Insert,C,51,Volam sa samuel mam psa aurela a idem s nim vonku.C
QcUKYLclszMKbeOKMPTEIZyiKKU2,15,1771162778385286000,1771162778379971000,51,Insert,h,52,Volam sa samuel mam psa aurela a idem s nim vonku.Ch
QcUKYLclszMKbeOKMPTEIZyiKKU2,15,1771162778628439000,1771162778622324000,52,Insert,l,53,Volam sa samuel mam psa aurela a idem s nim vonku.Chl
QcUKYLclszMKbeOKMPTEIZyiKKU2,15,1771162778756126000,1771162778751212000,53,Insert,d,54,Volam sa samuel mam psa aurela a idem s nim vonku.Chld
QcUKYLclszMKbeOKMPTEIZyiKKU2,15,1771162779052846000,1771162779046558000,54,Insert,i,55,Volam sa samuel mam psa aurela a idem s nim vonku.Chldi
QcUKYLclszMKbeOKMPTEIZyiKKU2,15,1771162779358183000,1771162779354156000,55,Delete,i,54,Volam sa samuel mam psa aurela a idem s nim vonku.Chld
QcUKYLclszMKbeOKMPTEIZyiKKU2,15,1771162779518447000,1771162779515557000,54,Delete,d,53,Volam sa samuel mam psa aurela a idem s nim vonku.Chl
QcUKYLclszMKbeOKMPTEIZyiKKU2,15,1771162779685368000,1771162779682052000,53,Delete,l,52,Volam sa samuel mam psa aurela a idem s nim vonku.Ch
QcUKYLclszMKbeOKMPTEIZyiKKU2,15,1771162780151221000,1771162780145448000,52,Insert,o,53,Volam sa samuel mam psa aurela a idem s nim vonku.Cho
QcUKYLclszMKbeOKMPTEIZyiKKU2,15,1771162780348396000,1771162780343209000,53,Insert,f,54,Volam sa samuel mam psa aurela a idem s nim vonku.Chof
QcUKYLclszMKbeOKMPTEIZyiKKU2,15,1771162780521243000,1771162780517172000,54,Insert,i,55,Volam sa samuel mam psa aurela a idem s nim vonku.Chofi
QcUKYLclszMKbeOKMPTEIZyiKKU2,15,1771162780815915000,1771162780811853000,55,Delete,i,54,Volam sa samuel mam psa aurela a idem s nim vonku.Chof
QcUKYLclszMKbeOKMPTEIZyiKKU2,15,1771162780991180000,1771162780988027000,54,Delete,f,53,Volam sa samuel mam psa aurela a idem s nim vonku.Cho
QcUKYLclszMKbeOKMPTEIZyiKKU2,15,1771162781140988000,1771162781136904000,53,Insert,d,54,Volam sa samuel mam psa aurela a idem s nim vonku.Chod
QcUKYLclszMKbeOKMPTEIZyiKKU2,15,1771162781577737000,1771162781570458000,54,Insert,i,55,Volam sa samuel mam psa aurela a idem s nim vonku.Chodi
QcUKYLclszMKbeOKMPTEIZyiKKU2,15,1771162781815688000,1771162781809726000,55,Insert,m,56,Volam sa samuel mam psa aurela a idem s nim vonku.Chodim
QcUKYLclszMKbeOKMPTEIZyiKKU2,15,1771162782108635000,1771162782100162000,56,Insert, ,57,Volam sa samuel mam psa aurela a idem s nim vonku.Chodim 
QcUKYLclszMKbeOKMPTEIZyiKKU2,15,1771162782499949000,1771162782494118000,57,Insert,a,58,Volam sa samuel mam psa aurela a idem s nim vonku.Chodim a
QcUKYLclszMKbeOKMPTEIZyiKKU2,15,1771162782550211000,1771162782546285000,58,Insert,j,59,Volam sa samuel mam psa aurela a idem s nim vonku.Chodim aj
QcUKYLclszMKbeOKMPTEIZyiKKU2,15,1771162783026352000,1771162783021304000,59,Insert, ,60,Volam sa samuel mam psa aurela a idem s nim vonku.Chodim aj 
QcUKYLclszMKbeOKMPTEIZyiKKU2,15,1771162783143016000,1771162783138710000,60,Insert,d,61,Volam sa samuel mam psa aurela a idem s nim vonku.Chodim aj d
QcUKYLclszMKbeOKMPTEIZyiKKU2,15,1771162783317918000,1771162783313102000,61,Insert,o,62,Volam sa samuel mam psa aurela a idem s nim vonku.Chodim aj do
QcUKYLclszMKbeOKMPTEIZyiKKU2,15,1771162783922282000,1771162783911941000,62,Insert, ,63,Volam sa samuel mam psa aurela a idem s nim vonku.Chodim aj do 
QcUKYLclszMKbeOKMPTEIZyiKKU2,15,1771162784318697000,1771162784305835000,63,Insert,p,64,Volam sa samuel mam psa aurela a idem s nim vonku.Chodim aj do p
QcUKYLclszMKbeOKMPTEIZyiKKU2,15,1771162784397600000,1771162784393401000,64,Insert,r,65,Volam sa samuel mam psa aurela a idem s nim vonku.Chodim aj do pr
QcUKYLclszMKbeOKMPTEIZyiKKU2,15,1771162785036883000,1771162785030761000,65,Insert,a,66,Volam sa samuel mam psa aurela a idem s nim vonku.Chodim aj do pra
QcUKYLclszMKbeOKMPTEIZyiKKU2,15,1771162785263399000,1771162785257253000,66,Insert,c,67,Volam sa samuel mam psa aurela a idem s nim vonku.Chodim aj do prac
QcUKYLclszMKbeOKMPTEIZyiKKU2,15,1771162785452705000,1771162785448078000,67,Insert,e,68,Volam sa samuel mam psa aurela a idem s nim vonku.Chodim aj do prace
QcUKYLclszMKbeOKMPTEIZyiKKU2,15,1771162785596972000,1771162785592930000,68,Insert,.,69,Volam sa samuel mam psa aurela a idem s nim vonku.Chodim aj do prace.
QcUKYLclszMKbeOKMPTEIZyiKKU2,15,1771162785781483000,1771162785777336000,69,Insert,.,70,Volam sa samuel mam psa aurela a idem s nim vonku.Chodim aj do prace..
QcUKYLclszMKbeOKMPTEIZyiKKU2,15,1771162785965921000,1771162785961608000,70,Insert,.,71,Volam sa samuel mam psa aurela a idem s nim vonku.Chodim aj do prace...
QcUKYLclszMKbeOKMPTEIZyiKKU2,15,1771162786138125000,1771162786133854000,71,Insert,.,72,Volam sa samuel mam psa aurela a idem s nim vonku.Chodim aj do prace....
QcUKYLclszMKbeOKMPTEIZyiKKU2,15,1771162786319421000,1771162786315226000,72,Insert,.,73,Volam sa samuel mam psa aurela a idem s nim vonku.Chodim aj do prace.....
QcUKYLclszMKbeOKMPTEIZyiKKU2,15,1771162786513722000,1771162786508052000,73,Insert,.,74,Volam sa samuel mam psa aurela a idem s nim vonku.Chodim aj do prace......
QcUKYLclszMKbeOKMPTEIZyiKKU2,15,1771162786696058000,1771162786690368000,74,Insert,.,75,Volam sa samuel mam psa aurela a idem s nim vonku.Chodim aj do prace.......
