UserId,RoundId,TimestampAfterNs,TimestampBeforeNs,ContentLengthBefore,ActionType,KeyChar,CursorPosition,InputContent
BqbYZxLSPiNGAJGElBH6dq0Gf422,1,1771269990465316000,1771269990435765000,0,Insert,D,1,D
BqbYZxLSPiNGAJGElBH6dq0Gf422,1,1771269990539484000,1771269990534402000,1,Insert,n,2,Dn
BqbYZxLSPiNGAJGElBH6dq0Gf422,1,1771269990621229000,1771269990616483000,2,Insert,e,3,Dne
BqbYZxLSPiNGAJGElBH6dq0Gf422,1,1771269990764536000,1771269990758329000,3,Insert,s,4,Dnes
BqbYZxLSPiNGAJGElBH6dq0Gf422,1,1771269990861092000,1771269990856340000,4,Insert,j,5,Dnesj
BqbYZxLSPiNGAJGElBH6dq0Gf422,1,1771269991151472000,1771269991148660000,5,Delete,j,4,Dnes
BqbYZxLSPiNGAJGElBH6dq0Gf422,1,1771269991456256000,1771269991448218000,4,Insert, ,5,Dnes 
BqbYZxLSPiNGAJGElBH6dq0Gf422,1,1771269991729657000,1771269991725415000,5,Insert,h,6,Dnes h
BqbYZxLSPiNGAJGElBH6dq0Gf422,1,1771269991877066000,1771269991872540000,6,Insert,r,7,Dnes hr
BqbYZxLSPiNGAJGElBH6dq0Gf422,1,1771269991999006000,1771269991993165000,7,Insert, ,8,Dnes hr 
BqbYZxLSPiNGAJGElBH6dq0Gf422,1,1771269992087619000,1771269992083868000,8,Insert,v,9,Dnes hr v
BqbYZxLSPiNGAJGElBH6dq0Gf422,1,1771269992420482000,1771269992416504000,9,Delete,v,8,Dnes hr 
BqbYZxLSPiNGAJGElBH6dq0Gf422,1,1771269992590237000,1771269992587443000,8,Delete, ,7,Dnes hr
BqbYZxLSPiNGAJGElBH6dq0Gf422,1,1771269992730095000,1771269992726117000,7,Delete,r,6,Dnes h
BqbYZxLSPiNGAJGElBH6dq0Gf422,1,1771269992875435000,1771269992872270000,6,Delete,h,5,Dnes 
BqbYZxLSPiNGAJGElBH6dq0Gf422,1,1771269993360089000,1771269993355530000,5,Insert,j,6,Dnes j
BqbYZxLSPiNGAJGElBH6dq0Gf422,1,1771269993559544000,1771269993553931000,6,Insert,e,7,Dnes je
BqbYZxLSPiNGAJGElBH6dq0Gf422,1,1771269993641892000,1771269993637074000,7,Insert, ,8,Dnes je 
BqbYZxLSPiNGAJGElBH6dq0Gf422,1,1771269993895993000,1771269993891305000,8,Insert,v,9,Dnes je v
BqbYZxLSPiNGAJGElBH6dq0Gf422,1,1771269993974225000,1771269993969650000,9,Insert,o,10,Dnes je vo
BqbYZxLSPiNGAJGElBH6dq0Gf422,1,1771269994153036000,1771269994148009000,10,Insert,b,11,Dnes je vob
BqbYZxLSPiNGAJGElBH6dq0Gf422,1,1771269994340337000,1771269994336010000,11,Insert,k,12,Dnes je vobk
BqbYZxLSPiNGAJGElBH6dq0Gf422,1,1771269994475044000,1771269994470819000,12,Insert,u,13,Dnes je vobku
BqbYZxLSPiNGAJGElBH6dq0Gf422,1,1771269995001656000,1771269994996947000,13,Insert, ,14,Dnes je vobku 
BqbYZxLSPiNGAJGElBH6dq0Gf422,1,1771269995378574000,1771269995375499000,14,Delete, ,13,Dnes je vobku
BqbYZxLSPiNGAJGElBH6dq0Gf422,1,1771269995540958000,1771269995537775000,13,Delete,u,12,Dnes je vobk
BqbYZxLSPiNGAJGElBH6dq0Gf422,1,1771269995702452000,1771269995699767000,12,Delete,k,11,Dnes je vob
BqbYZxLSPiNGAJGElBH6dq0Gf422,1,1771269995850727000,1771269995847634000,11,Delete,b,10,Dnes je vo
BqbYZxLSPiNGAJGElBH6dq0Gf422,1,1771269996404089000,1771269996400069000,10,Insert,n,11,Dnes je von
BqbYZxLSPiNGAJGElBH6dq0Gf422,1,1771269996516243000,1771269996511826000,11,Insert,k,12,Dnes je vonk
BqbYZxLSPiNGAJGElBH6dq0Gf422,1,1771269996669735000,1771269996665763000,12,Insert,u,13,Dnes je vonku
BqbYZxLSPiNGAJGElBH6dq0Gf422,1,1771269996788420000,1771269996784077000,13,Insert, ,14,Dnes je vonku 
BqbYZxLSPiNGAJGElBH6dq0Gf422,1,1771269996974396000,1771269996970287000,14,Insert,p,15,Dnes je vonku p
BqbYZxLSPiNGAJGElBH6dq0Gf422,1,1771269997113656000,1771269997106059000,15,Insert,e,16,Dnes je vonku pe
BqbYZxLSPiNGAJGElBH6dq0Gf422,1,1771269997601465000,1771269997596487000,16,Insert,k,17,Dnes je vonku pek
BqbYZxLSPiNGAJGElBH6dq0Gf422,1,1771269997760923000,1771269997756514000,17,Insert,n,18,Dnes je vonku pekn
BqbYZxLSPiNGAJGElBH6dq0Gf422,1,1771269997813409000,1771269997808948000,18,Insert,e,19,Dnes je vonku pekne
BqbYZxLSPiNGAJGElBH6dq0Gf422,1,1771269999597817000,1771269999589578000,19,Insert,",",20,"Dnes je vonku pekne,"
BqbYZxLSPiNGAJGElBH6dq0Gf422,1,1771270000349245000,1771270000344430000,20,Insert, ,21,"Dnes je vonku pekne, "
BqbYZxLSPiNGAJGElBH6dq0Gf422,1,1771270000676304000,1771270000667887000,21,Insert,i,22,"Dnes je vonku pekne, i"
BqbYZxLSPiNGAJGElBH6dq0Gf422,1,1771270000765038000,1771270000760284000,22,Insert,d,23,"Dnes je vonku pekne, id"
BqbYZxLSPiNGAJGElBH6dq0Gf422,1,1771270000907233000,1771270000901986000,23,Insert,e,24,"Dnes je vonku pekne, ide"
BqbYZxLSPiNGAJGElBH6dq0Gf422,1,1771270000946482000,1771270000943504000,24,Insert,n,25,"Dnes je vonku pekne, iden"
BqbYZxLSPiNGAJGElBH6dq0Gf422,1,1771270001114657000,1771270001109732000,25,Insert, ,26,"Dnes je vonku pekne, iden "
BqbYZxLSPiNGAJGElBH6dq0Gf422,1,1771270001218909000,1771270001216298000,26,Insert,v,27,"Dnes je vonku pekne, iden v"
BqbYZxLSPiNGAJGElBH6dq0Gf422,1,1771270001347546000,1771270001342966000,27,Insert,o,28,"Dnes je vonku pekne, iden vo"
BqbYZxLSPiNGAJGElBH6dq0Gf422,1,1771270001680139000,1771270001676230000,28,Delete,o,27,"Dnes je vonku pekne, iden v"
BqbYZxLSPiNGAJGElBH6dq0Gf422,1,1771270001842707000,1771270001838707000,27,Delete,v,26,"Dnes je vonku pekne, iden "
BqbYZxLSPiNGAJGElBH6dq0Gf422,1,1771270001975236000,1771270001971827000,26,Delete, ,25,"Dnes je vonku pekne, iden"
BqbYZxLSPiNGAJGElBH6dq0Gf422,1,1771270002142704000,1771270002140161000,25,Delete,n,24,"Dnes je vonku pekne, ide"
BqbYZxLSPiNGAJGElBH6dq0Gf422,1,1771270002607602000,1771270002598742000,24,Insert,m,25,"Dnes je vonku pekne, idem"
BqbYZxLSPiNGAJGElBH6dq0Gf422,1,1771270002723405000,1771270002718998000,25,Insert, ,26,"Dnes je vonku pekne, idem "
BqbYZxLSPiNGAJGElBH6dq0Gf422,1,1771270002942449000,1771270002935614000,26,Insert,v,27,"Dnes je vonku pekne, idem v"
BqbYZxLSPiNGAJGElBH6dq0Gf422,1,1771270003004378000,1771270002999267000,27,Insert,o,28,"Dnes je vonku pekne, idem vo"
BqbYZxLSPiNGAJGElBH6dq0Gf422,1,1771270003178160000,1771270003173403000,28,Insert,n,29,"Dnes je vonku pekne, idem von"
BqbYZxLSPiNGAJGElBH6dq0Gf422,1,1771270004086378000,1771270004080464000,29,Insert, ,30,"Dnes je vonku pekne, idem von "
BqbYZxLSPiNGAJGElBH6dq0Gf422,1,1771270004238732000,1771270004232583000,30,Insert,s,31,"Dnes je vonku pekne, idem von s"
BqbYZxLSPiNGAJGElBH6dq0Gf422,1,1771270004519789000,1771270004512056000,31,Insert,o,32,"Dnes je vonku pekne, idem von so"
BqbYZxLSPiNGAJGElBH6dq0Gf422,1,1771270004701289000,1771270004689027000,32,Insert, ,33,"Dnes je vonku pekne, idem von so "
BqbYZxLSPiNGAJGElBH6dq0Gf422,1,1771270004888071000,1771270004882414000,33,Insert,p,34,"Dnes je vonku pekne, idem von so p"
BqbYZxLSPiNGAJGElBH6dq0Gf422,1,1771270005079360000,1771270005072273000,34,Insert,s,35,"Dnes je vonku pekne, idem von so ps"
BqbYZxLSPiNGAJGElBH6dq0Gf422,1,1771270005162455000,1771270005154701000,35,Insert,o,36,"Dnes je vonku pekne, idem von so pso"
BqbYZxLSPiNGAJGElBH6dq0Gf422,1,1771270006395623000,1771270006390638000,36,Insert,m,37,"Dnes je vonku pekne, idem von so psom"
BqbYZxLSPiNGAJGElBH6dq0Gf422,1,1771270006596547000,1771270006591875000,37,Insert, ,38,"Dnes je vonku pekne, idem von so psom "
BqbYZxLSPiNGAJGElBH6dq0Gf422,1,1771270006738742000,1771270006732329000,38,Insert,n,39,"Dnes je vonku pekne, idem von so psom n"
BqbYZxLSPiNGAJGElBH6dq0Gf422,1,1771270006839275000,1771270006831570000,39,Insert,a,40,"Dnes je vonku pekne, idem von so psom na"
BqbYZxLSPiNGAJGElBH6dq0Gf422,1,1771270006924145000,1771270006919716000,40,Insert, ,41,"Dnes je vonku pekne, idem von so psom na "
BqbYZxLSPiNGAJGElBH6dq0Gf422,1,1771270007113432000,1771270007105852000,41,Insert,d,42,"Dnes je vonku pekne, idem von so psom na d"
BqbYZxLSPiNGAJGElBH6dq0Gf422,1,1771270007341331000,1771270007333117000,42,Insert,v,43,"Dnes je vonku pekne, idem von so psom na dv"
BqbYZxLSPiNGAJGElBH6dq0Gf422,1,1771270007407543000,1771270007402922000,43,Insert,o,44,"Dnes je vonku pekne, idem von so psom na dvo"
BqbYZxLSPiNGAJGElBH6dq0Gf422,1,1771270007544072000,1771270007539014000,44,Insert,r,45,"Dnes je vonku pekne, idem von so psom na dvor"
BqbYZxLSPiNGAJGElBH6dq0Gf422,1,1771270008551559000,1771270008544471000,45,Insert, ,46,"Dnes je vonku pekne, idem von so psom na dvor "
BqbYZxLSPiNGAJGElBH6dq0Gf422,1,1771270008652284000,1771270008648060000,46,Insert,a,47,"Dnes je vonku pekne, idem von so psom na dvor a"
BqbYZxLSPiNGAJGElBH6dq0Gf422,1,1771270008746712000,1771270008741440000,47,Insert, ,48,"Dnes je vonku pekne, idem von so psom na dvor a "
BqbYZxLSPiNGAJGElBH6dq0Gf422,1,1771270008946472000,1771270008940908000,48,Insert,b,49,"Dnes je vonku pekne, idem von so psom na dvor a b"
BqbYZxLSPiNGAJGElBH6dq0Gf422,1,1771270009132361000,1771270009127482000,49,Insert,u,50,"Dnes je vonku pekne, idem von so psom na dvor a bu"
BqbYZxLSPiNGAJGElBH6dq0Gf422,1,1771270009220855000,1771270009215892000,50,Insert,d,51,"Dnes je vonku pekne, idem von so psom na dvor a bud"
BqbYZxLSPiNGAJGElBH6dq0Gf422,1,1771270009381792000,1771270009376648000,51,Insert,e,52,"Dnes je vonku pekne, idem von so psom na dvor a bude"
BqbYZxLSPiNGAJGElBH6dq0Gf422,1,1771270009437024000,1771270009432566000,52,Insert,m,53,"Dnes je vonku pekne, idem von so psom na dvor a budem"
BqbYZxLSPiNGAJGElBH6dq0Gf422,1,1771270009610844000,1771270009606367000,53,Insert, ,54,"Dnes je vonku pekne, idem von so psom na dvor a budem "
BqbYZxLSPiNGAJGElBH6dq0Gf422,1,1771270009848067000,1771270009841661000,54,Insert,t,55,"Dnes je vonku pekne, idem von so psom na dvor a budem t"
BqbYZxLSPiNGAJGElBH6dq0Gf422,1,1771270010122239000,1771270010113971000,55,Insert,a,56,"Dnes je vonku pekne, idem von so psom na dvor a budem ta"
BqbYZxLSPiNGAJGElBH6dq0Gf422,1,1771270010185739000,1771270010181323000,56,Insert,m,57,"Dnes je vonku pekne, idem von so psom na dvor a budem tam"
BqbYZxLSPiNGAJGElBH6dq0Gf422,1,1771270010480307000,1771270010475864000,57,Insert, ,58,"Dnes je vonku pekne, idem von so psom na dvor a budem tam "
BqbYZxLSPiNGAJGElBH6dq0Gf422,1,1771270010775370000,1771270010769874000,58,Insert,a,59,"Dnes je vonku pekne, idem von so psom na dvor a budem tam a"
BqbYZxLSPiNGAJGElBH6dq0Gf422,1,1771270010923256000,1771270010918178000,59,Insert,s,60,"Dnes je vonku pekne, idem von so psom na dvor a budem tam as"
BqbYZxLSPiNGAJGElBH6dq0Gf422,1,1771270011032569000,1771270011027700000,60,Insert,i,61,"Dnes je vonku pekne, idem von so psom na dvor a budem tam asi"
BqbYZxLSPiNGAJGElBH6dq0Gf422,1,1771270011175997000,1771270011169903000,61,Insert, ,62,"Dnes je vonku pekne, idem von so psom na dvor a budem tam asi "
BqbYZxLSPiNGAJGElBH6dq0Gf422,1,1771270012429517000,1771270012421722000,62,Insert,h,63,"Dnes je vonku pekne, idem von so psom na dvor a budem tam asi h"
BqbYZxLSPiNGAJGElBH6dq0Gf422,1,1771270012562128000,1771270012557487000,63,Insert,o,64,"Dnes je vonku pekne, idem von so psom na dvor a budem tam asi ho"
BqbYZxLSPiNGAJGElBH6dq0Gf422,1,1771270012766591000,1771270012759503000,64,Insert,d,65,"Dnes je vonku pekne, idem von so psom na dvor a budem tam asi hod"
BqbYZxLSPiNGAJGElBH6dq0Gf422,1,1771270012821953000,1771270012817236000,65,Insert,i,66,"Dnes je vonku pekne, idem von so psom na dvor a budem tam asi hodi"
BqbYZxLSPiNGAJGElBH6dq0Gf422,1,1771270013035189000,1771270013027665000,66,Insert,n,67,"Dnes je vonku pekne, idem von so psom na dvor a budem tam asi hodin"
BqbYZxLSPiNGAJGElBH6dq0Gf422,1,1771270013178902000,1771270013174267000,67,Insert,u,68,"Dnes je vonku pekne, idem von so psom na dvor a budem tam asi hodinu"
BqbYZxLSPiNGAJGElBH6dq0Gf422,1,1771270014142078000,1771270014132857000,68,Insert,",",69,"Dnes je vonku pekne, idem von so psom na dvor a budem tam asi hodinu,"
BqbYZxLSPiNGAJGElBH6dq0Gf422,1,1771270014895024000,1771270014884973000,69,Insert, ,70,"Dnes je vonku pekne, idem von so psom na dvor a budem tam asi hodinu, "
BqbYZxLSPiNGAJGElBH6dq0Gf422,1,1771270015227014000,1771270015221559000,70,Insert,b,71,"Dnes je vonku pekne, idem von so psom na dvor a budem tam asi hodinu, b"
BqbYZxLSPiNGAJGElBH6dq0Gf422,1,1771270015415628000,1771270015409942000,71,Insert,u,72,"Dnes je vonku pekne, idem von so psom na dvor a budem tam asi hodinu, bu"
BqbYZxLSPiNGAJGElBH6dq0Gf422,1,1771270015515608000,1771270015511341000,72,Insert,d,73,"Dnes je vonku pekne, idem von so psom na dvor a budem tam asi hodinu, bud"
BqbYZxLSPiNGAJGElBH6dq0Gf422,1,1771270015678935000,1771270015669662000,73,Insert,e,74,"Dnes je vonku pekne, idem von so psom na dvor a budem tam asi hodinu, bude"
BqbYZxLSPiNGAJGElBH6dq0Gf422,1,1771270015761908000,1771270015757562000,74,Insert, ,75,"Dnes je vonku pekne, idem von so psom na dvor a budem tam asi hodinu, bude "
BqbYZxLSPiNGAJGElBH6dq0Gf422,1,1771270015911298000,1771270015907187000,75,Insert,t,76,"Dnes je vonku pekne, idem von so psom na dvor a budem tam asi hodinu, bude t"
BqbYZxLSPiNGAJGElBH6dq0Gf422,1,1771270016026516000,1771270016021907000,76,Insert,o,77,"Dnes je vonku pekne, idem von so psom na dvor a budem tam asi hodinu, bude to"
BqbYZxLSPiNGAJGElBH6dq0Gf422,1,1771270016194002000,1771270016188907000,77,Insert, ,78,"Dnes je vonku pekne, idem von so psom na dvor a budem tam asi hodinu, bude to "
BqbYZxLSPiNGAJGElBH6dq0Gf422,1,1771270016646930000,1771270016641711000,78,Insert,f,79,"Dnes je vonku pekne, idem von so psom na dvor a budem tam asi hodinu, bude to f"
BqbYZxLSPiNGAJGElBH6dq0Gf422,1,1771270017060798000,1771270017053178000,79,Insert,a,80,"Dnes je vonku pekne, idem von so psom na dvor a budem tam asi hodinu, bude to fa"
BqbYZxLSPiNGAJGElBH6dq0Gf422,1,1771270017210990000,1771270017207265000,80,Insert,j,81,"Dnes je vonku pekne, idem von so psom na dvor a budem tam asi hodinu, bude to faj"
BqbYZxLSPiNGAJGElBH6dq0Gf422,1,1771270018000501000,1771270017993169000,81,Insert,n,82,"Dnes je vonku pekne, idem von so psom na dvor a budem tam asi hodinu, bude to fajn"
BqbYZxLSPiNGAJGElBH6dq0Gf422,1,1771270018263568000,1771270018254088000,82,Insert,.,83,"Dnes je vonku pekne, idem von so psom na dvor a budem tam asi hodinu, bude to fajn."
BqbYZxLSPiNGAJGElBH6dq0Gf422,2,1771270022297364000,1771270022293380000,0,Insert,D,1,D
BqbYZxLSPiNGAJGElBH6dq0Gf422,2,1771270022421423000,1771270022417671000,1,Insert,n,2,Dn
BqbYZxLSPiNGAJGElBH6dq0Gf422,2,1771270022500872000,1771270022497793000,2,Insert,e,3,Dne
BqbYZxLSPiNGAJGElBH6dq0Gf422,2,1771270022666626000,1771270022660495000,3,Insert,s,4,Dnes
BqbYZxLSPiNGAJGElBH6dq0Gf422,2,1771270025211232000,1771270025205870000,4,Insert, ,5,Dnes 
BqbYZxLSPiNGAJGElBH6dq0Gf422,2,1771270025486574000,1771270025482418000,5,Insert,j,6,Dnes j
BqbYZxLSPiNGAJGElBH6dq0Gf422,2,1771270025573640000,1771270025569383000,6,Insert,e,7,Dnes je
BqbYZxLSPiNGAJGElBH6dq0Gf422,2,1771270025685749000,1771270025681571000,7,Insert, ,8,Dnes je 
BqbYZxLSPiNGAJGElBH6dq0Gf422,2,1771270025927559000,1771270025921302000,8,Insert,v,9,Dnes je v
BqbYZxLSPiNGAJGElBH6dq0Gf422,2,1771270026008788000,1771270026004354000,9,Insert,o,10,Dnes je vo
BqbYZxLSPiNGAJGElBH6dq0Gf422,2,1771270026193768000,1771270026189526000,10,Insert,b,11,Dnes je vob
BqbYZxLSPiNGAJGElBH6dq0Gf422,2,1771270026372985000,1771270026368629000,11,Insert,k,12,Dnes je vobk
BqbYZxLSPiNGAJGElBH6dq0Gf422,2,1771270026526292000,1771270026522037000,12,Insert,u,13,Dnes je vobku
BqbYZxLSPiNGAJGElBH6dq0Gf422,2,1771270026784489000,1771270026780505000,13,Delete,u,12,Dnes je vobk
BqbYZxLSPiNGAJGElBH6dq0Gf422,2,1771270026951890000,1771270026946890000,12,Delete,k,11,Dnes je vob
BqbYZxLSPiNGAJGElBH6dq0Gf422,2,1771270027102251000,1771270027098267000,11,Delete,b,10,Dnes je vo
BqbYZxLSPiNGAJGElBH6dq0Gf422,2,1771270027187224000,1771270027183038000,10,Insert,n,11,Dnes je von
BqbYZxLSPiNGAJGElBH6dq0Gf422,2,1771270027303725000,1771270027299716000,11,Insert,k,12,Dnes je vonk
BqbYZxLSPiNGAJGElBH6dq0Gf422,2,1771270027434768000,1771270027429926000,12,Insert,u,13,Dnes je vonku
BqbYZxLSPiNGAJGElBH6dq0Gf422,2,1771270027580186000,1771270027576086000,13,Insert, ,14,Dnes je vonku 
BqbYZxLSPiNGAJGElBH6dq0Gf422,2,1771270027795163000,1771270027787527000,14,Insert,p,15,Dnes je vonku p
BqbYZxLSPiNGAJGElBH6dq0Gf422,2,1771270027979579000,1771270027975566000,15,Insert,e,16,Dnes je vonku pe
BqbYZxLSPiNGAJGElBH6dq0Gf422,2,1771270028139819000,1771270028135119000,16,Insert,k,17,Dnes je vonku pek
BqbYZxLSPiNGAJGElBH6dq0Gf422,2,1771270028294258000,1771270028290286000,17,Insert,n,18,Dnes je vonku pekn
BqbYZxLSPiNGAJGElBH6dq0Gf422,2,1771270028398466000,1771270028394900000,18,Insert,e,19,Dnes je vonku pekne
BqbYZxLSPiNGAJGElBH6dq0Gf422,2,1771270029519815000,1771270029511341000,19,Insert,",",20,"Dnes je vonku pekne,"
BqbYZxLSPiNGAJGElBH6dq0Gf422,2,1771270029974944000,1771270029967209000,20,Insert, ,21,"Dnes je vonku pekne, "
BqbYZxLSPiNGAJGElBH6dq0Gf422,2,1771270030281610000,1771270030273927000,21,Insert,i,22,"Dnes je vonku pekne, i"
BqbYZxLSPiNGAJGElBH6dq0Gf422,2,1771270030348944000,1771270030343970000,22,Insert,d,23,"Dnes je vonku pekne, id"
BqbYZxLSPiNGAJGElBH6dq0Gf422,2,1771270030499366000,1771270030493742000,23,Insert,e,24,"Dnes je vonku pekne, ide"
BqbYZxLSPiNGAJGElBH6dq0Gf422,2,1771270030549722000,1771270030545576000,24,Insert,n,25,"Dnes je vonku pekne, iden"
BqbYZxLSPiNGAJGElBH6dq0Gf422,2,1771270030726759000,1771270030719504000,25,Insert, ,26,"Dnes je vonku pekne, iden "
BqbYZxLSPiNGAJGElBH6dq0Gf422,2,1771270030918277000,1771270030914032000,26,Insert,v,27,"Dnes je vonku pekne, iden v"
BqbYZxLSPiNGAJGElBH6dq0Gf422,2,1771270031051265000,1771270031045502000,27,Insert,o,28,"Dnes je vonku pekne, iden vo"
BqbYZxLSPiNGAJGElBH6dq0Gf422,2,1771270031232440000,1771270031228152000,28,Insert,n,29,"Dnes je vonku pekne, iden von"
BqbYZxLSPiNGAJGElBH6dq0Gf422,2,1771270031368148000,1771270031362421000,29,Insert, ,30,"Dnes je vonku pekne, iden von "
BqbYZxLSPiNGAJGElBH6dq0Gf422,2,1771270031628175000,1771270031622040000,30,Insert,s,31,"Dnes je vonku pekne, iden von s"
BqbYZxLSPiNGAJGElBH6dq0Gf422,2,1771270031656911000,1771270031653555000,31,Insert,o,32,"Dnes je vonku pekne, iden von so"
BqbYZxLSPiNGAJGElBH6dq0Gf422,2,1771270031856689000,1771270031848475000,32,Insert, ,33,"Dnes je vonku pekne, iden von so "
BqbYZxLSPiNGAJGElBH6dq0Gf422,2,1771270031979823000,1771270031974356000,33,Insert,p,34,"Dnes je vonku pekne, iden von so p"
BqbYZxLSPiNGAJGElBH6dq0Gf422,2,1771270032326666000,1771270032320079000,34,Insert,s,35,"Dnes je vonku pekne, iden von so ps"
BqbYZxLSPiNGAJGElBH6dq0Gf422,2,1771270032433350000,1771270032425931000,35,Insert,o,36,"Dnes je vonku pekne, iden von so pso"
BqbYZxLSPiNGAJGElBH6dq0Gf422,2,1771270032699014000,1771270032694887000,36,Delete,o,35,"Dnes je vonku pekne, iden von so ps"
BqbYZxLSPiNGAJGElBH6dq0Gf422,2,1771270032857070000,1771270032853473000,35,Delete,s,34,"Dnes je vonku pekne, iden von so p"
BqbYZxLSPiNGAJGElBH6dq0Gf422,2,1771270033589151000,1771270033582483000,34,Insert,s,35,"Dnes je vonku pekne, iden von so ps"
BqbYZxLSPiNGAJGElBH6dq0Gf422,2,1771270033674025000,1771270033667405000,35,Insert,o,36,"Dnes je vonku pekne, iden von so pso"
BqbYZxLSPiNGAJGElBH6dq0Gf422,2,1771270033863282000,1771270033858952000,36,Insert,m,37,"Dnes je vonku pekne, iden von so psom"
BqbYZxLSPiNGAJGElBH6dq0Gf422,2,1771270034365730000,1771270034358135000,37,Insert, ,38,"Dnes je vonku pekne, iden von so psom "
BqbYZxLSPiNGAJGElBH6dq0Gf422,2,1771270034649548000,1771270034643072000,38,Insert,n,39,"Dnes je vonku pekne, iden von so psom n"
BqbYZxLSPiNGAJGElBH6dq0Gf422,2,1771270034777593000,1771270034771918000,39,Insert,a,40,"Dnes je vonku pekne, iden von so psom na"
BqbYZxLSPiNGAJGElBH6dq0Gf422,2,1771270034879356000,1771270034875056000,40,Insert, ,41,"Dnes je vonku pekne, iden von so psom na "
BqbYZxLSPiNGAJGElBH6dq0Gf422,2,1771270034996387000,1771270034991589000,41,Insert,d,42,"Dnes je vonku pekne, iden von so psom na d"
BqbYZxLSPiNGAJGElBH6dq0Gf422,2,1771270035221842000,1771270035214322000,42,Insert,v,43,"Dnes je vonku pekne, iden von so psom na dv"
BqbYZxLSPiNGAJGElBH6dq0Gf422,2,1771270035311613000,1771270035307051000,43,Insert,o,44,"Dnes je vonku pekne, iden von so psom na dvo"
BqbYZxLSPiNGAJGElBH6dq0Gf422,2,1771270035445897000,1771270035441195000,44,Insert,r,45,"Dnes je vonku pekne, iden von so psom na dvor"
BqbYZxLSPiNGAJGElBH6dq0Gf422,2,1771270035642634000,1771270035637131000,45,Insert, ,46,"Dnes je vonku pekne, iden von so psom na dvor "
BqbYZxLSPiNGAJGElBH6dq0Gf422,2,1771270035843335000,1771270035839026000,46,Insert,a,47,"Dnes je vonku pekne, iden von so psom na dvor a"
BqbYZxLSPiNGAJGElBH6dq0Gf422,2,1771270035939317000,1771270035932735000,47,Insert, ,48,"Dnes je vonku pekne, iden von so psom na dvor a "
BqbYZxLSPiNGAJGElBH6dq0Gf422,2,1771270036217058000,1771270036212112000,48,Insert,b,49,"Dnes je vonku pekne, iden von so psom na dvor a b"
BqbYZxLSPiNGAJGElBH6dq0Gf422,2,1771270036392707000,1771270036389380000,49,Insert,u,50,"Dnes je vonku pekne, iden von so psom na dvor a bu"
BqbYZxLSPiNGAJGElBH6dq0Gf422,2,1771270036481831000,1771270036474005000,50,Insert,d,51,"Dnes je vonku pekne, iden von so psom na dvor a bud"
BqbYZxLSPiNGAJGElBH6dq0Gf422,2,1771270036636227000,1771270036632011000,51,Insert,e,52,"Dnes je vonku pekne, iden von so psom na dvor a bude"
BqbYZxLSPiNGAJGElBH6dq0Gf422,2,1771270036692568000,1771270036688497000,52,Insert,m,53,"Dnes je vonku pekne, iden von so psom na dvor a budem"
BqbYZxLSPiNGAJGElBH6dq0Gf422,2,1771270036863150000,1771270036858087000,53,Insert, ,54,"Dnes je vonku pekne, iden von so psom na dvor a budem "
BqbYZxLSPiNGAJGElBH6dq0Gf422,2,1771270036973857000,1771270036969261000,54,Insert,t,55,"Dnes je vonku pekne, iden von so psom na dvor a budem t"
BqbYZxLSPiNGAJGElBH6dq0Gf422,2,1771270037201400000,1771270037193270000,55,Insert,a,56,"Dnes je vonku pekne, iden von so psom na dvor a budem ta"
BqbYZxLSPiNGAJGElBH6dq0Gf422,2,1771270037248882000,1771270037244351000,56,Insert,n,57,"Dnes je vonku pekne, iden von so psom na dvor a budem tan"
BqbYZxLSPiNGAJGElBH6dq0Gf422,2,1771270037416767000,1771270037412201000,57,Insert, ,58,"Dnes je vonku pekne, iden von so psom na dvor a budem tan "
BqbYZxLSPiNGAJGElBH6dq0Gf422,2,1771270037531466000,1771270037527962000,58,Insert,f,59,"Dnes je vonku pekne, iden von so psom na dvor a budem tan f"
BqbYZxLSPiNGAJGElBH6dq0Gf422,2,1771270037833437000,1771270037829104000,59,Delete,f,58,"Dnes je vonku pekne, iden von so psom na dvor a budem tan "
BqbYZxLSPiNGAJGElBH6dq0Gf422,2,1771270037964422000,1771270037959853000,58,Insert,a,59,"Dnes je vonku pekne, iden von so psom na dvor a budem tan a"
BqbYZxLSPiNGAJGElBH6dq0Gf422,2,1771270038104049000,1771270038099140000,59,Insert,s,60,"Dnes je vonku pekne, iden von so psom na dvor a budem tan as"
BqbYZxLSPiNGAJGElBH6dq0Gf422,2,1771270038191467000,1771270038186996000,60,Insert,i,61,"Dnes je vonku pekne, iden von so psom na dvor a budem tan asi"
BqbYZxLSPiNGAJGElBH6dq0Gf422,2,1771270038357455000,1771270038353019000,61,Insert, ,62,"Dnes je vonku pekne, iden von so psom na dvor a budem tan asi "
BqbYZxLSPiNGAJGElBH6dq0Gf422,2,1771270038799142000,1771270038794445000,62,Insert,h,63,"Dnes je vonku pekne, iden von so psom na dvor a budem tan asi h"
BqbYZxLSPiNGAJGElBH6dq0Gf422,2,1771270038914774000,1771270038906149000,63,Insert,o,64,"Dnes je vonku pekne, iden von so psom na dvor a budem tan asi ho"
BqbYZxLSPiNGAJGElBH6dq0Gf422,2,1771270039057710000,1771270039053273000,64,Insert,d,65,"Dnes je vonku pekne, iden von so psom na dvor a budem tan asi hod"
BqbYZxLSPiNGAJGElBH6dq0Gf422,2,1771270039138032000,1771270039133801000,65,Insert,i,66,"Dnes je vonku pekne, iden von so psom na dvor a budem tan asi hodi"
BqbYZxLSPiNGAJGElBH6dq0Gf422,2,1771270039677986000,1771270039673299000,66,Insert,n,67,"Dnes je vonku pekne, iden von so psom na dvor a budem tan asi hodin"
BqbYZxLSPiNGAJGElBH6dq0Gf422,2,1771270039890326000,1771270039886370000,67,Insert,u,68,"Dnes je vonku pekne, iden von so psom na dvor a budem tan asi hodinu"
BqbYZxLSPiNGAJGElBH6dq0Gf422,2,1771270040572268000,1771270040556275000,68,Insert,",",69,"Dnes je vonku pekne, iden von so psom na dvor a budem tan asi hodinu,"
BqbYZxLSPiNGAJGElBH6dq0Gf422,2,1771270041182224000,1771270041175743000,69,Insert, ,70,"Dnes je vonku pekne, iden von so psom na dvor a budem tan asi hodinu, "
BqbYZxLSPiNGAJGElBH6dq0Gf422,2,1771270041398176000,1771270041390730000,70,Insert,b,71,"Dnes je vonku pekne, iden von so psom na dvor a budem tan asi hodinu, b"
BqbYZxLSPiNGAJGElBH6dq0Gf422,2,1771270041520974000,1771270041512960000,71,Insert,u,72,"Dnes je vonku pekne, iden von so psom na dvor a budem tan asi hodinu, bu"
BqbYZxLSPiNGAJGElBH6dq0Gf422,2,1771270041639851000,1771270041633628000,72,Insert,d,73,"Dnes je vonku pekne, iden von so psom na dvor a budem tan asi hodinu, bud"
BqbYZxLSPiNGAJGElBH6dq0Gf422,2,1771270041779611000,1771270041775114000,73,Insert,e,74,"Dnes je vonku pekne, iden von so psom na dvor a budem tan asi hodinu, bude"
BqbYZxLSPiNGAJGElBH6dq0Gf422,2,1771270041880507000,1771270041874761000,74,Insert, ,75,"Dnes je vonku pekne, iden von so psom na dvor a budem tan asi hodinu, bude "
BqbYZxLSPiNGAJGElBH6dq0Gf422,2,1771270041990384000,1771270041981953000,75,Insert,t,76,"Dnes je vonku pekne, iden von so psom na dvor a budem tan asi hodinu, bude t"
BqbYZxLSPiNGAJGElBH6dq0Gf422,2,1771270042123622000,1771270042117166000,76,Insert,o,77,"Dnes je vonku pekne, iden von so psom na dvor a budem tan asi hodinu, bude to"
BqbYZxLSPiNGAJGElBH6dq0Gf422,2,1771270042214445000,1771270042209241000,77,Insert, ,78,"Dnes je vonku pekne, iden von so psom na dvor a budem tan asi hodinu, bude to "
BqbYZxLSPiNGAJGElBH6dq0Gf422,2,1771270042428646000,1771270042423563000,78,Insert,f,79,"Dnes je vonku pekne, iden von so psom na dvor a budem tan asi hodinu, bude to f"
BqbYZxLSPiNGAJGElBH6dq0Gf422,2,1771270042633245000,1771270042626929000,79,Insert,a,80,"Dnes je vonku pekne, iden von so psom na dvor a budem tan asi hodinu, bude to fa"
BqbYZxLSPiNGAJGElBH6dq0Gf422,2,1771270042706312000,1771270042700874000,80,Insert,j,81,"Dnes je vonku pekne, iden von so psom na dvor a budem tan asi hodinu, bude to faj"
BqbYZxLSPiNGAJGElBH6dq0Gf422,2,1771270042838661000,1771270042833348000,81,Insert,n,82,"Dnes je vonku pekne, iden von so psom na dvor a budem tan asi hodinu, bude to fajn"
BqbYZxLSPiNGAJGElBH6dq0Gf422,2,1771270044885155000,1771270044876877000,82,Insert,.,83,"Dnes je vonku pekne, iden von so psom na dvor a budem tan asi hodinu, bude to fajn."
BqbYZxLSPiNGAJGElBH6dq0Gf422,2,1771270048597466000,1771270048576716000,83,Delete,n,82,"Dnes je vonku pekne, iden von so psom na dvor a budem ta asi hodinu, bude to fajn."
BqbYZxLSPiNGAJGElBH6dq0Gf422,2,1771270048823924000,1771270048821293000,82,Insert,m,83,"Dnes je vonku pekne, iden von so psom na dvor a budem tam asi hodinu, bude to fajn."
BqbYZxLSPiNGAJGElBH6dq0Gf422,2,1771270059381985000,1771270059362463000,83,Delete,n,82,"Dnes je vonku pekne, ide von so psom na dvor a budem tam asi hodinu, bude to fajn."
BqbYZxLSPiNGAJGElBH6dq0Gf422,2,1771270059569493000,1771270059552917000,82,Insert,m,83,"Dnes je vonku pekne, idem von so psom na dvor a budem tam asi hodinu, bude to fajn."
BqbYZxLSPiNGAJGElBH6dq0Gf422,3,1771270060993681000,1771270060989361000,0,Insert,D,1,D
BqbYZxLSPiNGAJGElBH6dq0Gf422,3,1771270061066728000,1771270061060742000,1,Insert,n,2,Dn
BqbYZxLSPiNGAJGElBH6dq0Gf422,3,1771270061169054000,1771270061163864000,2,Insert,e,3,Dne
BqbYZxLSPiNGAJGElBH6dq0Gf422,3,1771270061301019000,1771270061295503000,3,Insert,s,4,Dnes
BqbYZxLSPiNGAJGElBH6dq0Gf422,3,1771270062004550000,1771270061994291000,4,Insert, ,5,Dnes 
BqbYZxLSPiNGAJGElBH6dq0Gf422,3,1771270062180458000,1771270062175742000,5,Insert,j,6,Dnes j
BqbYZxLSPiNGAJGElBH6dq0Gf422,3,1771270062265619000,1771270062261409000,6,Insert,e,7,Dnes je
BqbYZxLSPiNGAJGElBH6dq0Gf422,3,1771270062371688000,1771270062366847000,7,Insert, ,8,Dnes je 
BqbYZxLSPiNGAJGElBH6dq0Gf422,3,1771270062480300000,1771270062476065000,8,Insert,v,9,Dnes je v
BqbYZxLSPiNGAJGElBH6dq0Gf422,3,1771270062587641000,1771270062584550000,9,Insert,i,10,Dnes je vi
BqbYZxLSPiNGAJGElBH6dq0Gf422,3,1771270062749223000,1771270062743649000,10,Insert,n,11,Dnes je vin
BqbYZxLSPiNGAJGElBH6dq0Gf422,3,1771270062921968000,1771270062917379000,11,Insert,k,12,Dnes je vink
BqbYZxLSPiNGAJGElBH6dq0Gf422,3,1771270063084395000,1771270063079031000,12,Insert,u,13,Dnes je vinku
BqbYZxLSPiNGAJGElBH6dq0Gf422,3,1771270063324302000,1771270063319734000,13,Delete,u,12,Dnes je vink
BqbYZxLSPiNGAJGElBH6dq0Gf422,3,1771270063468505000,1771270063465444000,12,Delete,k,11,Dnes je vin
BqbYZxLSPiNGAJGElBH6dq0Gf422,3,1771270063629725000,1771270063626510000,11,Delete,n,10,Dnes je vi
BqbYZxLSPiNGAJGElBH6dq0Gf422,3,1771270063796502000,1771270063793342000,10,Delete,i,9,Dnes je v
BqbYZxLSPiNGAJGElBH6dq0Gf422,3,1771270064166737000,1771270064162253000,9,Insert,o,10,Dnes je vo
BqbYZxLSPiNGAJGElBH6dq0Gf422,3,1771270064438182000,1771270064433051000,10,Insert,n,11,Dnes je von
BqbYZxLSPiNGAJGElBH6dq0Gf422,3,1771270064536712000,1771270064532139000,11,Insert,k,12,Dnes je vonk
BqbYZxLSPiNGAJGElBH6dq0Gf422,3,1771270064686308000,1771270064681731000,12,Insert,u,13,Dnes je vonku
BqbYZxLSPiNGAJGElBH6dq0Gf422,3,1771270064854690000,1771270064849167000,13,Insert, ,14,Dnes je vonku 
BqbYZxLSPiNGAJGElBH6dq0Gf422,3,1771270065391229000,1771270065384293000,14,Insert,p,15,Dnes je vonku p
BqbYZxLSPiNGAJGElBH6dq0Gf422,3,1771270065523473000,1771270065518967000,15,Insert,r,16,Dnes je vonku pr
BqbYZxLSPiNGAJGElBH6dq0Gf422,3,1771270065629944000,1771270065624439000,16,Insert,k,17,Dnes je vonku prk
BqbYZxLSPiNGAJGElBH6dq0Gf422,3,1771270065790637000,1771270065785580000,17,Insert,n,18,Dnes je vonku prkn
BqbYZxLSPiNGAJGElBH6dq0Gf422,3,1771270065856087000,1771270065851257000,18,Insert,e,19,Dnes je vonku prkne
BqbYZxLSPiNGAJGElBH6dq0Gf422,3,1771270066144951000,1771270066142718000,19,Delete,e,18,Dnes je vonku prkn
BqbYZxLSPiNGAJGElBH6dq0Gf422,3,1771270066309710000,1771270066306414000,18,Delete,n,17,Dnes je vonku prk
BqbYZxLSPiNGAJGElBH6dq0Gf422,3,1771270066493439000,1771270066489763000,17,Delete,k,16,Dnes je vonku pr
BqbYZxLSPiNGAJGElBH6dq0Gf422,3,1771270066605601000,1771270066602453000,16,Delete,r,15,Dnes je vonku p
BqbYZxLSPiNGAJGElBH6dq0Gf422,3,1771270067215566000,1771270067211032000,15,Insert,e,16,Dnes je vonku pe
BqbYZxLSPiNGAJGElBH6dq0Gf422,3,1771270067302554000,1771270067297398000,16,Insert,k,17,Dnes je vonku pek
BqbYZxLSPiNGAJGElBH6dq0Gf422,3,1771270067472134000,1771270067467569000,17,Insert,n,18,Dnes je vonku pekn
BqbYZxLSPiNGAJGElBH6dq0Gf422,3,1771270067573892000,1771270067569899000,18,Insert,e,19,Dnes je vonku pekne
BqbYZxLSPiNGAJGElBH6dq0Gf422,3,1771270068852791000,1771270068846928000,19,Insert,",",20,"Dnes je vonku pekne,"
BqbYZxLSPiNGAJGElBH6dq0Gf422,3,1771270068920407000,1771270068914683000,20,Insert, ,21,"Dnes je vonku pekne, "
BqbYZxLSPiNGAJGElBH6dq0Gf422,3,1771270069147785000,1771270069141581000,21,Insert,i,22,"Dnes je vonku pekne, i"
BqbYZxLSPiNGAJGElBH6dq0Gf422,3,1771270069245807000,1771270069241190000,22,Insert,d,23,"Dnes je vonku pekne, id"
BqbYZxLSPiNGAJGElBH6dq0Gf422,3,1771270069423837000,1771270069418411000,23,Insert,e,24,"Dnes je vonku pekne, ide"
BqbYZxLSPiNGAJGElBH6dq0Gf422,3,1771270069491381000,1771270069486898000,24,Insert,m,25,"Dnes je vonku pekne, idem"
BqbYZxLSPiNGAJGElBH6dq0Gf422,3,1771270070048889000,1771270070036845000,25,Insert, ,26,"Dnes je vonku pekne, idem "
BqbYZxLSPiNGAJGElBH6dq0Gf422,3,1771270070347767000,1771270070341476000,26,Insert,v,27,"Dnes je vonku pekne, idem v"
BqbYZxLSPiNGAJGElBH6dq0Gf422,3,1771270070486807000,1771270070481618000,27,Insert,o,28,"Dnes je vonku pekne, idem vo"
BqbYZxLSPiNGAJGElBH6dq0Gf422,3,1771270070689036000,1771270070683329000,28,Insert,n,29,"Dnes je vonku pekne, idem von"
BqbYZxLSPiNGAJGElBH6dq0Gf422,3,1771270070981315000,1771270070971525000,29,Insert, ,30,"Dnes je vonku pekne, idem von "
BqbYZxLSPiNGAJGElBH6dq0Gf422,3,1771270071850989000,1771270071840098000,30,Insert,s,31,"Dnes je vonku pekne, idem von s"
BqbYZxLSPiNGAJGElBH6dq0Gf422,3,1771270071946831000,1771270071938830000,31,Insert,o,32,"Dnes je vonku pekne, idem von so"
BqbYZxLSPiNGAJGElBH6dq0Gf422,3,1771270072112871000,1771270072106023000,32,Insert, ,33,"Dnes je vonku pekne, idem von so "
BqbYZxLSPiNGAJGElBH6dq0Gf422,3,1771270072297816000,1771270072292537000,33,Insert,p,34,"Dnes je vonku pekne, idem von so p"
BqbYZxLSPiNGAJGElBH6dq0Gf422,3,1771270072413872000,1771270072407895000,34,Insert,s,35,"Dnes je vonku pekne, idem von so ps"
BqbYZxLSPiNGAJGElBH6dq0Gf422,3,1771270072490682000,1771270072486860000,35,Insert,o,36,"Dnes je vonku pekne, idem von so pso"
BqbYZxLSPiNGAJGElBH6dq0Gf422,3,1771270072770471000,1771270072762771000,36,Insert,m,37,"Dnes je vonku pekne, idem von so psom"
BqbYZxLSPiNGAJGElBH6dq0Gf422,3,1771270073753425000,1771270073745765000,37,Insert, ,38,"Dnes je vonku pekne, idem von so psom "
BqbYZxLSPiNGAJGElBH6dq0Gf422,3,1771270073922916000,1771270073918190000,38,Insert,n,39,"Dnes je vonku pekne, idem von so psom n"
BqbYZxLSPiNGAJGElBH6dq0Gf422,3,1771270074036895000,1771270074032539000,39,Insert,a,40,"Dnes je vonku pekne, idem von so psom na"
BqbYZxLSPiNGAJGElBH6dq0Gf422,3,1771270074142258000,1771270074137549000,40,Insert, ,41,"Dnes je vonku pekne, idem von so psom na "
BqbYZxLSPiNGAJGElBH6dq0Gf422,3,1771270074340196000,1771270074334727000,41,Insert,d,42,"Dnes je vonku pekne, idem von so psom na d"
BqbYZxLSPiNGAJGElBH6dq0Gf422,3,1771270074598167000,1771270074590214000,42,Insert,v,43,"Dnes je vonku pekne, idem von so psom na dv"
BqbYZxLSPiNGAJGElBH6dq0Gf422,3,1771270074701049000,1771270074696172000,43,Insert,o,44,"Dnes je vonku pekne, idem von so psom na dvo"
BqbYZxLSPiNGAJGElBH6dq0Gf422,3,1771270074835247000,1771270074830367000,44,Insert,r,45,"Dnes je vonku pekne, idem von so psom na dvor"
BqbYZxLSPiNGAJGElBH6dq0Gf422,3,1771270075578937000,1771270075569949000,45,Insert, ,46,"Dnes je vonku pekne, idem von so psom na dvor "
BqbYZxLSPiNGAJGElBH6dq0Gf422,3,1771270075696954000,1771270075691289000,46,Insert,a,47,"Dnes je vonku pekne, idem von so psom na dvor a"
BqbYZxLSPiNGAJGElBH6dq0Gf422,3,1771270075765428000,1771270075759693000,47,Insert, ,48,"Dnes je vonku pekne, idem von so psom na dvor a "
BqbYZxLSPiNGAJGElBH6dq0Gf422,3,1771270075931961000,1771270075926384000,48,Insert,b,49,"Dnes je vonku pekne, idem von so psom na dvor a b"
BqbYZxLSPiNGAJGElBH6dq0Gf422,3,1771270076097636000,1771270076092397000,49,Insert,u,50,"Dnes je vonku pekne, idem von so psom na dvor a bu"
BqbYZxLSPiNGAJGElBH6dq0Gf422,3,1771270076637614000,1771270076632201000,50,Insert,d,51,"Dnes je vonku pekne, idem von so psom na dvor a bud"
BqbYZxLSPiNGAJGElBH6dq0Gf422,3,1771270076797599000,1771270076791793000,51,Insert,e,52,"Dnes je vonku pekne, idem von so psom na dvor a bude"
BqbYZxLSPiNGAJGElBH6dq0Gf422,3,1771270076847304000,1771270076843246000,52,Insert,m,53,"Dnes je vonku pekne, idem von so psom na dvor a budem"
BqbYZxLSPiNGAJGElBH6dq0Gf422,3,1771270077036218000,1771270077030391000,53,Insert, ,54,"Dnes je vonku pekne, idem von so psom na dvor a budem "
BqbYZxLSPiNGAJGElBH6dq0Gf422,3,1771270077157534000,1771270077151794000,54,Insert,t,55,"Dnes je vonku pekne, idem von so psom na dvor a budem t"
BqbYZxLSPiNGAJGElBH6dq0Gf422,3,1771270077439008000,1771270077431823000,55,Insert,a,56,"Dnes je vonku pekne, idem von so psom na dvor a budem ta"
BqbYZxLSPiNGAJGElBH6dq0Gf422,3,1771270077636573000,1771270077631418000,56,Insert,m,57,"Dnes je vonku pekne, idem von so psom na dvor a budem tam"
BqbYZxLSPiNGAJGElBH6dq0Gf422,3,1771270077831765000,1771270077827180000,57,Insert, ,58,"Dnes je vonku pekne, idem von so psom na dvor a budem tam "
BqbYZxLSPiNGAJGElBH6dq0Gf422,3,1771270077995501000,1771270077986618000,58,Insert,a,59,"Dnes je vonku pekne, idem von so psom na dvor a budem tam a"
BqbYZxLSPiNGAJGElBH6dq0Gf422,3,1771270078186915000,1771270078181199000,59,Insert,s,60,"Dnes je vonku pekne, idem von so psom na dvor a budem tam as"
BqbYZxLSPiNGAJGElBH6dq0Gf422,3,1771270078326886000,1771270078320192000,60,Insert,i,61,"Dnes je vonku pekne, idem von so psom na dvor a budem tam asi"
BqbYZxLSPiNGAJGElBH6dq0Gf422,3,1771270078499444000,1771270078493116000,61,Insert, ,62,"Dnes je vonku pekne, idem von so psom na dvor a budem tam asi "
BqbYZxLSPiNGAJGElBH6dq0Gf422,3,1771270078983194000,1771270078973566000,62,Insert,h,63,"Dnes je vonku pekne, idem von so psom na dvor a budem tam asi h"
BqbYZxLSPiNGAJGElBH6dq0Gf422,3,1771270079062932000,1771270079058080000,63,Insert,o,64,"Dnes je vonku pekne, idem von so psom na dvor a budem tam asi ho"
BqbYZxLSPiNGAJGElBH6dq0Gf422,3,1771270079194441000,1771270079185350000,64,Insert,d,65,"Dnes je vonku pekne, idem von so psom na dvor a budem tam asi hod"
BqbYZxLSPiNGAJGElBH6dq0Gf422,3,1771270079250408000,1771270079245862000,65,Insert,i,66,"Dnes je vonku pekne, idem von so psom na dvor a budem tam asi hodi"
BqbYZxLSPiNGAJGElBH6dq0Gf422,3,1771270079457646000,1771270079451626000,66,Insert,n,67,"Dnes je vonku pekne, idem von so psom na dvor a budem tam asi hodin"
BqbYZxLSPiNGAJGElBH6dq0Gf422,3,1771270079616142000,1771270079611202000,67,Insert,u,68,"Dnes je vonku pekne, idem von so psom na dvor a budem tam asi hodinu"
BqbYZxLSPiNGAJGElBH6dq0Gf422,3,1771270080364227000,1771270080350873000,68,Insert,",",69,"Dnes je vonku pekne, idem von so psom na dvor a budem tam asi hodinu,"
BqbYZxLSPiNGAJGElBH6dq0Gf422,3,1771270080647829000,1771270080638490000,69,Insert, ,70,"Dnes je vonku pekne, idem von so psom na dvor a budem tam asi hodinu, "
BqbYZxLSPiNGAJGElBH6dq0Gf422,3,1771270081009479000,1771270081002514000,70,Insert,b,71,"Dnes je vonku pekne, idem von so psom na dvor a budem tam asi hodinu, b"
BqbYZxLSPiNGAJGElBH6dq0Gf422,3,1771270081152551000,1771270081146233000,71,Insert,u,72,"Dnes je vonku pekne, idem von so psom na dvor a budem tam asi hodinu, bu"
BqbYZxLSPiNGAJGElBH6dq0Gf422,3,1771270081468769000,1771270081459390000,72,Insert,d,73,"Dnes je vonku pekne, idem von so psom na dvor a budem tam asi hodinu, bud"
BqbYZxLSPiNGAJGElBH6dq0Gf422,3,1771270081628048000,1771270081622649000,73,Insert,e,74,"Dnes je vonku pekne, idem von so psom na dvor a budem tam asi hodinu, bude"
BqbYZxLSPiNGAJGElBH6dq0Gf422,3,1771270081870073000,1771270081859255000,74,Insert,t,75,"Dnes je vonku pekne, idem von so psom na dvor a budem tam asi hodinu, budet"
BqbYZxLSPiNGAJGElBH6dq0Gf422,3,1771270082334347000,1771270082330066000,75,Delete,t,74,"Dnes je vonku pekne, idem von so psom na dvor a budem tam asi hodinu, bude"
BqbYZxLSPiNGAJGElBH6dq0Gf422,3,1771270082668028000,1771270082660096000,74,Insert, ,75,"Dnes je vonku pekne, idem von so psom na dvor a budem tam asi hodinu, bude "
BqbYZxLSPiNGAJGElBH6dq0Gf422,3,1771270082794030000,1771270082788266000,75,Insert,t,76,"Dnes je vonku pekne, idem von so psom na dvor a budem tam asi hodinu, bude t"
BqbYZxLSPiNGAJGElBH6dq0Gf422,3,1771270082956855000,1771270082946251000,76,Insert,o,77,"Dnes je vonku pekne, idem von so psom na dvor a budem tam asi hodinu, bude to"
BqbYZxLSPiNGAJGElBH6dq0Gf422,3,1771270083123057000,1771270083117066000,77,Insert, ,78,"Dnes je vonku pekne, idem von so psom na dvor a budem tam asi hodinu, bude to "
BqbYZxLSPiNGAJGElBH6dq0Gf422,3,1771270083482027000,1771270083473772000,78,Insert,f,79,"Dnes je vonku pekne, idem von so psom na dvor a budem tam asi hodinu, bude to f"
BqbYZxLSPiNGAJGElBH6dq0Gf422,3,1771270083737218000,1771270083727142000,79,Insert,a,80,"Dnes je vonku pekne, idem von so psom na dvor a budem tam asi hodinu, bude to fa"
BqbYZxLSPiNGAJGElBH6dq0Gf422,3,1771270083810718000,1771270083805673000,80,Insert,j,81,"Dnes je vonku pekne, idem von so psom na dvor a budem tam asi hodinu, bude to faj"
BqbYZxLSPiNGAJGElBH6dq0Gf422,3,1771270083952875000,1771270083946153000,81,Insert,n,82,"Dnes je vonku pekne, idem von so psom na dvor a budem tam asi hodinu, bude to fajn"
BqbYZxLSPiNGAJGElBH6dq0Gf422,3,1771270084514589000,1771270084501331000,82,Insert,.,83,"Dnes je vonku pekne, idem von so psom na dvor a budem tam asi hodinu, bude to fajn."
BqbYZxLSPiNGAJGElBH6dq0Gf422,4,1771270086019235000,1771270086013708000,0,Insert,D,1,D
BqbYZxLSPiNGAJGElBH6dq0Gf422,4,1771270086083678000,1771270086079201000,1,Insert,n,2,Dn
BqbYZxLSPiNGAJGElBH6dq0Gf422,4,1771270086194128000,1771270086188697000,2,Insert,e,3,Dne
BqbYZxLSPiNGAJGElBH6dq0Gf422,4,1771270086343924000,1771270086337859000,3,Insert,s,4,Dnes
BqbYZxLSPiNGAJGElBH6dq0Gf422,4,1771270086727717000,1771270086718522000,4,Insert, ,5,Dnes 
BqbYZxLSPiNGAJGElBH6dq0Gf422,4,1771270086898775000,1771270086893230000,5,Insert,j,6,Dnes j
BqbYZxLSPiNGAJGElBH6dq0Gf422,4,1771270086979526000,1771270086973726000,6,Insert,e,7,Dnes je
BqbYZxLSPiNGAJGElBH6dq0Gf422,4,1771270087088494000,1771270087085315000,7,Insert, ,8,Dnes je 
BqbYZxLSPiNGAJGElBH6dq0Gf422,4,1771270087184336000,1771270087179404000,8,Insert,v,9,Dnes je v
BqbYZxLSPiNGAJGElBH6dq0Gf422,4,1771270087304926000,1771270087300498000,9,Insert,o,10,Dnes je vo
BqbYZxLSPiNGAJGElBH6dq0Gf422,4,1771270087452192000,1771270087447976000,10,Insert,n,11,Dnes je von
BqbYZxLSPiNGAJGElBH6dq0Gf422,4,1771270087642291000,1771270087637347000,11,Insert,k,12,Dnes je vonk
BqbYZxLSPiNGAJGElBH6dq0Gf422,4,1771270087782461000,1771270087777598000,12,Insert,u,13,Dnes je vonku
BqbYZxLSPiNGAJGElBH6dq0Gf422,4,1771270087898307000,1771270087893956000,13,Insert, ,14,Dnes je vonku 
BqbYZxLSPiNGAJGElBH6dq0Gf422,4,1771270088056781000,1771270088052219000,14,Insert,p,15,Dnes je vonku p
BqbYZxLSPiNGAJGElBH6dq0Gf422,4,1771270088164787000,1771270088158997000,15,Insert,e,16,Dnes je vonku pe
BqbYZxLSPiNGAJGElBH6dq0Gf422,4,1771270088264288000,1771270088259280000,16,Insert,k,17,Dnes je vonku pek
BqbYZxLSPiNGAJGElBH6dq0Gf422,4,1771270088423618000,1771270088419462000,17,Insert,n,18,Dnes je vonku pekn
BqbYZxLSPiNGAJGElBH6dq0Gf422,4,1771270088638765000,1771270088631756000,18,Insert,e,19,Dnes je vonku pekne
BqbYZxLSPiNGAJGElBH6dq0Gf422,4,1771270088957080000,1771270088952705000,19,Insert, ,20,Dnes je vonku pekne 
BqbYZxLSPiNGAJGElBH6dq0Gf422,4,1771270089311163000,1771270089306551000,20,Delete, ,19,Dnes je vonku pekne
BqbYZxLSPiNGAJGElBH6dq0Gf422,4,1771270089524771000,1771270089515770000,19,Insert,",",20,"Dnes je vonku pekne,"
BqbYZxLSPiNGAJGElBH6dq0Gf422,4,1771270089652307000,1771270089646809000,20,Insert, ,21,"Dnes je vonku pekne, "
BqbYZxLSPiNGAJGElBH6dq0Gf422,4,1771270089907795000,1771270089897966000,21,Insert,i,22,"Dnes je vonku pekne, i"
BqbYZxLSPiNGAJGElBH6dq0Gf422,4,1771270089989286000,1771270089984350000,22,Insert,d,23,"Dnes je vonku pekne, id"
BqbYZxLSPiNGAJGElBH6dq0Gf422,4,1771270090145897000,1771270090141698000,23,Insert,e,24,"Dnes je vonku pekne, ide"
BqbYZxLSPiNGAJGElBH6dq0Gf422,4,1771270090206890000,1771270090202364000,24,Insert,m,25,"Dnes je vonku pekne, idem"
BqbYZxLSPiNGAJGElBH6dq0Gf422,4,1771270090427881000,1771270090421058000,25,Insert, ,26,"Dnes je vonku pekne, idem "
BqbYZxLSPiNGAJGElBH6dq0Gf422,4,1771270090601249000,1771270090596264000,26,Insert,v,27,"Dnes je vonku pekne, idem v"
BqbYZxLSPiNGAJGElBH6dq0Gf422,4,1771270090686081000,1771270090681761000,27,Insert,o,28,"Dnes je vonku pekne, idem vo"
BqbYZxLSPiNGAJGElBH6dq0Gf422,4,1771270090851675000,1771270090846667000,28,Insert,n,29,"Dnes je vonku pekne, idem von"
BqbYZxLSPiNGAJGElBH6dq0Gf422,4,1771270090974968000,1771270090970393000,29,Insert, ,30,"Dnes je vonku pekne, idem von "
BqbYZxLSPiNGAJGElBH6dq0Gf422,4,1771270091249691000,1771270091245407000,30,Insert,s,31,"Dnes je vonku pekne, idem von s"
BqbYZxLSPiNGAJGElBH6dq0Gf422,4,1771270091362120000,1771270091357695000,31,Insert,o,32,"Dnes je vonku pekne, idem von so"
BqbYZxLSPiNGAJGElBH6dq0Gf422,4,1771270091546957000,1771270091542435000,32,Insert, ,33,"Dnes je vonku pekne, idem von so "
BqbYZxLSPiNGAJGElBH6dq0Gf422,4,1771270091679911000,1771270091675264000,33,Insert,p,34,"Dnes je vonku pekne, idem von so p"
BqbYZxLSPiNGAJGElBH6dq0Gf422,4,1771270091832798000,1771270091827398000,34,Insert,o,35,"Dnes je vonku pekne, idem von so po"
BqbYZxLSPiNGAJGElBH6dq0Gf422,4,1771270091897380000,1771270091892479000,35,Insert,s,36,"Dnes je vonku pekne, idem von so pos"
BqbYZxLSPiNGAJGElBH6dq0Gf422,4,1771270091995382000,1771270091990522000,36,Insert,o,37,"Dnes je vonku pekne, idem von so poso"
BqbYZxLSPiNGAJGElBH6dq0Gf422,4,1771270092412694000,1771270092408384000,37,Delete,o,36,"Dnes je vonku pekne, idem von so pos"
BqbYZxLSPiNGAJGElBH6dq0Gf422,4,1771270092555006000,1771270092551092000,36,Delete,s,35,"Dnes je vonku pekne, idem von so po"
BqbYZxLSPiNGAJGElBH6dq0Gf422,4,1771270092717417000,1771270092713898000,35,Delete,o,34,"Dnes je vonku pekne, idem von so p"
BqbYZxLSPiNGAJGElBH6dq0Gf422,4,1771270092864453000,1771270092859758000,34,Insert,s,35,"Dnes je vonku pekne, idem von so ps"
BqbYZxLSPiNGAJGElBH6dq0Gf422,4,1771270092930925000,1771270092923915000,35,Insert,o,36,"Dnes je vonku pekne, idem von so pso"
BqbYZxLSPiNGAJGElBH6dq0Gf422,4,1771270093115162000,1771270093110631000,36,Insert,m,37,"Dnes je vonku pekne, idem von so psom"
BqbYZxLSPiNGAJGElBH6dq0Gf422,4,1771270094202349000,1771270094191906000,37,Insert, ,38,"Dnes je vonku pekne, idem von so psom "
BqbYZxLSPiNGAJGElBH6dq0Gf422,4,1771270094384298000,1771270094377779000,38,Insert,n,39,"Dnes je vonku pekne, idem von so psom n"
BqbYZxLSPiNGAJGElBH6dq0Gf422,4,1771270094482435000,1771270094477707000,39,Insert,a,40,"Dnes je vonku pekne, idem von so psom na"
BqbYZxLSPiNGAJGElBH6dq0Gf422,4,1771270094559386000,1771270094554497000,40,Insert, ,41,"Dnes je vonku pekne, idem von so psom na "
BqbYZxLSPiNGAJGElBH6dq0Gf422,4,1771270094702524000,1771270094697706000,41,Insert,s,42,"Dnes je vonku pekne, idem von so psom na s"
BqbYZxLSPiNGAJGElBH6dq0Gf422,4,1771270094948684000,1771270094939761000,42,Insert,v,43,"Dnes je vonku pekne, idem von so psom na sv"
BqbYZxLSPiNGAJGElBH6dq0Gf422,4,1771270095011173000,1771270095005871000,43,Insert,o,44,"Dnes je vonku pekne, idem von so psom na svo"
BqbYZxLSPiNGAJGElBH6dq0Gf422,4,1771270095160306000,1771270095155266000,44,Insert,r,45,"Dnes je vonku pekne, idem von so psom na svor"
BqbYZxLSPiNGAJGElBH6dq0Gf422,4,1771270095532223000,1771270095526045000,45,Delete,r,44,"Dnes je vonku pekne, idem von so psom na svo"
BqbYZxLSPiNGAJGElBH6dq0Gf422,4,1771270095682731000,1771270095679748000,44,Delete,o,43,"Dnes je vonku pekne, idem von so psom na sv"
BqbYZxLSPiNGAJGElBH6dq0Gf422,4,1771270095851266000,1771270095848273000,43,Delete,v,42,"Dnes je vonku pekne, idem von so psom na s"
BqbYZxLSPiNGAJGElBH6dq0Gf422,4,1771270095976284000,1771270095972974000,42,Delete,s,41,"Dnes je vonku pekne, idem von so psom na "
BqbYZxLSPiNGAJGElBH6dq0Gf422,4,1771270096462961000,1771270096455171000,41,Insert,d,42,"Dnes je vonku pekne, idem von so psom na d"
BqbYZxLSPiNGAJGElBH6dq0Gf422,4,1771270096739287000,1771270096732655000,42,Insert,v,43,"Dnes je vonku pekne, idem von so psom na dv"
BqbYZxLSPiNGAJGElBH6dq0Gf422,4,1771270096858154000,1771270096852416000,43,Insert,o,44,"Dnes je vonku pekne, idem von so psom na dvo"
BqbYZxLSPiNGAJGElBH6dq0Gf422,4,1771270097479564000,1771270097470866000,44,Insert,r,45,"Dnes je vonku pekne, idem von so psom na dvor"
BqbYZxLSPiNGAJGElBH6dq0Gf422,4,1771270098295002000,1771270098285535000,45,Insert, ,46,"Dnes je vonku pekne, idem von so psom na dvor "
BqbYZxLSPiNGAJGElBH6dq0Gf422,4,1771270098412365000,1771270098406864000,46,Insert,a,47,"Dnes je vonku pekne, idem von so psom na dvor a"
BqbYZxLSPiNGAJGElBH6dq0Gf422,4,1771270098480464000,1771270098475521000,47,Insert, ,48,"Dnes je vonku pekne, idem von so psom na dvor a "
BqbYZxLSPiNGAJGElBH6dq0Gf422,4,1771270098807288000,1771270098799268000,48,Insert,b,49,"Dnes je vonku pekne, idem von so psom na dvor a b"
BqbYZxLSPiNGAJGElBH6dq0Gf422,4,1771270098967105000,1771270098962350000,49,Insert,u,50,"Dnes je vonku pekne, idem von so psom na dvor a bu"
BqbYZxLSPiNGAJGElBH6dq0Gf422,4,1771270099079164000,1771270099072728000,50,Insert,d,51,"Dnes je vonku pekne, idem von so psom na dvor a bud"
BqbYZxLSPiNGAJGElBH6dq0Gf422,4,1771270099232371000,1771270099227143000,51,Insert,e,52,"Dnes je vonku pekne, idem von so psom na dvor a bude"
BqbYZxLSPiNGAJGElBH6dq0Gf422,4,1771270099303586000,1771270099299287000,52,Insert,m,53,"Dnes je vonku pekne, idem von so psom na dvor a budem"
BqbYZxLSPiNGAJGElBH6dq0Gf422,4,1771270099460237000,1771270099455392000,53,Insert, ,54,"Dnes je vonku pekne, idem von so psom na dvor a budem "
BqbYZxLSPiNGAJGElBH6dq0Gf422,4,1771270099543439000,1771270099538891000,54,Insert,t,55,"Dnes je vonku pekne, idem von so psom na dvor a budem t"
BqbYZxLSPiNGAJGElBH6dq0Gf422,4,1771270099840475000,1771270099835629000,55,Insert,a,56,"Dnes je vonku pekne, idem von so psom na dvor a budem ta"
BqbYZxLSPiNGAJGElBH6dq0Gf422,4,1771270099933834000,1771270099929544000,56,Insert,m,57,"Dnes je vonku pekne, idem von so psom na dvor a budem tam"
BqbYZxLSPiNGAJGElBH6dq0Gf422,4,1771270100105578000,1771270100100331000,57,Insert, ,58,"Dnes je vonku pekne, idem von so psom na dvor a budem tam "
BqbYZxLSPiNGAJGElBH6dq0Gf422,4,1771270100188533000,1771270100184137000,58,Insert,a,59,"Dnes je vonku pekne, idem von so psom na dvor a budem tam a"
BqbYZxLSPiNGAJGElBH6dq0Gf422,4,1771270100343965000,1771270100336646000,59,Insert,s,60,"Dnes je vonku pekne, idem von so psom na dvor a budem tam as"
BqbYZxLSPiNGAJGElBH6dq0Gf422,4,1771270100428793000,1771270100421294000,60,Insert,i,61,"Dnes je vonku pekne, idem von so psom na dvor a budem tam asi"
BqbYZxLSPiNGAJGElBH6dq0Gf422,4,1771270100580391000,1771270100573695000,61,Insert, ,62,"Dnes je vonku pekne, idem von so psom na dvor a budem tam asi "
BqbYZxLSPiNGAJGElBH6dq0Gf422,4,1771270100855333000,1771270100849712000,62,Insert,h,63,"Dnes je vonku pekne, idem von so psom na dvor a budem tam asi h"
BqbYZxLSPiNGAJGElBH6dq0Gf422,4,1771270100948541000,1771270100942876000,63,Insert,o,64,"Dnes je vonku pekne, idem von so psom na dvor a budem tam asi ho"
BqbYZxLSPiNGAJGElBH6dq0Gf422,4,1771270101099915000,1771270101095531000,64,Insert,d,65,"Dnes je vonku pekne, idem von so psom na dvor a budem tam asi hod"
BqbYZxLSPiNGAJGElBH6dq0Gf422,4,1771270101166892000,1771270101158423000,65,Insert,i,66,"Dnes je vonku pekne, idem von so psom na dvor a budem tam asi hodi"
BqbYZxLSPiNGAJGElBH6dq0Gf422,4,1771270101357720000,1771270101351820000,66,Insert,n,67,"Dnes je vonku pekne, idem von so psom na dvor a budem tam asi hodin"
BqbYZxLSPiNGAJGElBH6dq0Gf422,4,1771270101507425000,1771270101503129000,67,Insert,u,68,"Dnes je vonku pekne, idem von so psom na dvor a budem tam asi hodinu"
BqbYZxLSPiNGAJGElBH6dq0Gf422,4,1771270102326476000,1771270102318010000,68,Insert,",",69,"Dnes je vonku pekne, idem von so psom na dvor a budem tam asi hodinu,"
BqbYZxLSPiNGAJGElBH6dq0Gf422,4,1771270102506478000,1771270102500966000,69,Insert, ,70,"Dnes je vonku pekne, idem von so psom na dvor a budem tam asi hodinu, "
BqbYZxLSPiNGAJGElBH6dq0Gf422,4,1771270103045796000,1771270103041209000,70,Insert,b,71,"Dnes je vonku pekne, idem von so psom na dvor a budem tam asi hodinu, b"
BqbYZxLSPiNGAJGElBH6dq0Gf422,4,1771270103213603000,1771270103208137000,71,Insert,u,72,"Dnes je vonku pekne, idem von so psom na dvor a budem tam asi hodinu, bu"
BqbYZxLSPiNGAJGElBH6dq0Gf422,4,1771270103306497000,1771270103301422000,72,Insert,d,73,"Dnes je vonku pekne, idem von so psom na dvor a budem tam asi hodinu, bud"
BqbYZxLSPiNGAJGElBH6dq0Gf422,4,1771270103472261000,1771270103466969000,73,Insert,e,74,"Dnes je vonku pekne, idem von so psom na dvor a budem tam asi hodinu, bude"
BqbYZxLSPiNGAJGElBH6dq0Gf422,4,1771270103599720000,1771270103593331000,74,Insert, ,75,"Dnes je vonku pekne, idem von so psom na dvor a budem tam asi hodinu, bude "
BqbYZxLSPiNGAJGElBH6dq0Gf422,4,1771270103723304000,1771270103718194000,75,Insert,z,76,"Dnes je vonku pekne, idem von so psom na dvor a budem tam asi hodinu, bude z"
BqbYZxLSPiNGAJGElBH6dq0Gf422,4,1771270103854376000,1771270103848460000,76,Insert,o,77,"Dnes je vonku pekne, idem von so psom na dvor a budem tam asi hodinu, bude zo"
BqbYZxLSPiNGAJGElBH6dq0Gf422,4,1771270103992750000,1771270103987080000,77,Insert, ,78,"Dnes je vonku pekne, idem von so psom na dvor a budem tam asi hodinu, bude zo "
BqbYZxLSPiNGAJGElBH6dq0Gf422,4,1771270104397323000,1771270104392940000,78,Delete, ,77,"Dnes je vonku pekne, idem von so psom na dvor a budem tam asi hodinu, bude zo"
BqbYZxLSPiNGAJGElBH6dq0Gf422,4,1771270104535537000,1771270104532404000,77,Delete,o,76,"Dnes je vonku pekne, idem von so psom na dvor a budem tam asi hodinu, bude z"
BqbYZxLSPiNGAJGElBH6dq0Gf422,4,1771270104716118000,1771270104712133000,76,Delete,z,75,"Dnes je vonku pekne, idem von so psom na dvor a budem tam asi hodinu, bude "
BqbYZxLSPiNGAJGElBH6dq0Gf422,4,1771270104801030000,1771270104797324000,75,Delete, ,74,"Dnes je vonku pekne, idem von so psom na dvor a budem tam asi hodinu, bude"
BqbYZxLSPiNGAJGElBH6dq0Gf422,4,1771270104911490000,1771270104906895000,74,Insert,t,75,"Dnes je vonku pekne, idem von so psom na dvor a budem tam asi hodinu, budet"
BqbYZxLSPiNGAJGElBH6dq0Gf422,4,1771270105293309000,1771270105288583000,75,Delete,t,74,"Dnes je vonku pekne, idem von so psom na dvor a budem tam asi hodinu, bude"
BqbYZxLSPiNGAJGElBH6dq0Gf422,4,1771270105985829000,1771270105977237000,74,Insert, ,75,"Dnes je vonku pekne, idem von so psom na dvor a budem tam asi hodinu, bude "
BqbYZxLSPiNGAJGElBH6dq0Gf422,4,1771270106112330000,1771270106103351000,75,Insert,t,76,"Dnes je vonku pekne, idem von so psom na dvor a budem tam asi hodinu, bude t"
BqbYZxLSPiNGAJGElBH6dq0Gf422,4,1771270106230990000,1771270106226063000,76,Insert,o,77,"Dnes je vonku pekne, idem von so psom na dvor a budem tam asi hodinu, bude to"
BqbYZxLSPiNGAJGElBH6dq0Gf422,4,1771270106555411000,1771270106546125000,77,Insert, ,78,"Dnes je vonku pekne, idem von so psom na dvor a budem tam asi hodinu, bude to "
BqbYZxLSPiNGAJGElBH6dq0Gf422,4,1771270106632066000,1771270106627202000,78,Insert,f,79,"Dnes je vonku pekne, idem von so psom na dvor a budem tam asi hodinu, bude to f"
BqbYZxLSPiNGAJGElBH6dq0Gf422,4,1771270106871614000,1771270106864795000,79,Insert,a,80,"Dnes je vonku pekne, idem von so psom na dvor a budem tam asi hodinu, bude to fa"
BqbYZxLSPiNGAJGElBH6dq0Gf422,4,1771270106936795000,1771270106932216000,80,Insert,j,81,"Dnes je vonku pekne, idem von so psom na dvor a budem tam asi hodinu, bude to faj"
BqbYZxLSPiNGAJGElBH6dq0Gf422,4,1771270107070510000,1771270107065864000,81,Insert,n,82,"Dnes je vonku pekne, idem von so psom na dvor a budem tam asi hodinu, bude to fajn"
BqbYZxLSPiNGAJGElBH6dq0Gf422,4,1771270107138619000,1771270107133607000,82,Insert,e,83,"Dnes je vonku pekne, idem von so psom na dvor a budem tam asi hodinu, bude to fajne"
BqbYZxLSPiNGAJGElBH6dq0Gf422,4,1771270107789236000,1771270107783196000,83,Delete,e,82,"Dnes je vonku pekne, idem von so psom na dvor a budem tam asi hodinu, bude to fajn"
BqbYZxLSPiNGAJGElBH6dq0Gf422,4,1771270107973157000,1771270107966604000,82,Insert,.,83,"Dnes je vonku pekne, idem von so psom na dvor a budem tam asi hodinu, bude to fajn."
BqbYZxLSPiNGAJGElBH6dq0Gf422,5,1771270109043843000,1771270109032312000,0,Insert,D,1,D
BqbYZxLSPiNGAJGElBH6dq0Gf422,5,1771270109109963000,1771270109102311000,1,Insert,n,2,Dn
BqbYZxLSPiNGAJGElBH6dq0Gf422,5,1771270109200504000,1771270109196311000,2,Insert,e,3,Dne
BqbYZxLSPiNGAJGElBH6dq0Gf422,5,1771270109351782000,1771270109346612000,3,Insert,s,4,Dnes
BqbYZxLSPiNGAJGElBH6dq0Gf422,5,1771270109419423000,1771270109414675000,4,Insert, ,5,Dnes 
BqbYZxLSPiNGAJGElBH6dq0Gf422,5,1771270109573140000,1771270109569331000,5,Insert,h,6,Dnes h
BqbYZxLSPiNGAJGElBH6dq0Gf422,5,1771270109668909000,1771270109662374000,6,Insert,e,7,Dnes he
BqbYZxLSPiNGAJGElBH6dq0Gf422,5,1771270109804440000,1771270109800031000,7,Insert, ,8,Dnes he 
BqbYZxLSPiNGAJGElBH6dq0Gf422,5,1771270109922605000,1771270109918404000,8,Insert,v,9,Dnes he v
BqbYZxLSPiNGAJGElBH6dq0Gf422,5,1771270110169945000,1771270110158322000,9,Delete,v,8,Dnes he 
BqbYZxLSPiNGAJGElBH6dq0Gf422,5,1771270110320633000,1771270110317755000,8,Delete, ,7,Dnes he
BqbYZxLSPiNGAJGElBH6dq0Gf422,5,1771270110459137000,1771270110456315000,7,Delete,e,6,Dnes h
BqbYZxLSPiNGAJGElBH6dq0Gf422,5,1771270110642461000,1771270110639420000,6,Delete,h,5,Dnes 
BqbYZxLSPiNGAJGElBH6dq0Gf422,5,1771270111095293000,1771270111087454000,5,Insert,j,6,Dnes j
BqbYZxLSPiNGAJGElBH6dq0Gf422,5,1771270111180657000,1771270111175573000,6,Insert,e,7,Dnes je
BqbYZxLSPiNGAJGElBH6dq0Gf422,5,1771270111312300000,1771270111307918000,7,Insert, ,8,Dnes je 
BqbYZxLSPiNGAJGElBH6dq0Gf422,5,1771270111424164000,1771270111419705000,8,Insert,v,9,Dnes je v
BqbYZxLSPiNGAJGElBH6dq0Gf422,5,1771270111505910000,1771270111501158000,9,Insert,i,10,Dnes je vi
BqbYZxLSPiNGAJGElBH6dq0Gf422,5,1771270111674460000,1771270111667698000,10,Insert,n,11,Dnes je vin
BqbYZxLSPiNGAJGElBH6dq0Gf422,5,1771270111875140000,1771270111867252000,11,Insert,k,12,Dnes je vink
BqbYZxLSPiNGAJGElBH6dq0Gf422,5,1771270111998257000,1771270111994255000,12,Insert,u,13,Dnes je vinku
BqbYZxLSPiNGAJGElBH6dq0Gf422,5,1771270112246385000,1771270112242014000,13,Delete,u,12,Dnes je vink
BqbYZxLSPiNGAJGElBH6dq0Gf422,5,1771270112404028000,1771270112400935000,12,Delete,k,11,Dnes je vin
BqbYZxLSPiNGAJGElBH6dq0Gf422,5,1771270112565315000,1771270112562526000,11,Delete,n,10,Dnes je vi
BqbYZxLSPiNGAJGElBH6dq0Gf422,5,1771270112707260000,1771270112704074000,10,Delete,i,9,Dnes je v
BqbYZxLSPiNGAJGElBH6dq0Gf422,5,1771270113138905000,1771270113129124000,9,Insert,o,10,Dnes je vo
BqbYZxLSPiNGAJGElBH6dq0Gf422,5,1771270113383444000,1771270113375863000,10,Insert,n,11,Dnes je von
BqbYZxLSPiNGAJGElBH6dq0Gf422,5,1771270113539050000,1771270113534898000,11,Insert,k,12,Dnes je vonk
BqbYZxLSPiNGAJGElBH6dq0Gf422,5,1771270113674141000,1771270113669765000,12,Insert,u,13,Dnes je vonku
BqbYZxLSPiNGAJGElBH6dq0Gf422,5,1771270113816965000,1771270113812702000,13,Insert, ,14,Dnes je vonku 
BqbYZxLSPiNGAJGElBH6dq0Gf422,5,1771270114531712000,1771270114524056000,14,Insert,p,15,Dnes je vonku p
BqbYZxLSPiNGAJGElBH6dq0Gf422,5,1771270114639938000,1771270114635181000,15,Insert,e,16,Dnes je vonku pe
BqbYZxLSPiNGAJGElBH6dq0Gf422,5,1771270114737166000,1771270114732666000,16,Insert,k,17,Dnes je vonku pek
BqbYZxLSPiNGAJGElBH6dq0Gf422,5,1771270114903944000,1771270114898904000,17,Insert,n,18,Dnes je vonku pekn
BqbYZxLSPiNGAJGElBH6dq0Gf422,5,1771270115021500000,1771270115016651000,18,Insert,e,19,Dnes je vonku pekne
BqbYZxLSPiNGAJGElBH6dq0Gf422,5,1771270115720426000,1771270115707856000,19,Insert,",",20,"Dnes je vonku pekne,"
BqbYZxLSPiNGAJGElBH6dq0Gf422,5,1771270116079065000,1771270116071987000,20,Insert, ,21,"Dnes je vonku pekne, "
BqbYZxLSPiNGAJGElBH6dq0Gf422,5,1771270116335548000,1771270116327746000,21,Insert,i,22,"Dnes je vonku pekne, i"
BqbYZxLSPiNGAJGElBH6dq0Gf422,5,1771270116421925000,1771270116416791000,22,Insert,d,23,"Dnes je vonku pekne, id"
BqbYZxLSPiNGAJGElBH6dq0Gf422,5,1771270116569256000,1771270116563211000,23,Insert,e,24,"Dnes je vonku pekne, ide"
BqbYZxLSPiNGAJGElBH6dq0Gf422,5,1771270116640887000,1771270116635778000,24,Insert,m,25,"Dnes je vonku pekne, idem"
BqbYZxLSPiNGAJGElBH6dq0Gf422,5,1771270116785463000,1771270116780408000,25,Insert, ,26,"Dnes je vonku pekne, idem "
BqbYZxLSPiNGAJGElBH6dq0Gf422,5,1771270116909439000,1771270116904939000,26,Insert,v,27,"Dnes je vonku pekne, idem v"
BqbYZxLSPiNGAJGElBH6dq0Gf422,5,1771270117038116000,1771270117029920000,27,Insert,o,28,"Dnes je vonku pekne, idem vo"
BqbYZxLSPiNGAJGElBH6dq0Gf422,5,1771270117212354000,1771270117207864000,28,Insert,n,29,"Dnes je vonku pekne, idem von"
BqbYZxLSPiNGAJGElBH6dq0Gf422,5,1771270117401373000,1771270117396136000,29,Insert, ,30,"Dnes je vonku pekne, idem von "
BqbYZxLSPiNGAJGElBH6dq0Gf422,5,1771270117845978000,1771270117841805000,30,Insert,s,31,"Dnes je vonku pekne, idem von s"
BqbYZxLSPiNGAJGElBH6dq0Gf422,5,1771270117924407000,1771270117916055000,31,Insert,o,32,"Dnes je vonku pekne, idem von so"
BqbYZxLSPiNGAJGElBH6dq0Gf422,5,1771270118079219000,1771270118074420000,32,Insert, ,33,"Dnes je vonku pekne, idem von so "
BqbYZxLSPiNGAJGElBH6dq0Gf422,5,1771270118228671000,1771270118224165000,33,Insert,p,34,"Dnes je vonku pekne, idem von so p"
BqbYZxLSPiNGAJGElBH6dq0Gf422,5,1771270118370543000,1771270118365672000,34,Insert,s,35,"Dnes je vonku pekne, idem von so ps"
BqbYZxLSPiNGAJGElBH6dq0Gf422,5,1771270118439487000,1771270118435251000,35,Insert,o,36,"Dnes je vonku pekne, idem von so pso"
BqbYZxLSPiNGAJGElBH6dq0Gf422,5,1771270118684212000,1771270118677240000,36,Insert,m,37,"Dnes je vonku pekne, idem von so psom"
BqbYZxLSPiNGAJGElBH6dq0Gf422,5,1771270119636096000,1771270119629353000,37,Insert, ,38,"Dnes je vonku pekne, idem von so psom "
BqbYZxLSPiNGAJGElBH6dq0Gf422,5,1771270119785837000,1771270119772518000,38,Insert,n,39,"Dnes je vonku pekne, idem von so psom n"
BqbYZxLSPiNGAJGElBH6dq0Gf422,5,1771270119838827000,1771270119834469000,39,Insert,a,40,"Dnes je vonku pekne, idem von so psom na"
BqbYZxLSPiNGAJGElBH6dq0Gf422,5,1771270119954914000,1771270119949796000,40,Insert, ,41,"Dnes je vonku pekne, idem von so psom na "
BqbYZxLSPiNGAJGElBH6dq0Gf422,5,1771270120055855000,1771270120050580000,41,Insert,d,42,"Dnes je vonku pekne, idem von so psom na d"
BqbYZxLSPiNGAJGElBH6dq0Gf422,5,1771270120266061000,1771270120260881000,42,Insert,v,43,"Dnes je vonku pekne, idem von so psom na dv"
BqbYZxLSPiNGAJGElBH6dq0Gf422,5,1771270120315435000,1771270120310978000,43,Insert,o,44,"Dnes je vonku pekne, idem von so psom na dvo"
BqbYZxLSPiNGAJGElBH6dq0Gf422,5,1771270120483326000,1771270120479823000,44,Insert,r,45,"Dnes je vonku pekne, idem von so psom na dvor"
BqbYZxLSPiNGAJGElBH6dq0Gf422,5,1771270121282926000,1771270121273853000,45,Insert, ,46,"Dnes je vonku pekne, idem von so psom na dvor "
BqbYZxLSPiNGAJGElBH6dq0Gf422,5,1771270121405512000,1771270121400869000,46,Insert,a,47,"Dnes je vonku pekne, idem von so psom na dvor a"
BqbYZxLSPiNGAJGElBH6dq0Gf422,5,1771270121497783000,1771270121488494000,47,Insert, ,48,"Dnes je vonku pekne, idem von so psom na dvor a "
BqbYZxLSPiNGAJGElBH6dq0Gf422,5,1771270121840822000,1771270121833628000,48,Insert,b,49,"Dnes je vonku pekne, idem von so psom na dvor a b"
BqbYZxLSPiNGAJGElBH6dq0Gf422,5,1771270122012045000,1771270122007192000,49,Insert,u,50,"Dnes je vonku pekne, idem von so psom na dvor a bu"
BqbYZxLSPiNGAJGElBH6dq0Gf422,5,1771270122133014000,1771270122124078000,50,Insert,d,51,"Dnes je vonku pekne, idem von so psom na dvor a bud"
BqbYZxLSPiNGAJGElBH6dq0Gf422,5,1771270122267981000,1771270122263015000,51,Insert,d,52,"Dnes je vonku pekne, idem von so psom na dvor a budd"
BqbYZxLSPiNGAJGElBH6dq0Gf422,5,1771270122302065000,1771270122298078000,52,Insert,m,53,"Dnes je vonku pekne, idem von so psom na dvor a buddm"
BqbYZxLSPiNGAJGElBH6dq0Gf422,5,1771270122478249000,1771270122471815000,53,Insert, ,54,"Dnes je vonku pekne, idem von so psom na dvor a buddm "
BqbYZxLSPiNGAJGElBH6dq0Gf422,5,1771270122556169000,1771270122551097000,54,Insert,g,55,"Dnes je vonku pekne, idem von so psom na dvor a buddm g"
BqbYZxLSPiNGAJGElBH6dq0Gf422,5,1771270122826136000,1771270122818912000,55,Insert,a,56,"Dnes je vonku pekne, idem von so psom na dvor a buddm ga"
BqbYZxLSPiNGAJGElBH6dq0Gf422,5,1771270123101783000,1771270123096100000,56,Delete,a,55,"Dnes je vonku pekne, idem von so psom na dvor a buddm g"
BqbYZxLSPiNGAJGElBH6dq0Gf422,5,1771270123246322000,1771270123243343000,55,Delete,g,54,"Dnes je vonku pekne, idem von so psom na dvor a buddm "
BqbYZxLSPiNGAJGElBH6dq0Gf422,5,1771270123400018000,1771270123396735000,54,Delete, ,53,"Dnes je vonku pekne, idem von so psom na dvor a buddm"
BqbYZxLSPiNGAJGElBH6dq0Gf422,5,1771270123573534000,1771270123570669000,53,Delete,m,52,"Dnes je vonku pekne, idem von so psom na dvor a budd"
BqbYZxLSPiNGAJGElBH6dq0Gf422,5,1771270123901508000,1771270123896026000,52,Delete,d,51,"Dnes je vonku pekne, idem von so psom na dvor a bud"
BqbYZxLSPiNGAJGElBH6dq0Gf422,5,1771270124018745000,1771270124012796000,51,Insert,e,52,"Dnes je vonku pekne, idem von so psom na dvor a bude"
BqbYZxLSPiNGAJGElBH6dq0Gf422,5,1771270124136424000,1771270124130758000,52,Insert,m,53,"Dnes je vonku pekne, idem von so psom na dvor a budem"
BqbYZxLSPiNGAJGElBH6dq0Gf422,5,1771270124416653000,1771270124409197000,53,Insert, ,54,"Dnes je vonku pekne, idem von so psom na dvor a budem "
BqbYZxLSPiNGAJGElBH6dq0Gf422,5,1771270124708464000,1771270124703574000,54,Insert,t,55,"Dnes je vonku pekne, idem von so psom na dvor a budem t"
BqbYZxLSPiNGAJGElBH6dq0Gf422,5,1771270124962675000,1771270124957944000,55,Insert,a,56,"Dnes je vonku pekne, idem von so psom na dvor a budem ta"
BqbYZxLSPiNGAJGElBH6dq0Gf422,5,1771270124987756000,1771270124983807000,56,Insert,m,57,"Dnes je vonku pekne, idem von so psom na dvor a budem tam"
BqbYZxLSPiNGAJGElBH6dq0Gf422,5,1771270125174992000,1771270125170131000,57,Insert, ,58,"Dnes je vonku pekne, idem von so psom na dvor a budem tam "
BqbYZxLSPiNGAJGElBH6dq0Gf422,5,1771270125260307000,1771270125256118000,58,Insert,a,59,"Dnes je vonku pekne, idem von so psom na dvor a budem tam a"
BqbYZxLSPiNGAJGElBH6dq0Gf422,5,1771270125413075000,1771270125408002000,59,Insert,s,60,"Dnes je vonku pekne, idem von so psom na dvor a budem tam as"
BqbYZxLSPiNGAJGElBH6dq0Gf422,5,1771270125475073000,1771270125466649000,60,Insert,i,61,"Dnes je vonku pekne, idem von so psom na dvor a budem tam asi"
BqbYZxLSPiNGAJGElBH6dq0Gf422,5,1771270125997594000,1771270125993197000,61,Insert, ,62,"Dnes je vonku pekne, idem von so psom na dvor a budem tam asi "
BqbYZxLSPiNGAJGElBH6dq0Gf422,5,1771270126566887000,1771270126562507000,62,Insert,h,63,"Dnes je vonku pekne, idem von so psom na dvor a budem tam asi h"
BqbYZxLSPiNGAJGElBH6dq0Gf422,5,1771270126625683000,1771270126621133000,63,Insert,o,64,"Dnes je vonku pekne, idem von so psom na dvor a budem tam asi ho"
BqbYZxLSPiNGAJGElBH6dq0Gf422,5,1771270126821074000,1771270126814952000,64,Insert,d,65,"Dnes je vonku pekne, idem von so psom na dvor a budem tam asi hod"
BqbYZxLSPiNGAJGElBH6dq0Gf422,5,1771270126848199000,1771270126845364000,65,Insert,i,66,"Dnes je vonku pekne, idem von so psom na dvor a budem tam asi hodi"
BqbYZxLSPiNGAJGElBH6dq0Gf422,5,1771270127491828000,1771270127482852000,66,Insert,n,67,"Dnes je vonku pekne, idem von so psom na dvor a budem tam asi hodin"
BqbYZxLSPiNGAJGElBH6dq0Gf422,5,1771270127667916000,1771270127662974000,67,Insert,u,68,"Dnes je vonku pekne, idem von so psom na dvor a budem tam asi hodinu"
BqbYZxLSPiNGAJGElBH6dq0Gf422,5,1771270128242970000,1771270128233415000,68,Insert,",",69,"Dnes je vonku pekne, idem von so psom na dvor a budem tam asi hodinu,"
BqbYZxLSPiNGAJGElBH6dq0Gf422,5,1771270128417590000,1771270128411891000,69,Insert, ,70,"Dnes je vonku pekne, idem von so psom na dvor a budem tam asi hodinu, "
BqbYZxLSPiNGAJGElBH6dq0Gf422,5,1771270128761068000,1771270128756554000,70,Insert,b,71,"Dnes je vonku pekne, idem von so psom na dvor a budem tam asi hodinu, b"
BqbYZxLSPiNGAJGElBH6dq0Gf422,5,1771270128869167000,1771270128864555000,71,Insert,u,72,"Dnes je vonku pekne, idem von so psom na dvor a budem tam asi hodinu, bu"
BqbYZxLSPiNGAJGElBH6dq0Gf422,5,1771270128994278000,1771270128989902000,72,Insert,d,73,"Dnes je vonku pekne, idem von so psom na dvor a budem tam asi hodinu, bud"
BqbYZxLSPiNGAJGElBH6dq0Gf422,5,1771270129156097000,1771270129150829000,73,Insert,e,74,"Dnes je vonku pekne, idem von so psom na dvor a budem tam asi hodinu, bude"
BqbYZxLSPiNGAJGElBH6dq0Gf422,5,1771270129222735000,1771270129218061000,74,Insert, ,75,"Dnes je vonku pekne, idem von so psom na dvor a budem tam asi hodinu, bude "
BqbYZxLSPiNGAJGElBH6dq0Gf422,5,1771270129324488000,1771270129319970000,75,Insert,t,76,"Dnes je vonku pekne, idem von so psom na dvor a budem tam asi hodinu, bude t"
BqbYZxLSPiNGAJGElBH6dq0Gf422,5,1771270129434137000,1771270129429675000,76,Insert,o,77,"Dnes je vonku pekne, idem von so psom na dvor a budem tam asi hodinu, bude to"
BqbYZxLSPiNGAJGElBH6dq0Gf422,5,1771270129567277000,1771270129559611000,77,Insert, ,78,"Dnes je vonku pekne, idem von so psom na dvor a budem tam asi hodinu, bude to "
BqbYZxLSPiNGAJGElBH6dq0Gf422,5,1771270129759408000,1771270129754116000,78,Insert,d,79,"Dnes je vonku pekne, idem von so psom na dvor a budem tam asi hodinu, bude to d"
BqbYZxLSPiNGAJGElBH6dq0Gf422,5,1771270129980938000,1771270129973659000,79,Insert,a,80,"Dnes je vonku pekne, idem von so psom na dvor a budem tam asi hodinu, bude to da"
BqbYZxLSPiNGAJGElBH6dq0Gf422,5,1771270130062177000,1771270130057821000,80,Insert,j,81,"Dnes je vonku pekne, idem von so psom na dvor a budem tam asi hodinu, bude to daj"
BqbYZxLSPiNGAJGElBH6dq0Gf422,5,1771270130412230000,1771270130407695000,81,Delete,j,80,"Dnes je vonku pekne, idem von so psom na dvor a budem tam asi hodinu, bude to da"
BqbYZxLSPiNGAJGElBH6dq0Gf422,5,1771270130544073000,1771270130540429000,80,Delete,a,79,"Dnes je vonku pekne, idem von so psom na dvor a budem tam asi hodinu, bude to d"
BqbYZxLSPiNGAJGElBH6dq0Gf422,5,1771270130689664000,1771270130686181000,79,Delete,d,78,"Dnes je vonku pekne, idem von so psom na dvor a budem tam asi hodinu, bude to "
BqbYZxLSPiNGAJGElBH6dq0Gf422,5,1771270130730554000,1771270130725899000,78,Insert,f,79,"Dnes je vonku pekne, idem von so psom na dvor a budem tam asi hodinu, bude to f"
BqbYZxLSPiNGAJGElBH6dq0Gf422,5,1771270130948706000,1771270130941534000,79,Insert,a,80,"Dnes je vonku pekne, idem von so psom na dvor a budem tam asi hodinu, bude to fa"
BqbYZxLSPiNGAJGElBH6dq0Gf422,5,1771270131103554000,1771270131099096000,80,Insert,j,81,"Dnes je vonku pekne, idem von so psom na dvor a budem tam asi hodinu, bude to faj"
BqbYZxLSPiNGAJGElBH6dq0Gf422,5,1771270131518855000,1771270131510702000,81,Insert,n,82,"Dnes je vonku pekne, idem von so psom na dvor a budem tam asi hodinu, bude to fajn"
BqbYZxLSPiNGAJGElBH6dq0Gf422,5,1771270132006473000,1771270131995265000,82,Insert,.,83,"Dnes je vonku pekne, idem von so psom na dvor a budem tam asi hodinu, bude to fajn."
BqbYZxLSPiNGAJGElBH6dq0Gf422,6,1771270133036829000,1771270133030537000,0,Insert,D,1,D
BqbYZxLSPiNGAJGElBH6dq0Gf422,6,1771270133109520000,1771270133104508000,1,Insert,n,2,Dn
BqbYZxLSPiNGAJGElBH6dq0Gf422,6,1771270133208375000,1771270133204107000,2,Insert,e,3,Dne
BqbYZxLSPiNGAJGElBH6dq0Gf422,6,1771270133374856000,1771270133370858000,3,Insert,s,4,Dnes
BqbYZxLSPiNGAJGElBH6dq0Gf422,6,1771270133493443000,1771270133488976000,4,Insert, ,5,Dnes 
BqbYZxLSPiNGAJGElBH6dq0Gf422,6,1771270133664129000,1771270133659361000,5,Insert,j,6,Dnes j
BqbYZxLSPiNGAJGElBH6dq0Gf422,6,1771270133753624000,1771270133749869000,6,Insert,e,7,Dnes je
BqbYZxLSPiNGAJGElBH6dq0Gf422,6,1771270133875534000,1771270133871196000,7,Insert, ,8,Dnes je 
BqbYZxLSPiNGAJGElBH6dq0Gf422,6,1771270133980148000,1771270133975876000,8,Insert,v,9,Dnes je v
BqbYZxLSPiNGAJGElBH6dq0Gf422,6,1771270134093582000,1771270134089463000,9,Insert,i,10,Dnes je vi
BqbYZxLSPiNGAJGElBH6dq0Gf422,6,1771270134259852000,1771270134255858000,10,Insert,n,11,Dnes je vin
BqbYZxLSPiNGAJGElBH6dq0Gf422,6,1771270134463227000,1771270134458964000,11,Insert,k,12,Dnes je vink
BqbYZxLSPiNGAJGElBH6dq0Gf422,6,1771270134780049000,1771270134777240000,12,Delete,k,11,Dnes je vin
BqbYZxLSPiNGAJGElBH6dq0Gf422,6,1771270134934440000,1771270134931705000,11,Delete,n,10,Dnes je vi
BqbYZxLSPiNGAJGElBH6dq0Gf422,6,1771270135089237000,1771270135085817000,10,Delete,i,9,Dnes je v
BqbYZxLSPiNGAJGElBH6dq0Gf422,6,1771270135462069000,1771270135454609000,9,Insert,o,10,Dnes je vo
BqbYZxLSPiNGAJGElBH6dq0Gf422,6,1771270135650800000,1771270135646743000,10,Insert,n,11,Dnes je von
BqbYZxLSPiNGAJGElBH6dq0Gf422,6,1771270135760936000,1771270135756896000,11,Insert,k,12,Dnes je vonk
BqbYZxLSPiNGAJGElBH6dq0Gf422,6,1771270135915932000,1771270135911911000,12,Insert,u,13,Dnes je vonku
BqbYZxLSPiNGAJGElBH6dq0Gf422,6,1771270136025090000,1771270136020817000,13,Insert, ,14,Dnes je vonku 
BqbYZxLSPiNGAJGElBH6dq0Gf422,6,1771270136465223000,1771270136458499000,14,Insert,p,15,Dnes je vonku p
BqbYZxLSPiNGAJGElBH6dq0Gf422,6,1771270137025988000,1771270137021362000,15,Insert,e,16,Dnes je vonku pe
BqbYZxLSPiNGAJGElBH6dq0Gf422,6,1771270137165333000,1771270137159831000,16,Insert,k,17,Dnes je vonku pek
BqbYZxLSPiNGAJGElBH6dq0Gf422,6,1771270137342425000,1771270137338387000,17,Insert,n,18,Dnes je vonku pekn
BqbYZxLSPiNGAJGElBH6dq0Gf422,6,1771270137460513000,1771270137456570000,18,Insert,e,19,Dnes je vonku pekne
BqbYZxLSPiNGAJGElBH6dq0Gf422,6,1771270138211762000,1771270138202356000,19,Insert,",",20,"Dnes je vonku pekne,"
BqbYZxLSPiNGAJGElBH6dq0Gf422,6,1771270138278387000,1771270138273891000,20,Insert, ,21,"Dnes je vonku pekne, "
BqbYZxLSPiNGAJGElBH6dq0Gf422,6,1771270138460995000,1771270138456345000,21,Insert,j,22,"Dnes je vonku pekne, j"
BqbYZxLSPiNGAJGElBH6dq0Gf422,6,1771270138552429000,1771270138546573000,22,Insert,d,23,"Dnes je vonku pekne, jd"
BqbYZxLSPiNGAJGElBH6dq0Gf422,6,1771270138709945000,1771270138705441000,23,Insert,e,24,"Dnes je vonku pekne, jde"
BqbYZxLSPiNGAJGElBH6dq0Gf422,6,1771270138782668000,1771270138778480000,24,Insert,m,25,"Dnes je vonku pekne, jdem"
BqbYZxLSPiNGAJGElBH6dq0Gf422,6,1771270139181383000,1771270139177031000,25,Delete,m,24,"Dnes je vonku pekne, jde"
BqbYZxLSPiNGAJGElBH6dq0Gf422,6,1771270139325943000,1771270139323114000,24,Delete,e,23,"Dnes je vonku pekne, jd"
BqbYZxLSPiNGAJGElBH6dq0Gf422,6,1771270139488123000,1771270139485296000,23,Delete,d,22,"Dnes je vonku pekne, j"
BqbYZxLSPiNGAJGElBH6dq0Gf422,6,1771270139650885000,1771270139647784000,22,Delete,j,21,"Dnes je vonku pekne, "
BqbYZxLSPiNGAJGElBH6dq0Gf422,6,1771270139988569000,1771270139982512000,21,Insert,i,22,"Dnes je vonku pekne, i"
BqbYZxLSPiNGAJGElBH6dq0Gf422,6,1771270140064514000,1771270140060414000,22,Insert,d,23,"Dnes je vonku pekne, id"
BqbYZxLSPiNGAJGElBH6dq0Gf422,6,1771270140243310000,1771270140238647000,23,Insert,d,24,"Dnes je vonku pekne, idd"
BqbYZxLSPiNGAJGElBH6dq0Gf422,6,1771270140346670000,1771270140341943000,24,Insert,n,25,"Dnes je vonku pekne, iddn"
BqbYZxLSPiNGAJGElBH6dq0Gf422,6,1771270140527583000,1771270140517430000,25,Insert, ,26,"Dnes je vonku pekne, iddn "
BqbYZxLSPiNGAJGElBH6dq0Gf422,6,1771270140680481000,1771270140675920000,26,Insert,v,27,"Dnes je vonku pekne, iddn v"
BqbYZxLSPiNGAJGElBH6dq0Gf422,6,1771270140779286000,1771270140775087000,27,Insert,o,28,"Dnes je vonku pekne, iddn vo"
BqbYZxLSPiNGAJGElBH6dq0Gf422,6,1771270140967642000,1771270140962968000,28,Insert,n,29,"Dnes je vonku pekne, iddn von"
BqbYZxLSPiNGAJGElBH6dq0Gf422,6,1771270141093685000,1771270141086158000,29,Insert, ,30,"Dnes je vonku pekne, iddn von "
BqbYZxLSPiNGAJGElBH6dq0Gf422,6,1771270141364158000,1771270141360075000,30,Delete, ,29,"Dnes je vonku pekne, iddn von"
BqbYZxLSPiNGAJGElBH6dq0Gf422,6,1771270141530373000,1771270141520640000,29,Delete,n,28,"Dnes je vonku pekne, iddn vo"
BqbYZxLSPiNGAJGElBH6dq0Gf422,6,1771270141671157000,1771270141667797000,28,Delete,o,27,"Dnes je vonku pekne, iddn v"
BqbYZxLSPiNGAJGElBH6dq0Gf422,6,1771270141839469000,1771270141836315000,27,Delete,v,26,"Dnes je vonku pekne, iddn "
BqbYZxLSPiNGAJGElBH6dq0Gf422,6,1771270142008451000,1771270142004780000,26,Delete, ,25,"Dnes je vonku pekne, iddn"
BqbYZxLSPiNGAJGElBH6dq0Gf422,6,1771270142173915000,1771270142169426000,25,Delete,n,24,"Dnes je vonku pekne, idd"
BqbYZxLSPiNGAJGElBH6dq0Gf422,6,1771270142568291000,1771270142563316000,24,Delete,d,23,"Dnes je vonku pekne, id"
BqbYZxLSPiNGAJGElBH6dq0Gf422,6,1771270142708810000,1771270142703857000,23,Insert,e,24,"Dnes je vonku pekne, ide"
BqbYZxLSPiNGAJGElBH6dq0Gf422,6,1771270142791331000,1771270142787004000,24,Insert,m,25,"Dnes je vonku pekne, idem"
BqbYZxLSPiNGAJGElBH6dq0Gf422,6,1771270142967592000,1771270142963220000,25,Insert, ,26,"Dnes je vonku pekne, idem "
BqbYZxLSPiNGAJGElBH6dq0Gf422,6,1771270143276766000,1771270143272441000,26,Insert,v,27,"Dnes je vonku pekne, idem v"
BqbYZxLSPiNGAJGElBH6dq0Gf422,6,1771270143338649000,1771270143331502000,27,Insert,o,28,"Dnes je vonku pekne, idem vo"
BqbYZxLSPiNGAJGElBH6dq0Gf422,6,1771270143509141000,1771270143505529000,28,Insert,n,29,"Dnes je vonku pekne, idem von"
BqbYZxLSPiNGAJGElBH6dq0Gf422,6,1771270143663563000,1771270143658348000,29,Insert, ,30,"Dnes je vonku pekne, idem von "
BqbYZxLSPiNGAJGElBH6dq0Gf422,6,1771270143923665000,1771270143915652000,30,Insert,s,31,"Dnes je vonku pekne, idem von s"
BqbYZxLSPiNGAJGElBH6dq0Gf422,6,1771270143961928000,1771270143957737000,31,Insert,o,32,"Dnes je vonku pekne, idem von so"
BqbYZxLSPiNGAJGElBH6dq0Gf422,6,1771270144161222000,1771270144155601000,32,Insert, ,33,"Dnes je vonku pekne, idem von so "
BqbYZxLSPiNGAJGElBH6dq0Gf422,6,1771270144279481000,1771270144274634000,33,Insert,p,34,"Dnes je vonku pekne, idem von so p"
BqbYZxLSPiNGAJGElBH6dq0Gf422,6,1771270144407902000,1771270144401568000,34,Insert,o,35,"Dnes je vonku pekne, idem von so po"
BqbYZxLSPiNGAJGElBH6dq0Gf422,6,1771270144495296000,1771270144489907000,35,Insert,s,36,"Dnes je vonku pekne, idem von so pos"
BqbYZxLSPiNGAJGElBH6dq0Gf422,6,1771270144554918000,1771270144550241000,36,Insert,o,37,"Dnes je vonku pekne, idem von so poso"
BqbYZxLSPiNGAJGElBH6dq0Gf422,6,1771270144726192000,1771270144720536000,37,Insert,m,38,"Dnes je vonku pekne, idem von so posom"
BqbYZxLSPiNGAJGElBH6dq0Gf422,6,1771270145053867000,1771270145049442000,38,Delete,m,37,"Dnes je vonku pekne, idem von so poso"
BqbYZxLSPiNGAJGElBH6dq0Gf422,6,1771270145200481000,1771270145196215000,37,Delete,o,36,"Dnes je vonku pekne, idem von so pos"
BqbYZxLSPiNGAJGElBH6dq0Gf422,6,1771270145341654000,1771270145338478000,36,Delete,s,35,"Dnes je vonku pekne, idem von so po"
BqbYZxLSPiNGAJGElBH6dq0Gf422,6,1771270145520741000,1771270145517900000,35,Delete,o,34,"Dnes je vonku pekne, idem von so p"
BqbYZxLSPiNGAJGElBH6dq0Gf422,6,1771270145654982000,1771270145650328000,34,Insert,s,35,"Dnes je vonku pekne, idem von so ps"
BqbYZxLSPiNGAJGElBH6dq0Gf422,6,1771270145726260000,1771270145721648000,35,Insert,o,36,"Dnes je vonku pekne, idem von so pso"
BqbYZxLSPiNGAJGElBH6dq0Gf422,6,1771270145899840000,1771270145895681000,36,Insert,m,37,"Dnes je vonku pekne, idem von so psom"
BqbYZxLSPiNGAJGElBH6dq0Gf422,6,1771270146827379000,1771270146817184000,37,Insert, ,38,"Dnes je vonku pekne, idem von so psom "
BqbYZxLSPiNGAJGElBH6dq0Gf422,6,1771270147210284000,1771270147205920000,38,Insert,n,39,"Dnes je vonku pekne, idem von so psom n"
BqbYZxLSPiNGAJGElBH6dq0Gf422,6,1771270147452238000,1771270147445596000,39,Insert,a,40,"Dnes je vonku pekne, idem von so psom na"
BqbYZxLSPiNGAJGElBH6dq0Gf422,6,1771270147598752000,1771270147592883000,40,Insert, ,41,"Dnes je vonku pekne, idem von so psom na "
BqbYZxLSPiNGAJGElBH6dq0Gf422,6,1771270147756899000,1771270147750990000,41,Insert,d,42,"Dnes je vonku pekne, idem von so psom na d"
BqbYZxLSPiNGAJGElBH6dq0Gf422,6,1771270147958456000,1771270147954271000,42,Insert,v,43,"Dnes je vonku pekne, idem von so psom na dv"
BqbYZxLSPiNGAJGElBH6dq0Gf422,6,1771270148041682000,1771270148036586000,43,Insert,o,44,"Dnes je vonku pekne, idem von so psom na dvo"
BqbYZxLSPiNGAJGElBH6dq0Gf422,6,1771270148205030000,1771270148199302000,44,Insert,r,45,"Dnes je vonku pekne, idem von so psom na dvor"
BqbYZxLSPiNGAJGElBH6dq0Gf422,6,1771270149089677000,1771270149083456000,45,Insert, ,46,"Dnes je vonku pekne, idem von so psom na dvor "
BqbYZxLSPiNGAJGElBH6dq0Gf422,6,1771270149228296000,1771270149221121000,46,Insert,a,47,"Dnes je vonku pekne, idem von so psom na dvor a"
BqbYZxLSPiNGAJGElBH6dq0Gf422,6,1771270149286378000,1771270149280882000,47,Insert, ,48,"Dnes je vonku pekne, idem von so psom na dvor a "
BqbYZxLSPiNGAJGElBH6dq0Gf422,6,1771270149447257000,1771270149442453000,48,Insert,b,49,"Dnes je vonku pekne, idem von so psom na dvor a b"
BqbYZxLSPiNGAJGElBH6dq0Gf422,6,1771270149608682000,1771270149604134000,49,Insert,u,50,"Dnes je vonku pekne, idem von so psom na dvor a bu"
BqbYZxLSPiNGAJGElBH6dq0Gf422,6,1771270149722395000,1771270149714057000,50,Insert,d,51,"Dnes je vonku pekne, idem von so psom na dvor a bud"
BqbYZxLSPiNGAJGElBH6dq0Gf422,6,1771270149857710000,1771270149853238000,51,Insert,e,52,"Dnes je vonku pekne, idem von so psom na dvor a bude"
BqbYZxLSPiNGAJGElBH6dq0Gf422,6,1771270149914715000,1771270149909142000,52,Insert,m,53,"Dnes je vonku pekne, idem von so psom na dvor a budem"
BqbYZxLSPiNGAJGElBH6dq0Gf422,6,1771270150077813000,1771270150072504000,53,Insert, ,54,"Dnes je vonku pekne, idem von so psom na dvor a budem "
BqbYZxLSPiNGAJGElBH6dq0Gf422,6,1771270150124203000,1771270150120635000,54,Insert,t,55,"Dnes je vonku pekne, idem von so psom na dvor a budem t"
BqbYZxLSPiNGAJGElBH6dq0Gf422,6,1771270150402010000,1771270150390321000,55,Insert,a,56,"Dnes je vonku pekne, idem von so psom na dvor a budem ta"
BqbYZxLSPiNGAJGElBH6dq0Gf422,6,1771270150455296000,1771270150450101000,56,Insert,m,57,"Dnes je vonku pekne, idem von so psom na dvor a budem tam"
BqbYZxLSPiNGAJGElBH6dq0Gf422,6,1771270150620916000,1771270150616078000,57,Insert, ,58,"Dnes je vonku pekne, idem von so psom na dvor a budem tam "
BqbYZxLSPiNGAJGElBH6dq0Gf422,6,1771270150738661000,1771270150733754000,58,Insert,a,59,"Dnes je vonku pekne, idem von so psom na dvor a budem tam a"
BqbYZxLSPiNGAJGElBH6dq0Gf422,6,1771270150909263000,1771270150904794000,59,Insert,s,60,"Dnes je vonku pekne, idem von so psom na dvor a budem tam as"
BqbYZxLSPiNGAJGElBH6dq0Gf422,6,1771270150989378000,1771270150985008000,60,Insert,i,61,"Dnes je vonku pekne, idem von so psom na dvor a budem tam asi"
BqbYZxLSPiNGAJGElBH6dq0Gf422,6,1771270151144873000,1771270151140239000,61,Insert, ,62,"Dnes je vonku pekne, idem von so psom na dvor a budem tam asi "
BqbYZxLSPiNGAJGElBH6dq0Gf422,6,1771270151655559000,1771270151647851000,62,Insert,h,63,"Dnes je vonku pekne, idem von so psom na dvor a budem tam asi h"
BqbYZxLSPiNGAJGElBH6dq0Gf422,6,1771270151742785000,1771270151728042000,63,Insert,o,64,"Dnes je vonku pekne, idem von so psom na dvor a budem tam asi ho"
BqbYZxLSPiNGAJGElBH6dq0Gf422,6,1771270151870170000,1771270151864877000,64,Insert,d,65,"Dnes je vonku pekne, idem von so psom na dvor a budem tam asi hod"
BqbYZxLSPiNGAJGElBH6dq0Gf422,6,1771270151924117000,1771270151919704000,65,Insert,i,66,"Dnes je vonku pekne, idem von so psom na dvor a budem tam asi hodi"
BqbYZxLSPiNGAJGElBH6dq0Gf422,6,1771270152119982000,1771270152114874000,66,Insert,n,67,"Dnes je vonku pekne, idem von so psom na dvor a budem tam asi hodin"
BqbYZxLSPiNGAJGElBH6dq0Gf422,6,1771270152261699000,1771270152256892000,67,Insert,u,68,"Dnes je vonku pekne, idem von so psom na dvor a budem tam asi hodinu"
BqbYZxLSPiNGAJGElBH6dq0Gf422,6,1771270153906937000,1771270153898954000,68,Insert,",",69,"Dnes je vonku pekne, idem von so psom na dvor a budem tam asi hodinu,"
BqbYZxLSPiNGAJGElBH6dq0Gf422,6,1771270154008263000,1771270154001442000,69,Insert, ,70,"Dnes je vonku pekne, idem von so psom na dvor a budem tam asi hodinu, "
BqbYZxLSPiNGAJGElBH6dq0Gf422,6,1771270154183014000,1771270154174968000,70,Insert,b,71,"Dnes je vonku pekne, idem von so psom na dvor a budem tam asi hodinu, b"
BqbYZxLSPiNGAJGElBH6dq0Gf422,6,1771270154327402000,1771270154318620000,71,Insert,u,72,"Dnes je vonku pekne, idem von so psom na dvor a budem tam asi hodinu, bu"
BqbYZxLSPiNGAJGElBH6dq0Gf422,6,1771270154438121000,1771270154433563000,72,Insert,d,73,"Dnes je vonku pekne, idem von so psom na dvor a budem tam asi hodinu, bud"
BqbYZxLSPiNGAJGElBH6dq0Gf422,6,1771270154590992000,1771270154582806000,73,Insert,e,74,"Dnes je vonku pekne, idem von so psom na dvor a budem tam asi hodinu, bude"
BqbYZxLSPiNGAJGElBH6dq0Gf422,6,1771270154667409000,1771270154662764000,74,Insert, ,75,"Dnes je vonku pekne, idem von so psom na dvor a budem tam asi hodinu, bude "
BqbYZxLSPiNGAJGElBH6dq0Gf422,6,1771270154818422000,1771270154812643000,75,Insert,t,76,"Dnes je vonku pekne, idem von so psom na dvor a budem tam asi hodinu, bude t"
BqbYZxLSPiNGAJGElBH6dq0Gf422,6,1771270154885743000,1771270154881428000,76,Insert,o,77,"Dnes je vonku pekne, idem von so psom na dvor a budem tam asi hodinu, bude to"
BqbYZxLSPiNGAJGElBH6dq0Gf422,6,1771270155067393000,1771270155053702000,77,Insert, ,78,"Dnes je vonku pekne, idem von so psom na dvor a budem tam asi hodinu, bude to "
BqbYZxLSPiNGAJGElBH6dq0Gf422,6,1771270155281746000,1771270155271402000,78,Insert,d,79,"Dnes je vonku pekne, idem von so psom na dvor a budem tam asi hodinu, bude to d"
BqbYZxLSPiNGAJGElBH6dq0Gf422,6,1771270155510055000,1771270155500996000,79,Insert,a,80,"Dnes je vonku pekne, idem von so psom na dvor a budem tam asi hodinu, bude to da"
BqbYZxLSPiNGAJGElBH6dq0Gf422,6,1771270155616977000,1771270155612224000,80,Insert,j,81,"Dnes je vonku pekne, idem von so psom na dvor a budem tam asi hodinu, bude to daj"
BqbYZxLSPiNGAJGElBH6dq0Gf422,6,1771270155925386000,1771270155919975000,81,Delete,j,80,"Dnes je vonku pekne, idem von so psom na dvor a budem tam asi hodinu, bude to da"
BqbYZxLSPiNGAJGElBH6dq0Gf422,6,1771270156070463000,1771270156066945000,80,Delete,a,79,"Dnes je vonku pekne, idem von so psom na dvor a budem tam asi hodinu, bude to d"
BqbYZxLSPiNGAJGElBH6dq0Gf422,6,1771270156192052000,1771270156188315000,79,Delete,d,78,"Dnes je vonku pekne, idem von so psom na dvor a budem tam asi hodinu, bude to "
BqbYZxLSPiNGAJGElBH6dq0Gf422,6,1771270156238701000,1771270156234267000,78,Insert,f,79,"Dnes je vonku pekne, idem von so psom na dvor a budem tam asi hodinu, bude to f"
BqbYZxLSPiNGAJGElBH6dq0Gf422,6,1771270156464849000,1771270156455814000,79,Insert,a,80,"Dnes je vonku pekne, idem von so psom na dvor a budem tam asi hodinu, bude to fa"
BqbYZxLSPiNGAJGElBH6dq0Gf422,6,1771270156524158000,1771270156519567000,80,Insert,j,81,"Dnes je vonku pekne, idem von so psom na dvor a budem tam asi hodinu, bude to faj"
BqbYZxLSPiNGAJGElBH6dq0Gf422,6,1771270156674518000,1771270156669311000,81,Insert,n,82,"Dnes je vonku pekne, idem von so psom na dvor a budem tam asi hodinu, bude to fajn"
BqbYZxLSPiNGAJGElBH6dq0Gf422,6,1771270159440278000,1771270159427854000,82,Insert,.,83,"Dnes je vonku pekne, idem von so psom na dvor a budem tam asi hodinu, bude to fajn."
BqbYZxLSPiNGAJGElBH6dq0Gf422,7,1771270160435252000,1771270160431099000,0,Insert,D,1,D
BqbYZxLSPiNGAJGElBH6dq0Gf422,7,1771270160507533000,1771270160503401000,1,Insert,n,2,Dn
BqbYZxLSPiNGAJGElBH6dq0Gf422,7,1771270160625678000,1771270160621557000,2,Insert,e,3,Dne
BqbYZxLSPiNGAJGElBH6dq0Gf422,7,1771270160756468000,1771270160752555000,3,Insert,s,4,Dnes
BqbYZxLSPiNGAJGElBH6dq0Gf422,7,1771270161241642000,1771270161231452000,4,Insert, ,5,Dnes 
BqbYZxLSPiNGAJGElBH6dq0Gf422,7,1771270161398035000,1771270161394018000,5,Insert,h,6,Dnes h
BqbYZxLSPiNGAJGElBH6dq0Gf422,7,1771270161467887000,1771270161463820000,6,Insert,e,7,Dnes he
BqbYZxLSPiNGAJGElBH6dq0Gf422,7,1771270161585407000,1771270161581091000,7,Insert, ,8,Dnes he 
BqbYZxLSPiNGAJGElBH6dq0Gf422,7,1771270161727648000,1771270161723022000,8,Insert,v,9,Dnes he v
BqbYZxLSPiNGAJGElBH6dq0Gf422,7,1771270161830126000,1771270161825609000,9,Insert,i,10,Dnes he vi
BqbYZxLSPiNGAJGElBH6dq0Gf422,7,1771270161978563000,1771270161974508000,10,Insert,n,11,Dnes he vin
BqbYZxLSPiNGAJGElBH6dq0Gf422,7,1771270162287688000,1771270162282770000,11,Delete,n,10,Dnes he vi
BqbYZxLSPiNGAJGElBH6dq0Gf422,7,1771270162443476000,1771270162440304000,10,Delete,i,9,Dnes he v
BqbYZxLSPiNGAJGElBH6dq0Gf422,7,1771270162602421000,1771270162599609000,9,Delete,v,8,Dnes he 
BqbYZxLSPiNGAJGElBH6dq0Gf422,7,1771270162768171000,1771270162765144000,8,Delete, ,7,Dnes he
BqbYZxLSPiNGAJGElBH6dq0Gf422,7,1771270162907220000,1771270162904027000,7,Delete,e,6,Dnes h
BqbYZxLSPiNGAJGElBH6dq0Gf422,7,1771270163084776000,1771270163081905000,6,Delete,h,5,Dnes 
BqbYZxLSPiNGAJGElBH6dq0Gf422,7,1771270163418895000,1771270163410036000,5,Insert,j,6,Dnes j
BqbYZxLSPiNGAJGElBH6dq0Gf422,7,1771270163521758000,1771270163517752000,6,Insert,r,7,Dnes jr
BqbYZxLSPiNGAJGElBH6dq0Gf422,7,1771270163617181000,1771270163612824000,7,Insert, ,8,Dnes jr 
BqbYZxLSPiNGAJGElBH6dq0Gf422,7,1771270163741641000,1771270163737462000,8,Insert,v,9,Dnes jr v
BqbYZxLSPiNGAJGElBH6dq0Gf422,7,1771270163835879000,1771270163829861000,9,Insert,i,10,Dnes jr vi
BqbYZxLSPiNGAJGElBH6dq0Gf422,7,1771270163986814000,1771270163982922000,10,Insert,n,11,Dnes jr vin
BqbYZxLSPiNGAJGElBH6dq0Gf422,7,1771270164352353000,1771270164349531000,11,Delete,n,10,Dnes jr vi
BqbYZxLSPiNGAJGElBH6dq0Gf422,7,1771270164507936000,1771270164504739000,10,Delete,i,9,Dnes jr v
BqbYZxLSPiNGAJGElBH6dq0Gf422,7,1771270164665179000,1771270164659545000,9,Delete,v,8,Dnes jr 
BqbYZxLSPiNGAJGElBH6dq0Gf422,7,1771270164806576000,1771270164803792000,8,Delete, ,7,Dnes jr
BqbYZxLSPiNGAJGElBH6dq0Gf422,7,1771270164943782000,1771270164940776000,7,Delete,r,6,Dnes j
BqbYZxLSPiNGAJGElBH6dq0Gf422,7,1771270165023598000,1771270165019547000,6,Insert,e,7,Dnes je
BqbYZxLSPiNGAJGElBH6dq0Gf422,7,1771270165189491000,1771270165183994000,7,Insert, ,8,Dnes je 
BqbYZxLSPiNGAJGElBH6dq0Gf422,7,1771270165556302000,1771270165546756000,8,Insert,v,9,Dnes je v
BqbYZxLSPiNGAJGElBH6dq0Gf422,7,1771270165587315000,1771270165584027000,9,Insert,o,10,Dnes je vo
BqbYZxLSPiNGAJGElBH6dq0Gf422,7,1771270165759547000,1771270165755553000,10,Insert,b,11,Dnes je vob
BqbYZxLSPiNGAJGElBH6dq0Gf422,7,1771270166002803000,1771270165995978000,11,Insert,k,12,Dnes je vobk
BqbYZxLSPiNGAJGElBH6dq0Gf422,7,1771270166137344000,1771270166133319000,12,Insert,u,13,Dnes je vobku
BqbYZxLSPiNGAJGElBH6dq0Gf422,7,1771270166407831000,1771270166404111000,13,Delete,u,12,Dnes je vobk
BqbYZxLSPiNGAJGElBH6dq0Gf422,7,1771270166568076000,1771270166564753000,12,Delete,k,11,Dnes je vob
BqbYZxLSPiNGAJGElBH6dq0Gf422,7,1771270166706053000,1771270166703306000,11,Delete,b,10,Dnes je vo
BqbYZxLSPiNGAJGElBH6dq0Gf422,7,1771270166817236000,1771270166813084000,10,Insert,n,11,Dnes je von
BqbYZxLSPiNGAJGElBH6dq0Gf422,7,1771270166933840000,1771270166929556000,11,Insert,j,12,Dnes je vonj
BqbYZxLSPiNGAJGElBH6dq0Gf422,7,1771270167074928000,1771270167070774000,12,Insert,u,13,Dnes je vonju
BqbYZxLSPiNGAJGElBH6dq0Gf422,7,1771270167525348000,1771270167521810000,13,Delete,u,12,Dnes je vonj
BqbYZxLSPiNGAJGElBH6dq0Gf422,7,1771270167677705000,1771270167674964000,12,Delete,j,11,Dnes je von
BqbYZxLSPiNGAJGElBH6dq0Gf422,7,1771270167865141000,1771270167859302000,11,Insert,k,12,Dnes je vonk
BqbYZxLSPiNGAJGElBH6dq0Gf422,7,1771270168024915000,1771270168018505000,12,Insert,u,13,Dnes je vonku
BqbYZxLSPiNGAJGElBH6dq0Gf422,7,1771270168457594000,1771270168453045000,13,Insert, ,14,Dnes je vonku 
BqbYZxLSPiNGAJGElBH6dq0Gf422,7,1771270168983143000,1771270168978887000,14,Insert,p,15,Dnes je vonku p
BqbYZxLSPiNGAJGElBH6dq0Gf422,7,1771270169105322000,1771270169101071000,15,Insert,e,16,Dnes je vonku pe
BqbYZxLSPiNGAJGElBH6dq0Gf422,7,1771270169196773000,1771270169192100000,16,Insert,k,17,Dnes je vonku pek
BqbYZxLSPiNGAJGElBH6dq0Gf422,7,1771270169352367000,1771270169347937000,17,Insert,n,18,Dnes je vonku pekn
BqbYZxLSPiNGAJGElBH6dq0Gf422,7,1771270169482637000,1771270169478612000,18,Insert,e,19,Dnes je vonku pekne
BqbYZxLSPiNGAJGElBH6dq0Gf422,7,1771270170588410000,1771270170583506000,19,Insert,",",20,"Dnes je vonku pekne,"
BqbYZxLSPiNGAJGElBH6dq0Gf422,7,1771270170666622000,1771270170661971000,20,Insert, ,21,"Dnes je vonku pekne, "
BqbYZxLSPiNGAJGElBH6dq0Gf422,7,1771270170854572000,1771270170850791000,21,Insert,i,22,"Dnes je vonku pekne, i"
BqbYZxLSPiNGAJGElBH6dq0Gf422,7,1771270170935183000,1771270170930581000,22,Insert,d,23,"Dnes je vonku pekne, id"
BqbYZxLSPiNGAJGElBH6dq0Gf422,7,1771270171098070000,1771270171093917000,23,Insert,e,24,"Dnes je vonku pekne, ide"
BqbYZxLSPiNGAJGElBH6dq0Gf422,7,1771270171166280000,1771270171162427000,24,Insert,m,25,"Dnes je vonku pekne, idem"
BqbYZxLSPiNGAJGElBH6dq0Gf422,7,1771270171296727000,1771270171291883000,25,Insert, ,26,"Dnes je vonku pekne, idem "
BqbYZxLSPiNGAJGElBH6dq0Gf422,7,1771270171535699000,1771270171531179000,26,Insert,v,27,"Dnes je vonku pekne, idem v"
BqbYZxLSPiNGAJGElBH6dq0Gf422,7,1771270171617859000,1771270171613619000,27,Insert,o,28,"Dnes je vonku pekne, idem vo"
BqbYZxLSPiNGAJGElBH6dq0Gf422,7,1771270171790896000,1771270171786649000,28,Insert,n,29,"Dnes je vonku pekne, idem von"
BqbYZxLSPiNGAJGElBH6dq0Gf422,7,1771270171994283000,1771270171987125000,29,Insert, ,30,"Dnes je vonku pekne, idem von "
BqbYZxLSPiNGAJGElBH6dq0Gf422,7,1771270172065577000,1771270172061805000,30,Insert,s,31,"Dnes je vonku pekne, idem von s"
BqbYZxLSPiNGAJGElBH6dq0Gf422,7,1771270172213859000,1771270172209563000,31,Insert,o,32,"Dnes je vonku pekne, idem von so"
BqbYZxLSPiNGAJGElBH6dq0Gf422,7,1771270172337927000,1771270172332977000,32,Insert, ,33,"Dnes je vonku pekne, idem von so "
BqbYZxLSPiNGAJGElBH6dq0Gf422,7,1771270172437109000,1771270172432869000,33,Insert,p,34,"Dnes je vonku pekne, idem von so p"
BqbYZxLSPiNGAJGElBH6dq0Gf422,7,1771270172556206000,1771270172551227000,34,Insert,o,35,"Dnes je vonku pekne, idem von so po"
BqbYZxLSPiNGAJGElBH6dq0Gf422,7,1771270172635099000,1771270172624874000,35,Insert,s,36,"Dnes je vonku pekne, idem von so pos"
BqbYZxLSPiNGAJGElBH6dq0Gf422,7,1771270173057599000,1771270173053205000,36,Delete,s,35,"Dnes je vonku pekne, idem von so po"
BqbYZxLSPiNGAJGElBH6dq0Gf422,7,1771270173197109000,1771270173194216000,35,Delete,o,34,"Dnes je vonku pekne, idem von so p"
BqbYZxLSPiNGAJGElBH6dq0Gf422,7,1771270173292947000,1771270173288300000,34,Insert,s,35,"Dnes je vonku pekne, idem von so ps"
BqbYZxLSPiNGAJGElBH6dq0Gf422,7,1771270173383834000,1771270173379614000,35,Insert,o,36,"Dnes je vonku pekne, idem von so pso"
BqbYZxLSPiNGAJGElBH6dq0Gf422,7,1771270173551809000,1771270173547526000,36,Insert,m,37,"Dnes je vonku pekne, idem von so psom"
BqbYZxLSPiNGAJGElBH6dq0Gf422,7,1771270174646523000,1771270174641447000,37,Insert, ,38,"Dnes je vonku pekne, idem von so psom "
BqbYZxLSPiNGAJGElBH6dq0Gf422,7,1771270174858871000,1771270174851714000,38,Insert,n,39,"Dnes je vonku pekne, idem von so psom n"
BqbYZxLSPiNGAJGElBH6dq0Gf422,7,1771270174941100000,1771270174933569000,39,Insert,a,40,"Dnes je vonku pekne, idem von so psom na"
BqbYZxLSPiNGAJGElBH6dq0Gf422,7,1771270175069716000,1771270175064550000,40,Insert, ,41,"Dnes je vonku pekne, idem von so psom na "
BqbYZxLSPiNGAJGElBH6dq0Gf422,7,1771270175177754000,1771270175172247000,41,Insert,d,42,"Dnes je vonku pekne, idem von so psom na d"
BqbYZxLSPiNGAJGElBH6dq0Gf422,7,1771270175658245000,1771270175650551000,42,Insert,v,43,"Dnes je vonku pekne, idem von so psom na dv"
BqbYZxLSPiNGAJGElBH6dq0Gf422,7,1771270175718468000,1771270175713673000,43,Insert,o,44,"Dnes je vonku pekne, idem von so psom na dvo"
BqbYZxLSPiNGAJGElBH6dq0Gf422,7,1771270175892441000,1771270175888170000,44,Insert,r,45,"Dnes je vonku pekne, idem von so psom na dvor"
BqbYZxLSPiNGAJGElBH6dq0Gf422,7,1771270176654117000,1771270176645621000,45,Insert, ,46,"Dnes je vonku pekne, idem von so psom na dvor "
BqbYZxLSPiNGAJGElBH6dq0Gf422,7,1771270176790258000,1771270176785956000,46,Insert,a,47,"Dnes je vonku pekne, idem von so psom na dvor a"
BqbYZxLSPiNGAJGElBH6dq0Gf422,7,1771270176883868000,1771270176879307000,47,Insert, ,48,"Dnes je vonku pekne, idem von so psom na dvor a "
BqbYZxLSPiNGAJGElBH6dq0Gf422,7,1771270177436899000,1771270177431878000,48,Insert,b,49,"Dnes je vonku pekne, idem von so psom na dvor a b"
BqbYZxLSPiNGAJGElBH6dq0Gf422,7,1771270177597585000,1771270177590138000,49,Insert,u,50,"Dnes je vonku pekne, idem von so psom na dvor a bu"
BqbYZxLSPiNGAJGElBH6dq0Gf422,7,1771270177693450000,1771270177688419000,50,Insert,d,51,"Dnes je vonku pekne, idem von so psom na dvor a bud"
BqbYZxLSPiNGAJGElBH6dq0Gf422,7,1771270177857953000,1771270177852981000,51,Insert,e,52,"Dnes je vonku pekne, idem von so psom na dvor a bude"
BqbYZxLSPiNGAJGElBH6dq0Gf422,7,1771270177923297000,1771270177918675000,52,Insert,m,53,"Dnes je vonku pekne, idem von so psom na dvor a budem"
BqbYZxLSPiNGAJGElBH6dq0Gf422,7,1771270178093473000,1771270178088870000,53,Insert, ,54,"Dnes je vonku pekne, idem von so psom na dvor a budem "
BqbYZxLSPiNGAJGElBH6dq0Gf422,7,1771270178219978000,1771270178215320000,54,Insert,t,55,"Dnes je vonku pekne, idem von so psom na dvor a budem t"
BqbYZxLSPiNGAJGElBH6dq0Gf422,7,1771270178521597000,1771270178514883000,55,Insert,a,56,"Dnes je vonku pekne, idem von so psom na dvor a budem ta"
BqbYZxLSPiNGAJGElBH6dq0Gf422,7,1771270178583684000,1771270178580174000,56,Insert,m,57,"Dnes je vonku pekne, idem von so psom na dvor a budem tam"
BqbYZxLSPiNGAJGElBH6dq0Gf422,7,1771270179106760000,1771270179102304000,57,Insert, ,58,"Dnes je vonku pekne, idem von so psom na dvor a budem tam "
BqbYZxLSPiNGAJGElBH6dq0Gf422,7,1771270179255115000,1771270179250621000,58,Insert,a,59,"Dnes je vonku pekne, idem von so psom na dvor a budem tam a"
BqbYZxLSPiNGAJGElBH6dq0Gf422,7,1771270179418421000,1771270179409671000,59,Insert,s,60,"Dnes je vonku pekne, idem von so psom na dvor a budem tam as"
BqbYZxLSPiNGAJGElBH6dq0Gf422,7,1771270179525050000,1771270179518953000,60,Insert,i,61,"Dnes je vonku pekne, idem von so psom na dvor a budem tam asi"
BqbYZxLSPiNGAJGElBH6dq0Gf422,7,1771270180014537000,1771270180006774000,61,Insert, ,62,"Dnes je vonku pekne, idem von so psom na dvor a budem tam asi "
BqbYZxLSPiNGAJGElBH6dq0Gf422,7,1771270182367312000,1771270182353692000,62,Insert,h,63,"Dnes je vonku pekne, idem von so psom na dvor a budem tam asi h"
BqbYZxLSPiNGAJGElBH6dq0Gf422,7,1771270182418673000,1771270182412151000,63,Insert,o,64,"Dnes je vonku pekne, idem von so psom na dvor a budem tam asi ho"
BqbYZxLSPiNGAJGElBH6dq0Gf422,7,1771270182644776000,1771270182638086000,64,Insert,d,65,"Dnes je vonku pekne, idem von so psom na dvor a budem tam asi hod"
BqbYZxLSPiNGAJGElBH6dq0Gf422,7,1771270182706706000,1771270182701954000,65,Insert,i,66,"Dnes je vonku pekne, idem von so psom na dvor a budem tam asi hodi"
BqbYZxLSPiNGAJGElBH6dq0Gf422,7,1771270183398126000,1771270183393738000,66,Insert,n,67,"Dnes je vonku pekne, idem von so psom na dvor a budem tam asi hodin"
BqbYZxLSPiNGAJGElBH6dq0Gf422,7,1771270183567644000,1771270183563214000,67,Insert,u,68,"Dnes je vonku pekne, idem von so psom na dvor a budem tam asi hodinu"
BqbYZxLSPiNGAJGElBH6dq0Gf422,7,1771270184270798000,1771270184261207000,68,Insert,",",69,"Dnes je vonku pekne, idem von so psom na dvor a budem tam asi hodinu,"
BqbYZxLSPiNGAJGElBH6dq0Gf422,7,1771270184838570000,1771270184827720000,69,Insert, ,70,"Dnes je vonku pekne, idem von so psom na dvor a budem tam asi hodinu, "
BqbYZxLSPiNGAJGElBH6dq0Gf422,7,1771270185002513000,1771270184996493000,70,Insert,b,71,"Dnes je vonku pekne, idem von so psom na dvor a budem tam asi hodinu, b"
BqbYZxLSPiNGAJGElBH6dq0Gf422,7,1771270185160988000,1771270185156632000,71,Insert,u,72,"Dnes je vonku pekne, idem von so psom na dvor a budem tam asi hodinu, bu"
BqbYZxLSPiNGAJGElBH6dq0Gf422,7,1771270185312365000,1771270185307795000,72,Insert,d,73,"Dnes je vonku pekne, idem von so psom na dvor a budem tam asi hodinu, bud"
BqbYZxLSPiNGAJGElBH6dq0Gf422,7,1771270185487247000,1771270185482059000,73,Insert,e,74,"Dnes je vonku pekne, idem von so psom na dvor a budem tam asi hodinu, bude"
BqbYZxLSPiNGAJGElBH6dq0Gf422,7,1771270185591095000,1771270185586687000,74,Insert,m,75,"Dnes je vonku pekne, idem von so psom na dvor a budem tam asi hodinu, budem"
BqbYZxLSPiNGAJGElBH6dq0Gf422,7,1771270186278342000,1771270186270079000,75,Insert, ,76,"Dnes je vonku pekne, idem von so psom na dvor a budem tam asi hodinu, budem "
BqbYZxLSPiNGAJGElBH6dq0Gf422,7,1771270186438528000,1771270186434963000,76,Insert,g,77,"Dnes je vonku pekne, idem von so psom na dvor a budem tam asi hodinu, budem g"
BqbYZxLSPiNGAJGElBH6dq0Gf422,7,1771270186522335000,1771270186517638000,77,Insert,o,78,"Dnes je vonku pekne, idem von so psom na dvor a budem tam asi hodinu, budem go"
BqbYZxLSPiNGAJGElBH6dq0Gf422,7,1771270186673233000,1771270186666310000,78,Insert, ,79,"Dnes je vonku pekne, idem von so psom na dvor a budem tam asi hodinu, budem go "
BqbYZxLSPiNGAJGElBH6dq0Gf422,7,1771270187090682000,1771270187086590000,79,Delete, ,78,"Dnes je vonku pekne, idem von so psom na dvor a budem tam asi hodinu, budem go"
BqbYZxLSPiNGAJGElBH6dq0Gf422,7,1771270187248226000,1771270187244041000,78,Delete,o,77,"Dnes je vonku pekne, idem von so psom na dvor a budem tam asi hodinu, budem g"
BqbYZxLSPiNGAJGElBH6dq0Gf422,7,1771270187387838000,1771270187383864000,77,Delete,g,76,"Dnes je vonku pekne, idem von so psom na dvor a budem tam asi hodinu, budem "
BqbYZxLSPiNGAJGElBH6dq0Gf422,7,1771270187436906000,1771270187433159000,76,Insert,t,77,"Dnes je vonku pekne, idem von so psom na dvor a budem tam asi hodinu, budem t"
BqbYZxLSPiNGAJGElBH6dq0Gf422,7,1771270187560206000,1771270187554024000,77,Insert,o,78,"Dnes je vonku pekne, idem von so psom na dvor a budem tam asi hodinu, budem to"
BqbYZxLSPiNGAJGElBH6dq0Gf422,7,1771270187720058000,1771270187711672000,78,Insert, ,79,"Dnes je vonku pekne, idem von so psom na dvor a budem tam asi hodinu, budem to "
BqbYZxLSPiNGAJGElBH6dq0Gf422,7,1771270187995469000,1771270187991224000,79,Insert,f,80,"Dnes je vonku pekne, idem von so psom na dvor a budem tam asi hodinu, budem to f"
BqbYZxLSPiNGAJGElBH6dq0Gf422,7,1771270188246942000,1771270188240289000,80,Insert,a,81,"Dnes je vonku pekne, idem von so psom na dvor a budem tam asi hodinu, budem to fa"
BqbYZxLSPiNGAJGElBH6dq0Gf422,7,1771270188312295000,1771270188306274000,81,Insert,j,82,"Dnes je vonku pekne, idem von so psom na dvor a budem tam asi hodinu, budem to faj"
BqbYZxLSPiNGAJGElBH6dq0Gf422,7,1771270188460655000,1771270188453823000,82,Insert,n,83,"Dnes je vonku pekne, idem von so psom na dvor a budem tam asi hodinu, budem to fajn"
BqbYZxLSPiNGAJGElBH6dq0Gf422,7,1771270188781114000,1771270188771977000,83,Insert,.,84,"Dnes je vonku pekne, idem von so psom na dvor a budem tam asi hodinu, budem to fajn."
BqbYZxLSPiNGAJGElBH6dq0Gf422,7,1771270191937336000,1771270191920028000,84,Delete,m,83,"Dnes je vonku pekne, idem von so psom na dvor a budem tam asi hodinu, bude to fajn."
BqbYZxLSPiNGAJGElBH6dq0Gf422,8,1771270193069401000,1771270193054215000,0,Insert,D,1,D
BqbYZxLSPiNGAJGElBH6dq0Gf422,8,1771270193153558000,1771270193149344000,1,Insert,n,2,Dn
BqbYZxLSPiNGAJGElBH6dq0Gf422,8,1771270193238254000,1771270193233853000,2,Insert,e,3,Dne
BqbYZxLSPiNGAJGElBH6dq0Gf422,8,1771270193404332000,1771270193400160000,3,Insert,s,4,Dnes
BqbYZxLSPiNGAJGElBH6dq0Gf422,8,1771270193535690000,1771270193531086000,4,Insert, ,5,Dnes 
BqbYZxLSPiNGAJGElBH6dq0Gf422,8,1771270193703701000,1771270193698313000,5,Insert,j,6,Dnes j
BqbYZxLSPiNGAJGElBH6dq0Gf422,8,1771270193774316000,1771270193770114000,6,Insert,e,7,Dnes je
BqbYZxLSPiNGAJGElBH6dq0Gf422,8,1771270193888701000,1771270193884213000,7,Insert, ,8,Dnes je 
BqbYZxLSPiNGAJGElBH6dq0Gf422,8,1771270193993940000,1771270193990062000,8,Insert,v,9,Dnes je v
BqbYZxLSPiNGAJGElBH6dq0Gf422,8,1771270194103211000,1771270194099362000,9,Insert,o,10,Dnes je vo
BqbYZxLSPiNGAJGElBH6dq0Gf422,8,1771270194252187000,1771270194248201000,10,Insert,n,11,Dnes je von
BqbYZxLSPiNGAJGElBH6dq0Gf422,8,1771270194484836000,1771270194477525000,11,Insert,k,12,Dnes je vonk
BqbYZxLSPiNGAJGElBH6dq0Gf422,8,1771270194638134000,1771270194631749000,12,Insert,u,13,Dnes je vonku
BqbYZxLSPiNGAJGElBH6dq0Gf422,8,1771270194766418000,1771270194761879000,13,Insert, ,14,Dnes je vonku 
BqbYZxLSPiNGAJGElBH6dq0Gf422,8,1771270194925397000,1771270194920766000,14,Insert,p,15,Dnes je vonku p
BqbYZxLSPiNGAJGElBH6dq0Gf422,8,1771270195037681000,1771270195030834000,15,Insert,e,16,Dnes je vonku pe
BqbYZxLSPiNGAJGElBH6dq0Gf422,8,1771270195132902000,1771270195128468000,16,Insert,k,17,Dnes je vonku pek
BqbYZxLSPiNGAJGElBH6dq0Gf422,8,1771270195304242000,1771270195298981000,17,Insert,n,18,Dnes je vonku pekn
BqbYZxLSPiNGAJGElBH6dq0Gf422,8,1771270195457485000,1771270195453138000,18,Insert,e,19,Dnes je vonku pekne
BqbYZxLSPiNGAJGElBH6dq0Gf422,8,1771270195937221000,1771270195929681000,19,Insert,",",20,"Dnes je vonku pekne,"
BqbYZxLSPiNGAJGElBH6dq0Gf422,8,1771270196144461000,1771270196138039000,20,Insert, ,21,"Dnes je vonku pekne, "
BqbYZxLSPiNGAJGElBH6dq0Gf422,8,1771270196437669000,1771270196433705000,21,Insert,i,22,"Dnes je vonku pekne, i"
BqbYZxLSPiNGAJGElBH6dq0Gf422,8,1771270196728157000,1771270196721464000,22,Insert,r,23,"Dnes je vonku pekne, ir"
BqbYZxLSPiNGAJGElBH6dq0Gf422,8,1771270197001042000,1771270196995591000,23,Delete,r,22,"Dnes je vonku pekne, i"
BqbYZxLSPiNGAJGElBH6dq0Gf422,8,1771270197100380000,1771270197089282000,22,Insert,d,23,"Dnes je vonku pekne, id"
BqbYZxLSPiNGAJGElBH6dq0Gf422,8,1771270197249529000,1771270197237537000,23,Insert,e,24,"Dnes je vonku pekne, ide"
BqbYZxLSPiNGAJGElBH6dq0Gf422,8,1771270197301900000,1771270197297793000,24,Insert,m,25,"Dnes je vonku pekne, idem"
BqbYZxLSPiNGAJGElBH6dq0Gf422,8,1771270197463631000,1771270197458894000,25,Insert, ,26,"Dnes je vonku pekne, idem "
BqbYZxLSPiNGAJGElBH6dq0Gf422,8,1771270197721789000,1771270197714584000,26,Insert,v,27,"Dnes je vonku pekne, idem v"
BqbYZxLSPiNGAJGElBH6dq0Gf422,8,1771270197788920000,1771270197784631000,27,Insert,o,28,"Dnes je vonku pekne, idem vo"
BqbYZxLSPiNGAJGElBH6dq0Gf422,8,1771270197974085000,1771270197970139000,28,Insert,n,29,"Dnes je vonku pekne, idem von"
BqbYZxLSPiNGAJGElBH6dq0Gf422,8,1771270198159003000,1771270198153686000,29,Insert, ,30,"Dnes je vonku pekne, idem von "
BqbYZxLSPiNGAJGElBH6dq0Gf422,8,1771270198447545000,1771270198443038000,30,Insert,s,31,"Dnes je vonku pekne, idem von s"
BqbYZxLSPiNGAJGElBH6dq0Gf422,8,1771270198491265000,1771270198487774000,31,Insert,o,32,"Dnes je vonku pekne, idem von so"
BqbYZxLSPiNGAJGElBH6dq0Gf422,8,1771270198738757000,1771270198731536000,32,Insert, ,33,"Dnes je vonku pekne, idem von so "
BqbYZxLSPiNGAJGElBH6dq0Gf422,8,1771270199059740000,1771270199052560000,33,Insert,p,34,"Dnes je vonku pekne, idem von so p"
BqbYZxLSPiNGAJGElBH6dq0Gf422,8,1771270199188304000,1771270199183909000,34,Insert,s,35,"Dnes je vonku pekne, idem von so ps"
BqbYZxLSPiNGAJGElBH6dq0Gf422,8,1771270199322274000,1771270199318248000,35,Insert,o,36,"Dnes je vonku pekne, idem von so pso"
BqbYZxLSPiNGAJGElBH6dq0Gf422,8,1771270199577748000,1771270199570874000,36,Insert,m,37,"Dnes je vonku pekne, idem von so psom"
BqbYZxLSPiNGAJGElBH6dq0Gf422,8,1771270200351978000,1771270200343351000,37,Insert, ,38,"Dnes je vonku pekne, idem von so psom "
BqbYZxLSPiNGAJGElBH6dq0Gf422,8,1771270200493960000,1771270200489622000,38,Insert,b,39,"Dnes je vonku pekne, idem von so psom b"
BqbYZxLSPiNGAJGElBH6dq0Gf422,8,1771270200575239000,1771270200570974000,39,Insert,a,40,"Dnes je vonku pekne, idem von so psom ba"
BqbYZxLSPiNGAJGElBH6dq0Gf422,8,1771270200675662000,1771270200671011000,40,Insert, ,41,"Dnes je vonku pekne, idem von so psom ba "
BqbYZxLSPiNGAJGElBH6dq0Gf422,8,1771270200798767000,1771270200793854000,41,Insert,d,42,"Dnes je vonku pekne, idem von so psom ba d"
BqbYZxLSPiNGAJGElBH6dq0Gf422,8,1771270201020679000,1771270201012312000,42,Insert,v,43,"Dnes je vonku pekne, idem von so psom ba dv"
BqbYZxLSPiNGAJGElBH6dq0Gf422,8,1771270201096780000,1771270201091652000,43,Insert,o,44,"Dnes je vonku pekne, idem von so psom ba dvo"
BqbYZxLSPiNGAJGElBH6dq0Gf422,8,1771270201296054000,1771270201289291000,44,Insert,r,45,"Dnes je vonku pekne, idem von so psom ba dvor"
BqbYZxLSPiNGAJGElBH6dq0Gf422,8,1771270201713319000,1771270201709831000,45,Delete,r,44,"Dnes je vonku pekne, idem von so psom ba dvo"
BqbYZxLSPiNGAJGElBH6dq0Gf422,8,1771270201880866000,1771270201877226000,44,Delete,o,43,"Dnes je vonku pekne, idem von so psom ba dv"
BqbYZxLSPiNGAJGElBH6dq0Gf422,8,1771270202009816000,1771270202006525000,43,Delete,v,42,"Dnes je vonku pekne, idem von so psom ba d"
BqbYZxLSPiNGAJGElBH6dq0Gf422,8,1771270202311224000,1771270202307933000,42,Delete,d,41,"Dnes je vonku pekne, idem von so psom ba "
BqbYZxLSPiNGAJGElBH6dq0Gf422,8,1771270202508109000,1771270202505059000,41,Delete, ,40,"Dnes je vonku pekne, idem von so psom ba"
BqbYZxLSPiNGAJGElBH6dq0Gf422,8,1771270202691344000,1771270202687819000,40,Delete,a,39,"Dnes je vonku pekne, idem von so psom b"
BqbYZxLSPiNGAJGElBH6dq0Gf422,8,1771270202829443000,1771270202826716000,39,Delete,b,38,"Dnes je vonku pekne, idem von so psom "
BqbYZxLSPiNGAJGElBH6dq0Gf422,8,1771270203803119000,1771270203787863000,38,Insert,n,39,"Dnes je vonku pekne, idem von so psom n"
BqbYZxLSPiNGAJGElBH6dq0Gf422,8,1771270203879737000,1771270203875321000,39,Insert,a,40,"Dnes je vonku pekne, idem von so psom na"
BqbYZxLSPiNGAJGElBH6dq0Gf422,8,1771270203988285000,1771270203983676000,40,Insert, ,41,"Dnes je vonku pekne, idem von so psom na "
BqbYZxLSPiNGAJGElBH6dq0Gf422,8,1771270204116166000,1771270204106460000,41,Insert,d,42,"Dnes je vonku pekne, idem von so psom na d"
BqbYZxLSPiNGAJGElBH6dq0Gf422,8,1771270204345292000,1771270204338273000,42,Insert,v,43,"Dnes je vonku pekne, idem von so psom na dv"
BqbYZxLSPiNGAJGElBH6dq0Gf422,8,1771270204427988000,1771270204423844000,43,Insert,o,44,"Dnes je vonku pekne, idem von so psom na dvo"
BqbYZxLSPiNGAJGElBH6dq0Gf422,8,1771270204566998000,1771270204563668000,44,Insert,r,45,"Dnes je vonku pekne, idem von so psom na dvor"
BqbYZxLSPiNGAJGElBH6dq0Gf422,8,1771270205336301000,1771270205327846000,45,Insert, ,46,"Dnes je vonku pekne, idem von so psom na dvor "
BqbYZxLSPiNGAJGElBH6dq0Gf422,8,1771270205466600000,1771270205461870000,46,Insert,a,47,"Dnes je vonku pekne, idem von so psom na dvor a"
BqbYZxLSPiNGAJGElBH6dq0Gf422,8,1771270205535564000,1771270205529266000,47,Insert, ,48,"Dnes je vonku pekne, idem von so psom na dvor a "
BqbYZxLSPiNGAJGElBH6dq0Gf422,8,1771270206160804000,1771270206155766000,48,Insert,b,49,"Dnes je vonku pekne, idem von so psom na dvor a b"
BqbYZxLSPiNGAJGElBH6dq0Gf422,8,1771270206319168000,1771270206313791000,49,Insert,u,50,"Dnes je vonku pekne, idem von so psom na dvor a bu"
BqbYZxLSPiNGAJGElBH6dq0Gf422,8,1771270206428843000,1771270206422448000,50,Insert,d,51,"Dnes je vonku pekne, idem von so psom na dvor a bud"
BqbYZxLSPiNGAJGElBH6dq0Gf422,8,1771270206598609000,1771270206593980000,51,Insert,e,52,"Dnes je vonku pekne, idem von so psom na dvor a bude"
BqbYZxLSPiNGAJGElBH6dq0Gf422,8,1771270206673824000,1771270206669015000,52,Insert,m,53,"Dnes je vonku pekne, idem von so psom na dvor a budem"
BqbYZxLSPiNGAJGElBH6dq0Gf422,8,1771270206872936000,1771270206862591000,53,Insert, ,54,"Dnes je vonku pekne, idem von so psom na dvor a budem "
BqbYZxLSPiNGAJGElBH6dq0Gf422,8,1771270207003846000,1771270206994989000,54,Insert,t,55,"Dnes je vonku pekne, idem von so psom na dvor a budem t"
BqbYZxLSPiNGAJGElBH6dq0Gf422,8,1771270207252837000,1771270207240568000,55,Insert,a,56,"Dnes je vonku pekne, idem von so psom na dvor a budem ta"
BqbYZxLSPiNGAJGElBH6dq0Gf422,8,1771270207306469000,1771270207302051000,56,Insert,m,57,"Dnes je vonku pekne, idem von so psom na dvor a budem tam"
BqbYZxLSPiNGAJGElBH6dq0Gf422,8,1771270207759888000,1771270207753600000,57,Insert, ,58,"Dnes je vonku pekne, idem von so psom na dvor a budem tam "
BqbYZxLSPiNGAJGElBH6dq0Gf422,8,1771270208320285000,1771270208313459000,58,Insert,f,59,"Dnes je vonku pekne, idem von so psom na dvor a budem tam f"
BqbYZxLSPiNGAJGElBH6dq0Gf422,8,1771270208793444000,1771270208790506000,59,Delete,f,58,"Dnes je vonku pekne, idem von so psom na dvor a budem tam "
BqbYZxLSPiNGAJGElBH6dq0Gf422,8,1771270209294256000,1771270209289550000,58,Insert,a,59,"Dnes je vonku pekne, idem von so psom na dvor a budem tam a"
BqbYZxLSPiNGAJGElBH6dq0Gf422,8,1771270209461147000,1771270209452054000,59,Insert,s,60,"Dnes je vonku pekne, idem von so psom na dvor a budem tam as"
BqbYZxLSPiNGAJGElBH6dq0Gf422,8,1771270209569271000,1771270209564648000,60,Insert,i,61,"Dnes je vonku pekne, idem von so psom na dvor a budem tam asi"
BqbYZxLSPiNGAJGElBH6dq0Gf422,8,1771270209734825000,1771270209729410000,61,Insert, ,62,"Dnes je vonku pekne, idem von so psom na dvor a budem tam asi "
BqbYZxLSPiNGAJGElBH6dq0Gf422,8,1771270210176803000,1771270210166485000,62,Insert,h,63,"Dnes je vonku pekne, idem von so psom na dvor a budem tam asi h"
BqbYZxLSPiNGAJGElBH6dq0Gf422,8,1771270210244570000,1771270210240272000,63,Insert,o,64,"Dnes je vonku pekne, idem von so psom na dvor a budem tam asi ho"
BqbYZxLSPiNGAJGElBH6dq0Gf422,8,1771270210400800000,1771270210396259000,64,Insert,d,65,"Dnes je vonku pekne, idem von so psom na dvor a budem tam asi hod"
BqbYZxLSPiNGAJGElBH6dq0Gf422,8,1771270210447113000,1771270210443417000,65,Insert,i,66,"Dnes je vonku pekne, idem von so psom na dvor a budem tam asi hodi"
BqbYZxLSPiNGAJGElBH6dq0Gf422,8,1771270210646060000,1771270210641393000,66,Insert,n,67,"Dnes je vonku pekne, idem von so psom na dvor a budem tam asi hodin"
BqbYZxLSPiNGAJGElBH6dq0Gf422,8,1771270210786247000,1771270210781839000,67,Insert,u,68,"Dnes je vonku pekne, idem von so psom na dvor a budem tam asi hodinu"
BqbYZxLSPiNGAJGElBH6dq0Gf422,8,1771270211936553000,1771270211928187000,68,Insert,",",69,"Dnes je vonku pekne, idem von so psom na dvor a budem tam asi hodinu,"
BqbYZxLSPiNGAJGElBH6dq0Gf422,8,1771270212031794000,1771270212026485000,69,Insert, ,70,"Dnes je vonku pekne, idem von so psom na dvor a budem tam asi hodinu, "
BqbYZxLSPiNGAJGElBH6dq0Gf422,8,1771270212213574000,1771270212209014000,70,Insert,b,71,"Dnes je vonku pekne, idem von so psom na dvor a budem tam asi hodinu, b"
BqbYZxLSPiNGAJGElBH6dq0Gf422,8,1771270212390418000,1771270212386006000,71,Insert,u,72,"Dnes je vonku pekne, idem von so psom na dvor a budem tam asi hodinu, bu"
BqbYZxLSPiNGAJGElBH6dq0Gf422,8,1771270212489585000,1771270212484860000,72,Insert,d,73,"Dnes je vonku pekne, idem von so psom na dvor a budem tam asi hodinu, bud"
BqbYZxLSPiNGAJGElBH6dq0Gf422,8,1771270212654151000,1771270212649737000,73,Insert,e,74,"Dnes je vonku pekne, idem von so psom na dvor a budem tam asi hodinu, bude"
BqbYZxLSPiNGAJGElBH6dq0Gf422,8,1771270212749367000,1771270212744682000,74,Insert, ,75,"Dnes je vonku pekne, idem von so psom na dvor a budem tam asi hodinu, bude "
BqbYZxLSPiNGAJGElBH6dq0Gf422,8,1771270212902626000,1771270212897231000,75,Insert,t,76,"Dnes je vonku pekne, idem von so psom na dvor a budem tam asi hodinu, bude t"
BqbYZxLSPiNGAJGElBH6dq0Gf422,8,1771270213027847000,1771270213023196000,76,Insert,o,77,"Dnes je vonku pekne, idem von so psom na dvor a budem tam asi hodinu, bude to"
BqbYZxLSPiNGAJGElBH6dq0Gf422,8,1771270213146419000,1771270213140874000,77,Insert, ,78,"Dnes je vonku pekne, idem von so psom na dvor a budem tam asi hodinu, bude to "
BqbYZxLSPiNGAJGElBH6dq0Gf422,8,1771270213343045000,1771270213337701000,78,Insert,f,79,"Dnes je vonku pekne, idem von so psom na dvor a budem tam asi hodinu, bude to f"
BqbYZxLSPiNGAJGElBH6dq0Gf422,8,1771270213545711000,1771270213539646000,79,Insert,a,80,"Dnes je vonku pekne, idem von so psom na dvor a budem tam asi hodinu, bude to fa"
BqbYZxLSPiNGAJGElBH6dq0Gf422,8,1771270213638397000,1771270213633198000,80,Insert,j,81,"Dnes je vonku pekne, idem von so psom na dvor a budem tam asi hodinu, bude to faj"
BqbYZxLSPiNGAJGElBH6dq0Gf422,8,1771270213789548000,1771270213784943000,81,Insert,n,82,"Dnes je vonku pekne, idem von so psom na dvor a budem tam asi hodinu, bude to fajn"
BqbYZxLSPiNGAJGElBH6dq0Gf422,8,1771270214310059000,1771270214301045000,82,Insert,.,83,"Dnes je vonku pekne, idem von so psom na dvor a budem tam asi hodinu, bude to fajn."
BqbYZxLSPiNGAJGElBH6dq0Gf422,9,1771270215443516000,1771270215439358000,0,Insert,D,1,D
BqbYZxLSPiNGAJGElBH6dq0Gf422,9,1771270215507677000,1771270215503865000,1,Insert,n,2,Dn
BqbYZxLSPiNGAJGElBH6dq0Gf422,9,1771270215618599000,1771270215614699000,2,Insert,e,3,Dne
BqbYZxLSPiNGAJGElBH6dq0Gf422,9,1771270215765046000,1771270215761012000,3,Insert,s,4,Dnes
BqbYZxLSPiNGAJGElBH6dq0Gf422,9,1771270215905850000,1771270215901611000,4,Insert, ,5,Dnes 
BqbYZxLSPiNGAJGElBH6dq0Gf422,9,1771270216071740000,1771270216067772000,5,Insert,j,6,Dnes j
BqbYZxLSPiNGAJGElBH6dq0Gf422,9,1771270216163881000,1771270216160002000,6,Insert,e,7,Dnes je
BqbYZxLSPiNGAJGElBH6dq0Gf422,9,1771270216278770000,1771270216274264000,7,Insert, ,8,Dnes je 
BqbYZxLSPiNGAJGElBH6dq0Gf422,9,1771270216392564000,1771270216388716000,8,Insert,v,9,Dnes je v
BqbYZxLSPiNGAJGElBH6dq0Gf422,9,1771270216506439000,1771270216501955000,9,Insert,o,10,Dnes je vo
BqbYZxLSPiNGAJGElBH6dq0Gf422,9,1771270216660095000,1771270216656824000,10,Insert,n,11,Dnes je von
BqbYZxLSPiNGAJGElBH6dq0Gf422,9,1771270216876804000,1771270216872465000,11,Insert,k,12,Dnes je vonk
BqbYZxLSPiNGAJGElBH6dq0Gf422,9,1771270217015892000,1771270217011830000,12,Insert,u,13,Dnes je vonku
BqbYZxLSPiNGAJGElBH6dq0Gf422,9,1771270217215866000,1771270217211415000,13,Insert, ,14,Dnes je vonku 
BqbYZxLSPiNGAJGElBH6dq0Gf422,9,1771270217405340000,1771270217401136000,14,Insert,o,15,Dnes je vonku o
BqbYZxLSPiNGAJGElBH6dq0Gf422,9,1771270217530864000,1771270217526597000,15,Insert,e,16,Dnes je vonku oe
BqbYZxLSPiNGAJGElBH6dq0Gf422,9,1771270217636017000,1771270217631808000,16,Insert,k,17,Dnes je vonku oek
BqbYZxLSPiNGAJGElBH6dq0Gf422,9,1771270217793246000,1771270217788106000,17,Insert,n,18,Dnes je vonku oekn
BqbYZxLSPiNGAJGElBH6dq0Gf422,9,1771270218064558000,1771270218060346000,18,Delete,n,17,Dnes je vonku oek
BqbYZxLSPiNGAJGElBH6dq0Gf422,9,1771270218219736000,1771270218217114000,17,Delete,k,16,Dnes je vonku oe
BqbYZxLSPiNGAJGElBH6dq0Gf422,9,1771270218387982000,1771270218384943000,16,Delete,e,15,Dnes je vonku o
BqbYZxLSPiNGAJGElBH6dq0Gf422,9,1771270218541688000,1771270218538804000,15,Delete,o,14,Dnes je vonku 
BqbYZxLSPiNGAJGElBH6dq0Gf422,9,1771270218780045000,1771270218773446000,14,Insert,p,15,Dnes je vonku p
BqbYZxLSPiNGAJGElBH6dq0Gf422,9,1771270218892891000,1771270218888873000,15,Insert,r,16,Dnes je vonku pr
BqbYZxLSPiNGAJGElBH6dq0Gf422,9,1771270218982335000,1771270218978481000,16,Insert,k,17,Dnes je vonku prk
BqbYZxLSPiNGAJGElBH6dq0Gf422,9,1771270219178881000,1771270219174904000,17,Insert,n,18,Dnes je vonku prkn
BqbYZxLSPiNGAJGElBH6dq0Gf422,9,1771270219355639000,1771270219351692000,18,Insert,e,19,Dnes je vonku prkne
BqbYZxLSPiNGAJGElBH6dq0Gf422,9,1771270219654536000,1771270219649714000,19,Delete,e,18,Dnes je vonku prkn
BqbYZxLSPiNGAJGElBH6dq0Gf422,9,1771270219806436000,1771270219803525000,18,Delete,n,17,Dnes je vonku prk
BqbYZxLSPiNGAJGElBH6dq0Gf422,9,1771270219987676000,1771270219984531000,17,Delete,k,16,Dnes je vonku pr
BqbYZxLSPiNGAJGElBH6dq0Gf422,9,1771270220173779000,1771270220171015000,16,Delete,r,15,Dnes je vonku p
BqbYZxLSPiNGAJGElBH6dq0Gf422,9,1771270220625991000,1771270220621640000,15,Insert,e,16,Dnes je vonku pe
BqbYZxLSPiNGAJGElBH6dq0Gf422,9,1771270220722068000,1771270220718109000,16,Insert,k,17,Dnes je vonku pek
BqbYZxLSPiNGAJGElBH6dq0Gf422,9,1771270220883744000,1771270220878714000,17,Insert,n,18,Dnes je vonku pekn
BqbYZxLSPiNGAJGElBH6dq0Gf422,9,1771270220978452000,1771270220974563000,18,Insert,e,19,Dnes je vonku pekne
BqbYZxLSPiNGAJGElBH6dq0Gf422,9,1771270221746430000,1771270221734946000,19,Insert,",",20,"Dnes je vonku pekne,"
BqbYZxLSPiNGAJGElBH6dq0Gf422,9,1771270221818338000,1771270221814295000,20,Insert, ,21,"Dnes je vonku pekne, "
BqbYZxLSPiNGAJGElBH6dq0Gf422,9,1771270222013301000,1771270222008776000,21,Insert,j,22,"Dnes je vonku pekne, j"
BqbYZxLSPiNGAJGElBH6dq0Gf422,9,1771270222120544000,1771270222114267000,22,Insert,d,23,"Dnes je vonku pekne, jd"
BqbYZxLSPiNGAJGElBH6dq0Gf422,9,1771270222287309000,1771270222280955000,23,Insert,e,24,"Dnes je vonku pekne, jde"
BqbYZxLSPiNGAJGElBH6dq0Gf422,9,1771270222320393000,1771270222316287000,24,Insert,m,25,"Dnes je vonku pekne, jdem"
BqbYZxLSPiNGAJGElBH6dq0Gf422,9,1771270222493724000,1771270222488861000,25,Insert, ,26,"Dnes je vonku pekne, jdem "
BqbYZxLSPiNGAJGElBH6dq0Gf422,9,1771270222868102000,1771270222865334000,26,Delete, ,25,"Dnes je vonku pekne, jdem"
BqbYZxLSPiNGAJGElBH6dq0Gf422,9,1771270223004492000,1771270223001497000,25,Delete,m,24,"Dnes je vonku pekne, jde"
BqbYZxLSPiNGAJGElBH6dq0Gf422,9,1771270223181662000,1771270223178133000,24,Delete,e,23,"Dnes je vonku pekne, jd"
BqbYZxLSPiNGAJGElBH6dq0Gf422,9,1771270223356041000,1771270223353005000,23,Delete,d,22,"Dnes je vonku pekne, j"
BqbYZxLSPiNGAJGElBH6dq0Gf422,9,1771270223510284000,1771270223506859000,22,Delete,j,21,"Dnes je vonku pekne, "
BqbYZxLSPiNGAJGElBH6dq0Gf422,9,1771270223903491000,1771270223897364000,21,Insert,i,22,"Dnes je vonku pekne, i"
BqbYZxLSPiNGAJGElBH6dq0Gf422,9,1771270224010724000,1771270224006236000,22,Insert,d,23,"Dnes je vonku pekne, id"
BqbYZxLSPiNGAJGElBH6dq0Gf422,9,1771270224186429000,1771270224182413000,23,Insert,e,24,"Dnes je vonku pekne, ide"
BqbYZxLSPiNGAJGElBH6dq0Gf422,9,1771270224248347000,1771270224244453000,24,Insert,m,25,"Dnes je vonku pekne, idem"
BqbYZxLSPiNGAJGElBH6dq0Gf422,9,1771270224435157000,1771270224430387000,25,Insert, ,26,"Dnes je vonku pekne, idem "
BqbYZxLSPiNGAJGElBH6dq0Gf422,9,1771270224668316000,1771270224662174000,26,Insert,o,27,"Dnes je vonku pekne, idem o"
BqbYZxLSPiNGAJGElBH6dq0Gf422,9,1771270224998430000,1771270224993945000,27,Delete,o,26,"Dnes je vonku pekne, idem "
BqbYZxLSPiNGAJGElBH6dq0Gf422,9,1771270225097763000,1771270225093661000,26,Insert,v,27,"Dnes je vonku pekne, idem v"
BqbYZxLSPiNGAJGElBH6dq0Gf422,9,1771270225189777000,1771270225185746000,27,Insert,o,28,"Dnes je vonku pekne, idem vo"
BqbYZxLSPiNGAJGElBH6dq0Gf422,9,1771270225360868000,1771270225356260000,28,Insert,n,29,"Dnes je vonku pekne, idem von"
BqbYZxLSPiNGAJGElBH6dq0Gf422,9,1771270225526658000,1771270225522133000,29,Insert, ,30,"Dnes je vonku pekne, idem von "
BqbYZxLSPiNGAJGElBH6dq0Gf422,9,1771270226373706000,1771270226367235000,30,Delete, ,29,"Dnes je vonku pekne, idem von"
BqbYZxLSPiNGAJGElBH6dq0Gf422,9,1771270226617498000,1771270226608349000,29,Insert, ,30,"Dnes je vonku pekne, idem von "
BqbYZxLSPiNGAJGElBH6dq0Gf422,9,1771270226700847000,1771270226696942000,30,Insert,s,31,"Dnes je vonku pekne, idem von s"
BqbYZxLSPiNGAJGElBH6dq0Gf422,9,1771270226827327000,1771270226822851000,31,Insert,o,32,"Dnes je vonku pekne, idem von so"
BqbYZxLSPiNGAJGElBH6dq0Gf422,9,1771270226985443000,1771270226980404000,32,Insert, ,33,"Dnes je vonku pekne, idem von so "
BqbYZxLSPiNGAJGElBH6dq0Gf422,9,1771270227136923000,1771270227128405000,33,Insert,p,34,"Dnes je vonku pekne, idem von so p"
BqbYZxLSPiNGAJGElBH6dq0Gf422,9,1771270227267282000,1771270227260193000,34,Insert,s,35,"Dnes je vonku pekne, idem von so ps"
BqbYZxLSPiNGAJGElBH6dq0Gf422,9,1771270227367040000,1771270227362501000,35,Insert,o,36,"Dnes je vonku pekne, idem von so pso"
BqbYZxLSPiNGAJGElBH6dq0Gf422,9,1771270227643531000,1771270227638724000,36,Insert,m,37,"Dnes je vonku pekne, idem von so psom"
BqbYZxLSPiNGAJGElBH6dq0Gf422,9,1771270228528778000,1771270228519071000,37,Insert, ,38,"Dnes je vonku pekne, idem von so psom "
BqbYZxLSPiNGAJGElBH6dq0Gf422,9,1771270228683663000,1771270228678705000,38,Insert,b,39,"Dnes je vonku pekne, idem von so psom b"
BqbYZxLSPiNGAJGElBH6dq0Gf422,9,1771270228771522000,1771270228767366000,39,Insert,a,40,"Dnes je vonku pekne, idem von so psom ba"
BqbYZxLSPiNGAJGElBH6dq0Gf422,9,1771270228893455000,1771270228889157000,40,Insert, ,41,"Dnes je vonku pekne, idem von so psom ba "
BqbYZxLSPiNGAJGElBH6dq0Gf422,9,1771270229188849000,1771270229179195000,41,Delete, ,40,"Dnes je vonku pekne, idem von so psom ba"
BqbYZxLSPiNGAJGElBH6dq0Gf422,9,1771270229345266000,1771270229341630000,40,Delete,a,39,"Dnes je vonku pekne, idem von so psom b"
BqbYZxLSPiNGAJGElBH6dq0Gf422,9,1771270229460251000,1771270229457167000,39,Delete,b,38,"Dnes je vonku pekne, idem von so psom "
BqbYZxLSPiNGAJGElBH6dq0Gf422,9,1771270229682702000,1771270229675899000,38,Insert,n,39,"Dnes je vonku pekne, idem von so psom n"
BqbYZxLSPiNGAJGElBH6dq0Gf422,9,1771270229793338000,1771270229788242000,39,Insert,a,40,"Dnes je vonku pekne, idem von so psom na"
BqbYZxLSPiNGAJGElBH6dq0Gf422,9,1771270229902595000,1771270229897721000,40,Insert, ,41,"Dnes je vonku pekne, idem von so psom na "
BqbYZxLSPiNGAJGElBH6dq0Gf422,9,1771270230007493000,1771270230003036000,41,Insert,d,42,"Dnes je vonku pekne, idem von so psom na d"
BqbYZxLSPiNGAJGElBH6dq0Gf422,9,1771270230242916000,1771270230236278000,42,Insert,v,43,"Dnes je vonku pekne, idem von so psom na dv"
BqbYZxLSPiNGAJGElBH6dq0Gf422,9,1771270230317043000,1771270230312522000,43,Insert,o,44,"Dnes je vonku pekne, idem von so psom na dvo"
BqbYZxLSPiNGAJGElBH6dq0Gf422,9,1771270230477991000,1771270230473743000,44,Insert,r,45,"Dnes je vonku pekne, idem von so psom na dvor"
BqbYZxLSPiNGAJGElBH6dq0Gf422,9,1771270232073724000,1771270232064969000,45,Insert, ,46,"Dnes je vonku pekne, idem von so psom na dvor "
BqbYZxLSPiNGAJGElBH6dq0Gf422,9,1771270232201891000,1771270232190397000,46,Insert,a,47,"Dnes je vonku pekne, idem von so psom na dvor a"
BqbYZxLSPiNGAJGElBH6dq0Gf422,9,1771270232292967000,1771270232287220000,47,Insert, ,48,"Dnes je vonku pekne, idem von so psom na dvor a "
BqbYZxLSPiNGAJGElBH6dq0Gf422,9,1771270232876780000,1771270232871192000,48,Insert,b,49,"Dnes je vonku pekne, idem von so psom na dvor a b"
BqbYZxLSPiNGAJGElBH6dq0Gf422,9,1771270233055064000,1771270233050433000,49,Insert,u,50,"Dnes je vonku pekne, idem von so psom na dvor a bu"
BqbYZxLSPiNGAJGElBH6dq0Gf422,9,1771270233296430000,1771270233289633000,50,Insert,d,51,"Dnes je vonku pekne, idem von so psom na dvor a bud"
BqbYZxLSPiNGAJGElBH6dq0Gf422,9,1771270233469713000,1771270233465145000,51,Insert,e,52,"Dnes je vonku pekne, idem von so psom na dvor a bude"
BqbYZxLSPiNGAJGElBH6dq0Gf422,9,1771270233582773000,1771270233578190000,52,Insert,n,53,"Dnes je vonku pekne, idem von so psom na dvor a buden"
BqbYZxLSPiNGAJGElBH6dq0Gf422,9,1771270233891724000,1771270233883057000,53,Insert, ,54,"Dnes je vonku pekne, idem von so psom na dvor a buden "
BqbYZxLSPiNGAJGElBH6dq0Gf422,9,1771270234147693000,1771270234141164000,54,Insert,t,55,"Dnes je vonku pekne, idem von so psom na dvor a buden t"
BqbYZxLSPiNGAJGElBH6dq0Gf422,9,1771270234405013000,1771270234396559000,55,Insert,a,56,"Dnes je vonku pekne, idem von so psom na dvor a buden ta"
BqbYZxLSPiNGAJGElBH6dq0Gf422,9,1771270234436071000,1771270234430191000,56,Insert,n,57,"Dnes je vonku pekne, idem von so psom na dvor a buden tan"
BqbYZxLSPiNGAJGElBH6dq0Gf422,9,1771270234594904000,1771270234589012000,57,Insert, ,58,"Dnes je vonku pekne, idem von so psom na dvor a buden tan "
BqbYZxLSPiNGAJGElBH6dq0Gf422,9,1771270234715973000,1771270234712658000,58,Insert,a,59,"Dnes je vonku pekne, idem von so psom na dvor a buden tan a"
BqbYZxLSPiNGAJGElBH6dq0Gf422,9,1771270234875846000,1771270234869445000,59,Insert,s,60,"Dnes je vonku pekne, idem von so psom na dvor a buden tan as"
BqbYZxLSPiNGAJGElBH6dq0Gf422,9,1771270235181044000,1771270235175827000,60,Delete,s,59,"Dnes je vonku pekne, idem von so psom na dvor a buden tan a"
BqbYZxLSPiNGAJGElBH6dq0Gf422,9,1771270235340497000,1771270235336515000,59,Delete,a,58,"Dnes je vonku pekne, idem von so psom na dvor a buden tan "
BqbYZxLSPiNGAJGElBH6dq0Gf422,9,1771270235490253000,1771270235487534000,58,Delete, ,57,"Dnes je vonku pekne, idem von so psom na dvor a buden tan"
BqbYZxLSPiNGAJGElBH6dq0Gf422,9,1771270235883394000,1771270235879462000,57,Delete,n,56,"Dnes je vonku pekne, idem von so psom na dvor a buden ta"
BqbYZxLSPiNGAJGElBH6dq0Gf422,9,1771270236081705000,1771270236077567000,56,Insert,m,57,"Dnes je vonku pekne, idem von so psom na dvor a buden tam"
BqbYZxLSPiNGAJGElBH6dq0Gf422,9,1771270236280697000,1771270236273912000,57,Insert, ,58,"Dnes je vonku pekne, idem von so psom na dvor a buden tam "
BqbYZxLSPiNGAJGElBH6dq0Gf422,9,1771270236408027000,1771270236404889000,58,Insert,a,59,"Dnes je vonku pekne, idem von so psom na dvor a buden tam a"
BqbYZxLSPiNGAJGElBH6dq0Gf422,9,1771270236576877000,1771270236572449000,59,Insert,s,60,"Dnes je vonku pekne, idem von so psom na dvor a buden tam as"
BqbYZxLSPiNGAJGElBH6dq0Gf422,9,1771270236689602000,1771270236685268000,60,Insert,i,61,"Dnes je vonku pekne, idem von so psom na dvor a buden tam asi"
BqbYZxLSPiNGAJGElBH6dq0Gf422,9,1771270236850818000,1771270236845709000,61,Insert, ,62,"Dnes je vonku pekne, idem von so psom na dvor a buden tam asi "
BqbYZxLSPiNGAJGElBH6dq0Gf422,9,1771270237328331000,1771270237323984000,62,Insert,h,63,"Dnes je vonku pekne, idem von so psom na dvor a buden tam asi h"
BqbYZxLSPiNGAJGElBH6dq0Gf422,9,1771270237394288000,1771270237389696000,63,Insert,o,64,"Dnes je vonku pekne, idem von so psom na dvor a buden tam asi ho"
BqbYZxLSPiNGAJGElBH6dq0Gf422,9,1771270237526219000,1771270237521134000,64,Insert,d,65,"Dnes je vonku pekne, idem von so psom na dvor a buden tam asi hod"
BqbYZxLSPiNGAJGElBH6dq0Gf422,9,1771270237569697000,1771270237565321000,65,Insert,i,66,"Dnes je vonku pekne, idem von so psom na dvor a buden tam asi hodi"
BqbYZxLSPiNGAJGElBH6dq0Gf422,9,1771270237756809000,1771270237754063000,66,Insert,n,67,"Dnes je vonku pekne, idem von so psom na dvor a buden tam asi hodin"
BqbYZxLSPiNGAJGElBH6dq0Gf422,9,1771270237909572000,1771270237903580000,67,Insert,u,68,"Dnes je vonku pekne, idem von so psom na dvor a buden tam asi hodinu"
BqbYZxLSPiNGAJGElBH6dq0Gf422,9,1771270239126739000,1771270239121159000,68,Insert,",",69,"Dnes je vonku pekne, idem von so psom na dvor a buden tam asi hodinu,"
BqbYZxLSPiNGAJGElBH6dq0Gf422,9,1771270239208977000,1771270239203152000,69,Insert, ,70,"Dnes je vonku pekne, idem von so psom na dvor a buden tam asi hodinu, "
BqbYZxLSPiNGAJGElBH6dq0Gf422,9,1771270239392314000,1771270239386897000,70,Insert,b,71,"Dnes je vonku pekne, idem von so psom na dvor a buden tam asi hodinu, b"
BqbYZxLSPiNGAJGElBH6dq0Gf422,9,1771270239554975000,1771270239548871000,71,Insert,u,72,"Dnes je vonku pekne, idem von so psom na dvor a buden tam asi hodinu, bu"
BqbYZxLSPiNGAJGElBH6dq0Gf422,9,1771270239647964000,1771270239643563000,72,Insert,d,73,"Dnes je vonku pekne, idem von so psom na dvor a buden tam asi hodinu, bud"
BqbYZxLSPiNGAJGElBH6dq0Gf422,9,1771270239833180000,1771270239827121000,73,Insert,r,74,"Dnes je vonku pekne, idem von so psom na dvor a buden tam asi hodinu, budr"
BqbYZxLSPiNGAJGElBH6dq0Gf422,9,1771270239898532000,1771270239894040000,74,Insert, ,75,"Dnes je vonku pekne, idem von so psom na dvor a buden tam asi hodinu, budr "
BqbYZxLSPiNGAJGElBH6dq0Gf422,9,1771270240014818000,1771270240010308000,75,Insert,t,76,"Dnes je vonku pekne, idem von so psom na dvor a buden tam asi hodinu, budr t"
BqbYZxLSPiNGAJGElBH6dq0Gf422,9,1771270240127208000,1771270240122177000,76,Insert,o,77,"Dnes je vonku pekne, idem von so psom na dvor a buden tam asi hodinu, budr to"
BqbYZxLSPiNGAJGElBH6dq0Gf422,9,1771270240254205000,1771270240246855000,77,Insert, ,78,"Dnes je vonku pekne, idem von so psom na dvor a buden tam asi hodinu, budr to "
BqbYZxLSPiNGAJGElBH6dq0Gf422,9,1771270240507216000,1771270240503154000,78,Delete, ,77,"Dnes je vonku pekne, idem von so psom na dvor a buden tam asi hodinu, budr to"
BqbYZxLSPiNGAJGElBH6dq0Gf422,9,1771270240666397000,1771270240662318000,77,Delete,o,76,"Dnes je vonku pekne, idem von so psom na dvor a buden tam asi hodinu, budr t"
BqbYZxLSPiNGAJGElBH6dq0Gf422,9,1771270240841134000,1771270240837745000,76,Delete,t,75,"Dnes je vonku pekne, idem von so psom na dvor a buden tam asi hodinu, budr "
BqbYZxLSPiNGAJGElBH6dq0Gf422,9,1771270241025935000,1771270241022902000,75,Delete, ,74,"Dnes je vonku pekne, idem von so psom na dvor a buden tam asi hodinu, budr"
BqbYZxLSPiNGAJGElBH6dq0Gf422,9,1771270241444113000,1771270241439363000,74,Delete,r,73,"Dnes je vonku pekne, idem von so psom na dvor a buden tam asi hodinu, bud"
BqbYZxLSPiNGAJGElBH6dq0Gf422,9,1771270241573325000,1771270241567022000,73,Insert,e,74,"Dnes je vonku pekne, idem von so psom na dvor a buden tam asi hodinu, bude"
BqbYZxLSPiNGAJGElBH6dq0Gf422,9,1771270241690090000,1771270241684543000,74,Insert, ,75,"Dnes je vonku pekne, idem von so psom na dvor a buden tam asi hodinu, bude "
BqbYZxLSPiNGAJGElBH6dq0Gf422,9,1771270241830144000,1771270241825804000,75,Insert,t,76,"Dnes je vonku pekne, idem von so psom na dvor a buden tam asi hodinu, bude t"
BqbYZxLSPiNGAJGElBH6dq0Gf422,9,1771270241964071000,1771270241959801000,76,Insert,o,77,"Dnes je vonku pekne, idem von so psom na dvor a buden tam asi hodinu, bude to"
BqbYZxLSPiNGAJGElBH6dq0Gf422,9,1771270242128471000,1771270242123917000,77,Insert, ,78,"Dnes je vonku pekne, idem von so psom na dvor a buden tam asi hodinu, bude to "
BqbYZxLSPiNGAJGElBH6dq0Gf422,9,1771270242366795000,1771270242359466000,78,Insert,f,79,"Dnes je vonku pekne, idem von so psom na dvor a buden tam asi hodinu, bude to f"
BqbYZxLSPiNGAJGElBH6dq0Gf422,9,1771270242586451000,1771270242579368000,79,Insert,a,80,"Dnes je vonku pekne, idem von so psom na dvor a buden tam asi hodinu, bude to fa"
BqbYZxLSPiNGAJGElBH6dq0Gf422,9,1771270242651430000,1771270242647091000,80,Insert,n,81,"Dnes je vonku pekne, idem von so psom na dvor a buden tam asi hodinu, bude to fan"
BqbYZxLSPiNGAJGElBH6dq0Gf422,9,1771270242823343000,1771270242818493000,81,Insert,n,82,"Dnes je vonku pekne, idem von so psom na dvor a buden tam asi hodinu, bude to fann"
BqbYZxLSPiNGAJGElBH6dq0Gf422,9,1771270243442883000,1771270243436140000,82,Delete,n,81,"Dnes je vonku pekne, idem von so psom na dvor a buden tam asi hodinu, bude to fan"
BqbYZxLSPiNGAJGElBH6dq0Gf422,9,1771270243561849000,1771270243554286000,81,Delete,n,80,"Dnes je vonku pekne, idem von so psom na dvor a buden tam asi hodinu, bude to fa"
BqbYZxLSPiNGAJGElBH6dq0Gf422,9,1771270243774601000,1771270243767944000,80,Insert,j,81,"Dnes je vonku pekne, idem von so psom na dvor a buden tam asi hodinu, bude to faj"
BqbYZxLSPiNGAJGElBH6dq0Gf422,9,1771270243915469000,1771270243911254000,81,Insert,n,82,"Dnes je vonku pekne, idem von so psom na dvor a buden tam asi hodinu, bude to fajn"
BqbYZxLSPiNGAJGElBH6dq0Gf422,9,1771270247219304000,1771270247197589000,82,Insert,.,83,"Dnes je vonku pekne, idem von so psom na dvor a buden tam asi hodinu, bude to fajn."
BqbYZxLSPiNGAJGElBH6dq0Gf422,9,1771270253614139000,1771270253591529000,83,Delete,n,82,"Dnes je vonku pekne, idem von so psom na dvor a bude tam asi hodinu, bude to fajn."
BqbYZxLSPiNGAJGElBH6dq0Gf422,9,1771270253843588000,1771270253834888000,82,Insert,m,83,"Dnes je vonku pekne, idem von so psom na dvor a budem tam asi hodinu, bude to fajn."
BqbYZxLSPiNGAJGElBH6dq0Gf422,10,1771270254944409000,1771270254940817000,0,Insert,D,1,D
BqbYZxLSPiNGAJGElBH6dq0Gf422,10,1771270255010395000,1771270255006542000,1,Insert,n,2,Dn
BqbYZxLSPiNGAJGElBH6dq0Gf422,10,1771270255118431000,1771270255114586000,2,Insert,e,3,Dne
BqbYZxLSPiNGAJGElBH6dq0Gf422,10,1771270255275886000,1771270255272096000,3,Insert,s,4,Dnes
BqbYZxLSPiNGAJGElBH6dq0Gf422,10,1771270255379158000,1771270255375235000,4,Insert, ,5,Dnes 
BqbYZxLSPiNGAJGElBH6dq0Gf422,10,1771270255560347000,1771270255553948000,5,Insert,j,6,Dnes j
BqbYZxLSPiNGAJGElBH6dq0Gf422,10,1771270255623708000,1771270255619853000,6,Insert,e,7,Dnes je
BqbYZxLSPiNGAJGElBH6dq0Gf422,10,1771270255771944000,1771270255767216000,7,Insert, ,8,Dnes je 
BqbYZxLSPiNGAJGElBH6dq0Gf422,10,1771270256223331000,1771270256216694000,8,Insert,v,9,Dnes je v
BqbYZxLSPiNGAJGElBH6dq0Gf422,10,1771270256295494000,1771270256291688000,9,Insert,o,10,Dnes je vo
BqbYZxLSPiNGAJGElBH6dq0Gf422,10,1771270256499916000,1771270256492946000,10,Insert,n,11,Dnes je von
BqbYZxLSPiNGAJGElBH6dq0Gf422,10,1771270256845069000,1771270256838842000,11,Insert,k,12,Dnes je vonk
BqbYZxLSPiNGAJGElBH6dq0Gf422,10,1771270257041812000,1771270257037984000,12,Insert,u,13,Dnes je vonku
BqbYZxLSPiNGAJGElBH6dq0Gf422,10,1771270257397186000,1771270257393071000,13,Insert, ,14,Dnes je vonku 
BqbYZxLSPiNGAJGElBH6dq0Gf422,10,1771270257524438000,1771270257520508000,14,Insert,p,15,Dnes je vonku p
BqbYZxLSPiNGAJGElBH6dq0Gf422,10,1771270257673671000,1771270257669833000,15,Insert,e,16,Dnes je vonku pe
BqbYZxLSPiNGAJGElBH6dq0Gf422,10,1771270257761156000,1771270257756322000,16,Insert,k,17,Dnes je vonku pek
BqbYZxLSPiNGAJGElBH6dq0Gf422,10,1771270257907975000,1771270257903923000,17,Insert,n,18,Dnes je vonku pekn
BqbYZxLSPiNGAJGElBH6dq0Gf422,10,1771270258012470000,1771270258008661000,18,Insert,e,19,Dnes je vonku pekne
BqbYZxLSPiNGAJGElBH6dq0Gf422,10,1771270259265771000,1771270259259334000,19,Insert,",",20,"Dnes je vonku pekne,"
BqbYZxLSPiNGAJGElBH6dq0Gf422,10,1771270259362689000,1771270259357372000,20,Insert, ,21,"Dnes je vonku pekne, "
BqbYZxLSPiNGAJGElBH6dq0Gf422,10,1771270259539449000,1771270259535596000,21,Insert,j,22,"Dnes je vonku pekne, j"
BqbYZxLSPiNGAJGElBH6dq0Gf422,10,1771270259644459000,1771270259639531000,22,Insert,d,23,"Dnes je vonku pekne, jd"
BqbYZxLSPiNGAJGElBH6dq0Gf422,10,1771270259821424000,1771270259817434000,23,Insert,e,24,"Dnes je vonku pekne, jde"
BqbYZxLSPiNGAJGElBH6dq0Gf422,10,1771270259922781000,1771270259918837000,24,Insert,m,25,"Dnes je vonku pekne, jdem"
BqbYZxLSPiNGAJGElBH6dq0Gf422,10,1771270260070668000,1771270260066165000,25,Insert, ,26,"Dnes je vonku pekne, jdem "
BqbYZxLSPiNGAJGElBH6dq0Gf422,10,1771270260352711000,1771270260349822000,26,Delete, ,25,"Dnes je vonku pekne, jdem"
BqbYZxLSPiNGAJGElBH6dq0Gf422,10,1771270260520489000,1771270260517830000,25,Delete,m,24,"Dnes je vonku pekne, jde"
BqbYZxLSPiNGAJGElBH6dq0Gf422,10,1771270260663109000,1771270260659029000,24,Delete,e,23,"Dnes je vonku pekne, jd"
BqbYZxLSPiNGAJGElBH6dq0Gf422,10,1771270260799816000,1771270260796811000,23,Delete,d,22,"Dnes je vonku pekne, j"
BqbYZxLSPiNGAJGElBH6dq0Gf422,10,1771270260927776000,1771270260925089000,22,Delete,j,21,"Dnes je vonku pekne, "
BqbYZxLSPiNGAJGElBH6dq0Gf422,10,1771270261291983000,1771270261285629000,21,Insert,i,22,"Dnes je vonku pekne, i"
BqbYZxLSPiNGAJGElBH6dq0Gf422,10,1771270261372237000,1771270261368322000,22,Insert,d,23,"Dnes je vonku pekne, id"
BqbYZxLSPiNGAJGElBH6dq0Gf422,10,1771270261536899000,1771270261532680000,23,Insert,e,24,"Dnes je vonku pekne, ide"
BqbYZxLSPiNGAJGElBH6dq0Gf422,10,1771270261578316000,1771270261574419000,24,Insert,m,25,"Dnes je vonku pekne, idem"
BqbYZxLSPiNGAJGElBH6dq0Gf422,10,1771270261922757000,1771270261915985000,25,Insert, ,26,"Dnes je vonku pekne, idem "
BqbYZxLSPiNGAJGElBH6dq0Gf422,10,1771270262274478000,1771270262266705000,26,Insert,v,27,"Dnes je vonku pekne, idem v"
BqbYZxLSPiNGAJGElBH6dq0Gf422,10,1771270262348085000,1771270262344151000,27,Insert,o,28,"Dnes je vonku pekne, idem vo"
BqbYZxLSPiNGAJGElBH6dq0Gf422,10,1771270262535271000,1771270262530591000,28,Insert,n,29,"Dnes je vonku pekne, idem von"
BqbYZxLSPiNGAJGElBH6dq0Gf422,10,1771270262829368000,1771270262822130000,29,Insert, ,30,"Dnes je vonku pekne, idem von "
BqbYZxLSPiNGAJGElBH6dq0Gf422,10,1771270263299693000,1771270263290666000,30,Insert,s,31,"Dnes je vonku pekne, idem von s"
BqbYZxLSPiNGAJGElBH6dq0Gf422,10,1771270263338644000,1771270263334411000,31,Insert,o,32,"Dnes je vonku pekne, idem von so"
BqbYZxLSPiNGAJGElBH6dq0Gf422,10,1771270263570197000,1771270263562329000,32,Insert, ,33,"Dnes je vonku pekne, idem von so "
BqbYZxLSPiNGAJGElBH6dq0Gf422,10,1771270263948759000,1771270263943002000,33,Insert,p,34,"Dnes je vonku pekne, idem von so p"
BqbYZxLSPiNGAJGElBH6dq0Gf422,10,1771270264083159000,1771270264078237000,34,Insert,s,35,"Dnes je vonku pekne, idem von so ps"
BqbYZxLSPiNGAJGElBH6dq0Gf422,10,1771270264158905000,1771270264154836000,35,Insert,o,36,"Dnes je vonku pekne, idem von so pso"
BqbYZxLSPiNGAJGElBH6dq0Gf422,10,1771270264466409000,1771270264459842000,36,Insert,m,37,"Dnes je vonku pekne, idem von so psom"
BqbYZxLSPiNGAJGElBH6dq0Gf422,10,1771270265281454000,1771270265271122000,37,Insert, ,38,"Dnes je vonku pekne, idem von so psom "
BqbYZxLSPiNGAJGElBH6dq0Gf422,10,1771270265433349000,1771270265427643000,38,Insert,n,39,"Dnes je vonku pekne, idem von so psom n"
BqbYZxLSPiNGAJGElBH6dq0Gf422,10,1771270265496776000,1771270265491816000,39,Insert,a,40,"Dnes je vonku pekne, idem von so psom na"
BqbYZxLSPiNGAJGElBH6dq0Gf422,10,1771270265596164000,1771270265590960000,40,Insert, ,41,"Dnes je vonku pekne, idem von so psom na "
BqbYZxLSPiNGAJGElBH6dq0Gf422,10,1771270265729883000,1771270265725228000,41,Insert,d,42,"Dnes je vonku pekne, idem von so psom na d"
BqbYZxLSPiNGAJGElBH6dq0Gf422,10,1771270266216112000,1771270266204487000,42,Insert,v,43,"Dnes je vonku pekne, idem von so psom na dv"
BqbYZxLSPiNGAJGElBH6dq0Gf422,10,1771270266271763000,1771270266266864000,43,Insert,o,44,"Dnes je vonku pekne, idem von so psom na dvo"
BqbYZxLSPiNGAJGElBH6dq0Gf422,10,1771270266437045000,1771270266431727000,44,Insert,r,45,"Dnes je vonku pekne, idem von so psom na dvor"
BqbYZxLSPiNGAJGElBH6dq0Gf422,10,1771270267533854000,1771270267521237000,45,Insert, ,46,"Dnes je vonku pekne, idem von so psom na dvor "
BqbYZxLSPiNGAJGElBH6dq0Gf422,10,1771270267612576000,1771270267606289000,46,Insert,a,47,"Dnes je vonku pekne, idem von so psom na dvor a"
BqbYZxLSPiNGAJGElBH6dq0Gf422,10,1771270267699936000,1771270267695700000,47,Insert, ,48,"Dnes je vonku pekne, idem von so psom na dvor a "
BqbYZxLSPiNGAJGElBH6dq0Gf422,10,1771270267982491000,1771270267975101000,48,Insert,b,49,"Dnes je vonku pekne, idem von so psom na dvor a b"
BqbYZxLSPiNGAJGElBH6dq0Gf422,10,1771270268156743000,1771270268150005000,49,Insert,u,50,"Dnes je vonku pekne, idem von so psom na dvor a bu"
BqbYZxLSPiNGAJGElBH6dq0Gf422,10,1771270268275505000,1771270268271120000,50,Insert,d,51,"Dnes je vonku pekne, idem von so psom na dvor a bud"
BqbYZxLSPiNGAJGElBH6dq0Gf422,10,1771270268449235000,1771270268440302000,51,Insert,r,52,"Dnes je vonku pekne, idem von so psom na dvor a budr"
BqbYZxLSPiNGAJGElBH6dq0Gf422,10,1771270268530462000,1771270268523537000,52,Insert,m,53,"Dnes je vonku pekne, idem von so psom na dvor a budrm"
BqbYZxLSPiNGAJGElBH6dq0Gf422,10,1771270268869807000,1771270268861014000,53,Insert, ,54,"Dnes je vonku pekne, idem von so psom na dvor a budrm "
BqbYZxLSPiNGAJGElBH6dq0Gf422,10,1771270269167490000,1771270269162575000,54,Delete, ,53,"Dnes je vonku pekne, idem von so psom na dvor a budrm"
BqbYZxLSPiNGAJGElBH6dq0Gf422,10,1771270269319946000,1771270269315133000,53,Delete,m,52,"Dnes je vonku pekne, idem von so psom na dvor a budr"
BqbYZxLSPiNGAJGElBH6dq0Gf422,10,1771270269506588000,1771270269501588000,52,Delete,r,51,"Dnes je vonku pekne, idem von so psom na dvor a bud"
BqbYZxLSPiNGAJGElBH6dq0Gf422,10,1771270269629283000,1771270269624632000,51,Insert,e,52,"Dnes je vonku pekne, idem von so psom na dvor a bude"
BqbYZxLSPiNGAJGElBH6dq0Gf422,10,1771270269852249000,1771270269844175000,52,Insert,m,53,"Dnes je vonku pekne, idem von so psom na dvor a budem"
BqbYZxLSPiNGAJGElBH6dq0Gf422,10,1771270270083049000,1771270270075914000,53,Insert, ,54,"Dnes je vonku pekne, idem von so psom na dvor a budem "
BqbYZxLSPiNGAJGElBH6dq0Gf422,10,1771270270218593000,1771270270210367000,54,Insert,t,55,"Dnes je vonku pekne, idem von so psom na dvor a budem t"
BqbYZxLSPiNGAJGElBH6dq0Gf422,10,1771270270488961000,1771270270481503000,55,Insert,a,56,"Dnes je vonku pekne, idem von so psom na dvor a budem ta"
BqbYZxLSPiNGAJGElBH6dq0Gf422,10,1771270270523005000,1771270270519462000,56,Insert,m,57,"Dnes je vonku pekne, idem von so psom na dvor a budem tam"
BqbYZxLSPiNGAJGElBH6dq0Gf422,10,1771270270696356000,1771270270691017000,57,Insert, ,58,"Dnes je vonku pekne, idem von so psom na dvor a budem tam "
BqbYZxLSPiNGAJGElBH6dq0Gf422,10,1771270270806285000,1771270270801337000,58,Insert,a,59,"Dnes je vonku pekne, idem von so psom na dvor a budem tam a"
BqbYZxLSPiNGAJGElBH6dq0Gf422,10,1771270270966953000,1771270270961425000,59,Insert,s,60,"Dnes je vonku pekne, idem von so psom na dvor a budem tam as"
BqbYZxLSPiNGAJGElBH6dq0Gf422,10,1771270271088495000,1771270271080914000,60,Insert,i,61,"Dnes je vonku pekne, idem von so psom na dvor a budem tam asi"
BqbYZxLSPiNGAJGElBH6dq0Gf422,10,1771270271613893000,1771270271606671000,61,Insert, ,62,"Dnes je vonku pekne, idem von so psom na dvor a budem tam asi "
BqbYZxLSPiNGAJGElBH6dq0Gf422,10,1771270272130467000,1771270272123783000,62,Insert,h,63,"Dnes je vonku pekne, idem von so psom na dvor a budem tam asi h"
BqbYZxLSPiNGAJGElBH6dq0Gf422,10,1771270272213500000,1771270272207297000,63,Insert,o,64,"Dnes je vonku pekne, idem von so psom na dvor a budem tam asi ho"
BqbYZxLSPiNGAJGElBH6dq0Gf422,10,1771270272334429000,1771270272330273000,64,Insert,d,65,"Dnes je vonku pekne, idem von so psom na dvor a budem tam asi hod"
BqbYZxLSPiNGAJGElBH6dq0Gf422,10,1771270272387434000,1771270272382551000,65,Insert,i,66,"Dnes je vonku pekne, idem von so psom na dvor a budem tam asi hodi"
BqbYZxLSPiNGAJGElBH6dq0Gf422,10,1771270272568268000,1771270272564336000,66,Insert,n,67,"Dnes je vonku pekne, idem von so psom na dvor a budem tam asi hodin"
BqbYZxLSPiNGAJGElBH6dq0Gf422,10,1771270272718219000,1771270272713609000,67,Insert,u,68,"Dnes je vonku pekne, idem von so psom na dvor a budem tam asi hodinu"
BqbYZxLSPiNGAJGElBH6dq0Gf422,10,1771270273632204000,1771270273625226000,68,Insert,",",69,"Dnes je vonku pekne, idem von so psom na dvor a budem tam asi hodinu,"
BqbYZxLSPiNGAJGElBH6dq0Gf422,10,1771270274152354000,1771270274144781000,69,Insert, ,70,"Dnes je vonku pekne, idem von so psom na dvor a budem tam asi hodinu, "
BqbYZxLSPiNGAJGElBH6dq0Gf422,10,1771270274375764000,1771270274371699000,70,Insert,b,71,"Dnes je vonku pekne, idem von so psom na dvor a budem tam asi hodinu, b"
BqbYZxLSPiNGAJGElBH6dq0Gf422,10,1771270274537142000,1771270274531709000,71,Insert,u,72,"Dnes je vonku pekne, idem von so psom na dvor a budem tam asi hodinu, bu"
BqbYZxLSPiNGAJGElBH6dq0Gf422,10,1771270274635196000,1771270274630352000,72,Insert,d,73,"Dnes je vonku pekne, idem von so psom na dvor a budem tam asi hodinu, bud"
BqbYZxLSPiNGAJGElBH6dq0Gf422,10,1771270274793108000,1771270274788377000,73,Insert,e,74,"Dnes je vonku pekne, idem von so psom na dvor a budem tam asi hodinu, bude"
BqbYZxLSPiNGAJGElBH6dq0Gf422,10,1771270274888507000,1771270274883658000,74,Insert, ,75,"Dnes je vonku pekne, idem von so psom na dvor a budem tam asi hodinu, bude "
BqbYZxLSPiNGAJGElBH6dq0Gf422,10,1771270274995452000,1771270274990740000,75,Insert,t,76,"Dnes je vonku pekne, idem von so psom na dvor a budem tam asi hodinu, bude t"
BqbYZxLSPiNGAJGElBH6dq0Gf422,10,1771270275127713000,1771270275122726000,76,Insert,o,77,"Dnes je vonku pekne, idem von so psom na dvor a budem tam asi hodinu, bude to"
BqbYZxLSPiNGAJGElBH6dq0Gf422,10,1771270275318915000,1771270275314054000,77,Insert, ,78,"Dnes je vonku pekne, idem von so psom na dvor a budem tam asi hodinu, bude to "
BqbYZxLSPiNGAJGElBH6dq0Gf422,10,1771270275558428000,1771270275551770000,78,Insert,d,79,"Dnes je vonku pekne, idem von so psom na dvor a budem tam asi hodinu, bude to d"
BqbYZxLSPiNGAJGElBH6dq0Gf422,10,1771270275980319000,1771270275967103000,79,Delete,d,78,"Dnes je vonku pekne, idem von so psom na dvor a budem tam asi hodinu, bude to "
BqbYZxLSPiNGAJGElBH6dq0Gf422,10,1771270276038904000,1771270276034257000,78,Insert,f,79,"Dnes je vonku pekne, idem von so psom na dvor a budem tam asi hodinu, bude to f"
BqbYZxLSPiNGAJGElBH6dq0Gf422,10,1771270276272927000,1771270276264052000,79,Insert,a,80,"Dnes je vonku pekne, idem von so psom na dvor a budem tam asi hodinu, bude to fa"
BqbYZxLSPiNGAJGElBH6dq0Gf422,10,1771270276324498000,1771270276319608000,80,Insert,j,81,"Dnes je vonku pekne, idem von so psom na dvor a budem tam asi hodinu, bude to faj"
BqbYZxLSPiNGAJGElBH6dq0Gf422,10,1771270276469216000,1771270276460317000,81,Insert,n,82,"Dnes je vonku pekne, idem von so psom na dvor a budem tam asi hodinu, bude to fajn"
BqbYZxLSPiNGAJGElBH6dq0Gf422,10,1771270276890771000,1771270276882173000,82,Insert,.,83,"Dnes je vonku pekne, idem von so psom na dvor a budem tam asi hodinu, bude to fajn."
BqbYZxLSPiNGAJGElBH6dq0Gf422,11,1771270278573014000,1771270278568358000,0,Insert,D,1,D
BqbYZxLSPiNGAJGElBH6dq0Gf422,11,1771270278680131000,1771270278674963000,1,Insert,n,2,Dn
BqbYZxLSPiNGAJGElBH6dq0Gf422,11,1771270278783128000,1771270278779125000,2,Insert,e,3,Dne
BqbYZxLSPiNGAJGElBH6dq0Gf422,11,1771270278932130000,1771270278928511000,3,Insert,s,4,Dnes
BqbYZxLSPiNGAJGElBH6dq0Gf422,11,1771270279467113000,1771270279462478000,4,Insert, ,5,Dnes 
BqbYZxLSPiNGAJGElBH6dq0Gf422,11,1771270279645236000,1771270279641214000,5,Insert,j,6,Dnes j
BqbYZxLSPiNGAJGElBH6dq0Gf422,11,1771270280069188000,1771270280063287000,6,Insert, ,7,Dnes j 
BqbYZxLSPiNGAJGElBH6dq0Gf422,11,1771270280410083000,1771270280405981000,7,Delete, ,6,Dnes j
BqbYZxLSPiNGAJGElBH6dq0Gf422,11,1771270280486844000,1771270280482679000,6,Insert,e,7,Dnes je
BqbYZxLSPiNGAJGElBH6dq0Gf422,11,1771270280635403000,1771270280631095000,7,Insert, ,8,Dnes je 
BqbYZxLSPiNGAJGElBH6dq0Gf422,11,1771270280798447000,1771270280795264000,8,Insert,v,9,Dnes je v
BqbYZxLSPiNGAJGElBH6dq0Gf422,11,1771270280886906000,1771270280883024000,9,Insert,o,10,Dnes je vo
BqbYZxLSPiNGAJGElBH6dq0Gf422,11,1771270281052401000,1771270281048641000,10,Insert,n,11,Dnes je von
BqbYZxLSPiNGAJGElBH6dq0Gf422,11,1771270281278671000,1771270281274901000,11,Insert,k,12,Dnes je vonk
BqbYZxLSPiNGAJGElBH6dq0Gf422,11,1771270281422519000,1771270281418533000,12,Insert,u,13,Dnes je vonku
BqbYZxLSPiNGAJGElBH6dq0Gf422,11,1771270281682170000,1771270281674574000,13,Insert, ,14,Dnes je vonku 
BqbYZxLSPiNGAJGElBH6dq0Gf422,11,1771270281861863000,1771270281857622000,14,Insert,p,15,Dnes je vonku p
BqbYZxLSPiNGAJGElBH6dq0Gf422,11,1771270282007374000,1771270282003404000,15,Insert,e,16,Dnes je vonku pe
BqbYZxLSPiNGAJGElBH6dq0Gf422,11,1771270282083765000,1771270282079714000,16,Insert,k,17,Dnes je vonku pek
BqbYZxLSPiNGAJGElBH6dq0Gf422,11,1771270282246181000,1771270282242181000,17,Insert,n,18,Dnes je vonku pekn
BqbYZxLSPiNGAJGElBH6dq0Gf422,11,1771270282356776000,1771270282352829000,18,Insert,e,19,Dnes je vonku pekne
BqbYZxLSPiNGAJGElBH6dq0Gf422,11,1771270282923476000,1771270282914212000,19,Insert,",",20,"Dnes je vonku pekne,"
BqbYZxLSPiNGAJGElBH6dq0Gf422,11,1771270283141364000,1771270283133807000,20,Insert, ,21,"Dnes je vonku pekne, "
BqbYZxLSPiNGAJGElBH6dq0Gf422,11,1771270283426847000,1771270283422786000,21,Insert,i,22,"Dnes je vonku pekne, i"
BqbYZxLSPiNGAJGElBH6dq0Gf422,11,1771270283539314000,1771270283535221000,22,Insert,d,23,"Dnes je vonku pekne, id"
BqbYZxLSPiNGAJGElBH6dq0Gf422,11,1771270283711405000,1771270283706905000,23,Insert,r,24,"Dnes je vonku pekne, idr"
BqbYZxLSPiNGAJGElBH6dq0Gf422,11,1771270283797292000,1771270283793001000,24,Insert,n,25,"Dnes je vonku pekne, idrn"
BqbYZxLSPiNGAJGElBH6dq0Gf422,11,1771270284381049000,1771270284378169000,25,Delete,n,24,"Dnes je vonku pekne, idr"
BqbYZxLSPiNGAJGElBH6dq0Gf422,11,1771270284558660000,1771270284555112000,24,Delete,r,23,"Dnes je vonku pekne, id"
BqbYZxLSPiNGAJGElBH6dq0Gf422,11,1771270284744278000,1771270284739482000,23,Insert,r,24,"Dnes je vonku pekne, idr"
BqbYZxLSPiNGAJGElBH6dq0Gf422,11,1771270284904074000,1771270284898086000,24,Insert,m,25,"Dnes je vonku pekne, idrm"
BqbYZxLSPiNGAJGElBH6dq0Gf422,11,1771270285075938000,1771270285071525000,25,Insert, ,26,"Dnes je vonku pekne, idrm "
BqbYZxLSPiNGAJGElBH6dq0Gf422,11,1771270285230552000,1771270285226188000,26,Insert,n,27,"Dnes je vonku pekne, idrm n"
BqbYZxLSPiNGAJGElBH6dq0Gf422,11,1771270285322475000,1771270285318274000,27,Insert,a,28,"Dnes je vonku pekne, idrm na"
BqbYZxLSPiNGAJGElBH6dq0Gf422,11,1771270285468274000,1771270285463990000,28,Insert, ,29,"Dnes je vonku pekne, idrm na "
BqbYZxLSPiNGAJGElBH6dq0Gf422,11,1771270286400572000,1771270286396393000,29,Delete, ,28,"Dnes je vonku pekne, idrm na"
BqbYZxLSPiNGAJGElBH6dq0Gf422,11,1771270286571356000,1771270286567977000,28,Delete,a,27,"Dnes je vonku pekne, idrm n"
BqbYZxLSPiNGAJGElBH6dq0Gf422,11,1771270286720425000,1771270286717703000,27,Delete,n,26,"Dnes je vonku pekne, idrm "
BqbYZxLSPiNGAJGElBH6dq0Gf422,11,1771270286868384000,1771270286865742000,26,Delete, ,25,"Dnes je vonku pekne, idrm"
BqbYZxLSPiNGAJGElBH6dq0Gf422,11,1771270286990093000,1771270286987070000,25,Delete,m,24,"Dnes je vonku pekne, idr"
BqbYZxLSPiNGAJGElBH6dq0Gf422,11,1771270287142161000,1771270287134640000,24,Delete,r,23,"Dnes je vonku pekne, id"
BqbYZxLSPiNGAJGElBH6dq0Gf422,11,1771270287423552000,1771270287416356000,23,Insert,e,24,"Dnes je vonku pekne, ide"
BqbYZxLSPiNGAJGElBH6dq0Gf422,11,1771270287531471000,1771270287527498000,24,Insert,m,25,"Dnes je vonku pekne, idem"
BqbYZxLSPiNGAJGElBH6dq0Gf422,11,1771270287693004000,1771270287688395000,25,Insert, ,26,"Dnes je vonku pekne, idem "
BqbYZxLSPiNGAJGElBH6dq0Gf422,11,1771270287998616000,1771270287991416000,26,Insert,v,27,"Dnes je vonku pekne, idem v"
BqbYZxLSPiNGAJGElBH6dq0Gf422,11,1771270288036906000,1771270288033495000,27,Insert,o,28,"Dnes je vonku pekne, idem vo"
BqbYZxLSPiNGAJGElBH6dq0Gf422,11,1771270288204193000,1771270288199420000,28,Insert,n,29,"Dnes je vonku pekne, idem von"
BqbYZxLSPiNGAJGElBH6dq0Gf422,11,1771270288943980000,1771270288933591000,29,Insert, ,30,"Dnes je vonku pekne, idem von "
BqbYZxLSPiNGAJGElBH6dq0Gf422,11,1771270288964416000,1771270288961447000,30,Insert,a,31,"Dnes je vonku pekne, idem von a"
BqbYZxLSPiNGAJGElBH6dq0Gf422,11,1771270289293362000,1771270289288391000,31,Insert,l,32,"Dnes je vonku pekne, idem von al"
BqbYZxLSPiNGAJGElBH6dq0Gf422,11,1771270289443277000,1771270289438724000,32,Insert,s,33,"Dnes je vonku pekne, idem von als"
BqbYZxLSPiNGAJGElBH6dq0Gf422,11,1771270289540543000,1771270289535965000,33,Insert,o,34,"Dnes je vonku pekne, idem von also"
BqbYZxLSPiNGAJGElBH6dq0Gf422,11,1771270289793479000,1771270289789276000,34,Delete,o,33,"Dnes je vonku pekne, idem von als"
BqbYZxLSPiNGAJGElBH6dq0Gf422,11,1771270289930898000,1771270289927779000,33,Delete,s,32,"Dnes je vonku pekne, idem von al"
BqbYZxLSPiNGAJGElBH6dq0Gf422,11,1771270290071712000,1771270290068936000,32,Delete,l,31,"Dnes je vonku pekne, idem von a"
BqbYZxLSPiNGAJGElBH6dq0Gf422,11,1771270290213743000,1771270290210765000,31,Delete,a,30,"Dnes je vonku pekne, idem von "
BqbYZxLSPiNGAJGElBH6dq0Gf422,11,1771270290312942000,1771270290308766000,30,Insert,s,31,"Dnes je vonku pekne, idem von s"
BqbYZxLSPiNGAJGElBH6dq0Gf422,11,1771270290442969000,1771270290439029000,31,Insert,o,32,"Dnes je vonku pekne, idem von so"
BqbYZxLSPiNGAJGElBH6dq0Gf422,11,1771270290603551000,1771270290596946000,32,Insert, ,33,"Dnes je vonku pekne, idem von so "
BqbYZxLSPiNGAJGElBH6dq0Gf422,11,1771270290879228000,1771270290872711000,33,Insert,p,34,"Dnes je vonku pekne, idem von so p"
BqbYZxLSPiNGAJGElBH6dq0Gf422,11,1771270290984487000,1771270290980126000,34,Insert,s,35,"Dnes je vonku pekne, idem von so ps"
BqbYZxLSPiNGAJGElBH6dq0Gf422,11,1771270291089335000,1771270291085169000,35,Insert,o,36,"Dnes je vonku pekne, idem von so pso"
BqbYZxLSPiNGAJGElBH6dq0Gf422,11,1771270291339526000,1771270291333722000,36,Insert,m,37,"Dnes je vonku pekne, idem von so psom"
BqbYZxLSPiNGAJGElBH6dq0Gf422,11,1771270292247601000,1771270292237172000,37,Insert, ,38,"Dnes je vonku pekne, idem von so psom "
BqbYZxLSPiNGAJGElBH6dq0Gf422,11,1771270292409317000,1771270292404325000,38,Insert,n,39,"Dnes je vonku pekne, idem von so psom n"
BqbYZxLSPiNGAJGElBH6dq0Gf422,11,1771270292495884000,1771270292491414000,39,Insert,a,40,"Dnes je vonku pekne, idem von so psom na"
BqbYZxLSPiNGAJGElBH6dq0Gf422,11,1771270292599857000,1771270292595405000,40,Insert, ,41,"Dnes je vonku pekne, idem von so psom na "
BqbYZxLSPiNGAJGElBH6dq0Gf422,11,1771270292744402000,1771270292734396000,41,Insert,d,42,"Dnes je vonku pekne, idem von so psom na d"
BqbYZxLSPiNGAJGElBH6dq0Gf422,11,1771270292938262000,1771270292933916000,42,Insert,v,43,"Dnes je vonku pekne, idem von so psom na dv"
BqbYZxLSPiNGAJGElBH6dq0Gf422,11,1771270292992548000,1771270292986019000,43,Insert,o,44,"Dnes je vonku pekne, idem von so psom na dvo"
BqbYZxLSPiNGAJGElBH6dq0Gf422,11,1771270293144401000,1771270293139071000,44,Insert,r,45,"Dnes je vonku pekne, idem von so psom na dvor"
BqbYZxLSPiNGAJGElBH6dq0Gf422,11,1771270294359003000,1771270294350846000,45,Insert, ,46,"Dnes je vonku pekne, idem von so psom na dvor "
BqbYZxLSPiNGAJGElBH6dq0Gf422,11,1771270294510003000,1771270294505758000,46,Insert,a,47,"Dnes je vonku pekne, idem von so psom na dvor a"
BqbYZxLSPiNGAJGElBH6dq0Gf422,11,1771270294583242000,1771270294579027000,47,Insert, ,48,"Dnes je vonku pekne, idem von so psom na dvor a "
BqbYZxLSPiNGAJGElBH6dq0Gf422,11,1771270295402331000,1771270295394573000,48,Insert,b,49,"Dnes je vonku pekne, idem von so psom na dvor a b"
BqbYZxLSPiNGAJGElBH6dq0Gf422,11,1771270295581600000,1771270295573060000,49,Insert,u,50,"Dnes je vonku pekne, idem von so psom na dvor a bu"
BqbYZxLSPiNGAJGElBH6dq0Gf422,11,1771270295683138000,1771270295678182000,50,Insert,d,51,"Dnes je vonku pekne, idem von so psom na dvor a bud"
BqbYZxLSPiNGAJGElBH6dq0Gf422,11,1771270295857650000,1771270295852849000,51,Insert,e,52,"Dnes je vonku pekne, idem von so psom na dvor a bude"
BqbYZxLSPiNGAJGElBH6dq0Gf422,11,1771270295887586000,1771270295883289000,52,Insert,m,53,"Dnes je vonku pekne, idem von so psom na dvor a budem"
BqbYZxLSPiNGAJGElBH6dq0Gf422,11,1771270296061499000,1771270296056933000,53,Insert, ,54,"Dnes je vonku pekne, idem von so psom na dvor a budem "
BqbYZxLSPiNGAJGElBH6dq0Gf422,11,1771270296189324000,1771270296183282000,54,Insert,t,55,"Dnes je vonku pekne, idem von so psom na dvor a budem t"
BqbYZxLSPiNGAJGElBH6dq0Gf422,11,1771270296452108000,1771270296444950000,55,Insert,a,56,"Dnes je vonku pekne, idem von so psom na dvor a budem ta"
BqbYZxLSPiNGAJGElBH6dq0Gf422,11,1771270296527050000,1771270296522405000,56,Insert,m,57,"Dnes je vonku pekne, idem von so psom na dvor a budem tam"
BqbYZxLSPiNGAJGElBH6dq0Gf422,11,1771270296873228000,1771270296866125000,57,Insert, ,58,"Dnes je vonku pekne, idem von so psom na dvor a budem tam "
BqbYZxLSPiNGAJGElBH6dq0Gf422,11,1771270297266018000,1771270297259605000,58,Insert,a,59,"Dnes je vonku pekne, idem von so psom na dvor a budem tam a"
BqbYZxLSPiNGAJGElBH6dq0Gf422,11,1771270297439727000,1771270297434040000,59,Insert,s,60,"Dnes je vonku pekne, idem von so psom na dvor a budem tam as"
BqbYZxLSPiNGAJGElBH6dq0Gf422,11,1771270297561372000,1771270297554025000,60,Insert,i,61,"Dnes je vonku pekne, idem von so psom na dvor a budem tam asi"
BqbYZxLSPiNGAJGElBH6dq0Gf422,11,1771270297740797000,1771270297728911000,61,Insert, ,62,"Dnes je vonku pekne, idem von so psom na dvor a budem tam asi "
BqbYZxLSPiNGAJGElBH6dq0Gf422,11,1771270298197864000,1771270298191554000,62,Insert,h,63,"Dnes je vonku pekne, idem von so psom na dvor a budem tam asi h"
BqbYZxLSPiNGAJGElBH6dq0Gf422,11,1771270298287769000,1771270298279023000,63,Insert,o,64,"Dnes je vonku pekne, idem von so psom na dvor a budem tam asi ho"
BqbYZxLSPiNGAJGElBH6dq0Gf422,11,1771270298439915000,1771270298429263000,64,Insert,d,65,"Dnes je vonku pekne, idem von so psom na dvor a budem tam asi hod"
BqbYZxLSPiNGAJGElBH6dq0Gf422,11,1771270298475768000,1771270298469878000,65,Insert,i,66,"Dnes je vonku pekne, idem von so psom na dvor a budem tam asi hodi"
BqbYZxLSPiNGAJGElBH6dq0Gf422,11,1771270298660313000,1771270298653383000,66,Insert,n,67,"Dnes je vonku pekne, idem von so psom na dvor a budem tam asi hodin"
BqbYZxLSPiNGAJGElBH6dq0Gf422,11,1771270298807832000,1771270298802126000,67,Insert,u,68,"Dnes je vonku pekne, idem von so psom na dvor a budem tam asi hodinu"
BqbYZxLSPiNGAJGElBH6dq0Gf422,11,1771270299741679000,1771270299732496000,68,Insert,",",69,"Dnes je vonku pekne, idem von so psom na dvor a budem tam asi hodinu,"
BqbYZxLSPiNGAJGElBH6dq0Gf422,11,1771270299853605000,1771270299847439000,69,Insert, ,70,"Dnes je vonku pekne, idem von so psom na dvor a budem tam asi hodinu, "
BqbYZxLSPiNGAJGElBH6dq0Gf422,11,1771270300047811000,1771270300040522000,70,Insert,b,71,"Dnes je vonku pekne, idem von so psom na dvor a budem tam asi hodinu, b"
BqbYZxLSPiNGAJGElBH6dq0Gf422,11,1771270300213541000,1771270300208724000,71,Insert,u,72,"Dnes je vonku pekne, idem von so psom na dvor a budem tam asi hodinu, bu"
BqbYZxLSPiNGAJGElBH6dq0Gf422,11,1771270300297728000,1771270300294567000,72,Insert,d,73,"Dnes je vonku pekne, idem von so psom na dvor a budem tam asi hodinu, bud"
BqbYZxLSPiNGAJGElBH6dq0Gf422,11,1771270300457707000,1771270300452523000,73,Insert,r,74,"Dnes je vonku pekne, idem von so psom na dvor a budem tam asi hodinu, budr"
BqbYZxLSPiNGAJGElBH6dq0Gf422,11,1771270300544915000,1771270300539024000,74,Insert, ,75,"Dnes je vonku pekne, idem von so psom na dvor a budem tam asi hodinu, budr "
BqbYZxLSPiNGAJGElBH6dq0Gf422,11,1771270300696632000,1771270300687318000,75,Insert,t,76,"Dnes je vonku pekne, idem von so psom na dvor a budem tam asi hodinu, budr t"
BqbYZxLSPiNGAJGElBH6dq0Gf422,11,1771270300795617000,1771270300790412000,76,Insert,o,77,"Dnes je vonku pekne, idem von so psom na dvor a budem tam asi hodinu, budr to"
BqbYZxLSPiNGAJGElBH6dq0Gf422,11,1771270300936110000,1771270300929227000,77,Insert, ,78,"Dnes je vonku pekne, idem von so psom na dvor a budem tam asi hodinu, budr to "
BqbYZxLSPiNGAJGElBH6dq0Gf422,11,1771270301148503000,1771270301144695000,78,Delete, ,77,"Dnes je vonku pekne, idem von so psom na dvor a budem tam asi hodinu, budr to"
BqbYZxLSPiNGAJGElBH6dq0Gf422,11,1771270301282399000,1771270301277366000,77,Delete,o,76,"Dnes je vonku pekne, idem von so psom na dvor a budem tam asi hodinu, budr t"
BqbYZxLSPiNGAJGElBH6dq0Gf422,11,1771270301446458000,1771270301441737000,76,Delete,t,75,"Dnes je vonku pekne, idem von so psom na dvor a budem tam asi hodinu, budr "
BqbYZxLSPiNGAJGElBH6dq0Gf422,11,1771270301629843000,1771270301626961000,75,Delete, ,74,"Dnes je vonku pekne, idem von so psom na dvor a budem tam asi hodinu, budr"
BqbYZxLSPiNGAJGElBH6dq0Gf422,11,1771270301720292000,1771270301715763000,74,Insert,e,75,"Dnes je vonku pekne, idem von so psom na dvor a budem tam asi hodinu, budre"
BqbYZxLSPiNGAJGElBH6dq0Gf422,11,1771270301877892000,1771270301871175000,75,Insert, ,76,"Dnes je vonku pekne, idem von so psom na dvor a budem tam asi hodinu, budre "
BqbYZxLSPiNGAJGElBH6dq0Gf422,11,1771270302379201000,1771270302372899000,76,Insert,t,77,"Dnes je vonku pekne, idem von so psom na dvor a budem tam asi hodinu, budre t"
BqbYZxLSPiNGAJGElBH6dq0Gf422,11,1771270302461270000,1771270302455463000,77,Insert,o,78,"Dnes je vonku pekne, idem von so psom na dvor a budem tam asi hodinu, budre to"
BqbYZxLSPiNGAJGElBH6dq0Gf422,11,1771270302739978000,1771270302736391000,78,Delete,o,77,"Dnes je vonku pekne, idem von so psom na dvor a budem tam asi hodinu, budre t"
BqbYZxLSPiNGAJGElBH6dq0Gf422,11,1771270303097264000,1771270303093126000,77,Delete,t,76,"Dnes je vonku pekne, idem von so psom na dvor a budem tam asi hodinu, budre "
BqbYZxLSPiNGAJGElBH6dq0Gf422,11,1771270303251064000,1771270303247380000,76,Delete, ,75,"Dnes je vonku pekne, idem von so psom na dvor a budem tam asi hodinu, budre"
BqbYZxLSPiNGAJGElBH6dq0Gf422,11,1771270303446319000,1771270303443178000,75,Delete,e,74,"Dnes je vonku pekne, idem von so psom na dvor a budem tam asi hodinu, budr"
BqbYZxLSPiNGAJGElBH6dq0Gf422,11,1771270303821983000,1771270303817387000,74,Delete,r,73,"Dnes je vonku pekne, idem von so psom na dvor a budem tam asi hodinu, bud"
BqbYZxLSPiNGAJGElBH6dq0Gf422,11,1771270303942993000,1771270303937900000,73,Insert,e,74,"Dnes je vonku pekne, idem von so psom na dvor a budem tam asi hodinu, bude"
BqbYZxLSPiNGAJGElBH6dq0Gf422,11,1771270304634616000,1771270304623846000,74,Insert, ,75,"Dnes je vonku pekne, idem von so psom na dvor a budem tam asi hodinu, bude "
BqbYZxLSPiNGAJGElBH6dq0Gf422,11,1771270304899883000,1771270304893507000,75,Insert,z,76,"Dnes je vonku pekne, idem von so psom na dvor a budem tam asi hodinu, bude z"
BqbYZxLSPiNGAJGElBH6dq0Gf422,11,1771270305275777000,1771270305269772000,76,Insert,o,77,"Dnes je vonku pekne, idem von so psom na dvor a budem tam asi hodinu, bude zo"
BqbYZxLSPiNGAJGElBH6dq0Gf422,11,1771270305531200000,1771270305523267000,77,Insert, ,78,"Dnes je vonku pekne, idem von so psom na dvor a budem tam asi hodinu, bude zo "
BqbYZxLSPiNGAJGElBH6dq0Gf422,11,1771270305610580000,1771270305605948000,78,Insert,f,79,"Dnes je vonku pekne, idem von so psom na dvor a budem tam asi hodinu, bude zo f"
BqbYZxLSPiNGAJGElBH6dq0Gf422,11,1771270305844227000,1771270305837834000,79,Insert,a,80,"Dnes je vonku pekne, idem von so psom na dvor a budem tam asi hodinu, bude zo fa"
BqbYZxLSPiNGAJGElBH6dq0Gf422,11,1771270305897506000,1771270305893291000,80,Insert,j,81,"Dnes je vonku pekne, idem von so psom na dvor a budem tam asi hodinu, bude zo faj"
BqbYZxLSPiNGAJGElBH6dq0Gf422,11,1771270306206774000,1771270306202390000,81,Delete,j,80,"Dnes je vonku pekne, idem von so psom na dvor a budem tam asi hodinu, bude zo fa"
BqbYZxLSPiNGAJGElBH6dq0Gf422,11,1771270306357105000,1771270306353038000,80,Delete,a,79,"Dnes je vonku pekne, idem von so psom na dvor a budem tam asi hodinu, bude zo f"
BqbYZxLSPiNGAJGElBH6dq0Gf422,11,1771270306528216000,1771270306522816000,79,Delete,f,78,"Dnes je vonku pekne, idem von so psom na dvor a budem tam asi hodinu, bude zo "
BqbYZxLSPiNGAJGElBH6dq0Gf422,11,1771270306688398000,1771270306685639000,78,Delete, ,77,"Dnes je vonku pekne, idem von so psom na dvor a budem tam asi hodinu, bude zo"
BqbYZxLSPiNGAJGElBH6dq0Gf422,11,1771270306856411000,1771270306853246000,77,Delete,o,76,"Dnes je vonku pekne, idem von so psom na dvor a budem tam asi hodinu, bude z"
BqbYZxLSPiNGAJGElBH6dq0Gf422,11,1771270307026036000,1771270307021851000,76,Delete,z,75,"Dnes je vonku pekne, idem von so psom na dvor a budem tam asi hodinu, bude "
BqbYZxLSPiNGAJGElBH6dq0Gf422,11,1771270307148334000,1771270307143788000,75,Insert,t,76,"Dnes je vonku pekne, idem von so psom na dvor a budem tam asi hodinu, bude t"
BqbYZxLSPiNGAJGElBH6dq0Gf422,11,1771270307259120000,1771270307253424000,76,Insert,o,77,"Dnes je vonku pekne, idem von so psom na dvor a budem tam asi hodinu, bude to"
BqbYZxLSPiNGAJGElBH6dq0Gf422,11,1771270307650187000,1771270307643436000,77,Insert, ,78,"Dnes je vonku pekne, idem von so psom na dvor a budem tam asi hodinu, bude to "
BqbYZxLSPiNGAJGElBH6dq0Gf422,11,1771270307789575000,1771270307771485000,78,Insert,f,79,"Dnes je vonku pekne, idem von so psom na dvor a budem tam asi hodinu, bude to f"
BqbYZxLSPiNGAJGElBH6dq0Gf422,11,1771270308339905000,1771270308335550000,79,Delete,f,78,"Dnes je vonku pekne, idem von so psom na dvor a budem tam asi hodinu, bude to "
BqbYZxLSPiNGAJGElBH6dq0Gf422,11,1771270308995258000,1771270308988728000,78,Insert,f,79,"Dnes je vonku pekne, idem von so psom na dvor a budem tam asi hodinu, bude to f"
BqbYZxLSPiNGAJGElBH6dq0Gf422,11,1771270309252469000,1771270309248027000,79,Insert,a,80,"Dnes je vonku pekne, idem von so psom na dvor a budem tam asi hodinu, bude to fa"
BqbYZxLSPiNGAJGElBH6dq0Gf422,11,1771270309343435000,1771270309338955000,80,Insert,j,81,"Dnes je vonku pekne, idem von so psom na dvor a budem tam asi hodinu, bude to faj"
BqbYZxLSPiNGAJGElBH6dq0Gf422,11,1771270309492398000,1771270309487628000,81,Insert,n,82,"Dnes je vonku pekne, idem von so psom na dvor a budem tam asi hodinu, bude to fajn"
BqbYZxLSPiNGAJGElBH6dq0Gf422,11,1771270310097708000,1771270310087000000,82,Insert,.,83,"Dnes je vonku pekne, idem von so psom na dvor a budem tam asi hodinu, bude to fajn."
BqbYZxLSPiNGAJGElBH6dq0Gf422,12,1771270311176323000,1771270311172561000,0,Insert,D,1,D
BqbYZxLSPiNGAJGElBH6dq0Gf422,12,1771270311309713000,1771270311305728000,1,Insert,n,2,Dn
BqbYZxLSPiNGAJGElBH6dq0Gf422,12,1771270311406862000,1771270311403118000,2,Insert,e,3,Dne
BqbYZxLSPiNGAJGElBH6dq0Gf422,12,1771270311556904000,1771270311552968000,3,Insert,s,4,Dnes
BqbYZxLSPiNGAJGElBH6dq0Gf422,12,1771270312316975000,1771270312309122000,4,Insert, ,5,Dnes 
BqbYZxLSPiNGAJGElBH6dq0Gf422,12,1771270312508149000,1771270312500015000,5,Insert,j,6,Dnes j
BqbYZxLSPiNGAJGElBH6dq0Gf422,12,1771270312592404000,1771270312587566000,6,Insert,e,7,Dnes je
BqbYZxLSPiNGAJGElBH6dq0Gf422,12,1771270312715978000,1771270312710966000,7,Insert, ,8,Dnes je 
BqbYZxLSPiNGAJGElBH6dq0Gf422,12,1771270312834467000,1771270312829930000,8,Insert,v,9,Dnes je v
BqbYZxLSPiNGAJGElBH6dq0Gf422,12,1771270312963148000,1771270312959331000,9,Insert,o,10,Dnes je vo
BqbYZxLSPiNGAJGElBH6dq0Gf422,12,1771270313142583000,1771270313138336000,10,Insert,n,11,Dnes je von
BqbYZxLSPiNGAJGElBH6dq0Gf422,12,1771270313375082000,1771270313368700000,11,Insert,k,12,Dnes je vonk
BqbYZxLSPiNGAJGElBH6dq0Gf422,12,1771270313531974000,1771270313527922000,12,Insert,u,13,Dnes je vonku
BqbYZxLSPiNGAJGElBH6dq0Gf422,12,1771270313840548000,1771270313833487000,13,Insert, ,14,Dnes je vonku 
BqbYZxLSPiNGAJGElBH6dq0Gf422,12,1771270314039928000,1771270314032847000,14,Insert,o,15,Dnes je vonku o
BqbYZxLSPiNGAJGElBH6dq0Gf422,12,1771270314150090000,1771270314146087000,15,Insert,e,16,Dnes je vonku oe
BqbYZxLSPiNGAJGElBH6dq0Gf422,12,1771270314296687000,1771270314291942000,16,Insert,k,17,Dnes je vonku oek
BqbYZxLSPiNGAJGElBH6dq0Gf422,12,1771270314453762000,1771270314449227000,17,Insert,n,18,Dnes je vonku oekn
BqbYZxLSPiNGAJGElBH6dq0Gf422,12,1771270314743427000,1771270314739200000,18,Delete,n,17,Dnes je vonku oek
BqbYZxLSPiNGAJGElBH6dq0Gf422,12,1771270314893427000,1771270314889125000,17,Delete,k,16,Dnes je vonku oe
BqbYZxLSPiNGAJGElBH6dq0Gf422,12,1771270315031452000,1771270315028402000,16,Delete,e,15,Dnes je vonku o
BqbYZxLSPiNGAJGElBH6dq0Gf422,12,1771270315194674000,1771270315189582000,15,Delete,o,14,Dnes je vonku 
BqbYZxLSPiNGAJGElBH6dq0Gf422,12,1771270315450390000,1771270315444654000,14,Insert,p,15,Dnes je vonku p
BqbYZxLSPiNGAJGElBH6dq0Gf422,12,1771270315553407000,1771270315549295000,15,Insert,r,16,Dnes je vonku pr
BqbYZxLSPiNGAJGElBH6dq0Gf422,12,1771270315651111000,1771270315646914000,16,Insert,k,17,Dnes je vonku prk
BqbYZxLSPiNGAJGElBH6dq0Gf422,12,1771270315802433000,1771270315798299000,17,Insert,n,18,Dnes je vonku prkn
BqbYZxLSPiNGAJGElBH6dq0Gf422,12,1771270316123978000,1771270316121012000,18,Delete,n,17,Dnes je vonku prk
BqbYZxLSPiNGAJGElBH6dq0Gf422,12,1771270316272971000,1771270316269896000,17,Delete,k,16,Dnes je vonku pr
BqbYZxLSPiNGAJGElBH6dq0Gf422,12,1771270316432176000,1771270316429228000,16,Delete,r,15,Dnes je vonku p
BqbYZxLSPiNGAJGElBH6dq0Gf422,12,1771270316567670000,1771270316563642000,15,Insert,e,16,Dnes je vonku pe
BqbYZxLSPiNGAJGElBH6dq0Gf422,12,1771270316672353000,1771270316667549000,16,Insert,k,17,Dnes je vonku pek
BqbYZxLSPiNGAJGElBH6dq0Gf422,12,1771270316826354000,1771270316822221000,17,Insert,n,18,Dnes je vonku pekn
BqbYZxLSPiNGAJGElBH6dq0Gf422,12,1771270316952702000,1771270316947276000,18,Insert,e,19,Dnes je vonku pekne
BqbYZxLSPiNGAJGElBH6dq0Gf422,12,1771270318041059000,1771270318032505000,19,Insert,.,20,Dnes je vonku pekne.
BqbYZxLSPiNGAJGElBH6dq0Gf422,12,1771270318332108000,1771270318327980000,20,Delete,.,19,Dnes je vonku pekne
BqbYZxLSPiNGAJGElBH6dq0Gf422,12,1771270318470499000,1771270318466253000,19,Insert,",",20,"Dnes je vonku pekne,"
BqbYZxLSPiNGAJGElBH6dq0Gf422,12,1771270318722202000,1771270318712949000,20,Insert, ,21,"Dnes je vonku pekne, "
BqbYZxLSPiNGAJGElBH6dq0Gf422,12,1771270319012065000,1771270319005814000,21,Insert,i,22,"Dnes je vonku pekne, i"
BqbYZxLSPiNGAJGElBH6dq0Gf422,12,1771270319108261000,1771270319104100000,22,Insert,d,23,"Dnes je vonku pekne, id"
BqbYZxLSPiNGAJGElBH6dq0Gf422,12,1771270319277483000,1771270319273719000,23,Insert,e,24,"Dnes je vonku pekne, ide"
BqbYZxLSPiNGAJGElBH6dq0Gf422,12,1771270319323904000,1771270319320066000,24,Insert,m,25,"Dnes je vonku pekne, idem"
BqbYZxLSPiNGAJGElBH6dq0Gf422,12,1771270319487612000,1771270319483567000,25,Insert, ,26,"Dnes je vonku pekne, idem "
BqbYZxLSPiNGAJGElBH6dq0Gf422,12,1771270319714237000,1771270319707612000,26,Insert,v,27,"Dnes je vonku pekne, idem v"
BqbYZxLSPiNGAJGElBH6dq0Gf422,12,1771270319790655000,1771270319786676000,27,Insert,o,28,"Dnes je vonku pekne, idem vo"
BqbYZxLSPiNGAJGElBH6dq0Gf422,12,1771270320003284000,1771270319994271000,28,Insert,n,29,"Dnes je vonku pekne, idem von"
BqbYZxLSPiNGAJGElBH6dq0Gf422,12,1771270320199054000,1771270320194720000,29,Insert, ,30,"Dnes je vonku pekne, idem von "
BqbYZxLSPiNGAJGElBH6dq0Gf422,12,1771270320479147000,1771270320472558000,30,Insert,s,31,"Dnes je vonku pekne, idem von s"
BqbYZxLSPiNGAJGElBH6dq0Gf422,12,1771270320530560000,1771270320525151000,31,Insert,o,32,"Dnes je vonku pekne, idem von so"
BqbYZxLSPiNGAJGElBH6dq0Gf422,12,1771270320717374000,1771270320711560000,32,Insert, ,33,"Dnes je vonku pekne, idem von so "
BqbYZxLSPiNGAJGElBH6dq0Gf422,12,1771270320847687000,1771270320842814000,33,Insert,p,34,"Dnes je vonku pekne, idem von so p"
BqbYZxLSPiNGAJGElBH6dq0Gf422,12,1771270320963170000,1771270320959034000,34,Insert,o,35,"Dnes je vonku pekne, idem von so po"
BqbYZxLSPiNGAJGElBH6dq0Gf422,12,1771270321036997000,1771270321033490000,35,Insert,s,36,"Dnes je vonku pekne, idem von so pos"
BqbYZxLSPiNGAJGElBH6dq0Gf422,12,1771270321128875000,1771270321123960000,36,Insert,o,37,"Dnes je vonku pekne, idem von so poso"
BqbYZxLSPiNGAJGElBH6dq0Gf422,12,1771270321510621000,1771270321505600000,37,Delete,o,36,"Dnes je vonku pekne, idem von so pos"
BqbYZxLSPiNGAJGElBH6dq0Gf422,12,1771270321643012000,1771270321639689000,36,Delete,s,35,"Dnes je vonku pekne, idem von so po"
BqbYZxLSPiNGAJGElBH6dq0Gf422,12,1771270321812475000,1771270321809422000,35,Delete,o,34,"Dnes je vonku pekne, idem von so p"
BqbYZxLSPiNGAJGElBH6dq0Gf422,12,1771270321889435000,1771270321885102000,34,Insert,s,35,"Dnes je vonku pekne, idem von so ps"
BqbYZxLSPiNGAJGElBH6dq0Gf422,12,1771270321985974000,1771270321982102000,35,Insert,o,36,"Dnes je vonku pekne, idem von so pso"
BqbYZxLSPiNGAJGElBH6dq0Gf422,12,1771270322161183000,1771270322156822000,36,Insert,m,37,"Dnes je vonku pekne, idem von so psom"
BqbYZxLSPiNGAJGElBH6dq0Gf422,12,1771270323153639000,1771270323143393000,37,Insert, ,38,"Dnes je vonku pekne, idem von so psom "
BqbYZxLSPiNGAJGElBH6dq0Gf422,12,1771270323350890000,1771270323346434000,38,Insert,n,39,"Dnes je vonku pekne, idem von so psom n"
BqbYZxLSPiNGAJGElBH6dq0Gf422,12,1771270323458307000,1771270323453225000,39,Insert,a,40,"Dnes je vonku pekne, idem von so psom na"
BqbYZxLSPiNGAJGElBH6dq0Gf422,12,1771270323589720000,1771270323585490000,40,Insert, ,41,"Dnes je vonku pekne, idem von so psom na "
BqbYZxLSPiNGAJGElBH6dq0Gf422,12,1771270323759953000,1771270323754753000,41,Insert,d,42,"Dnes je vonku pekne, idem von so psom na d"
BqbYZxLSPiNGAJGElBH6dq0Gf422,12,1771270323978154000,1771270323970819000,42,Insert,v,43,"Dnes je vonku pekne, idem von so psom na dv"
BqbYZxLSPiNGAJGElBH6dq0Gf422,12,1771270324093211000,1771270324088119000,43,Insert,o,44,"Dnes je vonku pekne, idem von so psom na dvo"
BqbYZxLSPiNGAJGElBH6dq0Gf422,12,1771270324196706000,1771270324192374000,44,Insert,r,45,"Dnes je vonku pekne, idem von so psom na dvor"
BqbYZxLSPiNGAJGElBH6dq0Gf422,12,1771270325152344000,1771270325143339000,45,Insert, ,46,"Dnes je vonku pekne, idem von so psom na dvor "
BqbYZxLSPiNGAJGElBH6dq0Gf422,12,1771270325293197000,1771270325287838000,46,Insert,a,47,"Dnes je vonku pekne, idem von so psom na dvor a"
BqbYZxLSPiNGAJGElBH6dq0Gf422,12,1771270325361687000,1771270325356779000,47,Insert, ,48,"Dnes je vonku pekne, idem von so psom na dvor a "
BqbYZxLSPiNGAJGElBH6dq0Gf422,12,1771270325521946000,1771270325517410000,48,Insert,b,49,"Dnes je vonku pekne, idem von so psom na dvor a b"
BqbYZxLSPiNGAJGElBH6dq0Gf422,12,1771270325719492000,1771270325711976000,49,Insert,u,50,"Dnes je vonku pekne, idem von so psom na dvor a bu"
BqbYZxLSPiNGAJGElBH6dq0Gf422,12,1771270325844230000,1771270325838480000,50,Insert,d,51,"Dnes je vonku pekne, idem von so psom na dvor a bud"
BqbYZxLSPiNGAJGElBH6dq0Gf422,12,1771270326016390000,1771270326011154000,51,Insert,e,52,"Dnes je vonku pekne, idem von so psom na dvor a bude"
BqbYZxLSPiNGAJGElBH6dq0Gf422,12,1771270326078764000,1771270326074460000,52,Insert,m,53,"Dnes je vonku pekne, idem von so psom na dvor a budem"
BqbYZxLSPiNGAJGElBH6dq0Gf422,12,1771270326429619000,1771270326423355000,53,Insert, ,54,"Dnes je vonku pekne, idem von so psom na dvor a budem "
BqbYZxLSPiNGAJGElBH6dq0Gf422,12,1771270326595145000,1771270326589235000,54,Insert,t,55,"Dnes je vonku pekne, idem von so psom na dvor a budem t"
BqbYZxLSPiNGAJGElBH6dq0Gf422,12,1771270326891371000,1771270326885476000,55,Insert,a,56,"Dnes je vonku pekne, idem von so psom na dvor a budem ta"
BqbYZxLSPiNGAJGElBH6dq0Gf422,12,1771270326972439000,1771270326968206000,56,Insert,m,57,"Dnes je vonku pekne, idem von so psom na dvor a budem tam"
BqbYZxLSPiNGAJGElBH6dq0Gf422,12,1771270327132766000,1771270327128221000,57,Insert, ,58,"Dnes je vonku pekne, idem von so psom na dvor a budem tam "
BqbYZxLSPiNGAJGElBH6dq0Gf422,12,1771270327362474000,1771270327355807000,58,Insert,a,59,"Dnes je vonku pekne, idem von so psom na dvor a budem tam a"
BqbYZxLSPiNGAJGElBH6dq0Gf422,12,1771270327532561000,1771270327527553000,59,Insert,s,60,"Dnes je vonku pekne, idem von so psom na dvor a budem tam as"
BqbYZxLSPiNGAJGElBH6dq0Gf422,12,1771270327630921000,1771270327624969000,60,Insert,i,61,"Dnes je vonku pekne, idem von so psom na dvor a budem tam asi"
BqbYZxLSPiNGAJGElBH6dq0Gf422,12,1771270327771122000,1771270327765281000,61,Insert, ,62,"Dnes je vonku pekne, idem von so psom na dvor a budem tam asi "
BqbYZxLSPiNGAJGElBH6dq0Gf422,12,1771270328116755000,1771270328109093000,62,Insert,h,63,"Dnes je vonku pekne, idem von so psom na dvor a budem tam asi h"
BqbYZxLSPiNGAJGElBH6dq0Gf422,12,1771270328209313000,1771270328203871000,63,Insert,o,64,"Dnes je vonku pekne, idem von so psom na dvor a budem tam asi ho"
BqbYZxLSPiNGAJGElBH6dq0Gf422,12,1771270328361476000,1771270328356644000,64,Insert,d,65,"Dnes je vonku pekne, idem von so psom na dvor a budem tam asi hod"
BqbYZxLSPiNGAJGElBH6dq0Gf422,12,1771270328431312000,1771270328422800000,65,Insert,i,66,"Dnes je vonku pekne, idem von so psom na dvor a budem tam asi hodi"
BqbYZxLSPiNGAJGElBH6dq0Gf422,12,1771270328599927000,1771270328594978000,66,Insert,n,67,"Dnes je vonku pekne, idem von so psom na dvor a budem tam asi hodin"
BqbYZxLSPiNGAJGElBH6dq0Gf422,12,1771270328768315000,1771270328763821000,67,Insert,u,68,"Dnes je vonku pekne, idem von so psom na dvor a budem tam asi hodinu"
BqbYZxLSPiNGAJGElBH6dq0Gf422,12,1771270330258913000,1771270330249516000,68,Insert,",",69,"Dnes je vonku pekne, idem von so psom na dvor a budem tam asi hodinu,"
BqbYZxLSPiNGAJGElBH6dq0Gf422,12,1771270330449222000,1771270330438936000,69,Insert, ,70,"Dnes je vonku pekne, idem von so psom na dvor a budem tam asi hodinu, "
BqbYZxLSPiNGAJGElBH6dq0Gf422,12,1771270330810664000,1771270330804495000,70,Insert,b,71,"Dnes je vonku pekne, idem von so psom na dvor a budem tam asi hodinu, b"
BqbYZxLSPiNGAJGElBH6dq0Gf422,12,1771270330977396000,1771270330971747000,71,Insert,u,72,"Dnes je vonku pekne, idem von so psom na dvor a budem tam asi hodinu, bu"
BqbYZxLSPiNGAJGElBH6dq0Gf422,12,1771270331090909000,1771270331085702000,72,Insert,d,73,"Dnes je vonku pekne, idem von so psom na dvor a budem tam asi hodinu, bud"
BqbYZxLSPiNGAJGElBH6dq0Gf422,12,1771270331254220000,1771270331244417000,73,Insert,r,74,"Dnes je vonku pekne, idem von so psom na dvor a budem tam asi hodinu, budr"
BqbYZxLSPiNGAJGElBH6dq0Gf422,12,1771270331320973000,1771270331318120000,74,Insert, ,75,"Dnes je vonku pekne, idem von so psom na dvor a budem tam asi hodinu, budr "
BqbYZxLSPiNGAJGElBH6dq0Gf422,12,1771270331469659000,1771270331465927000,75,Insert,z,76,"Dnes je vonku pekne, idem von so psom na dvor a budem tam asi hodinu, budr z"
BqbYZxLSPiNGAJGElBH6dq0Gf422,12,1771270331573024000,1771270331568443000,76,Insert,o,77,"Dnes je vonku pekne, idem von so psom na dvor a budem tam asi hodinu, budr zo"
BqbYZxLSPiNGAJGElBH6dq0Gf422,12,1771270331919004000,1771270331914819000,77,Delete,o,76,"Dnes je vonku pekne, idem von so psom na dvor a budem tam asi hodinu, budr z"
BqbYZxLSPiNGAJGElBH6dq0Gf422,12,1771270332075042000,1771270332071993000,76,Delete,z,75,"Dnes je vonku pekne, idem von so psom na dvor a budem tam asi hodinu, budr "
BqbYZxLSPiNGAJGElBH6dq0Gf422,12,1771270332230634000,1771270332227407000,75,Delete, ,74,"Dnes je vonku pekne, idem von so psom na dvor a budem tam asi hodinu, budr"
BqbYZxLSPiNGAJGElBH6dq0Gf422,12,1771270332376123000,1771270332371901000,74,Delete,r,73,"Dnes je vonku pekne, idem von so psom na dvor a budem tam asi hodinu, bud"
BqbYZxLSPiNGAJGElBH6dq0Gf422,12,1771270332489739000,1771270332481211000,73,Insert,e,74,"Dnes je vonku pekne, idem von so psom na dvor a budem tam asi hodinu, bude"
BqbYZxLSPiNGAJGElBH6dq0Gf422,12,1771270332638653000,1771270332630896000,74,Insert, ,75,"Dnes je vonku pekne, idem von so psom na dvor a budem tam asi hodinu, bude "
BqbYZxLSPiNGAJGElBH6dq0Gf422,12,1771270332812545000,1771270332808376000,75,Insert,t,76,"Dnes je vonku pekne, idem von so psom na dvor a budem tam asi hodinu, bude t"
BqbYZxLSPiNGAJGElBH6dq0Gf422,12,1771270333419888000,1771270333413313000,76,Insert,o,77,"Dnes je vonku pekne, idem von so psom na dvor a budem tam asi hodinu, bude to"
BqbYZxLSPiNGAJGElBH6dq0Gf422,12,1771270333814579000,1771270333807753000,77,Insert, ,78,"Dnes je vonku pekne, idem von so psom na dvor a budem tam asi hodinu, bude to "
BqbYZxLSPiNGAJGElBH6dq0Gf422,12,1771270334035073000,1771270334028160000,78,Insert,f,79,"Dnes je vonku pekne, idem von so psom na dvor a budem tam asi hodinu, bude to f"
BqbYZxLSPiNGAJGElBH6dq0Gf422,12,1771270334265699000,1771270334259131000,79,Insert,a,80,"Dnes je vonku pekne, idem von so psom na dvor a budem tam asi hodinu, bude to fa"
BqbYZxLSPiNGAJGElBH6dq0Gf422,12,1771270334325930000,1771270334321070000,80,Insert,j,81,"Dnes je vonku pekne, idem von so psom na dvor a budem tam asi hodinu, bude to faj"
BqbYZxLSPiNGAJGElBH6dq0Gf422,12,1771270334483400000,1771270334480934000,81,Insert,n,82,"Dnes je vonku pekne, idem von so psom na dvor a budem tam asi hodinu, bude to fajn"
BqbYZxLSPiNGAJGElBH6dq0Gf422,12,1771270335013515000,1771270335007965000,82,Insert,.,83,"Dnes je vonku pekne, idem von so psom na dvor a budem tam asi hodinu, bude to fajn."
BqbYZxLSPiNGAJGElBH6dq0Gf422,13,1771270336192700000,1771270336186932000,0,Insert,€,1,€
BqbYZxLSPiNGAJGElBH6dq0Gf422,13,1771270336940297000,1771270336935636000,1,Delete,€,0,
BqbYZxLSPiNGAJGElBH6dq0Gf422,13,1771270337704114000,1771270337697272000,0,Insert,D,1,D
BqbYZxLSPiNGAJGElBH6dq0Gf422,13,1771270337789573000,1771270337785641000,1,Insert,n,2,Dn
BqbYZxLSPiNGAJGElBH6dq0Gf422,13,1771270337901952000,1771270337898204000,2,Insert,e,3,Dne
BqbYZxLSPiNGAJGElBH6dq0Gf422,13,1771270338045240000,1771270338041536000,3,Insert,s,4,Dnes
BqbYZxLSPiNGAJGElBH6dq0Gf422,13,1771270338176524000,1771270338172248000,4,Insert, ,5,Dnes 
BqbYZxLSPiNGAJGElBH6dq0Gf422,13,1771270338404881000,1771270338398601000,5,Insert,j,6,Dnes j
BqbYZxLSPiNGAJGElBH6dq0Gf422,13,1771270338512116000,1771270338508416000,6,Insert,e,7,Dnes je
BqbYZxLSPiNGAJGElBH6dq0Gf422,13,1771270339007467000,1771270338998621000,7,Insert, ,8,Dnes je 
BqbYZxLSPiNGAJGElBH6dq0Gf422,13,1771270339224056000,1771270339216686000,8,Insert,v,9,Dnes je v
BqbYZxLSPiNGAJGElBH6dq0Gf422,13,1771270339269618000,1771270339265791000,9,Insert,i,10,Dnes je vi
BqbYZxLSPiNGAJGElBH6dq0Gf422,13,1771270339457570000,1771270339453028000,10,Insert,b,11,Dnes je vib
BqbYZxLSPiNGAJGElBH6dq0Gf422,13,1771270339662861000,1771270339655177000,11,Insert,k,12,Dnes je vibk
BqbYZxLSPiNGAJGElBH6dq0Gf422,13,1771270340124050000,1771270340118021000,12,Delete,k,11,Dnes je vib
BqbYZxLSPiNGAJGElBH6dq0Gf422,13,1771270340289272000,1771270340286258000,11,Delete,b,10,Dnes je vi
BqbYZxLSPiNGAJGElBH6dq0Gf422,13,1771270340459100000,1771270340456369000,10,Delete,i,9,Dnes je v
BqbYZxLSPiNGAJGElBH6dq0Gf422,13,1771270340852208000,1771270340845924000,9,Insert,o,10,Dnes je vo
BqbYZxLSPiNGAJGElBH6dq0Gf422,13,1771270341010454000,1771270341005908000,10,Insert,n,11,Dnes je von
BqbYZxLSPiNGAJGElBH6dq0Gf422,13,1771270341109866000,1771270341105939000,11,Insert,k,12,Dnes je vonk
BqbYZxLSPiNGAJGElBH6dq0Gf422,13,1771270341277584000,1771270341273571000,12,Insert,u,13,Dnes je vonku
BqbYZxLSPiNGAJGElBH6dq0Gf422,13,1771270341482733000,1771270341476324000,13,Insert, ,14,Dnes je vonku 
BqbYZxLSPiNGAJGElBH6dq0Gf422,13,1771270342340682000,1771270342333709000,14,Insert,p,15,Dnes je vonku p
BqbYZxLSPiNGAJGElBH6dq0Gf422,13,1771270342471507000,1771270342467421000,15,Insert,e,16,Dnes je vonku pe
BqbYZxLSPiNGAJGElBH6dq0Gf422,13,1771270342569142000,1771270342564918000,16,Insert,k,17,Dnes je vonku pek
BqbYZxLSPiNGAJGElBH6dq0Gf422,13,1771270342734779000,1771270342729843000,17,Insert,n,18,Dnes je vonku pekn
BqbYZxLSPiNGAJGElBH6dq0Gf422,13,1771270342854774000,1771270342850752000,18,Insert,e,19,Dnes je vonku pekne
BqbYZxLSPiNGAJGElBH6dq0Gf422,13,1771270343464416000,1771270343456304000,19,Insert,",",20,"Dnes je vonku pekne,"
BqbYZxLSPiNGAJGElBH6dq0Gf422,13,1771270343617137000,1771270343612396000,20,Insert, ,21,"Dnes je vonku pekne, "
BqbYZxLSPiNGAJGElBH6dq0Gf422,13,1771270343848824000,1771270343843052000,21,Insert,i,22,"Dnes je vonku pekne, i"
BqbYZxLSPiNGAJGElBH6dq0Gf422,13,1771270343959807000,1771270343955824000,22,Insert,d,23,"Dnes je vonku pekne, id"
BqbYZxLSPiNGAJGElBH6dq0Gf422,13,1771270344125746000,1771270344121709000,23,Insert,e,24,"Dnes je vonku pekne, ide"
BqbYZxLSPiNGAJGElBH6dq0Gf422,13,1771270344198308000,1771270344194352000,24,Insert,m,25,"Dnes je vonku pekne, idem"
BqbYZxLSPiNGAJGElBH6dq0Gf422,13,1771270346247213000,1771270346235643000,25,Insert, ,26,"Dnes je vonku pekne, idem "
BqbYZxLSPiNGAJGElBH6dq0Gf422,13,1771270346923599000,1771270346913876000,26,Insert,v,27,"Dnes je vonku pekne, idem v"
BqbYZxLSPiNGAJGElBH6dq0Gf422,13,1771270346981096000,1771270346974050000,27,Insert,o,28,"Dnes je vonku pekne, idem vo"
BqbYZxLSPiNGAJGElBH6dq0Gf422,13,1771270347149892000,1771270347145799000,28,Insert,n,29,"Dnes je vonku pekne, idem von"
BqbYZxLSPiNGAJGElBH6dq0Gf422,13,1771270347616108000,1771270347608975000,29,Insert, ,30,"Dnes je vonku pekne, idem von "
BqbYZxLSPiNGAJGElBH6dq0Gf422,13,1771270347808257000,1771270347803729000,30,Insert,a,31,"Dnes je vonku pekne, idem von a"
BqbYZxLSPiNGAJGElBH6dq0Gf422,13,1771270347894373000,1771270347890156000,31,Insert, ,32,"Dnes je vonku pekne, idem von a "
BqbYZxLSPiNGAJGElBH6dq0Gf422,13,1771270348195622000,1771270348191478000,32,Delete, ,31,"Dnes je vonku pekne, idem von a"
BqbYZxLSPiNGAJGElBH6dq0Gf422,13,1771270348300320000,1771270348297506000,31,Delete,a,30,"Dnes je vonku pekne, idem von "
BqbYZxLSPiNGAJGElBH6dq0Gf422,13,1771270348410166000,1771270348405388000,30,Insert,s,31,"Dnes je vonku pekne, idem von s"
BqbYZxLSPiNGAJGElBH6dq0Gf422,13,1771270348536557000,1771270348532139000,31,Insert,o,32,"Dnes je vonku pekne, idem von so"
BqbYZxLSPiNGAJGElBH6dq0Gf422,13,1771270348721972000,1771270348717657000,32,Insert, ,33,"Dnes je vonku pekne, idem von so "
BqbYZxLSPiNGAJGElBH6dq0Gf422,13,1771270349006141000,1771270348999008000,33,Insert,p,34,"Dnes je vonku pekne, idem von so p"
BqbYZxLSPiNGAJGElBH6dq0Gf422,13,1771270349208656000,1771270349204568000,34,Insert,s,35,"Dnes je vonku pekne, idem von so ps"
BqbYZxLSPiNGAJGElBH6dq0Gf422,13,1771270349346282000,1771270349339021000,35,Insert,o,36,"Dnes je vonku pekne, idem von so pso"
BqbYZxLSPiNGAJGElBH6dq0Gf422,13,1771270349558511000,1771270349549642000,36,Insert,m,37,"Dnes je vonku pekne, idem von so psom"
BqbYZxLSPiNGAJGElBH6dq0Gf422,13,1771270350405304000,1771270350400557000,37,Insert, ,38,"Dnes je vonku pekne, idem von so psom "
BqbYZxLSPiNGAJGElBH6dq0Gf422,13,1771270350603784000,1771270350599292000,38,Insert,b,39,"Dnes je vonku pekne, idem von so psom b"
BqbYZxLSPiNGAJGElBH6dq0Gf422,13,1771270350672562000,1771270350668456000,39,Insert,a,40,"Dnes je vonku pekne, idem von so psom ba"
BqbYZxLSPiNGAJGElBH6dq0Gf422,13,1771270350813603000,1771270350809228000,40,Insert, ,41,"Dnes je vonku pekne, idem von so psom ba "
BqbYZxLSPiNGAJGElBH6dq0Gf422,13,1771270351098739000,1771270351094511000,41,Delete, ,40,"Dnes je vonku pekne, idem von so psom ba"
BqbYZxLSPiNGAJGElBH6dq0Gf422,13,1771270351257293000,1771270351254535000,40,Delete,a,39,"Dnes je vonku pekne, idem von so psom b"
BqbYZxLSPiNGAJGElBH6dq0Gf422,13,1771270351387255000,1771270351383685000,39,Delete,b,38,"Dnes je vonku pekne, idem von so psom "
BqbYZxLSPiNGAJGElBH6dq0Gf422,13,1771270351587374000,1771270351582495000,38,Insert,n,39,"Dnes je vonku pekne, idem von so psom n"
BqbYZxLSPiNGAJGElBH6dq0Gf422,13,1771270351697228000,1771270351692403000,39,Insert,a,40,"Dnes je vonku pekne, idem von so psom na"
BqbYZxLSPiNGAJGElBH6dq0Gf422,13,1771270351810985000,1771270351805599000,40,Insert, ,41,"Dnes je vonku pekne, idem von so psom na "
BqbYZxLSPiNGAJGElBH6dq0Gf422,13,1771270351945429000,1771270351942700000,41,Insert,d,42,"Dnes je vonku pekne, idem von so psom na d"
BqbYZxLSPiNGAJGElBH6dq0Gf422,13,1771270352171315000,1771270352163118000,42,Insert,v,43,"Dnes je vonku pekne, idem von so psom na dv"
BqbYZxLSPiNGAJGElBH6dq0Gf422,13,1771270352274360000,1771270352269752000,43,Insert,o,44,"Dnes je vonku pekne, idem von so psom na dvo"
BqbYZxLSPiNGAJGElBH6dq0Gf422,13,1771270352398673000,1771270352394429000,44,Insert,r,45,"Dnes je vonku pekne, idem von so psom na dvor"
BqbYZxLSPiNGAJGElBH6dq0Gf422,13,1771270353499001000,1771270353484445000,45,Insert, ,46,"Dnes je vonku pekne, idem von so psom na dvor "
BqbYZxLSPiNGAJGElBH6dq0Gf422,13,1771270353582302000,1771270353577050000,46,Insert,a,47,"Dnes je vonku pekne, idem von so psom na dvor a"
BqbYZxLSPiNGAJGElBH6dq0Gf422,13,1771270353663602000,1771270353659214000,47,Insert, ,48,"Dnes je vonku pekne, idem von so psom na dvor a "
BqbYZxLSPiNGAJGElBH6dq0Gf422,13,1771270353925737000,1771270353918261000,48,Insert,b,49,"Dnes je vonku pekne, idem von so psom na dvor a b"
BqbYZxLSPiNGAJGElBH6dq0Gf422,13,1771270354100246000,1771270354095860000,49,Insert,u,50,"Dnes je vonku pekne, idem von so psom na dvor a bu"
BqbYZxLSPiNGAJGElBH6dq0Gf422,13,1771270354211604000,1771270354205873000,50,Insert,d,51,"Dnes je vonku pekne, idem von so psom na dvor a bud"
BqbYZxLSPiNGAJGElBH6dq0Gf422,13,1771270354378984000,1771270354373371000,51,Insert,e,52,"Dnes je vonku pekne, idem von so psom na dvor a bude"
BqbYZxLSPiNGAJGElBH6dq0Gf422,13,1771270354425732000,1771270354422174000,52,Insert,m,53,"Dnes je vonku pekne, idem von so psom na dvor a budem"
BqbYZxLSPiNGAJGElBH6dq0Gf422,13,1771270354717369000,1771270354709113000,53,Insert, ,54,"Dnes je vonku pekne, idem von so psom na dvor a budem "
BqbYZxLSPiNGAJGElBH6dq0Gf422,13,1771270354869546000,1771270354862708000,54,Insert,t,55,"Dnes je vonku pekne, idem von so psom na dvor a budem t"
BqbYZxLSPiNGAJGElBH6dq0Gf422,13,1771270355145693000,1771270355140856000,55,Insert,a,56,"Dnes je vonku pekne, idem von so psom na dvor a budem ta"
BqbYZxLSPiNGAJGElBH6dq0Gf422,13,1771270355210052000,1771270355205739000,56,Insert,m,57,"Dnes je vonku pekne, idem von so psom na dvor a budem tam"
BqbYZxLSPiNGAJGElBH6dq0Gf422,13,1771270355902520000,1771270355889523000,57,Insert, ,58,"Dnes je vonku pekne, idem von so psom na dvor a budem tam "
BqbYZxLSPiNGAJGElBH6dq0Gf422,13,1771270356030721000,1771270356025780000,58,Insert,a,59,"Dnes je vonku pekne, idem von so psom na dvor a budem tam a"
BqbYZxLSPiNGAJGElBH6dq0Gf422,13,1771270356192470000,1771270356188488000,59,Insert,s,60,"Dnes je vonku pekne, idem von so psom na dvor a budem tam as"
BqbYZxLSPiNGAJGElBH6dq0Gf422,13,1771270356305727000,1771270356301317000,60,Insert,i,61,"Dnes je vonku pekne, idem von so psom na dvor a budem tam asi"
BqbYZxLSPiNGAJGElBH6dq0Gf422,13,1771270356499537000,1771270356493615000,61,Insert, ,62,"Dnes je vonku pekne, idem von so psom na dvor a budem tam asi "
BqbYZxLSPiNGAJGElBH6dq0Gf422,13,1771270357047590000,1771270357041438000,62,Insert,h,63,"Dnes je vonku pekne, idem von so psom na dvor a budem tam asi h"
BqbYZxLSPiNGAJGElBH6dq0Gf422,13,1771270357133240000,1771270357127773000,63,Insert,o,64,"Dnes je vonku pekne, idem von so psom na dvor a budem tam asi ho"
BqbYZxLSPiNGAJGElBH6dq0Gf422,13,1771270357281207000,1771270357272347000,64,Insert,d,65,"Dnes je vonku pekne, idem von so psom na dvor a budem tam asi hod"
BqbYZxLSPiNGAJGElBH6dq0Gf422,13,1771270357308191000,1771270357304352000,65,Insert,i,66,"Dnes je vonku pekne, idem von so psom na dvor a budem tam asi hodi"
BqbYZxLSPiNGAJGElBH6dq0Gf422,13,1771270357471399000,1771270357467310000,66,Insert,n,67,"Dnes je vonku pekne, idem von so psom na dvor a budem tam asi hodin"
BqbYZxLSPiNGAJGElBH6dq0Gf422,13,1771270357630544000,1771270357625942000,67,Insert,u,68,"Dnes je vonku pekne, idem von so psom na dvor a budem tam asi hodinu"
BqbYZxLSPiNGAJGElBH6dq0Gf422,13,1771270358687883000,1771270358679274000,68,Insert,",",69,"Dnes je vonku pekne, idem von so psom na dvor a budem tam asi hodinu,"
BqbYZxLSPiNGAJGElBH6dq0Gf422,13,1771270358969961000,1771270358963543000,69,Insert, ,70,"Dnes je vonku pekne, idem von so psom na dvor a budem tam asi hodinu, "
BqbYZxLSPiNGAJGElBH6dq0Gf422,13,1771270359353043000,1771270359344337000,70,Insert,b,71,"Dnes je vonku pekne, idem von so psom na dvor a budem tam asi hodinu, b"
BqbYZxLSPiNGAJGElBH6dq0Gf422,13,1771270359503266000,1771270359498944000,71,Insert,u,72,"Dnes je vonku pekne, idem von so psom na dvor a budem tam asi hodinu, bu"
BqbYZxLSPiNGAJGElBH6dq0Gf422,13,1771270359589107000,1771270359579499000,72,Insert,d,73,"Dnes je vonku pekne, idem von so psom na dvor a budem tam asi hodinu, bud"
BqbYZxLSPiNGAJGElBH6dq0Gf422,13,1771270359770974000,1771270359764948000,73,Insert,e,74,"Dnes je vonku pekne, idem von so psom na dvor a budem tam asi hodinu, bude"
BqbYZxLSPiNGAJGElBH6dq0Gf422,13,1771270359826327000,1771270359821211000,74,Insert, ,75,"Dnes je vonku pekne, idem von so psom na dvor a budem tam asi hodinu, bude "
BqbYZxLSPiNGAJGElBH6dq0Gf422,13,1771270359989084000,1771270359984829000,75,Insert,t,76,"Dnes je vonku pekne, idem von so psom na dvor a budem tam asi hodinu, bude t"
BqbYZxLSPiNGAJGElBH6dq0Gf422,13,1771270360083153000,1771270360078910000,76,Insert,o,77,"Dnes je vonku pekne, idem von so psom na dvor a budem tam asi hodinu, bude to"
BqbYZxLSPiNGAJGElBH6dq0Gf422,13,1771270360274984000,1771270360269879000,77,Insert, ,78,"Dnes je vonku pekne, idem von so psom na dvor a budem tam asi hodinu, bude to "
BqbYZxLSPiNGAJGElBH6dq0Gf422,13,1771270360538562000,1771270360533847000,78,Insert,f,79,"Dnes je vonku pekne, idem von so psom na dvor a budem tam asi hodinu, bude to f"
BqbYZxLSPiNGAJGElBH6dq0Gf422,13,1771270360781221000,1771270360770757000,79,Insert,a,80,"Dnes je vonku pekne, idem von so psom na dvor a budem tam asi hodinu, bude to fa"
BqbYZxLSPiNGAJGElBH6dq0Gf422,13,1771270360849217000,1771270360843839000,80,Insert,j,81,"Dnes je vonku pekne, idem von so psom na dvor a budem tam asi hodinu, bude to faj"
BqbYZxLSPiNGAJGElBH6dq0Gf422,13,1771270360983452000,1771270360978766000,81,Insert,n,82,"Dnes je vonku pekne, idem von so psom na dvor a budem tam asi hodinu, bude to fajn"
BqbYZxLSPiNGAJGElBH6dq0Gf422,13,1771270361350113000,1771270361340195000,82,Insert,.,83,"Dnes je vonku pekne, idem von so psom na dvor a budem tam asi hodinu, bude to fajn."
BqbYZxLSPiNGAJGElBH6dq0Gf422,14,1771270362306114000,1771270362295326000,0,Insert,D,1,D
BqbYZxLSPiNGAJGElBH6dq0Gf422,14,1771270362395330000,1771270362390896000,1,Insert,n,2,Dn
BqbYZxLSPiNGAJGElBH6dq0Gf422,14,1771270362497065000,1771270362493098000,2,Insert,e,3,Dne
BqbYZxLSPiNGAJGElBH6dq0Gf422,14,1771270362640810000,1771270362634230000,3,Insert,s,4,Dnes
BqbYZxLSPiNGAJGElBH6dq0Gf422,14,1771270363337749000,1771270363327993000,4,Insert, ,5,Dnes 
BqbYZxLSPiNGAJGElBH6dq0Gf422,14,1771270363500241000,1771270363488962000,5,Insert,j,6,Dnes j
BqbYZxLSPiNGAJGElBH6dq0Gf422,14,1771270363534935000,1771270363530867000,6,Insert,r,7,Dnes jr
BqbYZxLSPiNGAJGElBH6dq0Gf422,14,1771270363772164000,1771270363759726000,7,Insert, ,8,Dnes jr 
BqbYZxLSPiNGAJGElBH6dq0Gf422,14,1771270363813934000,1771270363809766000,8,Insert,v,9,Dnes jr v
BqbYZxLSPiNGAJGElBH6dq0Gf422,14,1771270364004745000,1771270363999709000,9,Insert,o,10,Dnes jr vo
BqbYZxLSPiNGAJGElBH6dq0Gf422,14,1771270364170978000,1771270364165664000,10,Insert,n,11,Dnes jr von
BqbYZxLSPiNGAJGElBH6dq0Gf422,14,1771270364445454000,1771270364441590000,11,Delete,n,10,Dnes jr vo
BqbYZxLSPiNGAJGElBH6dq0Gf422,14,1771270364594550000,1771270364590410000,10,Delete,o,9,Dnes jr v
BqbYZxLSPiNGAJGElBH6dq0Gf422,14,1771270364765118000,1771270364762114000,9,Delete,v,8,Dnes jr 
BqbYZxLSPiNGAJGElBH6dq0Gf422,14,1771270364873180000,1771270364870309000,8,Delete, ,7,Dnes jr
BqbYZxLSPiNGAJGElBH6dq0Gf422,14,1771270365031430000,1771270365028487000,7,Delete,r,6,Dnes j
BqbYZxLSPiNGAJGElBH6dq0Gf422,14,1771270365399029000,1771270365393009000,6,Insert,e,7,Dnes je
BqbYZxLSPiNGAJGElBH6dq0Gf422,14,1771270365514982000,1771270365510971000,7,Insert, ,8,Dnes je 
BqbYZxLSPiNGAJGElBH6dq0Gf422,14,1771270365689909000,1771270365686293000,8,Insert,v,9,Dnes je v
BqbYZxLSPiNGAJGElBH6dq0Gf422,14,1771270365771182000,1771270365766480000,9,Insert,o,10,Dnes je vo
BqbYZxLSPiNGAJGElBH6dq0Gf422,14,1771270365937605000,1771270365932906000,10,Insert,b,11,Dnes je vob
BqbYZxLSPiNGAJGElBH6dq0Gf422,14,1771270366126227000,1771270366122080000,11,Insert,k,12,Dnes je vobk
BqbYZxLSPiNGAJGElBH6dq0Gf422,14,1771270366274470000,1771270366269616000,12,Insert,u,13,Dnes je vobku
BqbYZxLSPiNGAJGElBH6dq0Gf422,14,1771270366559932000,1771270366555608000,13,Delete,u,12,Dnes je vobk
BqbYZxLSPiNGAJGElBH6dq0Gf422,14,1771270366708955000,1771270366706000000,12,Delete,k,11,Dnes je vob
BqbYZxLSPiNGAJGElBH6dq0Gf422,14,1771270366868862000,1771270366865525000,11,Delete,b,10,Dnes je vo
BqbYZxLSPiNGAJGElBH6dq0Gf422,14,1771270367119347000,1771270367110544000,10,Insert, ,11,Dnes je vo 
BqbYZxLSPiNGAJGElBH6dq0Gf422,14,1771270367208449000,1771270367203966000,11,Insert,k,12,Dnes je vo k
BqbYZxLSPiNGAJGElBH6dq0Gf422,14,1771270367354695000,1771270367349061000,12,Insert,u,13,Dnes je vo ku
BqbYZxLSPiNGAJGElBH6dq0Gf422,14,1771270367658856000,1771270367654564000,13,Delete,u,12,Dnes je vo k
BqbYZxLSPiNGAJGElBH6dq0Gf422,14,1771270367809465000,1771270367806106000,12,Delete,k,11,Dnes je vo 
BqbYZxLSPiNGAJGElBH6dq0Gf422,14,1771270367975075000,1771270367971664000,11,Delete, ,10,Dnes je vo
BqbYZxLSPiNGAJGElBH6dq0Gf422,14,1771270368096052000,1771270368090675000,10,Insert,n,11,Dnes je von
BqbYZxLSPiNGAJGElBH6dq0Gf422,14,1771270368186428000,1771270368182145000,11,Insert,k,12,Dnes je vonk
BqbYZxLSPiNGAJGElBH6dq0Gf422,14,1771270368324958000,1771270368320561000,12,Insert,u,13,Dnes je vonku
BqbYZxLSPiNGAJGElBH6dq0Gf422,14,1771270369179820000,1771270369170102000,13,Insert, ,14,Dnes je vonku 
BqbYZxLSPiNGAJGElBH6dq0Gf422,14,1771270369417256000,1771270369409854000,14,Insert,p,15,Dnes je vonku p
BqbYZxLSPiNGAJGElBH6dq0Gf422,14,1771270369495546000,1771270369485665000,15,Insert,e,16,Dnes je vonku pe
BqbYZxLSPiNGAJGElBH6dq0Gf422,14,1771270369594872000,1771270369590861000,16,Insert,k,17,Dnes je vonku pek
BqbYZxLSPiNGAJGElBH6dq0Gf422,14,1771270369747452000,1771270369743053000,17,Insert,n,18,Dnes je vonku pekn
BqbYZxLSPiNGAJGElBH6dq0Gf422,14,1771270369836099000,1771270369831947000,18,Insert,e,19,Dnes je vonku pekne
BqbYZxLSPiNGAJGElBH6dq0Gf422,14,1771270370439990000,1771270370431240000,19,Insert,",",20,"Dnes je vonku pekne,"
BqbYZxLSPiNGAJGElBH6dq0Gf422,14,1771270370867761000,1771270370858997000,20,Insert, ,21,"Dnes je vonku pekne, "
BqbYZxLSPiNGAJGElBH6dq0Gf422,14,1771270371075227000,1771270371069089000,21,Insert,j,22,"Dnes je vonku pekne, j"
BqbYZxLSPiNGAJGElBH6dq0Gf422,14,1771270371175488000,1771270371170486000,22,Insert,d,23,"Dnes je vonku pekne, jd"
BqbYZxLSPiNGAJGElBH6dq0Gf422,14,1771270371364372000,1771270371360393000,23,Insert,e,24,"Dnes je vonku pekne, jde"
BqbYZxLSPiNGAJGElBH6dq0Gf422,14,1771270371435711000,1771270371431197000,24,Insert, ,25,"Dnes je vonku pekne, jde "
BqbYZxLSPiNGAJGElBH6dq0Gf422,14,1771270371787182000,1771270371782276000,25,Delete, ,24,"Dnes je vonku pekne, jde"
BqbYZxLSPiNGAJGElBH6dq0Gf422,14,1771270371937233000,1771270371929327000,24,Delete,e,23,"Dnes je vonku pekne, jd"
BqbYZxLSPiNGAJGElBH6dq0Gf422,14,1771270372091625000,1771270372088260000,23,Delete,d,22,"Dnes je vonku pekne, j"
BqbYZxLSPiNGAJGElBH6dq0Gf422,14,1771270372248918000,1771270372245823000,22,Delete,j,21,"Dnes je vonku pekne, "
BqbYZxLSPiNGAJGElBH6dq0Gf422,14,1771270372485359000,1771270372475520000,21,Insert,i,22,"Dnes je vonku pekne, i"
BqbYZxLSPiNGAJGElBH6dq0Gf422,14,1771270372609421000,1771270372604574000,22,Insert,d,23,"Dnes je vonku pekne, id"
BqbYZxLSPiNGAJGElBH6dq0Gf422,14,1771270372770918000,1771270372766534000,23,Insert,e,24,"Dnes je vonku pekne, ide"
BqbYZxLSPiNGAJGElBH6dq0Gf422,14,1771270372869775000,1771270372865704000,24,Insert,m,25,"Dnes je vonku pekne, idem"
BqbYZxLSPiNGAJGElBH6dq0Gf422,14,1771270373046021000,1771270373041683000,25,Insert, ,26,"Dnes je vonku pekne, idem "
BqbYZxLSPiNGAJGElBH6dq0Gf422,14,1771270373483494000,1771270373475863000,26,Insert,v,27,"Dnes je vonku pekne, idem v"
BqbYZxLSPiNGAJGElBH6dq0Gf422,14,1771270373525173000,1771270373520709000,27,Insert,o,28,"Dnes je vonku pekne, idem vo"
BqbYZxLSPiNGAJGElBH6dq0Gf422,14,1771270373695757000,1771270373691681000,28,Insert,n,29,"Dnes je vonku pekne, idem von"
BqbYZxLSPiNGAJGElBH6dq0Gf422,14,1771270374395162000,1771270374387641000,29,Insert, ,30,"Dnes je vonku pekne, idem von "
BqbYZxLSPiNGAJGElBH6dq0Gf422,14,1771270374548917000,1771270374544061000,30,Insert,s,31,"Dnes je vonku pekne, idem von s"
BqbYZxLSPiNGAJGElBH6dq0Gf422,14,1771270374647919000,1771270374643070000,31,Insert,o,32,"Dnes je vonku pekne, idem von so"
BqbYZxLSPiNGAJGElBH6dq0Gf422,14,1771270374797188000,1771270374792871000,32,Insert, ,33,"Dnes je vonku pekne, idem von so "
BqbYZxLSPiNGAJGElBH6dq0Gf422,14,1771270375006970000,1771270374999013000,33,Insert,p,34,"Dnes je vonku pekne, idem von so p"
BqbYZxLSPiNGAJGElBH6dq0Gf422,14,1771270375133445000,1771270375128903000,34,Insert,s,35,"Dnes je vonku pekne, idem von so ps"
BqbYZxLSPiNGAJGElBH6dq0Gf422,14,1771270375238068000,1771270375233750000,35,Insert,o,36,"Dnes je vonku pekne, idem von so pso"
BqbYZxLSPiNGAJGElBH6dq0Gf422,14,1771270375447236000,1771270375437622000,36,Insert,m,37,"Dnes je vonku pekne, idem von so psom"
BqbYZxLSPiNGAJGElBH6dq0Gf422,14,1771270376252429000,1771270376244497000,37,Insert, ,38,"Dnes je vonku pekne, idem von so psom "
BqbYZxLSPiNGAJGElBH6dq0Gf422,14,1771270376389472000,1771270376384147000,38,Insert,n,39,"Dnes je vonku pekne, idem von so psom n"
BqbYZxLSPiNGAJGElBH6dq0Gf422,14,1771270376593867000,1771270376587583000,39,Insert,a,40,"Dnes je vonku pekne, idem von so psom na"
BqbYZxLSPiNGAJGElBH6dq0Gf422,14,1771270376660520000,1771270376657209000,40,Insert, ,41,"Dnes je vonku pekne, idem von so psom na "
BqbYZxLSPiNGAJGElBH6dq0Gf422,14,1771270376947601000,1771270376940516000,42,Insert,d,43,"Dnes je vonku pekne, idem von so psom na. d"
BqbYZxLSPiNGAJGElBH6dq0Gf422,14,1771270377182975000,1771270377176852000,43,Insert,v,44,"Dnes je vonku pekne, idem von so psom na. dv"
BqbYZxLSPiNGAJGElBH6dq0Gf422,14,1771270377297867000,1771270377293761000,44,Insert,o,45,"Dnes je vonku pekne, idem von so psom na. dvo"
BqbYZxLSPiNGAJGElBH6dq0Gf422,14,1771270377416669000,1771270377412288000,45,Insert,r,46,"Dnes je vonku pekne, idem von so psom na. dvor"
BqbYZxLSPiNGAJGElBH6dq0Gf422,14,1771270377665095000,1771270377659926000,46,Delete,r,45,"Dnes je vonku pekne, idem von so psom na. dvo"
BqbYZxLSPiNGAJGElBH6dq0Gf422,14,1771270377829074000,1771270377824568000,45,Delete,o,44,"Dnes je vonku pekne, idem von so psom na. dv"
BqbYZxLSPiNGAJGElBH6dq0Gf422,14,1771270377993284000,1771270377989469000,44,Delete,v,43,"Dnes je vonku pekne, idem von so psom na. d"
BqbYZxLSPiNGAJGElBH6dq0Gf422,14,1771270378156670000,1771270378153631000,43,Delete,d,42,"Dnes je vonku pekne, idem von so psom na. "
BqbYZxLSPiNGAJGElBH6dq0Gf422,14,1771270378303533000,1771270378300320000,42,Delete, ,41,"Dnes je vonku pekne, idem von so psom na."
BqbYZxLSPiNGAJGElBH6dq0Gf422,14,1771270378734329000,1771270378729616000,41,Delete,.,40,"Dnes je vonku pekne, idem von so psom na"
BqbYZxLSPiNGAJGElBH6dq0Gf422,14,1771270378993432000,1771270378985528000,40,Insert, ,41,"Dnes je vonku pekne, idem von so psom na "
BqbYZxLSPiNGAJGElBH6dq0Gf422,14,1771270379083774000,1771270379078968000,41,Insert,d,42,"Dnes je vonku pekne, idem von so psom na d"
BqbYZxLSPiNGAJGElBH6dq0Gf422,14,1771270379338374000,1771270379331672000,42,Insert,v,43,"Dnes je vonku pekne, idem von so psom na dv"
BqbYZxLSPiNGAJGElBH6dq0Gf422,14,1771270379409602000,1771270379404338000,43,Insert,o,44,"Dnes je vonku pekne, idem von so psom na dvo"
BqbYZxLSPiNGAJGElBH6dq0Gf422,14,1771270379573526000,1771270379568123000,44,Insert,r,45,"Dnes je vonku pekne, idem von so psom na dvor"
BqbYZxLSPiNGAJGElBH6dq0Gf422,14,1771270380720327000,1771270380709808000,45,Insert, ,46,"Dnes je vonku pekne, idem von so psom na dvor "
BqbYZxLSPiNGAJGElBH6dq0Gf422,14,1771270380842327000,1771270380837891000,46,Insert,a,47,"Dnes je vonku pekne, idem von so psom na dvor a"
BqbYZxLSPiNGAJGElBH6dq0Gf422,14,1771270380910972000,1771270380905211000,47,Insert, ,48,"Dnes je vonku pekne, idem von so psom na dvor a "
BqbYZxLSPiNGAJGElBH6dq0Gf422,14,1771270381335499000,1771270381329368000,48,Insert,b,49,"Dnes je vonku pekne, idem von so psom na dvor a b"
BqbYZxLSPiNGAJGElBH6dq0Gf422,14,1771270381503316000,1771270381495399000,49,Insert,u,50,"Dnes je vonku pekne, idem von so psom na dvor a bu"
BqbYZxLSPiNGAJGElBH6dq0Gf422,14,1771270381587069000,1771270381581786000,50,Insert,d,51,"Dnes je vonku pekne, idem von so psom na dvor a bud"
BqbYZxLSPiNGAJGElBH6dq0Gf422,14,1771270381752308000,1771270381747656000,51,Insert,e,52,"Dnes je vonku pekne, idem von so psom na dvor a bude"
BqbYZxLSPiNGAJGElBH6dq0Gf422,14,1771270382077974000,1771270382071698000,52,Insert,m,53,"Dnes je vonku pekne, idem von so psom na dvor a budem"
BqbYZxLSPiNGAJGElBH6dq0Gf422,14,1771270382362232000,1771270382357519000,53,Insert, ,54,"Dnes je vonku pekne, idem von so psom na dvor a budem "
BqbYZxLSPiNGAJGElBH6dq0Gf422,14,1771270382659403000,1771270382652916000,54,Insert,t,55,"Dnes je vonku pekne, idem von so psom na dvor a budem t"
BqbYZxLSPiNGAJGElBH6dq0Gf422,14,1771270382909085000,1771270382902778000,55,Insert,a,56,"Dnes je vonku pekne, idem von so psom na dvor a budem ta"
BqbYZxLSPiNGAJGElBH6dq0Gf422,14,1771270383002607000,1771270382998173000,56,Insert,m,57,"Dnes je vonku pekne, idem von so psom na dvor a budem tam"
BqbYZxLSPiNGAJGElBH6dq0Gf422,14,1771270383482738000,1771270383473492000,57,Insert, ,58,"Dnes je vonku pekne, idem von so psom na dvor a budem tam "
BqbYZxLSPiNGAJGElBH6dq0Gf422,14,1771270383650451000,1771270383645660000,58,Insert,a,59,"Dnes je vonku pekne, idem von so psom na dvor a budem tam a"
BqbYZxLSPiNGAJGElBH6dq0Gf422,14,1771270383827213000,1771270383818778000,59,Insert,s,60,"Dnes je vonku pekne, idem von so psom na dvor a budem tam as"
BqbYZxLSPiNGAJGElBH6dq0Gf422,14,1771270383914019000,1771270383908163000,60,Insert,i,61,"Dnes je vonku pekne, idem von so psom na dvor a budem tam asi"
BqbYZxLSPiNGAJGElBH6dq0Gf422,14,1771270384083455000,1771270384077389000,61,Insert, ,62,"Dnes je vonku pekne, idem von so psom na dvor a budem tam asi "
BqbYZxLSPiNGAJGElBH6dq0Gf422,14,1771270384540773000,1771270384534023000,62,Insert,h,63,"Dnes je vonku pekne, idem von so psom na dvor a budem tam asi h"
BqbYZxLSPiNGAJGElBH6dq0Gf422,14,1771270384621806000,1771270384615746000,63,Insert,o,64,"Dnes je vonku pekne, idem von so psom na dvor a budem tam asi ho"
BqbYZxLSPiNGAJGElBH6dq0Gf422,14,1771270384774516000,1771270384767865000,64,Insert,d,65,"Dnes je vonku pekne, idem von so psom na dvor a budem tam asi hod"
BqbYZxLSPiNGAJGElBH6dq0Gf422,14,1771270384833495000,1771270384829374000,65,Insert,i,66,"Dnes je vonku pekne, idem von so psom na dvor a budem tam asi hodi"
BqbYZxLSPiNGAJGElBH6dq0Gf422,14,1771270385031659000,1771270385022636000,66,Insert,n,67,"Dnes je vonku pekne, idem von so psom na dvor a budem tam asi hodin"
BqbYZxLSPiNGAJGElBH6dq0Gf422,14,1771270385191036000,1771270385186530000,67,Insert,u,68,"Dnes je vonku pekne, idem von so psom na dvor a budem tam asi hodinu"
BqbYZxLSPiNGAJGElBH6dq0Gf422,14,1771270386007289000,1771270385997208000,68,Insert,",",69,"Dnes je vonku pekne, idem von so psom na dvor a budem tam asi hodinu,"
BqbYZxLSPiNGAJGElBH6dq0Gf422,14,1771270386122030000,1771270386117084000,69,Insert, ,70,"Dnes je vonku pekne, idem von so psom na dvor a budem tam asi hodinu, "
BqbYZxLSPiNGAJGElBH6dq0Gf422,14,1771270386307041000,1771270386301760000,70,Insert,b,71,"Dnes je vonku pekne, idem von so psom na dvor a budem tam asi hodinu, b"
BqbYZxLSPiNGAJGElBH6dq0Gf422,14,1771270386486764000,1771270386480688000,71,Insert,u,72,"Dnes je vonku pekne, idem von so psom na dvor a budem tam asi hodinu, bu"
BqbYZxLSPiNGAJGElBH6dq0Gf422,14,1771270386578471000,1771270386574251000,72,Insert,d,73,"Dnes je vonku pekne, idem von so psom na dvor a budem tam asi hodinu, bud"
BqbYZxLSPiNGAJGElBH6dq0Gf422,14,1771270386734613000,1771270386729245000,73,Insert,e,74,"Dnes je vonku pekne, idem von so psom na dvor a budem tam asi hodinu, bude"
BqbYZxLSPiNGAJGElBH6dq0Gf422,14,1771270386788983000,1771270386785259000,74,Insert, ,75,"Dnes je vonku pekne, idem von so psom na dvor a budem tam asi hodinu, bude "
BqbYZxLSPiNGAJGElBH6dq0Gf422,14,1771270386956548000,1771270386951400000,75,Insert,z,76,"Dnes je vonku pekne, idem von so psom na dvor a budem tam asi hodinu, bude z"
BqbYZxLSPiNGAJGElBH6dq0Gf422,14,1771270387060265000,1771270387053783000,76,Insert,o,77,"Dnes je vonku pekne, idem von so psom na dvor a budem tam asi hodinu, bude zo"
BqbYZxLSPiNGAJGElBH6dq0Gf422,14,1771270387226566000,1771270387219943000,77,Insert, ,78,"Dnes je vonku pekne, idem von so psom na dvor a budem tam asi hodinu, bude zo "
BqbYZxLSPiNGAJGElBH6dq0Gf422,14,1771270387529648000,1771270387525656000,78,Delete, ,77,"Dnes je vonku pekne, idem von so psom na dvor a budem tam asi hodinu, bude zo"
BqbYZxLSPiNGAJGElBH6dq0Gf422,14,1771270387676887000,1771270387673939000,77,Delete,o,76,"Dnes je vonku pekne, idem von so psom na dvor a budem tam asi hodinu, bude z"
BqbYZxLSPiNGAJGElBH6dq0Gf422,14,1771270387839129000,1771270387835987000,76,Delete,z,75,"Dnes je vonku pekne, idem von so psom na dvor a budem tam asi hodinu, bude "
BqbYZxLSPiNGAJGElBH6dq0Gf422,14,1771270388044194000,1771270388039825000,75,Insert,t,76,"Dnes je vonku pekne, idem von so psom na dvor a budem tam asi hodinu, bude t"
BqbYZxLSPiNGAJGElBH6dq0Gf422,14,1771270388195462000,1771270388190861000,76,Insert,o,77,"Dnes je vonku pekne, idem von so psom na dvor a budem tam asi hodinu, bude to"
BqbYZxLSPiNGAJGElBH6dq0Gf422,14,1771270388757100000,1771270388743189000,77,Insert, ,78,"Dnes je vonku pekne, idem von so psom na dvor a budem tam asi hodinu, bude to "
BqbYZxLSPiNGAJGElBH6dq0Gf422,14,1771270388869354000,1771270388862288000,78,Insert,f,79,"Dnes je vonku pekne, idem von so psom na dvor a budem tam asi hodinu, bude to f"
BqbYZxLSPiNGAJGElBH6dq0Gf422,14,1771270389125333000,1771270389116980000,79,Insert,a,80,"Dnes je vonku pekne, idem von so psom na dvor a budem tam asi hodinu, bude to fa"
BqbYZxLSPiNGAJGElBH6dq0Gf422,14,1771270389162834000,1771270389158981000,80,Insert,j,81,"Dnes je vonku pekne, idem von so psom na dvor a budem tam asi hodinu, bude to faj"
BqbYZxLSPiNGAJGElBH6dq0Gf422,14,1771270389462408000,1771270389455682000,81,Insert,n,82,"Dnes je vonku pekne, idem von so psom na dvor a budem tam asi hodinu, bude to fajn"
BqbYZxLSPiNGAJGElBH6dq0Gf422,14,1771270389998953000,1771270389990551000,82,Insert,.,83,"Dnes je vonku pekne, idem von so psom na dvor a budem tam asi hodinu, bude to fajn."
BqbYZxLSPiNGAJGElBH6dq0Gf422,15,1771270390913285000,1771270390905468000,0,Insert,D,1,D
BqbYZxLSPiNGAJGElBH6dq0Gf422,15,1771270390993366000,1771270390988710000,1,Insert,n,2,Dn
BqbYZxLSPiNGAJGElBH6dq0Gf422,15,1771270391086952000,1771270391082761000,2,Insert,e,3,Dne
BqbYZxLSPiNGAJGElBH6dq0Gf422,15,1771270391238040000,1771270391234360000,3,Insert,s,4,Dnes
BqbYZxLSPiNGAJGElBH6dq0Gf422,15,1771270391516770000,1771270391509708000,4,Insert, ,5,Dnes 
BqbYZxLSPiNGAJGElBH6dq0Gf422,15,1771270391676156000,1771270391672390000,5,Insert,j,6,Dnes j
BqbYZxLSPiNGAJGElBH6dq0Gf422,15,1771270391754197000,1771270391750464000,6,Insert,e,7,Dnes je
BqbYZxLSPiNGAJGElBH6dq0Gf422,15,1771270391907275000,1771270391903326000,7,Insert, ,8,Dnes je 
BqbYZxLSPiNGAJGElBH6dq0Gf422,15,1771270392307916000,1771270392301779000,8,Insert,v,9,Dnes je v
BqbYZxLSPiNGAJGElBH6dq0Gf422,15,1771270392409694000,1771270392405205000,9,Insert,o,10,Dnes je vo
BqbYZxLSPiNGAJGElBH6dq0Gf422,15,1771270392582304000,1771270392578135000,10,Insert,n,11,Dnes je von
BqbYZxLSPiNGAJGElBH6dq0Gf422,15,1771270392791944000,1771270392785013000,11,Insert,k,12,Dnes je vonk
BqbYZxLSPiNGAJGElBH6dq0Gf422,15,1771270392947007000,1771270392942715000,12,Insert,u,13,Dnes je vonku
BqbYZxLSPiNGAJGElBH6dq0Gf422,15,1771270393114617000,1771270393110524000,13,Insert, ,14,Dnes je vonku 
BqbYZxLSPiNGAJGElBH6dq0Gf422,15,1771270393843206000,1771270393833324000,14,Insert,p,15,Dnes je vonku p
BqbYZxLSPiNGAJGElBH6dq0Gf422,15,1771270393944425000,1771270393940325000,15,Insert,e,16,Dnes je vonku pe
BqbYZxLSPiNGAJGElBH6dq0Gf422,15,1771270394076771000,1771270394072812000,16,Insert,k,17,Dnes je vonku pek
BqbYZxLSPiNGAJGElBH6dq0Gf422,15,1771270394227115000,1771270394223036000,17,Insert,n,18,Dnes je vonku pekn
BqbYZxLSPiNGAJGElBH6dq0Gf422,15,1771270394288251000,1771270394284344000,18,Insert,e,19,Dnes je vonku pekne
BqbYZxLSPiNGAJGElBH6dq0Gf422,15,1771270394847891000,1771270394843694000,19,Insert,",",20,"Dnes je vonku pekne,"
BqbYZxLSPiNGAJGElBH6dq0Gf422,15,1771270395500706000,1771270395492034000,20,Insert, ,21,"Dnes je vonku pekne, "
BqbYZxLSPiNGAJGElBH6dq0Gf422,15,1771270395736151000,1771270395729323000,21,Insert,i,22,"Dnes je vonku pekne, i"
BqbYZxLSPiNGAJGElBH6dq0Gf422,15,1771270395857833000,1771270395853071000,22,Insert,d,23,"Dnes je vonku pekne, id"
BqbYZxLSPiNGAJGElBH6dq0Gf422,15,1771270396001686000,1771270395997757000,23,Insert,e,24,"Dnes je vonku pekne, ide"
BqbYZxLSPiNGAJGElBH6dq0Gf422,15,1771270396056111000,1771270396051596000,24,Insert,m,25,"Dnes je vonku pekne, idem"
BqbYZxLSPiNGAJGElBH6dq0Gf422,15,1771270396214896000,1771270396210720000,25,Insert, ,26,"Dnes je vonku pekne, idem "
BqbYZxLSPiNGAJGElBH6dq0Gf422,15,1771270396376353000,1771270396372339000,26,Insert,v,27,"Dnes je vonku pekne, idem v"
BqbYZxLSPiNGAJGElBH6dq0Gf422,15,1771270396481488000,1771270396476953000,27,Insert,o,28,"Dnes je vonku pekne, idem vo"
BqbYZxLSPiNGAJGElBH6dq0Gf422,15,1771270396654819000,1771270396650809000,28,Insert,n,29,"Dnes je vonku pekne, idem von"
BqbYZxLSPiNGAJGElBH6dq0Gf422,15,1771270397180712000,1771270397176289000,29,Insert, ,30,"Dnes je vonku pekne, idem von "
BqbYZxLSPiNGAJGElBH6dq0Gf422,15,1771270397514306000,1771270397505575000,30,Insert,s,31,"Dnes je vonku pekne, idem von s"
BqbYZxLSPiNGAJGElBH6dq0Gf422,15,1771270397584860000,1771270397581489000,31,Insert,o,32,"Dnes je vonku pekne, idem von so"
BqbYZxLSPiNGAJGElBH6dq0Gf422,15,1771270397785989000,1771270397781484000,32,Insert, ,33,"Dnes je vonku pekne, idem von so "
BqbYZxLSPiNGAJGElBH6dq0Gf422,15,1771270397979807000,1771270397971617000,33,Insert,p,34,"Dnes je vonku pekne, idem von so p"
BqbYZxLSPiNGAJGElBH6dq0Gf422,15,1771270398113576000,1771270398109058000,34,Insert,s,35,"Dnes je vonku pekne, idem von so ps"
BqbYZxLSPiNGAJGElBH6dq0Gf422,15,1771270398213511000,1771270398205576000,35,Insert,o,36,"Dnes je vonku pekne, idem von so pso"
BqbYZxLSPiNGAJGElBH6dq0Gf422,15,1771270398440274000,1771270398433289000,36,Insert,m,37,"Dnes je vonku pekne, idem von so psom"
BqbYZxLSPiNGAJGElBH6dq0Gf422,15,1771270399262637000,1771270399255111000,37,Insert, ,38,"Dnes je vonku pekne, idem von so psom "
BqbYZxLSPiNGAJGElBH6dq0Gf422,15,1771270399450142000,1771270399445048000,38,Insert,n,39,"Dnes je vonku pekne, idem von so psom n"
BqbYZxLSPiNGAJGElBH6dq0Gf422,15,1771270399567364000,1771270399563348000,39,Insert,a,40,"Dnes je vonku pekne, idem von so psom na"
BqbYZxLSPiNGAJGElBH6dq0Gf422,15,1771270399670764000,1771270399666504000,40,Insert, ,41,"Dnes je vonku pekne, idem von so psom na "
BqbYZxLSPiNGAJGElBH6dq0Gf422,15,1771270399806949000,1771270399802681000,41,Insert,d,42,"Dnes je vonku pekne, idem von so psom na d"
BqbYZxLSPiNGAJGElBH6dq0Gf422,15,1771270400029642000,1771270400023483000,42,Insert,v,43,"Dnes je vonku pekne, idem von so psom na dv"
BqbYZxLSPiNGAJGElBH6dq0Gf422,15,1771270400117874000,1771270400113242000,43,Insert,o,44,"Dnes je vonku pekne, idem von so psom na dvo"
BqbYZxLSPiNGAJGElBH6dq0Gf422,15,1771270400235407000,1771270400230304000,44,Insert,r,45,"Dnes je vonku pekne, idem von so psom na dvor"
BqbYZxLSPiNGAJGElBH6dq0Gf422,15,1771270401095111000,1771270401086924000,45,Insert, ,46,"Dnes je vonku pekne, idem von so psom na dvor "
BqbYZxLSPiNGAJGElBH6dq0Gf422,15,1771270401191712000,1771270401181712000,46,Insert,a,47,"Dnes je vonku pekne, idem von so psom na dvor a"
BqbYZxLSPiNGAJGElBH6dq0Gf422,15,1771270401250641000,1771270401245593000,47,Insert, ,48,"Dnes je vonku pekne, idem von so psom na dvor a "
BqbYZxLSPiNGAJGElBH6dq0Gf422,15,1771270401726275000,1771270401721274000,48,Insert,b,49,"Dnes je vonku pekne, idem von so psom na dvor a b"
BqbYZxLSPiNGAJGElBH6dq0Gf422,15,1771270401892793000,1771270401888104000,49,Insert,u,50,"Dnes je vonku pekne, idem von so psom na dvor a bu"
BqbYZxLSPiNGAJGElBH6dq0Gf422,15,1771270401994709000,1771270401990570000,50,Insert,d,51,"Dnes je vonku pekne, idem von so psom na dvor a bud"
BqbYZxLSPiNGAJGElBH6dq0Gf422,15,1771270402155358000,1771270402147388000,51,Insert,e,52,"Dnes je vonku pekne, idem von so psom na dvor a bude"
BqbYZxLSPiNGAJGElBH6dq0Gf422,15,1771270402229430000,1771270402225310000,52,Insert,m,53,"Dnes je vonku pekne, idem von so psom na dvor a budem"
BqbYZxLSPiNGAJGElBH6dq0Gf422,15,1771270402570109000,1771270402562230000,53,Insert, ,54,"Dnes je vonku pekne, idem von so psom na dvor a budem "
BqbYZxLSPiNGAJGElBH6dq0Gf422,15,1771270402669376000,1771270402662970000,54,Insert,z,55,"Dnes je vonku pekne, idem von so psom na dvor a budem z"
BqbYZxLSPiNGAJGElBH6dq0Gf422,15,1771270402940226000,1771270402929081000,55,Insert,a,56,"Dnes je vonku pekne, idem von so psom na dvor a budem za"
BqbYZxLSPiNGAJGElBH6dq0Gf422,15,1771270402978122000,1771270402973838000,56,Insert,m,57,"Dnes je vonku pekne, idem von so psom na dvor a budem zam"
BqbYZxLSPiNGAJGElBH6dq0Gf422,15,1771270403526930000,1771270403523993000,57,Delete,m,56,"Dnes je vonku pekne, idem von so psom na dvor a budem za"
BqbYZxLSPiNGAJGElBH6dq0Gf422,15,1771270403711985000,1771270403709249000,56,Delete,a,55,"Dnes je vonku pekne, idem von so psom na dvor a budem z"
BqbYZxLSPiNGAJGElBH6dq0Gf422,15,1771270404014776000,1771270404009475000,55,Delete,z,54,"Dnes je vonku pekne, idem von so psom na dvor a budem "
BqbYZxLSPiNGAJGElBH6dq0Gf422,15,1771270404100261000,1771270404096232000,54,Insert,t,55,"Dnes je vonku pekne, idem von so psom na dvor a budem t"
BqbYZxLSPiNGAJGElBH6dq0Gf422,15,1771270404358849000,1771270404350956000,55,Insert,a,56,"Dnes je vonku pekne, idem von so psom na dvor a budem ta"
BqbYZxLSPiNGAJGElBH6dq0Gf422,15,1771270404428454000,1771270404424168000,56,Insert,m,57,"Dnes je vonku pekne, idem von so psom na dvor a budem tam"
BqbYZxLSPiNGAJGElBH6dq0Gf422,15,1771270404629906000,1771270404624580000,57,Insert, ,58,"Dnes je vonku pekne, idem von so psom na dvor a budem tam "
BqbYZxLSPiNGAJGElBH6dq0Gf422,15,1771270405010150000,1771270405001285000,58,Insert,f,59,"Dnes je vonku pekne, idem von so psom na dvor a budem tam f"
BqbYZxLSPiNGAJGElBH6dq0Gf422,15,1771270405254212000,1771270405246806000,59,Insert,a,60,"Dnes je vonku pekne, idem von so psom na dvor a budem tam fa"
BqbYZxLSPiNGAJGElBH6dq0Gf422,15,1771270405605740000,1771270405601383000,60,Delete,a,59,"Dnes je vonku pekne, idem von so psom na dvor a budem tam f"
BqbYZxLSPiNGAJGElBH6dq0Gf422,15,1771270405761405000,1771270405755122000,59,Delete,f,58,"Dnes je vonku pekne, idem von so psom na dvor a budem tam "
BqbYZxLSPiNGAJGElBH6dq0Gf422,15,1771270406365040000,1771270406352971000,58,Insert,d,59,"Dnes je vonku pekne, idem von so psom na dvor a budem tam d"
BqbYZxLSPiNGAJGElBH6dq0Gf422,15,1771270406730909000,1771270406726667000,59,Delete,d,58,"Dnes je vonku pekne, idem von so psom na dvor a budem tam "
BqbYZxLSPiNGAJGElBH6dq0Gf422,15,1771270406835504000,1771270406831123000,58,Insert,f,59,"Dnes je vonku pekne, idem von so psom na dvor a budem tam f"
BqbYZxLSPiNGAJGElBH6dq0Gf422,15,1771270407056954000,1771270407052354000,59,Insert,a,60,"Dnes je vonku pekne, idem von so psom na dvor a budem tam fa"
BqbYZxLSPiNGAJGElBH6dq0Gf422,15,1771270407157712000,1771270407151391000,60,Insert,j,61,"Dnes je vonku pekne, idem von so psom na dvor a budem tam faj"
BqbYZxLSPiNGAJGElBH6dq0Gf422,15,1771270407341996000,1771270407337712000,61,Insert,n,62,"Dnes je vonku pekne, idem von so psom na dvor a budem tam fajn"
BqbYZxLSPiNGAJGElBH6dq0Gf422,15,1771270408950859000,1771270408944760000,62,Delete,n,61,"Dnes je vonku pekne, idem von so psom na dvor a budem tam faj"
BqbYZxLSPiNGAJGElBH6dq0Gf422,15,1771270409109726000,1771270409105511000,61,Delete,j,60,"Dnes je vonku pekne, idem von so psom na dvor a budem tam fa"
BqbYZxLSPiNGAJGElBH6dq0Gf422,15,1771270409305372000,1771270409301149000,60,Delete,a,59,"Dnes je vonku pekne, idem von so psom na dvor a budem tam f"
BqbYZxLSPiNGAJGElBH6dq0Gf422,15,1771270409477580000,1771270409473642000,59,Delete,f,58,"Dnes je vonku pekne, idem von so psom na dvor a budem tam "
BqbYZxLSPiNGAJGElBH6dq0Gf422,15,1771270409638149000,1771270409631862000,58,Delete, ,57,"Dnes je vonku pekne, idem von so psom na dvor a budem tam"
BqbYZxLSPiNGAJGElBH6dq0Gf422,15,1771270409800865000,1771270409796327000,57,Delete,m,56,"Dnes je vonku pekne, idem von so psom na dvor a budem ta"
BqbYZxLSPiNGAJGElBH6dq0Gf422,15,1771270410979991000,1771270410973463000,56,Insert,m,57,"Dnes je vonku pekne, idem von so psom na dvor a budem tam"
BqbYZxLSPiNGAJGElBH6dq0Gf422,15,1771270411597960000,1771270411593644000,57,Insert, ,58,"Dnes je vonku pekne, idem von so psom na dvor a budem tam "
BqbYZxLSPiNGAJGElBH6dq0Gf422,15,1771270411750159000,1771270411745213000,58,Insert,a,59,"Dnes je vonku pekne, idem von so psom na dvor a budem tam a"
BqbYZxLSPiNGAJGElBH6dq0Gf422,15,1771270411924431000,1771270411918294000,59,Insert,s,60,"Dnes je vonku pekne, idem von so psom na dvor a budem tam as"
BqbYZxLSPiNGAJGElBH6dq0Gf422,15,1771270411996386000,1771270411990504000,60,Insert,i,61,"Dnes je vonku pekne, idem von so psom na dvor a budem tam asi"
BqbYZxLSPiNGAJGElBH6dq0Gf422,15,1771270412154146000,1771270412149850000,61,Insert, ,62,"Dnes je vonku pekne, idem von so psom na dvor a budem tam asi "
BqbYZxLSPiNGAJGElBH6dq0Gf422,15,1771270412500258000,1771270412492285000,62,Insert,h,63,"Dnes je vonku pekne, idem von so psom na dvor a budem tam asi h"
BqbYZxLSPiNGAJGElBH6dq0Gf422,15,1771270412586779000,1771270412581620000,63,Insert,o,64,"Dnes je vonku pekne, idem von so psom na dvor a budem tam asi ho"
BqbYZxLSPiNGAJGElBH6dq0Gf422,15,1771270412732186000,1771270412722349000,64,Insert,d,65,"Dnes je vonku pekne, idem von so psom na dvor a budem tam asi hod"
BqbYZxLSPiNGAJGElBH6dq0Gf422,15,1771270412796228000,1771270412787319000,65,Insert,i,66,"Dnes je vonku pekne, idem von so psom na dvor a budem tam asi hodi"
BqbYZxLSPiNGAJGElBH6dq0Gf422,15,1771270412997212000,1771270412990156000,66,Insert,n,67,"Dnes je vonku pekne, idem von so psom na dvor a budem tam asi hodin"
BqbYZxLSPiNGAJGElBH6dq0Gf422,15,1771270413155063000,1771270413150091000,67,Insert,u,68,"Dnes je vonku pekne, idem von so psom na dvor a budem tam asi hodinu"
BqbYZxLSPiNGAJGElBH6dq0Gf422,15,1771270413764218000,1771270413755795000,68,Insert,",",69,"Dnes je vonku pekne, idem von so psom na dvor a budem tam asi hodinu,"
BqbYZxLSPiNGAJGElBH6dq0Gf422,15,1771270413905444000,1771270413897586000,69,Insert, ,70,"Dnes je vonku pekne, idem von so psom na dvor a budem tam asi hodinu, "
BqbYZxLSPiNGAJGElBH6dq0Gf422,15,1771270414955159000,1771270414945062000,70,Insert,b,71,"Dnes je vonku pekne, idem von so psom na dvor a budem tam asi hodinu, b"
BqbYZxLSPiNGAJGElBH6dq0Gf422,15,1771270415086642000,1771270415081469000,71,Insert,u,72,"Dnes je vonku pekne, idem von so psom na dvor a budem tam asi hodinu, bu"
BqbYZxLSPiNGAJGElBH6dq0Gf422,15,1771270415238428000,1771270415233256000,72,Insert,d,73,"Dnes je vonku pekne, idem von so psom na dvor a budem tam asi hodinu, bud"
BqbYZxLSPiNGAJGElBH6dq0Gf422,15,1771270415357863000,1771270415345739000,73,Insert,e,74,"Dnes je vonku pekne, idem von so psom na dvor a budem tam asi hodinu, bude"
BqbYZxLSPiNGAJGElBH6dq0Gf422,15,1771270415418047000,1771270415410493000,74,Insert, ,75,"Dnes je vonku pekne, idem von so psom na dvor a budem tam asi hodinu, bude "
BqbYZxLSPiNGAJGElBH6dq0Gf422,15,1771270415571019000,1771270415560422000,75,Insert,t,76,"Dnes je vonku pekne, idem von so psom na dvor a budem tam asi hodinu, bude t"
BqbYZxLSPiNGAJGElBH6dq0Gf422,15,1771270415665063000,1771270415659592000,76,Insert,o,77,"Dnes je vonku pekne, idem von so psom na dvor a budem tam asi hodinu, bude to"
BqbYZxLSPiNGAJGElBH6dq0Gf422,15,1771270415797612000,1771270415791025000,77,Insert, ,78,"Dnes je vonku pekne, idem von so psom na dvor a budem tam asi hodinu, bude to "
BqbYZxLSPiNGAJGElBH6dq0Gf422,15,1771270416010613000,1771270416001605000,78,Insert,f,79,"Dnes je vonku pekne, idem von so psom na dvor a budem tam asi hodinu, bude to f"
BqbYZxLSPiNGAJGElBH6dq0Gf422,15,1771270416226253000,1771270416219506000,79,Insert,a,80,"Dnes je vonku pekne, idem von so psom na dvor a budem tam asi hodinu, bude to fa"
BqbYZxLSPiNGAJGElBH6dq0Gf422,15,1771270416341665000,1771270416335186000,80,Insert,j,81,"Dnes je vonku pekne, idem von so psom na dvor a budem tam asi hodinu, bude to faj"
BqbYZxLSPiNGAJGElBH6dq0Gf422,15,1771270416481893000,1771270416475657000,81,Insert,n,82,"Dnes je vonku pekne, idem von so psom na dvor a budem tam asi hodinu, bude to fajn"
BqbYZxLSPiNGAJGElBH6dq0Gf422,15,1771270416534125000,1771270416528942000,82,Insert,e,83,"Dnes je vonku pekne, idem von so psom na dvor a budem tam asi hodinu, bude to fajne"
BqbYZxLSPiNGAJGElBH6dq0Gf422,15,1771270417078313000,1771270417074680000,83,Delete,e,82,"Dnes je vonku pekne, idem von so psom na dvor a budem tam asi hodinu, bude to fajn"
BqbYZxLSPiNGAJGElBH6dq0Gf422,15,1771270417379652000,1771270417367010000,82,Insert,.,83,"Dnes je vonku pekne, idem von so psom na dvor a budem tam asi hodinu, bude to fajn."
