input,session_id,timestamp,x,y,z
sensor_accelerometer,1fd22e8d-a721-4fc8-bd0b-bddcd3308f36,1773952634396792888,-1.3770695,9.860224,7.442875
sensor_accelerometer,1fd22e8d-a721-4fc8-bd0b-bddcd3308f36,1773952634416970961,-0.29491538,9.295518,8.065607
sensor_accelerometer,1fd22e8d-a721-4fc8-bd0b-bddcd3308f36,1773952634437149034,-0.2757728,8.811569,8.615956
sensor_accelerometer,1fd22e8d-a721-4fc8-bd0b-bddcd3308f36,1773952634457223357,-0.70229346,8.438289,7.194021
sensor_accelerometer,1fd22e8d-a721-4fc8-bd0b-bddcd3308f36,1773952634477330700,-0.6735796,7.8017983,6.9212394
sensor_accelerometer,1fd22e8d-a721-4fc8-bd0b-bddcd3308f36,1773952634497217211,-1.750948,8.002795,4.910072
sensor_accelerometer,1fd22e8d-a721-4fc8-bd0b-bddcd3308f36,1773952634517234190,-1.6217356,8.084151,4.4117665
sensor_accelerometer,1fd22e8d-a721-4fc8-bd0b-bddcd3308f36,1773952634537240440,-0.084346995,7.408777,4.8909297
sensor_accelerometer,1fd22e8d-a721-4fc8-bd0b-bddcd3308f36,1773952634557261950,-0.18005991,7.0354967,5.302495
sensor_accelerometer,1fd22e8d-a721-4fc8-bd0b-bddcd3308f36,1773952634577272523,-0.75972116,7.2508507,6.0113688
sensor_accelerometer,1fd22e8d-a721-4fc8-bd0b-bddcd3308f36,1773952634597289503,-0.9702896,6.9732833,6.5090756
sensor_accelerometer,1fd22e8d-a721-4fc8-bd0b-bddcd3308f36,1773952634617289763,-0.34277186,6.6711893,5.9874406
sensor_accelerometer,1fd22e8d-a721-4fc8-bd0b-bddcd3308f36,1773952634637302575,0.4564309,6.6855464,4.948357
sensor_accelerometer,1fd22e8d-a721-4fc8-bd0b-bddcd3308f36,1773952634657313565,0.4325027,6.5898337,4.004987
sensor_accelerometer,1fd22e8d-a721-4fc8-bd0b-bddcd3308f36,1773952634677322211,0.15972091,6.2309103,3.894917
sensor_accelerometer,1fd22e8d-a721-4fc8-bd0b-bddcd3308f36,1773952634697313200,-0.2757728,6.4462643,5.235496
sensor_accelerometer,1fd22e8d-a721-4fc8-bd0b-bddcd3308f36,1773952634717344763,-0.1896312,6.431907,6.4851475
sensor_accelerometer,1fd22e8d-a721-4fc8-bd0b-bddcd3308f36,1773952634737354086,0.5910272,6.2309103,6.265008
sensor_accelerometer,1fd22e8d-a721-4fc8-bd0b-bddcd3308f36,1773952634757371065,0.30329028,6.1639113,5.843871
sensor_accelerometer,1fd22e8d-a721-4fc8-bd0b-bddcd3308f36,1773952634777383357,-0.4001996,6.7334027,3.99063
sensor_accelerometer,1fd22e8d-a721-4fc8-bd0b-bddcd3308f36,1773952634797404659,-1.2861422,7.0546393,2.7984061
sensor_accelerometer,1fd22e8d-a721-4fc8-bd0b-bddcd3308f36,1773952634817393773,-1.3914263,7.5667033,2.108675
sensor_accelerometer,1fd22e8d-a721-4fc8-bd0b-bddcd3308f36,1773952634837392940,0.2650051,7.85444,2.14696
sensor_accelerometer,1fd22e8d-a721-4fc8-bd0b-bddcd3308f36,1773952634857411638,1.6205392,7.8017983,2.5633113
sensor_accelerometer,1fd22e8d-a721-4fc8-bd0b-bddcd3308f36,1773952634877427784,1.7784654,8.007581,3.3583267
sensor_accelerometer,1fd22e8d-a721-4fc8-bd0b-bddcd3308f36,1773952634897431586,0.72023964,8.29472,3.554538
sensor_accelerometer,1fd22e8d-a721-4fc8-bd0b-bddcd3308f36,1773952634917448461,-0.654437,8.6345005,3.2913275
sensor_accelerometer,1fd22e8d-a721-4fc8-bd0b-bddcd3308f36,1773952634937455180,-1.4727824,8.687142,2.989832
sensor_accelerometer,1fd22e8d-a721-4fc8-bd0b-bddcd3308f36,1773952634957465857,-1.3483555,8.610572,2.5298119
sensor_accelerometer,1fd22e8d-a721-4fc8-bd0b-bddcd3308f36,1773952634977489242,-1.4488541,8.428718,3.0759735
sensor_accelerometer,1fd22e8d-a721-4fc8-bd0b-bddcd3308f36,1773952634997512107,-1.3339987,8.500503,3.708277
sensor_accelerometer,1fd22e8d-a721-4fc8-bd0b-bddcd3308f36,1773952635017503825,-1.3531412,8.615358,4.043272
sensor_accelerometer,1fd22e8d-a721-4fc8-bd0b-bddcd3308f36,1773952635037518930,-1.5349957,8.620144,4.009773
sensor_accelerometer,1fd22e8d-a721-4fc8-bd0b-bddcd3308f36,1773952635057520596,-1.5834504,8.601001,3.6604204
sensor_accelerometer,1fd22e8d-a721-4fc8-bd0b-bddcd3308f36,1773952635077527523,-1.4488541,8.471788,2.9946175
sensor_accelerometer,1fd22e8d-a721-4fc8-bd0b-bddcd3308f36,1773952635097558565,-1.3866407,8.361719,2.7409782
sensor_accelerometer,1fd22e8d-a721-4fc8-bd0b-bddcd3308f36,1773952635117558878,-1.4201403,8.251649,3.679563
sensor_accelerometer,1fd22e8d-a721-4fc8-bd0b-bddcd3308f36,1773952635137556013,-1.9040886,8.26122,4.2299123
sensor_accelerometer,1fd22e8d-a721-4fc8-bd0b-bddcd3308f36,1773952635157573773,-1.5930216,8.256434,3.947559
sensor_accelerometer,1fd22e8d-a721-4fc8-bd0b-bddcd3308f36,1773952635177607055,-0.96550393,8.2660055,3.8470607
sensor_accelerometer,1fd22e8d-a721-4fc8-bd0b-bddcd3308f36,1773952635197596534,-0.50069815,8.165507,3.4971104
sensor_accelerometer,1fd22e8d-a721-4fc8-bd0b-bddcd3308f36,1773952635217633253,-0.56829536,7.911868,3.5497525
sensor_accelerometer,1fd22e8d-a721-4fc8-bd0b-bddcd3308f36,1773952635237617159,-1.2574283,7.9740815,4.1437707
sensor_accelerometer,1fd22e8d-a721-4fc8-bd0b-bddcd3308f36,1773952635257633200,-1.2909278,8.175078,4.733003
sensor_accelerometer,1fd22e8d-a721-4fc8-bd0b-bddcd3308f36,1773952635277661325,-1.0229317,8.246863,5.316852
sensor_accelerometer,1fd22e8d-a721-4fc8-bd0b-bddcd3308f36,1773952635297648409,-1.1282159,8.165507,5.048856
sensor_accelerometer,1fd22e8d-a721-4fc8-bd0b-bddcd3308f36,1773952635317668096,-1.0372887,8.141579,4.4021955
sensor_accelerometer,1fd22e8d-a721-4fc8-bd0b-bddcd3308f36,1773952635337681794,-1.2143575,8.237292,4.3112683
sensor_accelerometer,1fd22e8d-a721-4fc8-bd0b-bddcd3308f36,1773952635357689242,-1.2191432,8.37129,4.4548373
sensor_accelerometer,1fd22e8d-a721-4fc8-bd0b-bddcd3308f36,1773952635377689346,-1.0229317,8.471788,4.555336
sensor_accelerometer,1fd22e8d-a721-4fc8-bd0b-bddcd3308f36,1773952635397731169,-1.1952149,8.304291,4.622335
sensor_accelerometer,1fd22e8d-a721-4fc8-bd0b-bddcd3308f36,1773952635417714815,-1.5493526,8.313862,4.4404807
sensor_accelerometer,1fd22e8d-a721-4fc8-bd0b-bddcd3308f36,1773952635437723513,-1.5643078,8.122437,4.009773
sensor_accelerometer,1fd22e8d-a721-4fc8-bd0b-bddcd3308f36,1773952635457733721,-1.4057833,8.22772,3.7896328
sensor_accelerometer,1fd22e8d-a721-4fc8-bd0b-bddcd3308f36,1773952635477774503,-1.4201403,8.414361,3.8901315
sensor_accelerometer,1fd22e8d-a721-4fc8-bd0b-bddcd3308f36,1773952635497781482,-0.9320044,8.543573,4.191627
sensor_accelerometer,1fd22e8d-a721-4fc8-bd0b-bddcd3308f36,1773952635517798825,-1.2717853,8.37129,4.881358
sensor_accelerometer,1fd22e8d-a721-4fc8-bd0b-bddcd3308f36,1773952635537807940,-2.1003,8.419147,4.924429
sensor_accelerometer,1fd22e8d-a721-4fc8-bd0b-bddcd3308f36,1773952635557791586,-1.8658035,8.423932,4.962714
sensor_accelerometer,1fd22e8d-a721-4fc8-bd0b-bddcd3308f36,1773952635577814555,-0.75972116,8.246863,5.168497
sensor_accelerometer,1fd22e8d-a721-4fc8-bd0b-bddcd3308f36,1773952635597811169,-0.18484555,7.820941,5.139783
sensor_accelerometer,1fd22e8d-a721-4fc8-bd0b-bddcd3308f36,1773952635617830753,-0.24705894,7.9980097,5.1924253
sensor_accelerometer,1fd22e8d-a721-4fc8-bd0b-bddcd3308f36,1773952635637829815,-0.5054838,8.007581,4.910072
sensor_accelerometer,1fd22e8d-a721-4fc8-bd0b-bddcd3308f36,1773952635657855336,-1.2287145,7.791629,4.383053
sensor_accelerometer,1fd22e8d-a721-4fc8-bd0b-bddcd3308f36,1773952635677888461,-1.3579268,7.806584,4.0145583
sensor_accelerometer,1fd22e8d-a721-4fc8-bd0b-bddcd3308f36,1773952635697865753,-1.2287145,7.9022965,3.7944186
sensor_accelerometer,1fd22e8d-a721-4fc8-bd0b-bddcd3308f36,1773952635717886638,-1.1904292,7.9166536,4.39741
sensor_accelerometer,1fd22e8d-a721-4fc8-bd0b-bddcd3308f36,1773952635737921273,-1.3722838,7.830512,4.8526444
sensor_accelerometer,1fd22e8d-a721-4fc8-bd0b-bddcd3308f36,1773952635757904190,-1.1425728,8.017152,4.8622155
sensor_accelerometer,1fd22e8d-a721-4fc8-bd0b-bddcd3308f36,1773952635777926430,-1.1138589,8.112865,4.871787
sensor_accelerometer,1fd22e8d-a721-4fc8-bd0b-bddcd3308f36,1773952635797954555,-1.4249259,7.8783684,4.7138605
sensor_accelerometer,1fd22e8d-a721-4fc8-bd0b-bddcd3308f36,1773952635817965492,-1.6456637,7.8927255,4.28734
sensor_accelerometer,1fd22e8d-a721-4fc8-bd0b-bddcd3308f36,1773952635837960388,-1.5738791,8.132008,4.3447676
sensor_accelerometer,1fd22e8d-a721-4fc8-bd0b-bddcd3308f36,1773952635857952888,-1.0372887,8.050652,4.2681975
sensor_accelerometer,1fd22e8d-a721-4fc8-bd0b-bddcd3308f36,1773952635877968930,-0.6448657,7.9836526,4.6462636
sensor_accelerometer,1fd22e8d-a721-4fc8-bd0b-bddcd3308f36,1773952635897992367,-0.8745767,7.945368,5.163711
sensor_accelerometer,1fd22e8d-a721-4fc8-bd0b-bddcd3308f36,1773952635918019815,-1.329213,8.170293,5.5465627
sensor_accelerometer,1fd22e8d-a721-4fc8-bd0b-bddcd3308f36,1773952635938025753,-1.4344971,8.232507,5.130212
sensor_accelerometer,1fd22e8d-a721-4fc8-bd0b-bddcd3308f36,1773952635958035180,-0.94636136,8.175078,4.0672
sensor_accelerometer,1fd22e8d-a721-4fc8-bd0b-bddcd3308f36,1773952635978040336,-0.6735796,8.3377905,3.2913275
sensor_accelerometer,1fd22e8d-a721-4fc8-bd0b-bddcd3308f36,1773952635998034919,-0.8219346,8.457432,3.31047
sensor_accelerometer,1fd22e8d-a721-4fc8-bd0b-bddcd3308f36,1773952636018062680,-1.0660025,8.577073,3.3296127
sensor_accelerometer,1fd22e8d-a721-4fc8-bd0b-bddcd3308f36,1773952636038064346,-1.3004991,8.601001,3.377469
sensor_accelerometer,1fd22e8d-a721-4fc8-bd0b-bddcd3308f36,1773952636058080075,-1.4297116,8.601001,3.583252
sensor_accelerometer,1fd22e8d-a721-4fc8-bd0b-bddcd3308f36,1773952636078092055,-1.1138589,8.495717,3.353541
sensor_accelerometer,1fd22e8d-a721-4fc8-bd0b-bddcd3308f36,1773952636098090492,-1.2574283,8.4909315,3.3200414
sensor_accelerometer,1fd22e8d-a721-4fc8-bd0b-bddcd3308f36,1773952636118108617,-1.2957134,8.505288,3.458825
sensor_accelerometer,1fd22e8d-a721-4fc8-bd0b-bddcd3308f36,1773952636138114398,-1.5738791,8.691928,3.5162528
sensor_accelerometer,1fd22e8d-a721-4fc8-bd0b-bddcd3308f36,1773952636158118044,-1.7940187,8.639286,3.1669009
sensor_accelerometer,1fd22e8d-a721-4fc8-bd0b-bddcd3308f36,1773952636178155857,-1.0660025,8.543573,3.9379878
sensor_accelerometer,1fd22e8d-a721-4fc8-bd0b-bddcd3308f36,1773952636198157107,-1.3387842,8.270791,4.148556
sensor_accelerometer,1fd22e8d-a721-4fc8-bd0b-bddcd3308f36,1773952636218162055,-1.9184456,8.390432,3.952345
sensor_accelerometer,1fd22e8d-a721-4fc8-bd0b-bddcd3308f36,1773952636238170805,-2.018944,8.486146,4.5409794
sensor_accelerometer,1fd22e8d-a721-4fc8-bd0b-bddcd3308f36,1773952636258185336,-1.2335001,8.414361,4.814359
sensor_accelerometer,1fd22e8d-a721-4fc8-bd0b-bddcd3308f36,1773952636278182367,-1.2574283,8.29472,4.3926244
sensor_accelerometer,1fd22e8d-a721-4fc8-bd0b-bddcd3308f36,1773952636298206586,-1.2047862,8.476574,3.4827533
sensor_accelerometer,1fd22e8d-a721-4fc8-bd0b-bddcd3308f36,1773952636318207836,-2.018944,8.830712,2.8510482
sensor_accelerometer,1fd22e8d-a721-4fc8-bd0b-bddcd3308f36,1773952636338213461,-1.7270198,9.0131645,3.8135612
sensor_accelerometer,1fd22e8d-a721-4fc8-bd0b-bddcd3308f36,1773952636358232680,-1.5930216,8.931808,4.2394834
sensor_accelerometer,1fd22e8d-a721-4fc8-bd0b-bddcd3308f36,1773952636378251378,-1.7844474,8.40479,3.0472596
sensor_accelerometer,1fd22e8d-a721-4fc8-bd0b-bddcd3308f36,1773952636398285075,-1.6935202,7.926225,1.6827525
sensor_accelerometer,1fd22e8d-a721-4fc8-bd0b-bddcd3308f36,1773952636418263409,-0.5102694,7.6863446,2.8031917
sensor_accelerometer,1fd22e8d-a721-4fc8-bd0b-bddcd3308f36,1773952636438283773,0.4660022,7.8017983,5.4412785
sensor_accelerometer,1fd22e8d-a721-4fc8-bd0b-bddcd3308f36,1773952636458315753,-0.32841492,8.136793,7.2753773
sensor_accelerometer,1fd22e8d-a721-4fc8-bd0b-bddcd3308f36,1773952636478327159,-1.3387842,7.945368,7.457232
sensor_accelerometer,1fd22e8d-a721-4fc8-bd0b-bddcd3308f36,1773952636498327523,-1.6600207,7.844869,5.4317074
sensor_accelerometer,1fd22e8d-a721-4fc8-bd0b-bddcd3308f36,1773952636518346898,-1.6791633,7.9740815,3.866203
sensor_accelerometer,1fd22e8d-a721-4fc8-bd0b-bddcd3308f36,1773952636538360753,-1.1234303,8.060223,2.0608184
sensor_accelerometer,1fd22e8d-a721-4fc8-bd0b-bddcd3308f36,1773952636558343357,-1.0707881,8.098508,2.664408
sensor_accelerometer,1fd22e8d-a721-4fc8-bd0b-bddcd3308f36,1773952636578351794,-1.5397813,8.323434,3.8518462
sensor_accelerometer,1fd22e8d-a721-4fc8-bd0b-bddcd3308f36,1773952636598387315,-1.4679967,8.323434,4.9435716
sensor_accelerometer,1fd22e8d-a721-4fc8-bd0b-bddcd3308f36,1773952636618375648,-0.802792,8.37129,5.326423
sensor_accelerometer,1fd22e8d-a721-4fc8-bd0b-bddcd3308f36,1773952636638415596,-0.39541394,8.361719,5.383851
sensor_accelerometer,1fd22e8d-a721-4fc8-bd0b-bddcd3308f36,1773952636658423982,-0.80757767,8.471788,5.178068
sensor_accelerometer,1fd22e8d-a721-4fc8-bd0b-bddcd3308f36,1773952636678419138,-1.4201403,8.232507,4.8526444
sensor_accelerometer,1fd22e8d-a721-4fc8-bd0b-bddcd3308f36,1773952636698424138,-1.477568,8.2660055,3.9954157
sensor_accelerometer,1fd22e8d-a721-4fc8-bd0b-bddcd3308f36,1773952636718434711,-1.2717853,8.170293,3.4779677
sensor_accelerometer,1fd22e8d-a721-4fc8-bd0b-bddcd3308f36,1773952636738450440,-1.4392828,8.251649,2.9515467
sensor_accelerometer,1fd22e8d-a721-4fc8-bd0b-bddcd3308f36,1773952636758452680,-1.0899308,8.117651,3.0759735
sensor_accelerometer,1fd22e8d-a721-4fc8-bd0b-bddcd3308f36,1773952636778468409,-0.7788638,8.256434,3.7657046
sensor_accelerometer,1fd22e8d-a721-4fc8-bd0b-bddcd3308f36,1773952636798470075,-1.1904292,8.419147,5.0105705
sensor_accelerometer,1fd22e8d-a721-4fc8-bd0b-bddcd3308f36,1773952636818484294,-1.5254245,8.347362,5.2833524
sensor_accelerometer,1fd22e8d-a721-4fc8-bd0b-bddcd3308f36,1773952636838499138,-1.1521441,8.199007,4.4931226
sensor_accelerometer,1fd22e8d-a721-4fc8-bd0b-bddcd3308f36,1773952636858508617,-0.47676992,8.4813595,3.0089746
sensor_accelerometer,1fd22e8d-a721-4fc8-bd0b-bddcd3308f36,1773952636878514659,-0.36191443,8.577073,2.0991037
sensor_accelerometer,1fd22e8d-a721-4fc8-bd0b-bddcd3308f36,1773952636898528357,-1.3196417,8.620144,1.8933209
sensor_accelerometer,1fd22e8d-a721-4fc8-bd0b-bddcd3308f36,1773952636918542732,-1.6121643,8.581859,2.1038892
sensor_accelerometer,1fd22e8d-a721-4fc8-bd0b-bddcd3308f36,1773952636938544190,-1.314856,8.548359,2.472384
sensor_accelerometer,1fd22e8d-a721-4fc8-bd0b-bddcd3308f36,1773952636958574086,-1.2861422,8.888738,2.6835506
sensor_accelerometer,1fd22e8d-a721-4fc8-bd0b-bddcd3308f36,1773952636978578253,-1.6887345,9.089735,2.7409782
sensor_accelerometer,1fd22e8d-a721-4fc8-bd0b-bddcd3308f36,1773952636998576794,-1.669592,9.099306,2.7026932
sensor_accelerometer,1fd22e8d-a721-4fc8-bd0b-bddcd3308f36,1773952637018605336,-0.084346995,8.830712,2.8366911
sensor_accelerometer,1fd22e8d-a721-4fc8-bd0b-bddcd3308f36,1773952637038602992,-0.7405786,8.840881,2.6452653
sensor_accelerometer,1fd22e8d-a721-4fc8-bd0b-bddcd3308f36,1773952637058621534,-2.3012972,8.538788,3.1669009
sensor_accelerometer,1fd22e8d-a721-4fc8-bd0b-bddcd3308f36,1773952637078640700,-2.3300111,8.132008,4.85743
sensor_accelerometer,1fd22e8d-a721-4fc8-bd0b-bddcd3308f36,1773952637098637836,-1.180858,7.681559,6.8925257
sensor_accelerometer,1fd22e8d-a721-4fc8-bd0b-bddcd3308f36,1773952637118651430,-0.4863412,7.533204,7.629515
sensor_accelerometer,1fd22e8d-a721-4fc8-bd0b-bddcd3308f36,1773952637138673773,-0.42412782,7.6384883,6.9882383
sensor_accelerometer,1fd22e8d-a721-4fc8-bd0b-bddcd3308f36,1773952637158692888,-0.96550393,7.940582,5.2163534
sensor_accelerometer,1fd22e8d-a721-4fc8-bd0b-bddcd3308f36,1773952637178689659,-1.2765709,7.993224,3.7800615
sensor_accelerometer,1fd22e8d-a721-4fc8-bd0b-bddcd3308f36,1773952637198722367,-1.4727824,8.132008,3.2913275
sensor_accelerometer,1fd22e8d-a721-4fc8-bd0b-bddcd3308f36,1773952637218699398,-1.6217356,8.031509,3.5784662
sensor_accelerometer,1fd22e8d-a721-4fc8-bd0b-bddcd3308f36,1773952637238714971,-1.5834504,8.060223,3.8709888
sensor_accelerometer,1fd22e8d-a721-4fc8-bd0b-bddcd3308f36,1773952637258720857,-0.9798609,8.021938,4.39741
sensor_accelerometer,1fd22e8d-a721-4fc8-bd0b-bddcd3308f36,1773952637278765700,-1.0277174,8.203793,4.6899323
sensor_accelerometer,1fd22e8d-a721-4fc8-bd0b-bddcd3308f36,1773952637298775075,-1.2861422,8.37129,4.555336
sensor_accelerometer,1fd22e8d-a721-4fc8-bd0b-bddcd3308f36,1773952637318761950,-0.90807617,8.6345005,4.3686957
sensor_accelerometer,1fd22e8d-a721-4fc8-bd0b-bddcd3308f36,1773952637338771273,-0.8171489,8.462217,4.962714
sensor_accelerometer,1fd22e8d-a721-4fc8-bd0b-bddcd3308f36,1773952637358780805,-1.0851451,8.366505,5.063213
sensor_accelerometer,1fd22e8d-a721-4fc8-bd0b-bddcd3308f36,1773952637378802575,-1.2191432,8.256434,4.1437707
sensor_accelerometer,1fd22e8d-a721-4fc8-bd0b-bddcd3308f36,1773952637398799971,-1.5014962,8.333005,3.176472
sensor_accelerometer,1fd22e8d-a721-4fc8-bd0b-bddcd3308f36,1773952637418820700,-1.3722838,8.37129,3.1334012
sensor_accelerometer,1fd22e8d-a721-4fc8-bd0b-bddcd3308f36,1773952637438832003,-1.2382857,8.395218,2.7361927
sensor_accelerometer,1fd22e8d-a721-4fc8-bd0b-bddcd3308f36,1773952637458850440,-0.8458628,8.146365,3.3487554
sensor_accelerometer,1fd22e8d-a721-4fc8-bd0b-bddcd3308f36,1773952637478852263,-1.8275183,8.07458,4.2442694
sensor_accelerometer,1fd22e8d-a721-4fc8-bd0b-bddcd3308f36,1773952637498879503,-2.4448664,8.165507,4.598407
sensor_accelerometer,1fd22e8d-a721-4fc8-bd0b-bddcd3308f36,1773952637518888617,-1.5786648,8.318648,4.4117665
sensor_accelerometer,1fd22e8d-a721-4fc8-bd0b-bddcd3308f36,1773952637538888773,-0.587438,8.615358,4.272983
sensor_accelerometer,1fd22e8d-a721-4fc8-bd0b-bddcd3308f36,1773952637558903357,-0.10348958,8.860024,4.0719857
sensor_accelerometer,1fd22e8d-a721-4fc8-bd0b-bddcd3308f36,1773952637578916794,-0.381057,8.648857,4.6707897
sensor_accelerometer,1fd22e8d-a721-4fc8-bd0b-bddcd3308f36,1773952637598920909,-1.1521441,8.203793,4.9674997
sensor_accelerometer,1fd22e8d-a721-4fc8-bd0b-bddcd3308f36,1773952637618936742,-1.4967105,8.323434,4.406981
sensor_accelerometer,1fd22e8d-a721-4fc8-bd0b-bddcd3308f36,1773952637638948721,-1.247857,8.007581,3.8087754
sensor_accelerometer,1fd22e8d-a721-4fc8-bd0b-bddcd3308f36,1773952637658946273,-1.5978073,8.017152,3.12383
sensor_accelerometer,1fd22e8d-a721-4fc8-bd0b-bddcd3308f36,1773952637678965440,-1.5254245,8.256434,2.9802606
sensor_accelerometer,1fd22e8d-a721-4fc8-bd0b-bddcd3308f36,1773952637698975232,-0.7118647,8.256434,3.2147572
sensor_accelerometer,1fd22e8d-a721-4fc8-bd0b-bddcd3308f36,1773952637718984242,-0.1896312,8.37129,3.5880375
sensor_accelerometer,1fd22e8d-a721-4fc8-bd0b-bddcd3308f36,1773952637739011690,-0.8362915,8.29472,4.6755753
sensor_accelerometer,1fd22e8d-a721-4fc8-bd0b-bddcd3308f36,1773952637759000753,-1.6887345,8.428718,5.460421
sensor_accelerometer,1fd22e8d-a721-4fc8-bd0b-bddcd3308f36,1773952637779019450,-1.4871392,8.112865,5.3503513
sensor_accelerometer,1fd22e8d-a721-4fc8-bd0b-bddcd3308f36,1773952637799050232,-1.2957134,7.9980097,4.867001
sensor_accelerometer,1fd22e8d-a721-4fc8-bd0b-bddcd3308f36,1773952637819028982,-1.3483555,8.347362,4.1150565
sensor_accelerometer,1fd22e8d-a721-4fc8-bd0b-bddcd3308f36,1773952637839048409,-1.3483555,8.246863,3.8997028
sensor_accelerometer,1fd22e8d-a721-4fc8-bd0b-bddcd3308f36,1773952637859084555,-1.5738791,8.26122,3.9188452
sensor_accelerometer,1fd22e8d-a721-4fc8-bd0b-bddcd3308f36,1773952637879094398,-1.6169499,8.213364,3.909274
sensor_accelerometer,1fd22e8d-a721-4fc8-bd0b-bddcd3308f36,1773952637899105805,-1.2047862,8.22772,3.7322052
sensor_accelerometer,1fd22e8d-a721-4fc8-bd0b-bddcd3308f36,1773952637919081534,-0.4959125,8.275578,3.69392
sensor_accelerometer,1fd22e8d-a721-4fc8-bd0b-bddcd3308f36,1773952637939121794,-0.8315059,8.136793,4.3351965
sensor_accelerometer,1fd22e8d-a721-4fc8-bd0b-bddcd3308f36,1773952637959110023,-1.8801605,8.251649,4.555336
sensor_accelerometer,1fd22e8d-a721-4fc8-bd0b-bddcd3308f36,1773952637979129815,-1.6743777,8.476574,3.7896328
sensor_accelerometer,1fd22e8d-a721-4fc8-bd0b-bddcd3308f36,1773952637999172211,-0.4959125,8.883952,3.6987057
sensor_accelerometer,1fd22e8d-a721-4fc8-bd0b-bddcd3308f36,1773952638019147523,0.16450655,8.644072,4.383053
sensor_accelerometer,1fd22e8d-a721-4fc8-bd0b-bddcd3308f36,1773952638039153305,-0.56350976,8.505288,4.761717
sensor_accelerometer,1fd22e8d-a721-4fc8-bd0b-bddcd3308f36,1773952638059166273,-1.032503,8.538788,4.249055
sensor_accelerometer,1fd22e8d-a721-4fc8-bd0b-bddcd3308f36,1773952638079201586,-1.0707881,8.328219,3.60718
sensor_accelerometer,1fd22e8d-a721-4fc8-bd0b-bddcd3308f36,1773952638099183982,-1.0899308,8.505288,3.3966117
sensor_accelerometer,1fd22e8d-a721-4fc8-bd0b-bddcd3308f36,1773952638119201169,-0.802792,8.222935,2.8845477
sensor_accelerometer,1fd22e8d-a721-4fc8-bd0b-bddcd3308f36,1773952638139239034,-0.67836523,8.151151,3.377469
sensor_accelerometer,1fd22e8d-a721-4fc8-bd0b-bddcd3308f36,1773952638159225648,-1.1856437,8.304291,4.3064823
sensor_accelerometer,1fd22e8d-a721-4fc8-bd0b-bddcd3308f36,1773952638179241586,-1.5110675,8.380861,4.6319065
sensor_accelerometer,1fd22e8d-a721-4fc8-bd0b-bddcd3308f36,1773952638199271534,-1.3770695,8.534002,4.3064823
sensor_accelerometer,1fd22e8d-a721-4fc8-bd0b-bddcd3308f36,1773952638219254346,-1.0707881,8.400003,4.545765
sensor_accelerometer,1fd22e8d-a721-4fc8-bd0b-bddcd3308f36,1773952638239285440,-1.3052847,7.954939,4.6654058
sensor_accelerometer,1fd22e8d-a721-4fc8-bd0b-bddcd3308f36,1773952638259268253,-1.7174485,8.127222,4.0959144
sensor_accelerometer,1fd22e8d-a721-4fc8-bd0b-bddcd3308f36,1773952638279313253,-1.329213,8.208578,3.138187
sensor_accelerometer,1fd22e8d-a721-4fc8-bd0b-bddcd3308f36,1773952638299289867,-1.329213,8.601001,3.2434711
sensor_accelerometer,1fd22e8d-a721-4fc8-bd0b-bddcd3308f36,1773952638319302107,-0.4528417,8.758927,3.4157543
sensor_accelerometer,1fd22e8d-a721-4fc8-bd0b-bddcd3308f36,1773952638339348930,-0.63529444,8.270791,4.1007
sensor_accelerometer,1fd22e8d-a721-4fc8-bd0b-bddcd3308f36,1773952638359335492,-1.8466609,8.414361,4.3926244
sensor_accelerometer,1fd22e8d-a721-4fc8-bd0b-bddcd3308f36,1773952638379347575,-1.9471594,8.050652,4.124628
sensor_accelerometer,1fd22e8d-a721-4fc8-bd0b-bddcd3308f36,1773952638399380805,-1.4536397,7.8783684,4.3734818
sensor_accelerometer,1fd22e8d-a721-4fc8-bd0b-bddcd3308f36,1773952638419375596,-0.3044867,8.088937,4.2777686
sensor_accelerometer,1fd22e8d-a721-4fc8-bd0b-bddcd3308f36,1773952638439371846,-0.0317049,8.127222,5.407779
sensor_accelerometer,1fd22e8d-a721-4fc8-bd0b-bddcd3308f36,1773952638459376013,-0.41455653,8.323434,5.5896335
sensor_accelerometer,1fd22e8d-a721-4fc8-bd0b-bddcd3308f36,1773952638479400440,-0.7645068,8.581859,5.1206403
sensor_accelerometer,1fd22e8d-a721-4fc8-bd0b-bddcd3308f36,1773952638499437315,-1.1904292,8.323434,4.910072
sensor_accelerometer,1fd22e8d-a721-4fc8-bd0b-bddcd3308f36,1773952638519416846,-1.558924,7.921439,4.191627
sensor_accelerometer,1fd22e8d-a721-4fc8-bd0b-bddcd3308f36,1773952638539429242,-1.5302101,7.7294154,4.545765
sensor_accelerometer,1fd22e8d-a721-4fc8-bd0b-bddcd3308f36,1773952638559438200,-1.5643078,7.494919,5.613562
sensor_accelerometer,1fd22e8d-a721-4fc8-bd0b-bddcd3308f36,1773952638579451169,-1.6265212,7.921439,5.9300127
sensor_accelerometer,1fd22e8d-a721-4fc8-bd0b-bddcd3308f36,1773952638599491794,-0.97507524,8.242078,5.221139
sensor_accelerometer,1fd22e8d-a721-4fc8-bd0b-bddcd3308f36,1773952638619477575,-0.11784652,8.773284,4.4596233
sensor_accelerometer,1fd22e8d-a721-4fc8-bd0b-bddcd3308f36,1773952638639486846,0.5383851,8.691928,4.7569313
sensor_accelerometer,1fd22e8d-a721-4fc8-bd0b-bddcd3308f36,1773952638659490648,-0.52522457,8.2660055,4.531408
sensor_accelerometer,1fd22e8d-a721-4fc8-bd0b-bddcd3308f36,1773952638679498773,-1.2382857,8.313862,3.8470607
sensor_accelerometer,1fd22e8d-a721-4fc8-bd0b-bddcd3308f36,1773952638699543825,-1.0947163,8.208578,3.4779677
sensor_accelerometer,1fd22e8d-a721-4fc8-bd0b-bddcd3308f36,1773952638719532003,-1.2526426,8.017152,3.0329027
sensor_accelerometer,1fd22e8d-a721-4fc8-bd0b-bddcd3308f36,1773952638739565805,-1.0277174,8.189436,2.6548367
sensor_accelerometer,1fd22e8d-a721-4fc8-bd0b-bddcd3308f36,1773952638759558200,-0.47198427,8.385647,2.9994032
sensor_accelerometer,1fd22e8d-a721-4fc8-bd0b-bddcd3308f36,1773952638779561898,-0.14656039,8.313862,3.0999017
sensor_accelerometer,1fd22e8d-a721-4fc8-bd0b-bddcd3308f36,1773952638799565232,-0.33320054,8.4813595,3.909274
sensor_accelerometer,1fd22e8d-a721-4fc8-bd0b-bddcd3308f36,1773952638819594919,-0.64008003,8.806784,4.2011986
sensor_accelerometer,1fd22e8d-a721-4fc8-bd0b-bddcd3308f36,1773952638839590232,-1.0229317,8.605786,4.0815573
sensor_accelerometer,1fd22e8d-a721-4fc8-bd0b-bddcd3308f36,1773952638859600284,-1.0660025,8.519645,3.7178483
sensor_accelerometer,1fd22e8d-a721-4fc8-bd0b-bddcd3308f36,1773952638879636846,-1.0660025,8.246863,3.4253256
sensor_accelerometer,1fd22e8d-a721-4fc8-bd0b-bddcd3308f36,1773952638899643096,-1.6456637,8.447861,3.1142588
sensor_accelerometer,1fd22e8d-a721-4fc8-bd0b-bddcd3308f36,1773952638919649398,-2.344368,8.385647,3.3152559
sensor_accelerometer,1fd22e8d-a721-4fc8-bd0b-bddcd3308f36,1773952638939656534,-2.6129622,8.232507,3.0903304
sensor_accelerometer,1fd22e8d-a721-4fc8-bd0b-bddcd3308f36,1773952638959666950,-2.277369,8.409575,2.774478
sensor_accelerometer,1fd22e8d-a721-4fc8-bd0b-bddcd3308f36,1773952638979685336,-1.4249259,8.586644,2.5154548
sensor_accelerometer,1fd22e8d-a721-4fc8-bd0b-bddcd3308f36,1773952638999684346,-1.2143575,8.830712,2.1421745
sensor_accelerometer,1fd22e8d-a721-4fc8-bd0b-bddcd3308f36,1773952639019701586,-1.410569,9.113664,2.2618155
sensor_accelerometer,1fd22e8d-a721-4fc8-bd0b-bddcd3308f36,1773952639039707836,-1.9328024,9.12802,2.204388
sensor_accelerometer,1fd22e8d-a721-4fc8-bd0b-bddcd3308f36,1773952639059718617,-1.1904292,9.233304,2.6739793
sensor_accelerometer,1fd22e8d-a721-4fc8-bd0b-bddcd3308f36,1773952639079733773,-1.0803595,8.691928,2.9276185
sensor_accelerometer,1fd22e8d-a721-4fc8-bd0b-bddcd3308f36,1773952639099744034,-2.464009,8.840881,3.9858444
sensor_accelerometer,1fd22e8d-a721-4fc8-bd0b-bddcd3308f36,1773952639119758148,-2.7756743,8.37129,5.096712
sensor_accelerometer,1fd22e8d-a721-4fc8-bd0b-bddcd3308f36,1773952639139764346,-1.3627125,7.758129,5.45085
sensor_accelerometer,1fd22e8d-a721-4fc8-bd0b-bddcd3308f36,1773952639159781430,-0.65922266,7.576275,5.6949177
sensor_accelerometer,1fd22e8d-a721-4fc8-bd0b-bddcd3308f36,1773952639179792055,-0.60658056,8.2660055,5.7194443
sensor_accelerometer,1fd22e8d-a721-4fc8-bd0b-bddcd3308f36,1773952639199820284,-0.6879365,8.055437,5.9587264
sensor_accelerometer,1fd22e8d-a721-4fc8-bd0b-bddcd3308f36,1773952639219796378,-1.0468599,7.7868433,5.4843497
sensor_accelerometer,1fd22e8d-a721-4fc8-bd0b-bddcd3308f36,1773952639239818305,-1.477568,8.021938,4.39741
sensor_accelerometer,1fd22e8d-a721-4fc8-bd0b-bddcd3308f36,1773952639259823096,-1.3579268,8.079366,3.6023946
sensor_accelerometer,1fd22e8d-a721-4fc8-bd0b-bddcd3308f36,1773952639279865388,-1.5738791,8.060223,3.4923246
sensor_accelerometer,1fd22e8d-a721-4fc8-bd0b-bddcd3308f36,1773952639299871273,-1.544567,8.29472,4.0528436
sensor_accelerometer,1fd22e8d-a721-4fc8-bd0b-bddcd3308f36,1773952639319887315,-1.0468599,8.165507,4.2442694
sensor_accelerometer,1fd22e8d-a721-4fc8-bd0b-bddcd3308f36,1773952639339893773,-1.1042876,8.002795,3.8805602
sensor_accelerometer,1fd22e8d-a721-4fc8-bd0b-bddcd3308f36,1773952639359876742,-1.7461623,8.117651,4.1198425
sensor_accelerometer,1fd22e8d-a721-4fc8-bd0b-bddcd3308f36,1773952639379895075,-1.544567,8.079366,3.827918
sensor_accelerometer,1fd22e8d-a721-4fc8-bd0b-bddcd3308f36,1773952639399896950,-0.8554341,8.093722,3.6412778
sensor_accelerometer,1fd22e8d-a721-4fc8-bd0b-bddcd3308f36,1773952639419918200,-0.87936234,8.256434,4.4548373
sensor_accelerometer,1fd22e8d-a721-4fc8-bd0b-bddcd3308f36,1773952639439917784,-1.2669996,8.519645,4.58405
sensor_accelerometer,1fd22e8d-a721-4fc8-bd0b-bddcd3308f36,1773952639459931065,-1.1569297,8.409575,4.8622155
sensor_accelerometer,1fd22e8d-a721-4fc8-bd0b-bddcd3308f36,1773952639479950440,-1.0037891,8.065009,4.5936213
sensor_accelerometer,1fd22e8d-a721-4fc8-bd0b-bddcd3308f36,1773952639499950961,-1.3914263,8.112865,4.5409794
sensor_accelerometer,1fd22e8d-a721-4fc8-bd0b-bddcd3308f36,1773952639519964294,-1.4297116,8.184649,4.4165525
sensor_accelerometer,1fd22e8d-a721-4fc8-bd0b-bddcd3308f36,1773952639539981273,-1.2574283,8.203793,4.4835515
sensor_accelerometer,1fd22e8d-a721-4fc8-bd0b-bddcd3308f36,1773952639559998200,-1.2813566,8.213364,4.7042894
sensor_accelerometer,1fd22e8d-a721-4fc8-bd0b-bddcd3308f36,1773952639579998409,-1.1569297,8.088937,4.622335
sensor_accelerometer,1fd22e8d-a721-4fc8-bd0b-bddcd3308f36,1773952639600041378,-1.3770695,8.136793,4.3064823
sensor_accelerometer,1fd22e8d-a721-4fc8-bd0b-bddcd3308f36,1773952639620015492,-1.3196417,8.146365,3.5641093
sensor_accelerometer,1fd22e8d-a721-4fc8-bd0b-bddcd3308f36,1773952639640026794,-1.0229317,7.9980097,3.9284165
sensor_accelerometer,1fd22e8d-a721-4fc8-bd0b-bddcd3308f36,1773952639660075544,-1.3674982,8.26122,4.7425747
sensor_accelerometer,1fd22e8d-a721-4fc8-bd0b-bddcd3308f36,1773952639680047784,-1.2382857,8.529217,5.211568
sensor_accelerometer,1fd22e8d-a721-4fc8-bd0b-bddcd3308f36,1773952639700061794,-1.0899308,8.093722,5.087141
sensor_accelerometer,1fd22e8d-a721-4fc8-bd0b-bddcd3308f36,1773952639720070961,-1.2382857,8.208578,4.4117665
sensor_accelerometer,1fd22e8d-a721-4fc8-bd0b-bddcd3308f36,1773952639740084555,-0.7932207,8.366505,3.2817562
sensor_accelerometer,1fd22e8d-a721-4fc8-bd0b-bddcd3308f36,1773952639760094971,-0.65922266,8.529217,2.4149563
sensor_accelerometer,1fd22e8d-a721-4fc8-bd0b-bddcd3308f36,1773952639780111117,-1.0660025,8.615358,2.5728827
sensor_accelerometer,1fd22e8d-a721-4fc8-bd0b-bddcd3308f36,1773952639800123148,-1.558924,8.55793,3.205186
sensor_accelerometer,1fd22e8d-a721-4fc8-bd0b-bddcd3308f36,1773952639820127680,-1.4153546,8.251649,3.4301112
sensor_accelerometer,1fd22e8d-a721-4fc8-bd0b-bddcd3308f36,1773952639840142003,-1.2047862,8.419147,2.6691937
sensor_accelerometer,1fd22e8d-a721-4fc8-bd0b-bddcd3308f36,1773952639860159919,-1.3387842,8.715857,2.0608184
sensor_accelerometer,1fd22e8d-a721-4fc8-bd0b-bddcd3308f36,1773952639880190284,-1.4584254,9.070593,1.6205392
sensor_accelerometer,1fd22e8d-a721-4fc8-bd0b-bddcd3308f36,1773952639900203773,-0.89371926,9.080164,1.6061822
sensor_accelerometer,1fd22e8d-a721-4fc8-bd0b-bddcd3308f36,1773952639920184659,-0.3475575,8.787642,2.25703
sensor_accelerometer,1fd22e8d-a721-4fc8-bd0b-bddcd3308f36,1773952639940226950,-0.77407813,8.816355,3.3152559
sensor_accelerometer,1fd22e8d-a721-4fc8-bd0b-bddcd3308f36,1773952639960210180,-1.5254245,8.86481,4.914858
sensor_accelerometer,1fd22e8d-a721-4fc8-bd0b-bddcd3308f36,1773952639980222940,-1.2909278,8.093722,5.9156556
sensor_accelerometer,1fd22e8d-a721-4fc8-bd0b-bddcd3308f36,1773952640000262211,-0.93679005,8.031509,5.776872
sensor_accelerometer,1fd22e8d-a721-4fc8-bd0b-bddcd3308f36,1773952640020270284,-0.9846465,8.175078,5.2642097
sensor_accelerometer,1fd22e8d-a721-4fc8-bd0b-bddcd3308f36,1773952640040266690,-1.4823537,8.069795,4.4931226
sensor_accelerometer,1fd22e8d-a721-4fc8-bd0b-bddcd3308f36,1773952640060259555,-1.8323039,8.127222,4.3782673
sensor_accelerometer,1fd22e8d-a721-4fc8-bd0b-bddcd3308f36,1773952640080270336,-1.4584254,8.380861,4.153342
sensor_accelerometer,1fd22e8d-a721-4fc8-bd0b-bddcd3308f36,1773952640100309138,-0.92243314,8.333005,4.028915
sensor_accelerometer,1fd22e8d-a721-4fc8-bd0b-bddcd3308f36,1773952640120325180,-0.73579293,8.213364,4.3112683
sensor_accelerometer,1fd22e8d-a721-4fc8-bd0b-bddcd3308f36,1773952640140337784,-1.1617154,8.232507,4.871787
sensor_accelerometer,1fd22e8d-a721-4fc8-bd0b-bddcd3308f36,1773952640160334555,-1.5158532,8.136793,4.6319065
sensor_accelerometer,1fd22e8d-a721-4fc8-bd0b-bddcd3308f36,1773952640180336846,-1.4488541,8.151151,4.148556
sensor_accelerometer,1fd22e8d-a721-4fc8-bd0b-bddcd3308f36,1773952640200368617,-0.9272188,8.328219,3.6891344
sensor_accelerometer,1fd22e8d-a721-4fc8-bd0b-bddcd3308f36,1773952640220345961,-0.7118647,8.447861,3.5736806
sensor_accelerometer,1fd22e8d-a721-4fc8-bd0b-bddcd3308f36,1773952640240388930,-1.1090733,8.668,4.0911283
sensor_accelerometer,1fd22e8d-a721-4fc8-bd0b-bddcd3308f36,1773952640260374242,-0.9846465,8.572288,3.9140596
sensor_accelerometer,1fd22e8d-a721-4fc8-bd0b-bddcd3308f36,1773952640280377836,-0.9176475,8.299505,4.3878384
sensor_accelerometer,1fd22e8d-a721-4fc8-bd0b-bddcd3308f36,1773952640300422575,-1.4249259,8.289934,4.914858
sensor_accelerometer,1fd22e8d-a721-4fc8-bd0b-bddcd3308f36,1773952640320435023,-2.0524435,8.122437,4.5170507
sensor_accelerometer,1fd22e8d-a721-4fc8-bd0b-bddcd3308f36,1773952640340421794,-2.114657,8.021938,3.434897
sensor_accelerometer,1fd22e8d-a721-4fc8-bd0b-bddcd3308f36,1773952640360439450,-1.2000005,8.495717,3.2673993
sensor_accelerometer,1fd22e8d-a721-4fc8-bd0b-bddcd3308f36,1773952640380448513,-0.11306087,7.897511,5.2402816
sensor_accelerometer,1fd22e8d-a721-4fc8-bd0b-bddcd3308f36,1773952640400459555,0.15972091,7.6384883,5.7673006
sensor_accelerometer,1fd22e8d-a721-4fc8-bd0b-bddcd3308f36,1773952640420465961,-0.60658056,7.940582,5.8630137
sensor_accelerometer,1fd22e8d-a721-4fc8-bd0b-bddcd3308f36,1773952640440480128,-1.2526426,8.007581,5.4699926
sensor_accelerometer,1fd22e8d-a721-4fc8-bd0b-bddcd3308f36,1773952640460496898,-1.3244274,8.112865,4.962714
sensor_accelerometer,1fd22e8d-a721-4fc8-bd0b-bddcd3308f36,1773952640480502315,-1.4057833,7.9740815,4.6079783
sensor_accelerometer,1fd22e8d-a721-4fc8-bd0b-bddcd3308f36,1773952640500507732,-1.2717853,7.88794,4.5266223
sensor_accelerometer,1fd22e8d-a721-4fc8-bd0b-bddcd3308f36,1773952640520523096,-1.0707881,8.318648,3.8327036
sensor_accelerometer,1fd22e8d-a721-4fc8-bd0b-bddcd3308f36,1773952640540535857,-0.70229346,8.098508,4.1007
sensor_accelerometer,1fd22e8d-a721-4fc8-bd0b-bddcd3308f36,1773952640560544190,-0.82672024,8.07458,4.636692
sensor_accelerometer,1fd22e8d-a721-4fc8-bd0b-bddcd3308f36,1773952640580558825,-1.3339987,8.313862,5.0392847
sensor_accelerometer,1fd22e8d-a721-4fc8-bd0b-bddcd3308f36,1773952640600565648,-1.1617154,8.356933,4.2969112
sensor_accelerometer,1fd22e8d-a721-4fc8-bd0b-bddcd3308f36,1773952640620581013,-0.74536425,8.289934,3.842275
sensor_accelerometer,1fd22e8d-a721-4fc8-bd0b-bddcd3308f36,1773952640640610492,-0.73579293,8.299505,3.947559
sensor_accelerometer,1fd22e8d-a721-4fc8-bd0b-bddcd3308f36,1773952640660622367,-0.8745767,8.577073,4.464409
sensor_accelerometer,1fd22e8d-a721-4fc8-bd0b-bddcd3308f36,1773952640680602471,-0.3906283,8.567501,4.8382874
sensor_accelerometer,1fd22e8d-a721-4fc8-bd0b-bddcd3308f36,1773952640700645023,-0.26620153,8.251649,4.8287163
sensor_accelerometer,1fd22e8d-a721-4fc8-bd0b-bddcd3308f36,1773952640720651742,-0.74536425,8.452646,3.7274194
sensor_accelerometer,1fd22e8d-a721-4fc8-bd0b-bddcd3308f36,1773952640740642055,-1.0468599,8.366505,3.229114
sensor_accelerometer,1fd22e8d-a721-4fc8-bd0b-bddcd3308f36,1773952640760649711,-1.3196417,8.352147,3.501896
sensor_accelerometer,1fd22e8d-a721-4fc8-bd0b-bddcd3308f36,1773952640780659242,-1.396212,8.122437,3.5353954
sensor_accelerometer,1fd22e8d-a721-4fc8-bd0b-bddcd3308f36,1773952640800697680,-1.2239288,8.390432,3.3631122
sensor_accelerometer,1fd22e8d-a721-4fc8-bd0b-bddcd3308f36,1773952640820706430,-0.36670008,8.361719,3.463611
sensor_accelerometer,1fd22e8d-a721-4fc8-bd0b-bddcd3308f36,1773952640840719971,-0.050847482,8.4813595,3.7513478
sensor_accelerometer,1fd22e8d-a721-4fc8-bd0b-bddcd3308f36,1773952640860708513,-1.1042876,8.538788,4.900501
sensor_accelerometer,1fd22e8d-a721-4fc8-bd0b-bddcd3308f36,1773952640880706950,-1.4584254,8.443074,4.6755753
sensor_accelerometer,1fd22e8d-a721-4fc8-bd0b-bddcd3308f36,1773952640900747940,-1.0899308,8.462217,4.598407
sensor_accelerometer,1fd22e8d-a721-4fc8-bd0b-bddcd3308f36,1773952640920735648,-0.6879365,8.366505,3.8805602
sensor_accelerometer,1fd22e8d-a721-4fc8-bd0b-bddcd3308f36,1773952640940745440,-0.42412782,8.476574,3.01376
sensor_accelerometer,1fd22e8d-a721-4fc8-bd0b-bddcd3308f36,1773952640960756221,-1.1856437,8.663215,3.071188
sensor_accelerometer,1fd22e8d-a721-4fc8-bd0b-bddcd3308f36,1773952640980780648,-1.7748762,8.624929,3.056831
sensor_accelerometer,1fd22e8d-a721-4fc8-bd0b-bddcd3308f36,1773952641000811273,-1.5206388,8.682357,3.2004004
sensor_accelerometer,1fd22e8d-a721-4fc8-bd0b-bddcd3308f36,1773952641020785648,-1.0133604,8.624929,3.31047
sensor_accelerometer,1fd22e8d-a721-4fc8-bd0b-bddcd3308f36,1773952641040802107,-0.9942178,8.605786,3.3439696
sensor_accelerometer,1fd22e8d-a721-4fc8-bd0b-bddcd3308f36,1773952641060849763,-1.1042876,8.601001,3.2961133
sensor_accelerometer,1fd22e8d-a721-4fc8-bd0b-bddcd3308f36,1773952641080849919,-1.0755738,8.577073,3.2769706
sensor_accelerometer,1fd22e8d-a721-4fc8-bd0b-bddcd3308f36,1773952641100859034,-0.92243314,8.706285,3.0329027
sensor_accelerometer,1fd22e8d-a721-4fc8-bd0b-bddcd3308f36,1773952641120874034,-0.40498522,8.840881,2.079961
sensor_accelerometer,1fd22e8d-a721-4fc8-bd0b-bddcd3308f36,1773952641140884867,-0.089132644,8.4813595,2.204388
sensor_accelerometer,1fd22e8d-a721-4fc8-bd0b-bddcd3308f36,1773952641160871950,-0.5300102,8.715857,2.8319056
sensor_accelerometer,1fd22e8d-a721-4fc8-bd0b-bddcd3308f36,1773952641180882003,-0.8219346,9.31466,3.6987057
sensor_accelerometer,1fd22e8d-a721-4fc8-bd0b-bddcd3308f36,1773952641200887107,-0.86979103,8.754142,4.6031923
sensor_accelerometer,1fd22e8d-a721-4fc8-bd0b-bddcd3308f36,1773952641220901273,-0.5395815,8.500503,3.894917
sensor_accelerometer,1fd22e8d-a721-4fc8-bd0b-bddcd3308f36,1773952641240905440,-0.3379862,8.816355,3.056831
sensor_accelerometer,1fd22e8d-a721-4fc8-bd0b-bddcd3308f36,1773952641260950700,-0.62093747,8.955737,2.5058835
sensor_accelerometer,1fd22e8d-a721-4fc8-bd0b-bddcd3308f36,1773952641280961378,-0.94636136,8.998808,2.4388845
sensor_accelerometer,1fd22e8d-a721-4fc8-bd0b-bddcd3308f36,1773952641300948409,-0.1896312,9.180662,2.678765
sensor_accelerometer,1fd22e8d-a721-4fc8-bd0b-bddcd3308f36,1773952641320982628,-0.23748764,8.86481,2.4484558
sensor_accelerometer,1fd22e8d-a721-4fc8-bd0b-bddcd3308f36,1773952641340992628,-1.6360924,8.768498,3.2243285
sensor_accelerometer,1fd22e8d-a721-4fc8-bd0b-bddcd3308f36,1773952641360982732,-1.8083757,8.543573,4.47398
sensor_accelerometer,1fd22e8d-a721-4fc8-bd0b-bddcd3308f36,1773952641381000232,-0.9942178,8.026724,5.144569
sensor_accelerometer,1fd22e8d-a721-4fc8-bd0b-bddcd3308f36,1773952641401025700,-0.41455653,7.6193457,5.5944195
sensor_accelerometer,1fd22e8d-a721-4fc8-bd0b-bddcd3308f36,1773952641421018513,-0.1369891,8.084151,6.3367925
sensor_accelerometer,1fd22e8d-a721-4fc8-bd0b-bddcd3308f36,1773952641441050961,-0.47198427,7.8017983,6.3511496
sensor_accelerometer,1fd22e8d-a721-4fc8-bd0b-bddcd3308f36,1773952641461031898,-1.0660025,7.734201,5.3503513
sensor_accelerometer,1fd22e8d-a721-4fc8-bd0b-bddcd3308f36,1773952641481052003,-1.180858,8.088937,4.5936213
sensor_accelerometer,1fd22e8d-a721-4fc8-bd0b-bddcd3308f36,1773952641501082836,-0.8889336,7.820941,4.3495536
sensor_accelerometer,1fd22e8d-a721-4fc8-bd0b-bddcd3308f36,1773952641521065075,-1.018146,7.8496547,4.5936213
sensor_accelerometer,1fd22e8d-a721-4fc8-bd0b-bddcd3308f36,1773952641541090023,-1.2430713,7.9357963,4.9292145
sensor_accelerometer,1fd22e8d-a721-4fc8-bd0b-bddcd3308f36,1773952641561087315,-0.8315059,8.065009,5.0105705
sensor_accelerometer,1fd22e8d-a721-4fc8-bd0b-bddcd3308f36,1773952641581111325,-0.6257231,8.026724,4.7377887
sensor_accelerometer,1fd22e8d-a721-4fc8-bd0b-bddcd3308f36,1773952641601134711,-0.9559326,7.9357963,4.4979086
sensor_accelerometer,1fd22e8d-a721-4fc8-bd0b-bddcd3308f36,1773952641621148878,-0.89371926,8.045866,4.709075
sensor_accelerometer,1fd22e8d-a721-4fc8-bd0b-bddcd3308f36,1773952641641155857,-0.90807617,8.328219,4.004987
sensor_accelerometer,1fd22e8d-a721-4fc8-bd0b-bddcd3308f36,1773952641661147680,-0.65922266,7.993224,4.4835515
sensor_accelerometer,1fd22e8d-a721-4fc8-bd0b-bddcd3308f36,1773952641681178773,-0.8171489,8.333005,4.6031923
sensor_accelerometer,1fd22e8d-a721-4fc8-bd0b-bddcd3308f36,1773952641701191325,-0.30927232,8.22772,4.4261236
sensor_accelerometer,1fd22e8d-a721-4fc8-bd0b-bddcd3308f36,1773952641721171169,-0.6161518,7.8687973,5.0105705
sensor_accelerometer,1fd22e8d-a721-4fc8-bd0b-bddcd3308f36,1773952641741217628,-1.1521441,7.9310107,5.393422
sensor_accelerometer,1fd22e8d-a721-4fc8-bd0b-bddcd3308f36,1773952641761215180,-0.90807617,7.8687973,5.8103714
sensor_accelerometer,1fd22e8d-a721-4fc8-bd0b-bddcd3308f36,1773952641781222315,-0.654437,8.093722,5.992226
sensor_accelerometer,1fd22e8d-a721-4fc8-bd0b-bddcd3308f36,1773952641801231013,-0.29012975,8.246863,5.503492
sensor_accelerometer,1fd22e8d-a721-4fc8-bd0b-bddcd3308f36,1773952641821248096,-0.721436,8.213364,4.4165525
sensor_accelerometer,1fd22e8d-a721-4fc8-bd0b-bddcd3308f36,1773952641841250648,-1.329213,8.060223,3.9571304
sensor_accelerometer,1fd22e8d-a721-4fc8-bd0b-bddcd3308f36,1773952641861268513,-1.5014962,8.07458,2.879762
sensor_accelerometer,1fd22e8d-a721-4fc8-bd0b-bddcd3308f36,1773952641881270492,-0.6257231,7.926225,3.1860433
sensor_accelerometer,1fd22e8d-a721-4fc8-bd0b-bddcd3308f36,1773952641901289607,-0.5300102,8.189436,4.4691944
sensor_accelerometer,1fd22e8d-a721-4fc8-bd0b-bddcd3308f36,1773952641921291950,-0.7788638,8.457432,5.1589255
sensor_accelerometer,1fd22e8d-a721-4fc8-bd0b-bddcd3308f36,1773952641941302836,-0.7692925,8.624929,4.66062
sensor_accelerometer,1fd22e8d-a721-4fc8-bd0b-bddcd3308f36,1773952641961316482,-0.7262217,8.37129,4.733003
sensor_accelerometer,1fd22e8d-a721-4fc8-bd0b-bddcd3308f36,1773952641981339867,-0.60658056,8.26122,4.354339
sensor_accelerometer,1fd22e8d-a721-4fc8-bd0b-bddcd3308f36,1773952642001336794,-0.86979103,8.366505,3.80399
sensor_accelerometer,1fd22e8d-a721-4fc8-bd0b-bddcd3308f36,1773952642021348565,-1.2335001,8.462217,3.60718
sensor_accelerometer,1fd22e8d-a721-4fc8-bd0b-bddcd3308f36,1773952642041356169,-1.0755738,8.438289,3.5736806
sensor_accelerometer,1fd22e8d-a721-4fc8-bd0b-bddcd3308f36,1773952642061369763,-1.0037891,8.476574,2.9180472
sensor_accelerometer,1fd22e8d-a721-4fc8-bd0b-bddcd3308f36,1773952642081381690,-0.7405786,8.127222,3.367898
sensor_accelerometer,1fd22e8d-a721-4fc8-bd0b-bddcd3308f36,1773952642101410128,-1.2669996,8.299505,3.9332023
sensor_accelerometer,1fd22e8d-a721-4fc8-bd0b-bddcd3308f36,1773952642121422315,-1.2861422,8.323434,4.138985
sensor_accelerometer,1fd22e8d-a721-4fc8-bd0b-bddcd3308f36,1773952642141413617,-0.9272188,8.419147,4.2203407
sensor_accelerometer,1fd22e8d-a721-4fc8-bd0b-bddcd3308f36,1773952642161439659,-0.4528417,8.730213,4.330411
sensor_accelerometer,1fd22e8d-a721-4fc8-bd0b-bddcd3308f36,1773952642181439398,-0.0029910284,8.763713,4.4165525
sensor_accelerometer,1fd22e8d-a721-4fc8-bd0b-bddcd3308f36,1773952642201435075,-0.25184458,8.356933,5.178068
sensor_accelerometer,1fd22e8d-a721-4fc8-bd0b-bddcd3308f36,1773952642221450909,-0.70229346,8.232507,4.8526444
sensor_accelerometer,1fd22e8d-a721-4fc8-bd0b-bddcd3308f36,1773952642241457003,-0.5102694,8.218149,4.1437707
sensor_accelerometer,1fd22e8d-a721-4fc8-bd0b-bddcd3308f36,1773952642261498461,-0.82672024,8.199007,3.138187
sensor_accelerometer,1fd22e8d-a721-4fc8-bd0b-bddcd3308f36,1773952642281513878,-1.2717853,8.251649,3.1812577
sensor_accelerometer,1fd22e8d-a721-4fc8-bd0b-bddcd3308f36,1773952642301493253,-0.85064846,8.462217,3.367898
sensor_accelerometer,1fd22e8d-a721-4fc8-bd0b-bddcd3308f36,1773952642321535909,-0.098703936,8.356933,3.8231323
sensor_accelerometer,1fd22e8d-a721-4fc8-bd0b-bddcd3308f36,1773952642341510753,-0.5347959,8.203793,4.6654058
sensor_accelerometer,1fd22e8d-a721-4fc8-bd0b-bddcd3308f36,1773952642361534867,-1.4919249,8.500503,5.436493
sensor_accelerometer,1fd22e8d-a721-4fc8-bd0b-bddcd3308f36,1773952642381550232,-0.96550393,8.007581,5.1828537
sensor_accelerometer,1fd22e8d-a721-4fc8-bd0b-bddcd3308f36,1773952642401545388,-0.77407813,7.9310107,5.0679984
sensor_accelerometer,1fd22e8d-a721-4fc8-bd0b-bddcd3308f36,1773952642421557940,-1.1425728,8.132008,4.7282176
sensor_accelerometer,1fd22e8d-a721-4fc8-bd0b-bddcd3308f36,1773952642441600492,-0.94636136,8.232507,4.450052
sensor_accelerometer,1fd22e8d-a721-4fc8-bd0b-bddcd3308f36,1773952642461584555,-0.19920248,8.55793,4.2251267
sensor_accelerometer,1fd22e8d-a721-4fc8-bd0b-bddcd3308f36,1773952642481594815,-0.18005991,8.40479,4.3878384
sensor_accelerometer,1fd22e8d-a721-4fc8-bd0b-bddcd3308f36,1773952642501616898,-0.802792,8.179864,4.3447676
sensor_accelerometer,1fd22e8d-a721-4fc8-bd0b-bddcd3308f36,1773952642521645128,-1.0229317,8.127222,4.234698
sensor_accelerometer,1fd22e8d-a721-4fc8-bd0b-bddcd3308f36,1773952642541620909,-1.1521441,8.242078,4.2442694
sensor_accelerometer,1fd22e8d-a721-4fc8-bd0b-bddcd3308f36,1773952642561644086,-0.56350976,8.37129,4.033701
sensor_accelerometer,1fd22e8d-a721-4fc8-bd0b-bddcd3308f36,1773952642581665232,-0.10827523,8.270791,4.043272
sensor_accelerometer,1fd22e8d-a721-4fc8-bd0b-bddcd3308f36,1773952642601653305,-0.42891344,8.347362,4.1150565
sensor_accelerometer,1fd22e8d-a721-4fc8-bd0b-bddcd3308f36,1773952642621685232,-0.77407813,8.26122,4.3351965
sensor_accelerometer,1fd22e8d-a721-4fc8-bd0b-bddcd3308f36,1773952642641710128,-0.98943216,8.222935,4.895715
sensor_accelerometer,1fd22e8d-a721-4fc8-bd0b-bddcd3308f36,1773952642661689294,-1.0660025,8.1942215,5.3359947
sensor_accelerometer,1fd22e8d-a721-4fc8-bd0b-bddcd3308f36,1773952642681700857,-1.0947163,7.830512,5.130212
sensor_accelerometer,1fd22e8d-a721-4fc8-bd0b-bddcd3308f36,1773952642701708773,-1.3483555,8.275578,4.2538404
sensor_accelerometer,1fd22e8d-a721-4fc8-bd0b-bddcd3308f36,1773952642721720700,-0.8745767,8.170293,3.3631122
sensor_accelerometer,1fd22e8d-a721-4fc8-bd0b-bddcd3308f36,1773952642741740753,-0.34277186,8.328219,3.5641093
sensor_accelerometer,1fd22e8d-a721-4fc8-bd0b-bddcd3308f36,1773952642761743357,-0.573081,8.452646,4.5744786
sensor_accelerometer,1fd22e8d-a721-4fc8-bd0b-bddcd3308f36,1773952642781766690,-0.7692925,8.538788,4.938786
sensor_accelerometer,1fd22e8d-a721-4fc8-bd0b-bddcd3308f36,1773952642801792732,-0.7262217,8.366505,4.464409
sensor_accelerometer,1fd22e8d-a721-4fc8-bd0b-bddcd3308f36,1773952642821774450,-0.9176475,7.8592257,4.612764
sensor_accelerometer,1fd22e8d-a721-4fc8-bd0b-bddcd3308f36,1773952642841786794,-1.3435699,8.021938,4.339982
sensor_accelerometer,1fd22e8d-a721-4fc8-bd0b-bddcd3308f36,1773952642861796221,-1.2382857,8.141579,4.7569313
sensor_accelerometer,1fd22e8d-a721-4fc8-bd0b-bddcd3308f36,1773952642881807107,-0.52522457,8.189436,4.752146
sensor_accelerometer,1fd22e8d-a721-4fc8-bd0b-bddcd3308f36,1773952642901818825,-0.26141587,8.366505,4.8095737
sensor_accelerometer,1fd22e8d-a721-4fc8-bd0b-bddcd3308f36,1773952642921831690,-0.78364944,8.500503,4.430909
sensor_accelerometer,1fd22e8d-a721-4fc8-bd0b-bddcd3308f36,1773952642941873148,-1.1090733,8.40479,3.827918
sensor_accelerometer,1fd22e8d-a721-4fc8-bd0b-bddcd3308f36,1773952642961858669,-1.1282159,8.318648,3.7034912
sensor_accelerometer,1fd22e8d-a721-4fc8-bd0b-bddcd3308f36,1773952642981874450,-0.42412782,8.093722,3.5210385
sensor_accelerometer,1fd22e8d-a721-4fc8-bd0b-bddcd3308f36,1773952643001878148,0.34636107,8.256434,3.7561333
sensor_accelerometer,1fd22e8d-a721-4fc8-bd0b-bddcd3308f36,1773952643021915596,0.0735793,8.347362,3.9284165
sensor_accelerometer,1fd22e8d-a721-4fc8-bd0b-bddcd3308f36,1773952643041929659,-0.54436713,8.620144,3.9427736
sensor_accelerometer,1fd22e8d-a721-4fc8-bd0b-bddcd3308f36,1773952643061909034,-0.7262217,8.376076,4.033701
sensor_accelerometer,1fd22e8d-a721-4fc8-bd0b-bddcd3308f36,1773952643081952367,-1.1234303,8.400003,3.8757744
sensor_accelerometer,1fd22e8d-a721-4fc8-bd0b-bddcd3308f36,1773952643101951534,-1.655235,8.419147,3.3966117
sensor_accelerometer,1fd22e8d-a721-4fc8-bd0b-bddcd3308f36,1773952643121959971,-1.4488541,8.682357,2.9036903
sensor_accelerometer,1fd22e8d-a721-4fc8-bd0b-bddcd3308f36,1773952643141971586,-0.64965135,8.648857,2.9994032
sensor_accelerometer,1fd22e8d-a721-4fc8-bd0b-bddcd3308f36,1773952643161998305,-0.51505506,8.691928,2.961118
sensor_accelerometer,1fd22e8d-a721-4fc8-bd0b-bddcd3308f36,1773952643181987680,-0.9128618,9.218947,3.0664022
sensor_accelerometer,1fd22e8d-a721-4fc8-bd0b-bddcd3308f36,1773952643201993200,-1.7796619,9.233304,2.9467611
sensor_accelerometer,1fd22e8d-a721-4fc8-bd0b-bddcd3308f36,1773952643222019450,-0.9415757,9.05145,3.3200414
sensor_accelerometer,1fd22e8d-a721-4fc8-bd0b-bddcd3308f36,1773952643242017680,-0.6735796,8.754142,2.9850461
sensor_accelerometer,1fd22e8d-a721-4fc8-bd0b-bddcd3308f36,1773952643262032888,-1.099502,8.825927,2.5872395
sensor_accelerometer,1fd22e8d-a721-4fc8-bd0b-bddcd3308f36,1773952643282042211,-1.5062819,8.514859,3.3487554
sensor_accelerometer,1fd22e8d-a721-4fc8-bd0b-bddcd3308f36,1773952643302052888,-1.3196417,8.328219,5.3503513
sensor_accelerometer,1fd22e8d-a721-4fc8-bd0b-bddcd3308f36,1773952643322065075,-0.89371926,7.652845,6.710073
sensor_accelerometer,1fd22e8d-a721-4fc8-bd0b-bddcd3308f36,1773952643342082367,-0.86979103,7.7868433,6.8446693
sensor_accelerometer,1fd22e8d-a721-4fc8-bd0b-bddcd3308f36,1773952643362085128,-0.6831509,8.304291,5.968298
sensor_accelerometer,1fd22e8d-a721-4fc8-bd0b-bddcd3308f36,1773952643382098982,0.016151553,8.3377905,4.39741
sensor_accelerometer,1fd22e8d-a721-4fc8-bd0b-bddcd3308f36,1773952643402116586,-0.17527425,8.1942215,3.9044883
sensor_accelerometer,1fd22e8d-a721-4fc8-bd0b-bddcd3308f36,1773952643422137107,-0.9702896,8.400003,3.708277
sensor_accelerometer,1fd22e8d-a721-4fc8-bd0b-bddcd3308f36,1773952643442147263,-1.032503,8.29472,3.760919
sensor_accelerometer,1fd22e8d-a721-4fc8-bd0b-bddcd3308f36,1773952643462138409,-0.9272188,8.40479,3.8709888
sensor_accelerometer,1fd22e8d-a721-4fc8-bd0b-bddcd3308f36,1773952643482140544,-0.7262217,8.347362,3.4013975
sensor_accelerometer,1fd22e8d-a721-4fc8-bd0b-bddcd3308f36,1773952643502181846,-0.60658056,8.270791,3.3008988
sensor_accelerometer,1fd22e8d-a721-4fc8-bd0b-bddcd3308f36,1773952643522170128,-0.2757728,8.59143,3.2099717
sensor_accelerometer,1fd22e8d-a721-4fc8-bd0b-bddcd3308f36,1773952643542170753,-0.2853441,8.624929,3.9140596
sensor_accelerometer,1fd22e8d-a721-4fc8-bd0b-bddcd3308f36,1773952643562187680,-0.42891344,8.495717,4.488337
sensor_accelerometer,1fd22e8d-a721-4fc8-bd0b-bddcd3308f36,1773952643582201169,-0.64965135,8.395218,4.9292145
sensor_accelerometer,1fd22e8d-a721-4fc8-bd0b-bddcd3308f36,1773952643602208773,-0.951147,7.9357963,5.0919266
sensor_accelerometer,1fd22e8d-a721-4fc8-bd0b-bddcd3308f36,1773952643622239763,-1.3435699,7.940582,3.8087754
sensor_accelerometer,1fd22e8d-a721-4fc8-bd0b-bddcd3308f36,1773952643642239867,-1.3004991,8.237292,3.367898
sensor_accelerometer,1fd22e8d-a721-4fc8-bd0b-bddcd3308f36,1773952643662269190,-1.1617154,8.2660055,4.057629
sensor_accelerometer,1fd22e8d-a721-4fc8-bd0b-bddcd3308f36,1773952643682283513,-0.30927232,8.29472,4.3591247
sensor_accelerometer,1fd22e8d-a721-4fc8-bd0b-bddcd3308f36,1773952643702265648,-0.25663024,8.361719,4.636692
sensor_accelerometer,1fd22e8d-a721-4fc8-bd0b-bddcd3308f36,1773952643722282471,-1.1090733,8.237292,4.8622155
sensor_accelerometer,1fd22e8d-a721-4fc8-bd0b-bddcd3308f36,1773952643742314555,-1.6504494,8.117651,5.1732826
sensor_accelerometer,1fd22e8d-a721-4fc8-bd0b-bddcd3308f36,1773952643762293148,-1.2000005,8.132008,3.9619162
sensor_accelerometer,1fd22e8d-a721-4fc8-bd0b-bddcd3308f36,1773952643782301690,-0.66400826,8.22772,3.9427736
sensor_accelerometer,1fd22e8d-a721-4fc8-bd0b-bddcd3308f36,1773952643802341065,-0.6975078,8.356933,4.4835515
sensor_accelerometer,1fd22e8d-a721-4fc8-bd0b-bddcd3308f36,1773952643822347992,-1.0851451,8.419147,4.6175494
sensor_accelerometer,1fd22e8d-a721-4fc8-bd0b-bddcd3308f36,1773952643842366117,-1.5493526,8.093722,5.0009995
sensor_accelerometer,1fd22e8d-a721-4fc8-bd0b-bddcd3308f36,1773952643862379607,-1.4153546,8.031509,5.211568
sensor_accelerometer,1fd22e8d-a721-4fc8-bd0b-bddcd3308f36,1773952643882360075,-0.17048861,8.3377905,4.47398
sensor_accelerometer,1fd22e8d-a721-4fc8-bd0b-bddcd3308f36,1773952643902369450,0.8925229,9.061021,3.9858444
sensor_accelerometer,1fd22e8d-a721-4fc8-bd0b-bddcd3308f36,1773952643922394190,0.5383851,8.529217,4.2969112
sensor_accelerometer,1fd22e8d-a721-4fc8-bd0b-bddcd3308f36,1773952643942394607,-0.66400826,8.510074,4.000201
sensor_accelerometer,1fd22e8d-a721-4fc8-bd0b-bddcd3308f36,1773952643962406273,-0.5204389,8.529217,3.4301112
sensor_accelerometer,1fd22e8d-a721-4fc8-bd0b-bddcd3308f36,1773952643982421846,-0.82672024,8.285149,3.3343983
sensor_accelerometer,1fd22e8d-a721-4fc8-bd0b-bddcd3308f36,1773952644002455596,-1.1234303,8.146365,3.4779677
sensor_accelerometer,1fd22e8d-a721-4fc8-bd0b-bddcd3308f36,1773952644022445180,-0.67836523,8.289934,3.0664022
sensor_accelerometer,1fd22e8d-a721-4fc8-bd0b-bddcd3308f36,1773952644042478044,0.08793623,8.457432,3.3822548
sensor_accelerometer,1fd22e8d-a721-4fc8-bd0b-bddcd3308f36,1773952644062455492,0.715454,8.749356,3.2147572
sensor_accelerometer,1fd22e8d-a721-4fc8-bd0b-bddcd3308f36,1773952644082499763,0.59581286,8.610572,4.138985
sensor_accelerometer,1fd22e8d-a721-4fc8-bd0b-bddcd3308f36,1773952644102515075,-0.15613168,8.898309,4.282554
sensor_accelerometer,1fd22e8d-a721-4fc8-bd0b-bddcd3308f36,1773952644122508148,-0.60658056,8.519645,4.1964126
sensor_accelerometer,1fd22e8d-a721-4fc8-bd0b-bddcd3308f36,1773952644142498565,-1.2430713,7.734201,3.473182
sensor_accelerometer,1fd22e8d-a721-4fc8-bd0b-bddcd3308f36,1773952644162536846,-1.5206388,8.026724,1.878964
sensor_accelerometer,1fd22e8d-a721-4fc8-bd0b-bddcd3308f36,1773952644182535805,-1.4536397,8.806784,2.2522442
sensor_accelerometer,1fd22e8d-a721-4fc8-bd0b-bddcd3308f36,1773952644202540492,-1.0612168,9.061021,2.8845477
sensor_accelerometer,1fd22e8d-a721-4fc8-bd0b-bddcd3308f36,1773952644222565075,-0.9320044,9.0131645,3.31047
sensor_accelerometer,1fd22e8d-a721-4fc8-bd0b-bddcd3308f36,1773952644242585075,-0.36191443,8.94138,3.2243285
sensor_accelerometer,1fd22e8d-a721-4fc8-bd0b-bddcd3308f36,1773952644262598773,0.035294134,8.874381,3.1956146
sensor_accelerometer,1fd22e8d-a721-4fc8-bd0b-bddcd3308f36,1773952644282580596,-0.381057,9.118449,3.8327036
sensor_accelerometer,1fd22e8d-a721-4fc8-bd0b-bddcd3308f36,1773952644302593930,-0.33320054,9.295518,4.191627
sensor_accelerometer,1fd22e8d-a721-4fc8-bd0b-bddcd3308f36,1773952644322611794,-0.25663024,9.472587,3.3583267
sensor_accelerometer,1fd22e8d-a721-4fc8-bd0b-bddcd3308f36,1773952644342608200,0.04965107,9.190233,2.9467611
sensor_accelerometer,1fd22e8d-a721-4fc8-bd0b-bddcd3308f36,1773952644362625075,-0.97507524,8.860024,3.229114
sensor_accelerometer,1fd22e8d-a721-4fc8-bd0b-bddcd3308f36,1773952644382640857,-1.7413766,8.548359,3.7848473
sensor_accelerometer,1fd22e8d-a721-4fc8-bd0b-bddcd3308f36,1773952644402674503,-1.9328024,8.672786,3.952345
sensor_accelerometer,1fd22e8d-a721-4fc8-bd0b-bddcd3308f36,1773952644422688305,-0.78843504,8.514859,3.9188452
sensor_accelerometer,1fd22e8d-a721-4fc8-bd0b-bddcd3308f36,1773952644442697940,-0.15134603,8.304291,4.191627
sensor_accelerometer,1fd22e8d-a721-4fc8-bd0b-bddcd3308f36,1773952644462690232,-0.4001996,8.170293,4.2011986
sensor_accelerometer,1fd22e8d-a721-4fc8-bd0b-bddcd3308f36,1773952644482708721,-0.77407813,8.356933,4.1437707
sensor_accelerometer,1fd22e8d-a721-4fc8-bd0b-bddcd3308f36,1773952644502716273,-0.49112684,8.610572,3.7274194
sensor_accelerometer,1fd22e8d-a721-4fc8-bd0b-bddcd3308f36,1773952644522737471,-0.13220344,8.548359,3.60718
sensor_accelerometer,1fd22e8d-a721-4fc8-bd0b-bddcd3308f36,1773952644542734346,-0.40977088,8.328219,3.6747773
sensor_accelerometer,1fd22e8d-a721-4fc8-bd0b-bddcd3308f36,1773952644562744242,-0.67836523,8.366505,3.8901315
sensor_accelerometer,1fd22e8d-a721-4fc8-bd0b-bddcd3308f36,1773952644582755596,-0.40977088,8.199007,3.7369907
sensor_accelerometer,1fd22e8d-a721-4fc8-bd0b-bddcd3308f36,1773952644602760596,-0.4528417,8.4813595,3.7944186
sensor_accelerometer,1fd22e8d-a721-4fc8-bd0b-bddcd3308f36,1773952644622764607,-0.60658056,8.40479,3.6604204
sensor_accelerometer,1fd22e8d-a721-4fc8-bd0b-bddcd3308f36,1773952644642786690,-0.48155555,8.347362,3.3487554
sensor_accelerometer,1fd22e8d-a721-4fc8-bd0b-bddcd3308f36,1773952644662798096,-0.39541394,8.438289,3.2721848
sensor_accelerometer,1fd22e8d-a721-4fc8-bd0b-bddcd3308f36,1773952644682808930,-0.64008003,8.4813595,4.421338
sensor_accelerometer,1fd22e8d-a721-4fc8-bd0b-bddcd3308f36,1773952644702823721,-0.5395815,8.510074,4.7042894
sensor_accelerometer,1fd22e8d-a721-4fc8-bd0b-bddcd3308f36,1773952644722817107,-0.36191443,8.208578,4.8861437
sensor_accelerometer,1fd22e8d-a721-4fc8-bd0b-bddcd3308f36,1773952644742844971,-0.55393845,8.218149,4.881358
sensor_accelerometer,1fd22e8d-a721-4fc8-bd0b-bddcd3308f36,1773952644762857992,-0.654437,8.275578,4.85743
sensor_accelerometer,1fd22e8d-a721-4fc8-bd0b-bddcd3308f36,1773952644782870075,-0.86979103,8.237292,4.9579287
sensor_accelerometer,1fd22e8d-a721-4fc8-bd0b-bddcd3308f36,1773952644802899867,-0.67836523,8.352147,4.8191447
sensor_accelerometer,1fd22e8d-a721-4fc8-bd0b-bddcd3308f36,1773952644822892367,-0.29970104,8.452646,4.531408
sensor_accelerometer,1fd22e8d-a721-4fc8-bd0b-bddcd3308f36,1773952644842898096,-0.31405798,8.356933,4.148556
sensor_accelerometer,1fd22e8d-a721-4fc8-bd0b-bddcd3308f36,1773952644862927211,-0.5054838,8.409575,4.134199
sensor_accelerometer,1fd22e8d-a721-4fc8-bd0b-bddcd3308f36,1773952644882940544,-0.52522457,8.376076,3.8518462
sensor_accelerometer,1fd22e8d-a721-4fc8-bd0b-bddcd3308f36,1773952644902932732,-0.5300102,8.390432,4.057629
sensor_accelerometer,1fd22e8d-a721-4fc8-bd0b-bddcd3308f36,1773952644922947888,-0.65922266,8.462217,4.205984
sensor_accelerometer,1fd22e8d-a721-4fc8-bd0b-bddcd3308f36,1773952644942973200,-0.46241298,8.222935,4.6175494
sensor_accelerometer,1fd22e8d-a721-4fc8-bd0b-bddcd3308f36,1773952644962958096,-0.50069815,8.036295,4.9531426
sensor_accelerometer,1fd22e8d-a721-4fc8-bd0b-bddcd3308f36,1773952644982996950,-0.6879365,8.10808,4.7377887
sensor_accelerometer,1fd22e8d-a721-4fc8-bd0b-bddcd3308f36,1773952645002975388,-1.0229317,8.232507,4.938786
sensor_accelerometer,1fd22e8d-a721-4fc8-bd0b-bddcd3308f36,1773952645023012732,-0.86979103,8.2660055,5.15414
sensor_accelerometer,1fd22e8d-a721-4fc8-bd0b-bddcd3308f36,1773952645042993825,-0.4671986,8.347362,5.0823555
sensor_accelerometer,1fd22e8d-a721-4fc8-bd0b-bddcd3308f36,1773952645063005128,-0.6017949,8.4909315,4.36391
sensor_accelerometer,1fd22e8d-a721-4fc8-bd0b-bddcd3308f36,1773952645083021846,-1.180858,8.347362,3.3583267
sensor_accelerometer,1fd22e8d-a721-4fc8-bd0b-bddcd3308f36,1773952645103063253,-1.544567,8.29472,3.3008988
sensor_accelerometer,1fd22e8d-a721-4fc8-bd0b-bddcd3308f36,1773952645123052419,-1.1569297,8.208578,3.1716864
sensor_accelerometer,1fd22e8d-a721-4fc8-bd0b-bddcd3308f36,1773952645143052419,-0.5587241,8.146365,3.5162528
sensor_accelerometer,1fd22e8d-a721-4fc8-bd0b-bddcd3308f36,1773952645163076117,-0.74536425,8.1942215,4.36391
sensor_accelerometer,1fd22e8d-a721-4fc8-bd0b-bddcd3308f36,1773952645183086846,-1.262214,8.390432,4.430909
sensor_accelerometer,1fd22e8d-a721-4fc8-bd0b-bddcd3308f36,1773952645203091169,-1.1521441,8.505288,3.8614175
sensor_accelerometer,1fd22e8d-a721-4fc8-bd0b-bddcd3308f36,1773952645223098200,-0.74536425,8.529217,3.7657046
sensor_accelerometer,1fd22e8d-a721-4fc8-bd0b-bddcd3308f36,1773952645243105180,-0.6879365,8.366505,4.2681975
sensor_accelerometer,1fd22e8d-a721-4fc8-bd0b-bddcd3308f36,1773952645263138096,-0.6113662,8.428718,4.5601215
sensor_accelerometer,1fd22e8d-a721-4fc8-bd0b-bddcd3308f36,1773952645283161013,-0.3379862,8.55793,4.5170507
sensor_accelerometer,1fd22e8d-a721-4fc8-bd0b-bddcd3308f36,1773952645303137263,-0.2853441,8.553144,4.330411
sensor_accelerometer,1fd22e8d-a721-4fc8-bd0b-bddcd3308f36,1773952645323161065,-0.5300102,8.505288,4.086343
sensor_accelerometer,1fd22e8d-a721-4fc8-bd0b-bddcd3308f36,1773952645343162107,-0.9607183,8.299505,3.9140596
sensor_accelerometer,1fd22e8d-a721-4fc8-bd0b-bddcd3308f36,1773952645363180232,-1.463211,8.242078,3.775276
sensor_accelerometer,1fd22e8d-a721-4fc8-bd0b-bddcd3308f36,1773952645383223305,-1.2813566,8.22772,3.8757744
sensor_accelerometer,1fd22e8d-a721-4fc8-bd0b-bddcd3308f36,1773952645403227315,-0.66400826,8.289934,4.033701
sensor_accelerometer,1fd22e8d-a721-4fc8-bd0b-bddcd3308f36,1773952645423236950,-0.41934216,8.275578,4.6175494
sensor_accelerometer,1fd22e8d-a721-4fc8-bd0b-bddcd3308f36,1773952645443232784,-0.9798609,8.438289,3.5401812
sensor_accelerometer,1fd22e8d-a721-4fc8-bd0b-bddcd3308f36,1773952645463257575,-1.0516455,8.309076,3.4492538
sensor_accelerometer,1fd22e8d-a721-4fc8-bd0b-bddcd3308f36,1773952645483271221,-0.8458628,8.462217,4.110271
sensor_accelerometer,1fd22e8d-a721-4fc8-bd0b-bddcd3308f36,1773952645503255544,-0.94636136,8.605786,4.6175494
sensor_accelerometer,1fd22e8d-a721-4fc8-bd0b-bddcd3308f36,1773952645523296169,-0.79800636,8.457432,4.4021955
sensor_accelerometer,1fd22e8d-a721-4fc8-bd0b-bddcd3308f36,1773952645543301586,-0.6017949,8.275578,4.3926244
sensor_accelerometer,1fd22e8d-a721-4fc8-bd0b-bddcd3308f36,1773952645563287680,-0.60658056,8.22772,4.4261236
sensor_accelerometer,1fd22e8d-a721-4fc8-bd0b-bddcd3308f36,1773952645583315128,-0.35712877,8.361719,4.158128
sensor_accelerometer,1fd22e8d-a721-4fc8-bd0b-bddcd3308f36,1773952645603308148,0.14536397,8.543573,3.5449667
sensor_accelerometer,1fd22e8d-a721-4fc8-bd0b-bddcd3308f36,1773952645623331013,0.4755735,8.428718,2.784049
sensor_accelerometer,1fd22e8d-a721-4fc8-bd0b-bddcd3308f36,1773952645643360440,0.39900318,8.208578,2.2331018
sensor_accelerometer,1fd22e8d-a721-4fc8-bd0b-bddcd3308f36,1773952645663333565,-0.19441684,9.070593,1.1653047
sensor_accelerometer,1fd22e8d-a721-4fc8-bd0b-bddcd3308f36,1773952645683348721,-0.802792,8.965308,0.93559366
sensor_accelerometer,1fd22e8d-a721-4fc8-bd0b-bddcd3308f36,1773952645703361430,-0.77407813,8.974879,0.9595219
sensor_accelerometer,1fd22e8d-a721-4fc8-bd0b-bddcd3308f36,1773952645723372888,-1.166501,9.262018,2.1517458
sensor_accelerometer,1fd22e8d-a721-4fc8-bd0b-bddcd3308f36,1773952645743386221,-1.3866407,9.549157,3.176472
sensor_accelerometer,1fd22e8d-a721-4fc8-bd0b-bddcd3308f36,1773952645763394607,-1.3339987,9.209376,3.3439696
sensor_accelerometer,1fd22e8d-a721-4fc8-bd0b-bddcd3308f36,1773952645783397940,-0.5102694,9.108877,3.028117
sensor_accelerometer,1fd22e8d-a721-4fc8-bd0b-bddcd3308f36,1773952645803417055,0.08315059,8.946166,3.6843486
sensor_accelerometer,1fd22e8d-a721-4fc8-bd0b-bddcd3308f36,1773952645823425805,-0.381057,8.763713,4.6031923
sensor_accelerometer,1fd22e8d-a721-4fc8-bd0b-bddcd3308f36,1773952645843468513,-1.8227327,8.797213,4.924429
sensor_accelerometer,1fd22e8d-a721-4fc8-bd0b-bddcd3308f36,1773952645863478825,-1.9375881,8.706285,4.531408
sensor_accelerometer,1fd22e8d-a721-4fc8-bd0b-bddcd3308f36,1773952645883470440,-0.4528417,8.199007,4.6175494
sensor_accelerometer,1fd22e8d-a721-4fc8-bd0b-bddcd3308f36,1773952645903487523,1.227518,7.313064,4.502694
sensor_accelerometer,1fd22e8d-a721-4fc8-bd0b-bddcd3308f36,1773952645923491586,0.2219343,7.4327054,5.508278
sensor_accelerometer,1fd22e8d-a721-4fc8-bd0b-bddcd3308f36,1773952645943508982,-1.314856,7.9884386,6.044868
sensor_accelerometer,1fd22e8d-a721-4fc8-bd0b-bddcd3308f36,1773952645963515857,-1.4823537,8.289934,6.006583
sensor_accelerometer,1fd22e8d-a721-4fc8-bd0b-bddcd3308f36,1773952645983554919,-0.9559326,8.26122,5.3407803
sensor_accelerometer,1fd22e8d-a721-4fc8-bd0b-bddcd3308f36,1773952646003548253,-0.9415757,7.978867,4.450052
sensor_accelerometer,1fd22e8d-a721-4fc8-bd0b-bddcd3308f36,1773952646023548773,-1.2669996,8.017152,4.3064823
sensor_accelerometer,1fd22e8d-a721-4fc8-bd0b-bddcd3308f36,1773952646043564503,-1.3914263,8.246863,3.473182
sensor_accelerometer,1fd22e8d-a721-4fc8-bd0b-bddcd3308f36,1773952646063571221,-1.1186446,7.954939,3.1956146
sensor_accelerometer,1fd22e8d-a721-4fc8-bd0b-bddcd3308f36,1773952646083582680,-1.1234303,8.136793,4.033701
sensor_accelerometer,1fd22e8d-a721-4fc8-bd0b-bddcd3308f36,1773952646103594398,-0.85064846,8.3377905,4.4691944
sensor_accelerometer,1fd22e8d-a721-4fc8-bd0b-bddcd3308f36,1773952646123595961,-0.6161518,8.438289,4.5649076
sensor_accelerometer,1fd22e8d-a721-4fc8-bd0b-bddcd3308f36,1773952646143625857,-0.7070791,8.447861,4.5601215
sensor_accelerometer,1fd22e8d-a721-4fc8-bd0b-bddcd3308f36,1773952646163631586,-1.1760724,8.347362,4.167699
sensor_accelerometer,1fd22e8d-a721-4fc8-bd0b-bddcd3308f36,1773952646183616013,-1.3531412,8.342576,3.3008988
sensor_accelerometer,1fd22e8d-a721-4fc8-bd0b-bddcd3308f36,1773952646203669763,-0.8889336,8.553144,2.9467611
sensor_accelerometer,1fd22e8d-a721-4fc8-bd0b-bddcd3308f36,1773952646223666638,-0.64965135,8.725428,2.501098
sensor_accelerometer,1fd22e8d-a721-4fc8-bd0b-bddcd3308f36,1773952646243689815,-0.802792,8.7780695,2.295315
sensor_accelerometer,1fd22e8d-a721-4fc8-bd0b-bddcd3308f36,1773952646263669086,-0.8745767,9.075378,2.1421745
sensor_accelerometer,1fd22e8d-a721-4fc8-bd0b-bddcd3308f36,1773952646283676013,-0.10348958,8.725428,2.894119
sensor_accelerometer,1fd22e8d-a721-4fc8-bd0b-bddcd3308f36,1773952646303724219,-0.74536425,8.534002,3.9427736
sensor_accelerometer,1fd22e8d-a721-4fc8-bd0b-bddcd3308f36,1773952646323729167,-1.477568,8.529217,4.5170507
sensor_accelerometer,1fd22e8d-a721-4fc8-bd0b-bddcd3308f36,1773952646343721406,-0.9128618,8.658429,4.800002
sensor_accelerometer,1fd22e8d-a721-4fc8-bd0b-bddcd3308f36,1773952646363721198,0.14057833,8.409575,5.326423
sensor_accelerometer,1fd22e8d-a721-4fc8-bd0b-bddcd3308f36,1773952646383735781,-0.26141587,8.069795,5.6279187
sensor_accelerometer,1fd22e8d-a721-4fc8-bd0b-bddcd3308f36,1773952646403746146,-0.5054838,8.270791,4.9722853
sensor_accelerometer,1fd22e8d-a721-4fc8-bd0b-bddcd3308f36,1773952646423777969,-0.5778667,8.40479,4.0911283
sensor_accelerometer,1fd22e8d-a721-4fc8-bd0b-bddcd3308f36,1773952646443764739,-0.9559326,8.361719,3.377469
sensor_accelerometer,1fd22e8d-a721-4fc8-bd0b-bddcd3308f36,1773952646463805312,-1.2430713,8.447861,3.3631122
sensor_accelerometer,1fd22e8d-a721-4fc8-bd0b-bddcd3308f36,1773952646483821302,-0.9798609,8.309076,3.7896328
sensor_accelerometer,1fd22e8d-a721-4fc8-bd0b-bddcd3308f36,1773952646503796927,-0.89371926,8.170293,4.272983
sensor_accelerometer,1fd22e8d-a721-4fc8-bd0b-bddcd3308f36,1773952646523832552,-1.2909278,8.04108,4.9866424
sensor_accelerometer,1fd22e8d-a721-4fc8-bd0b-bddcd3308f36,1773952646543821771,-1.1856437,8.486146,4.301697
sensor_accelerometer,1fd22e8d-a721-4fc8-bd0b-bddcd3308f36,1773952646563832969,-0.33320054,8.328219,3.7369907
sensor_accelerometer,1fd22e8d-a721-4fc8-bd0b-bddcd3308f36,1773952646583929062,-0.54436713,8.423932,3.746562
sensor_accelerometer,1fd22e8d-a721-4fc8-bd0b-bddcd3308f36,1773952646603883229,-1.2765709,8.4813595,3.923631
sensor_accelerometer,1fd22e8d-a721-4fc8-bd0b-bddcd3308f36,1773952646623884167,-1.3866407,8.447861,4.182056
sensor_accelerometer,1fd22e8d-a721-4fc8-bd0b-bddcd3308f36,1773952646643892344,-1.2047862,8.347362,4.5218368
sensor_accelerometer,1fd22e8d-a721-4fc8-bd0b-bddcd3308f36,1773952646663919062,-0.9607183,8.438289,5.130212
sensor_accelerometer,1fd22e8d-a721-4fc8-bd0b-bddcd3308f36,1773952646683892500,-0.6113662,8.438289,4.8622155
sensor_accelerometer,1fd22e8d-a721-4fc8-bd0b-bddcd3308f36,1773952646703919010,-0.15613168,8.553144,4.4452662
sensor_accelerometer,1fd22e8d-a721-4fc8-bd0b-bddcd3308f36,1773952646723936719,-0.15613168,8.624929,4.153342
sensor_accelerometer,1fd22e8d-a721-4fc8-bd0b-bddcd3308f36,1773952646743963125,-0.15134603,8.572288,3.6460636
sensor_accelerometer,1fd22e8d-a721-4fc8-bd0b-bddcd3308f36,1773952646763939479,-0.20877378,8.639286,3.5210385
sensor_accelerometer,1fd22e8d-a721-4fc8-bd0b-bddcd3308f36,1773952646783971250,-0.56829536,8.476574,3.205186
sensor_accelerometer,1fd22e8d-a721-4fc8-bd0b-bddcd3308f36,1773952646803990000,-1.0660025,8.40479,3.0664022
sensor_accelerometer,1fd22e8d-a721-4fc8-bd0b-bddcd3308f36,1773952646823988646,-0.802792,8.639286,2.55374
sensor_accelerometer,1fd22e8d-a721-4fc8-bd0b-bddcd3308f36,1773952646844014792,0.09750752,8.1942215,3.0185459
sensor_accelerometer,1fd22e8d-a721-4fc8-bd0b-bddcd3308f36,1773952646864026927,0.09272188,8.653643,3.434897
sensor_accelerometer,1fd22e8d-a721-4fc8-bd0b-bddcd3308f36,1773952646884003958,-0.35234314,8.7780695,4.205984
sensor_accelerometer,1fd22e8d-a721-4fc8-bd0b-bddcd3308f36,1773952646904051510,-0.81236327,8.850452,4.4021955
sensor_accelerometer,1fd22e8d-a721-4fc8-bd0b-bddcd3308f36,1773952646924047239,-1.0516455,8.52443,4.3926244
sensor_accelerometer,1fd22e8d-a721-4fc8-bd0b-bddcd3308f36,1773952646944050781,-0.951147,8.280363,4.0767717
sensor_accelerometer,1fd22e8d-a721-4fc8-bd0b-bddcd3308f36,1773952646964052187,-0.62093747,8.55793,3.2243285
sensor_accelerometer,1fd22e8d-a721-4fc8-bd0b-bddcd3308f36,1773952646984037187,-0.43848476,8.658429,2.894119
sensor_accelerometer,1fd22e8d-a721-4fc8-bd0b-bddcd3308f36,1773952647004078646,-0.802792,8.730213,2.525026
sensor_accelerometer,1fd22e8d-a721-4fc8-bd0b-bddcd3308f36,1773952647024096406,-1.1617154,8.979665,2.4963121
sensor_accelerometer,1fd22e8d-a721-4fc8-bd0b-bddcd3308f36,1773952647044094427,-1.0516455,8.624929,2.3814569
sensor_accelerometer,1fd22e8d-a721-4fc8-bd0b-bddcd3308f36,1773952647064124010,-0.8315059,8.6345005,2.1852453
sensor_accelerometer,1fd22e8d-a721-4fc8-bd0b-bddcd3308f36,1773952647084113646,-0.9176475,8.840881,2.5202405
sensor_accelerometer,1fd22e8d-a721-4fc8-bd0b-bddcd3308f36,1773952647104125469,-0.29012975,8.830712,3.2913275
sensor_accelerometer,1fd22e8d-a721-4fc8-bd0b-bddcd3308f36,1773952647124162917,-0.31405798,8.835498,3.4013975
sensor_accelerometer,1fd22e8d-a721-4fc8-bd0b-bddcd3308f36,1773952647144149167,-1.3196417,8.59143,3.5449667
sensor_accelerometer,1fd22e8d-a721-4fc8-bd0b-bddcd3308f36,1773952647164179219,-1.8801605,8.471788,3.9954157
sensor_accelerometer,1fd22e8d-a721-4fc8-bd0b-bddcd3308f36,1773952647184178437,-1.3004991,8.136793,5.206782
sensor_accelerometer,1fd22e8d-a721-4fc8-bd0b-bddcd3308f36,1773952647204182917,-0.29970104,7.921439,6.2793646
sensor_accelerometer,1fd22e8d-a721-4fc8-bd0b-bddcd3308f36,1773952647224212812,-0.0317049,8.026724,6.308079
sensor_accelerometer,1fd22e8d-a721-4fc8-bd0b-bddcd3308f36,1773952647244224062,-0.67836523,7.954939,5.7720866
sensor_accelerometer,1fd22e8d-a721-4fc8-bd0b-bddcd3308f36,1773952647264249323,-1.4584254,7.9836526,4.766503
sensor_accelerometer,1fd22e8d-a721-4fc8-bd0b-bddcd3308f36,1773952647284259375,-1.588236,7.993224,4.033701
sensor_accelerometer,1fd22e8d-a721-4fc8-bd0b-bddcd3308f36,1773952647304250781,-1.4536397,7.9070826,4.0719857
sensor_accelerometer,1fd22e8d-a721-4fc8-bd0b-bddcd3308f36,1773952647324267292,-1.1042876,7.9980097,4.4548373
sensor_accelerometer,1fd22e8d-a721-4fc8-bd0b-bddcd3308f36,1773952647344272187,-0.32841492,8.160722,4.752146
sensor_accelerometer,1fd22e8d-a721-4fc8-bd0b-bddcd3308f36,1773952647364280677,-0.093918286,8.390432,4.9722853
sensor_accelerometer,1fd22e8d-a721-4fc8-bd0b-bddcd3308f36,1773952647384257292,-0.4959125,8.452646,4.4261236
sensor_accelerometer,1fd22e8d-a721-4fc8-bd0b-bddcd3308f36,1773952647404305156,-0.8602197,8.361719,4.282554
sensor_accelerometer,1fd22e8d-a721-4fc8-bd0b-bddcd3308f36,1773952647424309739,-0.64008003,8.318648,4.430909
sensor_accelerometer,1fd22e8d-a721-4fc8-bd0b-bddcd3308f36,1773952647444324375,-0.81236327,8.318648,4.7377887
sensor_accelerometer,1fd22e8d-a721-4fc8-bd0b-bddcd3308f36,1773952647464340833,-0.99900347,8.385647,4.3591247
sensor_accelerometer,1fd22e8d-a721-4fc8-bd0b-bddcd3308f36,1773952647484346250,-0.587438,8.514859,3.856632
sensor_accelerometer,1fd22e8d-a721-4fc8-bd0b-bddcd3308f36,1773952647504362396,-0.29970104,8.395218,3.7657046
sensor_accelerometer,1fd22e8d-a721-4fc8-bd0b-bddcd3308f36,1773952647524368802,-0.5922236,8.423932,4.110271
sensor_accelerometer,1fd22e8d-a721-4fc8-bd0b-bddcd3308f36,1773952647544388646,-0.75493556,8.347362,4.28734
sensor_accelerometer,1fd22e8d-a721-4fc8-bd0b-bddcd3308f36,1773952647564399844,-0.78843504,8.304291,4.2777686
sensor_accelerometer,1fd22e8d-a721-4fc8-bd0b-bddcd3308f36,1773952647584371458,-0.75972116,8.414361,4.148556
sensor_accelerometer,1fd22e8d-a721-4fc8-bd0b-bddcd3308f36,1773952647604407135,-0.85064846,8.400003,4.153342
sensor_accelerometer,1fd22e8d-a721-4fc8-bd0b-bddcd3308f36,1773952647624425000,-0.63529444,8.132008,4.330411
sensor_accelerometer,1fd22e8d-a721-4fc8-bd0b-bddcd3308f36,1773952647644423177,-1.4392828,8.26122,4.1150565
sensor_accelerometer,1fd22e8d-a721-4fc8-bd0b-bddcd3308f36,1773952647664446042,-1.0660025,8.151151,4.4261236
sensor_accelerometer,1fd22e8d-a721-4fc8-bd0b-bddcd3308f36,1773952647684455364,-0.9320044,8.40479,4.3112683
sensor_accelerometer,1fd22e8d-a721-4fc8-bd0b-bddcd3308f36,1773952647704490573,-0.75972116,8.4813595,4.110271
sensor_accelerometer,1fd22e8d-a721-4fc8-bd0b-bddcd3308f36,1773952647724467864,-0.8745767,8.505288,3.6987057
sensor_accelerometer,1fd22e8d-a721-4fc8-bd0b-bddcd3308f36,1773952647744489792,-0.9607183,8.390432,3.3008988
sensor_accelerometer,1fd22e8d-a721-4fc8-bd0b-bddcd3308f36,1773952647764499896,-1.2717853,8.199007,3.3918262
sensor_accelerometer,1fd22e8d-a721-4fc8-bd0b-bddcd3308f36,1773952647784495989,-0.802792,8.141579,4.464409
sensor_accelerometer,1fd22e8d-a721-4fc8-bd0b-bddcd3308f36,1773952647804510781,-0.48155555,8.414361,4.85743
sensor_accelerometer,1fd22e8d-a721-4fc8-bd0b-bddcd3308f36,1773952647824527448,-0.50069815,8.586644,4.182056
sensor_accelerometer,1fd22e8d-a721-4fc8-bd0b-bddcd3308f36,1773952647844551927,-1.0037891,8.601001,3.2386854
sensor_accelerometer,1fd22e8d-a721-4fc8-bd0b-bddcd3308f36,1773952647864580260,-1.2861422,8.476574,2.8989046
sensor_accelerometer,1fd22e8d-a721-4fc8-bd0b-bddcd3308f36,1773952647884556562,-1.5110675,8.414361,3.219543
sensor_accelerometer,1fd22e8d-a721-4fc8-bd0b-bddcd3308f36,1773952647904577864,-1.166501,8.433503,3.7944186
sensor_accelerometer,1fd22e8d-a721-4fc8-bd0b-bddcd3308f36,1773952647924612917,-0.7405786,8.462217,4.028915
sensor_accelerometer,1fd22e8d-a721-4fc8-bd0b-bddcd3308f36,1773952647944636562,-0.4432704,8.534002,4.205984
sensor_accelerometer,1fd22e8d-a721-4fc8-bd0b-bddcd3308f36,1773952647964601927,-0.38584265,8.500503,4.7856455
sensor_accelerometer,1fd22e8d-a721-4fc8-bd0b-bddcd3308f36,1773952647984611771,-0.73100734,8.428718,4.9531426
sensor_accelerometer,1fd22e8d-a721-4fc8-bd0b-bddcd3308f36,1773952648004650677,-1.1569297,8.237292,4.191627
sensor_accelerometer,1fd22e8d-a721-4fc8-bd0b-bddcd3308f36,1773952648024643229,-1.5110675,8.323434,3.4779677
sensor_accelerometer,1fd22e8d-a721-4fc8-bd0b-bddcd3308f36,1773952648044691667,-0.9942178,8.280363,3.0041888
sensor_accelerometer,1fd22e8d-a721-4fc8-bd0b-bddcd3308f36,1773952648064687239,0.13579269,8.567501,2.7888348
sensor_accelerometer,1fd22e8d-a721-4fc8-bd0b-bddcd3308f36,1773952648084700573,0.8111669,8.543573,2.9467611
sensor_accelerometer,1fd22e8d-a721-4fc8-bd0b-bddcd3308f36,1773952648104675469,0.3894319,8.586644,2.784049
sensor_accelerometer,1fd22e8d-a721-4fc8-bd0b-bddcd3308f36,1773952648124712083,-0.54436713,8.581859,2.7314072
sensor_accelerometer,1fd22e8d-a721-4fc8-bd0b-bddcd3308f36,1773952648144717604,-1.7413766,8.605786,3.138187
sensor_accelerometer,1fd22e8d-a721-4fc8-bd0b-bddcd3308f36,1773952648164734531,-1.4871392,8.471788,4.28734
sensor_accelerometer,1fd22e8d-a721-4fc8-bd0b-bddcd3308f36,1773952648184708542,-0.51505506,8.567501,4.7377887
sensor_accelerometer,1fd22e8d-a721-4fc8-bd0b-bddcd3308f36,1773952648204762656,-0.3379862,9.118449,4.776074
sensor_accelerometer,1fd22e8d-a721-4fc8-bd0b-bddcd3308f36,1773952648224760521,-1.0851451,9.448658,3.4683964
sensor_accelerometer,1fd22e8d-a721-4fc8-bd0b-bddcd3308f36,1773952648244786875,-0.28055847,9.305089,3.1477582
sensor_accelerometer,1fd22e8d-a721-4fc8-bd0b-bddcd3308f36,1773952648264776094,0.044865426,8.907881,4.2251267
sensor_accelerometer,1fd22e8d-a721-4fc8-bd0b-bddcd3308f36,1773952648284803489,-1.0420742,9.223733,4.651049
sensor_accelerometer,1fd22e8d-a721-4fc8-bd0b-bddcd3308f36,1773952648304817031,-2.5645077,8.577073,4.881358
sensor_accelerometer,1fd22e8d-a721-4fc8-bd0b-bddcd3308f36,1773952648324814948,-3.278167,7.5236325,3.621537
sensor_accelerometer,1fd22e8d-a721-4fc8-bd0b-bddcd3308f36,1773952648344807239,-2.0237298,7.5523467,2.7696922
sensor_accelerometer,1fd22e8d-a721-4fc8-bd0b-bddcd3308f36,1773952648364821614,0.09750752,7.5092754,5.2498527
sensor_accelerometer,1fd22e8d-a721-4fc8-bd0b-bddcd3308f36,1773952648384844427,0.53359944,7.7533436,7.2993054
sensor_accelerometer,1fd22e8d-a721-4fc8-bd0b-bddcd3308f36,1773952648404876146,0.15493527,8.122437,7.4907312
sensor_accelerometer,1fd22e8d-a721-4fc8-bd0b-bddcd3308f36,1773952648424868906,-0.9176475,8.218149,6.288936
sensor_accelerometer,1fd22e8d-a721-4fc8-bd0b-bddcd3308f36,1773952648444870312,-1.7557336,7.8687973,3.6604204
sensor_accelerometer,1fd22e8d-a721-4fc8-bd0b-bddcd3308f36,1773952648464877708,-1.80359,7.8783684,2.1852453
sensor_accelerometer,1fd22e8d-a721-4fc8-bd0b-bddcd3308f36,1773952648484884271,-1.477568,8.079366,2.7936203
sensor_accelerometer,1fd22e8d-a721-4fc8-bd0b-bddcd3308f36,1773952648504930833,-1.1856437,8.103293,4.5409794
sensor_accelerometer,1fd22e8d-a721-4fc8-bd0b-bddcd3308f36,1773952648524920573,-1.1617154,8.122437,5.048856
sensor_accelerometer,1fd22e8d-a721-4fc8-bd0b-bddcd3308f36,1773952648544930469,-1.099502,8.055437,4.7425747
sensor_accelerometer,1fd22e8d-a721-4fc8-bd0b-bddcd3308f36,1773952648564933021,-1.2335001,7.993224,4.2442694
sensor_accelerometer,1fd22e8d-a721-4fc8-bd0b-bddcd3308f36,1773952648584957708,-1.2526426,8.165507,3.9140596
sensor_accelerometer,1fd22e8d-a721-4fc8-bd0b-bddcd3308f36,1773952648604983750,-1.3052847,8.242078,3.6891344
sensor_accelerometer,1fd22e8d-a721-4fc8-bd0b-bddcd3308f36,1773952648624985781,-1.2717853,8.356933,3.8853457
sensor_accelerometer,1fd22e8d-a721-4fc8-bd0b-bddcd3308f36,1773952648644998437,-0.73579293,8.352147,4.4596233
sensor_accelerometer,1fd22e8d-a721-4fc8-bd0b-bddcd3308f36,1773952648665001250,-0.6975078,8.352147,4.9435716
sensor_accelerometer,1fd22e8d-a721-4fc8-bd0b-bddcd3308f36,1773952648685009687,-0.81236327,8.218149,4.6899323
sensor_accelerometer,1fd22e8d-a721-4fc8-bd0b-bddcd3308f36,1773952648705013021,-1.4249259,8.199007,4.110271
sensor_accelerometer,1fd22e8d-a721-4fc8-bd0b-bddcd3308f36,1773952648725027292,-1.6983058,8.3377905,3.3870404
sensor_accelerometer,1fd22e8d-a721-4fc8-bd0b-bddcd3308f36,1773952648745040989,-1.3196417,8.510074,2.6548367
sensor_accelerometer,1fd22e8d-a721-4fc8-bd0b-bddcd3308f36,1773952648765058437,-0.59700924,8.538788,2.7888348
sensor_accelerometer,1fd22e8d-a721-4fc8-bd0b-bddcd3308f36,1773952648785074583,-0.5587241,8.414361,3.621537
sensor_accelerometer,1fd22e8d-a721-4fc8-bd0b-bddcd3308f36,1773952648805067396,-1.1569297,8.342576,4.138985
sensor_accelerometer,1fd22e8d-a721-4fc8-bd0b-bddcd3308f36,1773952648825083750,-1.2717853,8.586644,4.1724844
sensor_accelerometer,1fd22e8d-a721-4fc8-bd0b-bddcd3308f36,1773952648845093542,-0.43848476,8.835498,4.000201
sensor_accelerometer,1fd22e8d-a721-4fc8-bd0b-bddcd3308f36,1773952648865109427,0.030508488,8.706285,3.9619162
sensor_accelerometer,1fd22e8d-a721-4fc8-bd0b-bddcd3308f36,1773952648885122812,-0.26620153,8.629715,3.8853457
sensor_accelerometer,1fd22e8d-a721-4fc8-bd0b-bddcd3308f36,1773952648905131823,-0.73100734,8.711071,3.8087754
sensor_accelerometer,1fd22e8d-a721-4fc8-bd0b-bddcd3308f36,1773952648925132864,-0.97507524,8.620144,3.7704902
sensor_accelerometer,1fd22e8d-a721-4fc8-bd0b-bddcd3308f36,1773952648945150260,-0.67836523,8.639286,3.377469
sensor_accelerometer,1fd22e8d-a721-4fc8-bd0b-bddcd3308f36,1773952648965166250,-0.2853441,8.629715,3.0759735
sensor_accelerometer,1fd22e8d-a721-4fc8-bd0b-bddcd3308f36,1773952648985144583,-0.7118647,8.601001,2.8845477
sensor_accelerometer,1fd22e8d-a721-4fc8-bd0b-bddcd3308f36,1773952649005207917,-0.9176475,8.529217,2.7218359
sensor_accelerometer,1fd22e8d-a721-4fc8-bd0b-bddcd3308f36,1773952649025214896,-0.16091733,8.610572,3.042474
sensor_accelerometer,1fd22e8d-a721-4fc8-bd0b-bddcd3308f36,1773952649045223698,-0.20877378,8.648857,3.909274
sensor_accelerometer,1fd22e8d-a721-4fc8-bd0b-bddcd3308f36,1773952649065240312,-0.94636136,8.586644,4.58405
sensor_accelerometer,1fd22e8d-a721-4fc8-bd0b-bddcd3308f36,1773952649085244427,-1.2191432,8.356933,4.733003
sensor_accelerometer,1fd22e8d-a721-4fc8-bd0b-bddcd3308f36,1773952649105237917,-0.38584265,8.52443,3.1956146
sensor_accelerometer,1fd22e8d-a721-4fc8-bd0b-bddcd3308f36,1773952649125271302,-0.654437,8.782856,3.2721848
sensor_accelerometer,1fd22e8d-a721-4fc8-bd0b-bddcd3308f36,1773952649145253437,-1.4536397,8.639286,3.501896
sensor_accelerometer,1fd22e8d-a721-4fc8-bd0b-bddcd3308f36,1773952649165284010,-1.7030915,8.55793,3.8327036
sensor_accelerometer,1fd22e8d-a721-4fc8-bd0b-bddcd3308f36,1773952649185266406,-1.018146,8.787642,3.6364923
sensor_accelerometer,1fd22e8d-a721-4fc8-bd0b-bddcd3308f36,1773952649205312656,-0.42412782,8.879167,3.1860433
sensor_accelerometer,1fd22e8d-a721-4fc8-bd0b-bddcd3308f36,1773952649225301302,-0.52522457,8.860024,2.8462625
sensor_accelerometer,1fd22e8d-a721-4fc8-bd0b-bddcd3308f36,1773952649245335208,-0.79800636,9.065806,2.4197419
sensor_accelerometer,1fd22e8d-a721-4fc8-bd0b-bddcd3308f36,1773952649265313594,-0.22791636,8.601001,2.9946175
sensor_accelerometer,1fd22e8d-a721-4fc8-bd0b-bddcd3308f36,1773952649285331458,-0.3475575,8.82114,3.1477582
sensor_accelerometer,1fd22e8d-a721-4fc8-bd0b-bddcd3308f36,1773952649305336614,-1.099502,8.869596,3.473182
sensor_accelerometer,1fd22e8d-a721-4fc8-bd0b-bddcd3308f36,1773952649325383750,-1.410569,8.519645,3.4923246
sensor_accelerometer,1fd22e8d-a721-4fc8-bd0b-bddcd3308f36,1773952649345374687,-0.9320044,8.663215,3.2147572
sensor_accelerometer,1fd22e8d-a721-4fc8-bd0b-bddcd3308f36,1773952649365380677,-0.017347964,8.855238,2.6452653
sensor_accelerometer,1fd22e8d-a721-4fc8-bd0b-bddcd3308f36,1773952649385361302,0.22671995,9.151948,2.0895324
sensor_accelerometer,1fd22e8d-a721-4fc8-bd0b-bddcd3308f36,1773952649405419739,-0.36191443,9.415159,1.5774683
sensor_accelerometer,1fd22e8d-a721-4fc8-bd0b-bddcd3308f36,1773952649425437917,0.068793654,9.156734,2.4771698
sensor_accelerometer,1fd22e8d-a721-4fc8-bd0b-bddcd3308f36,1773952649445421667,-0.5300102,8.768498,2.4963121
sensor_accelerometer,1fd22e8d-a721-4fc8-bd0b-bddcd3308f36,1773952649465440469,-2.4352953,8.82114,3.1716864
sensor_accelerometer,1fd22e8d-a721-4fc8-bd0b-bddcd3308f36,1773952649485434583,-2.39701,8.59143,4.028915
sensor_accelerometer,1fd22e8d-a721-4fc8-bd0b-bddcd3308f36,1773952649505451719,-0.34277186,8.199007,4.847859
sensor_accelerometer,1fd22e8d-a721-4fc8-bd0b-bddcd3308f36,1773952649525459427,0.8111669,7.897511,5.6757755
sensor_accelerometer,1fd22e8d-a721-4fc8-bd0b-bddcd3308f36,1773952649545489219,0.78723866,8.275578,5.8390856
sensor_accelerometer,1fd22e8d-a721-4fc8-bd0b-bddcd3308f36,1773952649565494896,0.3272185,8.256434,5.9300127
sensor_accelerometer,1fd22e8d-a721-4fc8-bd0b-bddcd3308f36,1773952649585496510,-0.7405786,8.218149,5.7146587
sensor_accelerometer,1fd22e8d-a721-4fc8-bd0b-bddcd3308f36,1773952649605499114,-1.032503,8.208578,4.723432
sensor_accelerometer,1fd22e8d-a721-4fc8-bd0b-bddcd3308f36,1773952649625546146,-0.6975078,8.222935,3.7657046
sensor_accelerometer,1fd22e8d-a721-4fc8-bd0b-bddcd3308f36,1773952649645559271,-0.54436713,8.213364,3.4827533
sensor_accelerometer,1fd22e8d-a721-4fc8-bd0b-bddcd3308f36,1773952649665534948,-0.4336991,8.3377905,3.5784662
sensor_accelerometer,1fd22e8d-a721-4fc8-bd0b-bddcd3308f36,1773952649685545469,-0.56350976,8.29472,3.947559
sensor_accelerometer,1fd22e8d-a721-4fc8-bd0b-bddcd3308f36,1773952649705565833,-0.7070791,8.199007,4.2394834
sensor_accelerometer,1fd22e8d-a721-4fc8-bd0b-bddcd3308f36,1773952649725591146,-0.7262217,8.208578,4.5170507
sensor_accelerometer,1fd22e8d-a721-4fc8-bd0b-bddcd3308f36,1773952649745615104,-0.6257231,8.103293,4.2394834
sensor_accelerometer,1fd22e8d-a721-4fc8-bd0b-bddcd3308f36,1773952649765589427,-0.54436713,8.275578,4.2538404
sensor_accelerometer,1fd22e8d-a721-4fc8-bd0b-bddcd3308f36,1773952649785622760,-0.26141587,8.400003,4.0815573
sensor_accelerometer,1fd22e8d-a721-4fc8-bd0b-bddcd3308f36,1773952649805636146,-0.06999006,8.433503,4.019344
sensor_accelerometer,1fd22e8d-a721-4fc8-bd0b-bddcd3308f36,1773952649825656823,-0.22791636,8.433503,4.450052
sensor_accelerometer,1fd22e8d-a721-4fc8-bd0b-bddcd3308f36,1773952649845645000,-0.5204389,8.175078,5.1254263
sensor_accelerometer,1fd22e8d-a721-4fc8-bd0b-bddcd3308f36,1773952649865647969,-0.7118647,8.2660055,4.981857
sensor_accelerometer,1fd22e8d-a721-4fc8-bd0b-bddcd3308f36,1773952649885690469,-0.3906283,8.275578,4.9722853
sensor_accelerometer,1fd22e8d-a721-4fc8-bd0b-bddcd3308f36,1773952649905694375,-0.49112684,8.395218,4.5218368
sensor_accelerometer,1fd22e8d-a721-4fc8-bd0b-bddcd3308f36,1773952649925693437,-0.75972116,8.414361,4.0815573
sensor_accelerometer,1fd22e8d-a721-4fc8-bd0b-bddcd3308f36,1773952649945703385,-1.1473584,8.366505,4.148556
sensor_accelerometer,1fd22e8d-a721-4fc8-bd0b-bddcd3308f36,1773952649965703281,-1.1282159,8.242078,3.554538
sensor_accelerometer,1fd22e8d-a721-4fc8-bd0b-bddcd3308f36,1773952649985677500,-0.3906283,8.26122,3.6987057
sensor_accelerometer,1fd22e8d-a721-4fc8-bd0b-bddcd3308f36,1773952650005747135,-0.10348958,8.232507,3.8135612
sensor_accelerometer,1fd22e8d-a721-4fc8-bd0b-bddcd3308f36,1773952650025743854,-0.6113662,8.471788,3.7944186
sensor_accelerometer,1fd22e8d-a721-4fc8-bd0b-bddcd3308f36,1773952650045763854,-0.87936234,8.82114,3.4109688
sensor_accelerometer,1fd22e8d-a721-4fc8-bd0b-bddcd3308f36,1773952650065771875,-0.4528417,8.806784,3.6317065
sensor_accelerometer,1fd22e8d-a721-4fc8-bd0b-bddcd3308f36,1773952650085778229,0.30329028,8.763713,3.8327036
sensor_accelerometer,1fd22e8d-a721-4fc8-bd0b-bddcd3308f36,1773952650105785156,0.1692922,8.725428,4.134199
sensor_accelerometer,1fd22e8d-a721-4fc8-bd0b-bddcd3308f36,1773952650125816198,-0.24227329,8.6345005,3.7130625
sensor_accelerometer,1fd22e8d-a721-4fc8-bd0b-bddcd3308f36,1773952650145812812,-0.3044867,8.946166,3.2099717
sensor_accelerometer,1fd22e8d-a721-4fc8-bd0b-bddcd3308f36,1773952650165811510,-0.35234314,8.888738,2.7505496
sensor_accelerometer,1fd22e8d-a721-4fc8-bd0b-bddcd3308f36,1773952650185821042,-0.8745767,8.931808,2.0464616
sensor_accelerometer,1fd22e8d-a721-4fc8-bd0b-bddcd3308f36,1773952650205834792,-1.1712867,8.860024,1.6061822
sensor_accelerometer,1fd22e8d-a721-4fc8-bd0b-bddcd3308f36,1773952650225872864,-0.18484555,8.59143,2.1565313
sensor_accelerometer,1fd22e8d-a721-4fc8-bd0b-bddcd3308f36,1773952650245863021,0.68195444,8.601001,3.5688949
sensor_accelerometer,1fd22e8d-a721-4fc8-bd0b-bddcd3308f36,1773952650265883750,-0.42412782,8.443074,4.981857
sensor_accelerometer,1fd22e8d-a721-4fc8-bd0b-bddcd3308f36,1773952650285887239,-0.8219346,8.653643,3.894917
sensor_accelerometer,1fd22e8d-a721-4fc8-bd0b-bddcd3308f36,1773952650305898489,-0.6975078,8.7780695,2.9371898
sensor_accelerometer,1fd22e8d-a721-4fc8-bd0b-bddcd3308f36,1773952650325934323,-0.20398813,8.658429,2.4675984
sensor_accelerometer,1fd22e8d-a721-4fc8-bd0b-bddcd3308f36,1773952650345925260,0.54317075,8.974879,2.137389
sensor_accelerometer,1fd22e8d-a721-4fc8-bd0b-bddcd3308f36,1773952650365940417,0.48035914,8.763713,2.5872395
sensor_accelerometer,1fd22e8d-a721-4fc8-bd0b-bddcd3308f36,1773952650385920625,-0.18484555,9.05145,2.9563324
sensor_accelerometer,1fd22e8d-a721-4fc8-bd0b-bddcd3308f36,1773952650405976302,-1.3531412,9.367303,2.7553353
sensor_accelerometer,1fd22e8d-a721-4fc8-bd0b-bddcd3308f36,1773952650425968802,-0.48155555,8.773284,3.0616167
sensor_accelerometer,1fd22e8d-a721-4fc8-bd0b-bddcd3308f36,1773952650445977187,0.6963114,8.768498,4.148556
sensor_accelerometer,1fd22e8d-a721-4fc8-bd0b-bddcd3308f36,1773952650466009062,0.020937199,8.922237,3.9619162
sensor_accelerometer,1fd22e8d-a721-4fc8-bd0b-bddcd3308f36,1773952650485985260,-1.3531412,9.199805,3.4683964
sensor_accelerometer,1fd22e8d-a721-4fc8-bd0b-bddcd3308f36,1773952650506028542,-1.8514465,9.099306,4.282554
sensor_accelerometer,1fd22e8d-a721-4fc8-bd0b-bddcd3308f36,1773952650526016667,-1.2047862,7.969296,4.8095737
sensor_accelerometer,1fd22e8d-a721-4fc8-bd0b-bddcd3308f36,1773952650546041146,-0.42891344,7.4662046,5.762515
sensor_accelerometer,1fd22e8d-a721-4fc8-bd0b-bddcd3308f36,1773952650566044219,0.360718,7.4709907,5.5944195
sensor_accelerometer,1fd22e8d-a721-4fc8-bd0b-bddcd3308f36,1773952650586024010,0.08793623,7.9836526,5.278567
sensor_accelerometer,1fd22e8d-a721-4fc8-bd0b-bddcd3308f36,1773952650606054062,-0.026919255,8.59143,5.029713
sensor_accelerometer,1fd22e8d-a721-4fc8-bd0b-bddcd3308f36,1773952650626061614,-0.28055847,8.352147,5.4699926
sensor_accelerometer,1fd22e8d-a721-4fc8-bd0b-bddcd3308f36,1773952650646082760,-0.70229346,7.9836526,5.6327047
sensor_accelerometer,1fd22e8d-a721-4fc8-bd0b-bddcd3308f36,1773952650666089062,-0.4671986,7.911868,4.6414776
sensor_accelerometer,1fd22e8d-a721-4fc8-bd0b-bddcd3308f36,1773952650686096875,-0.3188436,8.165507,4.0528436
sensor_accelerometer,1fd22e8d-a721-4fc8-bd0b-bddcd3308f36,1773952650706139792,-0.60658056,8.103293,3.9188452
sensor_accelerometer,1fd22e8d-a721-4fc8-bd0b-bddcd3308f36,1773952650726148385,-0.90807617,7.88794,4.6319065
sensor_accelerometer,1fd22e8d-a721-4fc8-bd0b-bddcd3308f36,1773952650746138542,-0.86979103,8.256434,4.0911283
sensor_accelerometer,1fd22e8d-a721-4fc8-bd0b-bddcd3308f36,1773952650766141979,0.24586253,8.218149,3.5641093
sensor_accelerometer,1fd22e8d-a721-4fc8-bd0b-bddcd3308f36,1773952650786157500,0.2650051,8.07458,4.339982
sensor_accelerometer,1fd22e8d-a721-4fc8-bd0b-bddcd3308f36,1773952650806193229,-0.37627137,8.467003,4.7569313
sensor_accelerometer,1fd22e8d-a721-4fc8-bd0b-bddcd3308f36,1773952650826208333,-0.19441684,8.189436,4.7425747
sensor_accelerometer,1fd22e8d-a721-4fc8-bd0b-bddcd3308f36,1773952650846203177,-0.5587241,8.136793,4.694718
sensor_accelerometer,1fd22e8d-a721-4fc8-bd0b-bddcd3308f36,1773952650866231510,-0.63529444,8.060223,4.7712884
sensor_accelerometer,1fd22e8d-a721-4fc8-bd0b-bddcd3308f36,1773952650886205052,-0.7692925,8.22772,4.9722853
sensor_accelerometer,1fd22e8d-a721-4fc8-bd0b-bddcd3308f36,1773952650906224219,-0.3906283,8.289934,4.766503
sensor_accelerometer,1fd22e8d-a721-4fc8-bd0b-bddcd3308f36,1773952650926227917,-0.17048861,8.318648,4.17727
sensor_accelerometer,1fd22e8d-a721-4fc8-bd0b-bddcd3308f36,1773952650946240208,-0.4959125,8.275578,4.6319065
sensor_accelerometer,1fd22e8d-a721-4fc8-bd0b-bddcd3308f36,1773952650966253906,-0.8219346,8.170293,3.9954157
sensor_accelerometer,1fd22e8d-a721-4fc8-bd0b-bddcd3308f36,1773952650986263489,-0.73579293,8.155936,3.7130625
sensor_accelerometer,1fd22e8d-a721-4fc8-bd0b-bddcd3308f36,1773952651006307135,-0.31405798,8.07458,3.621537
sensor_accelerometer,1fd22e8d-a721-4fc8-bd0b-bddcd3308f36,1773952651026315312,-0.1896312,8.390432,3.9810586
sensor_accelerometer,1fd22e8d-a721-4fc8-bd0b-bddcd3308f36,1773952651046296771,-0.07477571,8.529217,3.6263227
sensor_accelerometer,1fd22e8d-a721-4fc8-bd0b-bddcd3308f36,1773952651066306719,0.18843478,8.486146,3.3822548
sensor_accelerometer,1fd22e8d-a721-4fc8-bd0b-bddcd3308f36,1773952651086358698,0.40378883,8.486146,3.1046875
sensor_accelerometer,1fd22e8d-a721-4fc8-bd0b-bddcd3308f36,1773952651106357969,0.43728834,8.668,2.8701909
sensor_accelerometer,1fd22e8d-a721-4fc8-bd0b-bddcd3308f36,1773952651126373802,0.21714866,8.86481,2.8510482
sensor_accelerometer,1fd22e8d-a721-4fc8-bd0b-bddcd3308f36,1773952651146360573,-0.10827523,8.706285,2.7553353
sensor_accelerometer,1fd22e8d-a721-4fc8-bd0b-bddcd3308f36,1773952651166382135,-0.093918286,8.725428,3.0903304
sensor_accelerometer,1fd22e8d-a721-4fc8-bd0b-bddcd3308f36,1773952651186367708,-0.38584265,9.12802,4.4117665
sensor_accelerometer,1fd22e8d-a721-4fc8-bd0b-bddcd3308f36,1773952651206414062,-1.1330016,9.233304,4.981857
sensor_accelerometer,1fd22e8d-a721-4fc8-bd0b-bddcd3308f36,1773952651226426406,-0.39541394,8.998808,4.8622155
sensor_accelerometer,1fd22e8d-a721-4fc8-bd0b-bddcd3308f36,1773952651246415052,0.24586253,8.749356,4.3878384
sensor_accelerometer,1fd22e8d-a721-4fc8-bd0b-bddcd3308f36,1773952651266423594,0.08315059,9.037093,3.6412778
sensor_accelerometer,1fd22e8d-a721-4fc8-bd0b-bddcd3308f36,1773952651286438906,-0.5922236,8.519645,3.9332023
sensor_accelerometer,1fd22e8d-a721-4fc8-bd0b-bddcd3308f36,1773952651306470521,-0.78364944,8.179864,4.4979086
sensor_accelerometer,1fd22e8d-a721-4fc8-bd0b-bddcd3308f36,1773952651326479739,-0.70229346,8.208578,5.2498527
sensor_accelerometer,1fd22e8d-a721-4fc8-bd0b-bddcd3308f36,1773952651346466667,-0.47676992,8.242078,5.1206403
sensor_accelerometer,1fd22e8d-a721-4fc8-bd0b-bddcd3308f36,1773952651366474844,-0.3044867,8.548359,3.952345
sensor_accelerometer,1fd22e8d-a721-4fc8-bd0b-bddcd3308f36,1773952651386491458,-0.75972116,8.758927,2.6117659
sensor_accelerometer,1fd22e8d-a721-4fc8-bd0b-bddcd3308f36,1773952651406503021,-0.3475575,8.734999,2.6452653
sensor_accelerometer,1fd22e8d-a721-4fc8-bd0b-bddcd3308f36,1773952651426517604,0.08315059,8.395218,3.7034912
sensor_accelerometer,1fd22e8d-a721-4fc8-bd0b-bddcd3308f36,1773952651446521406,-0.6113662,8.946166,4.043272
sensor_accelerometer,1fd22e8d-a721-4fc8-bd0b-bddcd3308f36,1773952651466543125,-0.802792,9.075378,4.2011986
sensor_accelerometer,1fd22e8d-a721-4fc8-bd0b-bddcd3308f36,1773952651486551406,-0.055633128,8.615358,3.4540396
sensor_accelerometer,1fd22e8d-a721-4fc8-bd0b-bddcd3308f36,1773952651506564896,0.35593235,8.146365,3.229114
sensor_accelerometer,1fd22e8d-a721-4fc8-bd0b-bddcd3308f36,1773952651526575677,0.111864455,8.117651,3.621537
sensor_accelerometer,1fd22e8d-a721-4fc8-bd0b-bddcd3308f36,1773952651546581771,-0.5491528,8.529217,4.354339
sensor_accelerometer,1fd22e8d-a721-4fc8-bd0b-bddcd3308f36,1773952651566598646,0.293719,8.672786,4.5888357
sensor_accelerometer,1fd22e8d-a721-4fc8-bd0b-bddcd3308f36,1773952651586612344,0.6053841,8.567501,4.7856455
sensor_accelerometer,1fd22e8d-a721-4fc8-bd0b-bddcd3308f36,1773952651606622187,-0.012562319,8.342576,3.7848473
sensor_accelerometer,1fd22e8d-a721-4fc8-bd0b-bddcd3308f36,1773952651626641719,-0.24705894,8.285149,2.7314072
sensor_accelerometer,1fd22e8d-a721-4fc8-bd0b-bddcd3308f36,1773952651646637864,-0.2853441,8.734999,3.3487554
sensor_accelerometer,1fd22e8d-a721-4fc8-bd0b-bddcd3308f36,1773952651666653958,0.1692922,8.720642,3.4971104
sensor_accelerometer,1fd22e8d-a721-4fc8-bd0b-bddcd3308f36,1773952651686667239,0.29850462,8.581859,3.9188452
sensor_accelerometer,1fd22e8d-a721-4fc8-bd0b-bddcd3308f36,1773952651706665833,-0.13220344,8.739784,4.3112683
sensor_accelerometer,1fd22e8d-a721-4fc8-bd0b-bddcd3308f36,1773952651726698229,-0.30927232,8.663215,4.685147
sensor_accelerometer,1fd22e8d-a721-4fc8-bd0b-bddcd3308f36,1773952651746693698,-0.21355942,8.151151,5.072784
sensor_accelerometer,1fd22e8d-a721-4fc8-bd0b-bddcd3308f36,1773952651766695469,-0.34277186,7.873583,5.6997037
sensor_accelerometer,1fd22e8d-a721-4fc8-bd0b-bddcd3308f36,1773952651786691719,-0.35234314,8.079366,5.0440702
sensor_accelerometer,1fd22e8d-a721-4fc8-bd0b-bddcd3308f36,1773952651806721823,0.40378883,8.160722,3.8901315
sensor_accelerometer,1fd22e8d-a721-4fc8-bd0b-bddcd3308f36,1773952651826766719,0.20757736,8.543573,3.7322052
sensor_accelerometer,1fd22e8d-a721-4fc8-bd0b-bddcd3308f36,1773952651846762812,-0.4336991,8.318648,3.9284165
sensor_accelerometer,1fd22e8d-a721-4fc8-bd0b-bddcd3308f36,1773952651866763229,-0.9942178,8.505288,4.3686957
sensor_accelerometer,1fd22e8d-a721-4fc8-bd0b-bddcd3308f36,1773952651886769167,-0.25184458,8.285149,3.80399
sensor_accelerometer,1fd22e8d-a721-4fc8-bd0b-bddcd3308f36,1773952651906797239,0.0017946169,8.036295,3.6556349
sensor_accelerometer,1fd22e8d-a721-4fc8-bd0b-bddcd3308f36,1773952651926791458,-0.5347959,8.246863,4.4165525
sensor_accelerometer,1fd22e8d-a721-4fc8-bd0b-bddcd3308f36,1773952651946821614,-0.573081,8.52443,4.733003
sensor_accelerometer,1fd22e8d-a721-4fc8-bd0b-bddcd3308f36,1773952651966804531,-0.06520442,8.922237,4.555336
sensor_accelerometer,1fd22e8d-a721-4fc8-bd0b-bddcd3308f36,1773952651986791719,0.6723832,8.691928,4.6031923
sensor_accelerometer,1fd22e8d-a721-4fc8-bd0b-bddcd3308f36,1773952652006856667,0.20279172,8.543573,4.914858
sensor_accelerometer,1fd22e8d-a721-4fc8-bd0b-bddcd3308f36,1773952652026873750,-0.64008003,8.433503,3.9188452
sensor_accelerometer,1fd22e8d-a721-4fc8-bd0b-bddcd3308f36,1773952652046852396,-0.73579293,8.356933,3.176472
sensor_accelerometer,1fd22e8d-a721-4fc8-bd0b-bddcd3308f36,1773952652066852656,-0.5587241,8.744571,2.8319056
sensor_accelerometer,1fd22e8d-a721-4fc8-bd0b-bddcd3308f36,1773952652086872917,0.13100705,8.275578,3.2338998
sensor_accelerometer,1fd22e8d-a721-4fc8-bd0b-bddcd3308f36,1773952652106892864,-0.35234314,8.289934,4.0145583
sensor_accelerometer,1fd22e8d-a721-4fc8-bd0b-bddcd3308f36,1773952652126924531,-0.93679005,8.639286,4.2203407
sensor_accelerometer,1fd22e8d-a721-4fc8-bd0b-bddcd3308f36,1773952652146897708,0.0017946169,8.855238,3.9954157
sensor_accelerometer,1fd22e8d-a721-4fc8-bd0b-bddcd3308f36,1773952652166930312,0.53359944,8.739784,4.3734818
sensor_accelerometer,1fd22e8d-a721-4fc8-bd0b-bddcd3308f36,1773952652186911823,0.12622139,8.376076,4.4261236
sensor_accelerometer,1fd22e8d-a721-4fc8-bd0b-bddcd3308f36,1773952652206931354,-0.089132644,8.309076,4.2969112
sensor_accelerometer,1fd22e8d-a721-4fc8-bd0b-bddcd3308f36,1773952652226953958,-0.15134603,8.289934,3.176472
sensor_accelerometer,1fd22e8d-a721-4fc8-bd0b-bddcd3308f36,1773952652246990000,-0.4336991,8.538788,2.879762
sensor_accelerometer,1fd22e8d-a721-4fc8-bd0b-bddcd3308f36,1773952652266996875,0.116650105,8.754142,2.2378874
sensor_accelerometer,1fd22e8d-a721-4fc8-bd0b-bddcd3308f36,1773952652287008594,0.8542377,8.519645,2.693122
sensor_accelerometer,1fd22e8d-a721-4fc8-bd0b-bddcd3308f36,1773952652306991354,0.3080759,8.505288,4.138985
sensor_accelerometer,1fd22e8d-a721-4fc8-bd0b-bddcd3308f36,1773952652327030989,-0.3044867,8.505288,5.4173503
sensor_accelerometer,1fd22e8d-a721-4fc8-bd0b-bddcd3308f36,1773952652347014062,-0.11306087,8.514859,5.1732826
sensor_accelerometer,1fd22e8d-a721-4fc8-bd0b-bddcd3308f36,1773952652367032292,-0.012562319,8.1942215,4.6707897
sensor_accelerometer,1fd22e8d-a721-4fc8-bd0b-bddcd3308f36,1773952652387026198,0.035294134,8.40479,2.5441687
sensor_accelerometer,1fd22e8d-a721-4fc8-bd0b-bddcd3308f36,1773952652407039792,-0.22791636,8.879167,2.309672
sensor_accelerometer,1fd22e8d-a721-4fc8-bd0b-bddcd3308f36,1773952652427065364,-0.9415757,8.744571,2.7696922
sensor_accelerometer,1fd22e8d-a721-4fc8-bd0b-bddcd3308f36,1773952652447062969,-1.0516455,8.438289,3.5736806
sensor_accelerometer,1fd22e8d-a721-4fc8-bd0b-bddcd3308f36,1773952652467083177,-0.5395815,8.725428,4.153342
sensor_accelerometer,1fd22e8d-a721-4fc8-bd0b-bddcd3308f36,1773952652487103542,-0.4336991,9.218947,4.272983
sensor_accelerometer,1fd22e8d-a721-4fc8-bd0b-bddcd3308f36,1773952652507132604,-0.99900347,9.233304,3.5114672
sensor_accelerometer,1fd22e8d-a721-4fc8-bd0b-bddcd3308f36,1773952652527144792,0.42771706,8.874381,3.0759735
sensor_accelerometer,1fd22e8d-a721-4fc8-bd0b-bddcd3308f36,1773952652547122656,0.36550367,8.711071,3.286542
sensor_accelerometer,1fd22e8d-a721-4fc8-bd0b-bddcd3308f36,1773952652567133177,-0.654437,8.855238,3.4444683
sensor_accelerometer,1fd22e8d-a721-4fc8-bd0b-bddcd3308f36,1773952652587155625,-1.180858,8.696713,3.7274194
sensor_accelerometer,1fd22e8d-a721-4fc8-bd0b-bddcd3308f36,1773952652607166510,-0.6257231,8.510074,4.435695
sensor_accelerometer,1fd22e8d-a721-4fc8-bd0b-bddcd3308f36,1773952652627197448,0.16450655,8.242078,4.8095737
sensor_accelerometer,1fd22e8d-a721-4fc8-bd0b-bddcd3308f36,1773952652647208333,-0.14656039,8.299505,4.924429
sensor_accelerometer,1fd22e8d-a721-4fc8-bd0b-bddcd3308f36,1773952652667195885,-0.41455653,8.538788,4.8909297
sensor_accelerometer,1fd22e8d-a721-4fc8-bd0b-bddcd3308f36,1773952652687216198,0.04965107,8.29472,4.948357
sensor_accelerometer,1fd22e8d-a721-4fc8-bd0b-bddcd3308f36,1773952652707220104,-0.0029910284,8.309076,4.3447676
sensor_accelerometer,1fd22e8d-a721-4fc8-bd0b-bddcd3308f36,1773952652727229375,-0.06999006,8.246863,2.9946175
sensor_accelerometer,1fd22e8d-a721-4fc8-bd0b-bddcd3308f36,1773952652747260521,-0.7645068,8.4813595,3.4492538
sensor_accelerometer,1fd22e8d-a721-4fc8-bd0b-bddcd3308f36,1773952652767243646,-0.31405798,8.629715,3.2243285
sensor_accelerometer,1fd22e8d-a721-4fc8-bd0b-bddcd3308f36,1773952652787249635,0.40857446,8.380861,3.4444683
sensor_accelerometer,1fd22e8d-a721-4fc8-bd0b-bddcd3308f36,1773952652807293073,-0.14177474,8.653643,3.976273
sensor_accelerometer,1fd22e8d-a721-4fc8-bd0b-bddcd3308f36,1773952652827304687,-0.16570297,8.639286,4.7042894
sensor_accelerometer,1fd22e8d-a721-4fc8-bd0b-bddcd3308f36,1773952652847298646,0.15972091,8.419147,4.7569313
sensor_accelerometer,1fd22e8d-a721-4fc8-bd0b-bddcd3308f36,1773952652867330521,-0.07956135,8.309076,4.651049
sensor_accelerometer,1fd22e8d-a721-4fc8-bd0b-bddcd3308f36,1773952652887304114,-0.36191443,8.323434,4.4596233
sensor_accelerometer,1fd22e8d-a721-4fc8-bd0b-bddcd3308f36,1773952652907341302,-0.4528417,8.328219,4.167699
sensor_accelerometer,1fd22e8d-a721-4fc8-bd0b-bddcd3308f36,1773952652927338073,-0.4671986,8.538788,4.3591247
sensor_accelerometer,1fd22e8d-a721-4fc8-bd0b-bddcd3308f36,1773952652947355833,0.0065802624,8.605786,3.7322052
sensor_accelerometer,1fd22e8d-a721-4fc8-bd0b-bddcd3308f36,1773952652967368542,0.10229317,8.237292,3.7896328
sensor_accelerometer,1fd22e8d-a721-4fc8-bd0b-bddcd3308f36,1773952652987387500,-0.45762733,8.361719,4.0767717
sensor_accelerometer,1fd22e8d-a721-4fc8-bd0b-bddcd3308f36,1773952653007383385,-0.5054838,8.658429,4.301697
sensor_accelerometer,1fd22e8d-a721-4fc8-bd0b-bddcd3308f36,1773952653027394739,-0.1896312,8.782856,4.1724844
sensor_accelerometer,1fd22e8d-a721-4fc8-bd0b-bddcd3308f36,1773952653047408073,0.39900318,8.797213,4.17727
sensor_accelerometer,1fd22e8d-a721-4fc8-bd0b-bddcd3308f36,1773952653067423542,0.24107689,8.433503,4.3064823
sensor_accelerometer,1fd22e8d-a721-4fc8-bd0b-bddcd3308f36,1773952653087440521,-0.60658056,8.423932,4.110271
sensor_accelerometer,1fd22e8d-a721-4fc8-bd0b-bddcd3308f36,1773952653107437552,-0.8554341,8.222935,3.028117
sensor_accelerometer,1fd22e8d-a721-4fc8-bd0b-bddcd3308f36,1773952653127448854,-0.88414794,8.668,2.7649066
sensor_accelerometer,1fd22e8d-a721-4fc8-bd0b-bddcd3308f36,1773952653147460208,0.212363,8.629715,2.5872395
sensor_accelerometer,1fd22e8d-a721-4fc8-bd0b-bddcd3308f36,1773952653167486146,0.8111669,8.457432,3.1956146
sensor_accelerometer,1fd22e8d-a721-4fc8-bd0b-bddcd3308f36,1773952653187486198,-0.41455653,8.419147,4.3447676
sensor_accelerometer,1fd22e8d-a721-4fc8-bd0b-bddcd3308f36,1773952653207501094,-1.5110675,8.065009,4.579264
sensor_accelerometer,1fd22e8d-a721-4fc8-bd0b-bddcd3308f36,1773952653227507083,-0.90329057,8.299505,3.760919
sensor_accelerometer,1fd22e8d-a721-4fc8-bd0b-bddcd3308f36,1773952653247538854,-0.026919255,8.385647,4.339982
sensor_accelerometer,1fd22e8d-a721-4fc8-bd0b-bddcd3308f36,1773952653267548750,-0.4671986,8.529217,5.029713
sensor_accelerometer,1fd22e8d-a721-4fc8-bd0b-bddcd3308f36,1773952653287552135,-0.32362926,8.658429,4.733003
sensor_accelerometer,1fd22e8d-a721-4fc8-bd0b-bddcd3308f36,1773952653307539010,-0.22313072,8.59143,3.7513478
sensor_accelerometer,1fd22e8d-a721-4fc8-bd0b-bddcd3308f36,1773952653327547396,-0.10827523,8.620144,2.8606195
sensor_accelerometer,1fd22e8d-a721-4fc8-bd0b-bddcd3308f36,1773952653347571979,0.0017946169,8.423932,2.932404
sensor_accelerometer,1fd22e8d-a721-4fc8-bd0b-bddcd3308f36,1773952653367571719,-1.3531412,8.534002,4.3591247
sensor_accelerometer,1fd22e8d-a721-4fc8-bd0b-bddcd3308f36,1773952653387559583,-1.3579268,8.4813595,5.776872
sensor_accelerometer,1fd22e8d-a721-4fc8-bd0b-bddcd3308f36,1773952653407624583,-0.42412782,8.7015,4.924429
sensor_accelerometer,1fd22e8d-a721-4fc8-bd0b-bddcd3308f36,1773952653427604323,0.83030945,8.610572,4.215555
sensor_accelerometer,1fd22e8d-a721-4fc8-bd0b-bddcd3308f36,1773952653447618073,-0.050847482,8.577073,4.138985
sensor_accelerometer,1fd22e8d-a721-4fc8-bd0b-bddcd3308f36,1773952653467660833,-1.5206388,8.548359,3.6023946
sensor_accelerometer,1fd22e8d-a721-4fc8-bd0b-bddcd3308f36,1773952653487653177,-1.396212,8.385647,2.7696922
sensor_accelerometer,1fd22e8d-a721-4fc8-bd0b-bddcd3308f36,1773952653507660989,-0.21355942,8.26122,3.0999017
sensor_accelerometer,1fd22e8d-a721-4fc8-bd0b-bddcd3308f36,1773952653527663594,0.74895346,8.385647,4.47398
sensor_accelerometer,1fd22e8d-a721-4fc8-bd0b-bddcd3308f36,1773952653547676510,1.0313065,8.309076,5.2402816
sensor_accelerometer,1fd22e8d-a721-4fc8-bd0b-bddcd3308f36,1773952653567691094,-0.1274178,8.462217,5.613562
sensor_accelerometer,1fd22e8d-a721-4fc8-bd0b-bddcd3308f36,1773952653587687604,-0.37627137,8.414361,5.130212
sensor_accelerometer,1fd22e8d-a721-4fc8-bd0b-bddcd3308f36,1773952653607708333,-0.573081,8.323434,4.4404807
sensor_accelerometer,1fd22e8d-a721-4fc8-bd0b-bddcd3308f36,1773952653627721250,-0.8458628,8.232507,3.8709888
sensor_accelerometer,1fd22e8d-a721-4fc8-bd0b-bddcd3308f36,1773952653647760469,-0.6975078,8.471788,3.2243285
sensor_accelerometer,1fd22e8d-a721-4fc8-bd0b-bddcd3308f36,1773952653667770989,0.28414768,8.385647,2.9371898
sensor_accelerometer,1fd22e8d-a721-4fc8-bd0b-bddcd3308f36,1773952653687757500,-0.026919255,8.3377905,3.8327036
sensor_accelerometer,1fd22e8d-a721-4fc8-bd0b-bddcd3308f36,1773952653707794114,-0.8745767,8.3377905,4.8765726
sensor_accelerometer,1fd22e8d-a721-4fc8-bd0b-bddcd3308f36,1773952653727803750,-0.56350976,8.514859,4.545765
sensor_accelerometer,1fd22e8d-a721-4fc8-bd0b-bddcd3308f36,1773952653747784531,0.39421752,8.773284,4.124628
sensor_accelerometer,1fd22e8d-a721-4fc8-bd0b-bddcd3308f36,1773952653767796406,0.5240282,8.696713,4.134199
sensor_accelerometer,1fd22e8d-a721-4fc8-bd0b-bddcd3308f36,1773952653787819479,-0.23748764,8.691928,4.316054
sensor_accelerometer,1fd22e8d-a721-4fc8-bd0b-bddcd3308f36,1773952653807824219,-0.24227329,8.538788,4.5170507
sensor_accelerometer,1fd22e8d-a721-4fc8-bd0b-bddcd3308f36,1773952653827857864,-0.24705894,8.447861,4.488337
sensor_accelerometer,1fd22e8d-a721-4fc8-bd0b-bddcd3308f36,1773952653847867604,-0.3714857,8.347362,3.827918
sensor_accelerometer,1fd22e8d-a721-4fc8-bd0b-bddcd3308f36,1773952653867860417,-0.44805604,8.304291,3.4827533
sensor_accelerometer,1fd22e8d-a721-4fc8-bd0b-bddcd3308f36,1773952653887869531,-0.56350976,8.553144,2.8366911
sensor_accelerometer,1fd22e8d-a721-4fc8-bd0b-bddcd3308f36,1773952653907876614,-0.1274178,8.380861,3.1525438
sensor_accelerometer,1fd22e8d-a721-4fc8-bd0b-bddcd3308f36,1773952653927891354,-0.07477571,8.4813595,3.708277
sensor_accelerometer,1fd22e8d-a721-4fc8-bd0b-bddcd3308f36,1773952653947918906,-0.29491538,8.438289,4.167699
sensor_accelerometer,1fd22e8d-a721-4fc8-bd0b-bddcd3308f36,1773952653967905573,-0.69272214,8.562716,4.134199
sensor_accelerometer,1fd22e8d-a721-4fc8-bd0b-bddcd3308f36,1773952653987896198,-0.6017949,8.514859,4.249055
sensor_accelerometer,1fd22e8d-a721-4fc8-bd0b-bddcd3308f36,1773952654007923281,-0.098703936,8.467003,4.2299123
sensor_accelerometer,1fd22e8d-a721-4fc8-bd0b-bddcd3308f36,1773952654027942917,-0.084346995,8.581859,4.406981
sensor_accelerometer,1fd22e8d-a721-4fc8-bd0b-bddcd3308f36,1773952654047963698,-0.29491538,8.615358,4.2969112
sensor_accelerometer,1fd22e8d-a721-4fc8-bd0b-bddcd3308f36,1773952654067990781,-0.26141587,8.59143,4.2538404
sensor_accelerometer,1fd22e8d-a721-4fc8-bd0b-bddcd3308f36,1773952654087971406,-0.573081,8.567501,4.138985
sensor_accelerometer,1fd22e8d-a721-4fc8-bd0b-bddcd3308f36,1773952654107988385,-0.7692925,8.510074,3.9188452
sensor_accelerometer,1fd22e8d-a721-4fc8-bd0b-bddcd3308f36,1773952654128015312,-0.64008003,8.409575,3.4301112
sensor_accelerometer,1fd22e8d-a721-4fc8-bd0b-bddcd3308f36,1773952654148007031,-0.40977088,8.352147,3.1286156
sensor_accelerometer,1fd22e8d-a721-4fc8-bd0b-bddcd3308f36,1773952654168046302,-0.050847482,8.567501,2.9467611
sensor_accelerometer,1fd22e8d-a721-4fc8-bd0b-bddcd3308f36,1773952654188030469,0.28414768,8.562716,3.339184
sensor_accelerometer,1fd22e8d-a721-4fc8-bd0b-bddcd3308f36,1773952654208065364,-0.16570297,8.816355,4.0480576
sensor_accelerometer,1fd22e8d-a721-4fc8-bd0b-bddcd3308f36,1773952654228063333,-0.5054838,8.6345005,4.3686957
sensor_accelerometer,1fd22e8d-a721-4fc8-bd0b-bddcd3308f36,1773952654248053542,-0.40498522,8.467003,4.47398
sensor_accelerometer,1fd22e8d-a721-4fc8-bd0b-bddcd3308f36,1773952654268071614,0.0065802624,8.400003,4.0241294
sensor_accelerometer,1fd22e8d-a721-4fc8-bd0b-bddcd3308f36,1773952654288102344,0.34636107,8.423932,3.1956146
sensor_accelerometer,1fd22e8d-a721-4fc8-bd0b-bddcd3308f36,1773952654308122604,-0.22313072,8.610572,3.1477582
sensor_accelerometer,1fd22e8d-a721-4fc8-bd0b-bddcd3308f36,1773952654328102292,-1.099502,8.648857,3.1334012
sensor_accelerometer,1fd22e8d-a721-4fc8-bd0b-bddcd3308f36,1773952654348124635,-1.2047862,8.663215,3.367898
sensor_accelerometer,1fd22e8d-a721-4fc8-bd0b-bddcd3308f36,1773952654368127500,-0.47676992,8.758927,3.554538
sensor_accelerometer,1fd22e8d-a721-4fc8-bd0b-bddcd3308f36,1773952654388145156,-0.19920248,8.855238,3.4444683
sensor_accelerometer,1fd22e8d-a721-4fc8-bd0b-bddcd3308f36,1773952654408163802,-1.0468599,9.075378,2.626123
sensor_accelerometer,1fd22e8d-a721-4fc8-bd0b-bddcd3308f36,1773952654428167917,-0.35234314,8.758927,2.309672
sensor_accelerometer,1fd22e8d-a721-4fc8-bd0b-bddcd3308f36,1773952654448177552,0.5138587,8.768498,3.4013975
sensor_accelerometer,1fd22e8d-a721-4fc8-bd0b-bddcd3308f36,1773952654468186875,0.22671995,8.840881,4.39741
sensor_accelerometer,1fd22e8d-a721-4fc8-bd0b-bddcd3308f36,1773952654488206510,-0.52522457,8.912666,4.430909
sensor_accelerometer,1fd22e8d-a721-4fc8-bd0b-bddcd3308f36,1773952654508213854,-0.99900347,8.749356,4.043272
sensor_accelerometer,1fd22e8d-a721-4fc8-bd0b-bddcd3308f36,1773952654528230521,-0.6257231,8.534002,3.799204
sensor_accelerometer,1fd22e8d-a721-4fc8-bd0b-bddcd3308f36,1773952654548233646,-0.0317049,8.734999,3.2482567
sensor_accelerometer,1fd22e8d-a721-4fc8-bd0b-bddcd3308f36,1773952654568251042,-0.39541394,8.835498,2.784049
sensor_accelerometer,1fd22e8d-a721-4fc8-bd0b-bddcd3308f36,1773952654588274583,-0.5054838,8.869596,1.9651057
sensor_accelerometer,1fd22e8d-a721-4fc8-bd0b-bddcd3308f36,1773952654608265000,0.04007978,9.472587,1.9986051
sensor_accelerometer,1fd22e8d-a721-4fc8-bd0b-bddcd3308f36,1773952654628276927,0.81595254,9.056235,2.5489542
sensor_accelerometer,1fd22e8d-a721-4fc8-bd0b-bddcd3308f36,1773952654648287969,-0.47198427,8.903095,2.4149563
sensor_accelerometer,1fd22e8d-a721-4fc8-bd0b-bddcd3308f36,1773952654668302656,-1.2717853,8.395218,2.6835506
sensor_accelerometer,1fd22e8d-a721-4fc8-bd0b-bddcd3308f36,1773952654688311614,-0.87936234,7.9836526,3.6167514
sensor_accelerometer,1fd22e8d-a721-4fc8-bd0b-bddcd3308f36,1773952654708323229,-0.25663024,7.676773,5.355137
sensor_accelerometer,1fd22e8d-a721-4fc8-bd0b-bddcd3308f36,1773952654728340312,-0.0029910284,7.9022965,6.5090756
sensor_accelerometer,1fd22e8d-a721-4fc8-bd0b-bddcd3308f36,1773952654748341771,-0.232702,8.021938,6.667002
sensor_accelerometer,1fd22e8d-a721-4fc8-bd0b-bddcd3308f36,1773952654768347812,-0.07956135,8.400003,5.5944195
sensor_accelerometer,1fd22e8d-a721-4fc8-bd0b-bddcd3308f36,1773952654788367812,0.26979074,8.361719,4.39741
sensor_accelerometer,1fd22e8d-a721-4fc8-bd0b-bddcd3308f36,1773952654808368698,-0.32362926,8.553144,3.7417765
sensor_accelerometer,1fd22e8d-a721-4fc8-bd0b-bddcd3308f36,1773952654828405937,-0.66400826,8.543573,3.8901315
sensor_accelerometer,1fd22e8d-a721-4fc8-bd0b-bddcd3308f36,1773952654848416354,-0.40498522,8.567501,3.7657046
sensor_accelerometer,1fd22e8d-a721-4fc8-bd0b-bddcd3308f36,1773952654868414114,0.09272188,8.4813595,4.1054854
sensor_accelerometer,1fd22e8d-a721-4fc8-bd0b-bddcd3308f36,1773952654888405729,-0.24705894,8.438289,4.752146
sensor_accelerometer,1fd22e8d-a721-4fc8-bd0b-bddcd3308f36,1773952654908449948,-0.75972116,8.534002,4.85743
sensor_accelerometer,1fd22e8d-a721-4fc8-bd0b-bddcd3308f36,1773952654928443646,-0.3475575,8.543573,4.555336
sensor_accelerometer,1fd22e8d-a721-4fc8-bd0b-bddcd3308f36,1773952654948476823,0.064008005,8.4813595,4.0911283
sensor_accelerometer,1fd22e8d-a721-4fc8-bd0b-bddcd3308f36,1773952654968460000,0.12143575,8.586644,4.124628
sensor_accelerometer,1fd22e8d-a721-4fc8-bd0b-bddcd3308f36,1773952654988479739,0.0017946169,8.55793,4.17727
sensor_accelerometer,1fd22e8d-a721-4fc8-bd0b-bddcd3308f36,1773952655008505260,-0.046061836,8.682357,3.4971104
sensor_accelerometer,1fd22e8d-a721-4fc8-bd0b-bddcd3308f36,1773952655028486927,0.18843478,8.658429,2.7936203
sensor_accelerometer,1fd22e8d-a721-4fc8-bd0b-bddcd3308f36,1773952655048495573,-0.3188436,8.840881,2.4675984
sensor_accelerometer,1fd22e8d-a721-4fc8-bd0b-bddcd3308f36,1773952655068505989,-0.7405786,8.734999,2.3958137
sensor_accelerometer,1fd22e8d-a721-4fc8-bd0b-bddcd3308f36,1773952655088528281,-0.7405786,8.610572,2.056033
sensor_accelerometer,1fd22e8d-a721-4fc8-bd0b-bddcd3308f36,1773952655108533437,-0.19920248,8.879167,1.8741783
sensor_accelerometer,1fd22e8d-a721-4fc8-bd0b-bddcd3308f36,1773952655128571042,1.1078769,8.86481,2.5728827
sensor_accelerometer,1fd22e8d-a721-4fc8-bd0b-bddcd3308f36,1773952655148554687,0.068793654,8.706285,3.3487554
sensor_accelerometer,1fd22e8d-a721-4fc8-bd0b-bddcd3308f36,1773952655168574844,-1.6456637,8.668,4.2251267
sensor_accelerometer,1fd22e8d-a721-4fc8-bd0b-bddcd3308f36,1773952655188591875,-1.7796619,8.457432,4.881358
sensor_accelerometer,1fd22e8d-a721-4fc8-bd0b-bddcd3308f36,1773952655208595469,-0.8315059,8.443074,5.015356
sensor_accelerometer,1fd22e8d-a721-4fc8-bd0b-bddcd3308f36,1773952655228617969,0.0065802624,8.605786,4.478766
sensor_accelerometer,1fd22e8d-a721-4fc8-bd0b-bddcd3308f36,1773952655248639114,0.26021945,8.624929,4.1007
sensor_accelerometer,1fd22e8d-a721-4fc8-bd0b-bddcd3308f36,1773952655268620833,0.020937199,8.706285,4.043272
sensor_accelerometer,1fd22e8d-a721-4fc8-bd0b-bddcd3308f36,1773952655288633906,-0.21834506,8.538788,4.282554
sensor_accelerometer,1fd22e8d-a721-4fc8-bd0b-bddcd3308f36,1773952655308673489,-0.34277186,8.510074,4.17727
sensor_accelerometer,1fd22e8d-a721-4fc8-bd0b-bddcd3308f36,1773952655328660989,-0.33320054,8.471788,3.501896
sensor_accelerometer,1fd22e8d-a721-4fc8-bd0b-bddcd3308f36,1773952655348673750,-0.5778667,8.534002,3.583252
sensor_accelerometer,1fd22e8d-a721-4fc8-bd0b-bddcd3308f36,1773952655368679375,-0.1369891,8.443074,3.2243285
sensor_accelerometer,1fd22e8d-a721-4fc8-bd0b-bddcd3308f36,1773952655388674687,0.360718,8.663215,3.1429725
sensor_accelerometer,1fd22e8d-a721-4fc8-bd0b-bddcd3308f36,1773952655408726927,0.30329028,8.696713,3.9188452
sensor_accelerometer,1fd22e8d-a721-4fc8-bd0b-bddcd3308f36,1773952655428739219,-0.4001996,8.787642,4.1964126
sensor_accelerometer,1fd22e8d-a721-4fc8-bd0b-bddcd3308f36,1773952655448725156,-0.3906283,8.744571,3.6843486
sensor_accelerometer,1fd22e8d-a721-4fc8-bd0b-bddcd3308f36,1773952655468743698,0.08315059,8.572288,3.4683964
sensor_accelerometer,1fd22e8d-a721-4fc8-bd0b-bddcd3308f36,1773952655488751198,0.18843478,8.510074,3.5928233
sensor_accelerometer,1fd22e8d-a721-4fc8-bd0b-bddcd3308f36,1773952655508757344,-0.16091733,8.505288,3.8901315
sensor_accelerometer,1fd22e8d-a721-4fc8-bd0b-bddcd3308f36,1773952655528792135,-0.36191443,8.495717,4.39741
sensor_accelerometer,1fd22e8d-a721-4fc8-bd0b-bddcd3308f36,1773952655548770677,-0.32362926,8.419147,4.555336
sensor_accelerometer,1fd22e8d-a721-4fc8-bd0b-bddcd3308f36,1773952655568793021,-0.51505506,8.390432,4.531408
sensor_accelerometer,1fd22e8d-a721-4fc8-bd0b-bddcd3308f36,1773952655588794167,-0.90329057,8.222935,4.502694
sensor_accelerometer,1fd22e8d-a721-4fc8-bd0b-bddcd3308f36,1773952655608835260,-1.2191432,8.1942215,4.3734818
sensor_accelerometer,1fd22e8d-a721-4fc8-bd0b-bddcd3308f36,1773952655628827500,-0.86979103,8.390432,3.8087754
sensor_accelerometer,1fd22e8d-a721-4fc8-bd0b-bddcd3308f36,1773952655648860000,0.035294134,8.380861,3.056831
sensor_accelerometer,1fd22e8d-a721-4fc8-bd0b-bddcd3308f36,1773952655668868750,0.05922236,8.471788,3.611966
sensor_accelerometer,1fd22e8d-a721-4fc8-bd0b-bddcd3308f36,1773952655688873698,-0.3044867,8.505288,4.406981
sensor_accelerometer,1fd22e8d-a721-4fc8-bd0b-bddcd3308f36,1773952655708847031,-0.7645068,8.7780695,5.005785
sensor_accelerometer,1fd22e8d-a721-4fc8-bd0b-bddcd3308f36,1773952655728869479,-0.5778667,8.696713,5.015356
sensor_accelerometer,1fd22e8d-a721-4fc8-bd0b-bddcd3308f36,1773952655748887604,0.12622139,8.739784,3.856632
sensor_accelerometer,1fd22e8d-a721-4fc8-bd0b-bddcd3308f36,1773952655768895521,0.42771706,8.835498,3.2243285
sensor_accelerometer,1fd22e8d-a721-4fc8-bd0b-bddcd3308f36,1773952655788903854,0.30329028,8.835498,2.6883361
sensor_accelerometer,1fd22e8d-a721-4fc8-bd0b-bddcd3308f36,1773952655808924687,-0.32841492,8.811569,2.7122645
sensor_accelerometer,1fd22e8d-a721-4fc8-bd0b-bddcd3308f36,1773952655828967396,-1.032503,8.711071,2.7314072
sensor_accelerometer,1fd22e8d-a721-4fc8-bd0b-bddcd3308f36,1773952655848966042,-0.97507524,8.572288,2.6979074
sensor_accelerometer,1fd22e8d-a721-4fc8-bd0b-bddcd3308f36,1773952655868951406,-0.8458628,8.682357,2.7553353
sensor_accelerometer,1fd22e8d-a721-4fc8-bd0b-bddcd3308f36,1773952655888957812,-0.16570297,8.495717,2.8079774
sensor_accelerometer,1fd22e8d-a721-4fc8-bd0b-bddcd3308f36,1773952655908996354,-0.5204389,8.629715,3.4013975
sensor_accelerometer,1fd22e8d-a721-4fc8-bd0b-bddcd3308f36,1773952655928998229,-0.7788638,8.7015,3.176472
sensor_accelerometer,1fd22e8d-a721-4fc8-bd0b-bddcd3308f36,1773952655949024948,-0.85064846,8.763713,3.12383
sensor_accelerometer,1fd22e8d-a721-4fc8-bd0b-bddcd3308f36,1773952655969015677,-0.40977088,8.860024,3.5641093
sensor_accelerometer,1fd22e8d-a721-4fc8-bd0b-bddcd3308f36,1773952655989054948,-0.37627137,8.787642,4.0911283
sensor_accelerometer,1fd22e8d-a721-4fc8-bd0b-bddcd3308f36,1773952656009034739,-1.1330016,8.888738,4.28734
sensor_accelerometer,1fd22e8d-a721-4fc8-bd0b-bddcd3308f36,1773952656029055052,-1.2239288,8.4909315,4.3591247
sensor_accelerometer,1fd22e8d-a721-4fc8-bd0b-bddcd3308f36,1773952656049060417,-1.1377872,8.624929,4.0815573
sensor_accelerometer,1fd22e8d-a721-4fc8-bd0b-bddcd3308f36,1773952656069033646,-0.42891344,8.510074,3.7561333
sensor_accelerometer,1fd22e8d-a721-4fc8-bd0b-bddcd3308f36,1773952656089084844,-0.59700924,8.596215,3.5736806
sensor_accelerometer,1fd22e8d-a721-4fc8-bd0b-bddcd3308f36,1773952656109090833,-0.6879365,8.758927,3.4253256
sensor_accelerometer,1fd22e8d-a721-4fc8-bd0b-bddcd3308f36,1773952656129107917,-0.36191443,8.471788,3.7130625
sensor_accelerometer,1fd22e8d-a721-4fc8-bd0b-bddcd3308f36,1773952656149123281,-0.0317049,8.160722,4.4452662
sensor_accelerometer,1fd22e8d-a721-4fc8-bd0b-bddcd3308f36,1773952656169118750,0.04007978,8.366505,4.301697
sensor_accelerometer,1fd22e8d-a721-4fc8-bd0b-bddcd3308f36,1773952656189146250,0.04965107,8.222935,3.746562
sensor_accelerometer,1fd22e8d-a721-4fc8-bd0b-bddcd3308f36,1773952656209152969,-0.64008003,8.203793,3.7034912
sensor_accelerometer,1fd22e8d-a721-4fc8-bd0b-bddcd3308f36,1773952656229165052,-0.73100734,8.275578,3.7130625
sensor_accelerometer,1fd22e8d-a721-4fc8-bd0b-bddcd3308f36,1773952656249174427,-0.017347964,8.519645,3.525824
sensor_accelerometer,1fd22e8d-a721-4fc8-bd0b-bddcd3308f36,1773952656269168229,0.54317075,8.500503,3.554538
sensor_accelerometer,1fd22e8d-a721-4fc8-bd0b-bddcd3308f36,1773952656289188698,0.068793654,8.538788,4.0911283
sensor_accelerometer,1fd22e8d-a721-4fc8-bd0b-bddcd3308f36,1773952656309187812,-0.48155555,8.548359,4.9052863
sensor_accelerometer,1fd22e8d-a721-4fc8-bd0b-bddcd3308f36,1773952656329206302,-0.35712877,8.471788,4.709075
sensor_accelerometer,1fd22e8d-a721-4fc8-bd0b-bddcd3308f36,1773952656349216510,0.24107689,8.52443,4.2634115
sensor_accelerometer,1fd22e8d-a721-4fc8-bd0b-bddcd3308f36,1773952656369239062,0.360718,8.534002,4.4691944
sensor_accelerometer,1fd22e8d-a721-4fc8-bd0b-bddcd3308f36,1773952656389249687,0.04965107,8.4813595,4.66062
sensor_accelerometer,1fd22e8d-a721-4fc8-bd0b-bddcd3308f36,1773952656409278594,0.27936205,8.55793,4.5266223
sensor_accelerometer,1fd22e8d-a721-4fc8-bd0b-bddcd3308f36,1773952656429290156,0.57188463,8.548359,4.74736
sensor_accelerometer,1fd22e8d-a721-4fc8-bd0b-bddcd3308f36,1773952656449269271,0.293719,8.4813595,4.4691944
sensor_accelerometer,1fd22e8d-a721-4fc8-bd0b-bddcd3308f36,1773952656469280156,-0.232702,8.280363,4.2681975
sensor_accelerometer,1fd22e8d-a721-4fc8-bd0b-bddcd3308f36,1773952656489315417,-0.92243314,8.380861,3.8757744
sensor_accelerometer,1fd22e8d-a721-4fc8-bd0b-bddcd3308f36,1773952656509335885,-1.0564312,8.309076,3.5449667
sensor_accelerometer,1fd22e8d-a721-4fc8-bd0b-bddcd3308f36,1773952656529309375,-1.247857,8.476574,3.01376
sensor_accelerometer,1fd22e8d-a721-4fc8-bd0b-bddcd3308f36,1773952656549319687,-1.4679967,8.754142,3.071188
sensor_accelerometer,1fd22e8d-a721-4fc8-bd0b-bddcd3308f36,1773952656569344219,-0.951147,8.782856,2.9084759
sensor_accelerometer,1fd22e8d-a721-4fc8-bd0b-bddcd3308f36,1773952656589380312,-0.3188436,8.86481,3.0520453
sensor_accelerometer,1fd22e8d-a721-4fc8-bd0b-bddcd3308f36,1773952656609361042,-0.07956135,8.801998,3.31047
sensor_accelerometer,1fd22e8d-a721-4fc8-bd0b-bddcd3308f36,1773952656629401250,-0.2757728,8.682357,3.31047
sensor_accelerometer,1fd22e8d-a721-4fc8-bd0b-bddcd3308f36,1773952656649383646,-0.81236327,8.907881,3.6023946
sensor_accelerometer,1fd22e8d-a721-4fc8-bd0b-bddcd3308f36,1773952656669407239,-0.84107715,8.543573,3.6412778
sensor_accelerometer,1fd22e8d-a721-4fc8-bd0b-bddcd3308f36,1773952656689404635,-1.0947163,8.730213,3.3008988
sensor_accelerometer,1fd22e8d-a721-4fc8-bd0b-bddcd3308f36,1773952656709441667,-0.41455653,8.687142,2.5106692
sensor_accelerometer,1fd22e8d-a721-4fc8-bd0b-bddcd3308f36,1773952656729428177,0.23629123,8.55793,2.7266214
sensor_accelerometer,1fd22e8d-a721-4fc8-bd0b-bddcd3308f36,1773952656749465104,-0.17048861,8.615358,2.9659038
sensor_accelerometer,1fd22e8d-a721-4fc8-bd0b-bddcd3308f36,1773952656769448281,-0.7405786,8.682357,2.7936203
sensor_accelerometer,1fd22e8d-a721-4fc8-bd0b-bddcd3308f36,1773952656789463854,-0.4959125,8.581859,2.6883361
sensor_accelerometer,1fd22e8d-a721-4fc8-bd0b-bddcd3308f36,1773952656809498125,0.21714866,8.596215,2.8989046
sensor_accelerometer,1fd22e8d-a721-4fc8-bd0b-bddcd3308f36,1773952656829476250,-0.084346995,8.754142,3.042474
sensor_accelerometer,1fd22e8d-a721-4fc8-bd0b-bddcd3308f36,1773952656849492552,-0.84107715,8.639286,3.2769706
sensor_accelerometer,1fd22e8d-a721-4fc8-bd0b-bddcd3308f36,1773952656869532708,-0.55393845,9.16152,3.080759
sensor_accelerometer,1fd22e8d-a721-4fc8-bd0b-bddcd3308f36,1773952656889520417,-0.5491528,9.400802,2.2187448
sensor_accelerometer,1fd22e8d-a721-4fc8-bd0b-bddcd3308f36,1773952656909532187,0.035294134,9.309875,3.0329027
sensor_accelerometer,1fd22e8d-a721-4fc8-bd0b-bddcd3308f36,1773952656929530364,0.7968099,8.979665,4.6558347
sensor_accelerometer,1fd22e8d-a721-4fc8-bd0b-bddcd3308f36,1773952656949550417,-0.21355942,9.0849495,4.579264
sensor_accelerometer,1fd22e8d-a721-4fc8-bd0b-bddcd3308f36,1773952656969563646,-1.1282159,9.31466,4.028915
sensor_accelerometer,1fd22e8d-a721-4fc8-bd0b-bddcd3308f36,1773952656989583958,-1.3052847,8.970094,3.621537
sensor_accelerometer,1fd22e8d-a721-4fc8-bd0b-bddcd3308f36,1773952657009580521,-0.7788638,8.127222,3.7848473
sensor_accelerometer,1fd22e8d-a721-4fc8-bd0b-bddcd3308f36,1773952657029589062,-0.29970104,7.72463,4.733003
sensor_accelerometer,1fd22e8d-a721-4fc8-bd0b-bddcd3308f36,1773952657049598802,0.212363,7.85444,5.5465627
sensor_accelerometer,1fd22e8d-a721-4fc8-bd0b-bddcd3308f36,1773952657069626354,-0.18484555,8.356933,5.6470613
sensor_accelerometer,1fd22e8d-a721-4fc8-bd0b-bddcd3308f36,1773952657089630156,-0.47676992,8.433503,5.221139
sensor_accelerometer,1fd22e8d-a721-4fc8-bd0b-bddcd3308f36,1773952657109663854,-0.5204389,8.615358,4.406981
sensor_accelerometer,1fd22e8d-a721-4fc8-bd0b-bddcd3308f36,1773952657129655833,-0.36670008,8.452646,3.4396825
sensor_accelerometer,1fd22e8d-a721-4fc8-bd0b-bddcd3308f36,1773952657149680781,-0.28055847,8.390432,2.8749764
sensor_accelerometer,1fd22e8d-a721-4fc8-bd0b-bddcd3308f36,1773952657169687344,-0.32362926,8.4813595,3.1142588
sensor_accelerometer,1fd22e8d-a721-4fc8-bd0b-bddcd3308f36,1773952657189707396,-0.31405798,8.40479,3.69392
sensor_accelerometer,1fd22e8d-a721-4fc8-bd0b-bddcd3308f36,1773952657209721875,-0.35712877,8.356933,4.0911283
sensor_accelerometer,1fd22e8d-a721-4fc8-bd0b-bddcd3308f36,1773952657229699323,-0.4671986,8.29472,4.1724844
sensor_accelerometer,1fd22e8d-a721-4fc8-bd0b-bddcd3308f36,1773952657249718073,-0.42891344,8.280363,3.947559
sensor_accelerometer,1fd22e8d-a721-4fc8-bd0b-bddcd3308f36,1773952657269723594,-0.3714857,8.414361,3.7704902
sensor_accelerometer,1fd22e8d-a721-4fc8-bd0b-bddcd3308f36,1773952657289741094,-0.22791636,8.639286,4.1724844
sensor_accelerometer,1fd22e8d-a721-4fc8-bd0b-bddcd3308f36,1773952657309748854,-0.10827523,8.467003,4.3686957
sensor_accelerometer,1fd22e8d-a721-4fc8-bd0b-bddcd3308f36,1773952657329786302,-0.63529444,8.4813595,4.2107697
sensor_accelerometer,1fd22e8d-a721-4fc8-bd0b-bddcd3308f36,1773952657349762083,-0.7405786,8.495717,3.4827533
sensor_accelerometer,1fd22e8d-a721-4fc8-bd0b-bddcd3308f36,1773952657369790989,-0.19920248,8.366505,3.5928233
sensor_accelerometer,1fd22e8d-a721-4fc8-bd0b-bddcd3308f36,1773952657389817344,0.044865426,8.414361,4.191627
sensor_accelerometer,1fd22e8d-a721-4fc8-bd0b-bddcd3308f36,1773952657409824323,-0.2853441,8.543573,4.766503
sensor_accelerometer,1fd22e8d-a721-4fc8-bd0b-bddcd3308f36,1773952657429830781,-0.036490545,8.768498,4.6175494
sensor_accelerometer,1fd22e8d-a721-4fc8-bd0b-bddcd3308f36,1773952657449827708,0.09272188,8.538788,4.148556
sensor_accelerometer,1fd22e8d-a721-4fc8-bd0b-bddcd3308f36,1773952657469853646,-0.26620153,8.423932,4.009773
sensor_accelerometer,1fd22e8d-a721-4fc8-bd0b-bddcd3308f36,1773952657489859531,-0.47676992,8.366505,4.182056
sensor_accelerometer,1fd22e8d-a721-4fc8-bd0b-bddcd3308f36,1773952657509871302,-0.52522457,8.333005,4.39741
sensor_accelerometer,1fd22e8d-a721-4fc8-bd0b-bddcd3308f36,1773952657529874010,-0.47676992,8.213364,4.488337
sensor_accelerometer,1fd22e8d-a721-4fc8-bd0b-bddcd3308f36,1773952657549887760,-0.38584265,8.572288,3.9954157
sensor_accelerometer,1fd22e8d-a721-4fc8-bd0b-bddcd3308f36,1773952657569906771,-0.0317049,8.2660055,3.7274194
sensor_accelerometer,1fd22e8d-a721-4fc8-bd0b-bddcd3308f36,1773952657589927917,-0.5778667,8.356933,4.2011986
sensor_accelerometer,1fd22e8d-a721-4fc8-bd0b-bddcd3308f36,1773952657609917083,-0.9415757,8.376076,4.215555
sensor_accelerometer,1fd22e8d-a721-4fc8-bd0b-bddcd3308f36,1773952657629935781,-0.39541394,8.457432,4.2394834
sensor_accelerometer,1fd22e8d-a721-4fc8-bd0b-bddcd3308f36,1773952657649940833,0.030508488,8.22772,4.8047876
sensor_accelerometer,1fd22e8d-a721-4fc8-bd0b-bddcd3308f36,1773952657669938021,-0.19920248,8.318648,4.5266223
sensor_accelerometer,1fd22e8d-a721-4fc8-bd0b-bddcd3308f36,1773952657689970677,-0.23748764,8.433503,4.3926244
sensor_accelerometer,1fd22e8d-a721-4fc8-bd0b-bddcd3308f36,1773952657709966094,-0.21834506,8.256434,4.301697
sensor_accelerometer,1fd22e8d-a721-4fc8-bd0b-bddcd3308f36,1773952657729983229,-0.41934216,8.318648,4.430909
sensor_accelerometer,1fd22e8d-a721-4fc8-bd0b-bddcd3308f36,1773952657750003489,-0.41934216,8.208578,4.339982
sensor_accelerometer,1fd22e8d-a721-4fc8-bd0b-bddcd3308f36,1773952657770016667,-0.4001996,8.232507,4.1724844
sensor_accelerometer,1fd22e8d-a721-4fc8-bd0b-bddcd3308f36,1773952657790005156,-0.42891344,8.26122,4.205984
sensor_accelerometer,1fd22e8d-a721-4fc8-bd0b-bddcd3308f36,1773952657810051614,-0.6305088,8.112865,4.85743
sensor_accelerometer,1fd22e8d-a721-4fc8-bd0b-bddcd3308f36,1773952657830036927,-0.6305088,8.299505,4.488337
sensor_accelerometer,1fd22e8d-a721-4fc8-bd0b-bddcd3308f36,1773952657850072656,-0.29970104,8.103293,4.8526444
sensor_accelerometer,1fd22e8d-a721-4fc8-bd0b-bddcd3308f36,1773952657870071302,-0.71665037,8.26122,5.1254263
sensor_accelerometer,1fd22e8d-a721-4fc8-bd0b-bddcd3308f36,1773952657890077292,-0.8650054,8.256434,4.847859
sensor_accelerometer,1fd22e8d-a721-4fc8-bd0b-bddcd3308f36,1773952657910105625,-0.58265233,8.285149,4.316054
sensor_accelerometer,1fd22e8d-a721-4fc8-bd0b-bddcd3308f36,1773952657930114427,-0.16570297,8.447861,4.2251267
sensor_accelerometer,1fd22e8d-a721-4fc8-bd0b-bddcd3308f36,1773952657950108698,-0.046061836,8.4909315,4.406981
sensor_accelerometer,1fd22e8d-a721-4fc8-bd0b-bddcd3308f36,1773952657970113958,-0.26141587,8.467003,4.5074797
sensor_accelerometer,1fd22e8d-a721-4fc8-bd0b-bddcd3308f36,1773952657990127812,-0.37627137,8.438289,4.3734818
sensor_accelerometer,1fd22e8d-a721-4fc8-bd0b-bddcd3308f36,1773952658010133437,-0.20398813,8.4813595,4.110271
sensor_accelerometer,1fd22e8d-a721-4fc8-bd0b-bddcd3308f36,1773952658030173021,0.0017946169,8.4909315,3.6364923
sensor_accelerometer,1fd22e8d-a721-4fc8-bd0b-bddcd3308f36,1773952658050151198,-0.10348958,8.562716,3.3726835
sensor_accelerometer,1fd22e8d-a721-4fc8-bd0b-bddcd3308f36,1773952658070170781,-0.10827523,8.519645,3.2721848
sensor_accelerometer,1fd22e8d-a721-4fc8-bd0b-bddcd3308f36,1773952658090185260,-0.093918286,8.567501,3.4779677
sensor_accelerometer,1fd22e8d-a721-4fc8-bd0b-bddcd3308f36,1773952658110210989,-0.29012975,8.428718,3.947559
sensor_accelerometer,1fd22e8d-a721-4fc8-bd0b-bddcd3308f36,1773952658130203073,-0.4959125,8.457432,4.153342
sensor_accelerometer,1fd22e8d-a721-4fc8-bd0b-bddcd3308f36,1773952658150203802,-0.4671986,8.476574,4.3351965
sensor_accelerometer,1fd22e8d-a721-4fc8-bd0b-bddcd3308f36,1773952658170238594,-0.3379862,8.256434,4.339982
sensor_accelerometer,1fd22e8d-a721-4fc8-bd0b-bddcd3308f36,1773952658190225417,-0.16091733,8.151151,4.258626
sensor_accelerometer,1fd22e8d-a721-4fc8-bd0b-bddcd3308f36,1773952658210237604,-0.5922236,8.596215,4.2921257
sensor_accelerometer,1fd22e8d-a721-4fc8-bd0b-bddcd3308f36,1773952658230251458,-0.6735796,8.687142,3.9667017
sensor_accelerometer,1fd22e8d-a721-4fc8-bd0b-bddcd3308f36,1773952658250294844,-0.22791636,8.562716,3.5401812
sensor_accelerometer,1fd22e8d-a721-4fc8-bd0b-bddcd3308f36,1773952658270266614,0.09272188,8.639286,3.6167514
sensor_accelerometer,1fd22e8d-a721-4fc8-bd0b-bddcd3308f36,1773952658290296562,0.14057833,8.366505,4.033701
sensor_accelerometer,1fd22e8d-a721-4fc8-bd0b-bddcd3308f36,1773952658310292031,-0.29491538,8.29472,4.5649076
sensor_accelerometer,1fd22e8d-a721-4fc8-bd0b-bddcd3308f36,1773952658330339114,-0.5347959,8.285149,4.8095737
sensor_accelerometer,1fd22e8d-a721-4fc8-bd0b-bddcd3308f36,1773952658350344792,-0.5491528,8.246863,4.800002
sensor_accelerometer,1fd22e8d-a721-4fc8-bd0b-bddcd3308f36,1773952658370327135,-0.5587241,8.438289,4.6031923
sensor_accelerometer,1fd22e8d-a721-4fc8-bd0b-bddcd3308f36,1773952658390361823,-0.63529444,8.285149,4.4979086
sensor_accelerometer,1fd22e8d-a721-4fc8-bd0b-bddcd3308f36,1773952658410353125,-1.166501,7.9884386,4.4835515
sensor_accelerometer,1fd22e8d-a721-4fc8-bd0b-bddcd3308f36,1773952658430392604,-0.8171489,7.7868433,4.2969112
sensor_accelerometer,1fd22e8d-a721-4fc8-bd0b-bddcd3308f36,1773952658450375677,-0.16091733,8.280363,4.1964126
sensor_accelerometer,1fd22e8d-a721-4fc8-bd0b-bddcd3308f36,1773952658470410625,0.08793623,8.409575,3.611966
sensor_accelerometer,1fd22e8d-a721-4fc8-bd0b-bddcd3308f36,1773952658490392708,-0.25663024,8.29472,3.760919
sensor_accelerometer,1fd22e8d-a721-4fc8-bd0b-bddcd3308f36,1773952658510435625,-0.60658056,8.409575,4.4404807
sensor_accelerometer,1fd22e8d-a721-4fc8-bd0b-bddcd3308f36,1773952658530419792,-0.20398813,8.29472,4.627121
sensor_accelerometer,1fd22e8d-a721-4fc8-bd0b-bddcd3308f36,1773952658550422239,-0.07477571,8.3377905,4.569693
sensor_accelerometer,1fd22e8d-a721-4fc8-bd0b-bddcd3308f36,1773952658570445208,-0.3044867,8.299505,4.4261236
sensor_accelerometer,1fd22e8d-a721-4fc8-bd0b-bddcd3308f36,1773952658590455260,-0.3379862,8.313862,4.1150565
sensor_accelerometer,1fd22e8d-a721-4fc8-bd0b-bddcd3308f36,1773952658610491250,-0.36670008,8.385647,3.99063
sensor_accelerometer,1fd22e8d-a721-4fc8-bd0b-bddcd3308f36,1773952658630504531,-0.22313072,8.462217,4.1198425
sensor_accelerometer,1fd22e8d-a721-4fc8-bd0b-bddcd3308f36,1773952658650482135,0.1788635,8.37129,5.072784
sensor_accelerometer,1fd22e8d-a721-4fc8-bd0b-bddcd3308f36,1773952658670492135,-0.232702,8.275578,5.690132
sensor_accelerometer,1fd22e8d-a721-4fc8-bd0b-bddcd3308f36,1773952658690519427,-0.40977088,8.203793,5.0679984
sensor_accelerometer,1fd22e8d-a721-4fc8-bd0b-bddcd3308f36,1773952658710531771,-0.6257231,8.160722,4.9770713
sensor_accelerometer,1fd22e8d-a721-4fc8-bd0b-bddcd3308f36,1773952658730520573,-0.8554341,8.285149,4.1007
sensor_accelerometer,1fd22e8d-a721-4fc8-bd0b-bddcd3308f36,1773952658750539062,-0.64965135,8.093722,3.99063
sensor_accelerometer,1fd22e8d-a721-4fc8-bd0b-bddcd3308f36,1773952658770546198,-0.54436713,8.151151,4.790431
sensor_accelerometer,1fd22e8d-a721-4fc8-bd0b-bddcd3308f36,1773952658790585677,-0.73100734,8.347362,5.3647084
sensor_accelerometer,1fd22e8d-a721-4fc8-bd0b-bddcd3308f36,1773952658810571927,-0.70229346,8.313862,5.1732826
sensor_accelerometer,1fd22e8d-a721-4fc8-bd0b-bddcd3308f36,1773952658830600417,-0.5102694,8.309076,5.0105705
sensor_accelerometer,1fd22e8d-a721-4fc8-bd0b-bddcd3308f36,1773952658850624635,-0.093918286,8.318648,4.531408
sensor_accelerometer,1fd22e8d-a721-4fc8-bd0b-bddcd3308f36,1773952658870610989,-0.10827523,8.400003,4.1294136
sensor_accelerometer,1fd22e8d-a721-4fc8-bd0b-bddcd3308f36,1773952658890622864,-0.29491538,8.548359,3.6604204
sensor_accelerometer,1fd22e8d-a721-4fc8-bd0b-bddcd3308f36,1773952658910654375,-0.38584265,8.653643,3.0951161
sensor_accelerometer,1fd22e8d-a721-4fc8-bd0b-bddcd3308f36,1773952658930651302,-0.36191443,8.725428,2.6117659
sensor_accelerometer,1fd22e8d-a721-4fc8-bd0b-bddcd3308f36,1773952658950678125,-0.46241298,8.749356,2.650051
sensor_accelerometer,1fd22e8d-a721-4fc8-bd0b-bddcd3308f36,1773952658970667917,-0.5491528,8.792427,2.7888348
sensor_accelerometer,1fd22e8d-a721-4fc8-bd0b-bddcd3308f36,1773952658990677552,-0.5102694,8.806784,2.8175488
sensor_accelerometer,1fd22e8d-a721-4fc8-bd0b-bddcd3308f36,1773952659010689375,-0.42412782,8.691928,2.6979074
sensor_accelerometer,1fd22e8d-a721-4fc8-bd0b-bddcd3308f36,1773952659030702292,-0.5587241,8.663215,2.8606195
sensor_accelerometer,1fd22e8d-a721-4fc8-bd0b-bddcd3308f36,1773952659050711042,-0.41934216,8.816355,3.028117
sensor_accelerometer,1fd22e8d-a721-4fc8-bd0b-bddcd3308f36,1773952659070714167,-0.046061836,8.898309,3.0616167
sensor_accelerometer,1fd22e8d-a721-4fc8-bd0b-bddcd3308f36,1773952659090745364,-0.29491538,8.855238,3.3056846
sensor_accelerometer,1fd22e8d-a721-4fc8-bd0b-bddcd3308f36,1773952659110743281,-0.45762733,8.801998,3.4253256
sensor_accelerometer,1fd22e8d-a721-4fc8-bd0b-bddcd3308f36,1773952659130754948,-0.4528417,8.898309,3.5306098
sensor_accelerometer,1fd22e8d-a721-4fc8-bd0b-bddcd3308f36,1773952659150773802,-0.20398813,8.845667,3.4205399
sensor_accelerometer,1fd22e8d-a721-4fc8-bd0b-bddcd3308f36,1773952659170779479,-0.27098715,8.7015,3.080759
sensor_accelerometer,1fd22e8d-a721-4fc8-bd0b-bddcd3308f36,1773952659190806094,-0.73579293,8.605786,2.894119
sensor_accelerometer,1fd22e8d-a721-4fc8-bd0b-bddcd3308f36,1773952659210798906,-0.802792,8.715857,2.6691937
sensor_accelerometer,1fd22e8d-a721-4fc8-bd0b-bddcd3308f36,1773952659230809323,-0.15613168,8.629715,2.693122
sensor_accelerometer,1fd22e8d-a721-4fc8-bd0b-bddcd3308f36,1773952659250820052,-0.28055847,8.648857,3.205186
