UserId,RoundId,TimestampAfterNs,TimestampBeforeNs,ContentLengthBefore,ActionType,KeyChar,CursorPosition,InputContent
qHMPVSZeEOVJeANy4PmaCi0s1LX2,1,1771268452690753000,1771268452677649000,0,Insert,d,1,d
qHMPVSZeEOVJeANy4PmaCi0s1LX2,1,1771268452815739000,1771268452811885000,1,Insert,n,2,dn
qHMPVSZeEOVJeANy4PmaCi0s1LX2,1,1771268452890715000,1771268452886855000,2,Insert,e,3,dne
qHMPVSZeEOVJeANy4PmaCi0s1LX2,1,1771268453111982000,1771268453103026000,3,Insert,s,4,dnes
qHMPVSZeEOVJeANy4PmaCi0s1LX2,1,1771268453181227000,1771268453178476000,4,Insert, ,5,dnes 
qHMPVSZeEOVJeANy4PmaCi0s1LX2,1,1771268454111929000,1771268454104462000,5,Insert,s,6,dnes s
qHMPVSZeEOVJeANy4PmaCi0s1LX2,1,1771268454272679000,1771268454269208000,6,Insert,o,7,dnes so
qHMPVSZeEOVJeANy4PmaCi0s1LX2,1,1771268455683066000,1771268455663482000,7,Delete,d,6,nes so
qHMPVSZeEOVJeANy4PmaCi0s1LX2,1,1771268456265606000,1771268456253777000,6,Insert,D,7,Dnes so
qHMPVSZeEOVJeANy4PmaCi0s1LX2,1,1771268457484472000,1771268457456223000,7,Insert,m,8,Dnes som
qHMPVSZeEOVJeANy4PmaCi0s1LX2,1,1771268458057914000,1771268458053791000,8,Insert, ,9,Dnes som 
qHMPVSZeEOVJeANy4PmaCi0s1LX2,1,1771268458408978000,1771268458402662000,9,Insert,p,10,Dnes som p
qHMPVSZeEOVJeANy4PmaCi0s1LX2,1,1771268458607296000,1771268458603514000,10,Insert,i,11,Dnes som pi
qHMPVSZeEOVJeANy4PmaCi0s1LX2,1,1771268458877654000,1771268458870314000,11,Insert,s,12,Dnes som pis
qHMPVSZeEOVJeANy4PmaCi0s1LX2,1,1771268459119381000,1771268459112433000,12,Insert,a,13,Dnes som pisa
qHMPVSZeEOVJeANy4PmaCi0s1LX2,1,1771268459839777000,1771268459832151000,13,Insert,l,14,Dnes som pisal
qHMPVSZeEOVJeANy4PmaCi0s1LX2,1,1771268460004172000,1771268459998643000,14,Insert,a,15,Dnes som pisala
qHMPVSZeEOVJeANy4PmaCi0s1LX2,1,1771268460263058000,1771268460253593000,15,Insert, ,16,Dnes som pisala 
qHMPVSZeEOVJeANy4PmaCi0s1LX2,1,1771268460921614000,1771268460912397000,16,Insert,s,17,Dnes som pisala s
qHMPVSZeEOVJeANy4PmaCi0s1LX2,1,1771268461007796000,1771268461003585000,17,Insert,v,18,Dnes som pisala sv
qHMPVSZeEOVJeANy4PmaCi0s1LX2,1,1771268461210836000,1771268461204399000,18,Insert,o,19,Dnes som pisala svo
qHMPVSZeEOVJeANy4PmaCi0s1LX2,1,1771268461367169000,1771268461361467000,19,Insert,j,20,Dnes som pisala svoj
qHMPVSZeEOVJeANy4PmaCi0s1LX2,1,1771268461540568000,1771268461536108000,20,Insert,u,21,Dnes som pisala svoju
qHMPVSZeEOVJeANy4PmaCi0s1LX2,1,1771268461762876000,1771268461756017000,21,Insert, ,22,Dnes som pisala svoju 
qHMPVSZeEOVJeANy4PmaCi0s1LX2,1,1771268462224368000,1771268462217382000,22,Insert,d,23,Dnes som pisala svoju d
qHMPVSZeEOVJeANy4PmaCi0s1LX2,1,1771268462359841000,1771268462354672000,23,Insert,i,24,Dnes som pisala svoju di
qHMPVSZeEOVJeANy4PmaCi0s1LX2,1,1771268462623026000,1771268462616721000,24,Insert,p,25,Dnes som pisala svoju dip
qHMPVSZeEOVJeANy4PmaCi0s1LX2,1,1771268462850300000,1771268462843040000,25,Insert,l,26,Dnes som pisala svoju dipl
qHMPVSZeEOVJeANy4PmaCi0s1LX2,1,1771268463027945000,1771268463024010000,26,Insert,o,27,Dnes som pisala svoju diplo
qHMPVSZeEOVJeANy4PmaCi0s1LX2,1,1771268463234218000,1771268463229081000,27,Insert,m,28,Dnes som pisala svoju diplom
qHMPVSZeEOVJeANy4PmaCi0s1LX2,1,1771268463422264000,1771268463417240000,28,Insert,o,29,Dnes som pisala svoju diplomo
qHMPVSZeEOVJeANy4PmaCi0s1LX2,1,1771268463696160000,1771268463690083000,29,Insert,v,30,Dnes som pisala svoju diplomov
qHMPVSZeEOVJeANy4PmaCi0s1LX2,1,1771268463833930000,1771268463829926000,30,Insert,u,31,Dnes som pisala svoju diplomovu
qHMPVSZeEOVJeANy4PmaCi0s1LX2,1,1771268464086020000,1771268464077796000,31,Insert, ,32,Dnes som pisala svoju diplomovu 
qHMPVSZeEOVJeANy4PmaCi0s1LX2,1,1771268464980871000,1771268464972740000,32,Insert,p,33,Dnes som pisala svoju diplomovu p
qHMPVSZeEOVJeANy4PmaCi0s1LX2,1,1771268465302255000,1771268465297116000,33,Insert,r,34,Dnes som pisala svoju diplomovu pr
qHMPVSZeEOVJeANy4PmaCi0s1LX2,1,1771268465465084000,1771268465460619000,34,Insert,a,35,Dnes som pisala svoju diplomovu pra
qHMPVSZeEOVJeANy4PmaCi0s1LX2,1,1771268465536920000,1771268465532502000,35,Insert,c,36,Dnes som pisala svoju diplomovu prac
qHMPVSZeEOVJeANy4PmaCi0s1LX2,1,1771268465799726000,1771268465793152000,36,Insert,u,37,Dnes som pisala svoju diplomovu pracu
qHMPVSZeEOVJeANy4PmaCi0s1LX2,1,1771268466037064000,1771268466030690000,37,Insert, ,38,Dnes som pisala svoju diplomovu pracu 
qHMPVSZeEOVJeANy4PmaCi0s1LX2,1,1771268466375256000,1771268466366310000,38,Insert,n,39,Dnes som pisala svoju diplomovu pracu n
qHMPVSZeEOVJeANy4PmaCi0s1LX2,1,1771268466470949000,1771268466463871000,39,Insert,a,40,Dnes som pisala svoju diplomovu pracu na
qHMPVSZeEOVJeANy4PmaCi0s1LX2,1,1771268466550492000,1771268466546494000,40,Insert, ,41,Dnes som pisala svoju diplomovu pracu na 
qHMPVSZeEOVJeANy4PmaCi0s1LX2,1,1771268466783145000,1771268466775995000,41,Insert,t,42,Dnes som pisala svoju diplomovu pracu na t
qHMPVSZeEOVJeANy4PmaCi0s1LX2,1,1771268466932037000,1771268466927826000,42,Insert,e,43,Dnes som pisala svoju diplomovu pracu na te
qHMPVSZeEOVJeANy4PmaCi0s1LX2,1,1771268467059042000,1771268467054677000,43,Insert,m,44,Dnes som pisala svoju diplomovu pracu na tem
qHMPVSZeEOVJeANy4PmaCi0s1LX2,1,1771268467297572000,1771268467291308000,44,Insert,u,45,Dnes som pisala svoju diplomovu pracu na temu
qHMPVSZeEOVJeANy4PmaCi0s1LX2,1,1771268468266300000,1771268468252736000,45,Insert, ,46,Dnes som pisala svoju diplomovu pracu na temu 
qHMPVSZeEOVJeANy4PmaCi0s1LX2,1,1771268468644782000,1771268468638535000,46,Insert,m,47,Dnes som pisala svoju diplomovu pracu na temu m
qHMPVSZeEOVJeANy4PmaCi0s1LX2,1,1771268468867843000,1771268468857822000,47,Insert,e,48,Dnes som pisala svoju diplomovu pracu na temu me
qHMPVSZeEOVJeANy4PmaCi0s1LX2,1,1771268469203131000,1771268469196393000,48,Insert,t,49,Dnes som pisala svoju diplomovu pracu na temu met
qHMPVSZeEOVJeANy4PmaCi0s1LX2,1,1771268469399832000,1771268469391152000,49,Insert,o,50,Dnes som pisala svoju diplomovu pracu na temu meto
qHMPVSZeEOVJeANy4PmaCi0s1LX2,1,1771268469601036000,1771268469595029000,50,Insert,d,51,Dnes som pisala svoju diplomovu pracu na temu metod
qHMPVSZeEOVJeANy4PmaCi0s1LX2,1,1771268469682355000,1771268469677190000,51,Insert,i,52,Dnes som pisala svoju diplomovu pracu na temu metodi
qHMPVSZeEOVJeANy4PmaCi0s1LX2,1,1771268469887665000,1771268469882433000,52,Insert,k,53,Dnes som pisala svoju diplomovu pracu na temu metodik
qHMPVSZeEOVJeANy4PmaCi0s1LX2,1,1771268470215002000,1771268470208122000,53,Insert,a,54,Dnes som pisala svoju diplomovu pracu na temu metodika
qHMPVSZeEOVJeANy4PmaCi0s1LX2,1,1771268471589352000,1771268471578800000,54,Insert, ,55,Dnes som pisala svoju diplomovu pracu na temu metodika 
qHMPVSZeEOVJeANy4PmaCi0s1LX2,1,1771268472137284000,1771268472132437000,55,Insert,k,56,Dnes som pisala svoju diplomovu pracu na temu metodika k
qHMPVSZeEOVJeANy4PmaCi0s1LX2,1,1771268472395060000,1771268472388688000,56,Insert,l,57,Dnes som pisala svoju diplomovu pracu na temu metodika kl
qHMPVSZeEOVJeANy4PmaCi0s1LX2,1,1771268472561326000,1771268472557110000,57,Insert,a,58,Dnes som pisala svoju diplomovu pracu na temu metodika kla
qHMPVSZeEOVJeANy4PmaCi0s1LX2,1,1771268472720006000,1771268472715382000,58,Insert,v,59,Dnes som pisala svoju diplomovu pracu na temu metodika klav
qHMPVSZeEOVJeANy4PmaCi0s1LX2,1,1771268472993778000,1771268472987865000,59,Insert,i,60,Dnes som pisala svoju diplomovu pracu na temu metodika klavi
qHMPVSZeEOVJeANy4PmaCi0s1LX2,1,1771268473211398000,1771268473204924000,60,Insert,r,61,Dnes som pisala svoju diplomovu pracu na temu metodika klavir
qHMPVSZeEOVJeANy4PmaCi0s1LX2,1,1771268473962999000,1771268473955288000,61,Insert,n,62,Dnes som pisala svoju diplomovu pracu na temu metodika klavirn
qHMPVSZeEOVJeANy4PmaCi0s1LX2,1,1771268474171268000,1771268474165003000,62,Insert,a,63,Dnes som pisala svoju diplomovu pracu na temu metodika klavirna
qHMPVSZeEOVJeANy4PmaCi0s1LX2,1,1771268474377330000,1771268474373052000,63,Insert, ,64,Dnes som pisala svoju diplomovu pracu na temu metodika klavirna 
qHMPVSZeEOVJeANy4PmaCi0s1LX2,1,1771268474618303000,1771268474611034000,64,Insert,a,65,Dnes som pisala svoju diplomovu pracu na temu metodika klavirna a
qHMPVSZeEOVJeANy4PmaCi0s1LX2,1,1771268474813042000,1771268474806231000,65,Insert, ,66,Dnes som pisala svoju diplomovu pracu na temu metodika klavirna a 
qHMPVSZeEOVJeANy4PmaCi0s1LX2,1,1771268475262784000,1771268475255428000,66,Insert,p,67,Dnes som pisala svoju diplomovu pracu na temu metodika klavirna a p
qHMPVSZeEOVJeANy4PmaCi0s1LX2,1,1771268475493368000,1771268475486046000,67,Insert,i,68,Dnes som pisala svoju diplomovu pracu na temu metodika klavirna a pi
qHMPVSZeEOVJeANy4PmaCi0s1LX2,1,1771268475766294000,1771268475758797000,68,Insert,s,69,Dnes som pisala svoju diplomovu pracu na temu metodika klavirna a pis
qHMPVSZeEOVJeANy4PmaCi0s1LX2,1,1771268476046644000,1771268476036647000,69,Insert,a,70,Dnes som pisala svoju diplomovu pracu na temu metodika klavirna a pisa
qHMPVSZeEOVJeANy4PmaCi0s1LX2,1,1771268476260647000,1771268476254238000,70,Insert,l,71,Dnes som pisala svoju diplomovu pracu na temu metodika klavirna a pisal
qHMPVSZeEOVJeANy4PmaCi0s1LX2,1,1771268476447049000,1771268476437360000,71,Insert,a,72,Dnes som pisala svoju diplomovu pracu na temu metodika klavirna a pisala
qHMPVSZeEOVJeANy4PmaCi0s1LX2,1,1771268476802987000,1771268476795145000,72,Insert, ,73,Dnes som pisala svoju diplomovu pracu na temu metodika klavirna a pisala 
qHMPVSZeEOVJeANy4PmaCi0s1LX2,1,1771268477114038000,1771268477104811000,73,Insert,s,74,Dnes som pisala svoju diplomovu pracu na temu metodika klavirna a pisala s
qHMPVSZeEOVJeANy4PmaCi0s1LX2,1,1771268477340531000,1771268477334461000,74,Insert,o,75,Dnes som pisala svoju diplomovu pracu na temu metodika klavirna a pisala so
qHMPVSZeEOVJeANy4PmaCi0s1LX2,1,1771268477563935000,1771268477557831000,75,Insert,m,76,Dnes som pisala svoju diplomovu pracu na temu metodika klavirna a pisala som
qHMPVSZeEOVJeANy4PmaCi0s1LX2,1,1771268477770365000,1771268477765823000,76,Insert, ,77,Dnes som pisala svoju diplomovu pracu na temu metodika klavirna a pisala som 
qHMPVSZeEOVJeANy4PmaCi0s1LX2,1,1771268478056875000,1771268478050186000,77,Insert,c,78,Dnes som pisala svoju diplomovu pracu na temu metodika klavirna a pisala som c
qHMPVSZeEOVJeANy4PmaCi0s1LX2,1,1771268478281535000,1771268478274395000,78,Insert,e,79,Dnes som pisala svoju diplomovu pracu na temu metodika klavirna a pisala som ce
qHMPVSZeEOVJeANy4PmaCi0s1LX2,1,1771268478405488000,1771268478400519000,79,Insert,l,80,Dnes som pisala svoju diplomovu pracu na temu metodika klavirna a pisala som cel
qHMPVSZeEOVJeANy4PmaCi0s1LX2,1,1771268478839140000,1771268478832733000,80,Insert,y,81,Dnes som pisala svoju diplomovu pracu na temu metodika klavirna a pisala som cely
qHMPVSZeEOVJeANy4PmaCi0s1LX2,1,1771268478975649000,1771268478970972000,81,Insert, ,82,Dnes som pisala svoju diplomovu pracu na temu metodika klavirna a pisala som cely 
qHMPVSZeEOVJeANy4PmaCi0s1LX2,1,1771268479150736000,1771268479141982000,82,Insert,d,83,Dnes som pisala svoju diplomovu pracu na temu metodika klavirna a pisala som cely d
qHMPVSZeEOVJeANy4PmaCi0s1LX2,1,1771268479374134000,1771268479366503000,83,Insert,e,84,Dnes som pisala svoju diplomovu pracu na temu metodika klavirna a pisala som cely de
qHMPVSZeEOVJeANy4PmaCi0s1LX2,1,1771268479528634000,1771268479524169000,84,Insert,n,85,Dnes som pisala svoju diplomovu pracu na temu metodika klavirna a pisala som cely den
qHMPVSZeEOVJeANy4PmaCi0s1LX2,1,1771268480679945000,1771268480668587000,85,Insert,",",86,"Dnes som pisala svoju diplomovu pracu na temu metodika klavirna a pisala som cely den,"
qHMPVSZeEOVJeANy4PmaCi0s1LX2,1,1771268480828242000,1771268480822838000,86,Insert, ,87,"Dnes som pisala svoju diplomovu pracu na temu metodika klavirna a pisala som cely den, "
qHMPVSZeEOVJeANy4PmaCi0s1LX2,1,1771268481139454000,1771268481132063000,87,Insert,a,88,"Dnes som pisala svoju diplomovu pracu na temu metodika klavirna a pisala som cely den, a"
qHMPVSZeEOVJeANy4PmaCi0s1LX2,1,1771268481230038000,1771268481223928000,88,Insert,j,89,"Dnes som pisala svoju diplomovu pracu na temu metodika klavirna a pisala som cely den, aj"
qHMPVSZeEOVJeANy4PmaCi0s1LX2,1,1771268481431250000,1771268481423801000,89,Insert, ,90,"Dnes som pisala svoju diplomovu pracu na temu metodika klavirna a pisala som cely den, aj "
qHMPVSZeEOVJeANy4PmaCi0s1LX2,1,1771268481627607000,1771268481622168000,90,Insert,k,91,"Dnes som pisala svoju diplomovu pracu na temu metodika klavirna a pisala som cely den, aj k"
qHMPVSZeEOVJeANy4PmaCi0s1LX2,1,1771268481761286000,1771268481756665000,91,Insert,e,92,"Dnes som pisala svoju diplomovu pracu na temu metodika klavirna a pisala som cely den, aj ke"
qHMPVSZeEOVJeANy4PmaCi0s1LX2,1,1771268481975958000,1771268481968808000,92,Insert,d,93,"Dnes som pisala svoju diplomovu pracu na temu metodika klavirna a pisala som cely den, aj ked"
qHMPVSZeEOVJeANy4PmaCi0s1LX2,1,1771268482077931000,1771268482072942000,93,Insert, ,94,"Dnes som pisala svoju diplomovu pracu na temu metodika klavirna a pisala som cely den, aj ked "
qHMPVSZeEOVJeANy4PmaCi0s1LX2,1,1771268482248326000,1771268482242627000,94,Insert,s,95,"Dnes som pisala svoju diplomovu pracu na temu metodika klavirna a pisala som cely den, aj ked s"
qHMPVSZeEOVJeANy4PmaCi0s1LX2,1,1771268482385645000,1771268482381245000,95,Insert,p,96,"Dnes som pisala svoju diplomovu pracu na temu metodika klavirna a pisala som cely den, aj ked sp"
qHMPVSZeEOVJeANy4PmaCi0s1LX2,1,1771268482592130000,1771268482587485000,96,Insert,l,97,"Dnes som pisala svoju diplomovu pracu na temu metodika klavirna a pisala som cely den, aj ked spl"
qHMPVSZeEOVJeANy4PmaCi0s1LX2,1,1771268482616567000,1771268482612447000,97,Insert,a,98,"Dnes som pisala svoju diplomovu pracu na temu metodika klavirna a pisala som cely den, aj ked spla"
qHMPVSZeEOVJeANy4PmaCi0s1LX2,1,1771268482810167000,1771268482805639000,98,Insert,o,99,"Dnes som pisala svoju diplomovu pracu na temu metodika klavirna a pisala som cely den, aj ked splao"
qHMPVSZeEOVJeANy4PmaCi0s1LX2,1,1771268483033264000,1771268483025074000,99,Insert, ,100,"Dnes som pisala svoju diplomovu pracu na temu metodika klavirna a pisala som cely den, aj ked splao "
qHMPVSZeEOVJeANy4PmaCi0s1LX2,1,1771268483200091000,1771268483193440000,100,Insert,m,101,"Dnes som pisala svoju diplomovu pracu na temu metodika klavirna a pisala som cely den, aj ked splao m"
qHMPVSZeEOVJeANy4PmaCi0s1LX2,1,1771268483373560000,1771268483368961000,101,Insert,o,102,"Dnes som pisala svoju diplomovu pracu na temu metodika klavirna a pisala som cely den, aj ked splao mo"
qHMPVSZeEOVJeANy4PmaCi0s1LX2,1,1771268483563094000,1771268483558158000,102,Insert,j,103,"Dnes som pisala svoju diplomovu pracu na temu metodika klavirna a pisala som cely den, aj ked splao moj"
qHMPVSZeEOVJeANy4PmaCi0s1LX2,1,1771268483696662000,1771268483692212000,103,Insert,e,104,"Dnes som pisala svoju diplomovu pracu na temu metodika klavirna a pisala som cely den, aj ked splao moje"
qHMPVSZeEOVJeANy4PmaCi0s1LX2,1,1771268483843044000,1771268483837430000,104,Insert, ,105,"Dnes som pisala svoju diplomovu pracu na temu metodika klavirna a pisala som cely den, aj ked splao moje "
qHMPVSZeEOVJeANy4PmaCi0s1LX2,1,1771268487984674000,1771268487957607000,105,Delete,a,104,"Dnes som pisala svoju diplomovu pracu na temu metodika klavirna a pisala som cely den, aj ked splo moje "
qHMPVSZeEOVJeANy4PmaCi0s1LX2,1,1771268489012572000,1771268489004375000,104,Insert,a,105,"Dnes som pisala svoju diplomovu pracu na temu metodika klavirna a pisala som cely den, aj ked splao moje "
qHMPVSZeEOVJeANy4PmaCi0s1LX2,1,1771268489839140000,1771268489828911000,105,Insert,l,106,"Dnes som pisala svoju diplomovu pracu na temu metodika klavirna a pisala som cely den, aj ked splalo moje "
qHMPVSZeEOVJeANy4PmaCi0s1LX2,1,1771268494954269000,1771268494930700000,106,Insert,d,107,"Dnes som pisala svoju diplomovu pracu na temu metodika klavirna a pisala som cely den, aj ked splalo moje d"
qHMPVSZeEOVJeANy4PmaCi0s1LX2,1,1771268495093658000,1771268495088645000,107,Insert,i,108,"Dnes som pisala svoju diplomovu pracu na temu metodika klavirna a pisala som cely den, aj ked splalo moje di"
qHMPVSZeEOVJeANy4PmaCi0s1LX2,1,1771268495203451000,1771268495198730000,108,Insert,e,109,"Dnes som pisala svoju diplomovu pracu na temu metodika klavirna a pisala som cely den, aj ked splalo moje die"
qHMPVSZeEOVJeANy4PmaCi0s1LX2,1,1771268495364507000,1771268495356604000,109,Insert,t,110,"Dnes som pisala svoju diplomovu pracu na temu metodika klavirna a pisala som cely den, aj ked splalo moje diet"
qHMPVSZeEOVJeANy4PmaCi0s1LX2,1,1771268495568055000,1771268495562527000,110,Insert,a,111,"Dnes som pisala svoju diplomovu pracu na temu metodika klavirna a pisala som cely den, aj ked splalo moje dieta"
qHMPVSZeEOVJeANy4PmaCi0s1LX2,1,1771268496095127000,1771268496088214000,111,Insert,",",112,"Dnes som pisala svoju diplomovu pracu na temu metodika klavirna a pisala som cely den, aj ked splalo moje dieta,"
qHMPVSZeEOVJeANy4PmaCi0s1LX2,1,1771268497119592000,1771268497110698000,112,Insert, ,113,"Dnes som pisala svoju diplomovu pracu na temu metodika klavirna a pisala som cely den, aj ked splalo moje dieta, "
qHMPVSZeEOVJeANy4PmaCi0s1LX2,1,1771268497648898000,1771268497636431000,113,Insert,a,114,"Dnes som pisala svoju diplomovu pracu na temu metodika klavirna a pisala som cely den, aj ked splalo moje dieta, a"
qHMPVSZeEOVJeANy4PmaCi0s1LX2,1,1771268497818724000,1771268497811906000,114,Insert,j,115,"Dnes som pisala svoju diplomovu pracu na temu metodika klavirna a pisala som cely den, aj ked splalo moje dieta, aj"
qHMPVSZeEOVJeANy4PmaCi0s1LX2,1,1771268497990707000,1771268497985958000,115,Insert, ,116,"Dnes som pisala svoju diplomovu pracu na temu metodika klavirna a pisala som cely den, aj ked splalo moje dieta, aj "
qHMPVSZeEOVJeANy4PmaCi0s1LX2,1,1771268498292316000,1771268498284721000,116,Insert,t,117,"Dnes som pisala svoju diplomovu pracu na temu metodika klavirna a pisala som cely den, aj ked splalo moje dieta, aj t"
qHMPVSZeEOVJeANy4PmaCi0s1LX2,1,1771268498787095000,1771268498782608000,117,Delete,t,116,"Dnes som pisala svoju diplomovu pracu na temu metodika klavirna a pisala som cely den, aj ked splalo moje dieta, aj "
qHMPVSZeEOVJeANy4PmaCi0s1LX2,1,1771268499357380000,1771268499351259000,116,Insert,v,117,"Dnes som pisala svoju diplomovu pracu na temu metodika klavirna a pisala som cely den, aj ked splalo moje dieta, aj v"
qHMPVSZeEOVJeANy4PmaCi0s1LX2,1,1771268499602455000,1771268499592958000,117,Insert,t,118,"Dnes som pisala svoju diplomovu pracu na temu metodika klavirna a pisala som cely den, aj ked splalo moje dieta, aj vt"
qHMPVSZeEOVJeANy4PmaCi0s1LX2,1,1771268499796996000,1771268499789134000,118,Insert,e,119,"Dnes som pisala svoju diplomovu pracu na temu metodika klavirna a pisala som cely den, aj ked splalo moje dieta, aj vte"
qHMPVSZeEOVJeANy4PmaCi0s1LX2,1,1771268500007050000,1771268500000873000,119,Insert,d,120,"Dnes som pisala svoju diplomovu pracu na temu metodika klavirna a pisala som cely den, aj ked splalo moje dieta, aj vted"
qHMPVSZeEOVJeANy4PmaCi0s1LX2,1,1771268500261709000,1771268500256479000,120,Insert,y,121,"Dnes som pisala svoju diplomovu pracu na temu metodika klavirna a pisala som cely den, aj ked splalo moje dieta, aj vtedy"
qHMPVSZeEOVJeANy4PmaCi0s1LX2,1,1771268500338619000,1771268500333943000,121,Insert, ,122,"Dnes som pisala svoju diplomovu pracu na temu metodika klavirna a pisala som cely den, aj ked splalo moje dieta, aj vtedy "
qHMPVSZeEOVJeANy4PmaCi0s1LX2,1,1771268500486081000,1771268500481761000,122,Insert,s,123,"Dnes som pisala svoju diplomovu pracu na temu metodika klavirna a pisala som cely den, aj ked splalo moje dieta, aj vtedy s"
qHMPVSZeEOVJeANy4PmaCi0s1LX2,1,1771268500574129000,1771268500569830000,123,Insert,o,124,"Dnes som pisala svoju diplomovu pracu na temu metodika klavirna a pisala som cely den, aj ked splalo moje dieta, aj vtedy so"
qHMPVSZeEOVJeANy4PmaCi0s1LX2,1,1771268500784373000,1771268500776982000,124,Insert,m,125,"Dnes som pisala svoju diplomovu pracu na temu metodika klavirna a pisala som cely den, aj ked splalo moje dieta, aj vtedy som"
qHMPVSZeEOVJeANy4PmaCi0s1LX2,1,1771268500970489000,1771268500965844000,125,Insert, ,126,"Dnes som pisala svoju diplomovu pracu na temu metodika klavirna a pisala som cely den, aj ked splalo moje dieta, aj vtedy som "
qHMPVSZeEOVJeANy4PmaCi0s1LX2,1,1771268501228989000,1771268501221658000,126,Insert,p,127,"Dnes som pisala svoju diplomovu pracu na temu metodika klavirna a pisala som cely den, aj ked splalo moje dieta, aj vtedy som p"
qHMPVSZeEOVJeANy4PmaCi0s1LX2,1,1771268501408311000,1771268501405569000,127,Insert,i,128,"Dnes som pisala svoju diplomovu pracu na temu metodika klavirna a pisala som cely den, aj ked splalo moje dieta, aj vtedy som pi"
qHMPVSZeEOVJeANy4PmaCi0s1LX2,1,1771268501756442000,1771268501749302000,128,Insert,s,129,"Dnes som pisala svoju diplomovu pracu na temu metodika klavirna a pisala som cely den, aj ked splalo moje dieta, aj vtedy som pis"
qHMPVSZeEOVJeANy4PmaCi0s1LX2,1,1771268502028882000,1771268502022342000,129,Insert,a,130,"Dnes som pisala svoju diplomovu pracu na temu metodika klavirna a pisala som cely den, aj ked splalo moje dieta, aj vtedy som pisa"
qHMPVSZeEOVJeANy4PmaCi0s1LX2,1,1771268502196524000,1771268502189808000,130,Insert,l,131,"Dnes som pisala svoju diplomovu pracu na temu metodika klavirna a pisala som cely den, aj ked splalo moje dieta, aj vtedy som pisal"
qHMPVSZeEOVJeANy4PmaCi0s1LX2,1,1771268502331656000,1771268502325508000,131,Insert,a,132,"Dnes som pisala svoju diplomovu pracu na temu metodika klavirna a pisala som cely den, aj ked splalo moje dieta, aj vtedy som pisala"
qHMPVSZeEOVJeANy4PmaCi0s1LX2,1,1771268503883872000,1771268503878666000,132,Insert,.,133,"Dnes som pisala svoju diplomovu pracu na temu metodika klavirna a pisala som cely den, aj ked splalo moje dieta, aj vtedy som pisala."
qHMPVSZeEOVJeANy4PmaCi0s1LX2,1,1771268518460326000,1771268518444886000,133,Delete,a,132,"Dnes som pisala svoju diplomovu pracu na temu metodika klavirna a pisala som cely den, aj ked spllo moje dieta, aj vtedy som pisala."
qHMPVSZeEOVJeANy4PmaCi0s1LX2,1,1771268518808498000,1771268518802863000,132,Delete,l,131,"Dnes som pisala svoju diplomovu pracu na temu metodika klavirna a pisala som cely den, aj ked splo moje dieta, aj vtedy som pisala."
qHMPVSZeEOVJeANy4PmaCi0s1LX2,1,1771268519464210000,1771268519452060000,131,Insert,a,132,"Dnes som pisala svoju diplomovu pracu na temu metodika klavirna a pisala som cely den, aj ked spalo moje dieta, aj vtedy som pisala."
qHMPVSZeEOVJeANy4PmaCi0s1LX2,1,1771268552502173000,1771268552477552000,132,Insert,m,133,"Dnes som pisala svoju diplomovu pracu na temu metodika klavirna a pisala som cely den, aj ked spalo moje mdieta, aj vtedy som pisala."
qHMPVSZeEOVJeANy4PmaCi0s1LX2,1,1771268552633786000,1771268552628916000,133,Insert,a,134,"Dnes som pisala svoju diplomovu pracu na temu metodika klavirna a pisala som cely den, aj ked spalo moje madieta, aj vtedy som pisala."
qHMPVSZeEOVJeANy4PmaCi0s1LX2,1,1771268552741832000,1771268552736633000,134,Insert,l,135,"Dnes som pisala svoju diplomovu pracu na temu metodika klavirna a pisala som cely den, aj ked spalo moje maldieta, aj vtedy som pisala."
qHMPVSZeEOVJeANy4PmaCi0s1LX2,1,1771268553270733000,1771268553263941000,135,Insert,e,136,"Dnes som pisala svoju diplomovu pracu na temu metodika klavirna a pisala som cely den, aj ked spalo moje maledieta, aj vtedy som pisala."
qHMPVSZeEOVJeANy4PmaCi0s1LX2,1,1771268553451529000,1771268553445788000,136,Insert, ,137,"Dnes som pisala svoju diplomovu pracu na temu metodika klavirna a pisala som cely den, aj ked spalo moje male dieta, aj vtedy som pisala."
qHMPVSZeEOVJeANy4PmaCi0s1LX2,2,1771268555215052000,1771268555210893000,0,Insert,D,1,D
qHMPVSZeEOVJeANy4PmaCi0s1LX2,2,1771268555388866000,1771268555384935000,1,Insert,n,2,Dn
qHMPVSZeEOVJeANy4PmaCi0s1LX2,2,1771268555486052000,1771268555482257000,2,Insert,e,3,Dne
qHMPVSZeEOVJeANy4PmaCi0s1LX2,2,1771268555739874000,1771268555732173000,3,Insert,s,4,Dnes
qHMPVSZeEOVJeANy4PmaCi0s1LX2,2,1771268555868716000,1771268555864665000,4,Insert, ,5,Dnes 
qHMPVSZeEOVJeANy4PmaCi0s1LX2,2,1771268557040047000,1771268557032201000,5,Insert,s,6,Dnes s
qHMPVSZeEOVJeANy4PmaCi0s1LX2,2,1771268557184467000,1771268557180736000,6,Insert,o,7,Dnes so
qHMPVSZeEOVJeANy4PmaCi0s1LX2,2,1771268557424867000,1771268557417812000,7,Insert,m,8,Dnes som
qHMPVSZeEOVJeANy4PmaCi0s1LX2,2,1771268557617040000,1771268557612746000,8,Insert, ,9,Dnes som 
qHMPVSZeEOVJeANy4PmaCi0s1LX2,2,1771268557872915000,1771268557866940000,9,Insert,p,10,Dnes som p
qHMPVSZeEOVJeANy4PmaCi0s1LX2,2,1771268558079672000,1771268558066599000,10,Insert,i,11,Dnes som pi
qHMPVSZeEOVJeANy4PmaCi0s1LX2,2,1771268558654990000,1771268558650204000,11,Insert,s,12,Dnes som pis
qHMPVSZeEOVJeANy4PmaCi0s1LX2,2,1771268559602841000,1771268559594422000,12,Insert,a,13,Dnes som pisa
qHMPVSZeEOVJeANy4PmaCi0s1LX2,2,1771268559864497000,1771268559858650000,13,Insert,l,14,Dnes som pisal
qHMPVSZeEOVJeANy4PmaCi0s1LX2,2,1771268560028157000,1771268560022976000,14,Insert,a,15,Dnes som pisala
qHMPVSZeEOVJeANy4PmaCi0s1LX2,2,1771268560177459000,1771268560173564000,15,Insert, ,16,Dnes som pisala 
qHMPVSZeEOVJeANy4PmaCi0s1LX2,2,1771268560722709000,1771268560718656000,16,Insert,s,17,Dnes som pisala s
qHMPVSZeEOVJeANy4PmaCi0s1LX2,2,1771268560886218000,1771268560882172000,17,Insert,v,18,Dnes som pisala sv
qHMPVSZeEOVJeANy4PmaCi0s1LX2,2,1771268561094579000,1771268561088529000,18,Insert,o,19,Dnes som pisala svo
qHMPVSZeEOVJeANy4PmaCi0s1LX2,2,1771268561284364000,1771268561275934000,19,Insert,j,20,Dnes som pisala svoj
qHMPVSZeEOVJeANy4PmaCi0s1LX2,2,1771268561683496000,1771268561676975000,20,Insert,u,21,Dnes som pisala svoju
qHMPVSZeEOVJeANy4PmaCi0s1LX2,2,1771268562170473000,1771268562155855000,21,Insert, ,22,Dnes som pisala svoju 
qHMPVSZeEOVJeANy4PmaCi0s1LX2,2,1771268562828118000,1771268562823909000,22,Insert,d,23,Dnes som pisala svoju d
qHMPVSZeEOVJeANy4PmaCi0s1LX2,2,1771268562977816000,1771268562973316000,23,Insert,i,24,Dnes som pisala svoju di
qHMPVSZeEOVJeANy4PmaCi0s1LX2,2,1771268563278522000,1771268563272254000,24,Insert,p,25,Dnes som pisala svoju dip
qHMPVSZeEOVJeANy4PmaCi0s1LX2,2,1771268563520022000,1771268563513888000,25,Insert,l,26,Dnes som pisala svoju dipl
qHMPVSZeEOVJeANy4PmaCi0s1LX2,2,1771268563719626000,1771268563713919000,26,Insert,o,27,Dnes som pisala svoju diplo
qHMPVSZeEOVJeANy4PmaCi0s1LX2,2,1771268563978233000,1771268563969456000,27,Insert,m,28,Dnes som pisala svoju diplom
qHMPVSZeEOVJeANy4PmaCi0s1LX2,2,1771268564165510000,1771268564161637000,28,Insert,o,29,Dnes som pisala svoju diplomo
qHMPVSZeEOVJeANy4PmaCi0s1LX2,2,1771268564438294000,1771268564429712000,29,Insert,v,30,Dnes som pisala svoju diplomov
qHMPVSZeEOVJeANy4PmaCi0s1LX2,2,1771268564686496000,1771268564678595000,30,Insert,u,31,Dnes som pisala svoju diplomovu
qHMPVSZeEOVJeANy4PmaCi0s1LX2,2,1771268564981673000,1771268564970189000,31,Insert, ,32,Dnes som pisala svoju diplomovu 
qHMPVSZeEOVJeANy4PmaCi0s1LX2,2,1771268566585080000,1771268566574531000,32,Insert,p,33,Dnes som pisala svoju diplomovu p
qHMPVSZeEOVJeANy4PmaCi0s1LX2,2,1771268566910278000,1771268566903110000,33,Insert,r,34,Dnes som pisala svoju diplomovu pr
qHMPVSZeEOVJeANy4PmaCi0s1LX2,2,1771268567082219000,1771268567076525000,34,Insert,a,35,Dnes som pisala svoju diplomovu pra
qHMPVSZeEOVJeANy4PmaCi0s1LX2,2,1771268568252100000,1771268568244889000,35,Insert,c,36,Dnes som pisala svoju diplomovu prac
qHMPVSZeEOVJeANy4PmaCi0s1LX2,2,1771268568554239000,1771268568548431000,36,Insert,u,37,Dnes som pisala svoju diplomovu pracu
qHMPVSZeEOVJeANy4PmaCi0s1LX2,2,1771268568841786000,1771268568834536000,37,Insert, ,38,Dnes som pisala svoju diplomovu pracu 
qHMPVSZeEOVJeANy4PmaCi0s1LX2,2,1771268569218597000,1771268569210535000,38,Insert,n,39,Dnes som pisala svoju diplomovu pracu n
qHMPVSZeEOVJeANy4PmaCi0s1LX2,2,1771268569368749000,1771268569363574000,39,Insert,a,40,Dnes som pisala svoju diplomovu pracu na
qHMPVSZeEOVJeANy4PmaCi0s1LX2,2,1771268569438333000,1771268569433820000,40,Insert, ,41,Dnes som pisala svoju diplomovu pracu na 
qHMPVSZeEOVJeANy4PmaCi0s1LX2,2,1771268569690521000,1771268569683383000,41,Insert,t,42,Dnes som pisala svoju diplomovu pracu na t
qHMPVSZeEOVJeANy4PmaCi0s1LX2,2,1771268569883887000,1771268569878721000,42,Insert,e,43,Dnes som pisala svoju diplomovu pracu na te
qHMPVSZeEOVJeANy4PmaCi0s1LX2,2,1771268570004964000,1771268570000866000,43,Insert,m,44,Dnes som pisala svoju diplomovu pracu na tem
qHMPVSZeEOVJeANy4PmaCi0s1LX2,2,1771268570291934000,1771268570285573000,44,Insert,u,45,Dnes som pisala svoju diplomovu pracu na temu
qHMPVSZeEOVJeANy4PmaCi0s1LX2,2,1771268571596770000,1771268571588596000,45,Insert, ,46,Dnes som pisala svoju diplomovu pracu na temu 
qHMPVSZeEOVJeANy4PmaCi0s1LX2,2,1771268571843688000,1771268571838730000,46,Insert,m,47,Dnes som pisala svoju diplomovu pracu na temu m
qHMPVSZeEOVJeANy4PmaCi0s1LX2,2,1771268572008414000,1771268572003694000,47,Insert,e,48,Dnes som pisala svoju diplomovu pracu na temu me
qHMPVSZeEOVJeANy4PmaCi0s1LX2,2,1771268572250674000,1771268572244144000,48,Insert,t,49,Dnes som pisala svoju diplomovu pracu na temu met
qHMPVSZeEOVJeANy4PmaCi0s1LX2,2,1771268572544672000,1771268572540391000,49,Insert,o,50,Dnes som pisala svoju diplomovu pracu na temu meto
qHMPVSZeEOVJeANy4PmaCi0s1LX2,2,1771268572668099000,1771268572663666000,50,Insert,d,51,Dnes som pisala svoju diplomovu pracu na temu metod
qHMPVSZeEOVJeANy4PmaCi0s1LX2,2,1771268572759060000,1771268572753809000,51,Insert,i,52,Dnes som pisala svoju diplomovu pracu na temu metodi
qHMPVSZeEOVJeANy4PmaCi0s1LX2,2,1771268572941177000,1771268572937054000,52,Insert,k,53,Dnes som pisala svoju diplomovu pracu na temu metodik
qHMPVSZeEOVJeANy4PmaCi0s1LX2,2,1771268573116358000,1771268573112401000,53,Insert,a,54,Dnes som pisala svoju diplomovu pracu na temu metodika
qHMPVSZeEOVJeANy4PmaCi0s1LX2,2,1771268576073587000,1771268576062908000,54,Insert, ,55,Dnes som pisala svoju diplomovu pracu na temu metodika 
qHMPVSZeEOVJeANy4PmaCi0s1LX2,2,1771268577174260000,1771268577163464000,55,Insert,k,56,Dnes som pisala svoju diplomovu pracu na temu metodika k
qHMPVSZeEOVJeANy4PmaCi0s1LX2,2,1771268577391306000,1771268577385363000,56,Insert,l,57,Dnes som pisala svoju diplomovu pracu na temu metodika kl
qHMPVSZeEOVJeANy4PmaCi0s1LX2,2,1771268577623612000,1771268577614881000,57,Insert,i,58,Dnes som pisala svoju diplomovu pracu na temu metodika kli
qHMPVSZeEOVJeANy4PmaCi0s1LX2,2,1771268578631223000,1771268578626180000,58,Delete,i,57,Dnes som pisala svoju diplomovu pracu na temu metodika kl
qHMPVSZeEOVJeANy4PmaCi0s1LX2,2,1771268579324613000,1771268579314258000,57,Insert,a,58,Dnes som pisala svoju diplomovu pracu na temu metodika kla
qHMPVSZeEOVJeANy4PmaCi0s1LX2,2,1771268579615763000,1771268579611316000,58,Insert,v,59,Dnes som pisala svoju diplomovu pracu na temu metodika klav
qHMPVSZeEOVJeANy4PmaCi0s1LX2,2,1771268579938825000,1771268579932070000,59,Insert,i,60,Dnes som pisala svoju diplomovu pracu na temu metodika klavi
qHMPVSZeEOVJeANy4PmaCi0s1LX2,2,1771268580200514000,1771268580193834000,60,Insert,r,61,Dnes som pisala svoju diplomovu pracu na temu metodika klavir
qHMPVSZeEOVJeANy4PmaCi0s1LX2,2,1771268580388487000,1771268580384191000,61,Insert,n,62,Dnes som pisala svoju diplomovu pracu na temu metodika klavirn
qHMPVSZeEOVJeANy4PmaCi0s1LX2,2,1771268580686099000,1771268580678604000,62,Insert,a,63,Dnes som pisala svoju diplomovu pracu na temu metodika klavirna
qHMPVSZeEOVJeANy4PmaCi0s1LX2,2,1771268581832936000,1771268581823043000,63,Insert, ,64,Dnes som pisala svoju diplomovu pracu na temu metodika klavirna 
qHMPVSZeEOVJeANy4PmaCi0s1LX2,2,1771268582169168000,1771268582160235000,64,Insert,a,65,Dnes som pisala svoju diplomovu pracu na temu metodika klavirna a
qHMPVSZeEOVJeANy4PmaCi0s1LX2,2,1771268582279538000,1771268582273297000,65,Insert, ,66,Dnes som pisala svoju diplomovu pracu na temu metodika klavirna a 
qHMPVSZeEOVJeANy4PmaCi0s1LX2,2,1771268582604849000,1771268582597583000,66,Insert,p,67,Dnes som pisala svoju diplomovu pracu na temu metodika klavirna a p
qHMPVSZeEOVJeANy4PmaCi0s1LX2,2,1771268582839212000,1771268582832683000,67,Insert,i,68,Dnes som pisala svoju diplomovu pracu na temu metodika klavirna a pi
qHMPVSZeEOVJeANy4PmaCi0s1LX2,2,1771268583474338000,1771268583469457000,68,Insert,s,69,Dnes som pisala svoju diplomovu pracu na temu metodika klavirna a pis
qHMPVSZeEOVJeANy4PmaCi0s1LX2,2,1771268583772864000,1771268583766469000,69,Insert,a,70,Dnes som pisala svoju diplomovu pracu na temu metodika klavirna a pisa
qHMPVSZeEOVJeANy4PmaCi0s1LX2,2,1771268584166151000,1771268584161314000,70,Insert,l,71,Dnes som pisala svoju diplomovu pracu na temu metodika klavirna a pisal
qHMPVSZeEOVJeANy4PmaCi0s1LX2,2,1771268584508021000,1771268584501214000,71,Insert,a,72,Dnes som pisala svoju diplomovu pracu na temu metodika klavirna a pisala
qHMPVSZeEOVJeANy4PmaCi0s1LX2,2,1771268585314631000,1771268585306022000,72,Insert, ,73,Dnes som pisala svoju diplomovu pracu na temu metodika klavirna a pisala 
qHMPVSZeEOVJeANy4PmaCi0s1LX2,2,1771268585804744000,1771268585798633000,73,Insert,s,74,Dnes som pisala svoju diplomovu pracu na temu metodika klavirna a pisala s
qHMPVSZeEOVJeANy4PmaCi0s1LX2,2,1771268585974300000,1771268585969364000,74,Insert,o,75,Dnes som pisala svoju diplomovu pracu na temu metodika klavirna a pisala so
qHMPVSZeEOVJeANy4PmaCi0s1LX2,2,1771268586211859000,1771268586205026000,75,Insert,m,76,Dnes som pisala svoju diplomovu pracu na temu metodika klavirna a pisala som
qHMPVSZeEOVJeANy4PmaCi0s1LX2,2,1771268586399248000,1771268586394346000,76,Insert, ,77,Dnes som pisala svoju diplomovu pracu na temu metodika klavirna a pisala som 
qHMPVSZeEOVJeANy4PmaCi0s1LX2,2,1771268586671583000,1771268586664802000,77,Insert,c,78,Dnes som pisala svoju diplomovu pracu na temu metodika klavirna a pisala som c
qHMPVSZeEOVJeANy4PmaCi0s1LX2,2,1771268586840409000,1771268586836244000,78,Insert,e,79,Dnes som pisala svoju diplomovu pracu na temu metodika klavirna a pisala som ce
qHMPVSZeEOVJeANy4PmaCi0s1LX2,2,1771268586929183000,1771268586924905000,79,Insert,l,80,Dnes som pisala svoju diplomovu pracu na temu metodika klavirna a pisala som cel
qHMPVSZeEOVJeANy4PmaCi0s1LX2,2,1771268587427901000,1771268587420152000,80,Insert,y,81,Dnes som pisala svoju diplomovu pracu na temu metodika klavirna a pisala som cely
qHMPVSZeEOVJeANy4PmaCi0s1LX2,2,1771268587576647000,1771268587572038000,81,Insert, ,82,Dnes som pisala svoju diplomovu pracu na temu metodika klavirna a pisala som cely 
qHMPVSZeEOVJeANy4PmaCi0s1LX2,2,1771268587781373000,1771268587776615000,82,Insert,d,83,Dnes som pisala svoju diplomovu pracu na temu metodika klavirna a pisala som cely d
qHMPVSZeEOVJeANy4PmaCi0s1LX2,2,1771268588001554000,1771268587995259000,83,Insert,e,84,Dnes som pisala svoju diplomovu pracu na temu metodika klavirna a pisala som cely de
qHMPVSZeEOVJeANy4PmaCi0s1LX2,2,1771268589143043000,1771268589136215000,84,Insert,n,85,Dnes som pisala svoju diplomovu pracu na temu metodika klavirna a pisala som cely den
qHMPVSZeEOVJeANy4PmaCi0s1LX2,2,1771268589403772000,1771268589396676000,85,Insert,",",86,"Dnes som pisala svoju diplomovu pracu na temu metodika klavirna a pisala som cely den,"
qHMPVSZeEOVJeANy4PmaCi0s1LX2,2,1771268589702582000,1771268589697784000,86,Insert, ,87,"Dnes som pisala svoju diplomovu pracu na temu metodika klavirna a pisala som cely den, "
qHMPVSZeEOVJeANy4PmaCi0s1LX2,2,1771268590738797000,1771268590733104000,87,Insert,a,88,"Dnes som pisala svoju diplomovu pracu na temu metodika klavirna a pisala som cely den, a"
qHMPVSZeEOVJeANy4PmaCi0s1LX2,2,1771268590839039000,1771268590834975000,88,Insert,j,89,"Dnes som pisala svoju diplomovu pracu na temu metodika klavirna a pisala som cely den, aj"
qHMPVSZeEOVJeANy4PmaCi0s1LX2,2,1771268591038541000,1771268591030233000,89,Insert, ,90,"Dnes som pisala svoju diplomovu pracu na temu metodika klavirna a pisala som cely den, aj "
qHMPVSZeEOVJeANy4PmaCi0s1LX2,2,1771268591249672000,1771268591241415000,90,Insert,k,91,"Dnes som pisala svoju diplomovu pracu na temu metodika klavirna a pisala som cely den, aj k"
qHMPVSZeEOVJeANy4PmaCi0s1LX2,2,1771268591823406000,1771268591813002000,91,Insert,e,92,"Dnes som pisala svoju diplomovu pracu na temu metodika klavirna a pisala som cely den, aj ke"
qHMPVSZeEOVJeANy4PmaCi0s1LX2,2,1771268592081177000,1771268592074527000,92,Insert,d,93,"Dnes som pisala svoju diplomovu pracu na temu metodika klavirna a pisala som cely den, aj ked"
qHMPVSZeEOVJeANy4PmaCi0s1LX2,2,1771268592212031000,1771268592206600000,93,Insert, ,94,"Dnes som pisala svoju diplomovu pracu na temu metodika klavirna a pisala som cely den, aj ked "
qHMPVSZeEOVJeANy4PmaCi0s1LX2,2,1771268593344968000,1771268593335042000,94,Insert,s,95,"Dnes som pisala svoju diplomovu pracu na temu metodika klavirna a pisala som cely den, aj ked s"
qHMPVSZeEOVJeANy4PmaCi0s1LX2,2,1771268593502521000,1771268593498402000,95,Insert,p,96,"Dnes som pisala svoju diplomovu pracu na temu metodika klavirna a pisala som cely den, aj ked sp"
qHMPVSZeEOVJeANy4PmaCi0s1LX2,2,1771268593799353000,1771268593790875000,96,Insert,a,97,"Dnes som pisala svoju diplomovu pracu na temu metodika klavirna a pisala som cely den, aj ked spa"
qHMPVSZeEOVJeANy4PmaCi0s1LX2,2,1771268594063132000,1771268594056455000,97,Insert,l,98,"Dnes som pisala svoju diplomovu pracu na temu metodika klavirna a pisala som cely den, aj ked spal"
qHMPVSZeEOVJeANy4PmaCi0s1LX2,2,1771268594520020000,1771268594512071000,98,Insert,o,99,"Dnes som pisala svoju diplomovu pracu na temu metodika klavirna a pisala som cely den, aj ked spalo"
qHMPVSZeEOVJeANy4PmaCi0s1LX2,2,1771268594806311000,1771268594798762000,99,Insert, ,100,"Dnes som pisala svoju diplomovu pracu na temu metodika klavirna a pisala som cely den, aj ked spalo "
qHMPVSZeEOVJeANy4PmaCi0s1LX2,2,1771268596189828000,1771268596173161000,100,Insert,m,101,"Dnes som pisala svoju diplomovu pracu na temu metodika klavirna a pisala som cely den, aj ked spalo m"
qHMPVSZeEOVJeANy4PmaCi0s1LX2,2,1771268596398418000,1771268596391263000,101,Insert,o,102,"Dnes som pisala svoju diplomovu pracu na temu metodika klavirna a pisala som cely den, aj ked spalo mo"
qHMPVSZeEOVJeANy4PmaCi0s1LX2,2,1771268596603307000,1771268596598551000,102,Insert,j,103,"Dnes som pisala svoju diplomovu pracu na temu metodika klavirna a pisala som cely den, aj ked spalo moj"
qHMPVSZeEOVJeANy4PmaCi0s1LX2,2,1771268596742379000,1771268596738098000,103,Insert,e,104,"Dnes som pisala svoju diplomovu pracu na temu metodika klavirna a pisala som cely den, aj ked spalo moje"
qHMPVSZeEOVJeANy4PmaCi0s1LX2,2,1771268596833475000,1771268596828355000,104,Insert, ,105,"Dnes som pisala svoju diplomovu pracu na temu metodika klavirna a pisala som cely den, aj ked spalo moje "
qHMPVSZeEOVJeANy4PmaCi0s1LX2,2,1771268597027722000,1771268597023669000,105,Insert,m,106,"Dnes som pisala svoju diplomovu pracu na temu metodika klavirna a pisala som cely den, aj ked spalo moje m"
qHMPVSZeEOVJeANy4PmaCi0s1LX2,2,1771268597169949000,1771268597165435000,106,Insert,a,107,"Dnes som pisala svoju diplomovu pracu na temu metodika klavirna a pisala som cely den, aj ked spalo moje ma"
qHMPVSZeEOVJeANy4PmaCi0s1LX2,2,1771268597235838000,1771268597231549000,107,Insert,l,108,"Dnes som pisala svoju diplomovu pracu na temu metodika klavirna a pisala som cely den, aj ked spalo moje mal"
qHMPVSZeEOVJeANy4PmaCi0s1LX2,2,1771268597443614000,1771268597437024000,108,Insert,e,109,"Dnes som pisala svoju diplomovu pracu na temu metodika klavirna a pisala som cely den, aj ked spalo moje male"
qHMPVSZeEOVJeANy4PmaCi0s1LX2,2,1771268597561815000,1771268597557436000,109,Insert, ,110,"Dnes som pisala svoju diplomovu pracu na temu metodika klavirna a pisala som cely den, aj ked spalo moje male "
qHMPVSZeEOVJeANy4PmaCi0s1LX2,2,1771268597740941000,1771268597734229000,110,Insert,d,111,"Dnes som pisala svoju diplomovu pracu na temu metodika klavirna a pisala som cely den, aj ked spalo moje male d"
qHMPVSZeEOVJeANy4PmaCi0s1LX2,2,1771268597922011000,1771268597917094000,111,Insert,i,112,"Dnes som pisala svoju diplomovu pracu na temu metodika klavirna a pisala som cely den, aj ked spalo moje male di"
qHMPVSZeEOVJeANy4PmaCi0s1LX2,2,1771268598066942000,1771268598062647000,112,Insert,e,113,"Dnes som pisala svoju diplomovu pracu na temu metodika klavirna a pisala som cely den, aj ked spalo moje male die"
qHMPVSZeEOVJeANy4PmaCi0s1LX2,2,1771268598204954000,1771268598200617000,113,Insert,t,114,"Dnes som pisala svoju diplomovu pracu na temu metodika klavirna a pisala som cely den, aj ked spalo moje male diet"
qHMPVSZeEOVJeANy4PmaCi0s1LX2,2,1771268598439762000,1771268598431372000,114,Insert,a,115,"Dnes som pisala svoju diplomovu pracu na temu metodika klavirna a pisala som cely den, aj ked spalo moje male dieta"
qHMPVSZeEOVJeANy4PmaCi0s1LX2,2,1771268599492711000,1771268599484012000,115,Insert,",",116,"Dnes som pisala svoju diplomovu pracu na temu metodika klavirna a pisala som cely den, aj ked spalo moje male dieta,"
qHMPVSZeEOVJeANy4PmaCi0s1LX2,2,1771268599614807000,1771268599608586000,116,Insert, ,117,"Dnes som pisala svoju diplomovu pracu na temu metodika klavirna a pisala som cely den, aj ked spalo moje male dieta, "
qHMPVSZeEOVJeANy4PmaCi0s1LX2,2,1771268599871319000,1771268599865359000,117,Insert,a,118,"Dnes som pisala svoju diplomovu pracu na temu metodika klavirna a pisala som cely den, aj ked spalo moje male dieta, a"
qHMPVSZeEOVJeANy4PmaCi0s1LX2,2,1771268599965060000,1771268599960524000,118,Insert,j,119,"Dnes som pisala svoju diplomovu pracu na temu metodika klavirna a pisala som cely den, aj ked spalo moje male dieta, aj"
qHMPVSZeEOVJeANy4PmaCi0s1LX2,2,1771268600232748000,1771268600226763000,119,Insert, ,120,"Dnes som pisala svoju diplomovu pracu na temu metodika klavirna a pisala som cely den, aj ked spalo moje male dieta, aj "
qHMPVSZeEOVJeANy4PmaCi0s1LX2,2,1771268600738268000,1771268600730422000,120,Insert,v,121,"Dnes som pisala svoju diplomovu pracu na temu metodika klavirna a pisala som cely den, aj ked spalo moje male dieta, aj v"
qHMPVSZeEOVJeANy4PmaCi0s1LX2,2,1771268601051839000,1771268601045381000,121,Insert,t,122,"Dnes som pisala svoju diplomovu pracu na temu metodika klavirna a pisala som cely den, aj ked spalo moje male dieta, aj vt"
qHMPVSZeEOVJeANy4PmaCi0s1LX2,2,1771268601262879000,1771268601252591000,122,Insert,e,123,"Dnes som pisala svoju diplomovu pracu na temu metodika klavirna a pisala som cely den, aj ked spalo moje male dieta, aj vte"
qHMPVSZeEOVJeANy4PmaCi0s1LX2,2,1771268601496058000,1771268601487999000,123,Insert,d,124,"Dnes som pisala svoju diplomovu pracu na temu metodika klavirna a pisala som cely den, aj ked spalo moje male dieta, aj vted"
qHMPVSZeEOVJeANy4PmaCi0s1LX2,2,1771268601775751000,1771268601768383000,124,Insert,y,125,"Dnes som pisala svoju diplomovu pracu na temu metodika klavirna a pisala som cely den, aj ked spalo moje male dieta, aj vtedy"
qHMPVSZeEOVJeANy4PmaCi0s1LX2,2,1771268601887531000,1771268601883041000,125,Insert, ,126,"Dnes som pisala svoju diplomovu pracu na temu metodika klavirna a pisala som cely den, aj ked spalo moje male dieta, aj vtedy "
qHMPVSZeEOVJeANy4PmaCi0s1LX2,2,1771268602797019000,1771268602791913000,126,Insert,s,127,"Dnes som pisala svoju diplomovu pracu na temu metodika klavirna a pisala som cely den, aj ked spalo moje male dieta, aj vtedy s"
qHMPVSZeEOVJeANy4PmaCi0s1LX2,2,1771268602924692000,1771268602920104000,127,Insert,o,128,"Dnes som pisala svoju diplomovu pracu na temu metodika klavirna a pisala som cely den, aj ked spalo moje male dieta, aj vtedy so"
qHMPVSZeEOVJeANy4PmaCi0s1LX2,2,1771268603188808000,1771268603180878000,128,Insert,m,129,"Dnes som pisala svoju diplomovu pracu na temu metodika klavirna a pisala som cely den, aj ked spalo moje male dieta, aj vtedy som"
qHMPVSZeEOVJeANy4PmaCi0s1LX2,2,1771268603388500000,1771268603380606000,129,Insert, ,130,"Dnes som pisala svoju diplomovu pracu na temu metodika klavirna a pisala som cely den, aj ked spalo moje male dieta, aj vtedy som "
qHMPVSZeEOVJeANy4PmaCi0s1LX2,2,1771268603778636000,1771268603775586000,130,Insert,p,131,"Dnes som pisala svoju diplomovu pracu na temu metodika klavirna a pisala som cely den, aj ked spalo moje male dieta, aj vtedy som p"
qHMPVSZeEOVJeANy4PmaCi0s1LX2,2,1771268604533718000,1771268604526202000,131,Insert,i,132,"Dnes som pisala svoju diplomovu pracu na temu metodika klavirna a pisala som cely den, aj ked spalo moje male dieta, aj vtedy som pi"
qHMPVSZeEOVJeANy4PmaCi0s1LX2,2,1771268604872600000,1771268604861091000,132,Insert,s,133,"Dnes som pisala svoju diplomovu pracu na temu metodika klavirna a pisala som cely den, aj ked spalo moje male dieta, aj vtedy som pis"
qHMPVSZeEOVJeANy4PmaCi0s1LX2,2,1771268605191404000,1771268605183122000,133,Insert,a,134,"Dnes som pisala svoju diplomovu pracu na temu metodika klavirna a pisala som cely den, aj ked spalo moje male dieta, aj vtedy som pisa"
qHMPVSZeEOVJeANy4PmaCi0s1LX2,2,1771268605382014000,1771268605375477000,134,Insert,l,135,"Dnes som pisala svoju diplomovu pracu na temu metodika klavirna a pisala som cely den, aj ked spalo moje male dieta, aj vtedy som pisal"
qHMPVSZeEOVJeANy4PmaCi0s1LX2,2,1771268605585424000,1771268605577116000,135,Insert,a,136,"Dnes som pisala svoju diplomovu pracu na temu metodika klavirna a pisala som cely den, aj ked spalo moje male dieta, aj vtedy som pisala"
qHMPVSZeEOVJeANy4PmaCi0s1LX2,2,1771268606813069000,1771268606800089000,136,Insert,.,137,"Dnes som pisala svoju diplomovu pracu na temu metodika klavirna a pisala som cely den, aj ked spalo moje male dieta, aj vtedy som pisala."
qHMPVSZeEOVJeANy4PmaCi0s1LX2,3,1771268608214383000,1771268608210225000,0,Insert,D,1,D
qHMPVSZeEOVJeANy4PmaCi0s1LX2,3,1771268608491772000,1771268608485667000,1,Insert,n,2,Dn
qHMPVSZeEOVJeANy4PmaCi0s1LX2,3,1771268608610570000,1771268608606739000,2,Insert,e,3,Dne
qHMPVSZeEOVJeANy4PmaCi0s1LX2,3,1771268608838352000,1771268608831965000,3,Insert,s,4,Dnes
qHMPVSZeEOVJeANy4PmaCi0s1LX2,3,1771268608945568000,1771268608941603000,4,Insert, ,5,Dnes 
qHMPVSZeEOVJeANy4PmaCi0s1LX2,3,1771268610435022000,1771268610427818000,5,Insert,s,6,Dnes s
qHMPVSZeEOVJeANy4PmaCi0s1LX2,3,1771268610550986000,1771268610547024000,6,Insert,o,7,Dnes so
qHMPVSZeEOVJeANy4PmaCi0s1LX2,3,1771268610791527000,1771268610784180000,7,Insert,m,8,Dnes som
qHMPVSZeEOVJeANy4PmaCi0s1LX2,3,1771268611009433000,1771268611002804000,8,Insert, ,9,Dnes som 
qHMPVSZeEOVJeANy4PmaCi0s1LX2,3,1771268611604677000,1771268611595623000,9,Insert,p,10,Dnes som p
qHMPVSZeEOVJeANy4PmaCi0s1LX2,3,1771268611830165000,1771268611823739000,10,Insert,i,11,Dnes som pi
qHMPVSZeEOVJeANy4PmaCi0s1LX2,3,1771268612153974000,1771268612148404000,11,Insert,s,12,Dnes som pis
qHMPVSZeEOVJeANy4PmaCi0s1LX2,3,1771268615477336000,1771268615469465000,12,Insert,a,13,Dnes som pisa
qHMPVSZeEOVJeANy4PmaCi0s1LX2,3,1771268616000600000,1771268615992625000,13,Insert,l,14,Dnes som pisal
qHMPVSZeEOVJeANy4PmaCi0s1LX2,3,1771268616287314000,1771268616278236000,14,Insert,a,15,Dnes som pisala
qHMPVSZeEOVJeANy4PmaCi0s1LX2,3,1771268616455693000,1771268616450169000,15,Insert, ,16,Dnes som pisala 
qHMPVSZeEOVJeANy4PmaCi0s1LX2,3,1771268617487392000,1771268617481973000,16,Insert,s,17,Dnes som pisala s
qHMPVSZeEOVJeANy4PmaCi0s1LX2,3,1771268617641939000,1771268617637689000,17,Insert,v,18,Dnes som pisala sv
qHMPVSZeEOVJeANy4PmaCi0s1LX2,3,1771268617861073000,1771268617854789000,18,Insert,o,19,Dnes som pisala svo
qHMPVSZeEOVJeANy4PmaCi0s1LX2,3,1771268618016429000,1771268618011162000,19,Insert,j,20,Dnes som pisala svoj
qHMPVSZeEOVJeANy4PmaCi0s1LX2,3,1771268618181271000,1771268618174866000,20,Insert,u,21,Dnes som pisala svoju
qHMPVSZeEOVJeANy4PmaCi0s1LX2,3,1771268618402149000,1771268618394180000,21,Insert, ,22,Dnes som pisala svoju 
qHMPVSZeEOVJeANy4PmaCi0s1LX2,3,1771268619623903000,1771268619616181000,22,Insert,d,23,Dnes som pisala svoju d
qHMPVSZeEOVJeANy4PmaCi0s1LX2,3,1771268619787984000,1771268619783741000,23,Insert,i,24,Dnes som pisala svoju di
qHMPVSZeEOVJeANy4PmaCi0s1LX2,3,1771268620055534000,1771268620048443000,24,Insert,p,25,Dnes som pisala svoju dip
qHMPVSZeEOVJeANy4PmaCi0s1LX2,3,1771268621005688000,1771268620997403000,25,Insert,l,26,Dnes som pisala svoju dipl
qHMPVSZeEOVJeANy4PmaCi0s1LX2,3,1771268621209569000,1771268621201913000,26,Insert,o,27,Dnes som pisala svoju diplo
qHMPVSZeEOVJeANy4PmaCi0s1LX2,3,1771268621458359000,1771268621449990000,27,Insert,m,28,Dnes som pisala svoju diplom
qHMPVSZeEOVJeANy4PmaCi0s1LX2,3,1771268621636105000,1771268621632298000,28,Insert,o,29,Dnes som pisala svoju diplomo
qHMPVSZeEOVJeANy4PmaCi0s1LX2,3,1771268621900568000,1771268621893105000,29,Insert,v,30,Dnes som pisala svoju diplomov
qHMPVSZeEOVJeANy4PmaCi0s1LX2,3,1771268622135959000,1771268622129267000,30,Insert,u,31,Dnes som pisala svoju diplomovu
qHMPVSZeEOVJeANy4PmaCi0s1LX2,3,1771268622464228000,1771268622456709000,31,Insert, ,32,Dnes som pisala svoju diplomovu 
qHMPVSZeEOVJeANy4PmaCi0s1LX2,3,1771268622811647000,1771268622803117000,32,Insert,p,33,Dnes som pisala svoju diplomovu p
qHMPVSZeEOVJeANy4PmaCi0s1LX2,3,1771268623183943000,1771268623178812000,33,Insert,r,34,Dnes som pisala svoju diplomovu pr
qHMPVSZeEOVJeANy4PmaCi0s1LX2,3,1771268623380249000,1771268623375459000,34,Insert,a,35,Dnes som pisala svoju diplomovu pra
qHMPVSZeEOVJeANy4PmaCi0s1LX2,3,1771268623480342000,1771268623475611000,35,Insert,c,36,Dnes som pisala svoju diplomovu prac
qHMPVSZeEOVJeANy4PmaCi0s1LX2,3,1771268623810693000,1771268623804307000,36,Insert,u,37,Dnes som pisala svoju diplomovu pracu
qHMPVSZeEOVJeANy4PmaCi0s1LX2,3,1771268624105039000,1771268624096007000,37,Insert, ,38,Dnes som pisala svoju diplomovu pracu 
qHMPVSZeEOVJeANy4PmaCi0s1LX2,3,1771268624478522000,1771268624472140000,38,Insert,n,39,Dnes som pisala svoju diplomovu pracu n
qHMPVSZeEOVJeANy4PmaCi0s1LX2,3,1771268624618020000,1771268624612946000,39,Insert,a,40,Dnes som pisala svoju diplomovu pracu na
qHMPVSZeEOVJeANy4PmaCi0s1LX2,3,1771268624686886000,1771268624681961000,40,Insert, ,41,Dnes som pisala svoju diplomovu pracu na 
qHMPVSZeEOVJeANy4PmaCi0s1LX2,3,1771268624928491000,1771268624919693000,41,Insert,t,42,Dnes som pisala svoju diplomovu pracu na t
qHMPVSZeEOVJeANy4PmaCi0s1LX2,3,1771268625101418000,1771268625097084000,42,Insert,e,43,Dnes som pisala svoju diplomovu pracu na te
qHMPVSZeEOVJeANy4PmaCi0s1LX2,3,1771268625218932000,1771268625211759000,43,Insert,m,44,Dnes som pisala svoju diplomovu pracu na tem
qHMPVSZeEOVJeANy4PmaCi0s1LX2,3,1771268625421080000,1771268625417103000,44,Insert,u,45,Dnes som pisala svoju diplomovu pracu na temu
qHMPVSZeEOVJeANy4PmaCi0s1LX2,3,1771268625661673000,1771268625647606000,45,Insert, ,46,Dnes som pisala svoju diplomovu pracu na temu 
qHMPVSZeEOVJeANy4PmaCi0s1LX2,3,1771268627194872000,1771268627190840000,46,Insert,m,47,Dnes som pisala svoju diplomovu pracu na temu m
qHMPVSZeEOVJeANy4PmaCi0s1LX2,3,1771268627424886000,1771268627414565000,47,Insert,e,48,Dnes som pisala svoju diplomovu pracu na temu me
qHMPVSZeEOVJeANy4PmaCi0s1LX2,3,1771268627646064000,1771268627637591000,48,Insert,t,49,Dnes som pisala svoju diplomovu pracu na temu met
qHMPVSZeEOVJeANy4PmaCi0s1LX2,3,1771268627887832000,1771268627881543000,49,Insert,o,50,Dnes som pisala svoju diplomovu pracu na temu meto
qHMPVSZeEOVJeANy4PmaCi0s1LX2,3,1771268628002882000,1771268627997013000,50,Insert,d,51,Dnes som pisala svoju diplomovu pracu na temu metod
qHMPVSZeEOVJeANy4PmaCi0s1LX2,3,1771268628077946000,1771268628067577000,51,Insert,i,52,Dnes som pisala svoju diplomovu pracu na temu metodi
qHMPVSZeEOVJeANy4PmaCi0s1LX2,3,1771268628282159000,1771268628275860000,52,Insert,k,53,Dnes som pisala svoju diplomovu pracu na temu metodik
qHMPVSZeEOVJeANy4PmaCi0s1LX2,3,1771268628593379000,1771268628585297000,53,Insert,a,54,Dnes som pisala svoju diplomovu pracu na temu metodika
qHMPVSZeEOVJeANy4PmaCi0s1LX2,3,1771268629556374000,1771268629544380000,54,Insert, ,55,Dnes som pisala svoju diplomovu pracu na temu metodika 
qHMPVSZeEOVJeANy4PmaCi0s1LX2,3,1771268630333704000,1771268630327086000,55,Insert,k,56,Dnes som pisala svoju diplomovu pracu na temu metodika k
qHMPVSZeEOVJeANy4PmaCi0s1LX2,3,1771268630603278000,1771268630596653000,56,Insert,l,57,Dnes som pisala svoju diplomovu pracu na temu metodika kl
qHMPVSZeEOVJeANy4PmaCi0s1LX2,3,1771268630830784000,1771268630820888000,57,Insert,a,58,Dnes som pisala svoju diplomovu pracu na temu metodika kla
qHMPVSZeEOVJeANy4PmaCi0s1LX2,3,1771268630958257000,1771268630953508000,58,Insert,v,59,Dnes som pisala svoju diplomovu pracu na temu metodika klav
qHMPVSZeEOVJeANy4PmaCi0s1LX2,3,1771268631202234000,1771268631195047000,59,Insert,i,60,Dnes som pisala svoju diplomovu pracu na temu metodika klavi
qHMPVSZeEOVJeANy4PmaCi0s1LX2,3,1771268632385365000,1771268632376066000,60,Insert,r,61,Dnes som pisala svoju diplomovu pracu na temu metodika klavir
qHMPVSZeEOVJeANy4PmaCi0s1LX2,3,1771268632775151000,1771268632766525000,61,Insert,n,62,Dnes som pisala svoju diplomovu pracu na temu metodika klavirn
qHMPVSZeEOVJeANy4PmaCi0s1LX2,3,1771268632969006000,1771268632961364000,62,Insert,a,63,Dnes som pisala svoju diplomovu pracu na temu metodika klavirna
qHMPVSZeEOVJeANy4PmaCi0s1LX2,3,1771268633093809000,1771268633088690000,63,Insert, ,64,Dnes som pisala svoju diplomovu pracu na temu metodika klavirna 
qHMPVSZeEOVJeANy4PmaCi0s1LX2,3,1771268633933672000,1771268633922315000,64,Insert,a,65,Dnes som pisala svoju diplomovu pracu na temu metodika klavirna a
qHMPVSZeEOVJeANy4PmaCi0s1LX2,3,1771268634058267000,1771268634052553000,65,Insert, ,66,Dnes som pisala svoju diplomovu pracu na temu metodika klavirna a 
qHMPVSZeEOVJeANy4PmaCi0s1LX2,3,1771268634375848000,1771268634368198000,66,Insert,p,67,Dnes som pisala svoju diplomovu pracu na temu metodika klavirna a p
qHMPVSZeEOVJeANy4PmaCi0s1LX2,3,1771268634591695000,1771268634584825000,67,Insert,i,68,Dnes som pisala svoju diplomovu pracu na temu metodika klavirna a pi
qHMPVSZeEOVJeANy4PmaCi0s1LX2,3,1771268634963457000,1771268634956988000,68,Insert,s,69,Dnes som pisala svoju diplomovu pracu na temu metodika klavirna a pis
qHMPVSZeEOVJeANy4PmaCi0s1LX2,3,1771268635318714000,1771268635308354000,69,Insert,a,70,Dnes som pisala svoju diplomovu pracu na temu metodika klavirna a pisa
qHMPVSZeEOVJeANy4PmaCi0s1LX2,3,1771268635587744000,1771268635580831000,70,Insert,l,71,Dnes som pisala svoju diplomovu pracu na temu metodika klavirna a pisal
qHMPVSZeEOVJeANy4PmaCi0s1LX2,3,1771268635764570000,1771268635759082000,71,Insert,a,72,Dnes som pisala svoju diplomovu pracu na temu metodika klavirna a pisala
qHMPVSZeEOVJeANy4PmaCi0s1LX2,3,1771268635987804000,1771268635980654000,72,Insert, ,73,Dnes som pisala svoju diplomovu pracu na temu metodika klavirna a pisala 
qHMPVSZeEOVJeANy4PmaCi0s1LX2,3,1771268636210589000,1771268636200327000,73,Insert,s,74,Dnes som pisala svoju diplomovu pracu na temu metodika klavirna a pisala s
qHMPVSZeEOVJeANy4PmaCi0s1LX2,3,1771268636319775000,1771268636315812000,74,Insert,o,75,Dnes som pisala svoju diplomovu pracu na temu metodika klavirna a pisala so
qHMPVSZeEOVJeANy4PmaCi0s1LX2,3,1771268636618315000,1771268636611317000,75,Insert,m,76,Dnes som pisala svoju diplomovu pracu na temu metodika klavirna a pisala som
qHMPVSZeEOVJeANy4PmaCi0s1LX2,3,1771268636825806000,1771268636818938000,76,Insert, ,77,Dnes som pisala svoju diplomovu pracu na temu metodika klavirna a pisala som 
qHMPVSZeEOVJeANy4PmaCi0s1LX2,3,1771268637151277000,1771268637145280000,77,Insert,c,78,Dnes som pisala svoju diplomovu pracu na temu metodika klavirna a pisala som c
qHMPVSZeEOVJeANy4PmaCi0s1LX2,3,1771268637335068000,1771268637321130000,78,Insert,e,79,Dnes som pisala svoju diplomovu pracu na temu metodika klavirna a pisala som ce
qHMPVSZeEOVJeANy4PmaCi0s1LX2,3,1771268637422862000,1771268637418299000,79,Insert,l,80,Dnes som pisala svoju diplomovu pracu na temu metodika klavirna a pisala som cel
qHMPVSZeEOVJeANy4PmaCi0s1LX2,3,1771268637915909000,1771268637910762000,80,Insert,y,81,Dnes som pisala svoju diplomovu pracu na temu metodika klavirna a pisala som cely
qHMPVSZeEOVJeANy4PmaCi0s1LX2,3,1771268638013193000,1771268638007639000,81,Insert, ,82,Dnes som pisala svoju diplomovu pracu na temu metodika klavirna a pisala som cely 
qHMPVSZeEOVJeANy4PmaCi0s1LX2,3,1771268638229393000,1771268638224756000,82,Insert,d,83,Dnes som pisala svoju diplomovu pracu na temu metodika klavirna a pisala som cely d
qHMPVSZeEOVJeANy4PmaCi0s1LX2,3,1771268638468262000,1771268638461805000,83,Insert,e,84,Dnes som pisala svoju diplomovu pracu na temu metodika klavirna a pisala som cely de
qHMPVSZeEOVJeANy4PmaCi0s1LX2,3,1771268638719912000,1771268638711242000,84,Insert,n,85,Dnes som pisala svoju diplomovu pracu na temu metodika klavirna a pisala som cely den
qHMPVSZeEOVJeANy4PmaCi0s1LX2,3,1771268639704758000,1771268639690124000,85,Insert,",",86,"Dnes som pisala svoju diplomovu pracu na temu metodika klavirna a pisala som cely den,"
qHMPVSZeEOVJeANy4PmaCi0s1LX2,3,1771268639831941000,1771268639826308000,86,Insert, ,87,"Dnes som pisala svoju diplomovu pracu na temu metodika klavirna a pisala som cely den, "
qHMPVSZeEOVJeANy4PmaCi0s1LX2,3,1771268640070435000,1771268640062993000,87,Insert,a,88,"Dnes som pisala svoju diplomovu pracu na temu metodika klavirna a pisala som cely den, a"
qHMPVSZeEOVJeANy4PmaCi0s1LX2,3,1771268640182687000,1771268640177925000,88,Insert,j,89,"Dnes som pisala svoju diplomovu pracu na temu metodika klavirna a pisala som cely den, aj"
qHMPVSZeEOVJeANy4PmaCi0s1LX2,3,1771268640398764000,1771268640390612000,89,Insert, ,90,"Dnes som pisala svoju diplomovu pracu na temu metodika klavirna a pisala som cely den, aj "
qHMPVSZeEOVJeANy4PmaCi0s1LX2,3,1771268640623992000,1771268640617516000,90,Insert,k,91,"Dnes som pisala svoju diplomovu pracu na temu metodika klavirna a pisala som cely den, aj k"
qHMPVSZeEOVJeANy4PmaCi0s1LX2,3,1771268640784980000,1771268640780857000,91,Insert,e,92,"Dnes som pisala svoju diplomovu pracu na temu metodika klavirna a pisala som cely den, aj ke"
qHMPVSZeEOVJeANy4PmaCi0s1LX2,3,1771268641010284000,1771268641005334000,92,Insert,d,93,"Dnes som pisala svoju diplomovu pracu na temu metodika klavirna a pisala som cely den, aj ked"
qHMPVSZeEOVJeANy4PmaCi0s1LX2,3,1771268641125515000,1771268641120968000,93,Insert, ,94,"Dnes som pisala svoju diplomovu pracu na temu metodika klavirna a pisala som cely den, aj ked "
qHMPVSZeEOVJeANy4PmaCi0s1LX2,3,1771268641359745000,1771268641351851000,94,Insert,s,95,"Dnes som pisala svoju diplomovu pracu na temu metodika klavirna a pisala som cely den, aj ked s"
qHMPVSZeEOVJeANy4PmaCi0s1LX2,3,1771268641637237000,1771268641629498000,95,Insert,p,96,"Dnes som pisala svoju diplomovu pracu na temu metodika klavirna a pisala som cely den, aj ked sp"
qHMPVSZeEOVJeANy4PmaCi0s1LX2,3,1771268641991184000,1771268641983610000,96,Insert,a,97,"Dnes som pisala svoju diplomovu pracu na temu metodika klavirna a pisala som cely den, aj ked spa"
qHMPVSZeEOVJeANy4PmaCi0s1LX2,3,1771268642404448000,1771268642400077000,97,Insert,l,98,"Dnes som pisala svoju diplomovu pracu na temu metodika klavirna a pisala som cely den, aj ked spal"
qHMPVSZeEOVJeANy4PmaCi0s1LX2,3,1771268642659309000,1771268642650145000,98,Insert,o,99,"Dnes som pisala svoju diplomovu pracu na temu metodika klavirna a pisala som cely den, aj ked spalo"
qHMPVSZeEOVJeANy4PmaCi0s1LX2,3,1771268642866089000,1771268642861841000,99,Insert, ,100,"Dnes som pisala svoju diplomovu pracu na temu metodika klavirna a pisala som cely den, aj ked spalo "
qHMPVSZeEOVJeANy4PmaCi0s1LX2,3,1771268643048628000,1771268643044328000,100,Insert,m,101,"Dnes som pisala svoju diplomovu pracu na temu metodika klavirna a pisala som cely den, aj ked spalo m"
qHMPVSZeEOVJeANy4PmaCi0s1LX2,3,1771268643231928000,1771268643226136000,101,Insert,o,102,"Dnes som pisala svoju diplomovu pracu na temu metodika klavirna a pisala som cely den, aj ked spalo mo"
qHMPVSZeEOVJeANy4PmaCi0s1LX2,3,1771268643424788000,1771268643420508000,102,Insert,j,103,"Dnes som pisala svoju diplomovu pracu na temu metodika klavirna a pisala som cely den, aj ked spalo moj"
qHMPVSZeEOVJeANy4PmaCi0s1LX2,3,1771268643606650000,1771268643602367000,103,Insert,e,104,"Dnes som pisala svoju diplomovu pracu na temu metodika klavirna a pisala som cely den, aj ked spalo moje"
qHMPVSZeEOVJeANy4PmaCi0s1LX2,3,1771268643764642000,1771268643760098000,104,Insert, ,105,"Dnes som pisala svoju diplomovu pracu na temu metodika klavirna a pisala som cely den, aj ked spalo moje "
qHMPVSZeEOVJeANy4PmaCi0s1LX2,3,1771268644789584000,1771268644780964000,105,Insert,m,106,"Dnes som pisala svoju diplomovu pracu na temu metodika klavirna a pisala som cely den, aj ked spalo moje m"
qHMPVSZeEOVJeANy4PmaCi0s1LX2,3,1771268644974222000,1771268644968016000,106,Insert,a,107,"Dnes som pisala svoju diplomovu pracu na temu metodika klavirna a pisala som cely den, aj ked spalo moje ma"
qHMPVSZeEOVJeANy4PmaCi0s1LX2,3,1771268645100825000,1771268645095494000,107,Insert,l,108,"Dnes som pisala svoju diplomovu pracu na temu metodika klavirna a pisala som cely den, aj ked spalo moje mal"
qHMPVSZeEOVJeANy4PmaCi0s1LX2,3,1771268645269898000,1771268645265499000,108,Insert,e,109,"Dnes som pisala svoju diplomovu pracu na temu metodika klavirna a pisala som cely den, aj ked spalo moje male"
qHMPVSZeEOVJeANy4PmaCi0s1LX2,3,1771268645372819000,1771268645367088000,109,Insert, ,110,"Dnes som pisala svoju diplomovu pracu na temu metodika klavirna a pisala som cely den, aj ked spalo moje male "
qHMPVSZeEOVJeANy4PmaCi0s1LX2,3,1771268645569893000,1771268645561026000,110,Insert,d,111,"Dnes som pisala svoju diplomovu pracu na temu metodika klavirna a pisala som cely den, aj ked spalo moje male d"
qHMPVSZeEOVJeANy4PmaCi0s1LX2,3,1771268645705522000,1771268645700007000,111,Insert,i,112,"Dnes som pisala svoju diplomovu pracu na temu metodika klavirna a pisala som cely den, aj ked spalo moje male di"
qHMPVSZeEOVJeANy4PmaCi0s1LX2,3,1771268645828040000,1771268645823846000,112,Insert,e,113,"Dnes som pisala svoju diplomovu pracu na temu metodika klavirna a pisala som cely den, aj ked spalo moje male die"
qHMPVSZeEOVJeANy4PmaCi0s1LX2,3,1771268645999511000,1771268645993550000,113,Insert,t,114,"Dnes som pisala svoju diplomovu pracu na temu metodika klavirna a pisala som cely den, aj ked spalo moje male diet"
qHMPVSZeEOVJeANy4PmaCi0s1LX2,3,1771268646173943000,1771268646168539000,114,Insert,a,115,"Dnes som pisala svoju diplomovu pracu na temu metodika klavirna a pisala som cely den, aj ked spalo moje male dieta"
qHMPVSZeEOVJeANy4PmaCi0s1LX2,3,1771268647280195000,1771268647273994000,115,Insert,",",116,"Dnes som pisala svoju diplomovu pracu na temu metodika klavirna a pisala som cely den, aj ked spalo moje male dieta,"
qHMPVSZeEOVJeANy4PmaCi0s1LX2,3,1771268647400101000,1771268647394576000,116,Insert, ,117,"Dnes som pisala svoju diplomovu pracu na temu metodika klavirna a pisala som cely den, aj ked spalo moje male dieta, "
qHMPVSZeEOVJeANy4PmaCi0s1LX2,3,1771268647705109000,1771268647692757000,117,Insert,a,118,"Dnes som pisala svoju diplomovu pracu na temu metodika klavirna a pisala som cely den, aj ked spalo moje male dieta, a"
qHMPVSZeEOVJeANy4PmaCi0s1LX2,3,1771268647825271000,1771268647819568000,118,Insert,j,119,"Dnes som pisala svoju diplomovu pracu na temu metodika klavirna a pisala som cely den, aj ked spalo moje male dieta, aj"
qHMPVSZeEOVJeANy4PmaCi0s1LX2,3,1771268648046079000,1771268648037710000,119,Insert, ,120,"Dnes som pisala svoju diplomovu pracu na temu metodika klavirna a pisala som cely den, aj ked spalo moje male dieta, aj "
qHMPVSZeEOVJeANy4PmaCi0s1LX2,3,1771268648625469000,1771268648619361000,120,Insert,v,121,"Dnes som pisala svoju diplomovu pracu na temu metodika klavirna a pisala som cely den, aj ked spalo moje male dieta, aj v"
qHMPVSZeEOVJeANy4PmaCi0s1LX2,3,1771268648916721000,1771268648909952000,121,Insert,t,122,"Dnes som pisala svoju diplomovu pracu na temu metodika klavirna a pisala som cely den, aj ked spalo moje male dieta, aj vt"
qHMPVSZeEOVJeANy4PmaCi0s1LX2,3,1771268649111799000,1771268649107322000,122,Insert,e,123,"Dnes som pisala svoju diplomovu pracu na temu metodika klavirna a pisala som cely den, aj ked spalo moje male dieta, aj vte"
qHMPVSZeEOVJeANy4PmaCi0s1LX2,3,1771268649391884000,1771268649381422000,123,Insert,d,124,"Dnes som pisala svoju diplomovu pracu na temu metodika klavirna a pisala som cely den, aj ked spalo moje male dieta, aj vted"
qHMPVSZeEOVJeANy4PmaCi0s1LX2,3,1771268649717375000,1771268649707588000,124,Insert,y,125,"Dnes som pisala svoju diplomovu pracu na temu metodika klavirna a pisala som cely den, aj ked spalo moje male dieta, aj vtedy"
qHMPVSZeEOVJeANy4PmaCi0s1LX2,3,1771268649917119000,1771268649912065000,125,Insert, ,126,"Dnes som pisala svoju diplomovu pracu na temu metodika klavirna a pisala som cely den, aj ked spalo moje male dieta, aj vtedy "
qHMPVSZeEOVJeANy4PmaCi0s1LX2,3,1771268650845320000,1771268650837123000,126,Insert,s,127,"Dnes som pisala svoju diplomovu pracu na temu metodika klavirna a pisala som cely den, aj ked spalo moje male dieta, aj vtedy s"
qHMPVSZeEOVJeANy4PmaCi0s1LX2,3,1771268650982235000,1771268650972596000,127,Insert,o,128,"Dnes som pisala svoju diplomovu pracu na temu metodika klavirna a pisala som cely den, aj ked spalo moje male dieta, aj vtedy so"
qHMPVSZeEOVJeANy4PmaCi0s1LX2,3,1771268651232427000,1771268651228258000,128,Insert,m,129,"Dnes som pisala svoju diplomovu pracu na temu metodika klavirna a pisala som cely den, aj ked spalo moje male dieta, aj vtedy som"
qHMPVSZeEOVJeANy4PmaCi0s1LX2,3,1771268651415611000,1771268651410106000,129,Insert, ,130,"Dnes som pisala svoju diplomovu pracu na temu metodika klavirna a pisala som cely den, aj ked spalo moje male dieta, aj vtedy som "
qHMPVSZeEOVJeANy4PmaCi0s1LX2,3,1771268651883025000,1771268651875949000,130,Insert,p,131,"Dnes som pisala svoju diplomovu pracu na temu metodika klavirna a pisala som cely den, aj ked spalo moje male dieta, aj vtedy som p"
qHMPVSZeEOVJeANy4PmaCi0s1LX2,3,1771268652136192000,1771268652131943000,131,Insert,i,132,"Dnes som pisala svoju diplomovu pracu na temu metodika klavirna a pisala som cely den, aj ked spalo moje male dieta, aj vtedy som pi"
qHMPVSZeEOVJeANy4PmaCi0s1LX2,3,1771268652491071000,1771268652484253000,132,Insert,s,133,"Dnes som pisala svoju diplomovu pracu na temu metodika klavirna a pisala som cely den, aj ked spalo moje male dieta, aj vtedy som pis"
qHMPVSZeEOVJeANy4PmaCi0s1LX2,3,1771268652753892000,1771268652749483000,133,Insert,a,134,"Dnes som pisala svoju diplomovu pracu na temu metodika klavirna a pisala som cely den, aj ked spalo moje male dieta, aj vtedy som pisa"
qHMPVSZeEOVJeANy4PmaCi0s1LX2,3,1771268652870179000,1771268652865654000,134,Insert,l,135,"Dnes som pisala svoju diplomovu pracu na temu metodika klavirna a pisala som cely den, aj ked spalo moje male dieta, aj vtedy som pisal"
qHMPVSZeEOVJeANy4PmaCi0s1LX2,3,1771268653024573000,1771268653020079000,135,Insert,a,136,"Dnes som pisala svoju diplomovu pracu na temu metodika klavirna a pisala som cely den, aj ked spalo moje male dieta, aj vtedy som pisala"
qHMPVSZeEOVJeANy4PmaCi0s1LX2,3,1771268653602736000,1771268653593229000,136,Insert, ,137,"Dnes som pisala svoju diplomovu pracu na temu metodika klavirna a pisala som cely den, aj ked spalo moje male dieta, aj vtedy som pisala "
qHMPVSZeEOVJeANy4PmaCi0s1LX2,3,1771268655100712000,1771268655095940000,137,Delete, ,136,"Dnes som pisala svoju diplomovu pracu na temu metodika klavirna a pisala som cely den, aj ked spalo moje male dieta, aj vtedy som pisala"
qHMPVSZeEOVJeANy4PmaCi0s1LX2,3,1771268655344895000,1771268655335829000,136,Insert,.,137,"Dnes som pisala svoju diplomovu pracu na temu metodika klavirna a pisala som cely den, aj ked spalo moje male dieta, aj vtedy som pisala."
qHMPVSZeEOVJeANy4PmaCi0s1LX2,4,1771268656957898000,1771268656953522000,0,Insert,D,1,D
qHMPVSZeEOVJeANy4PmaCi0s1LX2,4,1771268657068257000,1771268657064481000,1,Insert,n,2,Dn
qHMPVSZeEOVJeANy4PmaCi0s1LX2,4,1771268657169883000,1771268657165976000,2,Insert,e,3,Dne
qHMPVSZeEOVJeANy4PmaCi0s1LX2,4,1771268657383150000,1771268657374759000,3,Insert,s,4,Dnes
qHMPVSZeEOVJeANy4PmaCi0s1LX2,4,1771268657431997000,1771268657427954000,4,Insert, ,5,Dnes 
qHMPVSZeEOVJeANy4PmaCi0s1LX2,4,1771268657614123000,1771268657609631000,5,Insert,s,6,Dnes s
qHMPVSZeEOVJeANy4PmaCi0s1LX2,4,1771268657739718000,1771268657735691000,6,Insert,o,7,Dnes so
qHMPVSZeEOVJeANy4PmaCi0s1LX2,4,1771268657929917000,1771268657925239000,7,Insert,m,8,Dnes som
qHMPVSZeEOVJeANy4PmaCi0s1LX2,4,1771268658144505000,1771268658137330000,8,Insert, ,9,Dnes som 
qHMPVSZeEOVJeANy4PmaCi0s1LX2,4,1771268658455873000,1771268658452039000,9,Insert,p,10,Dnes som p
qHMPVSZeEOVJeANy4PmaCi0s1LX2,4,1771268658632328000,1771268658628493000,10,Insert,i,11,Dnes som pi
qHMPVSZeEOVJeANy4PmaCi0s1LX2,4,1771268658712440000,1771268658708415000,11,Insert,s,12,Dnes som pis
qHMPVSZeEOVJeANy4PmaCi0s1LX2,4,1771268658958003000,1771268658951064000,12,Insert,a,13,Dnes som pisa
qHMPVSZeEOVJeANy4PmaCi0s1LX2,4,1771268659056814000,1771268659052857000,13,Insert,l,14,Dnes som pisal
qHMPVSZeEOVJeANy4PmaCi0s1LX2,4,1771268659167837000,1771268659163103000,14,Insert,a,15,Dnes som pisala
qHMPVSZeEOVJeANy4PmaCi0s1LX2,4,1771268659300485000,1771268659296354000,15,Insert, ,16,Dnes som pisala 
qHMPVSZeEOVJeANy4PmaCi0s1LX2,4,1771268660034059000,1771268660030202000,16,Insert,s,17,Dnes som pisala s
qHMPVSZeEOVJeANy4PmaCi0s1LX2,4,1771268660222371000,1771268660218537000,17,Insert,v,18,Dnes som pisala sv
qHMPVSZeEOVJeANy4PmaCi0s1LX2,4,1771268660429585000,1771268660425639000,18,Insert,o,19,Dnes som pisala svo
qHMPVSZeEOVJeANy4PmaCi0s1LX2,4,1771268660586978000,1771268660582662000,19,Insert,j,20,Dnes som pisala svoj
qHMPVSZeEOVJeANy4PmaCi0s1LX2,4,1771268660737906000,1771268660734078000,20,Insert,u,21,Dnes som pisala svoju
qHMPVSZeEOVJeANy4PmaCi0s1LX2,4,1771268660986500000,1771268660977445000,21,Insert, ,22,Dnes som pisala svoju 
qHMPVSZeEOVJeANy4PmaCi0s1LX2,4,1771268661746174000,1771268661742361000,22,Insert,d,23,Dnes som pisala svoju d
qHMPVSZeEOVJeANy4PmaCi0s1LX2,4,1771268661897058000,1771268661893235000,23,Insert,i,24,Dnes som pisala svoju di
qHMPVSZeEOVJeANy4PmaCi0s1LX2,4,1771268662110624000,1771268662104033000,24,Insert,p,25,Dnes som pisala svoju dip
qHMPVSZeEOVJeANy4PmaCi0s1LX2,4,1771268662266963000,1771268662262681000,25,Insert,l,26,Dnes som pisala svoju dipl
qHMPVSZeEOVJeANy4PmaCi0s1LX2,4,1771268662425409000,1771268662421399000,26,Insert,o,27,Dnes som pisala svoju diplo
qHMPVSZeEOVJeANy4PmaCi0s1LX2,4,1771268662606648000,1771268662602694000,27,Insert,m,28,Dnes som pisala svoju diplom
qHMPVSZeEOVJeANy4PmaCi0s1LX2,4,1771268662742517000,1771268662736749000,28,Insert,o,29,Dnes som pisala svoju diplomo
qHMPVSZeEOVJeANy4PmaCi0s1LX2,4,1771268662999090000,1771268662991206000,29,Insert,v,30,Dnes som pisala svoju diplomov
qHMPVSZeEOVJeANy4PmaCi0s1LX2,4,1771268663198851000,1771268663191405000,30,Insert,u,31,Dnes som pisala svoju diplomovu
qHMPVSZeEOVJeANy4PmaCi0s1LX2,4,1771268663411924000,1771268663404401000,31,Insert, ,32,Dnes som pisala svoju diplomovu 
qHMPVSZeEOVJeANy4PmaCi0s1LX2,4,1771268663842564000,1771268663833802000,32,Insert,p,33,Dnes som pisala svoju diplomovu p
qHMPVSZeEOVJeANy4PmaCi0s1LX2,4,1771268664219098000,1771268664212197000,33,Insert,r,34,Dnes som pisala svoju diplomovu pr
qHMPVSZeEOVJeANy4PmaCi0s1LX2,4,1771268664437227000,1771268664431040000,34,Insert,a,35,Dnes som pisala svoju diplomovu pra
qHMPVSZeEOVJeANy4PmaCi0s1LX2,4,1771268664514426000,1771268664510462000,35,Insert,c,36,Dnes som pisala svoju diplomovu prac
qHMPVSZeEOVJeANy4PmaCi0s1LX2,4,1771268664940316000,1771268664934183000,36,Insert,u,37,Dnes som pisala svoju diplomovu pracu
qHMPVSZeEOVJeANy4PmaCi0s1LX2,4,1771268666004730000,1771268665995626000,37,Insert, ,38,Dnes som pisala svoju diplomovu pracu 
qHMPVSZeEOVJeANy4PmaCi0s1LX2,4,1771268666313823000,1771268666305792000,38,Insert,n,39,Dnes som pisala svoju diplomovu pracu n
qHMPVSZeEOVJeANy4PmaCi0s1LX2,4,1771268666442285000,1771268666436766000,39,Insert,a,40,Dnes som pisala svoju diplomovu pracu na
qHMPVSZeEOVJeANy4PmaCi0s1LX2,4,1771268666505434000,1771268666501067000,40,Insert, ,41,Dnes som pisala svoju diplomovu pracu na 
qHMPVSZeEOVJeANy4PmaCi0s1LX2,4,1771268666755086000,1771268666747751000,41,Insert,t,42,Dnes som pisala svoju diplomovu pracu na t
qHMPVSZeEOVJeANy4PmaCi0s1LX2,4,1771268666902264000,1771268666893609000,42,Insert,e,43,Dnes som pisala svoju diplomovu pracu na te
qHMPVSZeEOVJeANy4PmaCi0s1LX2,4,1771268667043403000,1771268667039421000,43,Insert,m,44,Dnes som pisala svoju diplomovu pracu na tem
qHMPVSZeEOVJeANy4PmaCi0s1LX2,4,1771268667296882000,1771268667289946000,44,Insert,u,45,Dnes som pisala svoju diplomovu pracu na temu
qHMPVSZeEOVJeANy4PmaCi0s1LX2,4,1771268668451644000,1771268668438161000,45,Insert, ,46,Dnes som pisala svoju diplomovu pracu na temu 
qHMPVSZeEOVJeANy4PmaCi0s1LX2,4,1771268669868339000,1771268669863425000,46,Insert,m,47,Dnes som pisala svoju diplomovu pracu na temu m
qHMPVSZeEOVJeANy4PmaCi0s1LX2,4,1771268670088617000,1771268670080234000,47,Insert,e,48,Dnes som pisala svoju diplomovu pracu na temu me
qHMPVSZeEOVJeANy4PmaCi0s1LX2,4,1771268670248653000,1771268670243339000,48,Insert,t,49,Dnes som pisala svoju diplomovu pracu na temu met
qHMPVSZeEOVJeANy4PmaCi0s1LX2,4,1771268670528442000,1771268670522273000,49,Insert,o,50,Dnes som pisala svoju diplomovu pracu na temu meto
qHMPVSZeEOVJeANy4PmaCi0s1LX2,4,1771268670663623000,1771268670656870000,50,Insert,d,51,Dnes som pisala svoju diplomovu pracu na temu metod
qHMPVSZeEOVJeANy4PmaCi0s1LX2,4,1771268670733620000,1771268670728327000,51,Insert,i,52,Dnes som pisala svoju diplomovu pracu na temu metodi
qHMPVSZeEOVJeANy4PmaCi0s1LX2,4,1771268670910463000,1771268670903209000,52,Insert,k,53,Dnes som pisala svoju diplomovu pracu na temu metodik
qHMPVSZeEOVJeANy4PmaCi0s1LX2,4,1771268671103204000,1771268671097925000,53,Insert,a,54,Dnes som pisala svoju diplomovu pracu na temu metodika
qHMPVSZeEOVJeANy4PmaCi0s1LX2,4,1771268671770337000,1771268671763861000,54,Insert, ,55,Dnes som pisala svoju diplomovu pracu na temu metodika 
qHMPVSZeEOVJeANy4PmaCi0s1LX2,4,1771268672160689000,1771268672153199000,55,Insert,k,56,Dnes som pisala svoju diplomovu pracu na temu metodika k
qHMPVSZeEOVJeANy4PmaCi0s1LX2,4,1771268672388431000,1771268672382015000,56,Insert,l,57,Dnes som pisala svoju diplomovu pracu na temu metodika kl
qHMPVSZeEOVJeANy4PmaCi0s1LX2,4,1771268672532851000,1771268672523408000,57,Insert,a,58,Dnes som pisala svoju diplomovu pracu na temu metodika kla
qHMPVSZeEOVJeANy4PmaCi0s1LX2,4,1771268672643155000,1771268672638655000,58,Insert,v,59,Dnes som pisala svoju diplomovu pracu na temu metodika klav
qHMPVSZeEOVJeANy4PmaCi0s1LX2,4,1771268672860152000,1771268672853144000,59,Insert,i,60,Dnes som pisala svoju diplomovu pracu na temu metodika klavi
qHMPVSZeEOVJeANy4PmaCi0s1LX2,4,1771268673019341000,1771268673009874000,60,Insert,r,61,Dnes som pisala svoju diplomovu pracu na temu metodika klavir
qHMPVSZeEOVJeANy4PmaCi0s1LX2,4,1771268673250744000,1771268673243581000,61,Insert,n,62,Dnes som pisala svoju diplomovu pracu na temu metodika klavirn
qHMPVSZeEOVJeANy4PmaCi0s1LX2,4,1771268673542842000,1771268673536640000,62,Insert,a,63,Dnes som pisala svoju diplomovu pracu na temu metodika klavirna
qHMPVSZeEOVJeANy4PmaCi0s1LX2,4,1771268674242167000,1771268674236232000,63,Insert, ,64,Dnes som pisala svoju diplomovu pracu na temu metodika klavirna 
qHMPVSZeEOVJeANy4PmaCi0s1LX2,4,1771268674560436000,1771268674554239000,64,Insert,a,65,Dnes som pisala svoju diplomovu pracu na temu metodika klavirna a
qHMPVSZeEOVJeANy4PmaCi0s1LX2,4,1771268674865383000,1771268674858190000,65,Insert, ,66,Dnes som pisala svoju diplomovu pracu na temu metodika klavirna a 
qHMPVSZeEOVJeANy4PmaCi0s1LX2,4,1771268675196897000,1771268675191441000,66,Insert,p,67,Dnes som pisala svoju diplomovu pracu na temu metodika klavirna a p
qHMPVSZeEOVJeANy4PmaCi0s1LX2,4,1771268675371376000,1771268675367076000,67,Insert,i,68,Dnes som pisala svoju diplomovu pracu na temu metodika klavirna a pi
qHMPVSZeEOVJeANy4PmaCi0s1LX2,4,1771268675504250000,1771268675500040000,68,Insert,s,69,Dnes som pisala svoju diplomovu pracu na temu metodika klavirna a pis
qHMPVSZeEOVJeANy4PmaCi0s1LX2,4,1771268675767577000,1771268675761107000,69,Insert,a,70,Dnes som pisala svoju diplomovu pracu na temu metodika klavirna a pisa
qHMPVSZeEOVJeANy4PmaCi0s1LX2,4,1771268675924353000,1771268675919537000,70,Insert,l,71,Dnes som pisala svoju diplomovu pracu na temu metodika klavirna a pisal
qHMPVSZeEOVJeANy4PmaCi0s1LX2,4,1771268676073808000,1771268676069824000,71,Insert,a,72,Dnes som pisala svoju diplomovu pracu na temu metodika klavirna a pisala
qHMPVSZeEOVJeANy4PmaCi0s1LX2,4,1771268676565177000,1771268676557361000,72,Insert, ,73,Dnes som pisala svoju diplomovu pracu na temu metodika klavirna a pisala 
qHMPVSZeEOVJeANy4PmaCi0s1LX2,4,1771268676890055000,1771268676883619000,73,Insert,s,74,Dnes som pisala svoju diplomovu pracu na temu metodika klavirna a pisala s
qHMPVSZeEOVJeANy4PmaCi0s1LX2,4,1771268677194247000,1771268677186138000,74,Insert,o,75,Dnes som pisala svoju diplomovu pracu na temu metodika klavirna a pisala so
qHMPVSZeEOVJeANy4PmaCi0s1LX2,4,1771268677666511000,1771268677660009000,75,Insert,m,76,Dnes som pisala svoju diplomovu pracu na temu metodika klavirna a pisala som
qHMPVSZeEOVJeANy4PmaCi0s1LX2,4,1771268677864188000,1771268677859641000,76,Insert, ,77,Dnes som pisala svoju diplomovu pracu na temu metodika klavirna a pisala som 
qHMPVSZeEOVJeANy4PmaCi0s1LX2,4,1771268678121521000,1771268678114811000,77,Insert,c,78,Dnes som pisala svoju diplomovu pracu na temu metodika klavirna a pisala som c
qHMPVSZeEOVJeANy4PmaCi0s1LX2,4,1771268678284350000,1771268678279899000,78,Insert,e,79,Dnes som pisala svoju diplomovu pracu na temu metodika klavirna a pisala som ce
qHMPVSZeEOVJeANy4PmaCi0s1LX2,4,1771268678356034000,1771268678351084000,79,Insert,l,80,Dnes som pisala svoju diplomovu pracu na temu metodika klavirna a pisala som cel
qHMPVSZeEOVJeANy4PmaCi0s1LX2,4,1771268678885997000,1771268678881531000,80,Insert,y,81,Dnes som pisala svoju diplomovu pracu na temu metodika klavirna a pisala som cely
qHMPVSZeEOVJeANy4PmaCi0s1LX2,4,1771268678983379000,1771268678978308000,81,Insert, ,82,Dnes som pisala svoju diplomovu pracu na temu metodika klavirna a pisala som cely 
qHMPVSZeEOVJeANy4PmaCi0s1LX2,4,1771268679872162000,1771268679864563000,82,Insert,d,83,Dnes som pisala svoju diplomovu pracu na temu metodika klavirna a pisala som cely d
qHMPVSZeEOVJeANy4PmaCi0s1LX2,4,1771268680105582000,1771268680099154000,83,Insert,e,84,Dnes som pisala svoju diplomovu pracu na temu metodika klavirna a pisala som cely de
qHMPVSZeEOVJeANy4PmaCi0s1LX2,4,1771268680237218000,1771268680225988000,84,Insert,n,85,Dnes som pisala svoju diplomovu pracu na temu metodika klavirna a pisala som cely den
qHMPVSZeEOVJeANy4PmaCi0s1LX2,4,1771268680540587000,1771268680535912000,85,Insert,",",86,"Dnes som pisala svoju diplomovu pracu na temu metodika klavirna a pisala som cely den,"
qHMPVSZeEOVJeANy4PmaCi0s1LX2,4,1771268680779433000,1771268680771878000,86,Insert, ,87,"Dnes som pisala svoju diplomovu pracu na temu metodika klavirna a pisala som cely den, "
qHMPVSZeEOVJeANy4PmaCi0s1LX2,4,1771268681355571000,1771268681350854000,87,Insert,a,88,"Dnes som pisala svoju diplomovu pracu na temu metodika klavirna a pisala som cely den, a"
qHMPVSZeEOVJeANy4PmaCi0s1LX2,4,1771268681458811000,1771268681453375000,88,Insert,j,89,"Dnes som pisala svoju diplomovu pracu na temu metodika klavirna a pisala som cely den, aj"
qHMPVSZeEOVJeANy4PmaCi0s1LX2,4,1771268681637844000,1771268681629016000,89,Insert, ,90,"Dnes som pisala svoju diplomovu pracu na temu metodika klavirna a pisala som cely den, aj "
qHMPVSZeEOVJeANy4PmaCi0s1LX2,4,1771268681841114000,1771268681828854000,90,Insert,k,91,"Dnes som pisala svoju diplomovu pracu na temu metodika klavirna a pisala som cely den, aj k"
qHMPVSZeEOVJeANy4PmaCi0s1LX2,4,1771268681936789000,1771268681932674000,91,Insert,e,92,"Dnes som pisala svoju diplomovu pracu na temu metodika klavirna a pisala som cely den, aj ke"
qHMPVSZeEOVJeANy4PmaCi0s1LX2,4,1771268682148207000,1771268682143669000,92,Insert,d,93,"Dnes som pisala svoju diplomovu pracu na temu metodika klavirna a pisala som cely den, aj ked"
qHMPVSZeEOVJeANy4PmaCi0s1LX2,4,1771268682257500000,1771268682246783000,93,Insert, ,94,"Dnes som pisala svoju diplomovu pracu na temu metodika klavirna a pisala som cely den, aj ked "
qHMPVSZeEOVJeANy4PmaCi0s1LX2,4,1771268682368358000,1771268682363658000,94,Insert,s,95,"Dnes som pisala svoju diplomovu pracu na temu metodika klavirna a pisala som cely den, aj ked s"
qHMPVSZeEOVJeANy4PmaCi0s1LX2,4,1771268682494944000,1771268682489814000,95,Insert,p,96,"Dnes som pisala svoju diplomovu pracu na temu metodika klavirna a pisala som cely den, aj ked sp"
qHMPVSZeEOVJeANy4PmaCi0s1LX2,4,1771268682633187000,1771268682629070000,96,Insert,l,97,"Dnes som pisala svoju diplomovu pracu na temu metodika klavirna a pisala som cely den, aj ked spl"
qHMPVSZeEOVJeANy4PmaCi0s1LX2,4,1771268682657519000,1771268682654369000,97,Insert,a,98,"Dnes som pisala svoju diplomovu pracu na temu metodika klavirna a pisala som cely den, aj ked spla"
qHMPVSZeEOVJeANy4PmaCi0s1LX2,4,1771268682834860000,1771268682828814000,98,Insert,o,99,"Dnes som pisala svoju diplomovu pracu na temu metodika klavirna a pisala som cely den, aj ked splao"
qHMPVSZeEOVJeANy4PmaCi0s1LX2,4,1771268683029365000,1771268683024768000,99,Insert, ,100,"Dnes som pisala svoju diplomovu pracu na temu metodika klavirna a pisala som cely den, aj ked splao "
qHMPVSZeEOVJeANy4PmaCi0s1LX2,4,1771268683210631000,1771268683205096000,100,Insert,m,101,"Dnes som pisala svoju diplomovu pracu na temu metodika klavirna a pisala som cely den, aj ked splao m"
qHMPVSZeEOVJeANy4PmaCi0s1LX2,4,1771268683375277000,1771268683367164000,101,Insert,o,102,"Dnes som pisala svoju diplomovu pracu na temu metodika klavirna a pisala som cely den, aj ked splao mo"
qHMPVSZeEOVJeANy4PmaCi0s1LX2,4,1771268683543045000,1771268683532959000,102,Insert,j,103,"Dnes som pisala svoju diplomovu pracu na temu metodika klavirna a pisala som cely den, aj ked splao moj"
qHMPVSZeEOVJeANy4PmaCi0s1LX2,4,1771268683657943000,1771268683653878000,103,Insert,e,104,"Dnes som pisala svoju diplomovu pracu na temu metodika klavirna a pisala som cely den, aj ked splao moje"
qHMPVSZeEOVJeANy4PmaCi0s1LX2,4,1771268683762468000,1771268683757672000,104,Insert, ,105,"Dnes som pisala svoju diplomovu pracu na temu metodika klavirna a pisala som cely den, aj ked splao moje "
qHMPVSZeEOVJeANy4PmaCi0s1LX2,4,1771268684001021000,1771268683995496000,105,Insert,m,106,"Dnes som pisala svoju diplomovu pracu na temu metodika klavirna a pisala som cely den, aj ked splao moje m"
qHMPVSZeEOVJeANy4PmaCi0s1LX2,4,1771268685730164000,1771268685703222000,106,Delete,l,105,"Dnes som pisala svoju diplomovu pracu na temu metodika klavirna a pisala som cely den, aj ked spao moje m"
qHMPVSZeEOVJeANy4PmaCi0s1LX2,4,1771268685927308000,1771268685921128000,105,Insert,a,106,"Dnes som pisala svoju diplomovu pracu na temu metodika klavirna a pisala som cely den, aj ked spaao moje m"
qHMPVSZeEOVJeANy4PmaCi0s1LX2,4,1771268687825174000,1771268687801811000,106,Delete,o,105,"Dnes som pisala svoju diplomovu pracu na temu metodika klavirna a pisala som cely den, aj ked spaa moje m"
qHMPVSZeEOVJeANy4PmaCi0s1LX2,4,1771268688035060000,1771268688027592000,105,Delete,a,104,"Dnes som pisala svoju diplomovu pracu na temu metodika klavirna a pisala som cely den, aj ked spa moje m"
qHMPVSZeEOVJeANy4PmaCi0s1LX2,4,1771268688841243000,1771268688833419000,104,Insert,l,105,"Dnes som pisala svoju diplomovu pracu na temu metodika klavirna a pisala som cely den, aj ked spal moje m"
qHMPVSZeEOVJeANy4PmaCi0s1LX2,4,1771268689063019000,1771268689057208000,105,Insert,o,106,"Dnes som pisala svoju diplomovu pracu na temu metodika klavirna a pisala som cely den, aj ked spalo moje m"
qHMPVSZeEOVJeANy4PmaCi0s1LX2,4,1771268692170135000,1771268692143082000,106,Insert,a,107,"Dnes som pisala svoju diplomovu pracu na temu metodika klavirna a pisala som cely den, aj ked spalo moje ma"
qHMPVSZeEOVJeANy4PmaCi0s1LX2,4,1771268692238940000,1771268692234652000,107,Insert,l,108,"Dnes som pisala svoju diplomovu pracu na temu metodika klavirna a pisala som cely den, aj ked spalo moje mal"
qHMPVSZeEOVJeANy4PmaCi0s1LX2,4,1771268692453980000,1771268692448717000,108,Insert,e,109,"Dnes som pisala svoju diplomovu pracu na temu metodika klavirna a pisala som cely den, aj ked spalo moje male"
qHMPVSZeEOVJeANy4PmaCi0s1LX2,4,1771268694535885000,1771268694527705000,109,Insert, ,110,"Dnes som pisala svoju diplomovu pracu na temu metodika klavirna a pisala som cely den, aj ked spalo moje male "
qHMPVSZeEOVJeANy4PmaCi0s1LX2,4,1771268694889802000,1771268694882959000,110,Insert,d,111,"Dnes som pisala svoju diplomovu pracu na temu metodika klavirna a pisala som cely den, aj ked spalo moje male d"
qHMPVSZeEOVJeANy4PmaCi0s1LX2,4,1771268695008260000,1771268695003550000,111,Insert,i,112,"Dnes som pisala svoju diplomovu pracu na temu metodika klavirna a pisala som cely den, aj ked spalo moje male di"
qHMPVSZeEOVJeANy4PmaCi0s1LX2,4,1771268695151427000,1771268695143375000,112,Insert,e,113,"Dnes som pisala svoju diplomovu pracu na temu metodika klavirna a pisala som cely den, aj ked spalo moje male die"
qHMPVSZeEOVJeANy4PmaCi0s1LX2,4,1771268695281096000,1771268695274490000,113,Insert,t,114,"Dnes som pisala svoju diplomovu pracu na temu metodika klavirna a pisala som cely den, aj ked spalo moje male diet"
qHMPVSZeEOVJeANy4PmaCi0s1LX2,4,1771268695492565000,1771268695487348000,114,Insert,a,115,"Dnes som pisala svoju diplomovu pracu na temu metodika klavirna a pisala som cely den, aj ked spalo moje male dieta"
qHMPVSZeEOVJeANy4PmaCi0s1LX2,4,1771268696534998000,1771268696527104000,115,Insert,",",116,"Dnes som pisala svoju diplomovu pracu na temu metodika klavirna a pisala som cely den, aj ked spalo moje male dieta,"
qHMPVSZeEOVJeANy4PmaCi0s1LX2,4,1771268696632875000,1771268696628171000,116,Insert, ,117,"Dnes som pisala svoju diplomovu pracu na temu metodika klavirna a pisala som cely den, aj ked spalo moje male dieta, "
qHMPVSZeEOVJeANy4PmaCi0s1LX2,4,1771268697597252000,1771268697584169000,117,Insert,a,118,"Dnes som pisala svoju diplomovu pracu na temu metodika klavirna a pisala som cely den, aj ked spalo moje male dieta, a"
qHMPVSZeEOVJeANy4PmaCi0s1LX2,4,1771268697811969000,1771268697805589000,118,Insert,j,119,"Dnes som pisala svoju diplomovu pracu na temu metodika klavirna a pisala som cely den, aj ked spalo moje male dieta, aj"
qHMPVSZeEOVJeANy4PmaCi0s1LX2,4,1771268698847658000,1771268698832777000,119,Insert, ,120,"Dnes som pisala svoju diplomovu pracu na temu metodika klavirna a pisala som cely den, aj ked spalo moje male dieta, aj "
qHMPVSZeEOVJeANy4PmaCi0s1LX2,4,1771268699414618000,1771268699408075000,120,Insert,v,121,"Dnes som pisala svoju diplomovu pracu na temu metodika klavirna a pisala som cely den, aj ked spalo moje male dieta, aj v"
qHMPVSZeEOVJeANy4PmaCi0s1LX2,4,1771268699723606000,1771268699716452000,121,Insert,t,122,"Dnes som pisala svoju diplomovu pracu na temu metodika klavirna a pisala som cely den, aj ked spalo moje male dieta, aj vt"
qHMPVSZeEOVJeANy4PmaCi0s1LX2,4,1771268699857885000,1771268699849817000,122,Insert,e,123,"Dnes som pisala svoju diplomovu pracu na temu metodika klavirna a pisala som cely den, aj ked spalo moje male dieta, aj vte"
qHMPVSZeEOVJeANy4PmaCi0s1LX2,4,1771268700041630000,1771268700037028000,123,Insert,d,124,"Dnes som pisala svoju diplomovu pracu na temu metodika klavirna a pisala som cely den, aj ked spalo moje male dieta, aj vted"
qHMPVSZeEOVJeANy4PmaCi0s1LX2,4,1771268700236687000,1771268700232270000,124,Insert,y,125,"Dnes som pisala svoju diplomovu pracu na temu metodika klavirna a pisala som cely den, aj ked spalo moje male dieta, aj vtedy"
qHMPVSZeEOVJeANy4PmaCi0s1LX2,4,1771268700332621000,1771268700327964000,125,Insert, ,126,"Dnes som pisala svoju diplomovu pracu na temu metodika klavirna a pisala som cely den, aj ked spalo moje male dieta, aj vtedy "
qHMPVSZeEOVJeANy4PmaCi0s1LX2,4,1771268701265119000,1771268701257280000,126,Insert,s,127,"Dnes som pisala svoju diplomovu pracu na temu metodika klavirna a pisala som cely den, aj ked spalo moje male dieta, aj vtedy s"
qHMPVSZeEOVJeANy4PmaCi0s1LX2,4,1771268701383559000,1771268701372968000,127,Insert,o,128,"Dnes som pisala svoju diplomovu pracu na temu metodika klavirna a pisala som cely den, aj ked spalo moje male dieta, aj vtedy so"
qHMPVSZeEOVJeANy4PmaCi0s1LX2,4,1771268701613370000,1771268701608941000,128,Insert,m,129,"Dnes som pisala svoju diplomovu pracu na temu metodika klavirna a pisala som cely den, aj ked spalo moje male dieta, aj vtedy som"
qHMPVSZeEOVJeANy4PmaCi0s1LX2,4,1771268701790555000,1771268701784894000,129,Insert, ,130,"Dnes som pisala svoju diplomovu pracu na temu metodika klavirna a pisala som cely den, aj ked spalo moje male dieta, aj vtedy som "
qHMPVSZeEOVJeANy4PmaCi0s1LX2,4,1771268702038524000,1771268702032145000,130,Insert,p,131,"Dnes som pisala svoju diplomovu pracu na temu metodika klavirna a pisala som cely den, aj ked spalo moje male dieta, aj vtedy som p"
qHMPVSZeEOVJeANy4PmaCi0s1LX2,4,1771268702240804000,1771268702233590000,131,Insert,i,132,"Dnes som pisala svoju diplomovu pracu na temu metodika klavirna a pisala som cely den, aj ked spalo moje male dieta, aj vtedy som pi"
qHMPVSZeEOVJeANy4PmaCi0s1LX2,4,1771268702489838000,1771268702482168000,132,Insert,s,133,"Dnes som pisala svoju diplomovu pracu na temu metodika klavirna a pisala som cely den, aj ked spalo moje male dieta, aj vtedy som pis"
qHMPVSZeEOVJeANy4PmaCi0s1LX2,4,1771268702782680000,1771268702774759000,133,Insert,a,134,"Dnes som pisala svoju diplomovu pracu na temu metodika klavirna a pisala som cely den, aj ked spalo moje male dieta, aj vtedy som pisa"
qHMPVSZeEOVJeANy4PmaCi0s1LX2,4,1771268703054029000,1771268703047266000,134,Insert,l,135,"Dnes som pisala svoju diplomovu pracu na temu metodika klavirna a pisala som cely den, aj ked spalo moje male dieta, aj vtedy som pisal"
qHMPVSZeEOVJeANy4PmaCi0s1LX2,4,1771268703341506000,1771268703334135000,135,Insert,a,136,"Dnes som pisala svoju diplomovu pracu na temu metodika klavirna a pisala som cely den, aj ked spalo moje male dieta, aj vtedy som pisala"
qHMPVSZeEOVJeANy4PmaCi0s1LX2,4,1771268704045430000,1771268704033433000,136,Insert,.,137,"Dnes som pisala svoju diplomovu pracu na temu metodika klavirna a pisala som cely den, aj ked spalo moje male dieta, aj vtedy som pisala."
qHMPVSZeEOVJeANy4PmaCi0s1LX2,5,1771268705616806000,1771268705611621000,0,Insert,D,1,D
qHMPVSZeEOVJeANy4PmaCi0s1LX2,5,1771268705738094000,1771268705733252000,1,Insert,n,2,Dn
qHMPVSZeEOVJeANy4PmaCi0s1LX2,5,1771268705845441000,1771268705839465000,2,Insert,e,3,Dne
qHMPVSZeEOVJeANy4PmaCi0s1LX2,5,1771268706078996000,1771268706072963000,3,Insert,s,4,Dnes
qHMPVSZeEOVJeANy4PmaCi0s1LX2,5,1771268706200051000,1771268706195320000,4,Insert, ,5,Dnes 
qHMPVSZeEOVJeANy4PmaCi0s1LX2,5,1771268706644295000,1771268706638967000,5,Insert,s,6,Dnes s
qHMPVSZeEOVJeANy4PmaCi0s1LX2,5,1771268706722185000,1771268706717851000,6,Insert,o,7,Dnes so
qHMPVSZeEOVJeANy4PmaCi0s1LX2,5,1771268706932532000,1771268706922851000,7,Insert,m,8,Dnes som
qHMPVSZeEOVJeANy4PmaCi0s1LX2,5,1771268707276787000,1771268707269140000,8,Insert, ,9,Dnes som 
qHMPVSZeEOVJeANy4PmaCi0s1LX2,5,1771268708479172000,1771268708471992000,9,Insert,p,10,Dnes som p
qHMPVSZeEOVJeANy4PmaCi0s1LX2,5,1771268708667913000,1771268708664131000,10,Insert,i,11,Dnes som pi
qHMPVSZeEOVJeANy4PmaCi0s1LX2,5,1771268708875443000,1771268708871168000,11,Insert,s,12,Dnes som pis
qHMPVSZeEOVJeANy4PmaCi0s1LX2,5,1771268709150938000,1771268709143142000,12,Insert,a,13,Dnes som pisa
qHMPVSZeEOVJeANy4PmaCi0s1LX2,5,1771268709280381000,1771268709276727000,13,Insert,l,14,Dnes som pisal
qHMPVSZeEOVJeANy4PmaCi0s1LX2,5,1771268710314627000,1771268710305595000,14,Insert,a,15,Dnes som pisala
qHMPVSZeEOVJeANy4PmaCi0s1LX2,5,1771268710409984000,1771268710405632000,15,Insert, ,16,Dnes som pisala 
qHMPVSZeEOVJeANy4PmaCi0s1LX2,5,1771268711568317000,1771268711560734000,16,Insert,s,17,Dnes som pisala s
qHMPVSZeEOVJeANy4PmaCi0s1LX2,5,1771268711724413000,1771268711720567000,17,Insert,v,18,Dnes som pisala sv
qHMPVSZeEOVJeANy4PmaCi0s1LX2,5,1771268711951616000,1771268711946132000,18,Insert,o,19,Dnes som pisala svo
qHMPVSZeEOVJeANy4PmaCi0s1LX2,5,1771268712150450000,1771268712146440000,19,Insert,j,20,Dnes som pisala svoj
qHMPVSZeEOVJeANy4PmaCi0s1LX2,5,1771268712330189000,1771268712326392000,20,Insert,u,21,Dnes som pisala svoju
qHMPVSZeEOVJeANy4PmaCi0s1LX2,5,1771268712588861000,1771268712581927000,21,Insert, ,22,Dnes som pisala svoju 
qHMPVSZeEOVJeANy4PmaCi0s1LX2,5,1771268713923058000,1771268713916125000,22,Insert,d,23,Dnes som pisala svoju d
qHMPVSZeEOVJeANy4PmaCi0s1LX2,5,1771268714137472000,1771268714129973000,23,Insert,i,24,Dnes som pisala svoju di
qHMPVSZeEOVJeANy4PmaCi0s1LX2,5,1771268715167923000,1771268715161290000,24,Insert,p,25,Dnes som pisala svoju dip
qHMPVSZeEOVJeANy4PmaCi0s1LX2,5,1771268715414631000,1771268715407920000,25,Insert,l,26,Dnes som pisala svoju dipl
qHMPVSZeEOVJeANy4PmaCi0s1LX2,5,1771268715571104000,1771268715566939000,26,Insert,o,27,Dnes som pisala svoju diplo
qHMPVSZeEOVJeANy4PmaCi0s1LX2,5,1771268715820811000,1771268715814809000,27,Insert,m,28,Dnes som pisala svoju diplom
qHMPVSZeEOVJeANy4PmaCi0s1LX2,5,1771268716007434000,1771268716003295000,28,Insert,o,29,Dnes som pisala svoju diplomo
qHMPVSZeEOVJeANy4PmaCi0s1LX2,5,1771268716329167000,1771268716324583000,29,Insert,v,30,Dnes som pisala svoju diplomov
qHMPVSZeEOVJeANy4PmaCi0s1LX2,5,1771268716590397000,1771268716584095000,30,Insert,u,31,Dnes som pisala svoju diplomovu
qHMPVSZeEOVJeANy4PmaCi0s1LX2,5,1771268716799497000,1771268716792313000,31,Insert, ,32,Dnes som pisala svoju diplomovu 
qHMPVSZeEOVJeANy4PmaCi0s1LX2,5,1771268717228113000,1771268717220505000,32,Insert,p,33,Dnes som pisala svoju diplomovu p
qHMPVSZeEOVJeANy4PmaCi0s1LX2,5,1771268717833644000,1771268717829006000,33,Insert,r,34,Dnes som pisala svoju diplomovu pr
qHMPVSZeEOVJeANy4PmaCi0s1LX2,5,1771268718027369000,1771268718023269000,34,Insert,a,35,Dnes som pisala svoju diplomovu pra
qHMPVSZeEOVJeANy4PmaCi0s1LX2,5,1771268718141427000,1771268718136392000,35,Insert,v,36,Dnes som pisala svoju diplomovu prav
qHMPVSZeEOVJeANy4PmaCi0s1LX2,5,1771268718381016000,1771268718374527000,36,Insert,u,37,Dnes som pisala svoju diplomovu pravu
qHMPVSZeEOVJeANy4PmaCi0s1LX2,5,1771268718572339000,1771268718567203000,37,Insert, ,38,Dnes som pisala svoju diplomovu pravu 
qHMPVSZeEOVJeANy4PmaCi0s1LX2,5,1771268718748289000,1771268718743808000,38,Insert,n,39,Dnes som pisala svoju diplomovu pravu n
qHMPVSZeEOVJeANy4PmaCi0s1LX2,5,1771268718924965000,1771268718920840000,39,Insert,a,40,Dnes som pisala svoju diplomovu pravu na
qHMPVSZeEOVJeANy4PmaCi0s1LX2,5,1771268719034750000,1771268719028606000,40,Insert, ,41,Dnes som pisala svoju diplomovu pravu na 
qHMPVSZeEOVJeANy4PmaCi0s1LX2,5,1771268719466455000,1771268719459049000,41,Insert,t,42,Dnes som pisala svoju diplomovu pravu na t
qHMPVSZeEOVJeANy4PmaCi0s1LX2,5,1771268719652640000,1771268719648361000,42,Insert,e,43,Dnes som pisala svoju diplomovu pravu na te
qHMPVSZeEOVJeANy4PmaCi0s1LX2,5,1771268719860298000,1771268719853844000,43,Insert,m,44,Dnes som pisala svoju diplomovu pravu na tem
qHMPVSZeEOVJeANy4PmaCi0s1LX2,5,1771268720078994000,1771268720071405000,44,Insert,u,45,Dnes som pisala svoju diplomovu pravu na temu
qHMPVSZeEOVJeANy4PmaCi0s1LX2,5,1771268720894756000,1771268720884640000,45,Insert, ,46,Dnes som pisala svoju diplomovu pravu na temu 
qHMPVSZeEOVJeANy4PmaCi0s1LX2,5,1771268721498360000,1771268721489020000,46,Insert,m,47,Dnes som pisala svoju diplomovu pravu na temu m
qHMPVSZeEOVJeANy4PmaCi0s1LX2,5,1771268721788168000,1771268721781968000,47,Insert,e,48,Dnes som pisala svoju diplomovu pravu na temu me
qHMPVSZeEOVJeANy4PmaCi0s1LX2,5,1771268721897690000,1771268721891127000,48,Insert,t,49,Dnes som pisala svoju diplomovu pravu na temu met
qHMPVSZeEOVJeANy4PmaCi0s1LX2,5,1771268722146223000,1771268722139954000,49,Insert,o,50,Dnes som pisala svoju diplomovu pravu na temu meto
qHMPVSZeEOVJeANy4PmaCi0s1LX2,5,1771268722260278000,1771268722254451000,50,Insert,d,51,Dnes som pisala svoju diplomovu pravu na temu metod
qHMPVSZeEOVJeANy4PmaCi0s1LX2,5,1771268722319938000,1771268722315729000,51,Insert,i,52,Dnes som pisala svoju diplomovu pravu na temu metodi
qHMPVSZeEOVJeANy4PmaCi0s1LX2,5,1771268722516238000,1771268722510371000,52,Insert,k,53,Dnes som pisala svoju diplomovu pravu na temu metodik
qHMPVSZeEOVJeANy4PmaCi0s1LX2,5,1771268722735665000,1771268722728297000,53,Insert,a,54,Dnes som pisala svoju diplomovu pravu na temu metodika
qHMPVSZeEOVJeANy4PmaCi0s1LX2,5,1771268723612630000,1771268723604210000,54,Insert, ,55,Dnes som pisala svoju diplomovu pravu na temu metodika 
qHMPVSZeEOVJeANy4PmaCi0s1LX2,5,1771268723934664000,1771268723925459000,55,Insert,k,56,Dnes som pisala svoju diplomovu pravu na temu metodika k
qHMPVSZeEOVJeANy4PmaCi0s1LX2,5,1771268724148126000,1771268724141771000,56,Insert,l,57,Dnes som pisala svoju diplomovu pravu na temu metodika kl
qHMPVSZeEOVJeANy4PmaCi0s1LX2,5,1771268724362495000,1771268724355736000,57,Insert,a,58,Dnes som pisala svoju diplomovu pravu na temu metodika kla
qHMPVSZeEOVJeANy4PmaCi0s1LX2,5,1771268724462471000,1771268724458448000,58,Insert,v,59,Dnes som pisala svoju diplomovu pravu na temu metodika klav
qHMPVSZeEOVJeANy4PmaCi0s1LX2,5,1771268724765634000,1771268724759364000,59,Insert,i,60,Dnes som pisala svoju diplomovu pravu na temu metodika klavi
qHMPVSZeEOVJeANy4PmaCi0s1LX2,5,1771268724979289000,1771268724972075000,60,Insert,r,61,Dnes som pisala svoju diplomovu pravu na temu metodika klavir
qHMPVSZeEOVJeANy4PmaCi0s1LX2,5,1771268725107918000,1771268725100516000,61,Insert,n,62,Dnes som pisala svoju diplomovu pravu na temu metodika klavirn
qHMPVSZeEOVJeANy4PmaCi0s1LX2,5,1771268725366732000,1771268725360057000,62,Insert,a,63,Dnes som pisala svoju diplomovu pravu na temu metodika klavirna
qHMPVSZeEOVJeANy4PmaCi0s1LX2,5,1771268726432145000,1771268726424206000,63,Insert, ,64,Dnes som pisala svoju diplomovu pravu na temu metodika klavirna 
qHMPVSZeEOVJeANy4PmaCi0s1LX2,5,1771268726715464000,1771268726707038000,64,Insert,a,65,Dnes som pisala svoju diplomovu pravu na temu metodika klavirna a
qHMPVSZeEOVJeANy4PmaCi0s1LX2,5,1771268726797908000,1771268726793062000,65,Insert, ,66,Dnes som pisala svoju diplomovu pravu na temu metodika klavirna a 
qHMPVSZeEOVJeANy4PmaCi0s1LX2,5,1771268727065011000,1771268727060004000,66,Insert,p,67,Dnes som pisala svoju diplomovu pravu na temu metodika klavirna a p
qHMPVSZeEOVJeANy4PmaCi0s1LX2,5,1771268727239233000,1771268727234739000,67,Insert,i,68,Dnes som pisala svoju diplomovu pravu na temu metodika klavirna a pi
qHMPVSZeEOVJeANy4PmaCi0s1LX2,5,1771268727930916000,1771268727926230000,68,Insert,s,69,Dnes som pisala svoju diplomovu pravu na temu metodika klavirna a pis
qHMPVSZeEOVJeANy4PmaCi0s1LX2,5,1771268728276236000,1771268728267412000,69,Insert,a,70,Dnes som pisala svoju diplomovu pravu na temu metodika klavirna a pisa
qHMPVSZeEOVJeANy4PmaCi0s1LX2,5,1771268728415473000,1771268728410825000,70,Insert,l,71,Dnes som pisala svoju diplomovu pravu na temu metodika klavirna a pisal
qHMPVSZeEOVJeANy4PmaCi0s1LX2,5,1771268728584125000,1771268728576365000,71,Insert,a,72,Dnes som pisala svoju diplomovu pravu na temu metodika klavirna a pisala
qHMPVSZeEOVJeANy4PmaCi0s1LX2,5,1771268728724028000,1771268728714378000,72,Insert, ,73,Dnes som pisala svoju diplomovu pravu na temu metodika klavirna a pisala 
qHMPVSZeEOVJeANy4PmaCi0s1LX2,5,1771268728944589000,1771268728938343000,73,Insert,s,74,Dnes som pisala svoju diplomovu pravu na temu metodika klavirna a pisala s
qHMPVSZeEOVJeANy4PmaCi0s1LX2,5,1771268729039645000,1771268729035210000,74,Insert,o,75,Dnes som pisala svoju diplomovu pravu na temu metodika klavirna a pisala so
qHMPVSZeEOVJeANy4PmaCi0s1LX2,5,1771268729315756000,1771268729308648000,75,Insert,m,76,Dnes som pisala svoju diplomovu pravu na temu metodika klavirna a pisala som
qHMPVSZeEOVJeANy4PmaCi0s1LX2,5,1771268729547634000,1771268729540469000,76,Insert, ,77,Dnes som pisala svoju diplomovu pravu na temu metodika klavirna a pisala som 
qHMPVSZeEOVJeANy4PmaCi0s1LX2,5,1771268732130011000,1771268732124081000,77,Delete, ,76,Dnes som pisala svoju diplomovu pravu na temu metodika klavirna a pisala som
qHMPVSZeEOVJeANy4PmaCi0s1LX2,5,1771268732903237000,1771268732892154000,76,Insert, ,77,Dnes som pisala svoju diplomovu pravu na temu metodika klavirna a pisala som 
qHMPVSZeEOVJeANy4PmaCi0s1LX2,5,1771268734864910000,1771268734857577000,77,Insert,c,78,Dnes som pisala svoju diplomovu pravu na temu metodika klavirna a pisala som c
qHMPVSZeEOVJeANy4PmaCi0s1LX2,5,1771268735067584000,1771268735060645000,78,Insert,e,79,Dnes som pisala svoju diplomovu pravu na temu metodika klavirna a pisala som ce
qHMPVSZeEOVJeANy4PmaCi0s1LX2,5,1771268735174448000,1771268735169886000,79,Insert,l,80,Dnes som pisala svoju diplomovu pravu na temu metodika klavirna a pisala som cel
qHMPVSZeEOVJeANy4PmaCi0s1LX2,5,1771268735627636000,1771268735620405000,80,Insert,y,81,Dnes som pisala svoju diplomovu pravu na temu metodika klavirna a pisala som cely
qHMPVSZeEOVJeANy4PmaCi0s1LX2,5,1771268735737910000,1771268735732902000,81,Insert, ,82,Dnes som pisala svoju diplomovu pravu na temu metodika klavirna a pisala som cely 
qHMPVSZeEOVJeANy4PmaCi0s1LX2,5,1771268735933618000,1771268735928635000,82,Insert,d,83,Dnes som pisala svoju diplomovu pravu na temu metodika klavirna a pisala som cely d
qHMPVSZeEOVJeANy4PmaCi0s1LX2,5,1771268736159989000,1771268736152482000,83,Insert,e,84,Dnes som pisala svoju diplomovu pravu na temu metodika klavirna a pisala som cely de
qHMPVSZeEOVJeANy4PmaCi0s1LX2,5,1771268736292441000,1771268736287448000,84,Insert,n,85,Dnes som pisala svoju diplomovu pravu na temu metodika klavirna a pisala som cely den
qHMPVSZeEOVJeANy4PmaCi0s1LX2,5,1771268737287263000,1771268737277172000,85,Insert,",",86,"Dnes som pisala svoju diplomovu pravu na temu metodika klavirna a pisala som cely den,"
qHMPVSZeEOVJeANy4PmaCi0s1LX2,5,1771268737410122000,1771268737405117000,86,Insert, ,87,"Dnes som pisala svoju diplomovu pravu na temu metodika klavirna a pisala som cely den, "
qHMPVSZeEOVJeANy4PmaCi0s1LX2,5,1771268737657116000,1771268737648454000,87,Insert,a,88,"Dnes som pisala svoju diplomovu pravu na temu metodika klavirna a pisala som cely den, a"
qHMPVSZeEOVJeANy4PmaCi0s1LX2,5,1771268737748305000,1771268737743654000,88,Insert,j,89,"Dnes som pisala svoju diplomovu pravu na temu metodika klavirna a pisala som cely den, aj"
qHMPVSZeEOVJeANy4PmaCi0s1LX2,5,1771268737930467000,1771268737925980000,89,Insert, ,90,"Dnes som pisala svoju diplomovu pravu na temu metodika klavirna a pisala som cely den, aj "
qHMPVSZeEOVJeANy4PmaCi0s1LX2,5,1771268738150772000,1771268738144007000,90,Insert,k,91,"Dnes som pisala svoju diplomovu pravu na temu metodika klavirna a pisala som cely den, aj k"
qHMPVSZeEOVJeANy4PmaCi0s1LX2,5,1771268738313106000,1771268738308358000,91,Insert,e,92,"Dnes som pisala svoju diplomovu pravu na temu metodika klavirna a pisala som cely den, aj ke"
qHMPVSZeEOVJeANy4PmaCi0s1LX2,5,1771268738531944000,1771268738525940000,92,Insert,d,93,"Dnes som pisala svoju diplomovu pravu na temu metodika klavirna a pisala som cely den, aj ked"
qHMPVSZeEOVJeANy4PmaCi0s1LX2,5,1771268738653141000,1771268738647502000,93,Insert, ,94,"Dnes som pisala svoju diplomovu pravu na temu metodika klavirna a pisala som cely den, aj ked "
qHMPVSZeEOVJeANy4PmaCi0s1LX2,5,1771268738869675000,1771268738861519000,94,Insert,s,95,"Dnes som pisala svoju diplomovu pravu na temu metodika klavirna a pisala som cely den, aj ked s"
qHMPVSZeEOVJeANy4PmaCi0s1LX2,5,1771268739193946000,1771268739187288000,95,Insert,p,96,"Dnes som pisala svoju diplomovu pravu na temu metodika klavirna a pisala som cely den, aj ked sp"
qHMPVSZeEOVJeANy4PmaCi0s1LX2,5,1771268739338815000,1771268739334698000,96,Insert,a,97,"Dnes som pisala svoju diplomovu pravu na temu metodika klavirna a pisala som cely den, aj ked spa"
qHMPVSZeEOVJeANy4PmaCi0s1LX2,5,1771268739410882000,1771268739405194000,97,Insert,l,98,"Dnes som pisala svoju diplomovu pravu na temu metodika klavirna a pisala som cely den, aj ked spal"
qHMPVSZeEOVJeANy4PmaCi0s1LX2,5,1771268739586375000,1771268739582012000,98,Insert,o,99,"Dnes som pisala svoju diplomovu pravu na temu metodika klavirna a pisala som cely den, aj ked spalo"
qHMPVSZeEOVJeANy4PmaCi0s1LX2,5,1771268739769540000,1771268739764263000,99,Insert, ,100,"Dnes som pisala svoju diplomovu pravu na temu metodika klavirna a pisala som cely den, aj ked spalo "
qHMPVSZeEOVJeANy4PmaCi0s1LX2,5,1771268739951000000,1771268739945633000,100,Insert,m,101,"Dnes som pisala svoju diplomovu pravu na temu metodika klavirna a pisala som cely den, aj ked spalo m"
qHMPVSZeEOVJeANy4PmaCi0s1LX2,5,1771268740126535000,1771268740122332000,101,Insert,o,102,"Dnes som pisala svoju diplomovu pravu na temu metodika klavirna a pisala som cely den, aj ked spalo mo"
qHMPVSZeEOVJeANy4PmaCi0s1LX2,5,1771268740328748000,1771268740322868000,102,Insert,j,103,"Dnes som pisala svoju diplomovu pravu na temu metodika klavirna a pisala som cely den, aj ked spalo moj"
qHMPVSZeEOVJeANy4PmaCi0s1LX2,5,1771268740478184000,1771268740472412000,103,Insert,e,104,"Dnes som pisala svoju diplomovu pravu na temu metodika klavirna a pisala som cely den, aj ked spalo moje"
qHMPVSZeEOVJeANy4PmaCi0s1LX2,5,1771268740558088000,1771268740552374000,104,Insert, ,105,"Dnes som pisala svoju diplomovu pravu na temu metodika klavirna a pisala som cely den, aj ked spalo moje "
qHMPVSZeEOVJeANy4PmaCi0s1LX2,5,1771268740760439000,1771268740753810000,105,Insert,m,106,"Dnes som pisala svoju diplomovu pravu na temu metodika klavirna a pisala som cely den, aj ked spalo moje m"
qHMPVSZeEOVJeANy4PmaCi0s1LX2,5,1771268740903300000,1771268740898689000,106,Insert,a,107,"Dnes som pisala svoju diplomovu pravu na temu metodika klavirna a pisala som cely den, aj ked spalo moje ma"
qHMPVSZeEOVJeANy4PmaCi0s1LX2,5,1771268740972675000,1771268740967524000,107,Insert,l,108,"Dnes som pisala svoju diplomovu pravu na temu metodika klavirna a pisala som cely den, aj ked spalo moje mal"
qHMPVSZeEOVJeANy4PmaCi0s1LX2,5,1771268741140831000,1771268741136398000,108,Insert,o,109,"Dnes som pisala svoju diplomovu pravu na temu metodika klavirna a pisala som cely den, aj ked spalo moje malo"
qHMPVSZeEOVJeANy4PmaCi0s1LX2,5,1771268741400395000,1771268741391615000,109,Insert, ,110,"Dnes som pisala svoju diplomovu pravu na temu metodika klavirna a pisala som cely den, aj ked spalo moje malo "
qHMPVSZeEOVJeANy4PmaCi0s1LX2,5,1771268743288581000,1771268743282962000,110,Delete, ,109,"Dnes som pisala svoju diplomovu pravu na temu metodika klavirna a pisala som cely den, aj ked spalo moje malo"
qHMPVSZeEOVJeANy4PmaCi0s1LX2,5,1771268743450701000,1771268743441184000,109,Delete,o,108,"Dnes som pisala svoju diplomovu pravu na temu metodika klavirna a pisala som cely den, aj ked spalo moje mal"
qHMPVSZeEOVJeANy4PmaCi0s1LX2,5,1771268744137323000,1771268744128243000,108,Insert,e,109,"Dnes som pisala svoju diplomovu pravu na temu metodika klavirna a pisala som cely den, aj ked spalo moje male"
qHMPVSZeEOVJeANy4PmaCi0s1LX2,5,1771268744241506000,1771268744233483000,109,Insert, ,110,"Dnes som pisala svoju diplomovu pravu na temu metodika klavirna a pisala som cely den, aj ked spalo moje male "
qHMPVSZeEOVJeANy4PmaCi0s1LX2,5,1771268744847702000,1771268744840139000,110,Insert,d,111,"Dnes som pisala svoju diplomovu pravu na temu metodika klavirna a pisala som cely den, aj ked spalo moje male d"
qHMPVSZeEOVJeANy4PmaCi0s1LX2,5,1771268744995752000,1771268744990795000,111,Insert,i,112,"Dnes som pisala svoju diplomovu pravu na temu metodika klavirna a pisala som cely den, aj ked spalo moje male di"
qHMPVSZeEOVJeANy4PmaCi0s1LX2,5,1771268745129669000,1771268745125101000,112,Insert,e,113,"Dnes som pisala svoju diplomovu pravu na temu metodika klavirna a pisala som cely den, aj ked spalo moje male die"
qHMPVSZeEOVJeANy4PmaCi0s1LX2,5,1771268745290472000,1771268745280758000,113,Insert,t,114,"Dnes som pisala svoju diplomovu pravu na temu metodika klavirna a pisala som cely den, aj ked spalo moje male diet"
qHMPVSZeEOVJeANy4PmaCi0s1LX2,5,1771268745493077000,1771268745481975000,114,Insert,a,115,"Dnes som pisala svoju diplomovu pravu na temu metodika klavirna a pisala som cely den, aj ked spalo moje male dieta"
qHMPVSZeEOVJeANy4PmaCi0s1LX2,5,1771268749472861000,1771268749459060000,115,Insert,",",116,"Dnes som pisala svoju diplomovu pravu na temu metodika klavirna a pisala som cely den, aj ked spalo moje male dieta,"
qHMPVSZeEOVJeANy4PmaCi0s1LX2,5,1771268749606368000,1771268749600209000,116,Insert, ,117,"Dnes som pisala svoju diplomovu pravu na temu metodika klavirna a pisala som cely den, aj ked spalo moje male dieta, "
qHMPVSZeEOVJeANy4PmaCi0s1LX2,5,1771268750699776000,1771268750693534000,117,Insert,a,118,"Dnes som pisala svoju diplomovu pravu na temu metodika klavirna a pisala som cely den, aj ked spalo moje male dieta, a"
qHMPVSZeEOVJeANy4PmaCi0s1LX2,5,1771268750803740000,1771268750795822000,118,Insert,j,119,"Dnes som pisala svoju diplomovu pravu na temu metodika klavirna a pisala som cely den, aj ked spalo moje male dieta, aj"
qHMPVSZeEOVJeANy4PmaCi0s1LX2,5,1771268751004167000,1771268750996679000,119,Insert, ,120,"Dnes som pisala svoju diplomovu pravu na temu metodika klavirna a pisala som cely den, aj ked spalo moje male dieta, aj "
qHMPVSZeEOVJeANy4PmaCi0s1LX2,5,1771268751278204000,1771268751271274000,120,Insert,v,121,"Dnes som pisala svoju diplomovu pravu na temu metodika klavirna a pisala som cely den, aj ked spalo moje male dieta, aj v"
qHMPVSZeEOVJeANy4PmaCi0s1LX2,5,1771268751500691000,1771268751493593000,121,Insert,t,122,"Dnes som pisala svoju diplomovu pravu na temu metodika klavirna a pisala som cely den, aj ked spalo moje male dieta, aj vt"
qHMPVSZeEOVJeANy4PmaCi0s1LX2,5,1771268751669602000,1771268751664171000,122,Insert,e,123,"Dnes som pisala svoju diplomovu pravu na temu metodika klavirna a pisala som cely den, aj ked spalo moje male dieta, aj vte"
qHMPVSZeEOVJeANy4PmaCi0s1LX2,5,1771268751951622000,1771268751943418000,123,Insert,d,124,"Dnes som pisala svoju diplomovu pravu na temu metodika klavirna a pisala som cely den, aj ked spalo moje male dieta, aj vted"
qHMPVSZeEOVJeANy4PmaCi0s1LX2,5,1771268752255266000,1771268752247745000,124,Insert,y,125,"Dnes som pisala svoju diplomovu pravu na temu metodika klavirna a pisala som cely den, aj ked spalo moje male dieta, aj vtedy"
qHMPVSZeEOVJeANy4PmaCi0s1LX2,5,1771268753058639000,1771268753045791000,125,Insert, ,126,"Dnes som pisala svoju diplomovu pravu na temu metodika klavirna a pisala som cely den, aj ked spalo moje male dieta, aj vtedy "
qHMPVSZeEOVJeANy4PmaCi0s1LX2,5,1771268753333138000,1771268753326198000,126,Insert,s,127,"Dnes som pisala svoju diplomovu pravu na temu metodika klavirna a pisala som cely den, aj ked spalo moje male dieta, aj vtedy s"
qHMPVSZeEOVJeANy4PmaCi0s1LX2,5,1771268753459433000,1771268753455096000,127,Insert,o,128,"Dnes som pisala svoju diplomovu pravu na temu metodika klavirna a pisala som cely den, aj ked spalo moje male dieta, aj vtedy so"
qHMPVSZeEOVJeANy4PmaCi0s1LX2,5,1771268753678943000,1771268753672227000,128,Insert,m,129,"Dnes som pisala svoju diplomovu pravu na temu metodika klavirna a pisala som cely den, aj ked spalo moje male dieta, aj vtedy som"
qHMPVSZeEOVJeANy4PmaCi0s1LX2,5,1771268753877807000,1771268753867429000,129,Insert, ,130,"Dnes som pisala svoju diplomovu pravu na temu metodika klavirna a pisala som cely den, aj ked spalo moje male dieta, aj vtedy som "
qHMPVSZeEOVJeANy4PmaCi0s1LX2,5,1771268754644375000,1771268754636494000,130,Insert,p,131,"Dnes som pisala svoju diplomovu pravu na temu metodika klavirna a pisala som cely den, aj ked spalo moje male dieta, aj vtedy som p"
qHMPVSZeEOVJeANy4PmaCi0s1LX2,5,1771268754856428000,1771268754843232000,131,Insert,i,132,"Dnes som pisala svoju diplomovu pravu na temu metodika klavirna a pisala som cely den, aj ked spalo moje male dieta, aj vtedy som pi"
qHMPVSZeEOVJeANy4PmaCi0s1LX2,5,1771268755048644000,1771268755043284000,132,Insert,s,133,"Dnes som pisala svoju diplomovu pravu na temu metodika klavirna a pisala som cely den, aj ked spalo moje male dieta, aj vtedy som pis"
qHMPVSZeEOVJeANy4PmaCi0s1LX2,5,1771268755317491000,1771268755307036000,133,Insert,a,134,"Dnes som pisala svoju diplomovu pravu na temu metodika klavirna a pisala som cely den, aj ked spalo moje male dieta, aj vtedy som pisa"
qHMPVSZeEOVJeANy4PmaCi0s1LX2,5,1771268755463514000,1771268755457992000,134,Insert,l,135,"Dnes som pisala svoju diplomovu pravu na temu metodika klavirna a pisala som cely den, aj ked spalo moje male dieta, aj vtedy som pisal"
qHMPVSZeEOVJeANy4PmaCi0s1LX2,5,1771268755714615000,1771268755706026000,135,Insert,a,136,"Dnes som pisala svoju diplomovu pravu na temu metodika klavirna a pisala som cely den, aj ked spalo moje male dieta, aj vtedy som pisala"
qHMPVSZeEOVJeANy4PmaCi0s1LX2,5,1771268756218048000,1771268756210051000,136,Insert, ,137,"Dnes som pisala svoju diplomovu pravu na temu metodika klavirna a pisala som cely den, aj ked spalo moje male dieta, aj vtedy som pisala "
qHMPVSZeEOVJeANy4PmaCi0s1LX2,5,1771268757516668000,1771268757508762000,137,Delete, ,136,"Dnes som pisala svoju diplomovu pravu na temu metodika klavirna a pisala som cely den, aj ked spalo moje male dieta, aj vtedy som pisala"
qHMPVSZeEOVJeANy4PmaCi0s1LX2,5,1771268758025537000,1771268758018626000,136,Insert,.,137,"Dnes som pisala svoju diplomovu pravu na temu metodika klavirna a pisala som cely den, aj ked spalo moje male dieta, aj vtedy som pisala."
qHMPVSZeEOVJeANy4PmaCi0s1LX2,5,1771268778262794000,1771268778238707000,137,Delete,v,136,"Dnes som pisala svoju diplomovu prau na temu metodika klavirna a pisala som cely den, aj ked spalo moje male dieta, aj vtedy som pisala."
qHMPVSZeEOVJeANy4PmaCi0s1LX2,5,1771268778901897000,1771268778892903000,136,Insert,c,137,"Dnes som pisala svoju diplomovu pracu na temu metodika klavirna a pisala som cely den, aj ked spalo moje male dieta, aj vtedy som pisala."
qHMPVSZeEOVJeANy4PmaCi0s1LX2,6,1771268780966054000,1771268780959857000,0,Insert,D,1,D
qHMPVSZeEOVJeANy4PmaCi0s1LX2,6,1771268781299240000,1771268781292548000,1,Insert,n,2,Dn
qHMPVSZeEOVJeANy4PmaCi0s1LX2,6,1771268781473788000,1771268781468630000,2,Insert,e,3,Dne
qHMPVSZeEOVJeANy4PmaCi0s1LX2,6,1771268781740447000,1771268781734462000,3,Insert,s,4,Dnes
qHMPVSZeEOVJeANy4PmaCi0s1LX2,6,1771268781950830000,1771268781946947000,4,Insert, ,5,Dnes 
qHMPVSZeEOVJeANy4PmaCi0s1LX2,6,1771268782856039000,1771268782848126000,5,Insert,s,6,Dnes s
qHMPVSZeEOVJeANy4PmaCi0s1LX2,6,1771268782921899000,1771268782917817000,6,Insert,o,7,Dnes so
qHMPVSZeEOVJeANy4PmaCi0s1LX2,6,1771268783144104000,1771268783137011000,7,Insert,m,8,Dnes som
qHMPVSZeEOVJeANy4PmaCi0s1LX2,6,1771268783758426000,1771268783754320000,8,Insert, ,9,Dnes som 
qHMPVSZeEOVJeANy4PmaCi0s1LX2,6,1771268785057663000,1771268785050375000,9,Insert,p,10,Dnes som p
qHMPVSZeEOVJeANy4PmaCi0s1LX2,6,1771268785500905000,1771268785494837000,10,Insert,i,11,Dnes som pi
qHMPVSZeEOVJeANy4PmaCi0s1LX2,6,1771268785970111000,1771268785963359000,11,Insert,s,12,Dnes som pis
qHMPVSZeEOVJeANy4PmaCi0s1LX2,6,1771268786288491000,1771268786284355000,12,Insert,a,13,Dnes som pisa
qHMPVSZeEOVJeANy4PmaCi0s1LX2,6,1771268786432794000,1771268786428571000,13,Insert,l,14,Dnes som pisal
qHMPVSZeEOVJeANy4PmaCi0s1LX2,6,1771268786592451000,1771268786587959000,14,Insert,a,15,Dnes som pisala
qHMPVSZeEOVJeANy4PmaCi0s1LX2,6,1771268786809996000,1771268786799989000,15,Insert, ,16,Dnes som pisala 
qHMPVSZeEOVJeANy4PmaCi0s1LX2,6,1771268787364047000,1771268787359517000,16,Insert,s,17,Dnes som pisala s
qHMPVSZeEOVJeANy4PmaCi0s1LX2,6,1771268787703574000,1771268787697308000,17,Insert,v,18,Dnes som pisala sv
qHMPVSZeEOVJeANy4PmaCi0s1LX2,6,1771268787924115000,1771268787916227000,18,Insert,o,19,Dnes som pisala svo
qHMPVSZeEOVJeANy4PmaCi0s1LX2,6,1771268788146703000,1771268788140298000,19,Insert,j,20,Dnes som pisala svoj
qHMPVSZeEOVJeANy4PmaCi0s1LX2,6,1771268788359622000,1771268788353077000,20,Insert,u,21,Dnes som pisala svoju
qHMPVSZeEOVJeANy4PmaCi0s1LX2,6,1771268788602406000,1771268788595112000,21,Insert, ,22,Dnes som pisala svoju 
qHMPVSZeEOVJeANy4PmaCi0s1LX2,6,1771268789060214000,1771268789056318000,22,Insert,d,23,Dnes som pisala svoju d
qHMPVSZeEOVJeANy4PmaCi0s1LX2,6,1771268789297840000,1771268789293658000,23,Insert,i,24,Dnes som pisala svoju di
qHMPVSZeEOVJeANy4PmaCi0s1LX2,6,1771268789682602000,1771268789674713000,24,Insert,p,25,Dnes som pisala svoju dip
qHMPVSZeEOVJeANy4PmaCi0s1LX2,6,1771268790322302000,1771268790314133000,25,Insert,l,26,Dnes som pisala svoju dipl
qHMPVSZeEOVJeANy4PmaCi0s1LX2,6,1771268790520033000,1771268790515549000,26,Insert,o,27,Dnes som pisala svoju diplo
qHMPVSZeEOVJeANy4PmaCi0s1LX2,6,1771268790857669000,1771268790851176000,27,Insert,m,28,Dnes som pisala svoju diplom
qHMPVSZeEOVJeANy4PmaCi0s1LX2,6,1771268791054460000,1771268791050718000,28,Insert,o,29,Dnes som pisala svoju diplomo
qHMPVSZeEOVJeANy4PmaCi0s1LX2,6,1771268791407738000,1771268791401020000,29,Insert,v,30,Dnes som pisala svoju diplomov
qHMPVSZeEOVJeANy4PmaCi0s1LX2,6,1771268791639840000,1771268791634815000,30,Insert,u,31,Dnes som pisala svoju diplomovu
qHMPVSZeEOVJeANy4PmaCi0s1LX2,6,1771268791924142000,1771268791917155000,31,Insert, ,32,Dnes som pisala svoju diplomovu 
qHMPVSZeEOVJeANy4PmaCi0s1LX2,6,1771268792526717000,1771268792522255000,32,Insert,p,33,Dnes som pisala svoju diplomovu p
qHMPVSZeEOVJeANy4PmaCi0s1LX2,6,1771268793073591000,1771268793068014000,33,Insert,r,34,Dnes som pisala svoju diplomovu pr
qHMPVSZeEOVJeANy4PmaCi0s1LX2,6,1771268793212982000,1771268793208815000,34,Insert,a,35,Dnes som pisala svoju diplomovu pra
qHMPVSZeEOVJeANy4PmaCi0s1LX2,6,1771268793304763000,1771268793298383000,35,Insert,c,36,Dnes som pisala svoju diplomovu prac
qHMPVSZeEOVJeANy4PmaCi0s1LX2,6,1771268793583523000,1771268793577356000,36,Insert,u,37,Dnes som pisala svoju diplomovu pracu
qHMPVSZeEOVJeANy4PmaCi0s1LX2,6,1771268793793407000,1771268793789247000,37,Insert, ,38,Dnes som pisala svoju diplomovu pracu 
qHMPVSZeEOVJeANy4PmaCi0s1LX2,6,1771268793964512000,1771268793959614000,38,Insert,n,39,Dnes som pisala svoju diplomovu pracu n
qHMPVSZeEOVJeANy4PmaCi0s1LX2,6,1771268794105113000,1771268794099487000,39,Insert, ,40,Dnes som pisala svoju diplomovu pracu n 
qHMPVSZeEOVJeANy4PmaCi0s1LX2,6,1771268794126781000,1771268794123294000,40,Insert,a,41,Dnes som pisala svoju diplomovu pracu n a
qHMPVSZeEOVJeANy4PmaCi0s1LX2,6,1771268794493357000,1771268794488296000,41,Insert,t,42,Dnes som pisala svoju diplomovu pracu n at
qHMPVSZeEOVJeANy4PmaCi0s1LX2,6,1771268794642135000,1771268794632296000,42,Insert,e,43,Dnes som pisala svoju diplomovu pracu n ate
qHMPVSZeEOVJeANy4PmaCi0s1LX2,6,1771268794819420000,1771268794814970000,43,Insert,m,44,Dnes som pisala svoju diplomovu pracu n atem
qHMPVSZeEOVJeANy4PmaCi0s1LX2,6,1771268795099325000,1771268795092695000,44,Insert,u,45,Dnes som pisala svoju diplomovu pracu n atemu
qHMPVSZeEOVJeANy4PmaCi0s1LX2,6,1771268796756171000,1771268796737682000,45,Delete,a,44,Dnes som pisala svoju diplomovu pracu n temu
qHMPVSZeEOVJeANy4PmaCi0s1LX2,6,1771268796935205000,1771268796930189000,44,Delete, ,43,Dnes som pisala svoju diplomovu pracu ntemu
qHMPVSZeEOVJeANy4PmaCi0s1LX2,6,1771268797533359000,1771268797524383000,43,Insert,a,44,Dnes som pisala svoju diplomovu pracu natemu
qHMPVSZeEOVJeANy4PmaCi0s1LX2,6,1771268797773785000,1771268797766670000,44,Insert, ,45,Dnes som pisala svoju diplomovu pracu na temu
qHMPVSZeEOVJeANy4PmaCi0s1LX2,6,1771268800627369000,1771268800604325000,45,Insert, ,46,Dnes som pisala svoju diplomovu pracu na temu 
qHMPVSZeEOVJeANy4PmaCi0s1LX2,6,1771268801342392000,1771268801335690000,46,Insert,m,47,Dnes som pisala svoju diplomovu pracu na temu m
qHMPVSZeEOVJeANy4PmaCi0s1LX2,6,1771268801627639000,1771268801619572000,47,Insert,e,48,Dnes som pisala svoju diplomovu pracu na temu me
qHMPVSZeEOVJeANy4PmaCi0s1LX2,6,1771268801790588000,1771268801781875000,48,Insert,t,49,Dnes som pisala svoju diplomovu pracu na temu met
qHMPVSZeEOVJeANy4PmaCi0s1LX2,6,1771268802052294000,1771268802046590000,49,Insert,o,50,Dnes som pisala svoju diplomovu pracu na temu meto
qHMPVSZeEOVJeANy4PmaCi0s1LX2,6,1771268802164474000,1771268802153301000,50,Insert,d,51,Dnes som pisala svoju diplomovu pracu na temu metod
qHMPVSZeEOVJeANy4PmaCi0s1LX2,6,1771268802232040000,1771268802227652000,51,Insert,i,52,Dnes som pisala svoju diplomovu pracu na temu metodi
qHMPVSZeEOVJeANy4PmaCi0s1LX2,6,1771268802411903000,1771268802407363000,52,Insert,k,53,Dnes som pisala svoju diplomovu pracu na temu metodik
qHMPVSZeEOVJeANy4PmaCi0s1LX2,6,1771268802613270000,1771268802608396000,53,Insert,a,54,Dnes som pisala svoju diplomovu pracu na temu metodika
qHMPVSZeEOVJeANy4PmaCi0s1LX2,6,1771268803774883000,1771268803764081000,54,Insert, ,55,Dnes som pisala svoju diplomovu pracu na temu metodika 
qHMPVSZeEOVJeANy4PmaCi0s1LX2,6,1771268804084058000,1771268804077909000,55,Insert,k,56,Dnes som pisala svoju diplomovu pracu na temu metodika k
qHMPVSZeEOVJeANy4PmaCi0s1LX2,6,1771268804288553000,1771268804283273000,56,Insert,l,57,Dnes som pisala svoju diplomovu pracu na temu metodika kl
qHMPVSZeEOVJeANy4PmaCi0s1LX2,6,1771268804502769000,1771268804494878000,57,Insert,a,58,Dnes som pisala svoju diplomovu pracu na temu metodika kla
qHMPVSZeEOVJeANy4PmaCi0s1LX2,6,1771268804609377000,1771268804604070000,58,Insert,v,59,Dnes som pisala svoju diplomovu pracu na temu metodika klav
qHMPVSZeEOVJeANy4PmaCi0s1LX2,6,1771268805151336000,1771268805146570000,59,Delete,v,58,Dnes som pisala svoju diplomovu pracu na temu metodika kla
qHMPVSZeEOVJeANy4PmaCi0s1LX2,6,1771268805809631000,1771268805803147000,58,Insert,v,59,Dnes som pisala svoju diplomovu pracu na temu metodika klav
qHMPVSZeEOVJeANy4PmaCi0s1LX2,6,1771268806070105000,1771268806061965000,59,Insert,i,60,Dnes som pisala svoju diplomovu pracu na temu metodika klavi
qHMPVSZeEOVJeANy4PmaCi0s1LX2,6,1771268806266749000,1771268806262524000,60,Insert,r,61,Dnes som pisala svoju diplomovu pracu na temu metodika klavir
qHMPVSZeEOVJeANy4PmaCi0s1LX2,6,1771268806440636000,1771268806436237000,61,Insert,n,62,Dnes som pisala svoju diplomovu pracu na temu metodika klavirn
qHMPVSZeEOVJeANy4PmaCi0s1LX2,6,1771268806682728000,1771268806673857000,62,Insert,a,63,Dnes som pisala svoju diplomovu pracu na temu metodika klavirna
qHMPVSZeEOVJeANy4PmaCi0s1LX2,6,1771268807661514000,1771268807651797000,63,Insert, ,64,Dnes som pisala svoju diplomovu pracu na temu metodika klavirna 
qHMPVSZeEOVJeANy4PmaCi0s1LX2,6,1771268807990828000,1771268807984864000,64,Insert,a,65,Dnes som pisala svoju diplomovu pracu na temu metodika klavirna a
qHMPVSZeEOVJeANy4PmaCi0s1LX2,6,1771268808166798000,1771268808161351000,65,Insert, ,66,Dnes som pisala svoju diplomovu pracu na temu metodika klavirna a 
qHMPVSZeEOVJeANy4PmaCi0s1LX2,6,1771268808603205000,1771268808596159000,66,Insert,p,67,Dnes som pisala svoju diplomovu pracu na temu metodika klavirna a p
qHMPVSZeEOVJeANy4PmaCi0s1LX2,6,1771268808918668000,1771268808911223000,67,Insert,i,68,Dnes som pisala svoju diplomovu pracu na temu metodika klavirna a pi
qHMPVSZeEOVJeANy4PmaCi0s1LX2,6,1771268809143788000,1771268809136877000,68,Insert,s,69,Dnes som pisala svoju diplomovu pracu na temu metodika klavirna a pis
qHMPVSZeEOVJeANy4PmaCi0s1LX2,6,1771268809423459000,1771268809416574000,69,Insert,a,70,Dnes som pisala svoju diplomovu pracu na temu metodika klavirna a pisa
qHMPVSZeEOVJeANy4PmaCi0s1LX2,6,1771268813174872000,1771268813166105000,70,Insert,l,71,Dnes som pisala svoju diplomovu pracu na temu metodika klavirna a pisal
qHMPVSZeEOVJeANy4PmaCi0s1LX2,6,1771268813458649000,1771268813450598000,71,Insert,a,72,Dnes som pisala svoju diplomovu pracu na temu metodika klavirna a pisala
qHMPVSZeEOVJeANy4PmaCi0s1LX2,6,1771268813563924000,1771268813557385000,72,Insert, ,73,Dnes som pisala svoju diplomovu pracu na temu metodika klavirna a pisala 
qHMPVSZeEOVJeANy4PmaCi0s1LX2,6,1771268813742063000,1771268813735422000,73,Insert,s,74,Dnes som pisala svoju diplomovu pracu na temu metodika klavirna a pisala s
qHMPVSZeEOVJeANy4PmaCi0s1LX2,6,1771268813867877000,1771268813863425000,74,Insert,o,75,Dnes som pisala svoju diplomovu pracu na temu metodika klavirna a pisala so
qHMPVSZeEOVJeANy4PmaCi0s1LX2,6,1771268814242051000,1771268814232191000,75,Insert,m,76,Dnes som pisala svoju diplomovu pracu na temu metodika klavirna a pisala som
qHMPVSZeEOVJeANy4PmaCi0s1LX2,6,1771268815032013000,1771268815023647000,76,Insert, ,77,Dnes som pisala svoju diplomovu pracu na temu metodika klavirna a pisala som 
qHMPVSZeEOVJeANy4PmaCi0s1LX2,6,1771268815656173000,1771268815648093000,77,Insert,c,78,Dnes som pisala svoju diplomovu pracu na temu metodika klavirna a pisala som c
qHMPVSZeEOVJeANy4PmaCi0s1LX2,6,1771268815880220000,1771268815872556000,78,Insert,e,79,Dnes som pisala svoju diplomovu pracu na temu metodika klavirna a pisala som ce
qHMPVSZeEOVJeANy4PmaCi0s1LX2,6,1771268815978004000,1771268815972802000,79,Insert,l,80,Dnes som pisala svoju diplomovu pracu na temu metodika klavirna a pisala som cel
qHMPVSZeEOVJeANy4PmaCi0s1LX2,6,1771268816349240000,1771268816344420000,80,Insert,y,81,Dnes som pisala svoju diplomovu pracu na temu metodika klavirna a pisala som cely
qHMPVSZeEOVJeANy4PmaCi0s1LX2,6,1771268816439721000,1771268816434184000,81,Insert, ,82,Dnes som pisala svoju diplomovu pracu na temu metodika klavirna a pisala som cely 
qHMPVSZeEOVJeANy4PmaCi0s1LX2,6,1771268816658317000,1771268816651353000,82,Insert,d,83,Dnes som pisala svoju diplomovu pracu na temu metodika klavirna a pisala som cely d
qHMPVSZeEOVJeANy4PmaCi0s1LX2,6,1771268816870120000,1771268816865391000,83,Insert,e,84,Dnes som pisala svoju diplomovu pracu na temu metodika klavirna a pisala som cely de
qHMPVSZeEOVJeANy4PmaCi0s1LX2,6,1771268817002577000,1771268816997828000,84,Insert,n,85,Dnes som pisala svoju diplomovu pracu na temu metodika klavirna a pisala som cely den
qHMPVSZeEOVJeANy4PmaCi0s1LX2,6,1771268817925807000,1771268817916719000,85,Insert,",",86,"Dnes som pisala svoju diplomovu pracu na temu metodika klavirna a pisala som cely den,"
qHMPVSZeEOVJeANy4PmaCi0s1LX2,6,1771268818115993000,1771268818108170000,86,Insert, ,87,"Dnes som pisala svoju diplomovu pracu na temu metodika klavirna a pisala som cely den, "
qHMPVSZeEOVJeANy4PmaCi0s1LX2,6,1771268818368937000,1771268818361682000,87,Insert,a,88,"Dnes som pisala svoju diplomovu pracu na temu metodika klavirna a pisala som cely den, a"
qHMPVSZeEOVJeANy4PmaCi0s1LX2,6,1771268818510902000,1771268818506724000,88,Insert,j,89,"Dnes som pisala svoju diplomovu pracu na temu metodika klavirna a pisala som cely den, aj"
qHMPVSZeEOVJeANy4PmaCi0s1LX2,6,1771268818751455000,1771268818744599000,89,Insert, ,90,"Dnes som pisala svoju diplomovu pracu na temu metodika klavirna a pisala som cely den, aj "
qHMPVSZeEOVJeANy4PmaCi0s1LX2,6,1771268819858063000,1771268819851800000,90,Insert,k,91,"Dnes som pisala svoju diplomovu pracu na temu metodika klavirna a pisala som cely den, aj k"
qHMPVSZeEOVJeANy4PmaCi0s1LX2,6,1771268820053346000,1771268820047856000,91,Insert,e,92,"Dnes som pisala svoju diplomovu pracu na temu metodika klavirna a pisala som cely den, aj ke"
qHMPVSZeEOVJeANy4PmaCi0s1LX2,6,1771268820291195000,1771268820285331000,92,Insert,d,93,"Dnes som pisala svoju diplomovu pracu na temu metodika klavirna a pisala som cely den, aj ked"
qHMPVSZeEOVJeANy4PmaCi0s1LX2,6,1771268820403486000,1771268820398793000,93,Insert, ,94,"Dnes som pisala svoju diplomovu pracu na temu metodika klavirna a pisala som cely den, aj ked "
qHMPVSZeEOVJeANy4PmaCi0s1LX2,6,1771268820714863000,1771268820708784000,94,Insert,s,95,"Dnes som pisala svoju diplomovu pracu na temu metodika klavirna a pisala som cely den, aj ked s"
qHMPVSZeEOVJeANy4PmaCi0s1LX2,6,1771268821724003000,1771268821714572000,95,Insert,p,96,"Dnes som pisala svoju diplomovu pracu na temu metodika klavirna a pisala som cely den, aj ked sp"
qHMPVSZeEOVJeANy4PmaCi0s1LX2,6,1771268821974045000,1771268821964217000,96,Insert,a,97,"Dnes som pisala svoju diplomovu pracu na temu metodika klavirna a pisala som cely den, aj ked spa"
qHMPVSZeEOVJeANy4PmaCi0s1LX2,6,1771268822060288000,1771268822054898000,97,Insert,l,98,"Dnes som pisala svoju diplomovu pracu na temu metodika klavirna a pisala som cely den, aj ked spal"
qHMPVSZeEOVJeANy4PmaCi0s1LX2,6,1771268822285915000,1771268822279237000,98,Insert,o,99,"Dnes som pisala svoju diplomovu pracu na temu metodika klavirna a pisala som cely den, aj ked spalo"
qHMPVSZeEOVJeANy4PmaCi0s1LX2,6,1771268822559690000,1771268822551518000,99,Insert, ,100,"Dnes som pisala svoju diplomovu pracu na temu metodika klavirna a pisala som cely den, aj ked spalo "
qHMPVSZeEOVJeANy4PmaCi0s1LX2,6,1771268823019950000,1771268823013116000,100,Insert,m,101,"Dnes som pisala svoju diplomovu pracu na temu metodika klavirna a pisala som cely den, aj ked spalo m"
qHMPVSZeEOVJeANy4PmaCi0s1LX2,6,1771268823240203000,1771268823232481000,101,Insert,o,102,"Dnes som pisala svoju diplomovu pracu na temu metodika klavirna a pisala som cely den, aj ked spalo mo"
qHMPVSZeEOVJeANy4PmaCi0s1LX2,6,1771268823441650000,1771268823432997000,102,Insert,j,103,"Dnes som pisala svoju diplomovu pracu na temu metodika klavirna a pisala som cely den, aj ked spalo moj"
qHMPVSZeEOVJeANy4PmaCi0s1LX2,6,1771268823630949000,1771268823626339000,103,Insert,e,104,"Dnes som pisala svoju diplomovu pracu na temu metodika klavirna a pisala som cely den, aj ked spalo moje"
qHMPVSZeEOVJeANy4PmaCi0s1LX2,6,1771268823863211000,1771268823856126000,104,Insert, ,105,"Dnes som pisala svoju diplomovu pracu na temu metodika klavirna a pisala som cely den, aj ked spalo moje "
qHMPVSZeEOVJeANy4PmaCi0s1LX2,6,1771268824390429000,1771268824383803000,105,Insert,m,106,"Dnes som pisala svoju diplomovu pracu na temu metodika klavirna a pisala som cely den, aj ked spalo moje m"
qHMPVSZeEOVJeANy4PmaCi0s1LX2,6,1771268825649512000,1771268825642818000,106,Insert,a,107,"Dnes som pisala svoju diplomovu pracu na temu metodika klavirna a pisala som cely den, aj ked spalo moje ma"
qHMPVSZeEOVJeANy4PmaCi0s1LX2,6,1771268825773336000,1771268825767426000,107,Insert,l,108,"Dnes som pisala svoju diplomovu pracu na temu metodika klavirna a pisala som cely den, aj ked spalo moje mal"
qHMPVSZeEOVJeANy4PmaCi0s1LX2,6,1771268825954335000,1771268825941525000,108,Insert,e,109,"Dnes som pisala svoju diplomovu pracu na temu metodika klavirna a pisala som cely den, aj ked spalo moje male"
qHMPVSZeEOVJeANy4PmaCi0s1LX2,6,1771268826043284000,1771268826038921000,109,Insert, ,110,"Dnes som pisala svoju diplomovu pracu na temu metodika klavirna a pisala som cely den, aj ked spalo moje male "
qHMPVSZeEOVJeANy4PmaCi0s1LX2,6,1771268826222057000,1771268826214882000,110,Insert,d,111,"Dnes som pisala svoju diplomovu pracu na temu metodika klavirna a pisala som cely den, aj ked spalo moje male d"
qHMPVSZeEOVJeANy4PmaCi0s1LX2,6,1771268826340535000,1771268826334892000,111,Insert,i,112,"Dnes som pisala svoju diplomovu pracu na temu metodika klavirna a pisala som cely den, aj ked spalo moje male di"
qHMPVSZeEOVJeANy4PmaCi0s1LX2,6,1771268826486736000,1771268826476664000,112,Insert,e,113,"Dnes som pisala svoju diplomovu pracu na temu metodika klavirna a pisala som cely den, aj ked spalo moje male die"
qHMPVSZeEOVJeANy4PmaCi0s1LX2,6,1771268826614642000,1771268826609265000,113,Insert,t,114,"Dnes som pisala svoju diplomovu pracu na temu metodika klavirna a pisala som cely den, aj ked spalo moje male diet"
qHMPVSZeEOVJeANy4PmaCi0s1LX2,6,1771268828594522000,1771268828587629000,114,Insert,a,115,"Dnes som pisala svoju diplomovu pracu na temu metodika klavirna a pisala som cely den, aj ked spalo moje male dieta"
qHMPVSZeEOVJeANy4PmaCi0s1LX2,6,1771268828952121000,1771268828944510000,115,Insert,",",116,"Dnes som pisala svoju diplomovu pracu na temu metodika klavirna a pisala som cely den, aj ked spalo moje male dieta,"
qHMPVSZeEOVJeANy4PmaCi0s1LX2,6,1771268829074671000,1771268829065629000,116,Insert, ,117,"Dnes som pisala svoju diplomovu pracu na temu metodika klavirna a pisala som cely den, aj ked spalo moje male dieta, "
qHMPVSZeEOVJeANy4PmaCi0s1LX2,6,1771268829340818000,1771268829333186000,117,Insert,a,118,"Dnes som pisala svoju diplomovu pracu na temu metodika klavirna a pisala som cely den, aj ked spalo moje male dieta, a"
qHMPVSZeEOVJeANy4PmaCi0s1LX2,6,1771268829447882000,1771268829442566000,118,Insert,j,119,"Dnes som pisala svoju diplomovu pracu na temu metodika klavirna a pisala som cely den, aj ked spalo moje male dieta, aj"
qHMPVSZeEOVJeANy4PmaCi0s1LX2,6,1771268829641687000,1771268829636971000,119,Insert, ,120,"Dnes som pisala svoju diplomovu pracu na temu metodika klavirna a pisala som cely den, aj ked spalo moje male dieta, aj "
qHMPVSZeEOVJeANy4PmaCi0s1LX2,6,1771268830470403000,1771268830462463000,120,Insert,v,121,"Dnes som pisala svoju diplomovu pracu na temu metodika klavirna a pisala som cely den, aj ked spalo moje male dieta, aj v"
qHMPVSZeEOVJeANy4PmaCi0s1LX2,6,1771268830734091000,1771268830727718000,121,Insert,t,122,"Dnes som pisala svoju diplomovu pracu na temu metodika klavirna a pisala som cely den, aj ked spalo moje male dieta, aj vt"
qHMPVSZeEOVJeANy4PmaCi0s1LX2,6,1771268830907775000,1771268830903472000,122,Insert,e,123,"Dnes som pisala svoju diplomovu pracu na temu metodika klavirna a pisala som cely den, aj ked spalo moje male dieta, aj vte"
qHMPVSZeEOVJeANy4PmaCi0s1LX2,6,1771268831121196000,1771268831116563000,123,Insert,d,124,"Dnes som pisala svoju diplomovu pracu na temu metodika klavirna a pisala som cely den, aj ked spalo moje male dieta, aj vted"
qHMPVSZeEOVJeANy4PmaCi0s1LX2,6,1771268831411142000,1771268831402569000,124,Insert,y,125,"Dnes som pisala svoju diplomovu pracu na temu metodika klavirna a pisala som cely den, aj ked spalo moje male dieta, aj vtedy"
qHMPVSZeEOVJeANy4PmaCi0s1LX2,6,1771268831534827000,1771268831530183000,125,Insert, ,126,"Dnes som pisala svoju diplomovu pracu na temu metodika klavirna a pisala som cely den, aj ked spalo moje male dieta, aj vtedy "
qHMPVSZeEOVJeANy4PmaCi0s1LX2,6,1771268832235006000,1771268832227566000,126,Insert,s,127,"Dnes som pisala svoju diplomovu pracu na temu metodika klavirna a pisala som cely den, aj ked spalo moje male dieta, aj vtedy s"
qHMPVSZeEOVJeANy4PmaCi0s1LX2,6,1771268832371556000,1771268832366101000,127,Insert,o,128,"Dnes som pisala svoju diplomovu pracu na temu metodika klavirna a pisala som cely den, aj ked spalo moje male dieta, aj vtedy so"
qHMPVSZeEOVJeANy4PmaCi0s1LX2,6,1771268832647264000,1771268832640097000,128,Insert,m,129,"Dnes som pisala svoju diplomovu pracu na temu metodika klavirna a pisala som cely den, aj ked spalo moje male dieta, aj vtedy som"
qHMPVSZeEOVJeANy4PmaCi0s1LX2,6,1771268832917710000,1771268832907175000,129,Insert, ,130,"Dnes som pisala svoju diplomovu pracu na temu metodika klavirna a pisala som cely den, aj ked spalo moje male dieta, aj vtedy som "
qHMPVSZeEOVJeANy4PmaCi0s1LX2,6,1771268834328436000,1771268834319625000,130,Insert,p,131,"Dnes som pisala svoju diplomovu pracu na temu metodika klavirna a pisala som cely den, aj ked spalo moje male dieta, aj vtedy som p"
qHMPVSZeEOVJeANy4PmaCi0s1LX2,6,1771268834557362000,1771268834550075000,131,Insert,i,132,"Dnes som pisala svoju diplomovu pracu na temu metodika klavirna a pisala som cely den, aj ked spalo moje male dieta, aj vtedy som pi"
qHMPVSZeEOVJeANy4PmaCi0s1LX2,6,1771268834793790000,1771268834787176000,132,Insert,s,133,"Dnes som pisala svoju diplomovu pracu na temu metodika klavirna a pisala som cely den, aj ked spalo moje male dieta, aj vtedy som pis"
qHMPVSZeEOVJeANy4PmaCi0s1LX2,6,1771268835079821000,1771268835072952000,133,Insert,a,134,"Dnes som pisala svoju diplomovu pracu na temu metodika klavirna a pisala som cely den, aj ked spalo moje male dieta, aj vtedy som pisa"
qHMPVSZeEOVJeANy4PmaCi0s1LX2,6,1771268835192231000,1771268835187610000,134,Insert,l,135,"Dnes som pisala svoju diplomovu pracu na temu metodika klavirna a pisala som cely den, aj ked spalo moje male dieta, aj vtedy som pisal"
qHMPVSZeEOVJeANy4PmaCi0s1LX2,6,1771268835344584000,1771268835339524000,135,Insert,a,136,"Dnes som pisala svoju diplomovu pracu na temu metodika klavirna a pisala som cely den, aj ked spalo moje male dieta, aj vtedy som pisala"
qHMPVSZeEOVJeANy4PmaCi0s1LX2,6,1771268835988344000,1771268835977078000,136,Insert,.,137,"Dnes som pisala svoju diplomovu pracu na temu metodika klavirna a pisala som cely den, aj ked spalo moje male dieta, aj vtedy som pisala."
qHMPVSZeEOVJeANy4PmaCi0s1LX2,7,1771268837521688000,1771268837515445000,0,Insert,D,1,D
qHMPVSZeEOVJeANy4PmaCi0s1LX2,7,1771268837764654000,1771268837758070000,1,Insert,n,2,Dn
qHMPVSZeEOVJeANy4PmaCi0s1LX2,7,1771268837876568000,1771268837872944000,2,Insert,e,3,Dne
qHMPVSZeEOVJeANy4PmaCi0s1LX2,7,1771268838088150000,1771268838084484000,3,Insert,s,4,Dnes
qHMPVSZeEOVJeANy4PmaCi0s1LX2,7,1771268838198231000,1771268838194140000,4,Insert, ,5,Dnes 
qHMPVSZeEOVJeANy4PmaCi0s1LX2,7,1771268838589316000,1771268838583134000,5,Insert,s,6,Dnes s
qHMPVSZeEOVJeANy4PmaCi0s1LX2,7,1771268838762794000,1771268838757053000,6,Insert,o,7,Dnes so
qHMPVSZeEOVJeANy4PmaCi0s1LX2,7,1771268838962718000,1771268838957706000,7,Insert,m,8,Dnes som
qHMPVSZeEOVJeANy4PmaCi0s1LX2,7,1771268839167148000,1771268839163197000,8,Insert, ,9,Dnes som 
qHMPVSZeEOVJeANy4PmaCi0s1LX2,7,1771268839702961000,1771268839699069000,9,Insert,p,10,Dnes som p
qHMPVSZeEOVJeANy4PmaCi0s1LX2,7,1771268839964623000,1771268839958489000,10,Insert,i,11,Dnes som pi
qHMPVSZeEOVJeANy4PmaCi0s1LX2,7,1771268840171282000,1771268840165408000,11,Insert,s,12,Dnes som pis
qHMPVSZeEOVJeANy4PmaCi0s1LX2,7,1771268840407448000,1771268840401317000,12,Insert,a,13,Dnes som pisa
qHMPVSZeEOVJeANy4PmaCi0s1LX2,7,1771268840527312000,1771268840523054000,13,Insert,l,14,Dnes som pisal
qHMPVSZeEOVJeANy4PmaCi0s1LX2,7,1771268840647694000,1771268840643798000,14,Insert,a,15,Dnes som pisala
qHMPVSZeEOVJeANy4PmaCi0s1LX2,7,1771268841076970000,1771268841068974000,15,Insert, ,16,Dnes som pisala 
qHMPVSZeEOVJeANy4PmaCi0s1LX2,7,1771268842306179000,1771268842297065000,16,Insert,s,17,Dnes som pisala s
qHMPVSZeEOVJeANy4PmaCi0s1LX2,7,1771268842408222000,1771268842399790000,17,Insert,v,18,Dnes som pisala sv
qHMPVSZeEOVJeANy4PmaCi0s1LX2,7,1771268842615762000,1771268842610688000,18,Insert,o,19,Dnes som pisala svo
qHMPVSZeEOVJeANy4PmaCi0s1LX2,7,1771268842777557000,1771268842773132000,19,Insert,j,20,Dnes som pisala svoj
qHMPVSZeEOVJeANy4PmaCi0s1LX2,7,1771268842953534000,1771268842949312000,20,Insert,u,21,Dnes som pisala svoju
qHMPVSZeEOVJeANy4PmaCi0s1LX2,7,1771268843205516000,1771268843198680000,21,Insert, ,22,Dnes som pisala svoju 
qHMPVSZeEOVJeANy4PmaCi0s1LX2,7,1771268843925307000,1771268843921327000,22,Insert,d,23,Dnes som pisala svoju d
qHMPVSZeEOVJeANy4PmaCi0s1LX2,7,1771268844111014000,1771268844106885000,23,Insert,i,24,Dnes som pisala svoju di
qHMPVSZeEOVJeANy4PmaCi0s1LX2,7,1771268844346063000,1771268844339614000,24,Insert,p,25,Dnes som pisala svoju dip
qHMPVSZeEOVJeANy4PmaCi0s1LX2,7,1771268844564066000,1771268844557981000,25,Insert,l,26,Dnes som pisala svoju dipl
qHMPVSZeEOVJeANy4PmaCi0s1LX2,7,1771268844726816000,1771268844720919000,26,Insert,o,27,Dnes som pisala svoju diplo
qHMPVSZeEOVJeANy4PmaCi0s1LX2,7,1771268844934176000,1771268844928441000,27,Insert,m,28,Dnes som pisala svoju diplom
qHMPVSZeEOVJeANy4PmaCi0s1LX2,7,1771268845132103000,1771268845128298000,28,Insert,o,29,Dnes som pisala svoju diplomo
qHMPVSZeEOVJeANy4PmaCi0s1LX2,7,1771268845443109000,1771268845437044000,29,Insert,v,30,Dnes som pisala svoju diplomov
qHMPVSZeEOVJeANy4PmaCi0s1LX2,7,1771268845539182000,1771268845535448000,30,Insert,u,31,Dnes som pisala svoju diplomovu
qHMPVSZeEOVJeANy4PmaCi0s1LX2,7,1771268845768397000,1771268845759100000,31,Insert, ,32,Dnes som pisala svoju diplomovu 
qHMPVSZeEOVJeANy4PmaCi0s1LX2,7,1771268845997002000,1771268845988097000,32,Insert,p,33,Dnes som pisala svoju diplomovu p
qHMPVSZeEOVJeANy4PmaCi0s1LX2,7,1771268846300291000,1771268846289631000,33,Insert,r,34,Dnes som pisala svoju diplomovu pr
qHMPVSZeEOVJeANy4PmaCi0s1LX2,7,1771268846498848000,1771268846494368000,34,Insert,a,35,Dnes som pisala svoju diplomovu pra
qHMPVSZeEOVJeANy4PmaCi0s1LX2,7,1771268846601136000,1771268846595636000,35,Insert,c,36,Dnes som pisala svoju diplomovu prac
qHMPVSZeEOVJeANy4PmaCi0s1LX2,7,1771268846927043000,1771268846922743000,36,Insert,u,37,Dnes som pisala svoju diplomovu pracu
qHMPVSZeEOVJeANy4PmaCi0s1LX2,7,1771268847294658000,1771268847287582000,37,Insert, ,38,Dnes som pisala svoju diplomovu pracu 
qHMPVSZeEOVJeANy4PmaCi0s1LX2,7,1771268848330839000,1771268848325078000,38,Insert,n,39,Dnes som pisala svoju diplomovu pracu n
qHMPVSZeEOVJeANy4PmaCi0s1LX2,7,1771268848528157000,1771268848523559000,39,Insert,a,40,Dnes som pisala svoju diplomovu pracu na
qHMPVSZeEOVJeANy4PmaCi0s1LX2,7,1771268848590829000,1771268848586240000,40,Insert, ,41,Dnes som pisala svoju diplomovu pracu na 
qHMPVSZeEOVJeANy4PmaCi0s1LX2,7,1771268848848070000,1771268848840978000,41,Insert,t,42,Dnes som pisala svoju diplomovu pracu na t
qHMPVSZeEOVJeANy4PmaCi0s1LX2,7,1771268849001276000,1771268848997476000,42,Insert,e,43,Dnes som pisala svoju diplomovu pracu na te
qHMPVSZeEOVJeANy4PmaCi0s1LX2,7,1771268849143087000,1771268849139238000,43,Insert,m,44,Dnes som pisala svoju diplomovu pracu na tem
qHMPVSZeEOVJeANy4PmaCi0s1LX2,7,1771268849444235000,1771268849435714000,44,Insert,u,45,Dnes som pisala svoju diplomovu pracu na temu
qHMPVSZeEOVJeANy4PmaCi0s1LX2,7,1771268850410823000,1771268850397227000,45,Insert, ,46,Dnes som pisala svoju diplomovu pracu na temu 
qHMPVSZeEOVJeANy4PmaCi0s1LX2,7,1771268850691008000,1771268850684803000,46,Insert,m,47,Dnes som pisala svoju diplomovu pracu na temu m
qHMPVSZeEOVJeANy4PmaCi0s1LX2,7,1771268850950717000,1771268850941915000,47,Insert,e,48,Dnes som pisala svoju diplomovu pracu na temu me
qHMPVSZeEOVJeANy4PmaCi0s1LX2,7,1771268851064351000,1771268851060385000,48,Insert,t,49,Dnes som pisala svoju diplomovu pracu na temu met
qHMPVSZeEOVJeANy4PmaCi0s1LX2,7,1771268851312559000,1771268851306082000,49,Insert,o,50,Dnes som pisala svoju diplomovu pracu na temu meto
qHMPVSZeEOVJeANy4PmaCi0s1LX2,7,1771268851427219000,1771268851423460000,50,Insert,d,51,Dnes som pisala svoju diplomovu pracu na temu metod
qHMPVSZeEOVJeANy4PmaCi0s1LX2,7,1771268851492996000,1771268851487108000,51,Insert,i,52,Dnes som pisala svoju diplomovu pracu na temu metodi
qHMPVSZeEOVJeANy4PmaCi0s1LX2,7,1771268851675226000,1771268851669848000,52,Insert,k,53,Dnes som pisala svoju diplomovu pracu na temu metodik
qHMPVSZeEOVJeANy4PmaCi0s1LX2,7,1771268851860468000,1771268851855780000,53,Insert,a,54,Dnes som pisala svoju diplomovu pracu na temu metodika
qHMPVSZeEOVJeANy4PmaCi0s1LX2,7,1771268851945017000,1771268851938209000,54,Insert, ,55,Dnes som pisala svoju diplomovu pracu na temu metodika 
qHMPVSZeEOVJeANy4PmaCi0s1LX2,7,1771268853175014000,1771268853168656000,55,Insert,k,56,Dnes som pisala svoju diplomovu pracu na temu metodika k
qHMPVSZeEOVJeANy4PmaCi0s1LX2,7,1771268853381517000,1771268853374082000,56,Insert,l,57,Dnes som pisala svoju diplomovu pracu na temu metodika kl
qHMPVSZeEOVJeANy4PmaCi0s1LX2,7,1771268853531661000,1771268853527439000,57,Insert,a,58,Dnes som pisala svoju diplomovu pracu na temu metodika kla
qHMPVSZeEOVJeANy4PmaCi0s1LX2,7,1771268853690114000,1771268853684730000,58,Insert,v,59,Dnes som pisala svoju diplomovu pracu na temu metodika klav
qHMPVSZeEOVJeANy4PmaCi0s1LX2,7,1771268853927533000,1771268853920444000,59,Insert,i,60,Dnes som pisala svoju diplomovu pracu na temu metodika klavi
qHMPVSZeEOVJeANy4PmaCi0s1LX2,7,1771268854106080000,1771268854101901000,60,Insert,r,61,Dnes som pisala svoju diplomovu pracu na temu metodika klavir
qHMPVSZeEOVJeANy4PmaCi0s1LX2,7,1771268854258964000,1771268854254380000,61,Insert,n,62,Dnes som pisala svoju diplomovu pracu na temu metodika klavirn
qHMPVSZeEOVJeANy4PmaCi0s1LX2,7,1771268854473499000,1771268854467847000,62,Insert,a,63,Dnes som pisala svoju diplomovu pracu na temu metodika klavirna
qHMPVSZeEOVJeANy4PmaCi0s1LX2,7,1771268854777444000,1771268854770764000,63,Insert, ,64,Dnes som pisala svoju diplomovu pracu na temu metodika klavirna 
qHMPVSZeEOVJeANy4PmaCi0s1LX2,7,1771268854939786000,1771268854934528000,64,Insert,a,65,Dnes som pisala svoju diplomovu pracu na temu metodika klavirna a
qHMPVSZeEOVJeANy4PmaCi0s1LX2,7,1771268855020615000,1771268855013004000,65,Insert, ,66,Dnes som pisala svoju diplomovu pracu na temu metodika klavirna a 
qHMPVSZeEOVJeANy4PmaCi0s1LX2,7,1771268855288050000,1771268855278854000,66,Insert,p,67,Dnes som pisala svoju diplomovu pracu na temu metodika klavirna a p
qHMPVSZeEOVJeANy4PmaCi0s1LX2,7,1771268855529148000,1771268855522881000,67,Insert,i,68,Dnes som pisala svoju diplomovu pracu na temu metodika klavirna a pi
qHMPVSZeEOVJeANy4PmaCi0s1LX2,7,1771268856146304000,1771268856134503000,68,Insert,s,69,Dnes som pisala svoju diplomovu pracu na temu metodika klavirna a pis
qHMPVSZeEOVJeANy4PmaCi0s1LX2,7,1771268856369557000,1771268856363115000,69,Insert,a,70,Dnes som pisala svoju diplomovu pracu na temu metodika klavirna a pisa
qHMPVSZeEOVJeANy4PmaCi0s1LX2,7,1771268856480651000,1771268856475415000,70,Insert,l,71,Dnes som pisala svoju diplomovu pracu na temu metodika klavirna a pisal
qHMPVSZeEOVJeANy4PmaCi0s1LX2,7,1771268856615526000,1771268856610492000,71,Insert,a,72,Dnes som pisala svoju diplomovu pracu na temu metodika klavirna a pisala
qHMPVSZeEOVJeANy4PmaCi0s1LX2,7,1771268856730398000,1771268856725280000,72,Insert, ,73,Dnes som pisala svoju diplomovu pracu na temu metodika klavirna a pisala 
qHMPVSZeEOVJeANy4PmaCi0s1LX2,7,1771268856921635000,1771268856913713000,73,Insert,s,74,Dnes som pisala svoju diplomovu pracu na temu metodika klavirna a pisala s
qHMPVSZeEOVJeANy4PmaCi0s1LX2,7,1771268857008590000,1771268856999479000,74,Insert,o,75,Dnes som pisala svoju diplomovu pracu na temu metodika klavirna a pisala so
qHMPVSZeEOVJeANy4PmaCi0s1LX2,7,1771268857651225000,1771268857643847000,75,Insert,m,76,Dnes som pisala svoju diplomovu pracu na temu metodika klavirna a pisala som
qHMPVSZeEOVJeANy4PmaCi0s1LX2,7,1771268858036757000,1771268858029868000,76,Insert, ,77,Dnes som pisala svoju diplomovu pracu na temu metodika klavirna a pisala som 
qHMPVSZeEOVJeANy4PmaCi0s1LX2,7,1771268858370959000,1771268858364566000,77,Insert,c,78,Dnes som pisala svoju diplomovu pracu na temu metodika klavirna a pisala som c
qHMPVSZeEOVJeANy4PmaCi0s1LX2,7,1771268858531591000,1771268858526604000,78,Insert,e,79,Dnes som pisala svoju diplomovu pracu na temu metodika klavirna a pisala som ce
qHMPVSZeEOVJeANy4PmaCi0s1LX2,7,1771268858620823000,1771268858617337000,79,Insert,l,80,Dnes som pisala svoju diplomovu pracu na temu metodika klavirna a pisala som cel
qHMPVSZeEOVJeANy4PmaCi0s1LX2,7,1771268858987475000,1771268858978557000,80,Insert,y,81,Dnes som pisala svoju diplomovu pracu na temu metodika klavirna a pisala som cely
qHMPVSZeEOVJeANy4PmaCi0s1LX2,7,1771268859090730000,1771268859086200000,81,Insert, ,82,Dnes som pisala svoju diplomovu pracu na temu metodika klavirna a pisala som cely 
qHMPVSZeEOVJeANy4PmaCi0s1LX2,7,1771268859273010000,1771268859268821000,82,Insert,d,83,Dnes som pisala svoju diplomovu pracu na temu metodika klavirna a pisala som cely d
qHMPVSZeEOVJeANy4PmaCi0s1LX2,7,1771268859529666000,1771268859522825000,83,Insert,e,84,Dnes som pisala svoju diplomovu pracu na temu metodika klavirna a pisala som cely de
qHMPVSZeEOVJeANy4PmaCi0s1LX2,7,1771268859731460000,1771268859727005000,84,Insert,n,85,Dnes som pisala svoju diplomovu pracu na temu metodika klavirna a pisala som cely den
qHMPVSZeEOVJeANy4PmaCi0s1LX2,7,1771268860006372000,1771268859999513000,85,Insert,",",86,"Dnes som pisala svoju diplomovu pracu na temu metodika klavirna a pisala som cely den,"
qHMPVSZeEOVJeANy4PmaCi0s1LX2,7,1771268860608335000,1771268860601241000,86,Insert, ,87,"Dnes som pisala svoju diplomovu pracu na temu metodika klavirna a pisala som cely den, "
qHMPVSZeEOVJeANy4PmaCi0s1LX2,7,1771268861474465000,1771268861467295000,87,Insert,a,88,"Dnes som pisala svoju diplomovu pracu na temu metodika klavirna a pisala som cely den, a"
qHMPVSZeEOVJeANy4PmaCi0s1LX2,7,1771268861597469000,1771268861591369000,88,Insert,j,89,"Dnes som pisala svoju diplomovu pracu na temu metodika klavirna a pisala som cely den, aj"
qHMPVSZeEOVJeANy4PmaCi0s1LX2,7,1771268861792604000,1771268861787759000,89,Insert, ,90,"Dnes som pisala svoju diplomovu pracu na temu metodika klavirna a pisala som cely den, aj "
qHMPVSZeEOVJeANy4PmaCi0s1LX2,7,1771268862011475000,1771268862005403000,90,Insert,k,91,"Dnes som pisala svoju diplomovu pracu na temu metodika klavirna a pisala som cely den, aj k"
qHMPVSZeEOVJeANy4PmaCi0s1LX2,7,1771268862180315000,1771268862175301000,91,Insert,e,92,"Dnes som pisala svoju diplomovu pracu na temu metodika klavirna a pisala som cely den, aj ke"
qHMPVSZeEOVJeANy4PmaCi0s1LX2,7,1771268862424421000,1771268862417720000,92,Insert,d,93,"Dnes som pisala svoju diplomovu pracu na temu metodika klavirna a pisala som cely den, aj ked"
qHMPVSZeEOVJeANy4PmaCi0s1LX2,7,1771268863033408000,1771268863020282000,93,Insert, ,94,"Dnes som pisala svoju diplomovu pracu na temu metodika klavirna a pisala som cely den, aj ked "
qHMPVSZeEOVJeANy4PmaCi0s1LX2,7,1771268863563807000,1771268863557352000,94,Insert,s,95,"Dnes som pisala svoju diplomovu pracu na temu metodika klavirna a pisala som cely den, aj ked s"
qHMPVSZeEOVJeANy4PmaCi0s1LX2,7,1771268863851010000,1771268863846279000,95,Insert,p,96,"Dnes som pisala svoju diplomovu pracu na temu metodika klavirna a pisala som cely den, aj ked sp"
qHMPVSZeEOVJeANy4PmaCi0s1LX2,7,1771268864169879000,1771268864162864000,96,Insert,a,97,"Dnes som pisala svoju diplomovu pracu na temu metodika klavirna a pisala som cely den, aj ked spa"
qHMPVSZeEOVJeANy4PmaCi0s1LX2,7,1771268864279346000,1771268864273624000,97,Insert,l,98,"Dnes som pisala svoju diplomovu pracu na temu metodika klavirna a pisala som cely den, aj ked spal"
qHMPVSZeEOVJeANy4PmaCi0s1LX2,7,1771268864643010000,1771268864635590000,98,Insert,i,99,"Dnes som pisala svoju diplomovu pracu na temu metodika klavirna a pisala som cely den, aj ked spali"
qHMPVSZeEOVJeANy4PmaCi0s1LX2,7,1771268865123455000,1771268865116139000,99,Insert, ,100,"Dnes som pisala svoju diplomovu pracu na temu metodika klavirna a pisala som cely den, aj ked spali "
qHMPVSZeEOVJeANy4PmaCi0s1LX2,7,1771268865559237000,1771268865554634000,100,Delete, ,99,"Dnes som pisala svoju diplomovu pracu na temu metodika klavirna a pisala som cely den, aj ked spali"
qHMPVSZeEOVJeANy4PmaCi0s1LX2,7,1771268865754576000,1771268865750482000,99,Delete,i,98,"Dnes som pisala svoju diplomovu pracu na temu metodika klavirna a pisala som cely den, aj ked spal"
qHMPVSZeEOVJeANy4PmaCi0s1LX2,7,1771268866234044000,1771268866227381000,98,Insert,o,99,"Dnes som pisala svoju diplomovu pracu na temu metodika klavirna a pisala som cely den, aj ked spalo"
qHMPVSZeEOVJeANy4PmaCi0s1LX2,7,1771268866458516000,1771268866450770000,99,Insert, ,100,"Dnes som pisala svoju diplomovu pracu na temu metodika klavirna a pisala som cely den, aj ked spalo "
qHMPVSZeEOVJeANy4PmaCi0s1LX2,7,1771268866827602000,1771268866820662000,100,Insert,m,101,"Dnes som pisala svoju diplomovu pracu na temu metodika klavirna a pisala som cely den, aj ked spalo m"
qHMPVSZeEOVJeANy4PmaCi0s1LX2,7,1771268867033438000,1771268867027974000,101,Insert,o,102,"Dnes som pisala svoju diplomovu pracu na temu metodika klavirna a pisala som cely den, aj ked spalo mo"
qHMPVSZeEOVJeANy4PmaCi0s1LX2,7,1771268867239258000,1771268867232889000,102,Insert,j,103,"Dnes som pisala svoju diplomovu pracu na temu metodika klavirna a pisala som cely den, aj ked spalo moj"
qHMPVSZeEOVJeANy4PmaCi0s1LX2,7,1771268867409294000,1771268867403502000,103,Insert,e,104,"Dnes som pisala svoju diplomovu pracu na temu metodika klavirna a pisala som cely den, aj ked spalo moje"
qHMPVSZeEOVJeANy4PmaCi0s1LX2,7,1771268867529375000,1771268867524829000,104,Insert, ,105,"Dnes som pisala svoju diplomovu pracu na temu metodika klavirna a pisala som cely den, aj ked spalo moje "
qHMPVSZeEOVJeANy4PmaCi0s1LX2,7,1771268868361142000,1771268868352537000,105,Insert,m,106,"Dnes som pisala svoju diplomovu pracu na temu metodika klavirna a pisala som cely den, aj ked spalo moje m"
qHMPVSZeEOVJeANy4PmaCi0s1LX2,7,1771268868511061000,1771268868506128000,106,Insert,a,107,"Dnes som pisala svoju diplomovu pracu na temu metodika klavirna a pisala som cely den, aj ked spalo moje ma"
qHMPVSZeEOVJeANy4PmaCi0s1LX2,7,1771268868615335000,1771268868610672000,107,Insert,l,108,"Dnes som pisala svoju diplomovu pracu na temu metodika klavirna a pisala som cely den, aj ked spalo moje mal"
qHMPVSZeEOVJeANy4PmaCi0s1LX2,7,1771268868810642000,1771268868805908000,108,Insert,e,109,"Dnes som pisala svoju diplomovu pracu na temu metodika klavirna a pisala som cely den, aj ked spalo moje male"
qHMPVSZeEOVJeANy4PmaCi0s1LX2,7,1771268868956212000,1771268868951255000,109,Insert, ,110,"Dnes som pisala svoju diplomovu pracu na temu metodika klavirna a pisala som cely den, aj ked spalo moje male "
qHMPVSZeEOVJeANy4PmaCi0s1LX2,7,1771268869094274000,1771268869090207000,110,Insert,d,111,"Dnes som pisala svoju diplomovu pracu na temu metodika klavirna a pisala som cely den, aj ked spalo moje male d"
qHMPVSZeEOVJeANy4PmaCi0s1LX2,7,1771268869235782000,1771268869228881000,111,Insert,i,112,"Dnes som pisala svoju diplomovu pracu na temu metodika klavirna a pisala som cely den, aj ked spalo moje male di"
qHMPVSZeEOVJeANy4PmaCi0s1LX2,7,1771268869375686000,1771268869369566000,112,Insert,e,113,"Dnes som pisala svoju diplomovu pracu na temu metodika klavirna a pisala som cely den, aj ked spalo moje male die"
qHMPVSZeEOVJeANy4PmaCi0s1LX2,7,1771268869527859000,1771268869520234000,113,Insert,t,114,"Dnes som pisala svoju diplomovu pracu na temu metodika klavirna a pisala som cely den, aj ked spalo moje male diet"
qHMPVSZeEOVJeANy4PmaCi0s1LX2,7,1771268869759871000,1771268869752540000,114,Insert,a,115,"Dnes som pisala svoju diplomovu pracu na temu metodika klavirna a pisala som cely den, aj ked spalo moje male dieta"
qHMPVSZeEOVJeANy4PmaCi0s1LX2,7,1771268871146916000,1771268871137454000,115,Insert,",",116,"Dnes som pisala svoju diplomovu pracu na temu metodika klavirna a pisala som cely den, aj ked spalo moje male dieta,"
qHMPVSZeEOVJeANy4PmaCi0s1LX2,7,1771268871259816000,1771268871250039000,116,Insert, ,117,"Dnes som pisala svoju diplomovu pracu na temu metodika klavirna a pisala som cely den, aj ked spalo moje male dieta, "
qHMPVSZeEOVJeANy4PmaCi0s1LX2,7,1771268871697058000,1771268871690546000,117,Insert,a,118,"Dnes som pisala svoju diplomovu pracu na temu metodika klavirna a pisala som cely den, aj ked spalo moje male dieta, a"
qHMPVSZeEOVJeANy4PmaCi0s1LX2,7,1771268871828506000,1771268871818776000,118,Insert,j,119,"Dnes som pisala svoju diplomovu pracu na temu metodika klavirna a pisala som cely den, aj ked spalo moje male dieta, aj"
qHMPVSZeEOVJeANy4PmaCi0s1LX2,7,1771268872029540000,1771268872017621000,119,Insert, ,120,"Dnes som pisala svoju diplomovu pracu na temu metodika klavirna a pisala som cely den, aj ked spalo moje male dieta, aj "
qHMPVSZeEOVJeANy4PmaCi0s1LX2,7,1771268872268875000,1771268872261720000,120,Insert,v,121,"Dnes som pisala svoju diplomovu pracu na temu metodika klavirna a pisala som cely den, aj ked spalo moje male dieta, aj v"
qHMPVSZeEOVJeANy4PmaCi0s1LX2,7,1771268872502664000,1771268872496354000,121,Insert,t,122,"Dnes som pisala svoju diplomovu pracu na temu metodika klavirna a pisala som cely den, aj ked spalo moje male dieta, aj vt"
qHMPVSZeEOVJeANy4PmaCi0s1LX2,7,1771268872703687000,1771268872697000000,122,Insert,e,123,"Dnes som pisala svoju diplomovu pracu na temu metodika klavirna a pisala som cely den, aj ked spalo moje male dieta, aj vte"
qHMPVSZeEOVJeANy4PmaCi0s1LX2,7,1771268872957077000,1771268872950787000,123,Insert,d,124,"Dnes som pisala svoju diplomovu pracu na temu metodika klavirna a pisala som cely den, aj ked spalo moje male dieta, aj vted"
qHMPVSZeEOVJeANy4PmaCi0s1LX2,7,1771268873253321000,1771268873244840000,124,Insert,y,125,"Dnes som pisala svoju diplomovu pracu na temu metodika klavirna a pisala som cely den, aj ked spalo moje male dieta, aj vtedy"
qHMPVSZeEOVJeANy4PmaCi0s1LX2,7,1771268873350510000,1771268873344766000,125,Insert, ,126,"Dnes som pisala svoju diplomovu pracu na temu metodika klavirna a pisala som cely den, aj ked spalo moje male dieta, aj vtedy "
qHMPVSZeEOVJeANy4PmaCi0s1LX2,7,1771268873551152000,1771268873545006000,126,Insert,s,127,"Dnes som pisala svoju diplomovu pracu na temu metodika klavirna a pisala som cely den, aj ked spalo moje male dieta, aj vtedy s"
qHMPVSZeEOVJeANy4PmaCi0s1LX2,7,1771268874426577000,1771268874418501000,127,Insert,o,128,"Dnes som pisala svoju diplomovu pracu na temu metodika klavirna a pisala som cely den, aj ked spalo moje male dieta, aj vtedy so"
qHMPVSZeEOVJeANy4PmaCi0s1LX2,7,1771268874709139000,1771268874702339000,128,Insert,m,129,"Dnes som pisala svoju diplomovu pracu na temu metodika klavirna a pisala som cely den, aj ked spalo moje male dieta, aj vtedy som"
qHMPVSZeEOVJeANy4PmaCi0s1LX2,7,1771268874905313000,1771268874895580000,129,Insert, ,130,"Dnes som pisala svoju diplomovu pracu na temu metodika klavirna a pisala som cely den, aj ked spalo moje male dieta, aj vtedy som "
qHMPVSZeEOVJeANy4PmaCi0s1LX2,7,1771268875188257000,1771268875181009000,130,Insert,p,131,"Dnes som pisala svoju diplomovu pracu na temu metodika klavirna a pisala som cely den, aj ked spalo moje male dieta, aj vtedy som p"
qHMPVSZeEOVJeANy4PmaCi0s1LX2,7,1771268875404963000,1771268875400421000,131,Insert,i,132,"Dnes som pisala svoju diplomovu pracu na temu metodika klavirna a pisala som cely den, aj ked spalo moje male dieta, aj vtedy som pi"
qHMPVSZeEOVJeANy4PmaCi0s1LX2,7,1771268875898755000,1771268875892176000,132,Insert,s,133,"Dnes som pisala svoju diplomovu pracu na temu metodika klavirna a pisala som cely den, aj ked spalo moje male dieta, aj vtedy som pis"
qHMPVSZeEOVJeANy4PmaCi0s1LX2,7,1771268876207074000,1771268876200158000,133,Insert,a,134,"Dnes som pisala svoju diplomovu pracu na temu metodika klavirna a pisala som cely den, aj ked spalo moje male dieta, aj vtedy som pisa"
qHMPVSZeEOVJeANy4PmaCi0s1LX2,7,1771268876399652000,1771268876395278000,134,Insert,l,135,"Dnes som pisala svoju diplomovu pracu na temu metodika klavirna a pisala som cely den, aj ked spalo moje male dieta, aj vtedy som pisal"
qHMPVSZeEOVJeANy4PmaCi0s1LX2,7,1771268876545716000,1771268876540146000,135,Insert,a,136,"Dnes som pisala svoju diplomovu pracu na temu metodika klavirna a pisala som cely den, aj ked spalo moje male dieta, aj vtedy som pisala"
qHMPVSZeEOVJeANy4PmaCi0s1LX2,7,1771268876779404000,1771268876769381000,136,Insert,.,137,"Dnes som pisala svoju diplomovu pracu na temu metodika klavirna a pisala som cely den, aj ked spalo moje male dieta, aj vtedy som pisala."
qHMPVSZeEOVJeANy4PmaCi0s1LX2,8,1771268878141903000,1771268878132022000,0,Insert,S,1,S
qHMPVSZeEOVJeANy4PmaCi0s1LX2,8,1771268878306077000,1771268878301948000,1,Insert,n,2,Sn
qHMPVSZeEOVJeANy4PmaCi0s1LX2,8,1771268878428336000,1771268878423888000,2,Insert,e,3,Sne
qHMPVSZeEOVJeANy4PmaCi0s1LX2,8,1771268878684152000,1771268878678358000,3,Insert,s,4,Snes
qHMPVSZeEOVJeANy4PmaCi0s1LX2,8,1771268878846265000,1771268878842259000,4,Insert, ,5,Snes 
qHMPVSZeEOVJeANy4PmaCi0s1LX2,8,1771268879289787000,1771268879285485000,5,Delete, ,4,Snes
qHMPVSZeEOVJeANy4PmaCi0s1LX2,8,1771268879440663000,1771268879437931000,4,Delete,s,3,Sne
qHMPVSZeEOVJeANy4PmaCi0s1LX2,8,1771268879586439000,1771268879583463000,3,Delete,e,2,Sn
qHMPVSZeEOVJeANy4PmaCi0s1LX2,8,1771268879729864000,1771268879722569000,2,Delete,n,1,S
qHMPVSZeEOVJeANy4PmaCi0s1LX2,8,1771268879888807000,1771268879886302000,1,Delete,S,0,
qHMPVSZeEOVJeANy4PmaCi0s1LX2,8,1771268880897334000,1771268880887701000,0,Insert,D,1,D
qHMPVSZeEOVJeANy4PmaCi0s1LX2,8,1771268880993720000,1771268880989686000,1,Insert,n,2,Dn
qHMPVSZeEOVJeANy4PmaCi0s1LX2,8,1771268881138600000,1771268881134991000,2,Insert,e,3,Dne
qHMPVSZeEOVJeANy4PmaCi0s1LX2,8,1771268881377557000,1771268881371394000,3,Insert,s,4,Dnes
qHMPVSZeEOVJeANy4PmaCi0s1LX2,8,1771268881470306000,1771268881466158000,4,Insert, ,5,Dnes 
qHMPVSZeEOVJeANy4PmaCi0s1LX2,8,1771268881611140000,1771268881607365000,5,Insert,s,6,Dnes s
qHMPVSZeEOVJeANy4PmaCi0s1LX2,8,1771268881748380000,1771268881744312000,6,Insert,o,7,Dnes so
qHMPVSZeEOVJeANy4PmaCi0s1LX2,8,1771268881984074000,1771268881975611000,7,Insert,m,8,Dnes som
qHMPVSZeEOVJeANy4PmaCi0s1LX2,8,1771268882210309000,1771268882202255000,8,Insert, ,9,Dnes som 
qHMPVSZeEOVJeANy4PmaCi0s1LX2,8,1771268882535535000,1771268882528659000,9,Insert,p,10,Dnes som p
qHMPVSZeEOVJeANy4PmaCi0s1LX2,8,1771268882771735000,1771268882765549000,10,Insert,i,11,Dnes som pi
qHMPVSZeEOVJeANy4PmaCi0s1LX2,8,1771268883006439000,1771268882997286000,11,Insert,s,12,Dnes som pis
qHMPVSZeEOVJeANy4PmaCi0s1LX2,8,1771268883261447000,1771268883254361000,12,Insert,a,13,Dnes som pisa
qHMPVSZeEOVJeANy4PmaCi0s1LX2,8,1771268883361903000,1771268883357705000,13,Insert,l,14,Dnes som pisal
qHMPVSZeEOVJeANy4PmaCi0s1LX2,8,1771268883510607000,1771268883502038000,14,Insert,a,15,Dnes som pisala
qHMPVSZeEOVJeANy4PmaCi0s1LX2,8,1771268884185203000,1771268884178188000,15,Insert, ,16,Dnes som pisala 
qHMPVSZeEOVJeANy4PmaCi0s1LX2,8,1771268884890907000,1771268884886000000,16,Insert,s,17,Dnes som pisala s
qHMPVSZeEOVJeANy4PmaCi0s1LX2,8,1771268885102025000,1771268885097848000,17,Insert,v,18,Dnes som pisala sv
qHMPVSZeEOVJeANy4PmaCi0s1LX2,8,1771268885311632000,1771268885305197000,18,Insert,o,19,Dnes som pisala svo
qHMPVSZeEOVJeANy4PmaCi0s1LX2,8,1771268885465796000,1771268885462060000,19,Insert,j,20,Dnes som pisala svoj
qHMPVSZeEOVJeANy4PmaCi0s1LX2,8,1771268885675537000,1771268885668906000,20,Insert,u,21,Dnes som pisala svoju
qHMPVSZeEOVJeANy4PmaCi0s1LX2,8,1771268886530932000,1771268886525029000,21,Insert, ,22,Dnes som pisala svoju 
qHMPVSZeEOVJeANy4PmaCi0s1LX2,8,1771268887180709000,1771268887172789000,22,Insert,d,23,Dnes som pisala svoju d
qHMPVSZeEOVJeANy4PmaCi0s1LX2,8,1771268887347283000,1771268887342534000,23,Insert,i,24,Dnes som pisala svoju di
qHMPVSZeEOVJeANy4PmaCi0s1LX2,8,1771268887597488000,1771268887590475000,24,Insert,p,25,Dnes som pisala svoju dip
qHMPVSZeEOVJeANy4PmaCi0s1LX2,8,1771268887802950000,1771268887798436000,25,Insert,l,26,Dnes som pisala svoju dipl
qHMPVSZeEOVJeANy4PmaCi0s1LX2,8,1771268887964196000,1771268887960315000,26,Insert,o,27,Dnes som pisala svoju diplo
qHMPVSZeEOVJeANy4PmaCi0s1LX2,8,1771268888168830000,1771268888162056000,27,Insert,m,28,Dnes som pisala svoju diplom
qHMPVSZeEOVJeANy4PmaCi0s1LX2,8,1771268888339801000,1771268888335955000,28,Insert,o,29,Dnes som pisala svoju diplomo
qHMPVSZeEOVJeANy4PmaCi0s1LX2,8,1771268888593025000,1771268888587123000,29,Insert,v,30,Dnes som pisala svoju diplomov
qHMPVSZeEOVJeANy4PmaCi0s1LX2,8,1771268888840795000,1771268888834380000,30,Insert,u,31,Dnes som pisala svoju diplomovu
qHMPVSZeEOVJeANy4PmaCi0s1LX2,8,1771268889035400000,1771268889030184000,31,Insert, ,32,Dnes som pisala svoju diplomovu 
qHMPVSZeEOVJeANy4PmaCi0s1LX2,8,1771268889234536000,1771268889228317000,32,Insert,p,33,Dnes som pisala svoju diplomovu p
qHMPVSZeEOVJeANy4PmaCi0s1LX2,8,1771268889545335000,1771268889539209000,33,Insert,r,34,Dnes som pisala svoju diplomovu pr
qHMPVSZeEOVJeANy4PmaCi0s1LX2,8,1771268889700040000,1771268889696179000,34,Insert,a,35,Dnes som pisala svoju diplomovu pra
qHMPVSZeEOVJeANy4PmaCi0s1LX2,8,1771268889767304000,1771268889762847000,35,Insert,c,36,Dnes som pisala svoju diplomovu prac
qHMPVSZeEOVJeANy4PmaCi0s1LX2,8,1771268890060740000,1771268890054161000,36,Insert,u,37,Dnes som pisala svoju diplomovu pracu
qHMPVSZeEOVJeANy4PmaCi0s1LX2,8,1771268890511451000,1771268890503698000,37,Insert, ,38,Dnes som pisala svoju diplomovu pracu 
qHMPVSZeEOVJeANy4PmaCi0s1LX2,8,1771268891072700000,1771268891068737000,38,Insert,n,39,Dnes som pisala svoju diplomovu pracu n
qHMPVSZeEOVJeANy4PmaCi0s1LX2,8,1771268891195489000,1771268891191061000,39,Insert,a,40,Dnes som pisala svoju diplomovu pracu na
qHMPVSZeEOVJeANy4PmaCi0s1LX2,8,1771268891285629000,1771268891280538000,40,Insert, ,41,Dnes som pisala svoju diplomovu pracu na 
qHMPVSZeEOVJeANy4PmaCi0s1LX2,8,1771268891532792000,1771268891523439000,41,Insert,t,42,Dnes som pisala svoju diplomovu pracu na t
qHMPVSZeEOVJeANy4PmaCi0s1LX2,8,1771268891686012000,1771268891681706000,42,Insert,e,43,Dnes som pisala svoju diplomovu pracu na te
qHMPVSZeEOVJeANy4PmaCi0s1LX2,8,1771268891808094000,1771268891803814000,43,Insert,m,44,Dnes som pisala svoju diplomovu pracu na tem
qHMPVSZeEOVJeANy4PmaCi0s1LX2,8,1771268892072153000,1771268892065108000,44,Insert,u,45,Dnes som pisala svoju diplomovu pracu na temu
qHMPVSZeEOVJeANy4PmaCi0s1LX2,8,1771268892324955000,1771268892317623000,45,Insert, ,46,Dnes som pisala svoju diplomovu pracu na temu 
qHMPVSZeEOVJeANy4PmaCi0s1LX2,8,1771268893018042000,1771268893012091000,46,Insert,m,47,Dnes som pisala svoju diplomovu pracu na temu m
qHMPVSZeEOVJeANy4PmaCi0s1LX2,8,1771268893197088000,1771268893192014000,47,Insert,e,48,Dnes som pisala svoju diplomovu pracu na temu me
qHMPVSZeEOVJeANy4PmaCi0s1LX2,8,1771268893465870000,1771268893459243000,48,Insert,r,49,Dnes som pisala svoju diplomovu pracu na temu mer
qHMPVSZeEOVJeANy4PmaCi0s1LX2,8,1771268893594925000,1771268893590929000,49,Insert,o,50,Dnes som pisala svoju diplomovu pracu na temu mero
qHMPVSZeEOVJeANy4PmaCi0s1LX2,8,1771268893714319000,1771268893708918000,50,Insert,d,51,Dnes som pisala svoju diplomovu pracu na temu merod
qHMPVSZeEOVJeANy4PmaCi0s1LX2,8,1771268893773012000,1771268893768309000,51,Insert,i,52,Dnes som pisala svoju diplomovu pracu na temu merodi
qHMPVSZeEOVJeANy4PmaCi0s1LX2,8,1771268893954143000,1771268893949481000,52,Insert,k,53,Dnes som pisala svoju diplomovu pracu na temu merodik
qHMPVSZeEOVJeANy4PmaCi0s1LX2,8,1771268894118763000,1771268894113875000,53,Insert,a,54,Dnes som pisala svoju diplomovu pracu na temu merodika
qHMPVSZeEOVJeANy4PmaCi0s1LX2,8,1771268894287221000,1771268894283121000,54,Insert, ,55,Dnes som pisala svoju diplomovu pracu na temu merodika 
qHMPVSZeEOVJeANy4PmaCi0s1LX2,8,1771268894712980000,1771268894708805000,55,Delete, ,54,Dnes som pisala svoju diplomovu pracu na temu merodika
qHMPVSZeEOVJeANy4PmaCi0s1LX2,8,1771268894845402000,1771268894842590000,54,Delete,a,53,Dnes som pisala svoju diplomovu pracu na temu merodik
qHMPVSZeEOVJeANy4PmaCi0s1LX2,8,1771268894986521000,1771268894982618000,53,Delete,k,52,Dnes som pisala svoju diplomovu pracu na temu merodi
qHMPVSZeEOVJeANy4PmaCi0s1LX2,8,1771268895637303000,1771268895633164000,52,Delete,i,51,Dnes som pisala svoju diplomovu pracu na temu merod
qHMPVSZeEOVJeANy4PmaCi0s1LX2,8,1771268895797095000,1771268895793926000,51,Delete,d,50,Dnes som pisala svoju diplomovu pracu na temu mero
qHMPVSZeEOVJeANy4PmaCi0s1LX2,8,1771268895967362000,1771268895958676000,50,Delete,o,49,Dnes som pisala svoju diplomovu pracu na temu mer
qHMPVSZeEOVJeANy4PmaCi0s1LX2,8,1771268896125483000,1771268896122357000,49,Delete,r,48,Dnes som pisala svoju diplomovu pracu na temu me
qHMPVSZeEOVJeANy4PmaCi0s1LX2,8,1771268896793003000,1771268896784952000,48,Insert,t,49,Dnes som pisala svoju diplomovu pracu na temu met
qHMPVSZeEOVJeANy4PmaCi0s1LX2,8,1771268897104942000,1771268897098524000,49,Insert,o,50,Dnes som pisala svoju diplomovu pracu na temu meto
qHMPVSZeEOVJeANy4PmaCi0s1LX2,8,1771268897243075000,1771268897237894000,50,Insert,d,51,Dnes som pisala svoju diplomovu pracu na temu metod
qHMPVSZeEOVJeANy4PmaCi0s1LX2,8,1771268897324960000,1771268897320700000,51,Insert,i,52,Dnes som pisala svoju diplomovu pracu na temu metodi
qHMPVSZeEOVJeANy4PmaCi0s1LX2,8,1771268897508054000,1771268897504059000,52,Insert,k,53,Dnes som pisala svoju diplomovu pracu na temu metodik
qHMPVSZeEOVJeANy4PmaCi0s1LX2,8,1771268897722306000,1771268897714960000,53,Insert,a,54,Dnes som pisala svoju diplomovu pracu na temu metodika
qHMPVSZeEOVJeANy4PmaCi0s1LX2,8,1771268898009611000,1771268898002806000,54,Insert, ,55,Dnes som pisala svoju diplomovu pracu na temu metodika 
qHMPVSZeEOVJeANy4PmaCi0s1LX2,8,1771268898528410000,1771268898521618000,55,Insert,k,56,Dnes som pisala svoju diplomovu pracu na temu metodika k
qHMPVSZeEOVJeANy4PmaCi0s1LX2,8,1771268898747519000,1771268898740298000,56,Insert,l,57,Dnes som pisala svoju diplomovu pracu na temu metodika kl
qHMPVSZeEOVJeANy4PmaCi0s1LX2,8,1771268898948812000,1771268898943909000,57,Insert,a,58,Dnes som pisala svoju diplomovu pracu na temu metodika kla
qHMPVSZeEOVJeANy4PmaCi0s1LX2,8,1771268899077596000,1771268899073270000,58,Insert,v,59,Dnes som pisala svoju diplomovu pracu na temu metodika klav
qHMPVSZeEOVJeANy4PmaCi0s1LX2,8,1771268899367258000,1771268899360023000,59,Insert,i,60,Dnes som pisala svoju diplomovu pracu na temu metodika klavi
qHMPVSZeEOVJeANy4PmaCi0s1LX2,8,1771268899615665000,1771268899609276000,60,Insert,r,61,Dnes som pisala svoju diplomovu pracu na temu metodika klavir
qHMPVSZeEOVJeANy4PmaCi0s1LX2,8,1771268899841336000,1771268899833607000,61,Insert,n,62,Dnes som pisala svoju diplomovu pracu na temu metodika klavirn
qHMPVSZeEOVJeANy4PmaCi0s1LX2,8,1771268900111697000,1771268900105835000,62,Insert,a,63,Dnes som pisala svoju diplomovu pracu na temu metodika klavirna
qHMPVSZeEOVJeANy4PmaCi0s1LX2,8,1771268901556233000,1771268901548033000,63,Insert, ,64,Dnes som pisala svoju diplomovu pracu na temu metodika klavirna 
qHMPVSZeEOVJeANy4PmaCi0s1LX2,8,1771268901810794000,1771268901804574000,64,Insert,a,65,Dnes som pisala svoju diplomovu pracu na temu metodika klavirna a
qHMPVSZeEOVJeANy4PmaCi0s1LX2,8,1771268901951050000,1771268901945948000,65,Insert, ,66,Dnes som pisala svoju diplomovu pracu na temu metodika klavirna a 
qHMPVSZeEOVJeANy4PmaCi0s1LX2,8,1771268902308789000,1771268902301250000,66,Insert,p,67,Dnes som pisala svoju diplomovu pracu na temu metodika klavirna a p
qHMPVSZeEOVJeANy4PmaCi0s1LX2,8,1771268902856847000,1771268902851409000,67,Insert,i,68,Dnes som pisala svoju diplomovu pracu na temu metodika klavirna a pi
qHMPVSZeEOVJeANy4PmaCi0s1LX2,8,1771268903192058000,1771268903186582000,68,Insert,s,69,Dnes som pisala svoju diplomovu pracu na temu metodika klavirna a pis
qHMPVSZeEOVJeANy4PmaCi0s1LX2,8,1771268903453803000,1771268903448038000,69,Insert,a,70,Dnes som pisala svoju diplomovu pracu na temu metodika klavirna a pisa
qHMPVSZeEOVJeANy4PmaCi0s1LX2,8,1771268903626295000,1771268903621898000,70,Insert,l,71,Dnes som pisala svoju diplomovu pracu na temu metodika klavirna a pisal
qHMPVSZeEOVJeANy4PmaCi0s1LX2,8,1771268903760628000,1771268903755537000,71,Insert,a,72,Dnes som pisala svoju diplomovu pracu na temu metodika klavirna a pisala
qHMPVSZeEOVJeANy4PmaCi0s1LX2,8,1771268903889003000,1771268903884005000,72,Insert, ,73,Dnes som pisala svoju diplomovu pracu na temu metodika klavirna a pisala 
qHMPVSZeEOVJeANy4PmaCi0s1LX2,8,1771268904755834000,1771268904751258000,73,Insert,s,74,Dnes som pisala svoju diplomovu pracu na temu metodika klavirna a pisala s
qHMPVSZeEOVJeANy4PmaCi0s1LX2,8,1771268904925223000,1771268904914740000,74,Insert,o,75,Dnes som pisala svoju diplomovu pracu na temu metodika klavirna a pisala so
qHMPVSZeEOVJeANy4PmaCi0s1LX2,8,1771268905150681000,1771268905143814000,75,Insert,m,76,Dnes som pisala svoju diplomovu pracu na temu metodika klavirna a pisala som
qHMPVSZeEOVJeANy4PmaCi0s1LX2,8,1771268905318195000,1771268905313477000,76,Insert, ,77,Dnes som pisala svoju diplomovu pracu na temu metodika klavirna a pisala som 
qHMPVSZeEOVJeANy4PmaCi0s1LX2,8,1771268905641874000,1771268905634217000,77,Insert,c,78,Dnes som pisala svoju diplomovu pracu na temu metodika klavirna a pisala som c
qHMPVSZeEOVJeANy4PmaCi0s1LX2,8,1771268905805137000,1771268905800809000,78,Insert,e,79,Dnes som pisala svoju diplomovu pracu na temu metodika klavirna a pisala som ce
qHMPVSZeEOVJeANy4PmaCi0s1LX2,8,1771268905900008000,1771268905896320000,79,Insert,l,80,Dnes som pisala svoju diplomovu pracu na temu metodika klavirna a pisala som cel
qHMPVSZeEOVJeANy4PmaCi0s1LX2,8,1771268906252647000,1771268906245383000,80,Insert,y,81,Dnes som pisala svoju diplomovu pracu na temu metodika klavirna a pisala som cely
qHMPVSZeEOVJeANy4PmaCi0s1LX2,8,1771268906321501000,1771268906316620000,81,Insert, ,82,Dnes som pisala svoju diplomovu pracu na temu metodika klavirna a pisala som cely 
qHMPVSZeEOVJeANy4PmaCi0s1LX2,8,1771268906507902000,1771268906503826000,82,Insert,d,83,Dnes som pisala svoju diplomovu pracu na temu metodika klavirna a pisala som cely d
qHMPVSZeEOVJeANy4PmaCi0s1LX2,8,1771268906734544000,1771268906728186000,83,Insert,e,84,Dnes som pisala svoju diplomovu pracu na temu metodika klavirna a pisala som cely de
qHMPVSZeEOVJeANy4PmaCi0s1LX2,8,1771268906861194000,1771268906855534000,84,Insert,n,85,Dnes som pisala svoju diplomovu pracu na temu metodika klavirna a pisala som cely den
qHMPVSZeEOVJeANy4PmaCi0s1LX2,8,1771268907804588000,1771268907798045000,85,Insert,",",86,"Dnes som pisala svoju diplomovu pracu na temu metodika klavirna a pisala som cely den,"
qHMPVSZeEOVJeANy4PmaCi0s1LX2,8,1771268907950182000,1771268907944349000,86,Insert, ,87,"Dnes som pisala svoju diplomovu pracu na temu metodika klavirna a pisala som cely den, "
qHMPVSZeEOVJeANy4PmaCi0s1LX2,8,1771268908200523000,1771268908188740000,87,Insert,a,88,"Dnes som pisala svoju diplomovu pracu na temu metodika klavirna a pisala som cely den, a"
qHMPVSZeEOVJeANy4PmaCi0s1LX2,8,1771268908282243000,1771268908273525000,88,Insert,j,89,"Dnes som pisala svoju diplomovu pracu na temu metodika klavirna a pisala som cely den, aj"
qHMPVSZeEOVJeANy4PmaCi0s1LX2,8,1771268908458259000,1771268908453000000,89,Insert, ,90,"Dnes som pisala svoju diplomovu pracu na temu metodika klavirna a pisala som cely den, aj "
qHMPVSZeEOVJeANy4PmaCi0s1LX2,8,1771268908671009000,1771268908664135000,90,Insert,k,91,"Dnes som pisala svoju diplomovu pracu na temu metodika klavirna a pisala som cely den, aj k"
qHMPVSZeEOVJeANy4PmaCi0s1LX2,8,1771268908867051000,1771268908861040000,91,Insert,e,92,"Dnes som pisala svoju diplomovu pracu na temu metodika klavirna a pisala som cely den, aj ke"
qHMPVSZeEOVJeANy4PmaCi0s1LX2,8,1771268909116391000,1771268909109416000,92,Insert,d,93,"Dnes som pisala svoju diplomovu pracu na temu metodika klavirna a pisala som cely den, aj ked"
qHMPVSZeEOVJeANy4PmaCi0s1LX2,8,1771268909223210000,1771268909218365000,93,Insert, ,94,"Dnes som pisala svoju diplomovu pracu na temu metodika klavirna a pisala som cely den, aj ked "
qHMPVSZeEOVJeANy4PmaCi0s1LX2,8,1771268910177973000,1771268910173527000,94,Insert,s,95,"Dnes som pisala svoju diplomovu pracu na temu metodika klavirna a pisala som cely den, aj ked s"
qHMPVSZeEOVJeANy4PmaCi0s1LX2,8,1771268910443697000,1771268910436044000,95,Insert,p,96,"Dnes som pisala svoju diplomovu pracu na temu metodika klavirna a pisala som cely den, aj ked sp"
qHMPVSZeEOVJeANy4PmaCi0s1LX2,8,1771268910593146000,1771268910584610000,96,Insert,a,97,"Dnes som pisala svoju diplomovu pracu na temu metodika klavirna a pisala som cely den, aj ked spa"
qHMPVSZeEOVJeANy4PmaCi0s1LX2,8,1771268910678907000,1771268910674841000,97,Insert,l,98,"Dnes som pisala svoju diplomovu pracu na temu metodika klavirna a pisala som cely den, aj ked spal"
qHMPVSZeEOVJeANy4PmaCi0s1LX2,8,1771268910847085000,1771268910843018000,98,Insert,o,99,"Dnes som pisala svoju diplomovu pracu na temu metodika klavirna a pisala som cely den, aj ked spalo"
qHMPVSZeEOVJeANy4PmaCi0s1LX2,8,1771268911101353000,1771268911092370000,99,Insert, ,100,"Dnes som pisala svoju diplomovu pracu na temu metodika klavirna a pisala som cely den, aj ked spalo "
qHMPVSZeEOVJeANy4PmaCi0s1LX2,8,1771268911582999000,1771268911577084000,100,Insert,m,101,"Dnes som pisala svoju diplomovu pracu na temu metodika klavirna a pisala som cely den, aj ked spalo m"
qHMPVSZeEOVJeANy4PmaCi0s1LX2,8,1771268911775693000,1771268911771546000,101,Insert,o,102,"Dnes som pisala svoju diplomovu pracu na temu metodika klavirna a pisala som cely den, aj ked spalo mo"
qHMPVSZeEOVJeANy4PmaCi0s1LX2,8,1771268911989708000,1771268911985427000,102,Insert,j,103,"Dnes som pisala svoju diplomovu pracu na temu metodika klavirna a pisala som cely den, aj ked spalo moj"
qHMPVSZeEOVJeANy4PmaCi0s1LX2,8,1771268912176963000,1771268912171914000,103,Insert,e,104,"Dnes som pisala svoju diplomovu pracu na temu metodika klavirna a pisala som cely den, aj ked spalo moje"
qHMPVSZeEOVJeANy4PmaCi0s1LX2,8,1771268912236400000,1771268912231998000,104,Insert, ,105,"Dnes som pisala svoju diplomovu pracu na temu metodika klavirna a pisala som cely den, aj ked spalo moje "
qHMPVSZeEOVJeANy4PmaCi0s1LX2,8,1771268912483343000,1771268912476816000,105,Insert,m,106,"Dnes som pisala svoju diplomovu pracu na temu metodika klavirna a pisala som cely den, aj ked spalo moje m"
qHMPVSZeEOVJeANy4PmaCi0s1LX2,8,1771268912644030000,1771268912639756000,106,Insert,a,107,"Dnes som pisala svoju diplomovu pracu na temu metodika klavirna a pisala som cely den, aj ked spalo moje ma"
qHMPVSZeEOVJeANy4PmaCi0s1LX2,8,1771268912772869000,1771268912767640000,107,Insert,l,108,"Dnes som pisala svoju diplomovu pracu na temu metodika klavirna a pisala som cely den, aj ked spalo moje mal"
qHMPVSZeEOVJeANy4PmaCi0s1LX2,8,1771268913102338000,1771268913095384000,108,Insert,e,109,"Dnes som pisala svoju diplomovu pracu na temu metodika klavirna a pisala som cely den, aj ked spalo moje male"
qHMPVSZeEOVJeANy4PmaCi0s1LX2,8,1771268913220630000,1771268913215859000,109,Insert, ,110,"Dnes som pisala svoju diplomovu pracu na temu metodika klavirna a pisala som cely den, aj ked spalo moje male "
qHMPVSZeEOVJeANy4PmaCi0s1LX2,8,1771268913707418000,1771268913700988000,110,Insert,d,111,"Dnes som pisala svoju diplomovu pracu na temu metodika klavirna a pisala som cely den, aj ked spalo moje male d"
qHMPVSZeEOVJeANy4PmaCi0s1LX2,8,1771268913950506000,1771268913943489000,111,Insert,i,112,"Dnes som pisala svoju diplomovu pracu na temu metodika klavirna a pisala som cely den, aj ked spalo moje male di"
qHMPVSZeEOVJeANy4PmaCi0s1LX2,8,1771268914129715000,1771268914118830000,112,Insert,e,113,"Dnes som pisala svoju diplomovu pracu na temu metodika klavirna a pisala som cely den, aj ked spalo moje male die"
qHMPVSZeEOVJeANy4PmaCi0s1LX2,8,1771268914271264000,1771268914267063000,113,Insert,t,114,"Dnes som pisala svoju diplomovu pracu na temu metodika klavirna a pisala som cely den, aj ked spalo moje male diet"
qHMPVSZeEOVJeANy4PmaCi0s1LX2,8,1771268914531153000,1771268914521779000,114,Insert,a,115,"Dnes som pisala svoju diplomovu pracu na temu metodika klavirna a pisala som cely den, aj ked spalo moje male dieta"
qHMPVSZeEOVJeANy4PmaCi0s1LX2,8,1771268914900725000,1771268914892454000,115,Insert,",",116,"Dnes som pisala svoju diplomovu pracu na temu metodika klavirna a pisala som cely den, aj ked spalo moje male dieta,"
qHMPVSZeEOVJeANy4PmaCi0s1LX2,8,1771268915528548000,1771268915519204000,116,Insert, ,117,"Dnes som pisala svoju diplomovu pracu na temu metodika klavirna a pisala som cely den, aj ked spalo moje male dieta, "
qHMPVSZeEOVJeANy4PmaCi0s1LX2,8,1771268916251549000,1771268916237963000,117,Insert,a,118,"Dnes som pisala svoju diplomovu pracu na temu metodika klavirna a pisala som cely den, aj ked spalo moje male dieta, a"
qHMPVSZeEOVJeANy4PmaCi0s1LX2,8,1771268916604482000,1771268916597692000,118,Insert,j,119,"Dnes som pisala svoju diplomovu pracu na temu metodika klavirna a pisala som cely den, aj ked spalo moje male dieta, aj"
qHMPVSZeEOVJeANy4PmaCi0s1LX2,8,1771268916792783000,1771268916788275000,119,Insert, ,120,"Dnes som pisala svoju diplomovu pracu na temu metodika klavirna a pisala som cely den, aj ked spalo moje male dieta, aj "
qHMPVSZeEOVJeANy4PmaCi0s1LX2,8,1771268917062160000,1771268917055496000,120,Insert,v,121,"Dnes som pisala svoju diplomovu pracu na temu metodika klavirna a pisala som cely den, aj ked spalo moje male dieta, aj v"
qHMPVSZeEOVJeANy4PmaCi0s1LX2,8,1771268917299914000,1771268917292327000,121,Insert,t,122,"Dnes som pisala svoju diplomovu pracu na temu metodika klavirna a pisala som cely den, aj ked spalo moje male dieta, aj vt"
qHMPVSZeEOVJeANy4PmaCi0s1LX2,8,1771268917504445000,1771268917493807000,122,Insert,e,123,"Dnes som pisala svoju diplomovu pracu na temu metodika klavirna a pisala som cely den, aj ked spalo moje male dieta, aj vte"
qHMPVSZeEOVJeANy4PmaCi0s1LX2,8,1771268917689495000,1771268917684852000,123,Insert,d,124,"Dnes som pisala svoju diplomovu pracu na temu metodika klavirna a pisala som cely den, aj ked spalo moje male dieta, aj vted"
qHMPVSZeEOVJeANy4PmaCi0s1LX2,8,1771268917879567000,1771268917875130000,124,Insert,y,125,"Dnes som pisala svoju diplomovu pracu na temu metodika klavirna a pisala som cely den, aj ked spalo moje male dieta, aj vtedy"
qHMPVSZeEOVJeANy4PmaCi0s1LX2,8,1771268917981834000,1771268917977151000,125,Insert, ,126,"Dnes som pisala svoju diplomovu pracu na temu metodika klavirna a pisala som cely den, aj ked spalo moje male dieta, aj vtedy "
qHMPVSZeEOVJeANy4PmaCi0s1LX2,8,1771268918301110000,1771268918293820000,126,Insert,s,127,"Dnes som pisala svoju diplomovu pracu na temu metodika klavirna a pisala som cely den, aj ked spalo moje male dieta, aj vtedy s"
qHMPVSZeEOVJeANy4PmaCi0s1LX2,8,1771268918585078000,1771268918578529000,127,Insert,o,128,"Dnes som pisala svoju diplomovu pracu na temu metodika klavirna a pisala som cely den, aj ked spalo moje male dieta, aj vtedy so"
qHMPVSZeEOVJeANy4PmaCi0s1LX2,8,1771268918960621000,1771268918957145000,128,Insert,m,129,"Dnes som pisala svoju diplomovu pracu na temu metodika klavirna a pisala som cely den, aj ked spalo moje male dieta, aj vtedy som"
qHMPVSZeEOVJeANy4PmaCi0s1LX2,8,1771268919471430000,1771268919463807000,129,Insert, ,130,"Dnes som pisala svoju diplomovu pracu na temu metodika klavirna a pisala som cely den, aj ked spalo moje male dieta, aj vtedy som "
qHMPVSZeEOVJeANy4PmaCi0s1LX2,8,1771268919981646000,1771268919974660000,130,Insert,p,131,"Dnes som pisala svoju diplomovu pracu na temu metodika klavirna a pisala som cely den, aj ked spalo moje male dieta, aj vtedy som p"
qHMPVSZeEOVJeANy4PmaCi0s1LX2,8,1771268920212764000,1771268920203158000,131,Insert,i,132,"Dnes som pisala svoju diplomovu pracu na temu metodika klavirna a pisala som cely den, aj ked spalo moje male dieta, aj vtedy som pi"
qHMPVSZeEOVJeANy4PmaCi0s1LX2,8,1771268920497777000,1771268920490590000,132,Insert,s,133,"Dnes som pisala svoju diplomovu pracu na temu metodika klavirna a pisala som cely den, aj ked spalo moje male dieta, aj vtedy som pis"
qHMPVSZeEOVJeANy4PmaCi0s1LX2,8,1771268920779110000,1771268920769211000,133,Insert,a,134,"Dnes som pisala svoju diplomovu pracu na temu metodika klavirna a pisala som cely den, aj ked spalo moje male dieta, aj vtedy som pisa"
qHMPVSZeEOVJeANy4PmaCi0s1LX2,8,1771268920912957000,1771268920901926000,134,Insert,l,135,"Dnes som pisala svoju diplomovu pracu na temu metodika klavirna a pisala som cely den, aj ked spalo moje male dieta, aj vtedy som pisal"
qHMPVSZeEOVJeANy4PmaCi0s1LX2,8,1771268921064938000,1771268921060003000,135,Insert,a,136,"Dnes som pisala svoju diplomovu pracu na temu metodika klavirna a pisala som cely den, aj ked spalo moje male dieta, aj vtedy som pisala"
qHMPVSZeEOVJeANy4PmaCi0s1LX2,8,1771268921664790000,1771268921651575000,136,Insert, ,137,"Dnes som pisala svoju diplomovu pracu na temu metodika klavirna a pisala som cely den, aj ked spalo moje male dieta, aj vtedy som pisala "
qHMPVSZeEOVJeANy4PmaCi0s1LX2,8,1771268922798707000,1771268922792978000,137,Delete, ,136,"Dnes som pisala svoju diplomovu pracu na temu metodika klavirna a pisala som cely den, aj ked spalo moje male dieta, aj vtedy som pisala"
qHMPVSZeEOVJeANy4PmaCi0s1LX2,8,1771268923070662000,1771268923061256000,136,Insert,.,137,"Dnes som pisala svoju diplomovu pracu na temu metodika klavirna a pisala som cely den, aj ked spalo moje male dieta, aj vtedy som pisala."
qHMPVSZeEOVJeANy4PmaCi0s1LX2,9,1771268924620444000,1771268924610901000,0,Insert,D,1,D
qHMPVSZeEOVJeANy4PmaCi0s1LX2,9,1771268924741448000,1771268924736453000,1,Insert,n,2,Dn
qHMPVSZeEOVJeANy4PmaCi0s1LX2,9,1771268924825152000,1771268924820544000,2,Insert,e,3,Dne
qHMPVSZeEOVJeANy4PmaCi0s1LX2,9,1771268925068455000,1771268925060174000,3,Insert,s,4,Dnes
qHMPVSZeEOVJeANy4PmaCi0s1LX2,9,1771268925133855000,1771268925129269000,4,Insert, ,5,Dnes 
qHMPVSZeEOVJeANy4PmaCi0s1LX2,9,1771268925327650000,1771268925323356000,5,Insert,j,6,Dnes j
qHMPVSZeEOVJeANy4PmaCi0s1LX2,9,1771268925528065000,1771268925524305000,6,Insert,e,7,Dnes je
qHMPVSZeEOVJeANy4PmaCi0s1LX2,9,1771268926168133000,1771268926161504000,7,Delete,e,6,Dnes j
qHMPVSZeEOVJeANy4PmaCi0s1LX2,9,1771268926341143000,1771268926338563000,6,Delete,j,5,Dnes 
qHMPVSZeEOVJeANy4PmaCi0s1LX2,9,1771268926863297000,1771268926859046000,5,Delete, ,4,Dnes
qHMPVSZeEOVJeANy4PmaCi0s1LX2,9,1771268927450393000,1771268927440760000,4,Insert, ,5,Dnes 
qHMPVSZeEOVJeANy4PmaCi0s1LX2,9,1771268927709639000,1771268927699748000,5,Insert,s,6,Dnes s
qHMPVSZeEOVJeANy4PmaCi0s1LX2,9,1771268927817292000,1771268927813291000,6,Insert,o,7,Dnes so
qHMPVSZeEOVJeANy4PmaCi0s1LX2,9,1771268928011681000,1771268928005295000,7,Insert,m,8,Dnes som
qHMPVSZeEOVJeANy4PmaCi0s1LX2,9,1771268928217139000,1771268928213169000,8,Insert, ,9,Dnes som 
qHMPVSZeEOVJeANy4PmaCi0s1LX2,9,1771268928520917000,1771268928514622000,9,Insert,p,10,Dnes som p
qHMPVSZeEOVJeANy4PmaCi0s1LX2,9,1771268928746594000,1771268928739776000,10,Insert,i,11,Dnes som pi
qHMPVSZeEOVJeANy4PmaCi0s1LX2,9,1771268929048262000,1771268929044471000,11,Insert,s,12,Dnes som pis
qHMPVSZeEOVJeANy4PmaCi0s1LX2,9,1771268929376822000,1771268929369953000,12,Insert,a,13,Dnes som pisa
qHMPVSZeEOVJeANy4PmaCi0s1LX2,9,1771268929842742000,1771268929839016000,13,Insert,l,14,Dnes som pisal
qHMPVSZeEOVJeANy4PmaCi0s1LX2,9,1771268930050771000,1771268930044828000,14,Insert,a,15,Dnes som pisala
qHMPVSZeEOVJeANy4PmaCi0s1LX2,9,1771268930177690000,1771268930173347000,15,Insert, ,16,Dnes som pisala 
qHMPVSZeEOVJeANy4PmaCi0s1LX2,9,1771268930859241000,1771268930848894000,16,Insert,s,17,Dnes som pisala s
qHMPVSZeEOVJeANy4PmaCi0s1LX2,9,1771268930921711000,1771268930911739000,17,Insert,v,18,Dnes som pisala sv
qHMPVSZeEOVJeANy4PmaCi0s1LX2,9,1771268931152711000,1771268931146301000,18,Insert,o,19,Dnes som pisala svo
qHMPVSZeEOVJeANy4PmaCi0s1LX2,9,1771268931304716000,1771268931300866000,19,Insert,j,20,Dnes som pisala svoj
qHMPVSZeEOVJeANy4PmaCi0s1LX2,9,1771268931475472000,1771268931471504000,20,Insert,u,21,Dnes som pisala svoju
qHMPVSZeEOVJeANy4PmaCi0s1LX2,9,1771268931687927000,1771268931678427000,21,Insert, ,22,Dnes som pisala svoju 
qHMPVSZeEOVJeANy4PmaCi0s1LX2,9,1771268932379321000,1771268932371768000,22,Insert,d,23,Dnes som pisala svoju d
qHMPVSZeEOVJeANy4PmaCi0s1LX2,9,1771268932537474000,1771268932531351000,23,Insert,i,24,Dnes som pisala svoju di
qHMPVSZeEOVJeANy4PmaCi0s1LX2,9,1771268932780228000,1771268932773709000,24,Insert,p,25,Dnes som pisala svoju dip
qHMPVSZeEOVJeANy4PmaCi0s1LX2,9,1771268933002584000,1771268932995824000,25,Insert,l,26,Dnes som pisala svoju dipl
qHMPVSZeEOVJeANy4PmaCi0s1LX2,9,1771268933175490000,1771268933171652000,26,Insert,o,27,Dnes som pisala svoju diplo
qHMPVSZeEOVJeANy4PmaCi0s1LX2,9,1771268933391914000,1771268933384074000,27,Insert,m,28,Dnes som pisala svoju diplom
qHMPVSZeEOVJeANy4PmaCi0s1LX2,9,1771268933582565000,1771268933578153000,28,Insert,o,29,Dnes som pisala svoju diplomo
qHMPVSZeEOVJeANy4PmaCi0s1LX2,9,1771268933847987000,1771268933841131000,29,Insert,v,30,Dnes som pisala svoju diplomov
qHMPVSZeEOVJeANy4PmaCi0s1LX2,9,1771268934090207000,1771268934082754000,30,Insert,u,31,Dnes som pisala svoju diplomovu
qHMPVSZeEOVJeANy4PmaCi0s1LX2,9,1771268934313809000,1771268934307289000,31,Insert, ,32,Dnes som pisala svoju diplomovu 
qHMPVSZeEOVJeANy4PmaCi0s1LX2,9,1771268934679324000,1771268934670165000,32,Insert,p,33,Dnes som pisala svoju diplomovu p
qHMPVSZeEOVJeANy4PmaCi0s1LX2,9,1771268935412459000,1771268935404744000,33,Insert,r,34,Dnes som pisala svoju diplomovu pr
qHMPVSZeEOVJeANy4PmaCi0s1LX2,9,1771268935591454000,1771268935586884000,34,Insert,a,35,Dnes som pisala svoju diplomovu pra
qHMPVSZeEOVJeANy4PmaCi0s1LX2,9,1771268935693686000,1771268935687889000,35,Insert,c,36,Dnes som pisala svoju diplomovu prac
qHMPVSZeEOVJeANy4PmaCi0s1LX2,9,1771268936023941000,1771268936017176000,36,Insert,u,37,Dnes som pisala svoju diplomovu pracu
qHMPVSZeEOVJeANy4PmaCi0s1LX2,9,1771268936358260000,1771268936351386000,37,Insert, ,38,Dnes som pisala svoju diplomovu pracu 
qHMPVSZeEOVJeANy4PmaCi0s1LX2,9,1771268936575864000,1771268936569930000,38,Insert,n,39,Dnes som pisala svoju diplomovu pracu n
qHMPVSZeEOVJeANy4PmaCi0s1LX2,9,1771268936720914000,1771268936716687000,39,Insert,a,40,Dnes som pisala svoju diplomovu pracu na
qHMPVSZeEOVJeANy4PmaCi0s1LX2,9,1771268936835686000,1771268936830920000,40,Insert, ,41,Dnes som pisala svoju diplomovu pracu na 
qHMPVSZeEOVJeANy4PmaCi0s1LX2,9,1771268937232193000,1771268937226115000,41,Insert,t,42,Dnes som pisala svoju diplomovu pracu na t
qHMPVSZeEOVJeANy4PmaCi0s1LX2,9,1771268937399373000,1771268937392563000,42,Insert,e,43,Dnes som pisala svoju diplomovu pracu na te
qHMPVSZeEOVJeANy4PmaCi0s1LX2,9,1771268937705378000,1771268937698500000,43,Insert,m,44,Dnes som pisala svoju diplomovu pracu na tem
qHMPVSZeEOVJeANy4PmaCi0s1LX2,9,1771268937955121000,1771268937948039000,44,Insert,u,45,Dnes som pisala svoju diplomovu pracu na temu
qHMPVSZeEOVJeANy4PmaCi0s1LX2,9,1771268938308014000,1771268938299870000,45,Insert, ,46,Dnes som pisala svoju diplomovu pracu na temu 
qHMPVSZeEOVJeANy4PmaCi0s1LX2,9,1771268938790662000,1771268938785303000,46,Insert,m,47,Dnes som pisala svoju diplomovu pracu na temu m
qHMPVSZeEOVJeANy4PmaCi0s1LX2,9,1771268939073622000,1771268939065461000,47,Insert,e,48,Dnes som pisala svoju diplomovu pracu na temu me
qHMPVSZeEOVJeANy4PmaCi0s1LX2,9,1771268939402708000,1771268939398052000,48,Insert,t,49,Dnes som pisala svoju diplomovu pracu na temu met
qHMPVSZeEOVJeANy4PmaCi0s1LX2,9,1771268939544357000,1771268939538599000,49,Insert,o,50,Dnes som pisala svoju diplomovu pracu na temu meto
qHMPVSZeEOVJeANy4PmaCi0s1LX2,9,1771268939737592000,1771268939733555000,50,Insert,d,51,Dnes som pisala svoju diplomovu pracu na temu metod
qHMPVSZeEOVJeANy4PmaCi0s1LX2,9,1771268939791036000,1771268939786896000,51,Insert,i,52,Dnes som pisala svoju diplomovu pracu na temu metodi
qHMPVSZeEOVJeANy4PmaCi0s1LX2,9,1771268939988446000,1771268939981900000,52,Insert,k,53,Dnes som pisala svoju diplomovu pracu na temu metodik
qHMPVSZeEOVJeANy4PmaCi0s1LX2,9,1771268940184555000,1771268940180788000,53,Insert,a,54,Dnes som pisala svoju diplomovu pracu na temu metodika
qHMPVSZeEOVJeANy4PmaCi0s1LX2,9,1771268940393597000,1771268940387336000,54,Insert, ,55,Dnes som pisala svoju diplomovu pracu na temu metodika 
qHMPVSZeEOVJeANy4PmaCi0s1LX2,9,1771268940952248000,1771268940943149000,55,Insert,k,56,Dnes som pisala svoju diplomovu pracu na temu metodika k
qHMPVSZeEOVJeANy4PmaCi0s1LX2,9,1771268941144985000,1771268941140287000,56,Insert,l,57,Dnes som pisala svoju diplomovu pracu na temu metodika kl
qHMPVSZeEOVJeANy4PmaCi0s1LX2,9,1771268941333416000,1771268941329536000,57,Insert,a,58,Dnes som pisala svoju diplomovu pracu na temu metodika kla
qHMPVSZeEOVJeANy4PmaCi0s1LX2,9,1771268941483506000,1771268941478800000,58,Insert,v,59,Dnes som pisala svoju diplomovu pracu na temu metodika klav
qHMPVSZeEOVJeANy4PmaCi0s1LX2,9,1771268941704462000,1771268941697906000,59,Insert,i,60,Dnes som pisala svoju diplomovu pracu na temu metodika klavi
qHMPVSZeEOVJeANy4PmaCi0s1LX2,9,1771268941992627000,1771268941985178000,60,Insert,r,61,Dnes som pisala svoju diplomovu pracu na temu metodika klavir
qHMPVSZeEOVJeANy4PmaCi0s1LX2,9,1771268942730921000,1771268942726426000,61,Insert,n,62,Dnes som pisala svoju diplomovu pracu na temu metodika klavirn
qHMPVSZeEOVJeANy4PmaCi0s1LX2,9,1771268943171004000,1771268943165226000,62,Insert,a,63,Dnes som pisala svoju diplomovu pracu na temu metodika klavirna
qHMPVSZeEOVJeANy4PmaCi0s1LX2,9,1771268943720968000,1771268943716811000,63,Insert, ,64,Dnes som pisala svoju diplomovu pracu na temu metodika klavirna 
qHMPVSZeEOVJeANy4PmaCi0s1LX2,9,1771268944540213000,1771268944532131000,64,Insert,a,65,Dnes som pisala svoju diplomovu pracu na temu metodika klavirna a
qHMPVSZeEOVJeANy4PmaCi0s1LX2,9,1771268944889999000,1771268944882232000,65,Insert, ,66,Dnes som pisala svoju diplomovu pracu na temu metodika klavirna a 
qHMPVSZeEOVJeANy4PmaCi0s1LX2,9,1771268945275879000,1771268945268319000,66,Insert,p,67,Dnes som pisala svoju diplomovu pracu na temu metodika klavirna a p
qHMPVSZeEOVJeANy4PmaCi0s1LX2,9,1771268945645165000,1771268945639955000,67,Insert,i,68,Dnes som pisala svoju diplomovu pracu na temu metodika klavirna a pi
qHMPVSZeEOVJeANy4PmaCi0s1LX2,9,1771268945926634000,1771268945919153000,68,Insert,s,69,Dnes som pisala svoju diplomovu pracu na temu metodika klavirna a pis
qHMPVSZeEOVJeANy4PmaCi0s1LX2,9,1771268946254869000,1771268946246561000,69,Insert,a,70,Dnes som pisala svoju diplomovu pracu na temu metodika klavirna a pisa
qHMPVSZeEOVJeANy4PmaCi0s1LX2,9,1771268946379121000,1771268946374590000,70,Insert,l,71,Dnes som pisala svoju diplomovu pracu na temu metodika klavirna a pisal
qHMPVSZeEOVJeANy4PmaCi0s1LX2,9,1771268946499423000,1771268946495393000,71,Insert,a,72,Dnes som pisala svoju diplomovu pracu na temu metodika klavirna a pisala
qHMPVSZeEOVJeANy4PmaCi0s1LX2,9,1771268946624158000,1771268946616168000,72,Insert, ,73,Dnes som pisala svoju diplomovu pracu na temu metodika klavirna a pisala 
qHMPVSZeEOVJeANy4PmaCi0s1LX2,9,1771268946773897000,1771268946769518000,73,Insert,s,74,Dnes som pisala svoju diplomovu pracu na temu metodika klavirna a pisala s
qHMPVSZeEOVJeANy4PmaCi0s1LX2,9,1771268946861490000,1771268946850691000,74,Insert,o,75,Dnes som pisala svoju diplomovu pracu na temu metodika klavirna a pisala so
qHMPVSZeEOVJeANy4PmaCi0s1LX2,9,1771268947061901000,1771268947053402000,75,Insert,m,76,Dnes som pisala svoju diplomovu pracu na temu metodika klavirna a pisala som
qHMPVSZeEOVJeANy4PmaCi0s1LX2,9,1771268947233983000,1771268947229233000,76,Insert, ,77,Dnes som pisala svoju diplomovu pracu na temu metodika klavirna a pisala som 
qHMPVSZeEOVJeANy4PmaCi0s1LX2,9,1771268947516025000,1771268947512169000,77,Insert,c,78,Dnes som pisala svoju diplomovu pracu na temu metodika klavirna a pisala som c
qHMPVSZeEOVJeANy4PmaCi0s1LX2,9,1771268947671079000,1771268947665630000,78,Insert,e,79,Dnes som pisala svoju diplomovu pracu na temu metodika klavirna a pisala som ce
qHMPVSZeEOVJeANy4PmaCi0s1LX2,9,1771268947752808000,1771268947748758000,79,Insert,l,80,Dnes som pisala svoju diplomovu pracu na temu metodika klavirna a pisala som cel
qHMPVSZeEOVJeANy4PmaCi0s1LX2,9,1771268948116721000,1771268948108649000,80,Insert,y,81,Dnes som pisala svoju diplomovu pracu na temu metodika klavirna a pisala som cely
qHMPVSZeEOVJeANy4PmaCi0s1LX2,9,1771268948223693000,1771268948217860000,81,Insert, ,82,Dnes som pisala svoju diplomovu pracu na temu metodika klavirna a pisala som cely 
qHMPVSZeEOVJeANy4PmaCi0s1LX2,9,1771268948369944000,1771268948364350000,82,Insert,d,83,Dnes som pisala svoju diplomovu pracu na temu metodika klavirna a pisala som cely d
qHMPVSZeEOVJeANy4PmaCi0s1LX2,9,1771268948587835000,1771268948580769000,83,Insert,e,84,Dnes som pisala svoju diplomovu pracu na temu metodika klavirna a pisala som cely de
qHMPVSZeEOVJeANy4PmaCi0s1LX2,9,1771268948725232000,1771268948719825000,84,Insert,n,85,Dnes som pisala svoju diplomovu pracu na temu metodika klavirna a pisala som cely den
qHMPVSZeEOVJeANy4PmaCi0s1LX2,9,1771268949643204000,1771268949632673000,85,Insert,",",86,"Dnes som pisala svoju diplomovu pracu na temu metodika klavirna a pisala som cely den,"
qHMPVSZeEOVJeANy4PmaCi0s1LX2,9,1771268949766531000,1771268949762200000,86,Insert, ,87,"Dnes som pisala svoju diplomovu pracu na temu metodika klavirna a pisala som cely den, "
qHMPVSZeEOVJeANy4PmaCi0s1LX2,9,1771268950000306000,1771268949993482000,87,Insert,a,88,"Dnes som pisala svoju diplomovu pracu na temu metodika klavirna a pisala som cely den, a"
qHMPVSZeEOVJeANy4PmaCi0s1LX2,9,1771268950087702000,1771268950078496000,88,Insert,j,89,"Dnes som pisala svoju diplomovu pracu na temu metodika klavirna a pisala som cely den, aj"
qHMPVSZeEOVJeANy4PmaCi0s1LX2,9,1771268950249923000,1771268950244356000,89,Insert, ,90,"Dnes som pisala svoju diplomovu pracu na temu metodika klavirna a pisala som cely den, aj "
qHMPVSZeEOVJeANy4PmaCi0s1LX2,9,1771268950463426000,1771268950455569000,90,Insert,k,91,"Dnes som pisala svoju diplomovu pracu na temu metodika klavirna a pisala som cely den, aj k"
qHMPVSZeEOVJeANy4PmaCi0s1LX2,9,1771268950611789000,1771268950607732000,91,Insert,e,92,"Dnes som pisala svoju diplomovu pracu na temu metodika klavirna a pisala som cely den, aj ke"
qHMPVSZeEOVJeANy4PmaCi0s1LX2,9,1771268950840382000,1771268950832571000,92,Insert,d,93,"Dnes som pisala svoju diplomovu pracu na temu metodika klavirna a pisala som cely den, aj ked"
qHMPVSZeEOVJeANy4PmaCi0s1LX2,9,1771268950944504000,1771268950940280000,93,Insert, ,94,"Dnes som pisala svoju diplomovu pracu na temu metodika klavirna a pisala som cely den, aj ked "
qHMPVSZeEOVJeANy4PmaCi0s1LX2,9,1771268951345718000,1771268951340456000,94,Insert,s,95,"Dnes som pisala svoju diplomovu pracu na temu metodika klavirna a pisala som cely den, aj ked s"
qHMPVSZeEOVJeANy4PmaCi0s1LX2,9,1771268951664848000,1771268951657836000,95,Insert,p,96,"Dnes som pisala svoju diplomovu pracu na temu metodika klavirna a pisala som cely den, aj ked sp"
qHMPVSZeEOVJeANy4PmaCi0s1LX2,9,1771268951844547000,1771268951838643000,96,Insert,a,97,"Dnes som pisala svoju diplomovu pracu na temu metodika klavirna a pisala som cely den, aj ked spa"
qHMPVSZeEOVJeANy4PmaCi0s1LX2,9,1771268951926269000,1771268951922105000,97,Insert,l,98,"Dnes som pisala svoju diplomovu pracu na temu metodika klavirna a pisala som cely den, aj ked spal"
qHMPVSZeEOVJeANy4PmaCi0s1LX2,9,1771268952133568000,1771268952128577000,98,Insert,o,99,"Dnes som pisala svoju diplomovu pracu na temu metodika klavirna a pisala som cely den, aj ked spalo"
qHMPVSZeEOVJeANy4PmaCi0s1LX2,9,1771268952377963000,1771268952371044000,99,Insert, ,100,"Dnes som pisala svoju diplomovu pracu na temu metodika klavirna a pisala som cely den, aj ked spalo "
qHMPVSZeEOVJeANy4PmaCi0s1LX2,9,1771268952783018000,1771268952777651000,100,Insert,k,101,"Dnes som pisala svoju diplomovu pracu na temu metodika klavirna a pisala som cely den, aj ked spalo k"
qHMPVSZeEOVJeANy4PmaCi0s1LX2,9,1771268952970956000,1771268952966545000,101,Insert,o,102,"Dnes som pisala svoju diplomovu pracu na temu metodika klavirna a pisala som cely den, aj ked spalo ko"
qHMPVSZeEOVJeANy4PmaCi0s1LX2,9,1771268953166497000,1771268953161197000,102,Insert,j,103,"Dnes som pisala svoju diplomovu pracu na temu metodika klavirna a pisala som cely den, aj ked spalo koj"
qHMPVSZeEOVJeANy4PmaCi0s1LX2,9,1771268953312323000,1771268953305958000,103,Insert,e,104,"Dnes som pisala svoju diplomovu pracu na temu metodika klavirna a pisala som cely den, aj ked spalo koje"
qHMPVSZeEOVJeANy4PmaCi0s1LX2,9,1771268953420261000,1771268953414838000,104,Insert, ,105,"Dnes som pisala svoju diplomovu pracu na temu metodika klavirna a pisala som cely den, aj ked spalo koje "
qHMPVSZeEOVJeANy4PmaCi0s1LX2,9,1771268953767609000,1771268953760083000,105,Insert,m,106,"Dnes som pisala svoju diplomovu pracu na temu metodika klavirna a pisala som cely den, aj ked spalo koje m"
qHMPVSZeEOVJeANy4PmaCi0s1LX2,9,1771268953941300000,1771268953936711000,106,Insert,a,107,"Dnes som pisala svoju diplomovu pracu na temu metodika klavirna a pisala som cely den, aj ked spalo koje ma"
qHMPVSZeEOVJeANy4PmaCi0s1LX2,9,1771268954037683000,1771268954033428000,107,Insert,l,108,"Dnes som pisala svoju diplomovu pracu na temu metodika klavirna a pisala som cely den, aj ked spalo koje mal"
qHMPVSZeEOVJeANy4PmaCi0s1LX2,9,1771268954248975000,1771268954244610000,108,Insert,e,109,"Dnes som pisala svoju diplomovu pracu na temu metodika klavirna a pisala som cely den, aj ked spalo koje male"
qHMPVSZeEOVJeANy4PmaCi0s1LX2,9,1771268954366149000,1771268954359693000,109,Insert, ,110,"Dnes som pisala svoju diplomovu pracu na temu metodika klavirna a pisala som cely den, aj ked spalo koje male "
qHMPVSZeEOVJeANy4PmaCi0s1LX2,9,1771268954535643000,1771268954528903000,110,Insert,d,111,"Dnes som pisala svoju diplomovu pracu na temu metodika klavirna a pisala som cely den, aj ked spalo koje male d"
qHMPVSZeEOVJeANy4PmaCi0s1LX2,9,1771268954637031000,1771268954632088000,111,Insert,i,112,"Dnes som pisala svoju diplomovu pracu na temu metodika klavirna a pisala som cely den, aj ked spalo koje male di"
qHMPVSZeEOVJeANy4PmaCi0s1LX2,9,1771268954788544000,1771268954784433000,112,Insert,e,113,"Dnes som pisala svoju diplomovu pracu na temu metodika klavirna a pisala som cely den, aj ked spalo koje male die"
qHMPVSZeEOVJeANy4PmaCi0s1LX2,9,1771268954927774000,1771268954923201000,113,Insert,t,114,"Dnes som pisala svoju diplomovu pracu na temu metodika klavirna a pisala som cely den, aj ked spalo koje male diet"
qHMPVSZeEOVJeANy4PmaCi0s1LX2,9,1771268955132126000,1771268955119893000,114,Insert,a,115,"Dnes som pisala svoju diplomovu pracu na temu metodika klavirna a pisala som cely den, aj ked spalo koje male dieta"
qHMPVSZeEOVJeANy4PmaCi0s1LX2,9,1771268956032265000,1771268956019880000,115,Insert,",",116,"Dnes som pisala svoju diplomovu pracu na temu metodika klavirna a pisala som cely den, aj ked spalo koje male dieta,"
qHMPVSZeEOVJeANy4PmaCi0s1LX2,9,1771268956228581000,1771268956220184000,116,Insert, ,117,"Dnes som pisala svoju diplomovu pracu na temu metodika klavirna a pisala som cely den, aj ked spalo koje male dieta, "
qHMPVSZeEOVJeANy4PmaCi0s1LX2,9,1771268957708554000,1771268957701936000,117,Insert,a,118,"Dnes som pisala svoju diplomovu pracu na temu metodika klavirna a pisala som cely den, aj ked spalo koje male dieta, a"
qHMPVSZeEOVJeANy4PmaCi0s1LX2,9,1771268957790927000,1771268957786530000,118,Insert,j,119,"Dnes som pisala svoju diplomovu pracu na temu metodika klavirna a pisala som cely den, aj ked spalo koje male dieta, aj"
qHMPVSZeEOVJeANy4PmaCi0s1LX2,9,1771268957976100000,1771268957969032000,119,Insert, ,120,"Dnes som pisala svoju diplomovu pracu na temu metodika klavirna a pisala som cely den, aj ked spalo koje male dieta, aj "
qHMPVSZeEOVJeANy4PmaCi0s1LX2,9,1771268958210853000,1771268958203890000,120,Insert,v,121,"Dnes som pisala svoju diplomovu pracu na temu metodika klavirna a pisala som cely den, aj ked spalo koje male dieta, aj v"
qHMPVSZeEOVJeANy4PmaCi0s1LX2,9,1771268958427419000,1771268958418634000,121,Insert,t,122,"Dnes som pisala svoju diplomovu pracu na temu metodika klavirna a pisala som cely den, aj ked spalo koje male dieta, aj vt"
qHMPVSZeEOVJeANy4PmaCi0s1LX2,9,1771268958573591000,1771268958561883000,122,Insert,e,123,"Dnes som pisala svoju diplomovu pracu na temu metodika klavirna a pisala som cely den, aj ked spalo koje male dieta, aj vte"
qHMPVSZeEOVJeANy4PmaCi0s1LX2,9,1771268958816951000,1771268958810099000,123,Insert,d,124,"Dnes som pisala svoju diplomovu pracu na temu metodika klavirna a pisala som cely den, aj ked spalo koje male dieta, aj vted"
qHMPVSZeEOVJeANy4PmaCi0s1LX2,9,1771268959066533000,1771268959059827000,124,Insert,y,125,"Dnes som pisala svoju diplomovu pracu na temu metodika klavirna a pisala som cely den, aj ked spalo koje male dieta, aj vtedy"
qHMPVSZeEOVJeANy4PmaCi0s1LX2,9,1771268959177670000,1771268959169449000,125,Insert, ,126,"Dnes som pisala svoju diplomovu pracu na temu metodika klavirna a pisala som cely den, aj ked spalo koje male dieta, aj vtedy "
qHMPVSZeEOVJeANy4PmaCi0s1LX2,9,1771268959327154000,1771268959319629000,126,Insert,s,127,"Dnes som pisala svoju diplomovu pracu na temu metodika klavirna a pisala som cely den, aj ked spalo koje male dieta, aj vtedy s"
qHMPVSZeEOVJeANy4PmaCi0s1LX2,9,1771268959480068000,1771268959474572000,127,Insert,o,128,"Dnes som pisala svoju diplomovu pracu na temu metodika klavirna a pisala som cely den, aj ked spalo koje male dieta, aj vtedy so"
qHMPVSZeEOVJeANy4PmaCi0s1LX2,9,1771268959660482000,1771268959654656000,128,Insert,m,129,"Dnes som pisala svoju diplomovu pracu na temu metodika klavirna a pisala som cely den, aj ked spalo koje male dieta, aj vtedy som"
qHMPVSZeEOVJeANy4PmaCi0s1LX2,9,1771268959839002000,1771268959834583000,129,Insert, ,130,"Dnes som pisala svoju diplomovu pracu na temu metodika klavirna a pisala som cely den, aj ked spalo koje male dieta, aj vtedy som "
qHMPVSZeEOVJeANy4PmaCi0s1LX2,9,1771268960085636000,1771268960078951000,130,Insert,p,131,"Dnes som pisala svoju diplomovu pracu na temu metodika klavirna a pisala som cely den, aj ked spalo koje male dieta, aj vtedy som p"
qHMPVSZeEOVJeANy4PmaCi0s1LX2,9,1771268960258539000,1771268960247921000,131,Insert,o,132,"Dnes som pisala svoju diplomovu pracu na temu metodika klavirna a pisala som cely den, aj ked spalo koje male dieta, aj vtedy som po"
qHMPVSZeEOVJeANy4PmaCi0s1LX2,9,1771268960939895000,1771268960934805000,132,Delete,o,131,"Dnes som pisala svoju diplomovu pracu na temu metodika klavirna a pisala som cely den, aj ked spalo koje male dieta, aj vtedy som p"
qHMPVSZeEOVJeANy4PmaCi0s1LX2,9,1771268961419155000,1771268961411501000,131,Insert,i,132,"Dnes som pisala svoju diplomovu pracu na temu metodika klavirna a pisala som cely den, aj ked spalo koje male dieta, aj vtedy som pi"
qHMPVSZeEOVJeANy4PmaCi0s1LX2,9,1771268962087203000,1771268962079192000,132,Insert,s,133,"Dnes som pisala svoju diplomovu pracu na temu metodika klavirna a pisala som cely den, aj ked spalo koje male dieta, aj vtedy som pis"
qHMPVSZeEOVJeANy4PmaCi0s1LX2,9,1771268962341487000,1771268962333000000,133,Insert,a,134,"Dnes som pisala svoju diplomovu pracu na temu metodika klavirna a pisala som cely den, aj ked spalo koje male dieta, aj vtedy som pisa"
qHMPVSZeEOVJeANy4PmaCi0s1LX2,9,1771268962428411000,1771268962423738000,134,Insert,l,135,"Dnes som pisala svoju diplomovu pracu na temu metodika klavirna a pisala som cely den, aj ked spalo koje male dieta, aj vtedy som pisal"
qHMPVSZeEOVJeANy4PmaCi0s1LX2,9,1771268962578094000,1771268962568339000,135,Insert,a,136,"Dnes som pisala svoju diplomovu pracu na temu metodika klavirna a pisala som cely den, aj ked spalo koje male dieta, aj vtedy som pisala"
qHMPVSZeEOVJeANy4PmaCi0s1LX2,9,1771268963299990000,1771268963289318000,136,Insert,.,137,"Dnes som pisala svoju diplomovu pracu na temu metodika klavirna a pisala som cely den, aj ked spalo koje male dieta, aj vtedy som pisala."
qHMPVSZeEOVJeANy4PmaCi0s1LX2,9,1771268973600042000,1771268973579888000,137,Delete,o,136,"Dnes som pisala svoju diplomovu pracu na temu metodika klavirna a pisala som cely den, aj ked spalo kje male dieta, aj vtedy som pisala."
qHMPVSZeEOVJeANy4PmaCi0s1LX2,9,1771268973930659000,1771268973926247000,136,Delete,k,135,"Dnes som pisala svoju diplomovu pracu na temu metodika klavirna a pisala som cely den, aj ked spalo je male dieta, aj vtedy som pisala."
qHMPVSZeEOVJeANy4PmaCi0s1LX2,9,1771268974556708000,1771268974548513000,135,Insert,n,136,"Dnes som pisala svoju diplomovu pracu na temu metodika klavirna a pisala som cely den, aj ked spalo nje male dieta, aj vtedy som pisala."
qHMPVSZeEOVJeANy4PmaCi0s1LX2,9,1771268975130356000,1771268975125122000,136,Delete,n,135,"Dnes som pisala svoju diplomovu pracu na temu metodika klavirna a pisala som cely den, aj ked spalo je male dieta, aj vtedy som pisala."
qHMPVSZeEOVJeANy4PmaCi0s1LX2,9,1771268975450534000,1771268975443189000,135,Insert,m,136,"Dnes som pisala svoju diplomovu pracu na temu metodika klavirna a pisala som cely den, aj ked spalo mje male dieta, aj vtedy som pisala."
qHMPVSZeEOVJeANy4PmaCi0s1LX2,9,1771268975776954000,1771268975766788000,136,Insert,o,137,"Dnes som pisala svoju diplomovu pracu na temu metodika klavirna a pisala som cely den, aj ked spalo moje male dieta, aj vtedy som pisala."
qHMPVSZeEOVJeANy4PmaCi0s1LX2,10,1771268977741794000,1771268977724101000,0,Insert,D,1,D
qHMPVSZeEOVJeANy4PmaCi0s1LX2,10,1771268977866246000,1771268977857177000,1,Insert,n,2,Dn
qHMPVSZeEOVJeANy4PmaCi0s1LX2,10,1771268977966046000,1771268977961020000,2,Insert,e,3,Dne
qHMPVSZeEOVJeANy4PmaCi0s1LX2,10,1771268978217082000,1771268978210951000,3,Insert,s,4,Dnes
qHMPVSZeEOVJeANy4PmaCi0s1LX2,10,1771268978313617000,1771268978308247000,4,Insert, ,5,Dnes 
qHMPVSZeEOVJeANy4PmaCi0s1LX2,10,1771268978754199000,1771268978749340000,5,Insert,s,6,Dnes s
qHMPVSZeEOVJeANy4PmaCi0s1LX2,10,1771268978980241000,1771268978973848000,6,Insert,o,7,Dnes so
qHMPVSZeEOVJeANy4PmaCi0s1LX2,10,1771268979239115000,1771268979236138000,7,Insert,m,8,Dnes som
qHMPVSZeEOVJeANy4PmaCi0s1LX2,10,1771268979452786000,1771268979447985000,8,Insert, ,9,Dnes som 
qHMPVSZeEOVJeANy4PmaCi0s1LX2,10,1771268979775438000,1771268979769237000,9,Insert,p,10,Dnes som p
qHMPVSZeEOVJeANy4PmaCi0s1LX2,10,1771268980327216000,1771268980323056000,10,Insert,i,11,Dnes som pi
qHMPVSZeEOVJeANy4PmaCi0s1LX2,10,1771268980711276000,1771268980705565000,11,Insert,s,12,Dnes som pis
qHMPVSZeEOVJeANy4PmaCi0s1LX2,10,1771268981021991000,1771268981015292000,12,Insert,a,13,Dnes som pisa
qHMPVSZeEOVJeANy4PmaCi0s1LX2,10,1771268981122931000,1771268981118796000,13,Insert,l,14,Dnes som pisal
qHMPVSZeEOVJeANy4PmaCi0s1LX2,10,1771268981276528000,1771268981269103000,14,Insert,a,15,Dnes som pisala
qHMPVSZeEOVJeANy4PmaCi0s1LX2,10,1771268981563399000,1771268981553962000,15,Insert, ,16,Dnes som pisala 
qHMPVSZeEOVJeANy4PmaCi0s1LX2,10,1771268982593033000,1771268982581409000,16,Insert,s,17,Dnes som pisala s
qHMPVSZeEOVJeANy4PmaCi0s1LX2,10,1771268982688582000,1771268982684032000,17,Insert,v,18,Dnes som pisala sv
qHMPVSZeEOVJeANy4PmaCi0s1LX2,10,1771268983178117000,1771268983174227000,18,Insert,o,19,Dnes som pisala svo
qHMPVSZeEOVJeANy4PmaCi0s1LX2,10,1771268983642713000,1771268983634858000,19,Insert,j,20,Dnes som pisala svoj
qHMPVSZeEOVJeANy4PmaCi0s1LX2,10,1771268983925184000,1771268983919235000,20,Insert,u,21,Dnes som pisala svoju
qHMPVSZeEOVJeANy4PmaCi0s1LX2,10,1771268984194322000,1771268984186804000,21,Insert, ,22,Dnes som pisala svoju 
qHMPVSZeEOVJeANy4PmaCi0s1LX2,10,1771268985052777000,1771268985042763000,22,Insert,d,23,Dnes som pisala svoju d
qHMPVSZeEOVJeANy4PmaCi0s1LX2,10,1771268985191310000,1771268985187330000,23,Insert,i,24,Dnes som pisala svoju di
qHMPVSZeEOVJeANy4PmaCi0s1LX2,10,1771268985466935000,1771268985460471000,24,Insert,p,25,Dnes som pisala svoju dip
qHMPVSZeEOVJeANy4PmaCi0s1LX2,10,1771268985677455000,1771268985671325000,25,Insert,l,26,Dnes som pisala svoju dipl
qHMPVSZeEOVJeANy4PmaCi0s1LX2,10,1771268985840512000,1771268985835670000,26,Insert,o,27,Dnes som pisala svoju diplo
qHMPVSZeEOVJeANy4PmaCi0s1LX2,10,1771268986085892000,1771268986078202000,27,Insert,m,28,Dnes som pisala svoju diplom
qHMPVSZeEOVJeANy4PmaCi0s1LX2,10,1771268986308176000,1771268986301979000,28,Insert,o,29,Dnes som pisala svoju diplomo
qHMPVSZeEOVJeANy4PmaCi0s1LX2,10,1771268986623530000,1771268986617485000,29,Insert,v,30,Dnes som pisala svoju diplomov
qHMPVSZeEOVJeANy4PmaCi0s1LX2,10,1771268986798981000,1771268986794296000,30,Insert,u,31,Dnes som pisala svoju diplomovu
qHMPVSZeEOVJeANy4PmaCi0s1LX2,10,1771268987928153000,1771268987916146000,31,Insert, ,32,Dnes som pisala svoju diplomovu 
qHMPVSZeEOVJeANy4PmaCi0s1LX2,10,1771268988432254000,1771268988426734000,32,Insert,p,33,Dnes som pisala svoju diplomovu p
qHMPVSZeEOVJeANy4PmaCi0s1LX2,10,1771268988826947000,1771268988821001000,33,Insert,r,34,Dnes som pisala svoju diplomovu pr
qHMPVSZeEOVJeANy4PmaCi0s1LX2,10,1771268988988803000,1771268988982712000,34,Insert,a,35,Dnes som pisala svoju diplomovu pra
qHMPVSZeEOVJeANy4PmaCi0s1LX2,10,1771268989068089000,1771268989063578000,35,Insert,c,36,Dnes som pisala svoju diplomovu prac
qHMPVSZeEOVJeANy4PmaCi0s1LX2,10,1771268989415762000,1771268989409104000,36,Insert,u,37,Dnes som pisala svoju diplomovu pracu
qHMPVSZeEOVJeANy4PmaCi0s1LX2,10,1771268989742897000,1771268989736525000,37,Insert, ,38,Dnes som pisala svoju diplomovu pracu 
qHMPVSZeEOVJeANy4PmaCi0s1LX2,10,1771268990094196000,1771268990089565000,38,Insert,n,39,Dnes som pisala svoju diplomovu pracu n
qHMPVSZeEOVJeANy4PmaCi0s1LX2,10,1771268990659129000,1771268990650393000,39,Insert,a,40,Dnes som pisala svoju diplomovu pracu na
qHMPVSZeEOVJeANy4PmaCi0s1LX2,10,1771268990828017000,1771268990822259000,40,Insert, ,41,Dnes som pisala svoju diplomovu pracu na 
qHMPVSZeEOVJeANy4PmaCi0s1LX2,10,1771268991121056000,1771268991114787000,41,Insert,t,42,Dnes som pisala svoju diplomovu pracu na t
qHMPVSZeEOVJeANy4PmaCi0s1LX2,10,1771268991350976000,1771268991343465000,42,Insert,e,43,Dnes som pisala svoju diplomovu pracu na te
qHMPVSZeEOVJeANy4PmaCi0s1LX2,10,1771268991855515000,1771268991848651000,43,Insert,m,44,Dnes som pisala svoju diplomovu pracu na tem
qHMPVSZeEOVJeANy4PmaCi0s1LX2,10,1771268992301320000,1771268992296614000,44,Insert,u,45,Dnes som pisala svoju diplomovu pracu na temu
qHMPVSZeEOVJeANy4PmaCi0s1LX2,10,1771268993050942000,1771268993040376000,45,Insert, ,46,Dnes som pisala svoju diplomovu pracu na temu 
qHMPVSZeEOVJeANy4PmaCi0s1LX2,10,1771268993488334000,1771268993478852000,46,Insert,m,47,Dnes som pisala svoju diplomovu pracu na temu m
qHMPVSZeEOVJeANy4PmaCi0s1LX2,10,1771268993713196000,1771268993709275000,47,Insert,e,48,Dnes som pisala svoju diplomovu pracu na temu me
qHMPVSZeEOVJeANy4PmaCi0s1LX2,10,1771268993847796000,1771268993842861000,48,Insert,t,49,Dnes som pisala svoju diplomovu pracu na temu met
qHMPVSZeEOVJeANy4PmaCi0s1LX2,10,1771268994108117000,1771268994098664000,49,Insert,o,50,Dnes som pisala svoju diplomovu pracu na temu meto
qHMPVSZeEOVJeANy4PmaCi0s1LX2,10,1771268994195901000,1771268994191681000,50,Insert,d,51,Dnes som pisala svoju diplomovu pracu na temu metod
qHMPVSZeEOVJeANy4PmaCi0s1LX2,10,1771268994265574000,1771268994261409000,51,Insert,i,52,Dnes som pisala svoju diplomovu pracu na temu metodi
qHMPVSZeEOVJeANy4PmaCi0s1LX2,10,1771268994442323000,1771268994437643000,52,Insert,k,53,Dnes som pisala svoju diplomovu pracu na temu metodik
qHMPVSZeEOVJeANy4PmaCi0s1LX2,10,1771268994617961000,1771268994613517000,53,Insert,a,54,Dnes som pisala svoju diplomovu pracu na temu metodika
qHMPVSZeEOVJeANy4PmaCi0s1LX2,10,1771268994740405000,1771268994736232000,54,Insert, ,55,Dnes som pisala svoju diplomovu pracu na temu metodika 
qHMPVSZeEOVJeANy4PmaCi0s1LX2,10,1771268995453666000,1771268995444960000,55,Insert,K,56,Dnes som pisala svoju diplomovu pracu na temu metodika K
qHMPVSZeEOVJeANy4PmaCi0s1LX2,10,1771268995636082000,1771268995631620000,56,Insert,l,57,Dnes som pisala svoju diplomovu pracu na temu metodika Kl
qHMPVSZeEOVJeANy4PmaCi0s1LX2,10,1771268995826604000,1771268995821054000,57,Insert,a,58,Dnes som pisala svoju diplomovu pracu na temu metodika Kla
qHMPVSZeEOVJeANy4PmaCi0s1LX2,10,1771268995899245000,1771268995894648000,58,Insert,v,59,Dnes som pisala svoju diplomovu pracu na temu metodika Klav
qHMPVSZeEOVJeANy4PmaCi0s1LX2,10,1771268996170099000,1771268996162672000,59,Insert,i,60,Dnes som pisala svoju diplomovu pracu na temu metodika Klavi
qHMPVSZeEOVJeANy4PmaCi0s1LX2,10,1771268996952368000,1771268996947129000,60,Delete,i,59,Dnes som pisala svoju diplomovu pracu na temu metodika Klav
qHMPVSZeEOVJeANy4PmaCi0s1LX2,10,1771268997120451000,1771268997117137000,59,Delete,v,58,Dnes som pisala svoju diplomovu pracu na temu metodika Kla
qHMPVSZeEOVJeANy4PmaCi0s1LX2,10,1771268997298612000,1771268997295487000,58,Delete,a,57,Dnes som pisala svoju diplomovu pracu na temu metodika Kl
qHMPVSZeEOVJeANy4PmaCi0s1LX2,10,1771268997480323000,1771268997477088000,57,Delete,l,56,Dnes som pisala svoju diplomovu pracu na temu metodika K
qHMPVSZeEOVJeANy4PmaCi0s1LX2,10,1771268997779184000,1771268997774603000,56,Delete,K,55,Dnes som pisala svoju diplomovu pracu na temu metodika 
qHMPVSZeEOVJeANy4PmaCi0s1LX2,10,1771268998301694000,1771268998297888000,55,Insert,k,56,Dnes som pisala svoju diplomovu pracu na temu metodika k
qHMPVSZeEOVJeANy4PmaCi0s1LX2,10,1771268998553957000,1771268998547119000,56,Insert,l,57,Dnes som pisala svoju diplomovu pracu na temu metodika kl
qHMPVSZeEOVJeANy4PmaCi0s1LX2,10,1771268998756538000,1771268998750345000,57,Insert,a,58,Dnes som pisala svoju diplomovu pracu na temu metodika kla
qHMPVSZeEOVJeANy4PmaCi0s1LX2,10,1771268998871957000,1771268998867526000,58,Insert,v,59,Dnes som pisala svoju diplomovu pracu na temu metodika klav
qHMPVSZeEOVJeANy4PmaCi0s1LX2,10,1771268999716471000,1771268999707866000,59,Insert,i,60,Dnes som pisala svoju diplomovu pracu na temu metodika klavi
qHMPVSZeEOVJeANy4PmaCi0s1LX2,10,1771269000018832000,1771269000010083000,60,Insert,r,61,Dnes som pisala svoju diplomovu pracu na temu metodika klavir
qHMPVSZeEOVJeANy4PmaCi0s1LX2,10,1771269000163271000,1771269000157597000,61,Insert,n,62,Dnes som pisala svoju diplomovu pracu na temu metodika klavirn
qHMPVSZeEOVJeANy4PmaCi0s1LX2,10,1771269000393798000,1771269000387772000,62,Insert,a,63,Dnes som pisala svoju diplomovu pracu na temu metodika klavirna
qHMPVSZeEOVJeANy4PmaCi0s1LX2,10,1771269001795514000,1771269001787565000,63,Insert, ,64,Dnes som pisala svoju diplomovu pracu na temu metodika klavirna 
qHMPVSZeEOVJeANy4PmaCi0s1LX2,10,1771269002275238000,1771269002270429000,64,Insert,a,65,Dnes som pisala svoju diplomovu pracu na temu metodika klavirna a
qHMPVSZeEOVJeANy4PmaCi0s1LX2,10,1771269002443720000,1771269002438783000,65,Insert, ,66,Dnes som pisala svoju diplomovu pracu na temu metodika klavirna a 
qHMPVSZeEOVJeANy4PmaCi0s1LX2,10,1771269002790728000,1771269002783663000,66,Insert,p,67,Dnes som pisala svoju diplomovu pracu na temu metodika klavirna a p
qHMPVSZeEOVJeANy4PmaCi0s1LX2,10,1771269003054408000,1771269003047817000,67,Insert,i,68,Dnes som pisala svoju diplomovu pracu na temu metodika klavirna a pi
qHMPVSZeEOVJeANy4PmaCi0s1LX2,10,1771269003585345000,1771269003580734000,68,Insert,s,69,Dnes som pisala svoju diplomovu pracu na temu metodika klavirna a pis
qHMPVSZeEOVJeANy4PmaCi0s1LX2,10,1771269003875170000,1771269003868022000,69,Insert,a,70,Dnes som pisala svoju diplomovu pracu na temu metodika klavirna a pisa
qHMPVSZeEOVJeANy4PmaCi0s1LX2,10,1771269004049664000,1771269004043730000,70,Insert,l,71,Dnes som pisala svoju diplomovu pracu na temu metodika klavirna a pisal
qHMPVSZeEOVJeANy4PmaCi0s1LX2,10,1771269004183304000,1771269004178022000,71,Insert,a,72,Dnes som pisala svoju diplomovu pracu na temu metodika klavirna a pisala
qHMPVSZeEOVJeANy4PmaCi0s1LX2,10,1771269004328528000,1771269004323460000,72,Insert, ,73,Dnes som pisala svoju diplomovu pracu na temu metodika klavirna a pisala 
qHMPVSZeEOVJeANy4PmaCi0s1LX2,10,1771269004522440000,1771269004516691000,73,Insert,s,74,Dnes som pisala svoju diplomovu pracu na temu metodika klavirna a pisala s
qHMPVSZeEOVJeANy4PmaCi0s1LX2,10,1771269004789315000,1771269004783563000,74,Insert,o,75,Dnes som pisala svoju diplomovu pracu na temu metodika klavirna a pisala so
qHMPVSZeEOVJeANy4PmaCi0s1LX2,10,1771269005214054000,1771269005208830000,75,Insert,m,76,Dnes som pisala svoju diplomovu pracu na temu metodika klavirna a pisala som
qHMPVSZeEOVJeANy4PmaCi0s1LX2,10,1771269005601383000,1771269005596174000,76,Insert, ,77,Dnes som pisala svoju diplomovu pracu na temu metodika klavirna a pisala som 
qHMPVSZeEOVJeANy4PmaCi0s1LX2,10,1771269006238500000,1771269006231932000,77,Insert,c,78,Dnes som pisala svoju diplomovu pracu na temu metodika klavirna a pisala som c
qHMPVSZeEOVJeANy4PmaCi0s1LX2,10,1771269006460325000,1771269006451907000,78,Insert,e,79,Dnes som pisala svoju diplomovu pracu na temu metodika klavirna a pisala som ce
qHMPVSZeEOVJeANy4PmaCi0s1LX2,10,1771269006531268000,1771269006523643000,79,Insert,l,80,Dnes som pisala svoju diplomovu pracu na temu metodika klavirna a pisala som cel
qHMPVSZeEOVJeANy4PmaCi0s1LX2,10,1771269006830463000,1771269006823139000,80,Insert,y,81,Dnes som pisala svoju diplomovu pracu na temu metodika klavirna a pisala som cely
qHMPVSZeEOVJeANy4PmaCi0s1LX2,10,1771269006904174000,1771269006899476000,81,Insert, ,82,Dnes som pisala svoju diplomovu pracu na temu metodika klavirna a pisala som cely 
qHMPVSZeEOVJeANy4PmaCi0s1LX2,10,1771269007105874000,1771269007100259000,82,Insert,d,83,Dnes som pisala svoju diplomovu pracu na temu metodika klavirna a pisala som cely d
qHMPVSZeEOVJeANy4PmaCi0s1LX2,10,1771269007330811000,1771269007324860000,83,Insert,e,84,Dnes som pisala svoju diplomovu pracu na temu metodika klavirna a pisala som cely de
qHMPVSZeEOVJeANy4PmaCi0s1LX2,10,1771269007486059000,1771269007480600000,84,Insert,n,85,Dnes som pisala svoju diplomovu pracu na temu metodika klavirna a pisala som cely den
qHMPVSZeEOVJeANy4PmaCi0s1LX2,10,1771269009579948000,1771269009574655000,85,Insert,",",86,"Dnes som pisala svoju diplomovu pracu na temu metodika klavirna a pisala som cely den,"
qHMPVSZeEOVJeANy4PmaCi0s1LX2,10,1771269009755144000,1771269009749579000,86,Insert, ,87,"Dnes som pisala svoju diplomovu pracu na temu metodika klavirna a pisala som cely den, "
qHMPVSZeEOVJeANy4PmaCi0s1LX2,10,1771269010148813000,1771269010144403000,87,Insert,a,88,"Dnes som pisala svoju diplomovu pracu na temu metodika klavirna a pisala som cely den, a"
qHMPVSZeEOVJeANy4PmaCi0s1LX2,10,1771269010233216000,1771269010228340000,88,Insert,j,89,"Dnes som pisala svoju diplomovu pracu na temu metodika klavirna a pisala som cely den, aj"
qHMPVSZeEOVJeANy4PmaCi0s1LX2,10,1771269010428243000,1771269010423325000,89,Insert, ,90,"Dnes som pisala svoju diplomovu pracu na temu metodika klavirna a pisala som cely den, aj "
qHMPVSZeEOVJeANy4PmaCi0s1LX2,10,1771269010648975000,1771269010642968000,90,Insert,k,91,"Dnes som pisala svoju diplomovu pracu na temu metodika klavirna a pisala som cely den, aj k"
qHMPVSZeEOVJeANy4PmaCi0s1LX2,10,1771269010834520000,1771269010829458000,91,Insert,e,92,"Dnes som pisala svoju diplomovu pracu na temu metodika klavirna a pisala som cely den, aj ke"
qHMPVSZeEOVJeANy4PmaCi0s1LX2,10,1771269011054836000,1771269011048211000,92,Insert,d,93,"Dnes som pisala svoju diplomovu pracu na temu metodika klavirna a pisala som cely den, aj ked"
qHMPVSZeEOVJeANy4PmaCi0s1LX2,10,1771269011168246000,1771269011163953000,93,Insert, ,94,"Dnes som pisala svoju diplomovu pracu na temu metodika klavirna a pisala som cely den, aj ked "
qHMPVSZeEOVJeANy4PmaCi0s1LX2,10,1771269023403206000,1771269023391817000,94,Insert,s,95,"Dnes som pisala svoju diplomovu pracu na temu metodika klavirna a pisala som cely den, aj ked s"
qHMPVSZeEOVJeANy4PmaCi0s1LX2,10,1771269023620781000,1771269023612485000,95,Insert,p,96,"Dnes som pisala svoju diplomovu pracu na temu metodika klavirna a pisala som cely den, aj ked sp"
qHMPVSZeEOVJeANy4PmaCi0s1LX2,10,1771269023772824000,1771269023768366000,96,Insert,l,97,"Dnes som pisala svoju diplomovu pracu na temu metodika klavirna a pisala som cely den, aj ked spl"
qHMPVSZeEOVJeANy4PmaCi0s1LX2,10,1771269023798022000,1771269023793579000,97,Insert,a,98,"Dnes som pisala svoju diplomovu pracu na temu metodika klavirna a pisala som cely den, aj ked spla"
qHMPVSZeEOVJeANy4PmaCi0s1LX2,10,1771269024025206000,1771269024018426000,98,Insert,o,99,"Dnes som pisala svoju diplomovu pracu na temu metodika klavirna a pisala som cely den, aj ked splao"
qHMPVSZeEOVJeANy4PmaCi0s1LX2,10,1771269024299417000,1771269024292059000,99,Insert, ,100,"Dnes som pisala svoju diplomovu pracu na temu metodika klavirna a pisala som cely den, aj ked splao "
qHMPVSZeEOVJeANy4PmaCi0s1LX2,10,1771269024768296000,1771269024760804000,100,Insert,l,101,"Dnes som pisala svoju diplomovu pracu na temu metodika klavirna a pisala som cely den, aj ked splao l"
qHMPVSZeEOVJeANy4PmaCi0s1LX2,10,1771269024916710000,1771269024913157000,101,Insert,l,102,"Dnes som pisala svoju diplomovu pracu na temu metodika klavirna a pisala som cely den, aj ked splao ll"
qHMPVSZeEOVJeANy4PmaCi0s1LX2,10,1771269025053931000,1771269025050340000,102,Delete,l,101,"Dnes som pisala svoju diplomovu pracu na temu metodika klavirna a pisala som cely den, aj ked splao l"
qHMPVSZeEOVJeANy4PmaCi0s1LX2,10,1771269025211581000,1771269025206338000,101,Delete,l,100,"Dnes som pisala svoju diplomovu pracu na temu metodika klavirna a pisala som cely den, aj ked splao "
qHMPVSZeEOVJeANy4PmaCi0s1LX2,10,1771269025453992000,1771269025449624000,100,Delete, ,99,"Dnes som pisala svoju diplomovu pracu na temu metodika klavirna a pisala som cely den, aj ked splao"
qHMPVSZeEOVJeANy4PmaCi0s1LX2,10,1771269025666091000,1771269025662149000,99,Delete,o,98,"Dnes som pisala svoju diplomovu pracu na temu metodika klavirna a pisala som cely den, aj ked spla"
qHMPVSZeEOVJeANy4PmaCi0s1LX2,10,1771269025815555000,1771269025811529000,98,Delete,a,97,"Dnes som pisala svoju diplomovu pracu na temu metodika klavirna a pisala som cely den, aj ked spl"
qHMPVSZeEOVJeANy4PmaCi0s1LX2,10,1771269025980860000,1771269025973370000,97,Delete,l,96,"Dnes som pisala svoju diplomovu pracu na temu metodika klavirna a pisala som cely den, aj ked sp"
qHMPVSZeEOVJeANy4PmaCi0s1LX2,10,1771269026445020000,1771269026439166000,96,Delete,p,95,"Dnes som pisala svoju diplomovu pracu na temu metodika klavirna a pisala som cely den, aj ked s"
qHMPVSZeEOVJeANy4PmaCi0s1LX2,10,1771269027260338000,1771269027253707000,95,Insert,p,96,"Dnes som pisala svoju diplomovu pracu na temu metodika klavirna a pisala som cely den, aj ked sp"
qHMPVSZeEOVJeANy4PmaCi0s1LX2,10,1771269027451237000,1771269027443230000,96,Insert,a,97,"Dnes som pisala svoju diplomovu pracu na temu metodika klavirna a pisala som cely den, aj ked spa"
qHMPVSZeEOVJeANy4PmaCi0s1LX2,10,1771269027543329000,1771269027539255000,97,Insert,l,98,"Dnes som pisala svoju diplomovu pracu na temu metodika klavirna a pisala som cely den, aj ked spal"
qHMPVSZeEOVJeANy4PmaCi0s1LX2,10,1771269027739467000,1771269027732368000,98,Insert,o,99,"Dnes som pisala svoju diplomovu pracu na temu metodika klavirna a pisala som cely den, aj ked spalo"
qHMPVSZeEOVJeANy4PmaCi0s1LX2,10,1771269028140586000,1771269028133777000,99,Insert, ,100,"Dnes som pisala svoju diplomovu pracu na temu metodika klavirna a pisala som cely den, aj ked spalo "
qHMPVSZeEOVJeANy4PmaCi0s1LX2,10,1771269029594852000,1771269029588674000,100,Insert,m,101,"Dnes som pisala svoju diplomovu pracu na temu metodika klavirna a pisala som cely den, aj ked spalo m"
qHMPVSZeEOVJeANy4PmaCi0s1LX2,10,1771269029784366000,1771269029778064000,101,Insert,o,102,"Dnes som pisala svoju diplomovu pracu na temu metodika klavirna a pisala som cely den, aj ked spalo mo"
qHMPVSZeEOVJeANy4PmaCi0s1LX2,10,1771269029990780000,1771269029985338000,102,Insert,j,103,"Dnes som pisala svoju diplomovu pracu na temu metodika klavirna a pisala som cely den, aj ked spalo moj"
qHMPVSZeEOVJeANy4PmaCi0s1LX2,10,1771269030162155000,1771269030155563000,103,Insert,e,104,"Dnes som pisala svoju diplomovu pracu na temu metodika klavirna a pisala som cely den, aj ked spalo moje"
qHMPVSZeEOVJeANy4PmaCi0s1LX2,10,1771269030274723000,1771269030270092000,104,Insert, ,105,"Dnes som pisala svoju diplomovu pracu na temu metodika klavirna a pisala som cely den, aj ked spalo moje "
qHMPVSZeEOVJeANy4PmaCi0s1LX2,10,1771269030797091000,1771269030789717000,105,Insert,m,106,"Dnes som pisala svoju diplomovu pracu na temu metodika klavirna a pisala som cely den, aj ked spalo moje m"
qHMPVSZeEOVJeANy4PmaCi0s1LX2,10,1771269031013698000,1771269031005279000,106,Insert,a,107,"Dnes som pisala svoju diplomovu pracu na temu metodika klavirna a pisala som cely den, aj ked spalo moje ma"
qHMPVSZeEOVJeANy4PmaCi0s1LX2,10,1771269031098887000,1771269031093659000,107,Insert,l,108,"Dnes som pisala svoju diplomovu pracu na temu metodika klavirna a pisala som cely den, aj ked spalo moje mal"
qHMPVSZeEOVJeANy4PmaCi0s1LX2,10,1771269031381068000,1771269031374969000,108,Insert,e,109,"Dnes som pisala svoju diplomovu pracu na temu metodika klavirna a pisala som cely den, aj ked spalo moje male"
qHMPVSZeEOVJeANy4PmaCi0s1LX2,10,1771269031508381000,1771269031500589000,109,Insert, ,110,"Dnes som pisala svoju diplomovu pracu na temu metodika klavirna a pisala som cely den, aj ked spalo moje male "
qHMPVSZeEOVJeANy4PmaCi0s1LX2,10,1771269031683403000,1771269031678855000,110,Insert,d,111,"Dnes som pisala svoju diplomovu pracu na temu metodika klavirna a pisala som cely den, aj ked spalo moje male d"
qHMPVSZeEOVJeANy4PmaCi0s1LX2,10,1771269031797619000,1771269031792419000,111,Insert,i,112,"Dnes som pisala svoju diplomovu pracu na temu metodika klavirna a pisala som cely den, aj ked spalo moje male di"
qHMPVSZeEOVJeANy4PmaCi0s1LX2,10,1771269031974247000,1771269031969116000,112,Insert,e,113,"Dnes som pisala svoju diplomovu pracu na temu metodika klavirna a pisala som cely den, aj ked spalo moje male die"
qHMPVSZeEOVJeANy4PmaCi0s1LX2,10,1771269032080969000,1771269032076753000,113,Insert,t,114,"Dnes som pisala svoju diplomovu pracu na temu metodika klavirna a pisala som cely den, aj ked spalo moje male diet"
qHMPVSZeEOVJeANy4PmaCi0s1LX2,10,1771269032335329000,1771269032328036000,114,Insert,a,115,"Dnes som pisala svoju diplomovu pracu na temu metodika klavirna a pisala som cely den, aj ked spalo moje male dieta"
qHMPVSZeEOVJeANy4PmaCi0s1LX2,10,1771269033382715000,1771269033372492000,115,Insert,",",116,"Dnes som pisala svoju diplomovu pracu na temu metodika klavirna a pisala som cely den, aj ked spalo moje male dieta,"
qHMPVSZeEOVJeANy4PmaCi0s1LX2,10,1771269033530468000,1771269033524824000,116,Insert, ,117,"Dnes som pisala svoju diplomovu pracu na temu metodika klavirna a pisala som cely den, aj ked spalo moje male dieta, "
qHMPVSZeEOVJeANy4PmaCi0s1LX2,10,1771269034641536000,1771269034636028000,117,Insert,a,118,"Dnes som pisala svoju diplomovu pracu na temu metodika klavirna a pisala som cely den, aj ked spalo moje male dieta, a"
qHMPVSZeEOVJeANy4PmaCi0s1LX2,10,1771269034841522000,1771269034834246000,118,Insert,j,119,"Dnes som pisala svoju diplomovu pracu na temu metodika klavirna a pisala som cely den, aj ked spalo moje male dieta, aj"
qHMPVSZeEOVJeANy4PmaCi0s1LX2,10,1771269035064839000,1771269035058839000,119,Insert, ,120,"Dnes som pisala svoju diplomovu pracu na temu metodika klavirna a pisala som cely den, aj ked spalo moje male dieta, aj "
qHMPVSZeEOVJeANy4PmaCi0s1LX2,10,1771269035336168000,1771269035330819000,120,Insert,v,121,"Dnes som pisala svoju diplomovu pracu na temu metodika klavirna a pisala som cely den, aj ked spalo moje male dieta, aj v"
qHMPVSZeEOVJeANy4PmaCi0s1LX2,10,1771269035592894000,1771269035585159000,121,Insert,t,122,"Dnes som pisala svoju diplomovu pracu na temu metodika klavirna a pisala som cely den, aj ked spalo moje male dieta, aj vt"
qHMPVSZeEOVJeANy4PmaCi0s1LX2,10,1771269035786352000,1771269035780330000,122,Insert,e,123,"Dnes som pisala svoju diplomovu pracu na temu metodika klavirna a pisala som cely den, aj ked spalo moje male dieta, aj vte"
qHMPVSZeEOVJeANy4PmaCi0s1LX2,10,1771269035941651000,1771269035937227000,123,Insert,d,124,"Dnes som pisala svoju diplomovu pracu na temu metodika klavirna a pisala som cely den, aj ked spalo moje male dieta, aj vted"
qHMPVSZeEOVJeANy4PmaCi0s1LX2,10,1771269036147801000,1771269036143054000,124,Insert,y,125,"Dnes som pisala svoju diplomovu pracu na temu metodika klavirna a pisala som cely den, aj ked spalo moje male dieta, aj vtedy"
qHMPVSZeEOVJeANy4PmaCi0s1LX2,10,1771269036496089000,1771269036489059000,125,Insert, ,126,"Dnes som pisala svoju diplomovu pracu na temu metodika klavirna a pisala som cely den, aj ked spalo moje male dieta, aj vtedy "
qHMPVSZeEOVJeANy4PmaCi0s1LX2,10,1771269036902674000,1771269036896332000,126,Insert,s,127,"Dnes som pisala svoju diplomovu pracu na temu metodika klavirna a pisala som cely den, aj ked spalo moje male dieta, aj vtedy s"
qHMPVSZeEOVJeANy4PmaCi0s1LX2,10,1771269037028745000,1771269037016211000,127,Insert,o,128,"Dnes som pisala svoju diplomovu pracu na temu metodika klavirna a pisala som cely den, aj ked spalo moje male dieta, aj vtedy so"
qHMPVSZeEOVJeANy4PmaCi0s1LX2,10,1771269037271300000,1771269037264171000,128,Insert,m,129,"Dnes som pisala svoju diplomovu pracu na temu metodika klavirna a pisala som cely den, aj ked spalo moje male dieta, aj vtedy som"
qHMPVSZeEOVJeANy4PmaCi0s1LX2,10,1771269037605018000,1771269037598226000,129,Insert, ,130,"Dnes som pisala svoju diplomovu pracu na temu metodika klavirna a pisala som cely den, aj ked spalo moje male dieta, aj vtedy som "
qHMPVSZeEOVJeANy4PmaCi0s1LX2,10,1771269038012205000,1771269038005323000,130,Insert,p,131,"Dnes som pisala svoju diplomovu pracu na temu metodika klavirna a pisala som cely den, aj ked spalo moje male dieta, aj vtedy som p"
qHMPVSZeEOVJeANy4PmaCi0s1LX2,10,1771269038408124000,1771269038397476000,131,Insert,i,132,"Dnes som pisala svoju diplomovu pracu na temu metodika klavirna a pisala som cely den, aj ked spalo moje male dieta, aj vtedy som pi"
qHMPVSZeEOVJeANy4PmaCi0s1LX2,10,1771269038931873000,1771269038925065000,132,Insert,s,133,"Dnes som pisala svoju diplomovu pracu na temu metodika klavirna a pisala som cely den, aj ked spalo moje male dieta, aj vtedy som pis"
qHMPVSZeEOVJeANy4PmaCi0s1LX2,10,1771269039251020000,1771269039243202000,133,Insert,a,134,"Dnes som pisala svoju diplomovu pracu na temu metodika klavirna a pisala som cely den, aj ked spalo moje male dieta, aj vtedy som pisa"
qHMPVSZeEOVJeANy4PmaCi0s1LX2,10,1771269039470594000,1771269039463443000,134,Insert,l,135,"Dnes som pisala svoju diplomovu pracu na temu metodika klavirna a pisala som cely den, aj ked spalo moje male dieta, aj vtedy som pisal"
qHMPVSZeEOVJeANy4PmaCi0s1LX2,10,1771269039610143000,1771269039601206000,135,Insert,a,136,"Dnes som pisala svoju diplomovu pracu na temu metodika klavirna a pisala som cely den, aj ked spalo moje male dieta, aj vtedy som pisala"
qHMPVSZeEOVJeANy4PmaCi0s1LX2,10,1771269040008407000,1771269040000132000,136,Insert, ,137,"Dnes som pisala svoju diplomovu pracu na temu metodika klavirna a pisala som cely den, aj ked spalo moje male dieta, aj vtedy som pisala "
qHMPVSZeEOVJeANy4PmaCi0s1LX2,10,1771269041043541000,1771269041038936000,137,Delete, ,136,"Dnes som pisala svoju diplomovu pracu na temu metodika klavirna a pisala som cely den, aj ked spalo moje male dieta, aj vtedy som pisala"
qHMPVSZeEOVJeANy4PmaCi0s1LX2,10,1771269041354797000,1771269041345654000,136,Insert,.,137,"Dnes som pisala svoju diplomovu pracu na temu metodika klavirna a pisala som cely den, aj ked spalo moje male dieta, aj vtedy som pisala."
qHMPVSZeEOVJeANy4PmaCi0s1LX2,11,1771269043856742000,1771269043853056000,0,Insert,D,1,D
qHMPVSZeEOVJeANy4PmaCi0s1LX2,11,1771269044200912000,1771269044194686000,1,Insert,n,2,Dn
qHMPVSZeEOVJeANy4PmaCi0s1LX2,11,1771269044312767000,1771269044309063000,2,Insert,e,3,Dne
qHMPVSZeEOVJeANy4PmaCi0s1LX2,11,1771269044576121000,1771269044569602000,3,Insert,s,4,Dnes
qHMPVSZeEOVJeANy4PmaCi0s1LX2,11,1771269044713831000,1771269044709926000,4,Insert, ,5,Dnes 
qHMPVSZeEOVJeANy4PmaCi0s1LX2,11,1771269045381720000,1771269045369280000,5,Insert,s,6,Dnes s
qHMPVSZeEOVJeANy4PmaCi0s1LX2,11,1771269045581722000,1771269045578064000,6,Insert,o,7,Dnes so
qHMPVSZeEOVJeANy4PmaCi0s1LX2,11,1771269045861777000,1771269045855377000,7,Insert,m,8,Dnes som
qHMPVSZeEOVJeANy4PmaCi0s1LX2,11,1771269046105716000,1771269046099079000,8,Insert, ,9,Dnes som 
qHMPVSZeEOVJeANy4PmaCi0s1LX2,11,1771269046800032000,1771269046792144000,9,Insert,p,10,Dnes som p
qHMPVSZeEOVJeANy4PmaCi0s1LX2,11,1771269047208164000,1771269047202045000,10,Insert,i,11,Dnes som pi
qHMPVSZeEOVJeANy4PmaCi0s1LX2,11,1771269047711058000,1771269047706782000,11,Insert,s,12,Dnes som pis
qHMPVSZeEOVJeANy4PmaCi0s1LX2,11,1771269048064388000,1771269048058160000,12,Insert,a,13,Dnes som pisa
qHMPVSZeEOVJeANy4PmaCi0s1LX2,11,1771269048269777000,1771269048265027000,13,Insert,l,14,Dnes som pisal
qHMPVSZeEOVJeANy4PmaCi0s1LX2,11,1771269048465873000,1771269048460410000,14,Insert,a,15,Dnes som pisala
qHMPVSZeEOVJeANy4PmaCi0s1LX2,11,1771269049088873000,1771269049078934000,15,Insert, ,16,Dnes som pisala 
qHMPVSZeEOVJeANy4PmaCi0s1LX2,11,1771269049576320000,1771269049569326000,16,Insert,s,17,Dnes som pisala s
qHMPVSZeEOVJeANy4PmaCi0s1LX2,11,1771269049731012000,1771269049726564000,17,Insert,v,18,Dnes som pisala sv
qHMPVSZeEOVJeANy4PmaCi0s1LX2,11,1771269049944750000,1771269049938376000,18,Insert,o,19,Dnes som pisala svo
qHMPVSZeEOVJeANy4PmaCi0s1LX2,11,1771269050143283000,1771269050137339000,19,Insert,j,20,Dnes som pisala svoj
qHMPVSZeEOVJeANy4PmaCi0s1LX2,11,1771269050328671000,1771269050324674000,20,Insert,u,21,Dnes som pisala svoju
qHMPVSZeEOVJeANy4PmaCi0s1LX2,11,1771269050729528000,1771269050726054000,21,Insert, ,22,Dnes som pisala svoju 
qHMPVSZeEOVJeANy4PmaCi0s1LX2,11,1771269051712110000,1771269051708142000,22,Insert,d,23,Dnes som pisala svoju d
qHMPVSZeEOVJeANy4PmaCi0s1LX2,11,1771269051851406000,1771269051847626000,23,Insert,i,24,Dnes som pisala svoju di
qHMPVSZeEOVJeANy4PmaCi0s1LX2,11,1771269052108494000,1771269052102271000,24,Insert,p,25,Dnes som pisala svoju dip
qHMPVSZeEOVJeANy4PmaCi0s1LX2,11,1771269052369269000,1771269052363297000,25,Insert,l,26,Dnes som pisala svoju dipl
qHMPVSZeEOVJeANy4PmaCi0s1LX2,11,1771269052582243000,1771269052575508000,26,Insert,o,27,Dnes som pisala svoju diplo
qHMPVSZeEOVJeANy4PmaCi0s1LX2,11,1771269052855365000,1771269052849199000,27,Insert,m,28,Dnes som pisala svoju diplom
qHMPVSZeEOVJeANy4PmaCi0s1LX2,11,1771269053052645000,1771269053048962000,28,Insert,o,29,Dnes som pisala svoju diplomo
qHMPVSZeEOVJeANy4PmaCi0s1LX2,11,1771269053492513000,1771269053483761000,29,Insert,v,30,Dnes som pisala svoju diplomov
qHMPVSZeEOVJeANy4PmaCi0s1LX2,11,1771269053827400000,1771269053811995000,30,Insert,u,31,Dnes som pisala svoju diplomovu
qHMPVSZeEOVJeANy4PmaCi0s1LX2,11,1771269054452997000,1771269054441199000,31,Insert, ,32,Dnes som pisala svoju diplomovu 
qHMPVSZeEOVJeANy4PmaCi0s1LX2,11,1771269061902840000,1771269061898528000,32,Insert,a,33,Dnes som pisala svoju diplomovu a
qHMPVSZeEOVJeANy4PmaCi0s1LX2,11,1771269062151445000,1771269062143353000,33,Insert,p,34,Dnes som pisala svoju diplomovu ap
qHMPVSZeEOVJeANy4PmaCi0s1LX2,11,1771269062608499000,1771269062604234000,34,Delete,p,33,Dnes som pisala svoju diplomovu a
qHMPVSZeEOVJeANy4PmaCi0s1LX2,11,1771269062954971000,1771269062950849000,33,Delete,a,32,Dnes som pisala svoju diplomovu 
qHMPVSZeEOVJeANy4PmaCi0s1LX2,11,1771269063410983000,1771269063404158000,32,Insert,p,33,Dnes som pisala svoju diplomovu p
qHMPVSZeEOVJeANy4PmaCi0s1LX2,11,1771269063887808000,1771269063880701000,33,Insert,r,34,Dnes som pisala svoju diplomovu pr
qHMPVSZeEOVJeANy4PmaCi0s1LX2,11,1771269064080910000,1771269064076491000,34,Insert,a,35,Dnes som pisala svoju diplomovu pra
qHMPVSZeEOVJeANy4PmaCi0s1LX2,11,1771269064182640000,1771269064178458000,35,Insert,c,36,Dnes som pisala svoju diplomovu prac
qHMPVSZeEOVJeANy4PmaCi0s1LX2,11,1771269064513233000,1771269064507135000,36,Insert,u,37,Dnes som pisala svoju diplomovu pracu
qHMPVSZeEOVJeANy4PmaCi0s1LX2,11,1771269075539876000,1771269075526117000,37,Insert, ,38,Dnes som pisala svoju diplomovu pracu 
qHMPVSZeEOVJeANy4PmaCi0s1LX2,11,1771269075855595000,1771269075849585000,38,Insert,n,39,Dnes som pisala svoju diplomovu pracu n
qHMPVSZeEOVJeANy4PmaCi0s1LX2,11,1771269076050009000,1771269076044058000,39,Insert,a,40,Dnes som pisala svoju diplomovu pracu na
qHMPVSZeEOVJeANy4PmaCi0s1LX2,11,1771269076127556000,1771269076121905000,40,Insert, ,41,Dnes som pisala svoju diplomovu pracu na 
qHMPVSZeEOVJeANy4PmaCi0s1LX2,11,1771269076375938000,1771269076370447000,41,Insert,t,42,Dnes som pisala svoju diplomovu pracu na t
qHMPVSZeEOVJeANy4PmaCi0s1LX2,11,1771269076600708000,1771269076594350000,42,Insert,e,43,Dnes som pisala svoju diplomovu pracu na te
qHMPVSZeEOVJeANy4PmaCi0s1LX2,11,1771269076744720000,1771269076740725000,43,Insert,m,44,Dnes som pisala svoju diplomovu pracu na tem
qHMPVSZeEOVJeANy4PmaCi0s1LX2,11,1771269077002838000,1771269076995885000,44,Insert,u,45,Dnes som pisala svoju diplomovu pracu na temu
qHMPVSZeEOVJeANy4PmaCi0s1LX2,11,1771269077292098000,1771269077287188000,45,Insert, ,46,Dnes som pisala svoju diplomovu pracu na temu 
qHMPVSZeEOVJeANy4PmaCi0s1LX2,11,1771269078759327000,1771269078755390000,46,Insert,m,47,Dnes som pisala svoju diplomovu pracu na temu m
qHMPVSZeEOVJeANy4PmaCi0s1LX2,11,1771269078979802000,1771269078974820000,47,Insert,e,48,Dnes som pisala svoju diplomovu pracu na temu me
qHMPVSZeEOVJeANy4PmaCi0s1LX2,11,1771269079136158000,1771269079131544000,48,Insert,t,49,Dnes som pisala svoju diplomovu pracu na temu met
qHMPVSZeEOVJeANy4PmaCi0s1LX2,11,1771269079416306000,1771269079410418000,49,Insert,o,50,Dnes som pisala svoju diplomovu pracu na temu meto
qHMPVSZeEOVJeANy4PmaCi0s1LX2,11,1771269079511761000,1771269079507676000,50,Insert,d,51,Dnes som pisala svoju diplomovu pracu na temu metod
qHMPVSZeEOVJeANy4PmaCi0s1LX2,11,1771269079590105000,1771269079586103000,51,Insert,i,52,Dnes som pisala svoju diplomovu pracu na temu metodi
qHMPVSZeEOVJeANy4PmaCi0s1LX2,11,1771269079784957000,1771269079780541000,52,Insert,k,53,Dnes som pisala svoju diplomovu pracu na temu metodik
qHMPVSZeEOVJeANy4PmaCi0s1LX2,11,1771269080087044000,1771269080079941000,53,Insert,a,54,Dnes som pisala svoju diplomovu pracu na temu metodika
qHMPVSZeEOVJeANy4PmaCi0s1LX2,11,1771269080655009000,1771269080648272000,54,Insert, ,55,Dnes som pisala svoju diplomovu pracu na temu metodika 
qHMPVSZeEOVJeANy4PmaCi0s1LX2,11,1771269081852602000,1771269081844611000,55,Insert,k,56,Dnes som pisala svoju diplomovu pracu na temu metodika k
qHMPVSZeEOVJeANy4PmaCi0s1LX2,11,1771269082192053000,1771269082185999000,56,Insert,l,57,Dnes som pisala svoju diplomovu pracu na temu metodika kl
qHMPVSZeEOVJeANy4PmaCi0s1LX2,11,1771269082405554000,1771269082396860000,57,Insert,a,58,Dnes som pisala svoju diplomovu pracu na temu metodika kla
qHMPVSZeEOVJeANy4PmaCi0s1LX2,11,1771269082527762000,1771269082522564000,58,Insert,v,59,Dnes som pisala svoju diplomovu pracu na temu metodika klav
qHMPVSZeEOVJeANy4PmaCi0s1LX2,11,1771269082783107000,1771269082776540000,59,Insert,i,60,Dnes som pisala svoju diplomovu pracu na temu metodika klavi
qHMPVSZeEOVJeANy4PmaCi0s1LX2,11,1771269083002935000,1771269082996613000,60,Insert,r,61,Dnes som pisala svoju diplomovu pracu na temu metodika klavir
qHMPVSZeEOVJeANy4PmaCi0s1LX2,11,1771269083231421000,1771269083225198000,61,Insert,n,62,Dnes som pisala svoju diplomovu pracu na temu metodika klavirn
qHMPVSZeEOVJeANy4PmaCi0s1LX2,11,1771269083464582000,1771269083457211000,62,Insert,a,63,Dnes som pisala svoju diplomovu pracu na temu metodika klavirna
qHMPVSZeEOVJeANy4PmaCi0s1LX2,11,1771269084174766000,1771269084164888000,63,Insert, ,64,Dnes som pisala svoju diplomovu pracu na temu metodika klavirna 
qHMPVSZeEOVJeANy4PmaCi0s1LX2,11,1771269084887676000,1771269084881055000,64,Insert,a,65,Dnes som pisala svoju diplomovu pracu na temu metodika klavirna a
qHMPVSZeEOVJeANy4PmaCi0s1LX2,11,1771269085058055000,1771269085053476000,65,Insert, ,66,Dnes som pisala svoju diplomovu pracu na temu metodika klavirna a 
qHMPVSZeEOVJeANy4PmaCi0s1LX2,11,1771269085655451000,1771269085647112000,66,Insert,p,67,Dnes som pisala svoju diplomovu pracu na temu metodika klavirna a p
qHMPVSZeEOVJeANy4PmaCi0s1LX2,11,1771269086097221000,1771269086091276000,67,Insert,i,68,Dnes som pisala svoju diplomovu pracu na temu metodika klavirna a pi
qHMPVSZeEOVJeANy4PmaCi0s1LX2,11,1771269086518847000,1771269086511051000,68,Insert,s,69,Dnes som pisala svoju diplomovu pracu na temu metodika klavirna a pis
qHMPVSZeEOVJeANy4PmaCi0s1LX2,11,1771269086841156000,1771269086831239000,69,Insert,a,70,Dnes som pisala svoju diplomovu pracu na temu metodika klavirna a pisa
qHMPVSZeEOVJeANy4PmaCi0s1LX2,11,1771269087053109000,1771269087048429000,70,Insert,l,71,Dnes som pisala svoju diplomovu pracu na temu metodika klavirna a pisal
qHMPVSZeEOVJeANy4PmaCi0s1LX2,11,1771269087235432000,1771269087231386000,71,Insert,a,72,Dnes som pisala svoju diplomovu pracu na temu metodika klavirna a pisala
qHMPVSZeEOVJeANy4PmaCi0s1LX2,11,1771269087331912000,1771269087326944000,72,Insert, ,73,Dnes som pisala svoju diplomovu pracu na temu metodika klavirna a pisala 
qHMPVSZeEOVJeANy4PmaCi0s1LX2,11,1771269087547384000,1771269087541148000,73,Insert,s,74,Dnes som pisala svoju diplomovu pracu na temu metodika klavirna a pisala s
qHMPVSZeEOVJeANy4PmaCi0s1LX2,11,1771269087688904000,1771269087684184000,74,Insert,o,75,Dnes som pisala svoju diplomovu pracu na temu metodika klavirna a pisala so
qHMPVSZeEOVJeANy4PmaCi0s1LX2,11,1771269088187812000,1771269088181681000,75,Insert,m,76,Dnes som pisala svoju diplomovu pracu na temu metodika klavirna a pisala som
qHMPVSZeEOVJeANy4PmaCi0s1LX2,11,1771269088510958000,1771269088504485000,76,Insert, ,77,Dnes som pisala svoju diplomovu pracu na temu metodika klavirna a pisala som 
qHMPVSZeEOVJeANy4PmaCi0s1LX2,11,1771269088893040000,1771269088885909000,77,Insert,c,78,Dnes som pisala svoju diplomovu pracu na temu metodika klavirna a pisala som c
qHMPVSZeEOVJeANy4PmaCi0s1LX2,11,1771269089098486000,1771269089093502000,78,Insert,e,79,Dnes som pisala svoju diplomovu pracu na temu metodika klavirna a pisala som ce
qHMPVSZeEOVJeANy4PmaCi0s1LX2,11,1771269089189817000,1771269089185027000,79,Insert,l,80,Dnes som pisala svoju diplomovu pracu na temu metodika klavirna a pisala som cel
qHMPVSZeEOVJeANy4PmaCi0s1LX2,11,1771269089459063000,1771269089451393000,80,Insert,y,81,Dnes som pisala svoju diplomovu pracu na temu metodika klavirna a pisala som cely
qHMPVSZeEOVJeANy4PmaCi0s1LX2,11,1771269089594612000,1771269089589692000,81,Insert, ,82,Dnes som pisala svoju diplomovu pracu na temu metodika klavirna a pisala som cely 
qHMPVSZeEOVJeANy4PmaCi0s1LX2,11,1771269090088088000,1771269090081687000,82,Insert,d,83,Dnes som pisala svoju diplomovu pracu na temu metodika klavirna a pisala som cely d
qHMPVSZeEOVJeANy4PmaCi0s1LX2,11,1771269090332010000,1771269090325961000,83,Insert,e,84,Dnes som pisala svoju diplomovu pracu na temu metodika klavirna a pisala som cely de
qHMPVSZeEOVJeANy4PmaCi0s1LX2,11,1771269090511067000,1771269090506196000,84,Insert,n,85,Dnes som pisala svoju diplomovu pracu na temu metodika klavirna a pisala som cely den
qHMPVSZeEOVJeANy4PmaCi0s1LX2,11,1771269090841149000,1771269090834061000,85,Insert,",",86,"Dnes som pisala svoju diplomovu pracu na temu metodika klavirna a pisala som cely den,"
qHMPVSZeEOVJeANy4PmaCi0s1LX2,11,1771269091736890000,1771269091729103000,86,Insert, ,87,"Dnes som pisala svoju diplomovu pracu na temu metodika klavirna a pisala som cely den, "
qHMPVSZeEOVJeANy4PmaCi0s1LX2,11,1771269092412242000,1771269092402188000,87,Insert,a,88,"Dnes som pisala svoju diplomovu pracu na temu metodika klavirna a pisala som cely den, a"
qHMPVSZeEOVJeANy4PmaCi0s1LX2,11,1771269092629937000,1771269092623498000,88,Insert,j,89,"Dnes som pisala svoju diplomovu pracu na temu metodika klavirna a pisala som cely den, aj"
qHMPVSZeEOVJeANy4PmaCi0s1LX2,11,1771269092871277000,1771269092864462000,89,Insert, ,90,"Dnes som pisala svoju diplomovu pracu na temu metodika klavirna a pisala som cely den, aj "
qHMPVSZeEOVJeANy4PmaCi0s1LX2,11,1771269093671759000,1771269093665012000,90,Insert,k,91,"Dnes som pisala svoju diplomovu pracu na temu metodika klavirna a pisala som cely den, aj k"
qHMPVSZeEOVJeANy4PmaCi0s1LX2,11,1771269093906034000,1771269093898389000,91,Insert,e,92,"Dnes som pisala svoju diplomovu pracu na temu metodika klavirna a pisala som cely den, aj ke"
qHMPVSZeEOVJeANy4PmaCi0s1LX2,11,1771269094139427000,1771269094132535000,92,Insert,d,93,"Dnes som pisala svoju diplomovu pracu na temu metodika klavirna a pisala som cely den, aj ked"
qHMPVSZeEOVJeANy4PmaCi0s1LX2,11,1771269094305041000,1771269094297976000,93,Insert, ,94,"Dnes som pisala svoju diplomovu pracu na temu metodika klavirna a pisala som cely den, aj ked "
qHMPVSZeEOVJeANy4PmaCi0s1LX2,11,1771269095362747000,1771269095354164000,94,Insert,s,95,"Dnes som pisala svoju diplomovu pracu na temu metodika klavirna a pisala som cely den, aj ked s"
qHMPVSZeEOVJeANy4PmaCi0s1LX2,11,1771269095658034000,1771269095651375000,95,Insert,p,96,"Dnes som pisala svoju diplomovu pracu na temu metodika klavirna a pisala som cely den, aj ked sp"
qHMPVSZeEOVJeANy4PmaCi0s1LX2,11,1771269095968080000,1771269095960255000,96,Insert,a,97,"Dnes som pisala svoju diplomovu pracu na temu metodika klavirna a pisala som cely den, aj ked spa"
qHMPVSZeEOVJeANy4PmaCi0s1LX2,11,1771269096234195000,1771269096226964000,97,Insert,l,98,"Dnes som pisala svoju diplomovu pracu na temu metodika klavirna a pisala som cely den, aj ked spal"
qHMPVSZeEOVJeANy4PmaCi0s1LX2,11,1771269097491107000,1771269097480998000,98,Insert,o,99,"Dnes som pisala svoju diplomovu pracu na temu metodika klavirna a pisala som cely den, aj ked spalo"
qHMPVSZeEOVJeANy4PmaCi0s1LX2,11,1771269097884651000,1771269097877608000,99,Insert, ,100,"Dnes som pisala svoju diplomovu pracu na temu metodika klavirna a pisala som cely den, aj ked spalo "
qHMPVSZeEOVJeANy4PmaCi0s1LX2,11,1771269110590640000,1771269110582662000,100,Insert,m,101,"Dnes som pisala svoju diplomovu pracu na temu metodika klavirna a pisala som cely den, aj ked spalo m"
qHMPVSZeEOVJeANy4PmaCi0s1LX2,11,1771269110786310000,1771269110776007000,101,Insert,o,102,"Dnes som pisala svoju diplomovu pracu na temu metodika klavirna a pisala som cely den, aj ked spalo mo"
qHMPVSZeEOVJeANy4PmaCi0s1LX2,11,1771269111020496000,1771269111015034000,102,Insert,j,103,"Dnes som pisala svoju diplomovu pracu na temu metodika klavirna a pisala som cely den, aj ked spalo moj"
qHMPVSZeEOVJeANy4PmaCi0s1LX2,11,1771269111204730000,1771269111200248000,103,Insert,e,104,"Dnes som pisala svoju diplomovu pracu na temu metodika klavirna a pisala som cely den, aj ked spalo moje"
qHMPVSZeEOVJeANy4PmaCi0s1LX2,11,1771269111383577000,1771269111376163000,104,Insert, ,105,"Dnes som pisala svoju diplomovu pracu na temu metodika klavirna a pisala som cely den, aj ked spalo moje "
qHMPVSZeEOVJeANy4PmaCi0s1LX2,11,1771269112282038000,1771269112275674000,105,Insert,m,106,"Dnes som pisala svoju diplomovu pracu na temu metodika klavirna a pisala som cely den, aj ked spalo moje m"
qHMPVSZeEOVJeANy4PmaCi0s1LX2,11,1771269112583151000,1771269112572856000,106,Insert,a,107,"Dnes som pisala svoju diplomovu pracu na temu metodika klavirna a pisala som cely den, aj ked spalo moje ma"
qHMPVSZeEOVJeANy4PmaCi0s1LX2,11,1771269112708562000,1771269112699088000,107,Insert,l,108,"Dnes som pisala svoju diplomovu pracu na temu metodika klavirna a pisala som cely den, aj ked spalo moje mal"
qHMPVSZeEOVJeANy4PmaCi0s1LX2,11,1771269113728797000,1771269113721124000,108,Insert,e,109,"Dnes som pisala svoju diplomovu pracu na temu metodika klavirna a pisala som cely den, aj ked spalo moje male"
qHMPVSZeEOVJeANy4PmaCi0s1LX2,11,1771269113916598000,1771269113912397000,109,Insert, ,110,"Dnes som pisala svoju diplomovu pracu na temu metodika klavirna a pisala som cely den, aj ked spalo moje male "
qHMPVSZeEOVJeANy4PmaCi0s1LX2,11,1771269114111874000,1771269114107483000,110,Insert,d,111,"Dnes som pisala svoju diplomovu pracu na temu metodika klavirna a pisala som cely den, aj ked spalo moje male d"
qHMPVSZeEOVJeANy4PmaCi0s1LX2,11,1771269114261998000,1771269114254220000,111,Insert,i,112,"Dnes som pisala svoju diplomovu pracu na temu metodika klavirna a pisala som cely den, aj ked spalo moje male di"
qHMPVSZeEOVJeANy4PmaCi0s1LX2,11,1771269114419596000,1771269114415091000,112,Insert,e,113,"Dnes som pisala svoju diplomovu pracu na temu metodika klavirna a pisala som cely den, aj ked spalo moje male die"
qHMPVSZeEOVJeANy4PmaCi0s1LX2,11,1771269114568122000,1771269114562124000,113,Insert,t,114,"Dnes som pisala svoju diplomovu pracu na temu metodika klavirna a pisala som cely den, aj ked spalo moje male diet"
qHMPVSZeEOVJeANy4PmaCi0s1LX2,11,1771269114780929000,1771269114773148000,114,Insert,a,115,"Dnes som pisala svoju diplomovu pracu na temu metodika klavirna a pisala som cely den, aj ked spalo moje male dieta"
qHMPVSZeEOVJeANy4PmaCi0s1LX2,11,1771269115528965000,1771269115516483000,115,Insert,",",116,"Dnes som pisala svoju diplomovu pracu na temu metodika klavirna a pisala som cely den, aj ked spalo moje male dieta,"
qHMPVSZeEOVJeANy4PmaCi0s1LX2,11,1771269115870188000,1771269115865006000,116,Insert, ,117,"Dnes som pisala svoju diplomovu pracu na temu metodika klavirna a pisala som cely den, aj ked spalo moje male dieta, "
qHMPVSZeEOVJeANy4PmaCi0s1LX2,11,1771269116436584000,1771269116429341000,117,Insert,a,118,"Dnes som pisala svoju diplomovu pracu na temu metodika klavirna a pisala som cely den, aj ked spalo moje male dieta, a"
qHMPVSZeEOVJeANy4PmaCi0s1LX2,11,1771269116682105000,1771269116675631000,118,Insert,j,119,"Dnes som pisala svoju diplomovu pracu na temu metodika klavirna a pisala som cely den, aj ked spalo moje male dieta, aj"
qHMPVSZeEOVJeANy4PmaCi0s1LX2,11,1771269116920307000,1771269116913650000,119,Insert, ,120,"Dnes som pisala svoju diplomovu pracu na temu metodika klavirna a pisala som cely den, aj ked spalo moje male dieta, aj "
qHMPVSZeEOVJeANy4PmaCi0s1LX2,11,1771269117427780000,1771269117421225000,120,Insert,v,121,"Dnes som pisala svoju diplomovu pracu na temu metodika klavirna a pisala som cely den, aj ked spalo moje male dieta, aj v"
qHMPVSZeEOVJeANy4PmaCi0s1LX2,11,1771269117706462000,1771269117700841000,121,Insert,t,122,"Dnes som pisala svoju diplomovu pracu na temu metodika klavirna a pisala som cely den, aj ked spalo moje male dieta, aj vt"
qHMPVSZeEOVJeANy4PmaCi0s1LX2,11,1771269117940397000,1771269117931458000,122,Insert,e,123,"Dnes som pisala svoju diplomovu pracu na temu metodika klavirna a pisala som cely den, aj ked spalo moje male dieta, aj vte"
qHMPVSZeEOVJeANy4PmaCi0s1LX2,11,1771269118191413000,1771269118184659000,123,Insert,d,124,"Dnes som pisala svoju diplomovu pracu na temu metodika klavirna a pisala som cely den, aj ked spalo moje male dieta, aj vted"
qHMPVSZeEOVJeANy4PmaCi0s1LX2,11,1771269118459497000,1771269118451803000,124,Insert,y,125,"Dnes som pisala svoju diplomovu pracu na temu metodika klavirna a pisala som cely den, aj ked spalo moje male dieta, aj vtedy"
qHMPVSZeEOVJeANy4PmaCi0s1LX2,11,1771269118620005000,1771269118615447000,125,Insert, ,126,"Dnes som pisala svoju diplomovu pracu na temu metodika klavirna a pisala som cely den, aj ked spalo moje male dieta, aj vtedy "
qHMPVSZeEOVJeANy4PmaCi0s1LX2,11,1771269119551370000,1771269119547123000,126,Insert,s,127,"Dnes som pisala svoju diplomovu pracu na temu metodika klavirna a pisala som cely den, aj ked spalo moje male dieta, aj vtedy s"
qHMPVSZeEOVJeANy4PmaCi0s1LX2,11,1771269120098044000,1771269120093580000,127,Insert,o,128,"Dnes som pisala svoju diplomovu pracu na temu metodika klavirna a pisala som cely den, aj ked spalo moje male dieta, aj vtedy so"
qHMPVSZeEOVJeANy4PmaCi0s1LX2,11,1771269120330237000,1771269120322555000,128,Insert,m,129,"Dnes som pisala svoju diplomovu pracu na temu metodika klavirna a pisala som cely den, aj ked spalo moje male dieta, aj vtedy som"
qHMPVSZeEOVJeANy4PmaCi0s1LX2,11,1771269120659282000,1771269120651979000,129,Insert, ,130,"Dnes som pisala svoju diplomovu pracu na temu metodika klavirna a pisala som cely den, aj ked spalo moje male dieta, aj vtedy som "
qHMPVSZeEOVJeANy4PmaCi0s1LX2,11,1771269122122451000,1771269122113287000,130,Insert,p,131,"Dnes som pisala svoju diplomovu pracu na temu metodika klavirna a pisala som cely den, aj ked spalo moje male dieta, aj vtedy som p"
qHMPVSZeEOVJeANy4PmaCi0s1LX2,11,1771269122409880000,1771269122400860000,131,Insert,i,132,"Dnes som pisala svoju diplomovu pracu na temu metodika klavirna a pisala som cely den, aj ked spalo moje male dieta, aj vtedy som pi"
qHMPVSZeEOVJeANy4PmaCi0s1LX2,11,1771269122679524000,1771269122672320000,132,Insert,s,133,"Dnes som pisala svoju diplomovu pracu na temu metodika klavirna a pisala som cely den, aj ked spalo moje male dieta, aj vtedy som pis"
qHMPVSZeEOVJeANy4PmaCi0s1LX2,11,1771269122910140000,1771269122903209000,133,Insert,a,134,"Dnes som pisala svoju diplomovu pracu na temu metodika klavirna a pisala som cely den, aj ked spalo moje male dieta, aj vtedy som pisa"
qHMPVSZeEOVJeANy4PmaCi0s1LX2,11,1771269123017361000,1771269123012926000,134,Insert,l,135,"Dnes som pisala svoju diplomovu pracu na temu metodika klavirna a pisala som cely den, aj ked spalo moje male dieta, aj vtedy som pisal"
qHMPVSZeEOVJeANy4PmaCi0s1LX2,11,1771269123140203000,1771269123134479000,135,Insert,a,136,"Dnes som pisala svoju diplomovu pracu na temu metodika klavirna a pisala som cely den, aj ked spalo moje male dieta, aj vtedy som pisala"
qHMPVSZeEOVJeANy4PmaCi0s1LX2,11,1771269123398412000,1771269123388600000,136,Insert, ,137,"Dnes som pisala svoju diplomovu pracu na temu metodika klavirna a pisala som cely den, aj ked spalo moje male dieta, aj vtedy som pisala "
qHMPVSZeEOVJeANy4PmaCi0s1LX2,11,1771269124287293000,1771269124281078000,137,Delete, ,136,"Dnes som pisala svoju diplomovu pracu na temu metodika klavirna a pisala som cely den, aj ked spalo moje male dieta, aj vtedy som pisala"
qHMPVSZeEOVJeANy4PmaCi0s1LX2,11,1771269124609573000,1771269124599591000,136,Insert,.,137,"Dnes som pisala svoju diplomovu pracu na temu metodika klavirna a pisala som cely den, aj ked spalo moje male dieta, aj vtedy som pisala."
qHMPVSZeEOVJeANy4PmaCi0s1LX2,12,1771269130274497000,1771269130270898000,0,Insert,D,1,D
qHMPVSZeEOVJeANy4PmaCi0s1LX2,12,1771269130374474000,1771269130370342000,1,Insert,n,2,Dn
qHMPVSZeEOVJeANy4PmaCi0s1LX2,12,1771269130510773000,1771269130505554000,2,Insert,e,3,Dne
qHMPVSZeEOVJeANy4PmaCi0s1LX2,12,1771269130743264000,1771269130735305000,3,Insert,s,4,Dnes
qHMPVSZeEOVJeANy4PmaCi0s1LX2,12,1771269131076162000,1771269131068941000,4,Insert, ,5,Dnes 
qHMPVSZeEOVJeANy4PmaCi0s1LX2,12,1771269131604177000,1771269131600518000,5,Insert,s,6,Dnes s
qHMPVSZeEOVJeANy4PmaCi0s1LX2,12,1771269131757889000,1771269131754012000,6,Insert,o,7,Dnes so
qHMPVSZeEOVJeANy4PmaCi0s1LX2,12,1771269131995503000,1771269131989467000,7,Insert,m,8,Dnes som
qHMPVSZeEOVJeANy4PmaCi0s1LX2,12,1771269132233566000,1771269132226738000,8,Insert, ,9,Dnes som 
qHMPVSZeEOVJeANy4PmaCi0s1LX2,12,1771269132597593000,1771269132590815000,9,Insert,p,10,Dnes som p
qHMPVSZeEOVJeANy4PmaCi0s1LX2,12,1771269132961123000,1771269132954318000,10,Insert,i,11,Dnes som pi
qHMPVSZeEOVJeANy4PmaCi0s1LX2,12,1771269133491544000,1771269133487909000,11,Insert,s,12,Dnes som pis
qHMPVSZeEOVJeANy4PmaCi0s1LX2,12,1771269133797413000,1771269133791223000,12,Insert,a,13,Dnes som pisa
qHMPVSZeEOVJeANy4PmaCi0s1LX2,12,1771269134120443000,1771269134112653000,13,Insert,l,14,Dnes som pisal
qHMPVSZeEOVJeANy4PmaCi0s1LX2,12,1771269134614072000,1771269134605841000,14,Insert,a,15,Dnes som pisala
qHMPVSZeEOVJeANy4PmaCi0s1LX2,12,1771269135043216000,1771269135034022000,15,Insert, ,16,Dnes som pisala 
qHMPVSZeEOVJeANy4PmaCi0s1LX2,12,1771269135718698000,1771269135713513000,16,Insert,s,17,Dnes som pisala s
qHMPVSZeEOVJeANy4PmaCi0s1LX2,12,1771269135869262000,1771269135864666000,17,Insert,v,18,Dnes som pisala sv
qHMPVSZeEOVJeANy4PmaCi0s1LX2,12,1771269136087824000,1771269136079544000,18,Insert,o,19,Dnes som pisala svo
qHMPVSZeEOVJeANy4PmaCi0s1LX2,12,1771269136277558000,1771269136273444000,19,Insert,j,20,Dnes som pisala svoj
qHMPVSZeEOVJeANy4PmaCi0s1LX2,12,1771269136477207000,1771269136472693000,20,Insert,u,21,Dnes som pisala svoju
qHMPVSZeEOVJeANy4PmaCi0s1LX2,12,1771269136820574000,1771269136812459000,21,Insert, ,22,Dnes som pisala svoju 
qHMPVSZeEOVJeANy4PmaCi0s1LX2,12,1771269138417859000,1771269138413453000,22,Insert,d,23,Dnes som pisala svoju d
qHMPVSZeEOVJeANy4PmaCi0s1LX2,12,1771269138561691000,1771269138557573000,23,Insert,i,24,Dnes som pisala svoju di
qHMPVSZeEOVJeANy4PmaCi0s1LX2,12,1771269138878645000,1771269138872020000,24,Insert,p,25,Dnes som pisala svoju dip
qHMPVSZeEOVJeANy4PmaCi0s1LX2,12,1771269139104368000,1771269139097846000,25,Insert,l,26,Dnes som pisala svoju dipl
qHMPVSZeEOVJeANy4PmaCi0s1LX2,12,1771269139279657000,1771269139275294000,26,Insert,o,27,Dnes som pisala svoju diplo
qHMPVSZeEOVJeANy4PmaCi0s1LX2,12,1771269139504198000,1771269139498018000,27,Insert,m,28,Dnes som pisala svoju diplom
qHMPVSZeEOVJeANy4PmaCi0s1LX2,12,1771269139678157000,1771269139674312000,28,Insert,o,29,Dnes som pisala svoju diplomo
qHMPVSZeEOVJeANy4PmaCi0s1LX2,12,1771269139947482000,1771269139940730000,29,Insert,v,30,Dnes som pisala svoju diplomov
qHMPVSZeEOVJeANy4PmaCi0s1LX2,12,1771269140196499000,1771269140189391000,30,Insert,u,31,Dnes som pisala svoju diplomovu
qHMPVSZeEOVJeANy4PmaCi0s1LX2,12,1771269144047589000,1771269144034329000,31,Insert, ,32,Dnes som pisala svoju diplomovu 
qHMPVSZeEOVJeANy4PmaCi0s1LX2,12,1771269149665721000,1771269149654120000,32,Insert,p,33,Dnes som pisala svoju diplomovu p
qHMPVSZeEOVJeANy4PmaCi0s1LX2,12,1771269150003071000,1771269149996049000,33,Insert,r,34,Dnes som pisala svoju diplomovu pr
qHMPVSZeEOVJeANy4PmaCi0s1LX2,12,1771269150167556000,1771269150165015000,34,Insert,a,35,Dnes som pisala svoju diplomovu pra
qHMPVSZeEOVJeANy4PmaCi0s1LX2,12,1771269150280749000,1771269150276408000,35,Insert,c,36,Dnes som pisala svoju diplomovu prac
qHMPVSZeEOVJeANy4PmaCi0s1LX2,12,1771269150558140000,1771269150550969000,36,Insert,u,37,Dnes som pisala svoju diplomovu pracu
qHMPVSZeEOVJeANy4PmaCi0s1LX2,12,1771269151458711000,1771269151451164000,37,Insert, ,38,Dnes som pisala svoju diplomovu pracu 
qHMPVSZeEOVJeANy4PmaCi0s1LX2,12,1771269152052547000,1771269152048122000,38,Insert,n,39,Dnes som pisala svoju diplomovu pracu n
qHMPVSZeEOVJeANy4PmaCi0s1LX2,12,1771269152204618000,1771269152200342000,39,Insert,a,40,Dnes som pisala svoju diplomovu pracu na
qHMPVSZeEOVJeANy4PmaCi0s1LX2,12,1771269152270368000,1771269152266234000,40,Insert, ,41,Dnes som pisala svoju diplomovu pracu na 
qHMPVSZeEOVJeANy4PmaCi0s1LX2,12,1771269152511794000,1771269152507686000,41,Insert,z,42,Dnes som pisala svoju diplomovu pracu na z
qHMPVSZeEOVJeANy4PmaCi0s1LX2,12,1771269152683827000,1771269152677273000,42,Insert,e,43,Dnes som pisala svoju diplomovu pracu na ze
qHMPVSZeEOVJeANy4PmaCi0s1LX2,12,1771269152821773000,1771269152817766000,43,Insert,m,44,Dnes som pisala svoju diplomovu pracu na zem
qHMPVSZeEOVJeANy4PmaCi0s1LX2,12,1771269153060949000,1771269153053387000,44,Insert,u,45,Dnes som pisala svoju diplomovu pracu na zemu
qHMPVSZeEOVJeANy4PmaCi0s1LX2,12,1771269153758669000,1771269153752385000,45,Delete,u,44,Dnes som pisala svoju diplomovu pracu na zem
qHMPVSZeEOVJeANy4PmaCi0s1LX2,12,1771269153900805000,1771269153897031000,44,Delete,m,43,Dnes som pisala svoju diplomovu pracu na ze
qHMPVSZeEOVJeANy4PmaCi0s1LX2,12,1771269154064162000,1771269154061423000,43,Delete,e,42,Dnes som pisala svoju diplomovu pracu na z
qHMPVSZeEOVJeANy4PmaCi0s1LX2,12,1771269154284588000,1771269154280040000,42,Delete,z,41,Dnes som pisala svoju diplomovu pracu na 
qHMPVSZeEOVJeANy4PmaCi0s1LX2,12,1771269154965833000,1771269154956308000,41,Insert,t,42,Dnes som pisala svoju diplomovu pracu na t
qHMPVSZeEOVJeANy4PmaCi0s1LX2,12,1771269155195845000,1771269155188781000,42,Insert,e,43,Dnes som pisala svoju diplomovu pracu na te
qHMPVSZeEOVJeANy4PmaCi0s1LX2,12,1771269155340189000,1771269155334331000,43,Insert,m,44,Dnes som pisala svoju diplomovu pracu na tem
qHMPVSZeEOVJeANy4PmaCi0s1LX2,12,1771269155618110000,1771269155611783000,44,Insert,u,45,Dnes som pisala svoju diplomovu pracu na temu
qHMPVSZeEOVJeANy4PmaCi0s1LX2,12,1771269157045600000,1771269157035068000,45,Insert, ,46,Dnes som pisala svoju diplomovu pracu na temu 
qHMPVSZeEOVJeANy4PmaCi0s1LX2,12,1771269157310452000,1771269157303421000,46,Insert,m,47,Dnes som pisala svoju diplomovu pracu na temu m
qHMPVSZeEOVJeANy4PmaCi0s1LX2,12,1771269157553241000,1771269157546550000,47,Insert,e,48,Dnes som pisala svoju diplomovu pracu na temu me
qHMPVSZeEOVJeANy4PmaCi0s1LX2,12,1771269157652932000,1771269157648921000,48,Insert,t,49,Dnes som pisala svoju diplomovu pracu na temu met
qHMPVSZeEOVJeANy4PmaCi0s1LX2,12,1771269157922742000,1771269157916543000,49,Insert,o,50,Dnes som pisala svoju diplomovu pracu na temu meto
qHMPVSZeEOVJeANy4PmaCi0s1LX2,12,1771269158061270000,1771269158056810000,50,Insert,d,51,Dnes som pisala svoju diplomovu pracu na temu metod
qHMPVSZeEOVJeANy4PmaCi0s1LX2,12,1771269158095725000,1771269158091250000,51,Insert,i,52,Dnes som pisala svoju diplomovu pracu na temu metodi
qHMPVSZeEOVJeANy4PmaCi0s1LX2,12,1771269158284200000,1771269158279283000,52,Insert,k,53,Dnes som pisala svoju diplomovu pracu na temu metodik
qHMPVSZeEOVJeANy4PmaCi0s1LX2,12,1771269158500057000,1771269158494925000,53,Insert,a,54,Dnes som pisala svoju diplomovu pracu na temu metodika
qHMPVSZeEOVJeANy4PmaCi0s1LX2,12,1771269158975465000,1771269158967218000,54,Insert, ,55,Dnes som pisala svoju diplomovu pracu na temu metodika 
qHMPVSZeEOVJeANy4PmaCi0s1LX2,12,1771269160190610000,1771269160185282000,55,Insert,k,56,Dnes som pisala svoju diplomovu pracu na temu metodika k
qHMPVSZeEOVJeANy4PmaCi0s1LX2,12,1771269161631745000,1771269161624577000,56,Insert,l,57,Dnes som pisala svoju diplomovu pracu na temu metodika kl
qHMPVSZeEOVJeANy4PmaCi0s1LX2,12,1771269162484165000,1771269162475049000,57,Insert,a,58,Dnes som pisala svoju diplomovu pracu na temu metodika kla
qHMPVSZeEOVJeANy4PmaCi0s1LX2,12,1771269162785174000,1771269162779784000,58,Insert,v,59,Dnes som pisala svoju diplomovu pracu na temu metodika klav
qHMPVSZeEOVJeANy4PmaCi0s1LX2,12,1771269163059818000,1771269163053124000,59,Insert,i,60,Dnes som pisala svoju diplomovu pracu na temu metodika klavi
qHMPVSZeEOVJeANy4PmaCi0s1LX2,12,1771269163331011000,1771269163325168000,60,Insert,r,61,Dnes som pisala svoju diplomovu pracu na temu metodika klavir
qHMPVSZeEOVJeANy4PmaCi0s1LX2,12,1771269164091447000,1771269164082343000,61,Insert,n,62,Dnes som pisala svoju diplomovu pracu na temu metodika klavirn
qHMPVSZeEOVJeANy4PmaCi0s1LX2,12,1771269164355837000,1771269164347092000,62,Insert,a,63,Dnes som pisala svoju diplomovu pracu na temu metodika klavirna
qHMPVSZeEOVJeANy4PmaCi0s1LX2,12,1771269164764163000,1771269164757169000,63,Insert, ,64,Dnes som pisala svoju diplomovu pracu na temu metodika klavirna 
qHMPVSZeEOVJeANy4PmaCi0s1LX2,12,1771269165059778000,1771269165055494000,64,Insert,a,65,Dnes som pisala svoju diplomovu pracu na temu metodika klavirna a
qHMPVSZeEOVJeANy4PmaCi0s1LX2,12,1771269165323928000,1771269165315931000,65,Insert, ,66,Dnes som pisala svoju diplomovu pracu na temu metodika klavirna a 
qHMPVSZeEOVJeANy4PmaCi0s1LX2,12,1771269165797030000,1771269165788334000,66,Insert,p,67,Dnes som pisala svoju diplomovu pracu na temu metodika klavirna a p
qHMPVSZeEOVJeANy4PmaCi0s1LX2,12,1771269166073021000,1771269166067641000,67,Insert,i,68,Dnes som pisala svoju diplomovu pracu na temu metodika klavirna a pi
qHMPVSZeEOVJeANy4PmaCi0s1LX2,12,1771269166402599000,1771269166395386000,68,Insert,s,69,Dnes som pisala svoju diplomovu pracu na temu metodika klavirna a pis
qHMPVSZeEOVJeANy4PmaCi0s1LX2,12,1771269166685162000,1771269166680448000,69,Insert,a,70,Dnes som pisala svoju diplomovu pracu na temu metodika klavirna a pisa
qHMPVSZeEOVJeANy4PmaCi0s1LX2,12,1771269166788252000,1771269166784398000,70,Insert,l,71,Dnes som pisala svoju diplomovu pracu na temu metodika klavirna a pisal
qHMPVSZeEOVJeANy4PmaCi0s1LX2,12,1771269166937349000,1771269166933099000,71,Insert,a,72,Dnes som pisala svoju diplomovu pracu na temu metodika klavirna a pisala
qHMPVSZeEOVJeANy4PmaCi0s1LX2,12,1771269167101360000,1771269167094159000,72,Insert, ,73,Dnes som pisala svoju diplomovu pracu na temu metodika klavirna a pisala 
qHMPVSZeEOVJeANy4PmaCi0s1LX2,12,1771269167338580000,1771269167330969000,73,Insert,s,74,Dnes som pisala svoju diplomovu pracu na temu metodika klavirna a pisala s
qHMPVSZeEOVJeANy4PmaCi0s1LX2,12,1771269167491336000,1771269167486921000,74,Insert,o,75,Dnes som pisala svoju diplomovu pracu na temu metodika klavirna a pisala so
qHMPVSZeEOVJeANy4PmaCi0s1LX2,12,1771269167916575000,1771269167910096000,75,Insert,m,76,Dnes som pisala svoju diplomovu pracu na temu metodika klavirna a pisala som
qHMPVSZeEOVJeANy4PmaCi0s1LX2,12,1771269168556829000,1771269168547283000,76,Insert, ,77,Dnes som pisala svoju diplomovu pracu na temu metodika klavirna a pisala som 
qHMPVSZeEOVJeANy4PmaCi0s1LX2,12,1771269169115644000,1771269169111115000,77,Insert,c,78,Dnes som pisala svoju diplomovu pracu na temu metodika klavirna a pisala som c
qHMPVSZeEOVJeANy4PmaCi0s1LX2,12,1771269169338817000,1771269169330529000,78,Insert,e,79,Dnes som pisala svoju diplomovu pracu na temu metodika klavirna a pisala som ce
qHMPVSZeEOVJeANy4PmaCi0s1LX2,12,1771269169413927000,1771269169409004000,79,Insert,l,80,Dnes som pisala svoju diplomovu pracu na temu metodika klavirna a pisala som cel
qHMPVSZeEOVJeANy4PmaCi0s1LX2,12,1771269169811001000,1771269169805311000,80,Insert,y,81,Dnes som pisala svoju diplomovu pracu na temu metodika klavirna a pisala som cely
qHMPVSZeEOVJeANy4PmaCi0s1LX2,12,1771269169900684000,1771269169895996000,81,Insert, ,82,Dnes som pisala svoju diplomovu pracu na temu metodika klavirna a pisala som cely 
qHMPVSZeEOVJeANy4PmaCi0s1LX2,12,1771269170081911000,1771269170077931000,82,Insert,d,83,Dnes som pisala svoju diplomovu pracu na temu metodika klavirna a pisala som cely d
qHMPVSZeEOVJeANy4PmaCi0s1LX2,12,1771269170288410000,1771269170282901000,83,Insert,e,84,Dnes som pisala svoju diplomovu pracu na temu metodika klavirna a pisala som cely de
qHMPVSZeEOVJeANy4PmaCi0s1LX2,12,1771269170428107000,1771269170423415000,84,Insert,n,85,Dnes som pisala svoju diplomovu pracu na temu metodika klavirna a pisala som cely den
qHMPVSZeEOVJeANy4PmaCi0s1LX2,12,1771269171456245000,1771269171446533000,85,Insert,",",86,"Dnes som pisala svoju diplomovu pracu na temu metodika klavirna a pisala som cely den,"
qHMPVSZeEOVJeANy4PmaCi0s1LX2,12,1771269171573826000,1771269171569053000,86,Insert, ,87,"Dnes som pisala svoju diplomovu pracu na temu metodika klavirna a pisala som cely den, "
qHMPVSZeEOVJeANy4PmaCi0s1LX2,12,1771269171879962000,1771269171872222000,87,Insert,a,88,"Dnes som pisala svoju diplomovu pracu na temu metodika klavirna a pisala som cely den, a"
qHMPVSZeEOVJeANy4PmaCi0s1LX2,12,1771269172311991000,1771269172305196000,88,Insert,j,89,"Dnes som pisala svoju diplomovu pracu na temu metodika klavirna a pisala som cely den, aj"
qHMPVSZeEOVJeANy4PmaCi0s1LX2,12,1771269172583921000,1771269172576237000,89,Insert, ,90,"Dnes som pisala svoju diplomovu pracu na temu metodika klavirna a pisala som cely den, aj "
qHMPVSZeEOVJeANy4PmaCi0s1LX2,12,1771269173056258000,1771269173049020000,90,Insert,k,91,"Dnes som pisala svoju diplomovu pracu na temu metodika klavirna a pisala som cely den, aj k"
qHMPVSZeEOVJeANy4PmaCi0s1LX2,12,1771269173254672000,1771269173243434000,91,Insert,e,92,"Dnes som pisala svoju diplomovu pracu na temu metodika klavirna a pisala som cely den, aj ke"
qHMPVSZeEOVJeANy4PmaCi0s1LX2,12,1771269173470987000,1771269173463643000,92,Insert,d,93,"Dnes som pisala svoju diplomovu pracu na temu metodika klavirna a pisala som cely den, aj ked"
qHMPVSZeEOVJeANy4PmaCi0s1LX2,12,1771269173621674000,1771269173616424000,93,Insert, ,94,"Dnes som pisala svoju diplomovu pracu na temu metodika klavirna a pisala som cely den, aj ked "
qHMPVSZeEOVJeANy4PmaCi0s1LX2,12,1771269174139952000,1771269174135733000,94,Insert,s,95,"Dnes som pisala svoju diplomovu pracu na temu metodika klavirna a pisala som cely den, aj ked s"
qHMPVSZeEOVJeANy4PmaCi0s1LX2,12,1771269174539667000,1771269174526187000,95,Insert,p,96,"Dnes som pisala svoju diplomovu pracu na temu metodika klavirna a pisala som cely den, aj ked sp"
qHMPVSZeEOVJeANy4PmaCi0s1LX2,12,1771269174706247000,1771269174700255000,96,Insert,a,97,"Dnes som pisala svoju diplomovu pracu na temu metodika klavirna a pisala som cely den, aj ked spa"
qHMPVSZeEOVJeANy4PmaCi0s1LX2,12,1771269174801974000,1771269174797150000,97,Insert,l,98,"Dnes som pisala svoju diplomovu pracu na temu metodika klavirna a pisala som cely den, aj ked spal"
qHMPVSZeEOVJeANy4PmaCi0s1LX2,12,1771269174999781000,1771269174991340000,98,Insert,o,99,"Dnes som pisala svoju diplomovu pracu na temu metodika klavirna a pisala som cely den, aj ked spalo"
qHMPVSZeEOVJeANy4PmaCi0s1LX2,12,1771269175276961000,1771269175270080000,99,Insert, ,100,"Dnes som pisala svoju diplomovu pracu na temu metodika klavirna a pisala som cely den, aj ked spalo "
qHMPVSZeEOVJeANy4PmaCi0s1LX2,12,1771269175893613000,1771269175885339000,100,Insert,m,101,"Dnes som pisala svoju diplomovu pracu na temu metodika klavirna a pisala som cely den, aj ked spalo m"
qHMPVSZeEOVJeANy4PmaCi0s1LX2,12,1771269176085790000,1771269176081669000,101,Insert,o,102,"Dnes som pisala svoju diplomovu pracu na temu metodika klavirna a pisala som cely den, aj ked spalo mo"
qHMPVSZeEOVJeANy4PmaCi0s1LX2,12,1771269176281903000,1771269176277815000,102,Insert,j,103,"Dnes som pisala svoju diplomovu pracu na temu metodika klavirna a pisala som cely den, aj ked spalo moj"
qHMPVSZeEOVJeANy4PmaCi0s1LX2,12,1771269176454239000,1771269176448820000,103,Insert,e,104,"Dnes som pisala svoju diplomovu pracu na temu metodika klavirna a pisala som cely den, aj ked spalo moje"
qHMPVSZeEOVJeANy4PmaCi0s1LX2,12,1771269176568539000,1771269176562666000,104,Insert, ,105,"Dnes som pisala svoju diplomovu pracu na temu metodika klavirna a pisala som cely den, aj ked spalo moje "
qHMPVSZeEOVJeANy4PmaCi0s1LX2,12,1771269177376090000,1771269177365554000,105,Insert,m,106,"Dnes som pisala svoju diplomovu pracu na temu metodika klavirna a pisala som cely den, aj ked spalo moje m"
qHMPVSZeEOVJeANy4PmaCi0s1LX2,12,1771269177528222000,1771269177523505000,106,Insert,a,107,"Dnes som pisala svoju diplomovu pracu na temu metodika klavirna a pisala som cely den, aj ked spalo moje ma"
qHMPVSZeEOVJeANy4PmaCi0s1LX2,12,1771269177605111000,1771269177599941000,107,Insert,l,108,"Dnes som pisala svoju diplomovu pracu na temu metodika klavirna a pisala som cely den, aj ked spalo moje mal"
qHMPVSZeEOVJeANy4PmaCi0s1LX2,12,1771269177832362000,1771269177826090000,108,Insert,e,109,"Dnes som pisala svoju diplomovu pracu na temu metodika klavirna a pisala som cely den, aj ked spalo moje male"
qHMPVSZeEOVJeANy4PmaCi0s1LX2,12,1771269177958257000,1771269177952596000,109,Insert, ,110,"Dnes som pisala svoju diplomovu pracu na temu metodika klavirna a pisala som cely den, aj ked spalo moje male "
qHMPVSZeEOVJeANy4PmaCi0s1LX2,12,1771269178421461000,1771269178413912000,110,Insert,s,111,"Dnes som pisala svoju diplomovu pracu na temu metodika klavirna a pisala som cely den, aj ked spalo moje male s"
qHMPVSZeEOVJeANy4PmaCi0s1LX2,12,1771269178916019000,1771269178905165000,111,Insert,i,112,"Dnes som pisala svoju diplomovu pracu na temu metodika klavirna a pisala som cely den, aj ked spalo moje male si"
qHMPVSZeEOVJeANy4PmaCi0s1LX2,12,1771269179084449000,1771269179074887000,112,Insert,e,113,"Dnes som pisala svoju diplomovu pracu na temu metodika klavirna a pisala som cely den, aj ked spalo moje male sie"
qHMPVSZeEOVJeANy4PmaCi0s1LX2,12,1771269179445601000,1771269179438676000,113,Insert,t,114,"Dnes som pisala svoju diplomovu pracu na temu metodika klavirna a pisala som cely den, aj ked spalo moje male siet"
qHMPVSZeEOVJeANy4PmaCi0s1LX2,12,1771269180033922000,1771269180026977000,114,Delete,t,113,"Dnes som pisala svoju diplomovu pracu na temu metodika klavirna a pisala som cely den, aj ked spalo moje male sie"
qHMPVSZeEOVJeANy4PmaCi0s1LX2,12,1771269180203299000,1771269180199767000,113,Delete,e,112,"Dnes som pisala svoju diplomovu pracu na temu metodika klavirna a pisala som cely den, aj ked spalo moje male si"
qHMPVSZeEOVJeANy4PmaCi0s1LX2,12,1771269180367932000,1771269180362040000,112,Delete,i,111,"Dnes som pisala svoju diplomovu pracu na temu metodika klavirna a pisala som cely den, aj ked spalo moje male s"
qHMPVSZeEOVJeANy4PmaCi0s1LX2,12,1771269180552387000,1771269180548545000,111,Delete,s,110,"Dnes som pisala svoju diplomovu pracu na temu metodika klavirna a pisala som cely den, aj ked spalo moje male "
qHMPVSZeEOVJeANy4PmaCi0s1LX2,12,1771269181180125000,1771269181174119000,110,Insert,d,111,"Dnes som pisala svoju diplomovu pracu na temu metodika klavirna a pisala som cely den, aj ked spalo moje male d"
qHMPVSZeEOVJeANy4PmaCi0s1LX2,12,1771269181380051000,1771269181372486000,111,Insert,i,112,"Dnes som pisala svoju diplomovu pracu na temu metodika klavirna a pisala som cely den, aj ked spalo moje male di"
qHMPVSZeEOVJeANy4PmaCi0s1LX2,12,1771269181522973000,1771269181512969000,112,Insert,e,113,"Dnes som pisala svoju diplomovu pracu na temu metodika klavirna a pisala som cely den, aj ked spalo moje male die"
qHMPVSZeEOVJeANy4PmaCi0s1LX2,12,1771269182710901000,1771269182701857000,113,Insert,t,114,"Dnes som pisala svoju diplomovu pracu na temu metodika klavirna a pisala som cely den, aj ked spalo moje male diet"
qHMPVSZeEOVJeANy4PmaCi0s1LX2,12,1771269182847753000,1771269182843320000,114,Insert,a,115,"Dnes som pisala svoju diplomovu pracu na temu metodika klavirna a pisala som cely den, aj ked spalo moje male dieta"
qHMPVSZeEOVJeANy4PmaCi0s1LX2,12,1771269183515144000,1771269183503337000,115,Insert,",",116,"Dnes som pisala svoju diplomovu pracu na temu metodika klavirna a pisala som cely den, aj ked spalo moje male dieta,"
qHMPVSZeEOVJeANy4PmaCi0s1LX2,12,1771269183788682000,1771269183781866000,116,Insert, ,117,"Dnes som pisala svoju diplomovu pracu na temu metodika klavirna a pisala som cely den, aj ked spalo moje male dieta, "
qHMPVSZeEOVJeANy4PmaCi0s1LX2,12,1771269184228384000,1771269184223867000,117,Insert,a,118,"Dnes som pisala svoju diplomovu pracu na temu metodika klavirna a pisala som cely den, aj ked spalo moje male dieta, a"
qHMPVSZeEOVJeANy4PmaCi0s1LX2,12,1771269184447828000,1771269184442442000,118,Insert,j,119,"Dnes som pisala svoju diplomovu pracu na temu metodika klavirna a pisala som cely den, aj ked spalo moje male dieta, aj"
qHMPVSZeEOVJeANy4PmaCi0s1LX2,12,1771269184680702000,1771269184671807000,119,Insert, ,120,"Dnes som pisala svoju diplomovu pracu na temu metodika klavirna a pisala som cely den, aj ked spalo moje male dieta, aj "
qHMPVSZeEOVJeANy4PmaCi0s1LX2,12,1771269185238557000,1771269185232238000,120,Insert,v,121,"Dnes som pisala svoju diplomovu pracu na temu metodika klavirna a pisala som cely den, aj ked spalo moje male dieta, aj v"
qHMPVSZeEOVJeANy4PmaCi0s1LX2,12,1771269185505301000,1771269185496788000,121,Insert,t,122,"Dnes som pisala svoju diplomovu pracu na temu metodika klavirna a pisala som cely den, aj ked spalo moje male dieta, aj vt"
qHMPVSZeEOVJeANy4PmaCi0s1LX2,12,1771269185721963000,1771269185717374000,122,Insert,e,123,"Dnes som pisala svoju diplomovu pracu na temu metodika klavirna a pisala som cely den, aj ked spalo moje male dieta, aj vte"
qHMPVSZeEOVJeANy4PmaCi0s1LX2,12,1771269185966554000,1771269185959727000,123,Insert,d,124,"Dnes som pisala svoju diplomovu pracu na temu metodika klavirna a pisala som cely den, aj ked spalo moje male dieta, aj vted"
qHMPVSZeEOVJeANy4PmaCi0s1LX2,12,1771269186220124000,1771269186215341000,124,Insert,y,125,"Dnes som pisala svoju diplomovu pracu na temu metodika klavirna a pisala som cely den, aj ked spalo moje male dieta, aj vtedy"
qHMPVSZeEOVJeANy4PmaCi0s1LX2,12,1771269186318410000,1771269186312109000,125,Insert, ,126,"Dnes som pisala svoju diplomovu pracu na temu metodika klavirna a pisala som cely den, aj ked spalo moje male dieta, aj vtedy "
qHMPVSZeEOVJeANy4PmaCi0s1LX2,12,1771269186441072000,1771269186433950000,126,Insert,s,127,"Dnes som pisala svoju diplomovu pracu na temu metodika klavirna a pisala som cely den, aj ked spalo moje male dieta, aj vtedy s"
qHMPVSZeEOVJeANy4PmaCi0s1LX2,12,1771269186651744000,1771269186645351000,127,Insert,o,128,"Dnes som pisala svoju diplomovu pracu na temu metodika klavirna a pisala som cely den, aj ked spalo moje male dieta, aj vtedy so"
qHMPVSZeEOVJeANy4PmaCi0s1LX2,12,1771269187099534000,1771269187092504000,128,Insert,m,129,"Dnes som pisala svoju diplomovu pracu na temu metodika klavirna a pisala som cely den, aj ked spalo moje male dieta, aj vtedy som"
qHMPVSZeEOVJeANy4PmaCi0s1LX2,12,1771269187288701000,1771269187283998000,129,Insert, ,130,"Dnes som pisala svoju diplomovu pracu na temu metodika klavirna a pisala som cely den, aj ked spalo moje male dieta, aj vtedy som "
qHMPVSZeEOVJeANy4PmaCi0s1LX2,12,1771269187530348000,1771269187523621000,130,Insert,p,131,"Dnes som pisala svoju diplomovu pracu na temu metodika klavirna a pisala som cely den, aj ked spalo moje male dieta, aj vtedy som p"
qHMPVSZeEOVJeANy4PmaCi0s1LX2,12,1771269187772948000,1771269187766460000,131,Insert,i,132,"Dnes som pisala svoju diplomovu pracu na temu metodika klavirna a pisala som cely den, aj ked spalo moje male dieta, aj vtedy som pi"
qHMPVSZeEOVJeANy4PmaCi0s1LX2,12,1771269188024923000,1771269188016355000,132,Insert,s,133,"Dnes som pisala svoju diplomovu pracu na temu metodika klavirna a pisala som cely den, aj ked spalo moje male dieta, aj vtedy som pis"
qHMPVSZeEOVJeANy4PmaCi0s1LX2,12,1771269188314305000,1771269188307993000,133,Insert,a,134,"Dnes som pisala svoju diplomovu pracu na temu metodika klavirna a pisala som cely den, aj ked spalo moje male dieta, aj vtedy som pisa"
qHMPVSZeEOVJeANy4PmaCi0s1LX2,12,1771269188457163000,1771269188446395000,134,Insert,l,135,"Dnes som pisala svoju diplomovu pracu na temu metodika klavirna a pisala som cely den, aj ked spalo moje male dieta, aj vtedy som pisal"
qHMPVSZeEOVJeANy4PmaCi0s1LX2,12,1771269188608448000,1771269188604152000,135,Insert,a,136,"Dnes som pisala svoju diplomovu pracu na temu metodika klavirna a pisala som cely den, aj ked spalo moje male dieta, aj vtedy som pisala"
qHMPVSZeEOVJeANy4PmaCi0s1LX2,12,1771269189179815000,1771269189175396000,136,Insert, ,137,"Dnes som pisala svoju diplomovu pracu na temu metodika klavirna a pisala som cely den, aj ked spalo moje male dieta, aj vtedy som pisala "
qHMPVSZeEOVJeANy4PmaCi0s1LX2,12,1771269190144352000,1771269190137253000,137,Delete, ,136,"Dnes som pisala svoju diplomovu pracu na temu metodika klavirna a pisala som cely den, aj ked spalo moje male dieta, aj vtedy som pisala"
qHMPVSZeEOVJeANy4PmaCi0s1LX2,12,1771269190463608000,1771269190454688000,136,Insert,.,137,"Dnes som pisala svoju diplomovu pracu na temu metodika klavirna a pisala som cely den, aj ked spalo moje male dieta, aj vtedy som pisala."
qHMPVSZeEOVJeANy4PmaCi0s1LX2,13,1771269192034636000,1771269192027054000,0,Insert,D,1,D
qHMPVSZeEOVJeANy4PmaCi0s1LX2,13,1771269192293380000,1771269192286723000,1,Insert,n,2,Dn
qHMPVSZeEOVJeANy4PmaCi0s1LX2,13,1771269192381948000,1771269192377441000,2,Insert,e,3,Dne
qHMPVSZeEOVJeANy4PmaCi0s1LX2,13,1771269192631029000,1771269192620373000,3,Insert,s,4,Dnes
qHMPVSZeEOVJeANy4PmaCi0s1LX2,13,1771269192702933000,1771269192699061000,4,Insert, ,5,Dnes 
qHMPVSZeEOVJeANy4PmaCi0s1LX2,13,1771269192885103000,1771269192881434000,5,Insert,s,6,Dnes s
qHMPVSZeEOVJeANy4PmaCi0s1LX2,13,1771269193281827000,1771269193275976000,6,Insert,o,7,Dnes so
qHMPVSZeEOVJeANy4PmaCi0s1LX2,13,1771269193595726000,1771269193589350000,7,Insert,m,8,Dnes som
qHMPVSZeEOVJeANy4PmaCi0s1LX2,13,1771269193891004000,1771269193883087000,8,Insert, ,9,Dnes som 
qHMPVSZeEOVJeANy4PmaCi0s1LX2,13,1771269194272130000,1771269194265483000,9,Insert,p,10,Dnes som p
qHMPVSZeEOVJeANy4PmaCi0s1LX2,13,1771269194512834000,1771269194506950000,10,Insert,i,11,Dnes som pi
qHMPVSZeEOVJeANy4PmaCi0s1LX2,13,1771269195043960000,1771269195035179000,11,Insert,s,12,Dnes som pis
qHMPVSZeEOVJeANy4PmaCi0s1LX2,13,1771269195283329000,1771269195276755000,12,Insert,a,13,Dnes som pisa
qHMPVSZeEOVJeANy4PmaCi0s1LX2,13,1771269195371420000,1771269195367614000,13,Insert,l,14,Dnes som pisal
qHMPVSZeEOVJeANy4PmaCi0s1LX2,13,1771269195512230000,1771269195508641000,14,Insert,a,15,Dnes som pisala
qHMPVSZeEOVJeANy4PmaCi0s1LX2,13,1771269195632484000,1771269195628509000,15,Insert, ,16,Dnes som pisala 
qHMPVSZeEOVJeANy4PmaCi0s1LX2,13,1771269195968754000,1771269195961887000,16,Insert,s,17,Dnes som pisala s
qHMPVSZeEOVJeANy4PmaCi0s1LX2,13,1771269196838607000,1771269196829233000,17,Insert,v,18,Dnes som pisala sv
qHMPVSZeEOVJeANy4PmaCi0s1LX2,13,1771269197059788000,1771269197054057000,18,Insert,o,19,Dnes som pisala svo
qHMPVSZeEOVJeANy4PmaCi0s1LX2,13,1771269197253588000,1771269197248539000,19,Insert,j,20,Dnes som pisala svoj
qHMPVSZeEOVJeANy4PmaCi0s1LX2,13,1771269197478687000,1771269197472365000,20,Insert,u,21,Dnes som pisala svoju
qHMPVSZeEOVJeANy4PmaCi0s1LX2,13,1771269197723891000,1771269197716196000,21,Insert, ,22,Dnes som pisala svoju 
qHMPVSZeEOVJeANy4PmaCi0s1LX2,13,1771269198922365000,1771269198913311000,22,Insert,d,23,Dnes som pisala svoju d
qHMPVSZeEOVJeANy4PmaCi0s1LX2,13,1771269199068749000,1771269199064655000,23,Insert,i,24,Dnes som pisala svoju di
qHMPVSZeEOVJeANy4PmaCi0s1LX2,13,1771269199344676000,1771269199336654000,24,Insert,p,25,Dnes som pisala svoju dip
qHMPVSZeEOVJeANy4PmaCi0s1LX2,13,1771269200002194000,1771269199993488000,25,Insert,l,26,Dnes som pisala svoju dipl
qHMPVSZeEOVJeANy4PmaCi0s1LX2,13,1771269200216347000,1771269200212153000,26,Insert,o,27,Dnes som pisala svoju diplo
qHMPVSZeEOVJeANy4PmaCi0s1LX2,13,1771269200544461000,1771269200537332000,27,Insert,m,28,Dnes som pisala svoju diplom
qHMPVSZeEOVJeANy4PmaCi0s1LX2,13,1771269200750664000,1771269200743973000,28,Insert,o,29,Dnes som pisala svoju diplomo
qHMPVSZeEOVJeANy4PmaCi0s1LX2,13,1771269201133223000,1771269201126369000,29,Insert,v,30,Dnes som pisala svoju diplomov
qHMPVSZeEOVJeANy4PmaCi0s1LX2,13,1771269201369719000,1771269201363408000,30,Insert,u,31,Dnes som pisala svoju diplomovu
qHMPVSZeEOVJeANy4PmaCi0s1LX2,13,1771269201670369000,1771269201661266000,31,Insert, ,32,Dnes som pisala svoju diplomovu 
qHMPVSZeEOVJeANy4PmaCi0s1LX2,13,1771269202209835000,1771269202205497000,32,Insert,p,33,Dnes som pisala svoju diplomovu p
qHMPVSZeEOVJeANy4PmaCi0s1LX2,13,1771269202710572000,1771269202704249000,33,Insert,r,34,Dnes som pisala svoju diplomovu pr
qHMPVSZeEOVJeANy4PmaCi0s1LX2,13,1771269202873853000,1771269202869355000,34,Insert,a,35,Dnes som pisala svoju diplomovu pra
qHMPVSZeEOVJeANy4PmaCi0s1LX2,13,1771269202982266000,1771269202977430000,35,Insert,c,36,Dnes som pisala svoju diplomovu prac
qHMPVSZeEOVJeANy4PmaCi0s1LX2,13,1771269203249634000,1771269203243602000,36,Insert,u,37,Dnes som pisala svoju diplomovu pracu
qHMPVSZeEOVJeANy4PmaCi0s1LX2,13,1771269203506497000,1771269203499629000,37,Insert, ,38,Dnes som pisala svoju diplomovu pracu 
qHMPVSZeEOVJeANy4PmaCi0s1LX2,13,1771269206523399000,1771269206514580000,38,Insert,n,39,Dnes som pisala svoju diplomovu pracu n
qHMPVSZeEOVJeANy4PmaCi0s1LX2,13,1771269206686814000,1771269206682225000,39,Insert,a,40,Dnes som pisala svoju diplomovu pracu na
qHMPVSZeEOVJeANy4PmaCi0s1LX2,13,1771269206757526000,1771269206752087000,40,Insert, ,41,Dnes som pisala svoju diplomovu pracu na 
qHMPVSZeEOVJeANy4PmaCi0s1LX2,13,1771269206994924000,1771269206987671000,41,Insert,t,42,Dnes som pisala svoju diplomovu pracu na t
qHMPVSZeEOVJeANy4PmaCi0s1LX2,13,1771269207167301000,1771269207162875000,42,Insert,e,43,Dnes som pisala svoju diplomovu pracu na te
qHMPVSZeEOVJeANy4PmaCi0s1LX2,13,1771269207277401000,1771269207273344000,43,Insert,m,44,Dnes som pisala svoju diplomovu pracu na tem
qHMPVSZeEOVJeANy4PmaCi0s1LX2,13,1771269207521517000,1771269207514634000,44,Insert,u,45,Dnes som pisala svoju diplomovu pracu na temu
qHMPVSZeEOVJeANy4PmaCi0s1LX2,13,1771269208668832000,1771269208661071000,45,Insert, ,46,Dnes som pisala svoju diplomovu pracu na temu 
qHMPVSZeEOVJeANy4PmaCi0s1LX2,13,1771269209225257000,1771269209220474000,46,Insert,m,47,Dnes som pisala svoju diplomovu pracu na temu m
qHMPVSZeEOVJeANy4PmaCi0s1LX2,13,1771269209414200000,1771269209409007000,47,Insert,e,48,Dnes som pisala svoju diplomovu pracu na temu me
qHMPVSZeEOVJeANy4PmaCi0s1LX2,13,1771269225300012000,1771269225295211000,48,Insert,t,49,Dnes som pisala svoju diplomovu pracu na temu met
qHMPVSZeEOVJeANy4PmaCi0s1LX2,13,1771269225640251000,1771269225637641000,49,Insert,o,50,Dnes som pisala svoju diplomovu pracu na temu meto
qHMPVSZeEOVJeANy4PmaCi0s1LX2,13,1771269225843502000,1771269225835025000,50,Insert,d,51,Dnes som pisala svoju diplomovu pracu na temu metod
qHMPVSZeEOVJeANy4PmaCi0s1LX2,13,1771269225935864000,1771269225931461000,51,Insert,i,52,Dnes som pisala svoju diplomovu pracu na temu metodi
qHMPVSZeEOVJeANy4PmaCi0s1LX2,13,1771269226116155000,1771269226111605000,52,Insert,k,53,Dnes som pisala svoju diplomovu pracu na temu metodik
qHMPVSZeEOVJeANy4PmaCi0s1LX2,13,1771269226294028000,1771269226289986000,53,Insert,a,54,Dnes som pisala svoju diplomovu pracu na temu metodika
qHMPVSZeEOVJeANy4PmaCi0s1LX2,13,1771269226465354000,1771269226461140000,54,Insert, ,55,Dnes som pisala svoju diplomovu pracu na temu metodika 
qHMPVSZeEOVJeANy4PmaCi0s1LX2,13,1771269227995307000,1771269227989923000,55,Insert,k,56,Dnes som pisala svoju diplomovu pracu na temu metodika k
qHMPVSZeEOVJeANy4PmaCi0s1LX2,13,1771269228213491000,1771269228206870000,56,Insert,l,57,Dnes som pisala svoju diplomovu pracu na temu metodika kl
qHMPVSZeEOVJeANy4PmaCi0s1LX2,13,1771269228438053000,1771269228431712000,57,Insert,a,58,Dnes som pisala svoju diplomovu pracu na temu metodika kla
qHMPVSZeEOVJeANy4PmaCi0s1LX2,13,1771269228552287000,1771269228547947000,58,Insert,v,59,Dnes som pisala svoju diplomovu pracu na temu metodika klav
qHMPVSZeEOVJeANy4PmaCi0s1LX2,13,1771269228818952000,1771269228812639000,59,Insert,i,60,Dnes som pisala svoju diplomovu pracu na temu metodika klavi
qHMPVSZeEOVJeANy4PmaCi0s1LX2,13,1771269229031307000,1771269229024876000,60,Insert,r,61,Dnes som pisala svoju diplomovu pracu na temu metodika klavir
qHMPVSZeEOVJeANy4PmaCi0s1LX2,13,1771269229201428000,1771269229196812000,61,Insert,n,62,Dnes som pisala svoju diplomovu pracu na temu metodika klavirn
qHMPVSZeEOVJeANy4PmaCi0s1LX2,13,1771269229428233000,1771269229420364000,62,Insert,a,63,Dnes som pisala svoju diplomovu pracu na temu metodika klavirna
qHMPVSZeEOVJeANy4PmaCi0s1LX2,13,1771269230151414000,1771269230142626000,63,Insert, ,64,Dnes som pisala svoju diplomovu pracu na temu metodika klavirna 
qHMPVSZeEOVJeANy4PmaCi0s1LX2,13,1771269230367910000,1771269230361016000,64,Insert,a,65,Dnes som pisala svoju diplomovu pracu na temu metodika klavirna a
qHMPVSZeEOVJeANy4PmaCi0s1LX2,13,1771269230586702000,1771269230578832000,65,Insert, ,66,Dnes som pisala svoju diplomovu pracu na temu metodika klavirna a 
qHMPVSZeEOVJeANy4PmaCi0s1LX2,13,1771269231006644000,1771269230998146000,66,Insert,p,67,Dnes som pisala svoju diplomovu pracu na temu metodika klavirna a p
qHMPVSZeEOVJeANy4PmaCi0s1LX2,13,1771269231314710000,1771269231307552000,67,Insert,i,68,Dnes som pisala svoju diplomovu pracu na temu metodika klavirna a pi
qHMPVSZeEOVJeANy4PmaCi0s1LX2,13,1771269231633179000,1771269231627029000,68,Insert,s,69,Dnes som pisala svoju diplomovu pracu na temu metodika klavirna a pis
qHMPVSZeEOVJeANy4PmaCi0s1LX2,13,1771269231900160000,1771269231893693000,69,Insert,a,70,Dnes som pisala svoju diplomovu pracu na temu metodika klavirna a pisa
qHMPVSZeEOVJeANy4PmaCi0s1LX2,13,1771269232009266000,1771269232004643000,70,Insert,l,71,Dnes som pisala svoju diplomovu pracu na temu metodika klavirna a pisal
qHMPVSZeEOVJeANy4PmaCi0s1LX2,13,1771269232166041000,1771269232160584000,71,Insert,a,72,Dnes som pisala svoju diplomovu pracu na temu metodika klavirna a pisala
qHMPVSZeEOVJeANy4PmaCi0s1LX2,13,1771269232602979000,1771269232594261000,72,Insert, ,73,Dnes som pisala svoju diplomovu pracu na temu metodika klavirna a pisala 
qHMPVSZeEOVJeANy4PmaCi0s1LX2,13,1771269233576924000,1771269233567603000,73,Insert,s,74,Dnes som pisala svoju diplomovu pracu na temu metodika klavirna a pisala s
qHMPVSZeEOVJeANy4PmaCi0s1LX2,13,1771269233691122000,1771269233684235000,74,Insert,o,75,Dnes som pisala svoju diplomovu pracu na temu metodika klavirna a pisala so
qHMPVSZeEOVJeANy4PmaCi0s1LX2,13,1771269233948315000,1771269233940592000,75,Insert,m,76,Dnes som pisala svoju diplomovu pracu na temu metodika klavirna a pisala som
qHMPVSZeEOVJeANy4PmaCi0s1LX2,13,1771269234189010000,1771269234182554000,76,Insert, ,77,Dnes som pisala svoju diplomovu pracu na temu metodika klavirna a pisala som 
qHMPVSZeEOVJeANy4PmaCi0s1LX2,13,1771269235501042000,1771269235493150000,77,Insert,c,78,Dnes som pisala svoju diplomovu pracu na temu metodika klavirna a pisala som c
qHMPVSZeEOVJeANy4PmaCi0s1LX2,13,1771269235674420000,1771269235667869000,78,Insert,e,79,Dnes som pisala svoju diplomovu pracu na temu metodika klavirna a pisala som ce
qHMPVSZeEOVJeANy4PmaCi0s1LX2,13,1771269235777005000,1771269235772050000,79,Insert,l,80,Dnes som pisala svoju diplomovu pracu na temu metodika klavirna a pisala som cel
qHMPVSZeEOVJeANy4PmaCi0s1LX2,13,1771269236228188000,1771269236221579000,80,Insert,y,81,Dnes som pisala svoju diplomovu pracu na temu metodika klavirna a pisala som cely
qHMPVSZeEOVJeANy4PmaCi0s1LX2,13,1771269236336304000,1771269236331250000,81,Insert, ,82,Dnes som pisala svoju diplomovu pracu na temu metodika klavirna a pisala som cely 
qHMPVSZeEOVJeANy4PmaCi0s1LX2,13,1771269236500350000,1771269236494688000,82,Insert,d,83,Dnes som pisala svoju diplomovu pracu na temu metodika klavirna a pisala som cely d
qHMPVSZeEOVJeANy4PmaCi0s1LX2,13,1771269236718098000,1771269236711463000,83,Insert,e,84,Dnes som pisala svoju diplomovu pracu na temu metodika klavirna a pisala som cely de
qHMPVSZeEOVJeANy4PmaCi0s1LX2,13,1771269236795621000,1771269236790528000,84,Insert,n,85,Dnes som pisala svoju diplomovu pracu na temu metodika klavirna a pisala som cely den
qHMPVSZeEOVJeANy4PmaCi0s1LX2,13,1771269237323100000,1771269237318799000,85,Insert,",",86,"Dnes som pisala svoju diplomovu pracu na temu metodika klavirna a pisala som cely den,"
qHMPVSZeEOVJeANy4PmaCi0s1LX2,13,1771269237486661000,1771269237481655000,86,Insert, ,87,"Dnes som pisala svoju diplomovu pracu na temu metodika klavirna a pisala som cely den, "
qHMPVSZeEOVJeANy4PmaCi0s1LX2,13,1771269238851411000,1771269238843307000,87,Insert,a,88,"Dnes som pisala svoju diplomovu pracu na temu metodika klavirna a pisala som cely den, a"
qHMPVSZeEOVJeANy4PmaCi0s1LX2,13,1771269238992825000,1771269238983214000,88,Insert,j,89,"Dnes som pisala svoju diplomovu pracu na temu metodika klavirna a pisala som cely den, aj"
qHMPVSZeEOVJeANy4PmaCi0s1LX2,13,1771269239176410000,1771269239171621000,89,Insert, ,90,"Dnes som pisala svoju diplomovu pracu na temu metodika klavirna a pisala som cely den, aj "
qHMPVSZeEOVJeANy4PmaCi0s1LX2,13,1771269239389480000,1771269239382641000,90,Insert,k,91,"Dnes som pisala svoju diplomovu pracu na temu metodika klavirna a pisala som cely den, aj k"
qHMPVSZeEOVJeANy4PmaCi0s1LX2,13,1771269239551918000,1771269239545877000,91,Insert,e,92,"Dnes som pisala svoju diplomovu pracu na temu metodika klavirna a pisala som cely den, aj ke"
qHMPVSZeEOVJeANy4PmaCi0s1LX2,13,1771269239780672000,1771269239772866000,92,Insert,d,93,"Dnes som pisala svoju diplomovu pracu na temu metodika klavirna a pisala som cely den, aj ked"
qHMPVSZeEOVJeANy4PmaCi0s1LX2,13,1771269239830466000,1771269239825562000,93,Insert, ,94,"Dnes som pisala svoju diplomovu pracu na temu metodika klavirna a pisala som cely den, aj ked "
qHMPVSZeEOVJeANy4PmaCi0s1LX2,13,1771269241235246000,1771269241228725000,94,Insert,s,95,"Dnes som pisala svoju diplomovu pracu na temu metodika klavirna a pisala som cely den, aj ked s"
qHMPVSZeEOVJeANy4PmaCi0s1LX2,13,1771269241451831000,1771269241446572000,95,Insert,p,96,"Dnes som pisala svoju diplomovu pracu na temu metodika klavirna a pisala som cely den, aj ked sp"
qHMPVSZeEOVJeANy4PmaCi0s1LX2,13,1771269241897804000,1771269241888853000,96,Insert,a,97,"Dnes som pisala svoju diplomovu pracu na temu metodika klavirna a pisala som cely den, aj ked spa"
qHMPVSZeEOVJeANy4PmaCi0s1LX2,13,1771269242331261000,1771269242326165000,97,Insert,l,98,"Dnes som pisala svoju diplomovu pracu na temu metodika klavirna a pisala som cely den, aj ked spal"
qHMPVSZeEOVJeANy4PmaCi0s1LX2,13,1771269242652843000,1771269242646784000,98,Insert,o,99,"Dnes som pisala svoju diplomovu pracu na temu metodika klavirna a pisala som cely den, aj ked spalo"
qHMPVSZeEOVJeANy4PmaCi0s1LX2,13,1771269242910528000,1771269242902358000,99,Insert, ,100,"Dnes som pisala svoju diplomovu pracu na temu metodika klavirna a pisala som cely den, aj ked spalo "
qHMPVSZeEOVJeANy4PmaCi0s1LX2,13,1771269243316759000,1771269243309032000,100,Insert,m,101,"Dnes som pisala svoju diplomovu pracu na temu metodika klavirna a pisala som cely den, aj ked spalo m"
qHMPVSZeEOVJeANy4PmaCi0s1LX2,13,1771269243515928000,1771269243508265000,101,Insert,o,102,"Dnes som pisala svoju diplomovu pracu na temu metodika klavirna a pisala som cely den, aj ked spalo mo"
qHMPVSZeEOVJeANy4PmaCi0s1LX2,13,1771269243713499000,1771269243709106000,102,Insert,j,103,"Dnes som pisala svoju diplomovu pracu na temu metodika klavirna a pisala som cely den, aj ked spalo moj"
qHMPVSZeEOVJeANy4PmaCi0s1LX2,13,1771269243870767000,1771269243866388000,103,Insert,a,104,"Dnes som pisala svoju diplomovu pracu na temu metodika klavirna a pisala som cely den, aj ked spalo moja"
qHMPVSZeEOVJeANy4PmaCi0s1LX2,13,1771269244005417000,1771269243999769000,104,Insert, ,105,"Dnes som pisala svoju diplomovu pracu na temu metodika klavirna a pisala som cely den, aj ked spalo moja "
qHMPVSZeEOVJeANy4PmaCi0s1LX2,13,1771269245008093000,1771269245000909000,105,Insert,m,106,"Dnes som pisala svoju diplomovu pracu na temu metodika klavirna a pisala som cely den, aj ked spalo moja m"
qHMPVSZeEOVJeANy4PmaCi0s1LX2,13,1771269245171770000,1771269245165154000,106,Insert,a,107,"Dnes som pisala svoju diplomovu pracu na temu metodika klavirna a pisala som cely den, aj ked spalo moja ma"
qHMPVSZeEOVJeANy4PmaCi0s1LX2,13,1771269245291166000,1771269245286663000,107,Insert,l,108,"Dnes som pisala svoju diplomovu pracu na temu metodika klavirna a pisala som cely den, aj ked spalo moja mal"
qHMPVSZeEOVJeANy4PmaCi0s1LX2,13,1771269245424001000,1771269245418959000,108,Insert,e,109,"Dnes som pisala svoju diplomovu pracu na temu metodika klavirna a pisala som cely den, aj ked spalo moja male"
qHMPVSZeEOVJeANy4PmaCi0s1LX2,13,1771269245766163000,1771269245759120000,109,Insert, ,110,"Dnes som pisala svoju diplomovu pracu na temu metodika klavirna a pisala som cely den, aj ked spalo moja male "
qHMPVSZeEOVJeANy4PmaCi0s1LX2,13,1771269250727733000,1771269250707583000,110,Delete,a,109,"Dnes som pisala svoju diplomovu pracu na temu metodika klavirna a pisala som cely den, aj ked spalo moj male "
qHMPVSZeEOVJeANy4PmaCi0s1LX2,13,1771269251006173000,1771269251001663000,109,Insert,e,110,"Dnes som pisala svoju diplomovu pracu na temu metodika klavirna a pisala som cely den, aj ked spalo moje male "
qHMPVSZeEOVJeANy4PmaCi0s1LX2,13,1771269252915641000,1771269252893079000,110,Insert, ,111,"Dnes som pisala svoju diplomovu pracu na temu metodika klavirna a pisala som cely den, aj ked spalo moje mal e "
qHMPVSZeEOVJeANy4PmaCi0s1LX2,13,1771269253865116000,1771269253855927000,111,Delete, ,110,"Dnes som pisala svoju diplomovu pracu na temu metodika klavirna a pisala som cely den, aj ked spalo moje male "
qHMPVSZeEOVJeANy4PmaCi0s1LX2,13,1771269256615915000,1771269256580535000,110,Insert,d,111,"Dnes som pisala svoju diplomovu pracu na temu metodika klavirna a pisala som cely den, aj ked spalo moje male d"
qHMPVSZeEOVJeANy4PmaCi0s1LX2,13,1771269256742595000,1771269256737328000,111,Insert,i,112,"Dnes som pisala svoju diplomovu pracu na temu metodika klavirna a pisala som cely den, aj ked spalo moje male di"
qHMPVSZeEOVJeANy4PmaCi0s1LX2,13,1771269256871815000,1771269256865923000,112,Insert,e,113,"Dnes som pisala svoju diplomovu pracu na temu metodika klavirna a pisala som cely den, aj ked spalo moje male die"
qHMPVSZeEOVJeANy4PmaCi0s1LX2,13,1771269257027625000,1771269257022981000,113,Insert,t,114,"Dnes som pisala svoju diplomovu pracu na temu metodika klavirna a pisala som cely den, aj ked spalo moje male diet"
qHMPVSZeEOVJeANy4PmaCi0s1LX2,13,1771269257228924000,1771269257223485000,114,Insert,a,115,"Dnes som pisala svoju diplomovu pracu na temu metodika klavirna a pisala som cely den, aj ked spalo moje male dieta"
qHMPVSZeEOVJeANy4PmaCi0s1LX2,13,1771269262304103000,1771269262298238000,115,Insert,",",116,"Dnes som pisala svoju diplomovu pracu na temu metodika klavirna a pisala som cely den, aj ked spalo moje male dieta,"
qHMPVSZeEOVJeANy4PmaCi0s1LX2,13,1771269262985677000,1771269262975186000,116,Insert, ,117,"Dnes som pisala svoju diplomovu pracu na temu metodika klavirna a pisala som cely den, aj ked spalo moje male dieta, "
qHMPVSZeEOVJeANy4PmaCi0s1LX2,13,1771269263429433000,1771269263419409000,117,Insert,a,118,"Dnes som pisala svoju diplomovu pracu na temu metodika klavirna a pisala som cely den, aj ked spalo moje male dieta, a"
qHMPVSZeEOVJeANy4PmaCi0s1LX2,13,1771269263622107000,1771269263615366000,118,Insert,j,119,"Dnes som pisala svoju diplomovu pracu na temu metodika klavirna a pisala som cely den, aj ked spalo moje male dieta, aj"
qHMPVSZeEOVJeANy4PmaCi0s1LX2,13,1771269263827237000,1771269263820802000,119,Insert, ,120,"Dnes som pisala svoju diplomovu pracu na temu metodika klavirna a pisala som cely den, aj ked spalo moje male dieta, aj "
qHMPVSZeEOVJeANy4PmaCi0s1LX2,13,1771269264081991000,1771269264074770000,120,Insert,v,121,"Dnes som pisala svoju diplomovu pracu na temu metodika klavirna a pisala som cely den, aj ked spalo moje male dieta, aj v"
qHMPVSZeEOVJeANy4PmaCi0s1LX2,13,1771269264361122000,1771269264353703000,121,Insert,t,122,"Dnes som pisala svoju diplomovu pracu na temu metodika klavirna a pisala som cely den, aj ked spalo moje male dieta, aj vt"
qHMPVSZeEOVJeANy4PmaCi0s1LX2,13,1771269264636350000,1771269264628234000,122,Insert,e,123,"Dnes som pisala svoju diplomovu pracu na temu metodika klavirna a pisala som cely den, aj ked spalo moje male dieta, aj vte"
qHMPVSZeEOVJeANy4PmaCi0s1LX2,13,1771269264892467000,1771269264883025000,123,Insert,d,124,"Dnes som pisala svoju diplomovu pracu na temu metodika klavirna a pisala som cely den, aj ked spalo moje male dieta, aj vted"
qHMPVSZeEOVJeANy4PmaCi0s1LX2,13,1771269265040428000,1771269265035639000,124,Insert,y,125,"Dnes som pisala svoju diplomovu pracu na temu metodika klavirna a pisala som cely den, aj ked spalo moje male dieta, aj vtedy"
qHMPVSZeEOVJeANy4PmaCi0s1LX2,13,1771269265178778000,1771269265173379000,125,Insert, ,126,"Dnes som pisala svoju diplomovu pracu na temu metodika klavirna a pisala som cely den, aj ked spalo moje male dieta, aj vtedy "
qHMPVSZeEOVJeANy4PmaCi0s1LX2,13,1771269265964727000,1771269265955349000,126,Insert,s,127,"Dnes som pisala svoju diplomovu pracu na temu metodika klavirna a pisala som cely den, aj ked spalo moje male dieta, aj vtedy s"
qHMPVSZeEOVJeANy4PmaCi0s1LX2,13,1771269266081559000,1771269266074888000,127,Insert,o,128,"Dnes som pisala svoju diplomovu pracu na temu metodika klavirna a pisala som cely den, aj ked spalo moje male dieta, aj vtedy so"
qHMPVSZeEOVJeANy4PmaCi0s1LX2,13,1771269266300761000,1771269266291458000,128,Insert,m,129,"Dnes som pisala svoju diplomovu pracu na temu metodika klavirna a pisala som cely den, aj ked spalo moje male dieta, aj vtedy som"
qHMPVSZeEOVJeANy4PmaCi0s1LX2,13,1771269266477955000,1771269266467415000,129,Insert, ,130,"Dnes som pisala svoju diplomovu pracu na temu metodika klavirna a pisala som cely den, aj ked spalo moje male dieta, aj vtedy som "
qHMPVSZeEOVJeANy4PmaCi0s1LX2,13,1771269266760769000,1771269266750997000,130,Insert,p,131,"Dnes som pisala svoju diplomovu pracu na temu metodika klavirna a pisala som cely den, aj ked spalo moje male dieta, aj vtedy som p"
qHMPVSZeEOVJeANy4PmaCi0s1LX2,13,1771269266994883000,1771269266987627000,131,Insert,i,132,"Dnes som pisala svoju diplomovu pracu na temu metodika klavirna a pisala som cely den, aj ked spalo moje male dieta, aj vtedy som pi"
qHMPVSZeEOVJeANy4PmaCi0s1LX2,13,1771269267377527000,1771269267367257000,132,Insert,s,133,"Dnes som pisala svoju diplomovu pracu na temu metodika klavirna a pisala som cely den, aj ked spalo moje male dieta, aj vtedy som pis"
qHMPVSZeEOVJeANy4PmaCi0s1LX2,13,1771269267732575000,1771269267724116000,133,Insert,a,134,"Dnes som pisala svoju diplomovu pracu na temu metodika klavirna a pisala som cely den, aj ked spalo moje male dieta, aj vtedy som pisa"
qHMPVSZeEOVJeANy4PmaCi0s1LX2,13,1771269268012465000,1771269268007958000,134,Insert,l,135,"Dnes som pisala svoju diplomovu pracu na temu metodika klavirna a pisala som cely den, aj ked spalo moje male dieta, aj vtedy som pisal"
qHMPVSZeEOVJeANy4PmaCi0s1LX2,13,1771269268258015000,1771269268252038000,135,Insert,a,136,"Dnes som pisala svoju diplomovu pracu na temu metodika klavirna a pisala som cely den, aj ked spalo moje male dieta, aj vtedy som pisala"
qHMPVSZeEOVJeANy4PmaCi0s1LX2,13,1771269270170691000,1771269270159192000,136,Insert,.,137,"Dnes som pisala svoju diplomovu pracu na temu metodika klavirna a pisala som cely den, aj ked spalo moje male dieta, aj vtedy som pisala."
qHMPVSZeEOVJeANy4PmaCi0s1LX2,14,1771269282677448000,1771269282673359000,0,Insert,D,1,D
qHMPVSZeEOVJeANy4PmaCi0s1LX2,14,1771269282840331000,1771269282836321000,1,Insert,n,2,Dn
qHMPVSZeEOVJeANy4PmaCi0s1LX2,14,1771269282927414000,1771269282923727000,2,Insert,e,3,Dne
qHMPVSZeEOVJeANy4PmaCi0s1LX2,14,1771269283187351000,1771269283183517000,3,Insert,s,4,Dnes
qHMPVSZeEOVJeANy4PmaCi0s1LX2,14,1771269283271843000,1771269283268021000,4,Insert, ,5,Dnes 
qHMPVSZeEOVJeANy4PmaCi0s1LX2,14,1771269283480864000,1771269283474880000,5,Insert,s,6,Dnes s
qHMPVSZeEOVJeANy4PmaCi0s1LX2,14,1771269283614413000,1771269283608798000,6,Insert,o,7,Dnes so
qHMPVSZeEOVJeANy4PmaCi0s1LX2,14,1771269284225587000,1771269284221801000,7,Insert,m,8,Dnes som
qHMPVSZeEOVJeANy4PmaCi0s1LX2,14,1771269284507353000,1771269284500721000,8,Insert, ,9,Dnes som 
qHMPVSZeEOVJeANy4PmaCi0s1LX2,14,1771269285602567000,1771269285593333000,9,Insert,p,10,Dnes som p
qHMPVSZeEOVJeANy4PmaCi0s1LX2,14,1771269285845977000,1771269285842112000,10,Insert,i,11,Dnes som pi
qHMPVSZeEOVJeANy4PmaCi0s1LX2,14,1771269286066210000,1771269286060163000,11,Insert,s,12,Dnes som pis
qHMPVSZeEOVJeANy4PmaCi0s1LX2,14,1771269286365541000,1771269286358770000,12,Insert,a,13,Dnes som pisa
qHMPVSZeEOVJeANy4PmaCi0s1LX2,14,1771269287044782000,1771269287035965000,13,Insert,l,14,Dnes som pisal
qHMPVSZeEOVJeANy4PmaCi0s1LX2,14,1771269287322177000,1771269287316041000,14,Insert,a,15,Dnes som pisala
qHMPVSZeEOVJeANy4PmaCi0s1LX2,14,1771269287704437000,1771269287698011000,15,Insert, ,16,Dnes som pisala 
qHMPVSZeEOVJeANy4PmaCi0s1LX2,14,1771269288233523000,1771269288229988000,16,Insert,s,17,Dnes som pisala s
qHMPVSZeEOVJeANy4PmaCi0s1LX2,14,1771269288419740000,1771269288415782000,17,Insert,v,18,Dnes som pisala sv
qHMPVSZeEOVJeANy4PmaCi0s1LX2,14,1771269288613240000,1771269288609551000,18,Insert,o,19,Dnes som pisala svo
qHMPVSZeEOVJeANy4PmaCi0s1LX2,14,1771269288802551000,1771269288798632000,19,Insert,j,20,Dnes som pisala svoj
qHMPVSZeEOVJeANy4PmaCi0s1LX2,14,1771269288983741000,1771269288979592000,20,Insert,u,21,Dnes som pisala svoju
qHMPVSZeEOVJeANy4PmaCi0s1LX2,14,1771269289214175000,1771269289204549000,21,Insert, ,22,Dnes som pisala svoju 
qHMPVSZeEOVJeANy4PmaCi0s1LX2,14,1771269290422517000,1771269290415543000,22,Insert,d,23,Dnes som pisala svoju d
qHMPVSZeEOVJeANy4PmaCi0s1LX2,14,1771269290661179000,1771269290655355000,23,Insert,i,24,Dnes som pisala svoju di
qHMPVSZeEOVJeANy4PmaCi0s1LX2,14,1771269290935522000,1771269290926779000,24,Insert,p,25,Dnes som pisala svoju dip
qHMPVSZeEOVJeANy4PmaCi0s1LX2,14,1771269291214098000,1771269291206987000,25,Insert,l,26,Dnes som pisala svoju dipl
qHMPVSZeEOVJeANy4PmaCi0s1LX2,14,1771269291518380000,1771269291509389000,26,Insert,o,27,Dnes som pisala svoju diplo
qHMPVSZeEOVJeANy4PmaCi0s1LX2,14,1771269296155691000,1771269296148401000,27,Insert,m,28,Dnes som pisala svoju diplom
qHMPVSZeEOVJeANy4PmaCi0s1LX2,14,1771269296345666000,1771269296341217000,28,Insert,o,29,Dnes som pisala svoju diplomo
qHMPVSZeEOVJeANy4PmaCi0s1LX2,14,1771269296603674000,1771269296599435000,29,Insert,v,30,Dnes som pisala svoju diplomov
qHMPVSZeEOVJeANy4PmaCi0s1LX2,14,1771269296834093000,1771269296827068000,30,Insert,u,31,Dnes som pisala svoju diplomovu
qHMPVSZeEOVJeANy4PmaCi0s1LX2,14,1771269297023686000,1771269297019477000,31,Insert, ,32,Dnes som pisala svoju diplomovu 
qHMPVSZeEOVJeANy4PmaCi0s1LX2,14,1771269297336135000,1771269297330033000,32,Insert,p,33,Dnes som pisala svoju diplomovu p
qHMPVSZeEOVJeANy4PmaCi0s1LX2,14,1771269297882584000,1771269297878516000,33,Insert,r,34,Dnes som pisala svoju diplomovu pr
qHMPVSZeEOVJeANy4PmaCi0s1LX2,14,1771269298058954000,1771269298054894000,34,Insert,a,35,Dnes som pisala svoju diplomovu pra
qHMPVSZeEOVJeANy4PmaCi0s1LX2,14,1771269298166804000,1771269298161803000,35,Insert,c,36,Dnes som pisala svoju diplomovu prac
qHMPVSZeEOVJeANy4PmaCi0s1LX2,14,1771269298423798000,1771269298417064000,36,Insert,u,37,Dnes som pisala svoju diplomovu pracu
qHMPVSZeEOVJeANy4PmaCi0s1LX2,14,1771269299087631000,1771269299077954000,37,Insert, ,38,Dnes som pisala svoju diplomovu pracu 
qHMPVSZeEOVJeANy4PmaCi0s1LX2,14,1771269306268370000,1771269306262411000,38,Insert,n,39,Dnes som pisala svoju diplomovu pracu n
qHMPVSZeEOVJeANy4PmaCi0s1LX2,14,1771269306438157000,1771269306430983000,39,Insert,a,40,Dnes som pisala svoju diplomovu pracu na
qHMPVSZeEOVJeANy4PmaCi0s1LX2,14,1771269306497663000,1771269306492990000,40,Insert, ,41,Dnes som pisala svoju diplomovu pracu na 
qHMPVSZeEOVJeANy4PmaCi0s1LX2,14,1771269306747813000,1771269306741448000,41,Insert,t,42,Dnes som pisala svoju diplomovu pracu na t
qHMPVSZeEOVJeANy4PmaCi0s1LX2,14,1771269306922654000,1771269306918300000,42,Insert,e,43,Dnes som pisala svoju diplomovu pracu na te
qHMPVSZeEOVJeANy4PmaCi0s1LX2,14,1771269307031111000,1771269307027147000,43,Insert,m,44,Dnes som pisala svoju diplomovu pracu na tem
qHMPVSZeEOVJeANy4PmaCi0s1LX2,14,1771269307251076000,1771269307244790000,44,Insert,u,45,Dnes som pisala svoju diplomovu pracu na temu
qHMPVSZeEOVJeANy4PmaCi0s1LX2,14,1771269308389074000,1771269308380867000,45,Insert, ,46,Dnes som pisala svoju diplomovu pracu na temu 
qHMPVSZeEOVJeANy4PmaCi0s1LX2,14,1771269308867487000,1771269308861221000,46,Insert,m,47,Dnes som pisala svoju diplomovu pracu na temu m
qHMPVSZeEOVJeANy4PmaCi0s1LX2,14,1771269309064774000,1771269309060690000,47,Insert,e,48,Dnes som pisala svoju diplomovu pracu na temu me
qHMPVSZeEOVJeANy4PmaCi0s1LX2,14,1771269309491285000,1771269309485038000,48,Insert,t,49,Dnes som pisala svoju diplomovu pracu na temu met
qHMPVSZeEOVJeANy4PmaCi0s1LX2,14,1771269310964878000,1771269310957111000,49,Insert,o,50,Dnes som pisala svoju diplomovu pracu na temu meto
qHMPVSZeEOVJeANy4PmaCi0s1LX2,14,1771269311748204000,1771269311742070000,50,Insert,d,51,Dnes som pisala svoju diplomovu pracu na temu metod
qHMPVSZeEOVJeANy4PmaCi0s1LX2,14,1771269312591036000,1771269312582544000,51,Insert,i,52,Dnes som pisala svoju diplomovu pracu na temu metodi
qHMPVSZeEOVJeANy4PmaCi0s1LX2,14,1771269312778879000,1771269312773574000,52,Insert,k,53,Dnes som pisala svoju diplomovu pracu na temu metodik
qHMPVSZeEOVJeANy4PmaCi0s1LX2,14,1771269313036515000,1771269313028973000,53,Insert,u,54,Dnes som pisala svoju diplomovu pracu na temu metodiku
qHMPVSZeEOVJeANy4PmaCi0s1LX2,14,1771269314145999000,1771269314136841000,54,Insert, ,55,Dnes som pisala svoju diplomovu pracu na temu metodiku 
qHMPVSZeEOVJeANy4PmaCi0s1LX2,14,1771269316065299000,1771269316060226000,55,Delete, ,54,Dnes som pisala svoju diplomovu pracu na temu metodiku
qHMPVSZeEOVJeANy4PmaCi0s1LX2,14,1771269316258835000,1771269316251964000,54,Delete,u,53,Dnes som pisala svoju diplomovu pracu na temu metodik
qHMPVSZeEOVJeANy4PmaCi0s1LX2,14,1771269316898867000,1771269316892626000,53,Insert,a,54,Dnes som pisala svoju diplomovu pracu na temu metodika
qHMPVSZeEOVJeANy4PmaCi0s1LX2,14,1771269317143027000,1771269317135750000,54,Insert, ,55,Dnes som pisala svoju diplomovu pracu na temu metodika 
qHMPVSZeEOVJeANy4PmaCi0s1LX2,14,1771269317554227000,1771269317548393000,55,Insert,k,56,Dnes som pisala svoju diplomovu pracu na temu metodika k
qHMPVSZeEOVJeANy4PmaCi0s1LX2,14,1771269317790664000,1771269317784999000,56,Insert,l,57,Dnes som pisala svoju diplomovu pracu na temu metodika kl
qHMPVSZeEOVJeANy4PmaCi0s1LX2,14,1771269317969981000,1771269317959927000,57,Insert,a,58,Dnes som pisala svoju diplomovu pracu na temu metodika kla
qHMPVSZeEOVJeANy4PmaCi0s1LX2,14,1771269318097572000,1771269318093291000,58,Insert,v,59,Dnes som pisala svoju diplomovu pracu na temu metodika klav
qHMPVSZeEOVJeANy4PmaCi0s1LX2,14,1771269318351100000,1771269318343773000,59,Insert,i,60,Dnes som pisala svoju diplomovu pracu na temu metodika klavi
qHMPVSZeEOVJeANy4PmaCi0s1LX2,14,1771269318553519000,1771269318549304000,60,Insert,r,61,Dnes som pisala svoju diplomovu pracu na temu metodika klavir
qHMPVSZeEOVJeANy4PmaCi0s1LX2,14,1771269319153175000,1771269319148815000,61,Insert,n,62,Dnes som pisala svoju diplomovu pracu na temu metodika klavirn
qHMPVSZeEOVJeANy4PmaCi0s1LX2,14,1771269319377290000,1771269319369530000,62,Insert,a,63,Dnes som pisala svoju diplomovu pracu na temu metodika klavirna
qHMPVSZeEOVJeANy4PmaCi0s1LX2,14,1771269320356825000,1771269320346914000,63,Insert, ,64,Dnes som pisala svoju diplomovu pracu na temu metodika klavirna 
qHMPVSZeEOVJeANy4PmaCi0s1LX2,14,1771269320765616000,1771269320760900000,64,Insert,a,65,Dnes som pisala svoju diplomovu pracu na temu metodika klavirna a
qHMPVSZeEOVJeANy4PmaCi0s1LX2,14,1771269320906499000,1771269320901618000,65,Insert, ,66,Dnes som pisala svoju diplomovu pracu na temu metodika klavirna a 
qHMPVSZeEOVJeANy4PmaCi0s1LX2,14,1771269321198943000,1771269321192273000,66,Insert,p,67,Dnes som pisala svoju diplomovu pracu na temu metodika klavirna a p
qHMPVSZeEOVJeANy4PmaCi0s1LX2,14,1771269321431398000,1771269321423921000,67,Insert,i,68,Dnes som pisala svoju diplomovu pracu na temu metodika klavirna a pi
qHMPVSZeEOVJeANy4PmaCi0s1LX2,14,1771269321747415000,1771269321740152000,68,Insert,s,69,Dnes som pisala svoju diplomovu pracu na temu metodika klavirna a pis
qHMPVSZeEOVJeANy4PmaCi0s1LX2,14,1771269322011991000,1771269322006216000,69,Insert,a,70,Dnes som pisala svoju diplomovu pracu na temu metodika klavirna a pisa
qHMPVSZeEOVJeANy4PmaCi0s1LX2,14,1771269322165373000,1771269322160836000,70,Insert,l,71,Dnes som pisala svoju diplomovu pracu na temu metodika klavirna a pisal
qHMPVSZeEOVJeANy4PmaCi0s1LX2,14,1771269322283854000,1771269322279351000,71,Insert,a,72,Dnes som pisala svoju diplomovu pracu na temu metodika klavirna a pisala
qHMPVSZeEOVJeANy4PmaCi0s1LX2,14,1771269322455040000,1771269322450301000,72,Insert, ,73,Dnes som pisala svoju diplomovu pracu na temu metodika klavirna a pisala 
qHMPVSZeEOVJeANy4PmaCi0s1LX2,14,1771269322692457000,1771269322685859000,73,Insert,s,74,Dnes som pisala svoju diplomovu pracu na temu metodika klavirna a pisala s
qHMPVSZeEOVJeANy4PmaCi0s1LX2,14,1771269322871661000,1771269322867686000,74,Insert,o,75,Dnes som pisala svoju diplomovu pracu na temu metodika klavirna a pisala so
qHMPVSZeEOVJeANy4PmaCi0s1LX2,14,1771269323318565000,1771269323311792000,75,Insert,m,76,Dnes som pisala svoju diplomovu pracu na temu metodika klavirna a pisala som
qHMPVSZeEOVJeANy4PmaCi0s1LX2,14,1771269323771735000,1771269323765994000,76,Insert, ,77,Dnes som pisala svoju diplomovu pracu na temu metodika klavirna a pisala som 
qHMPVSZeEOVJeANy4PmaCi0s1LX2,14,1771269324591655000,1771269324583717000,77,Insert,c,78,Dnes som pisala svoju diplomovu pracu na temu metodika klavirna a pisala som c
qHMPVSZeEOVJeANy4PmaCi0s1LX2,14,1771269324804288000,1771269324797910000,78,Insert,e,79,Dnes som pisala svoju diplomovu pracu na temu metodika klavirna a pisala som ce
qHMPVSZeEOVJeANy4PmaCi0s1LX2,14,1771269324931970000,1771269324927849000,79,Insert,l,80,Dnes som pisala svoju diplomovu pracu na temu metodika klavirna a pisala som cel
qHMPVSZeEOVJeANy4PmaCi0s1LX2,14,1771269325171730000,1771269325163133000,80,Insert,y,81,Dnes som pisala svoju diplomovu pracu na temu metodika klavirna a pisala som cely
qHMPVSZeEOVJeANy4PmaCi0s1LX2,14,1771269325213590000,1771269325208709000,81,Insert, ,82,Dnes som pisala svoju diplomovu pracu na temu metodika klavirna a pisala som cely 
qHMPVSZeEOVJeANy4PmaCi0s1LX2,14,1771269325701021000,1771269325695398000,82,Insert,d,83,Dnes som pisala svoju diplomovu pracu na temu metodika klavirna a pisala som cely d
qHMPVSZeEOVJeANy4PmaCi0s1LX2,14,1771269325926426000,1771269325919389000,83,Insert,e,84,Dnes som pisala svoju diplomovu pracu na temu metodika klavirna a pisala som cely de
qHMPVSZeEOVJeANy4PmaCi0s1LX2,14,1771269326059100000,1771269326054269000,84,Insert,n,85,Dnes som pisala svoju diplomovu pracu na temu metodika klavirna a pisala som cely den
qHMPVSZeEOVJeANy4PmaCi0s1LX2,14,1771269326685704000,1771269326675348000,85,Insert,",",86,"Dnes som pisala svoju diplomovu pracu na temu metodika klavirna a pisala som cely den,"
qHMPVSZeEOVJeANy4PmaCi0s1LX2,14,1771269327117537000,1771269327109333000,86,Insert, ,87,"Dnes som pisala svoju diplomovu pracu na temu metodika klavirna a pisala som cely den, "
qHMPVSZeEOVJeANy4PmaCi0s1LX2,14,1771269328095426000,1771269328083749000,87,Insert,a,88,"Dnes som pisala svoju diplomovu pracu na temu metodika klavirna a pisala som cely den, a"
qHMPVSZeEOVJeANy4PmaCi0s1LX2,14,1771269328243163000,1771269328237790000,88,Insert,j,89,"Dnes som pisala svoju diplomovu pracu na temu metodika klavirna a pisala som cely den, aj"
qHMPVSZeEOVJeANy4PmaCi0s1LX2,14,1771269328441949000,1771269328432722000,89,Insert, ,90,"Dnes som pisala svoju diplomovu pracu na temu metodika klavirna a pisala som cely den, aj "
qHMPVSZeEOVJeANy4PmaCi0s1LX2,14,1771269328680062000,1771269328674023000,90,Insert,k,91,"Dnes som pisala svoju diplomovu pracu na temu metodika klavirna a pisala som cely den, aj k"
qHMPVSZeEOVJeANy4PmaCi0s1LX2,14,1771269329111186000,1771269329105634000,91,Insert,e,92,"Dnes som pisala svoju diplomovu pracu na temu metodika klavirna a pisala som cely den, aj ke"
qHMPVSZeEOVJeANy4PmaCi0s1LX2,14,1771269329354097000,1771269329347340000,92,Insert,d,93,"Dnes som pisala svoju diplomovu pracu na temu metodika klavirna a pisala som cely den, aj ked"
qHMPVSZeEOVJeANy4PmaCi0s1LX2,14,1771269329460247000,1771269329451761000,93,Insert, ,94,"Dnes som pisala svoju diplomovu pracu na temu metodika klavirna a pisala som cely den, aj ked "
qHMPVSZeEOVJeANy4PmaCi0s1LX2,14,1771269330640094000,1771269330633688000,94,Insert,s,95,"Dnes som pisala svoju diplomovu pracu na temu metodika klavirna a pisala som cely den, aj ked s"
qHMPVSZeEOVJeANy4PmaCi0s1LX2,14,1771269330908409000,1771269330901515000,95,Insert,p,96,"Dnes som pisala svoju diplomovu pracu na temu metodika klavirna a pisala som cely den, aj ked sp"
qHMPVSZeEOVJeANy4PmaCi0s1LX2,14,1771269331178161000,1771269331171486000,96,Insert,a,97,"Dnes som pisala svoju diplomovu pracu na temu metodika klavirna a pisala som cely den, aj ked spa"
qHMPVSZeEOVJeANy4PmaCi0s1LX2,14,1771269331446011000,1771269331439794000,97,Insert,l,98,"Dnes som pisala svoju diplomovu pracu na temu metodika klavirna a pisala som cely den, aj ked spal"
qHMPVSZeEOVJeANy4PmaCi0s1LX2,14,1771269331986782000,1771269331981960000,98,Insert,o,99,"Dnes som pisala svoju diplomovu pracu na temu metodika klavirna a pisala som cely den, aj ked spalo"
qHMPVSZeEOVJeANy4PmaCi0s1LX2,14,1771269332443534000,1771269332436127000,99,Insert, ,100,"Dnes som pisala svoju diplomovu pracu na temu metodika klavirna a pisala som cely den, aj ked spalo "
qHMPVSZeEOVJeANy4PmaCi0s1LX2,14,1771269333019273000,1771269333012883000,100,Insert,m,101,"Dnes som pisala svoju diplomovu pracu na temu metodika klavirna a pisala som cely den, aj ked spalo m"
qHMPVSZeEOVJeANy4PmaCi0s1LX2,14,1771269333237206000,1771269333231144000,101,Insert,o,102,"Dnes som pisala svoju diplomovu pracu na temu metodika klavirna a pisala som cely den, aj ked spalo mo"
qHMPVSZeEOVJeANy4PmaCi0s1LX2,14,1771269333457225000,1771269333450442000,102,Insert,j,103,"Dnes som pisala svoju diplomovu pracu na temu metodika klavirna a pisala som cely den, aj ked spalo moj"
qHMPVSZeEOVJeANy4PmaCi0s1LX2,14,1771269333641170000,1771269333636357000,103,Insert,e,104,"Dnes som pisala svoju diplomovu pracu na temu metodika klavirna a pisala som cely den, aj ked spalo moje"
qHMPVSZeEOVJeANy4PmaCi0s1LX2,14,1771269333728809000,1771269333722059000,104,Insert, ,105,"Dnes som pisala svoju diplomovu pracu na temu metodika klavirna a pisala som cely den, aj ked spalo moje "
qHMPVSZeEOVJeANy4PmaCi0s1LX2,14,1771269333953994000,1771269333946882000,105,Insert,m,106,"Dnes som pisala svoju diplomovu pracu na temu metodika klavirna a pisala som cely den, aj ked spalo moje m"
qHMPVSZeEOVJeANy4PmaCi0s1LX2,14,1771269334091755000,1771269334084622000,106,Insert,a,107,"Dnes som pisala svoju diplomovu pracu na temu metodika klavirna a pisala som cely den, aj ked spalo moje ma"
qHMPVSZeEOVJeANy4PmaCi0s1LX2,14,1771269334156661000,1771269334151841000,107,Insert,l,108,"Dnes som pisala svoju diplomovu pracu na temu metodika klavirna a pisala som cely den, aj ked spalo moje mal"
qHMPVSZeEOVJeANy4PmaCi0s1LX2,14,1771269334378170000,1771269334371837000,108,Insert,e,109,"Dnes som pisala svoju diplomovu pracu na temu metodika klavirna a pisala som cely den, aj ked spalo moje male"
qHMPVSZeEOVJeANy4PmaCi0s1LX2,14,1771269334533238000,1771269334528330000,109,Insert, ,110,"Dnes som pisala svoju diplomovu pracu na temu metodika klavirna a pisala som cely den, aj ked spalo moje male "
qHMPVSZeEOVJeANy4PmaCi0s1LX2,14,1771269335593178000,1771269335585461000,110,Insert,d,111,"Dnes som pisala svoju diplomovu pracu na temu metodika klavirna a pisala som cely den, aj ked spalo moje male d"
qHMPVSZeEOVJeANy4PmaCi0s1LX2,14,1771269335767004000,1771269335760480000,111,Insert,i,112,"Dnes som pisala svoju diplomovu pracu na temu metodika klavirna a pisala som cely den, aj ked spalo moje male di"
qHMPVSZeEOVJeANy4PmaCi0s1LX2,14,1771269335904052000,1771269335899997000,112,Insert,e,113,"Dnes som pisala svoju diplomovu pracu na temu metodika klavirna a pisala som cely den, aj ked spalo moje male die"
qHMPVSZeEOVJeANy4PmaCi0s1LX2,14,1771269336081489000,1771269336077330000,113,Insert,t,114,"Dnes som pisala svoju diplomovu pracu na temu metodika klavirna a pisala som cely den, aj ked spalo moje male diet"
qHMPVSZeEOVJeANy4PmaCi0s1LX2,14,1771269336258946000,1771269336252296000,114,Insert,a,115,"Dnes som pisala svoju diplomovu pracu na temu metodika klavirna a pisala som cely den, aj ked spalo moje male dieta"
qHMPVSZeEOVJeANy4PmaCi0s1LX2,14,1771269337264322000,1771269337253926000,115,Insert,",",116,"Dnes som pisala svoju diplomovu pracu na temu metodika klavirna a pisala som cely den, aj ked spalo moje male dieta,"
qHMPVSZeEOVJeANy4PmaCi0s1LX2,14,1771269337448333000,1771269337441596000,116,Insert, ,117,"Dnes som pisala svoju diplomovu pracu na temu metodika klavirna a pisala som cely den, aj ked spalo moje male dieta, "
qHMPVSZeEOVJeANy4PmaCi0s1LX2,14,1771269337662814000,1771269337654188000,117,Insert,a,118,"Dnes som pisala svoju diplomovu pracu na temu metodika klavirna a pisala som cely den, aj ked spalo moje male dieta, a"
qHMPVSZeEOVJeANy4PmaCi0s1LX2,14,1771269337797623000,1771269337792812000,118,Insert,j,119,"Dnes som pisala svoju diplomovu pracu na temu metodika klavirna a pisala som cely den, aj ked spalo moje male dieta, aj"
qHMPVSZeEOVJeANy4PmaCi0s1LX2,14,1771269338043528000,1771269338036617000,119,Insert, ,120,"Dnes som pisala svoju diplomovu pracu na temu metodika klavirna a pisala som cely den, aj ked spalo moje male dieta, aj "
qHMPVSZeEOVJeANy4PmaCi0s1LX2,14,1771269338655978000,1771269338649486000,120,Insert,v,121,"Dnes som pisala svoju diplomovu pracu na temu metodika klavirna a pisala som cely den, aj ked spalo moje male dieta, aj v"
qHMPVSZeEOVJeANy4PmaCi0s1LX2,14,1771269338922084000,1771269338915404000,121,Insert,t,122,"Dnes som pisala svoju diplomovu pracu na temu metodika klavirna a pisala som cely den, aj ked spalo moje male dieta, aj vt"
qHMPVSZeEOVJeANy4PmaCi0s1LX2,14,1771269339086759000,1771269339073486000,122,Insert,e,123,"Dnes som pisala svoju diplomovu pracu na temu metodika klavirna a pisala som cely den, aj ked spalo moje male dieta, aj vte"
qHMPVSZeEOVJeANy4PmaCi0s1LX2,14,1771269339242926000,1771269339237425000,123,Insert,d,124,"Dnes som pisala svoju diplomovu pracu na temu metodika klavirna a pisala som cely den, aj ked spalo moje male dieta, aj vted"
qHMPVSZeEOVJeANy4PmaCi0s1LX2,14,1771269339457810000,1771269339451342000,124,Insert,y,125,"Dnes som pisala svoju diplomovu pracu na temu metodika klavirna a pisala som cely den, aj ked spalo moje male dieta, aj vtedy"
qHMPVSZeEOVJeANy4PmaCi0s1LX2,14,1771269340006511000,1771269340000159000,125,Insert, ,126,"Dnes som pisala svoju diplomovu pracu na temu metodika klavirna a pisala som cely den, aj ked spalo moje male dieta, aj vtedy "
qHMPVSZeEOVJeANy4PmaCi0s1LX2,14,1771269340283488000,1771269340277067000,126,Insert,s,127,"Dnes som pisala svoju diplomovu pracu na temu metodika klavirna a pisala som cely den, aj ked spalo moje male dieta, aj vtedy s"
qHMPVSZeEOVJeANy4PmaCi0s1LX2,14,1771269340391212000,1771269340386815000,127,Insert,o,128,"Dnes som pisala svoju diplomovu pracu na temu metodika klavirna a pisala som cely den, aj ked spalo moje male dieta, aj vtedy so"
qHMPVSZeEOVJeANy4PmaCi0s1LX2,14,1771269340646651000,1771269340639371000,128,Insert,m,129,"Dnes som pisala svoju diplomovu pracu na temu metodika klavirna a pisala som cely den, aj ked spalo moje male dieta, aj vtedy som"
qHMPVSZeEOVJeANy4PmaCi0s1LX2,14,1771269340859232000,1771269340852057000,129,Insert, ,130,"Dnes som pisala svoju diplomovu pracu na temu metodika klavirna a pisala som cely den, aj ked spalo moje male dieta, aj vtedy som "
qHMPVSZeEOVJeANy4PmaCi0s1LX2,14,1771269341214354000,1771269341205455000,130,Insert,p,131,"Dnes som pisala svoju diplomovu pracu na temu metodika klavirna a pisala som cely den, aj ked spalo moje male dieta, aj vtedy som p"
qHMPVSZeEOVJeANy4PmaCi0s1LX2,14,1771269341575281000,1771269341567889000,131,Insert,i,132,"Dnes som pisala svoju diplomovu pracu na temu metodika klavirna a pisala som cely den, aj ked spalo moje male dieta, aj vtedy som pi"
qHMPVSZeEOVJeANy4PmaCi0s1LX2,14,1771269341982356000,1771269341975883000,132,Insert,s,133,"Dnes som pisala svoju diplomovu pracu na temu metodika klavirna a pisala som cely den, aj ked spalo moje male dieta, aj vtedy som pis"
qHMPVSZeEOVJeANy4PmaCi0s1LX2,14,1771269342265544000,1771269342255596000,133,Insert,a,134,"Dnes som pisala svoju diplomovu pracu na temu metodika klavirna a pisala som cely den, aj ked spalo moje male dieta, aj vtedy som pisa"
qHMPVSZeEOVJeANy4PmaCi0s1LX2,14,1771269342391221000,1771269342386806000,134,Insert,l,135,"Dnes som pisala svoju diplomovu pracu na temu metodika klavirna a pisala som cely den, aj ked spalo moje male dieta, aj vtedy som pisal"
qHMPVSZeEOVJeANy4PmaCi0s1LX2,14,1771269342530832000,1771269342526622000,135,Insert,a,136,"Dnes som pisala svoju diplomovu pracu na temu metodika klavirna a pisala som cely den, aj ked spalo moje male dieta, aj vtedy som pisala"
qHMPVSZeEOVJeANy4PmaCi0s1LX2,14,1771269342704191000,1771269342697271000,136,Insert, ,137,"Dnes som pisala svoju diplomovu pracu na temu metodika klavirna a pisala som cely den, aj ked spalo moje male dieta, aj vtedy som pisala "
qHMPVSZeEOVJeANy4PmaCi0s1LX2,14,1771269343492991000,1771269343486772000,137,Delete, ,136,"Dnes som pisala svoju diplomovu pracu na temu metodika klavirna a pisala som cely den, aj ked spalo moje male dieta, aj vtedy som pisala"
qHMPVSZeEOVJeANy4PmaCi0s1LX2,14,1771269343798217000,1771269343788761000,136,Insert,.,137,"Dnes som pisala svoju diplomovu pracu na temu metodika klavirna a pisala som cely den, aj ked spalo moje male dieta, aj vtedy som pisala."
qHMPVSZeEOVJeANy4PmaCi0s1LX2,15,1771269345373268000,1771269345365066000,0,Insert,D,1,D
qHMPVSZeEOVJeANy4PmaCi0s1LX2,15,1771269345681910000,1771269345675638000,1,Insert,n,2,Dn
qHMPVSZeEOVJeANy4PmaCi0s1LX2,15,1771269345833694000,1771269345826093000,2,Insert,e,3,Dne
qHMPVSZeEOVJeANy4PmaCi0s1LX2,15,1771269346079758000,1771269346073819000,3,Insert,s,4,Dnes
qHMPVSZeEOVJeANy4PmaCi0s1LX2,15,1771269346181189000,1771269346177147000,4,Insert, ,5,Dnes 
qHMPVSZeEOVJeANy4PmaCi0s1LX2,15,1771269346938905000,1771269346924009000,5,Insert,s,6,Dnes s
qHMPVSZeEOVJeANy4PmaCi0s1LX2,15,1771269347043660000,1771269347039672000,6,Insert,o,7,Dnes so
qHMPVSZeEOVJeANy4PmaCi0s1LX2,15,1771269347272148000,1771269347266247000,7,Insert,m,8,Dnes som
qHMPVSZeEOVJeANy4PmaCi0s1LX2,15,1771269347636946000,1771269347628569000,8,Insert, ,9,Dnes som 
qHMPVSZeEOVJeANy4PmaCi0s1LX2,15,1771269348368252000,1771269348356311000,9,Insert,p,10,Dnes som p
qHMPVSZeEOVJeANy4PmaCi0s1LX2,15,1771269348622472000,1771269348615031000,10,Insert,i,11,Dnes som pi
qHMPVSZeEOVJeANy4PmaCi0s1LX2,15,1771269348903194000,1771269348896805000,11,Insert,s,12,Dnes som pis
qHMPVSZeEOVJeANy4PmaCi0s1LX2,15,1771269349142413000,1771269349135701000,12,Insert,a,13,Dnes som pisa
qHMPVSZeEOVJeANy4PmaCi0s1LX2,15,1771269349297830000,1771269349294224000,13,Insert,l,14,Dnes som pisal
qHMPVSZeEOVJeANy4PmaCi0s1LX2,15,1771269349836686000,1771269349829099000,14,Insert,a,15,Dnes som pisala
qHMPVSZeEOVJeANy4PmaCi0s1LX2,15,1771269350251736000,1771269350245393000,15,Insert, ,16,Dnes som pisala 
qHMPVSZeEOVJeANy4PmaCi0s1LX2,15,1771269350833338000,1771269350829232000,16,Insert,s,17,Dnes som pisala s
qHMPVSZeEOVJeANy4PmaCi0s1LX2,15,1771269350935998000,1771269350931440000,17,Insert,v,18,Dnes som pisala sv
qHMPVSZeEOVJeANy4PmaCi0s1LX2,15,1771269351136952000,1771269351132331000,18,Insert,o,19,Dnes som pisala svo
qHMPVSZeEOVJeANy4PmaCi0s1LX2,15,1771269351299694000,1771269351295495000,19,Insert,j,20,Dnes som pisala svoj
qHMPVSZeEOVJeANy4PmaCi0s1LX2,15,1771269351480652000,1771269351476236000,20,Insert,u,21,Dnes som pisala svoju
qHMPVSZeEOVJeANy4PmaCi0s1LX2,15,1771269351776105000,1771269351769375000,21,Insert, ,22,Dnes som pisala svoju 
qHMPVSZeEOVJeANy4PmaCi0s1LX2,15,1771269353032494000,1771269353022565000,22,Insert,d,23,Dnes som pisala svoju d
qHMPVSZeEOVJeANy4PmaCi0s1LX2,15,1771269353168717000,1771269353159106000,23,Insert,i,24,Dnes som pisala svoju di
qHMPVSZeEOVJeANy4PmaCi0s1LX2,15,1771269353519869000,1771269353512540000,24,Insert,p,25,Dnes som pisala svoju dip
qHMPVSZeEOVJeANy4PmaCi0s1LX2,15,1771269354671852000,1771269354661372000,25,Insert,l,26,Dnes som pisala svoju dipl
qHMPVSZeEOVJeANy4PmaCi0s1LX2,15,1771269354868826000,1771269354865151000,26,Insert,o,27,Dnes som pisala svoju diplo
qHMPVSZeEOVJeANy4PmaCi0s1LX2,15,1771269355152615000,1771269355144758000,27,Insert,m,28,Dnes som pisala svoju diplom
qHMPVSZeEOVJeANy4PmaCi0s1LX2,15,1771269355364100000,1771269355357470000,28,Insert,o,29,Dnes som pisala svoju diplomo
qHMPVSZeEOVJeANy4PmaCi0s1LX2,15,1771269355661280000,1771269355655383000,29,Insert,v,30,Dnes som pisala svoju diplomov
qHMPVSZeEOVJeANy4PmaCi0s1LX2,15,1771269355757609000,1771269355752466000,30,Insert,u,31,Dnes som pisala svoju diplomovu
qHMPVSZeEOVJeANy4PmaCi0s1LX2,15,1771269356140735000,1771269356133815000,31,Insert, ,32,Dnes som pisala svoju diplomovu 
qHMPVSZeEOVJeANy4PmaCi0s1LX2,15,1771269357926142000,1771269357917591000,32,Insert,p,33,Dnes som pisala svoju diplomovu p
qHMPVSZeEOVJeANy4PmaCi0s1LX2,15,1771269358263469000,1771269358257270000,33,Insert,r,34,Dnes som pisala svoju diplomovu pr
qHMPVSZeEOVJeANy4PmaCi0s1LX2,15,1771269358427987000,1771269358423670000,34,Insert,a,35,Dnes som pisala svoju diplomovu pra
qHMPVSZeEOVJeANy4PmaCi0s1LX2,15,1771269358543442000,1771269358537182000,35,Insert,c,36,Dnes som pisala svoju diplomovu prac
qHMPVSZeEOVJeANy4PmaCi0s1LX2,15,1771269358864814000,1771269358860647000,36,Insert,u,37,Dnes som pisala svoju diplomovu pracu
qHMPVSZeEOVJeANy4PmaCi0s1LX2,15,1771269359255232000,1771269359248841000,37,Insert, ,38,Dnes som pisala svoju diplomovu pracu 
qHMPVSZeEOVJeANy4PmaCi0s1LX2,15,1771269359666800000,1771269359660602000,38,Insert,n,39,Dnes som pisala svoju diplomovu pracu n
qHMPVSZeEOVJeANy4PmaCi0s1LX2,15,1771269359820579000,1771269359814497000,39,Insert,a,40,Dnes som pisala svoju diplomovu pracu na
qHMPVSZeEOVJeANy4PmaCi0s1LX2,15,1771269359952215000,1771269359947656000,40,Insert, ,41,Dnes som pisala svoju diplomovu pracu na 
qHMPVSZeEOVJeANy4PmaCi0s1LX2,15,1771269362616525000,1771269362610580000,41,Insert,t,42,Dnes som pisala svoju diplomovu pracu na t
qHMPVSZeEOVJeANy4PmaCi0s1LX2,15,1771269362778118000,1771269362773592000,42,Insert,e,43,Dnes som pisala svoju diplomovu pracu na te
qHMPVSZeEOVJeANy4PmaCi0s1LX2,15,1771269362958670000,1771269362953527000,43,Insert,m,44,Dnes som pisala svoju diplomovu pracu na tem
qHMPVSZeEOVJeANy4PmaCi0s1LX2,15,1771269363230470000,1771269363222997000,44,Insert,u,45,Dnes som pisala svoju diplomovu pracu na temu
qHMPVSZeEOVJeANy4PmaCi0s1LX2,15,1771269365472419000,1771269365460736000,45,Insert, ,46,Dnes som pisala svoju diplomovu pracu na temu 
qHMPVSZeEOVJeANy4PmaCi0s1LX2,15,1771269365819764000,1771269365812663000,46,Insert,m,47,Dnes som pisala svoju diplomovu pracu na temu m
qHMPVSZeEOVJeANy4PmaCi0s1LX2,15,1771269365991876000,1771269365987113000,47,Insert,e,48,Dnes som pisala svoju diplomovu pracu na temu me
qHMPVSZeEOVJeANy4PmaCi0s1LX2,15,1771269366135370000,1771269366130949000,48,Insert,t,49,Dnes som pisala svoju diplomovu pracu na temu met
qHMPVSZeEOVJeANy4PmaCi0s1LX2,15,1771269366406648000,1771269366400368000,49,Insert,o,50,Dnes som pisala svoju diplomovu pracu na temu meto
qHMPVSZeEOVJeANy4PmaCi0s1LX2,15,1771269366517127000,1771269366512559000,50,Insert,d,51,Dnes som pisala svoju diplomovu pracu na temu metod
qHMPVSZeEOVJeANy4PmaCi0s1LX2,15,1771269366558906000,1771269366554678000,51,Insert,i,52,Dnes som pisala svoju diplomovu pracu na temu metodi
qHMPVSZeEOVJeANy4PmaCi0s1LX2,15,1771269366760623000,1771269366753573000,52,Insert,k,53,Dnes som pisala svoju diplomovu pracu na temu metodik
qHMPVSZeEOVJeANy4PmaCi0s1LX2,15,1771269366930601000,1771269366924365000,53,Insert,a,54,Dnes som pisala svoju diplomovu pracu na temu metodika
qHMPVSZeEOVJeANy4PmaCi0s1LX2,15,1771269367032216000,1771269367026988000,54,Insert, ,55,Dnes som pisala svoju diplomovu pracu na temu metodika 
qHMPVSZeEOVJeANy4PmaCi0s1LX2,15,1771269367531773000,1771269367525076000,55,Insert,k,56,Dnes som pisala svoju diplomovu pracu na temu metodika k
qHMPVSZeEOVJeANy4PmaCi0s1LX2,15,1771269367737678000,1771269367731372000,56,Insert,l,57,Dnes som pisala svoju diplomovu pracu na temu metodika kl
qHMPVSZeEOVJeANy4PmaCi0s1LX2,15,1771269367876391000,1771269367871855000,57,Insert,a,58,Dnes som pisala svoju diplomovu pracu na temu metodika kla
qHMPVSZeEOVJeANy4PmaCi0s1LX2,15,1771269368077101000,1771269368070970000,58,Insert,v,59,Dnes som pisala svoju diplomovu pracu na temu metodika klav
qHMPVSZeEOVJeANy4PmaCi0s1LX2,15,1771269368327422000,1771269368319929000,59,Insert,i,60,Dnes som pisala svoju diplomovu pracu na temu metodika klavi
qHMPVSZeEOVJeANy4PmaCi0s1LX2,15,1771269368531050000,1771269368527167000,60,Insert,r,61,Dnes som pisala svoju diplomovu pracu na temu metodika klavir
qHMPVSZeEOVJeANy4PmaCi0s1LX2,15,1771269368650950000,1771269368647038000,61,Insert,n,62,Dnes som pisala svoju diplomovu pracu na temu metodika klavirn
qHMPVSZeEOVJeANy4PmaCi0s1LX2,15,1771269368890929000,1771269368884072000,62,Insert,a,63,Dnes som pisala svoju diplomovu pracu na temu metodika klavirna
qHMPVSZeEOVJeANy4PmaCi0s1LX2,15,1771269370274134000,1771269370265288000,63,Insert, ,64,Dnes som pisala svoju diplomovu pracu na temu metodika klavirna 
qHMPVSZeEOVJeANy4PmaCi0s1LX2,15,1771269370560458000,1771269370554257000,64,Insert,a,65,Dnes som pisala svoju diplomovu pracu na temu metodika klavirna a
qHMPVSZeEOVJeANy4PmaCi0s1LX2,15,1771269370649125000,1771269370644423000,65,Insert, ,66,Dnes som pisala svoju diplomovu pracu na temu metodika klavirna a 
qHMPVSZeEOVJeANy4PmaCi0s1LX2,15,1771269370951692000,1771269370945304000,66,Insert,p,67,Dnes som pisala svoju diplomovu pracu na temu metodika klavirna a p
qHMPVSZeEOVJeANy4PmaCi0s1LX2,15,1771269371168358000,1771269371164364000,67,Insert,i,68,Dnes som pisala svoju diplomovu pracu na temu metodika klavirna a pi
qHMPVSZeEOVJeANy4PmaCi0s1LX2,15,1771269371420666000,1771269371414481000,68,Insert,s,69,Dnes som pisala svoju diplomovu pracu na temu metodika klavirna a pis
qHMPVSZeEOVJeANy4PmaCi0s1LX2,15,1771269371717135000,1771269371710897000,69,Insert,a,70,Dnes som pisala svoju diplomovu pracu na temu metodika klavirna a pisa
qHMPVSZeEOVJeANy4PmaCi0s1LX2,15,1771269371865544000,1771269371860716000,70,Insert,l,71,Dnes som pisala svoju diplomovu pracu na temu metodika klavirna a pisal
qHMPVSZeEOVJeANy4PmaCi0s1LX2,15,1771269371968948000,1771269371964954000,71,Insert,a,72,Dnes som pisala svoju diplomovu pracu na temu metodika klavirna a pisala
qHMPVSZeEOVJeANy4PmaCi0s1LX2,15,1771269372150017000,1771269372145635000,72,Insert, ,73,Dnes som pisala svoju diplomovu pracu na temu metodika klavirna a pisala 
qHMPVSZeEOVJeANy4PmaCi0s1LX2,15,1771269372334641000,1771269372330624000,73,Insert,s,74,Dnes som pisala svoju diplomovu pracu na temu metodika klavirna a pisala s
qHMPVSZeEOVJeANy4PmaCi0s1LX2,15,1771269372522802000,1771269372517364000,74,Insert,o,75,Dnes som pisala svoju diplomovu pracu na temu metodika klavirna a pisala so
qHMPVSZeEOVJeANy4PmaCi0s1LX2,15,1771269372898180000,1771269372889400000,75,Insert,m,76,Dnes som pisala svoju diplomovu pracu na temu metodika klavirna a pisala som
qHMPVSZeEOVJeANy4PmaCi0s1LX2,15,1771269373186477000,1771269373178807000,76,Insert, ,77,Dnes som pisala svoju diplomovu pracu na temu metodika klavirna a pisala som 
qHMPVSZeEOVJeANy4PmaCi0s1LX2,15,1771269373466521000,1771269373458070000,77,Insert,v,78,Dnes som pisala svoju diplomovu pracu na temu metodika klavirna a pisala som v
qHMPVSZeEOVJeANy4PmaCi0s1LX2,15,1771269373633378000,1771269373627756000,78,Insert,e,79,Dnes som pisala svoju diplomovu pracu na temu metodika klavirna a pisala som ve
qHMPVSZeEOVJeANy4PmaCi0s1LX2,15,1771269373730082000,1771269373725323000,79,Insert,l,80,Dnes som pisala svoju diplomovu pracu na temu metodika klavirna a pisala som vel
qHMPVSZeEOVJeANy4PmaCi0s1LX2,15,1771269374133210000,1771269374126472000,80,Insert,y,81,Dnes som pisala svoju diplomovu pracu na temu metodika klavirna a pisala som vely
qHMPVSZeEOVJeANy4PmaCi0s1LX2,15,1771269374228801000,1771269374223538000,81,Insert, ,82,Dnes som pisala svoju diplomovu pracu na temu metodika klavirna a pisala som vely 
qHMPVSZeEOVJeANy4PmaCi0s1LX2,15,1771269374628038000,1771269374624818000,82,Delete, ,81,Dnes som pisala svoju diplomovu pracu na temu metodika klavirna a pisala som vely
qHMPVSZeEOVJeANy4PmaCi0s1LX2,15,1771269374786573000,1771269374782887000,81,Delete,y,80,Dnes som pisala svoju diplomovu pracu na temu metodika klavirna a pisala som vel
qHMPVSZeEOVJeANy4PmaCi0s1LX2,15,1771269374939126000,1771269374935587000,80,Delete,l,79,Dnes som pisala svoju diplomovu pracu na temu metodika klavirna a pisala som ve
qHMPVSZeEOVJeANy4PmaCi0s1LX2,15,1771269375108497000,1771269375104774000,79,Delete,e,78,Dnes som pisala svoju diplomovu pracu na temu metodika klavirna a pisala som v
qHMPVSZeEOVJeANy4PmaCi0s1LX2,15,1771269375295868000,1771269375292955000,78,Delete,v,77,Dnes som pisala svoju diplomovu pracu na temu metodika klavirna a pisala som 
qHMPVSZeEOVJeANy4PmaCi0s1LX2,15,1771269376014826000,1771269376008315000,77,Insert,c,78,Dnes som pisala svoju diplomovu pracu na temu metodika klavirna a pisala som c
qHMPVSZeEOVJeANy4PmaCi0s1LX2,15,1771269376223879000,1771269376218983000,78,Insert,e,79,Dnes som pisala svoju diplomovu pracu na temu metodika klavirna a pisala som ce
qHMPVSZeEOVJeANy4PmaCi0s1LX2,15,1771269376341073000,1771269376335636000,79,Insert,l,80,Dnes som pisala svoju diplomovu pracu na temu metodika klavirna a pisala som cel
qHMPVSZeEOVJeANy4PmaCi0s1LX2,15,1771269376527153000,1771269376522665000,80,Insert,y,81,Dnes som pisala svoju diplomovu pracu na temu metodika klavirna a pisala som cely
qHMPVSZeEOVJeANy4PmaCi0s1LX2,15,1771269376624291000,1771269376619256000,81,Insert, ,82,Dnes som pisala svoju diplomovu pracu na temu metodika klavirna a pisala som cely 
qHMPVSZeEOVJeANy4PmaCi0s1LX2,15,1771269377074092000,1771269377068703000,82,Insert,d,83,Dnes som pisala svoju diplomovu pracu na temu metodika klavirna a pisala som cely d
qHMPVSZeEOVJeANy4PmaCi0s1LX2,15,1771269377341633000,1771269377335294000,83,Insert,e,84,Dnes som pisala svoju diplomovu pracu na temu metodika klavirna a pisala som cely de
qHMPVSZeEOVJeANy4PmaCi0s1LX2,15,1771269377453937000,1771269377449537000,84,Insert,n,85,Dnes som pisala svoju diplomovu pracu na temu metodika klavirna a pisala som cely den
qHMPVSZeEOVJeANy4PmaCi0s1LX2,15,1771269377766726000,1771269377760114000,85,Insert,",",86,"Dnes som pisala svoju diplomovu pracu na temu metodika klavirna a pisala som cely den,"
qHMPVSZeEOVJeANy4PmaCi0s1LX2,15,1771269378211789000,1771269378203771000,86,Insert, ,87,"Dnes som pisala svoju diplomovu pracu na temu metodika klavirna a pisala som cely den, "
qHMPVSZeEOVJeANy4PmaCi0s1LX2,15,1771269379612297000,1771269379599289000,87,Insert,a,88,"Dnes som pisala svoju diplomovu pracu na temu metodika klavirna a pisala som cely den, a"
qHMPVSZeEOVJeANy4PmaCi0s1LX2,15,1771269379763411000,1771269379758244000,88,Insert,j,89,"Dnes som pisala svoju diplomovu pracu na temu metodika klavirna a pisala som cely den, aj"
qHMPVSZeEOVJeANy4PmaCi0s1LX2,15,1771269379967040000,1771269379959114000,89,Insert, ,90,"Dnes som pisala svoju diplomovu pracu na temu metodika klavirna a pisala som cely den, aj "
qHMPVSZeEOVJeANy4PmaCi0s1LX2,15,1771269380186027000,1771269380181189000,90,Insert,k,91,"Dnes som pisala svoju diplomovu pracu na temu metodika klavirna a pisala som cely den, aj k"
qHMPVSZeEOVJeANy4PmaCi0s1LX2,15,1771269380401357000,1771269380393848000,91,Insert,e,92,"Dnes som pisala svoju diplomovu pracu na temu metodika klavirna a pisala som cely den, aj ke"
qHMPVSZeEOVJeANy4PmaCi0s1LX2,15,1771269380644814000,1771269380638645000,92,Insert,d,93,"Dnes som pisala svoju diplomovu pracu na temu metodika klavirna a pisala som cely den, aj ked"
qHMPVSZeEOVJeANy4PmaCi0s1LX2,15,1771269380769523000,1771269380759084000,93,Insert, ,94,"Dnes som pisala svoju diplomovu pracu na temu metodika klavirna a pisala som cely den, aj ked "
qHMPVSZeEOVJeANy4PmaCi0s1LX2,15,1771269381351951000,1771269381347255000,94,Insert,s,95,"Dnes som pisala svoju diplomovu pracu na temu metodika klavirna a pisala som cely den, aj ked s"
qHMPVSZeEOVJeANy4PmaCi0s1LX2,15,1771269381638378000,1771269381631873000,95,Insert,p,96,"Dnes som pisala svoju diplomovu pracu na temu metodika klavirna a pisala som cely den, aj ked sp"
qHMPVSZeEOVJeANy4PmaCi0s1LX2,15,1771269381826908000,1771269381820588000,96,Insert,a,97,"Dnes som pisala svoju diplomovu pracu na temu metodika klavirna a pisala som cely den, aj ked spa"
qHMPVSZeEOVJeANy4PmaCi0s1LX2,15,1771269381934681000,1771269381929872000,97,Insert,l,98,"Dnes som pisala svoju diplomovu pracu na temu metodika klavirna a pisala som cely den, aj ked spal"
qHMPVSZeEOVJeANy4PmaCi0s1LX2,15,1771269382155503000,1771269382148029000,98,Insert,o,99,"Dnes som pisala svoju diplomovu pracu na temu metodika klavirna a pisala som cely den, aj ked spalo"
qHMPVSZeEOVJeANy4PmaCi0s1LX2,15,1771269382453374000,1771269382444755000,99,Insert, ,100,"Dnes som pisala svoju diplomovu pracu na temu metodika klavirna a pisala som cely den, aj ked spalo "
qHMPVSZeEOVJeANy4PmaCi0s1LX2,15,1771269382790382000,1771269382783362000,100,Insert,m,101,"Dnes som pisala svoju diplomovu pracu na temu metodika klavirna a pisala som cely den, aj ked spalo m"
qHMPVSZeEOVJeANy4PmaCi0s1LX2,15,1771269382991316000,1771269382986373000,101,Insert,o,102,"Dnes som pisala svoju diplomovu pracu na temu metodika klavirna a pisala som cely den, aj ked spalo mo"
qHMPVSZeEOVJeANy4PmaCi0s1LX2,15,1771269383191312000,1771269383185277000,102,Insert,j,103,"Dnes som pisala svoju diplomovu pracu na temu metodika klavirna a pisala som cely den, aj ked spalo moj"
qHMPVSZeEOVJeANy4PmaCi0s1LX2,15,1771269383356789000,1771269383351686000,103,Insert,e,104,"Dnes som pisala svoju diplomovu pracu na temu metodika klavirna a pisala som cely den, aj ked spalo moje"
qHMPVSZeEOVJeANy4PmaCi0s1LX2,15,1771269383455583000,1771269383446954000,104,Insert, ,105,"Dnes som pisala svoju diplomovu pracu na temu metodika klavirna a pisala som cely den, aj ked spalo moje "
qHMPVSZeEOVJeANy4PmaCi0s1LX2,15,1771269383676809000,1771269383670146000,105,Insert,m,106,"Dnes som pisala svoju diplomovu pracu na temu metodika klavirna a pisala som cely den, aj ked spalo moje m"
qHMPVSZeEOVJeANy4PmaCi0s1LX2,15,1771269384211233000,1771269384205949000,106,Insert,a,107,"Dnes som pisala svoju diplomovu pracu na temu metodika klavirna a pisala som cely den, aj ked spalo moje ma"
qHMPVSZeEOVJeANy4PmaCi0s1LX2,15,1771269384700233000,1771269384691486000,107,Insert,l,108,"Dnes som pisala svoju diplomovu pracu na temu metodika klavirna a pisala som cely den, aj ked spalo moje mal"
qHMPVSZeEOVJeANy4PmaCi0s1LX2,15,1771269384914636000,1771269384908604000,108,Insert,e,109,"Dnes som pisala svoju diplomovu pracu na temu metodika klavirna a pisala som cely den, aj ked spalo moje male"
qHMPVSZeEOVJeANy4PmaCi0s1LX2,15,1771269385053054000,1771269385048385000,109,Insert, ,110,"Dnes som pisala svoju diplomovu pracu na temu metodika klavirna a pisala som cely den, aj ked spalo moje male "
qHMPVSZeEOVJeANy4PmaCi0s1LX2,15,1771269385205441000,1771269385201318000,110,Insert,d,111,"Dnes som pisala svoju diplomovu pracu na temu metodika klavirna a pisala som cely den, aj ked spalo moje male d"
qHMPVSZeEOVJeANy4PmaCi0s1LX2,15,1771269385314697000,1771269385310207000,111,Insert,i,112,"Dnes som pisala svoju diplomovu pracu na temu metodika klavirna a pisala som cely den, aj ked spalo moje male di"
qHMPVSZeEOVJeANy4PmaCi0s1LX2,15,1771269385466511000,1771269385460835000,112,Insert,e,113,"Dnes som pisala svoju diplomovu pracu na temu metodika klavirna a pisala som cely den, aj ked spalo moje male die"
qHMPVSZeEOVJeANy4PmaCi0s1LX2,15,1771269385619264000,1771269385614458000,113,Insert,t,114,"Dnes som pisala svoju diplomovu pracu na temu metodika klavirna a pisala som cely den, aj ked spalo moje male diet"
qHMPVSZeEOVJeANy4PmaCi0s1LX2,15,1771269385801411000,1771269385796905000,114,Insert,a,115,"Dnes som pisala svoju diplomovu pracu na temu metodika klavirna a pisala som cely den, aj ked spalo moje male dieta"
qHMPVSZeEOVJeANy4PmaCi0s1LX2,15,1771269386808072000,1771269386796745000,115,Insert,",",116,"Dnes som pisala svoju diplomovu pracu na temu metodika klavirna a pisala som cely den, aj ked spalo moje male dieta,"
qHMPVSZeEOVJeANy4PmaCi0s1LX2,15,1771269386916655000,1771269386911399000,116,Insert, ,117,"Dnes som pisala svoju diplomovu pracu na temu metodika klavirna a pisala som cely den, aj ked spalo moje male dieta, "
qHMPVSZeEOVJeANy4PmaCi0s1LX2,15,1771269387674548000,1771269387670372000,117,Insert,a,118,"Dnes som pisala svoju diplomovu pracu na temu metodika klavirna a pisala som cely den, aj ked spalo moje male dieta, a"
qHMPVSZeEOVJeANy4PmaCi0s1LX2,15,1771269387839901000,1771269387835444000,118,Insert,j,119,"Dnes som pisala svoju diplomovu pracu na temu metodika klavirna a pisala som cely den, aj ked spalo moje male dieta, aj"
qHMPVSZeEOVJeANy4PmaCi0s1LX2,15,1771269388049131000,1771269388041833000,119,Insert, ,120,"Dnes som pisala svoju diplomovu pracu na temu metodika klavirna a pisala som cely den, aj ked spalo moje male dieta, aj "
qHMPVSZeEOVJeANy4PmaCi0s1LX2,15,1771269388922202000,1771269388914263000,120,Insert,v,121,"Dnes som pisala svoju diplomovu pracu na temu metodika klavirna a pisala som cely den, aj ked spalo moje male dieta, aj v"
qHMPVSZeEOVJeANy4PmaCi0s1LX2,15,1771269389182595000,1771269389175994000,121,Insert,t,122,"Dnes som pisala svoju diplomovu pracu na temu metodika klavirna a pisala som cely den, aj ked spalo moje male dieta, aj vt"
qHMPVSZeEOVJeANy4PmaCi0s1LX2,15,1771269389362254000,1771269389358212000,122,Insert,e,123,"Dnes som pisala svoju diplomovu pracu na temu metodika klavirna a pisala som cely den, aj ked spalo moje male dieta, aj vte"
qHMPVSZeEOVJeANy4PmaCi0s1LX2,15,1771269389593075000,1771269389587299000,123,Insert,d,124,"Dnes som pisala svoju diplomovu pracu na temu metodika klavirna a pisala som cely den, aj ked spalo moje male dieta, aj vted"
qHMPVSZeEOVJeANy4PmaCi0s1LX2,15,1771269389856358000,1771269389849969000,124,Insert,y,125,"Dnes som pisala svoju diplomovu pracu na temu metodika klavirna a pisala som cely den, aj ked spalo moje male dieta, aj vtedy"
qHMPVSZeEOVJeANy4PmaCi0s1LX2,15,1771269390048812000,1771269390043255000,125,Insert, ,126,"Dnes som pisala svoju diplomovu pracu na temu metodika klavirna a pisala som cely den, aj ked spalo moje male dieta, aj vtedy "
qHMPVSZeEOVJeANy4PmaCi0s1LX2,15,1771269390576377000,1771269390569399000,126,Insert,s,127,"Dnes som pisala svoju diplomovu pracu na temu metodika klavirna a pisala som cely den, aj ked spalo moje male dieta, aj vtedy s"
qHMPVSZeEOVJeANy4PmaCi0s1LX2,15,1771269390671534000,1771269390667463000,127,Insert,o,128,"Dnes som pisala svoju diplomovu pracu na temu metodika klavirna a pisala som cely den, aj ked spalo moje male dieta, aj vtedy so"
qHMPVSZeEOVJeANy4PmaCi0s1LX2,15,1771269390913621000,1771269390906950000,128,Insert,m,129,"Dnes som pisala svoju diplomovu pracu na temu metodika klavirna a pisala som cely den, aj ked spalo moje male dieta, aj vtedy som"
qHMPVSZeEOVJeANy4PmaCi0s1LX2,15,1771269391104316000,1771269391099779000,129,Insert, ,130,"Dnes som pisala svoju diplomovu pracu na temu metodika klavirna a pisala som cely den, aj ked spalo moje male dieta, aj vtedy som "
qHMPVSZeEOVJeANy4PmaCi0s1LX2,15,1771269391432597000,1771269391426461000,130,Insert,p,131,"Dnes som pisala svoju diplomovu pracu na temu metodika klavirna a pisala som cely den, aj ked spalo moje male dieta, aj vtedy som p"
qHMPVSZeEOVJeANy4PmaCi0s1LX2,15,1771269391930066000,1771269391917243000,131,Insert,i,132,"Dnes som pisala svoju diplomovu pracu na temu metodika klavirna a pisala som cely den, aj ked spalo moje male dieta, aj vtedy som pi"
qHMPVSZeEOVJeANy4PmaCi0s1LX2,15,1771269392283750000,1771269392275950000,132,Insert,s,133,"Dnes som pisala svoju diplomovu pracu na temu metodika klavirna a pisala som cely den, aj ked spalo moje male dieta, aj vtedy som pis"
qHMPVSZeEOVJeANy4PmaCi0s1LX2,15,1771269392545427000,1771269392538885000,133,Insert,a,134,"Dnes som pisala svoju diplomovu pracu na temu metodika klavirna a pisala som cely den, aj ked spalo moje male dieta, aj vtedy som pisa"
qHMPVSZeEOVJeANy4PmaCi0s1LX2,15,1771269392673939000,1771269392669583000,134,Insert,l,135,"Dnes som pisala svoju diplomovu pracu na temu metodika klavirna a pisala som cely den, aj ked spalo moje male dieta, aj vtedy som pisal"
qHMPVSZeEOVJeANy4PmaCi0s1LX2,15,1771269392823557000,1771269392816867000,135,Insert,a,136,"Dnes som pisala svoju diplomovu pracu na temu metodika klavirna a pisala som cely den, aj ked spalo moje male dieta, aj vtedy som pisala"
qHMPVSZeEOVJeANy4PmaCi0s1LX2,15,1771269393098560000,1771269393089172000,136,Insert,.,137,"Dnes som pisala svoju diplomovu pracu na temu metodika klavirna a pisala som cely den, aj ked spalo moje male dieta, aj vtedy som pisala."
