UserId,RoundId,TimestampAfterNs,TimestampBeforeNs,ContentLengthBefore,ActionType,KeyChar,CursorPosition,InputContent
wL7w4dmBmxSYXUEO9tYBUp6XaA22,1,1771464273411256000,1771464273390794000,0,Insert,D,1,D
wL7w4dmBmxSYXUEO9tYBUp6XaA22,1,1771464273818164000,1771464273813045000,1,Insert,n,2,Dn
wL7w4dmBmxSYXUEO9tYBUp6XaA22,1,1771464274166769000,1771464274161563000,2,Insert,e,3,Dne
wL7w4dmBmxSYXUEO9tYBUp6XaA22,1,1771464274406422000,1771464274398219000,3,Insert,s,4,Dnes
wL7w4dmBmxSYXUEO9tYBUp6XaA22,1,1771464274662913000,1771464274657874000,4,Insert, ,5,Dnes 
wL7w4dmBmxSYXUEO9tYBUp6XaA22,1,1771464274945836000,1771464274938726000,5,Insert,h,6,Dnes h
wL7w4dmBmxSYXUEO9tYBUp6XaA22,1,1771464275218940000,1771464275211917000,6,Insert,e,7,Dnes he
wL7w4dmBmxSYXUEO9tYBUp6XaA22,1,1771464276000371000,1771464275995547000,7,Delete,e,6,Dnes h
wL7w4dmBmxSYXUEO9tYBUp6XaA22,1,1771464276146728000,1771464276143555000,6,Delete,h,5,Dnes 
wL7w4dmBmxSYXUEO9tYBUp6XaA22,1,1771464276447108000,1771464276442946000,5,Insert,j,6,Dnes j
wL7w4dmBmxSYXUEO9tYBUp6XaA22,1,1771464276741829000,1771464276737365000,6,Insert,e,7,Dnes je
wL7w4dmBmxSYXUEO9tYBUp6XaA22,1,1771464277218913000,1771464277214414000,7,Insert, ,8,Dnes je 
wL7w4dmBmxSYXUEO9tYBUp6XaA22,1,1771464277459214000,1771464277454994000,8,Insert,v,9,Dnes je v
wL7w4dmBmxSYXUEO9tYBUp6XaA22,1,1771464277788071000,1771464277783117000,9,Insert,o,10,Dnes je vo
wL7w4dmBmxSYXUEO9tYBUp6XaA22,1,1771464278395188000,1771464278390963000,10,Insert,n,11,Dnes je von
wL7w4dmBmxSYXUEO9tYBUp6XaA22,1,1771464278641132000,1771464278633347000,11,Insert,k,12,Dnes je vonk
wL7w4dmBmxSYXUEO9tYBUp6XaA22,1,1771464278821202000,1771464278817117000,12,Insert,u,13,Dnes je vonku
wL7w4dmBmxSYXUEO9tYBUp6XaA22,1,1771464279190536000,1771464279185852000,13,Insert, ,14,Dnes je vonku 
wL7w4dmBmxSYXUEO9tYBUp6XaA22,1,1771464279628263000,1771464279622044000,14,Insert,p,15,Dnes je vonku p
wL7w4dmBmxSYXUEO9tYBUp6XaA22,1,1771464280064598000,1771464280057904000,15,Insert,e,16,Dnes je vonku pe
wL7w4dmBmxSYXUEO9tYBUp6XaA22,1,1771464280696171000,1771464280691272000,16,Insert,k,17,Dnes je vonku pek
wL7w4dmBmxSYXUEO9tYBUp6XaA22,1,1771464281125435000,1771464281121140000,17,Insert,n,18,Dnes je vonku pekn
wL7w4dmBmxSYXUEO9tYBUp6XaA22,1,1771464281424028000,1771464281416545000,18,Insert,e,19,Dnes je vonku pekne
wL7w4dmBmxSYXUEO9tYBUp6XaA22,1,1771464282651821000,1771464282641537000,19,Insert,",",20,"Dnes je vonku pekne,"
wL7w4dmBmxSYXUEO9tYBUp6XaA22,1,1771464283307509000,1771464283299117000,20,Insert, ,21,"Dnes je vonku pekne, "
wL7w4dmBmxSYXUEO9tYBUp6XaA22,1,1771464283713097000,1771464283702744000,21,Insert,i,22,"Dnes je vonku pekne, i"
wL7w4dmBmxSYXUEO9tYBUp6XaA22,1,1771464284202952000,1771464284198302000,22,Insert,d,23,"Dnes je vonku pekne, id"
wL7w4dmBmxSYXUEO9tYBUp6XaA22,1,1771464284374574000,1771464284369510000,23,Insert,e,24,"Dnes je vonku pekne, ide"
wL7w4dmBmxSYXUEO9tYBUp6XaA22,1,1771464285379499000,1771464285371412000,24,Insert,m,25,"Dnes je vonku pekne, idem"
wL7w4dmBmxSYXUEO9tYBUp6XaA22,1,1771464287830817000,1771464287818969000,25,Insert, ,26,"Dnes je vonku pekne, idem "
wL7w4dmBmxSYXUEO9tYBUp6XaA22,1,1771464288106940000,1771464288099770000,26,Insert,v,27,"Dnes je vonku pekne, idem v"
wL7w4dmBmxSYXUEO9tYBUp6XaA22,1,1771464288479180000,1771464288471724000,27,Insert,o,28,"Dnes je vonku pekne, idem vo"
wL7w4dmBmxSYXUEO9tYBUp6XaA22,1,1771464289215332000,1771464289206141000,28,Insert,n,29,"Dnes je vonku pekne, idem von"
wL7w4dmBmxSYXUEO9tYBUp6XaA22,1,1771464289948407000,1771464289926375000,29,Insert, ,30,"Dnes je vonku pekne, idem von "
wL7w4dmBmxSYXUEO9tYBUp6XaA22,1,1771464290484832000,1771464290478023000,30,Insert,s,31,"Dnes je vonku pekne, idem von s"
wL7w4dmBmxSYXUEO9tYBUp6XaA22,1,1771464290873096000,1771464290868018000,31,Insert,o,32,"Dnes je vonku pekne, idem von so"
wL7w4dmBmxSYXUEO9tYBUp6XaA22,1,1771464291221861000,1771464291213487000,32,Insert, ,33,"Dnes je vonku pekne, idem von so "
wL7w4dmBmxSYXUEO9tYBUp6XaA22,1,1771464291617306000,1771464291606577000,33,Insert,p,34,"Dnes je vonku pekne, idem von so p"
wL7w4dmBmxSYXUEO9tYBUp6XaA22,1,1771464292118133000,1771464292110462000,34,Insert,s,35,"Dnes je vonku pekne, idem von so ps"
wL7w4dmBmxSYXUEO9tYBUp6XaA22,1,1771464292490443000,1771464292483518000,35,Insert,o,36,"Dnes je vonku pekne, idem von so pso"
wL7w4dmBmxSYXUEO9tYBUp6XaA22,1,1771464292880715000,1771464292873185000,36,Insert,m,37,"Dnes je vonku pekne, idem von so psom"
wL7w4dmBmxSYXUEO9tYBUp6XaA22,1,1771464293187195000,1771464293182289000,37,Insert, ,38,"Dnes je vonku pekne, idem von so psom "
wL7w4dmBmxSYXUEO9tYBUp6XaA22,1,1771464293446304000,1771464293439731000,38,Insert,n,39,"Dnes je vonku pekne, idem von so psom n"
wL7w4dmBmxSYXUEO9tYBUp6XaA22,1,1771464293787501000,1771464293782130000,39,Insert,a,40,"Dnes je vonku pekne, idem von so psom na"
wL7w4dmBmxSYXUEO9tYBUp6XaA22,1,1771464294177615000,1771464294169270000,40,Insert, ,41,"Dnes je vonku pekne, idem von so psom na "
wL7w4dmBmxSYXUEO9tYBUp6XaA22,1,1771464294812720000,1771464294808086000,41,Insert,d,42,"Dnes je vonku pekne, idem von so psom na d"
wL7w4dmBmxSYXUEO9tYBUp6XaA22,1,1771464295137175000,1771464295130181000,42,Insert,v,43,"Dnes je vonku pekne, idem von so psom na dv"
wL7w4dmBmxSYXUEO9tYBUp6XaA22,1,1771464295459937000,1771464295454548000,43,Insert,o,44,"Dnes je vonku pekne, idem von so psom na dvo"
wL7w4dmBmxSYXUEO9tYBUp6XaA22,1,1771464295825233000,1771464295817356000,44,Insert,r,45,"Dnes je vonku pekne, idem von so psom na dvor"
wL7w4dmBmxSYXUEO9tYBUp6XaA22,1,1771464296770685000,1771464296762989000,45,Insert, ,46,"Dnes je vonku pekne, idem von so psom na dvor "
wL7w4dmBmxSYXUEO9tYBUp6XaA22,1,1771464297270950000,1771464297264156000,46,Insert,a,47,"Dnes je vonku pekne, idem von so psom na dvor a"
wL7w4dmBmxSYXUEO9tYBUp6XaA22,1,1771464297608957000,1771464297603118000,47,Insert, ,48,"Dnes je vonku pekne, idem von so psom na dvor a "
wL7w4dmBmxSYXUEO9tYBUp6XaA22,1,1771464297913149000,1771464297907455000,48,Insert,b,49,"Dnes je vonku pekne, idem von so psom na dvor a b"
wL7w4dmBmxSYXUEO9tYBUp6XaA22,1,1771464298170174000,1771464298163321000,49,Insert,u,50,"Dnes je vonku pekne, idem von so psom na dvor a bu"
wL7w4dmBmxSYXUEO9tYBUp6XaA22,1,1771464298663320000,1771464298655934000,50,Insert,d,51,"Dnes je vonku pekne, idem von so psom na dvor a bud"
wL7w4dmBmxSYXUEO9tYBUp6XaA22,1,1771464298852311000,1771464298847782000,51,Insert,e,52,"Dnes je vonku pekne, idem von so psom na dvor a bude"
wL7w4dmBmxSYXUEO9tYBUp6XaA22,1,1771464299263600000,1771464299255633000,52,Insert,m,53,"Dnes je vonku pekne, idem von so psom na dvor a budem"
wL7w4dmBmxSYXUEO9tYBUp6XaA22,1,1771464299560402000,1771464299555227000,53,Insert, ,54,"Dnes je vonku pekne, idem von so psom na dvor a budem "
wL7w4dmBmxSYXUEO9tYBUp6XaA22,1,1771464303095312000,1771464303091955000,54,Insert,t,55,"Dnes je vonku pekne, idem von so psom na dvor a budem t"
wL7w4dmBmxSYXUEO9tYBUp6XaA22,1,1771464303362152000,1771464303352846000,55,Insert,a,56,"Dnes je vonku pekne, idem von so psom na dvor a budem ta"
wL7w4dmBmxSYXUEO9tYBUp6XaA22,1,1771464303812149000,1771464303805442000,56,Insert,m,57,"Dnes je vonku pekne, idem von so psom na dvor a budem tam"
wL7w4dmBmxSYXUEO9tYBUp6XaA22,1,1771464304124010000,1771464304116141000,57,Insert, ,58,"Dnes je vonku pekne, idem von so psom na dvor a budem tam "
wL7w4dmBmxSYXUEO9tYBUp6XaA22,1,1771464304482997000,1771464304472257000,58,Insert,a,59,"Dnes je vonku pekne, idem von so psom na dvor a budem tam a"
wL7w4dmBmxSYXUEO9tYBUp6XaA22,1,1771464304684791000,1771464304672810000,59,Insert,s,60,"Dnes je vonku pekne, idem von so psom na dvor a budem tam as"
wL7w4dmBmxSYXUEO9tYBUp6XaA22,1,1771464305163303000,1771464305155364000,60,Insert,i,61,"Dnes je vonku pekne, idem von so psom na dvor a budem tam asi"
wL7w4dmBmxSYXUEO9tYBUp6XaA22,1,1771464305491629000,1771464305480395000,61,Insert, ,62,"Dnes je vonku pekne, idem von so psom na dvor a budem tam asi "
wL7w4dmBmxSYXUEO9tYBUp6XaA22,1,1771464305886609000,1771464305880303000,62,Insert,h,63,"Dnes je vonku pekne, idem von so psom na dvor a budem tam asi h"
wL7w4dmBmxSYXUEO9tYBUp6XaA22,1,1771464306269461000,1771464306262327000,63,Insert,o,64,"Dnes je vonku pekne, idem von so psom na dvor a budem tam asi ho"
wL7w4dmBmxSYXUEO9tYBUp6XaA22,1,1771464307180452000,1771464307173017000,64,Insert,d,65,"Dnes je vonku pekne, idem von so psom na dvor a budem tam asi hod"
wL7w4dmBmxSYXUEO9tYBUp6XaA22,1,1771464307525383000,1771464307519982000,65,Insert,i,66,"Dnes je vonku pekne, idem von so psom na dvor a budem tam asi hodi"
wL7w4dmBmxSYXUEO9tYBUp6XaA22,1,1771464308006778000,1771464308002430000,66,Insert,n,67,"Dnes je vonku pekne, idem von so psom na dvor a budem tam asi hodin"
wL7w4dmBmxSYXUEO9tYBUp6XaA22,1,1771464308544759000,1771464308540361000,67,Insert,u,68,"Dnes je vonku pekne, idem von so psom na dvor a budem tam asi hodinu"
wL7w4dmBmxSYXUEO9tYBUp6XaA22,1,1771464310559204000,1771464310546417000,68,Insert,",",69,"Dnes je vonku pekne, idem von so psom na dvor a budem tam asi hodinu,"
wL7w4dmBmxSYXUEO9tYBUp6XaA22,1,1771464310801408000,1771464310794157000,69,Insert, ,70,"Dnes je vonku pekne, idem von so psom na dvor a budem tam asi hodinu, "
wL7w4dmBmxSYXUEO9tYBUp6XaA22,1,1771464311052706000,1771464311044971000,70,Insert,b,71,"Dnes je vonku pekne, idem von so psom na dvor a budem tam asi hodinu, b"
wL7w4dmBmxSYXUEO9tYBUp6XaA22,1,1771464311311709000,1771464311302513000,71,Insert,z,72,"Dnes je vonku pekne, idem von so psom na dvor a budem tam asi hodinu, bz"
wL7w4dmBmxSYXUEO9tYBUp6XaA22,1,1771464311954041000,1771464311946577000,72,Delete,z,71,"Dnes je vonku pekne, idem von so psom na dvor a budem tam asi hodinu, b"
wL7w4dmBmxSYXUEO9tYBUp6XaA22,1,1771464312322904000,1771464312310411000,71,Insert,u,72,"Dnes je vonku pekne, idem von so psom na dvor a budem tam asi hodinu, bu"
wL7w4dmBmxSYXUEO9tYBUp6XaA22,1,1771464312901021000,1771464312896319000,72,Insert,d,73,"Dnes je vonku pekne, idem von so psom na dvor a budem tam asi hodinu, bud"
wL7w4dmBmxSYXUEO9tYBUp6XaA22,1,1771464313072451000,1771464313065618000,73,Insert,e,74,"Dnes je vonku pekne, idem von so psom na dvor a budem tam asi hodinu, bude"
wL7w4dmBmxSYXUEO9tYBUp6XaA22,1,1771464313394238000,1771464313387399000,74,Insert, ,75,"Dnes je vonku pekne, idem von so psom na dvor a budem tam asi hodinu, bude "
wL7w4dmBmxSYXUEO9tYBUp6XaA22,1,1771464313758826000,1771464313752228000,75,Insert,t,76,"Dnes je vonku pekne, idem von so psom na dvor a budem tam asi hodinu, bude t"
wL7w4dmBmxSYXUEO9tYBUp6XaA22,1,1771464314205116000,1771464314197436000,76,Insert,o,77,"Dnes je vonku pekne, idem von so psom na dvor a budem tam asi hodinu, bude to"
wL7w4dmBmxSYXUEO9tYBUp6XaA22,1,1771464314648627000,1771464314643331000,77,Insert, ,78,"Dnes je vonku pekne, idem von so psom na dvor a budem tam asi hodinu, bude to "
wL7w4dmBmxSYXUEO9tYBUp6XaA22,1,1771464315466294000,1771464315458214000,78,Insert,f,79,"Dnes je vonku pekne, idem von so psom na dvor a budem tam asi hodinu, bude to f"
wL7w4dmBmxSYXUEO9tYBUp6XaA22,1,1771464315749647000,1771464315744209000,79,Insert,a,80,"Dnes je vonku pekne, idem von so psom na dvor a budem tam asi hodinu, bude to fa"
wL7w4dmBmxSYXUEO9tYBUp6XaA22,1,1771464316297461000,1771464316292631000,80,Insert,j,81,"Dnes je vonku pekne, idem von so psom na dvor a budem tam asi hodinu, bude to faj"
wL7w4dmBmxSYXUEO9tYBUp6XaA22,1,1771464316570945000,1771464316563746000,81,Insert,n,82,"Dnes je vonku pekne, idem von so psom na dvor a budem tam asi hodinu, bude to fajn"
wL7w4dmBmxSYXUEO9tYBUp6XaA22,1,1771464317715115000,1771464317708034000,82,Insert,.,83,"Dnes je vonku pekne, idem von so psom na dvor a budem tam asi hodinu, bude to fajn."
wL7w4dmBmxSYXUEO9tYBUp6XaA22,2,1771464319767347000,1771464319757969000,0,Insert,D,1,D
wL7w4dmBmxSYXUEO9tYBUp6XaA22,2,1771464320166396000,1771464320159518000,1,Insert,n,2,Dn
wL7w4dmBmxSYXUEO9tYBUp6XaA22,2,1771464320508163000,1771464320503983000,2,Insert,e,3,Dne
wL7w4dmBmxSYXUEO9tYBUp6XaA22,2,1771464320728172000,1771464320724000000,3,Insert,s,4,Dnes
wL7w4dmBmxSYXUEO9tYBUp6XaA22,2,1771464321091911000,1771464321084175000,4,Insert, ,5,Dnes 
wL7w4dmBmxSYXUEO9tYBUp6XaA22,2,1771464321471891000,1771464321468009000,5,Insert,j,6,Dnes j
wL7w4dmBmxSYXUEO9tYBUp6XaA22,2,1771464321819123000,1771464321812084000,6,Insert,e,7,Dnes je
wL7w4dmBmxSYXUEO9tYBUp6XaA22,2,1771464322961404000,1771464322952255000,7,Insert, ,8,Dnes je 
wL7w4dmBmxSYXUEO9tYBUp6XaA22,2,1771464323239415000,1771464323231347000,8,Insert,v,9,Dnes je v
wL7w4dmBmxSYXUEO9tYBUp6XaA22,2,1771464323727435000,1771464323719946000,9,Insert,o,10,Dnes je vo
wL7w4dmBmxSYXUEO9tYBUp6XaA22,2,1771464324293494000,1771464324285841000,10,Insert,n,11,Dnes je von
wL7w4dmBmxSYXUEO9tYBUp6XaA22,2,1771464325565882000,1771464325561001000,11,Insert,k,12,Dnes je vonk
wL7w4dmBmxSYXUEO9tYBUp6XaA22,2,1771464325921360000,1771464325917017000,12,Insert,u,13,Dnes je vonku
wL7w4dmBmxSYXUEO9tYBUp6XaA22,2,1771464326390842000,1771464326385865000,13,Insert, ,14,Dnes je vonku 
wL7w4dmBmxSYXUEO9tYBUp6XaA22,2,1771464327067728000,1771464327061070000,14,Insert,p,15,Dnes je vonku p
wL7w4dmBmxSYXUEO9tYBUp6XaA22,2,1771464327475169000,1771464327470934000,15,Insert,e,16,Dnes je vonku pe
wL7w4dmBmxSYXUEO9tYBUp6XaA22,2,1771464328089793000,1771464328085578000,16,Insert,k,17,Dnes je vonku pek
wL7w4dmBmxSYXUEO9tYBUp6XaA22,2,1771464328589920000,1771464328585968000,17,Insert,n,18,Dnes je vonku pekn
wL7w4dmBmxSYXUEO9tYBUp6XaA22,2,1771464328949067000,1771464328944481000,18,Insert,e,19,Dnes je vonku pekne
wL7w4dmBmxSYXUEO9tYBUp6XaA22,2,1771464329547136000,1771464329535887000,19,Insert,",",20,"Dnes je vonku pekne,"
wL7w4dmBmxSYXUEO9tYBUp6XaA22,2,1771464330168483000,1771464330161358000,20,Insert, ,21,"Dnes je vonku pekne, "
wL7w4dmBmxSYXUEO9tYBUp6XaA22,2,1771464330568349000,1771464330561536000,21,Insert,i,22,"Dnes je vonku pekne, i"
wL7w4dmBmxSYXUEO9tYBUp6XaA22,2,1771464331185996000,1771464331180757000,22,Insert,d,23,"Dnes je vonku pekne, id"
wL7w4dmBmxSYXUEO9tYBUp6XaA22,2,1771464331380411000,1771464331375960000,23,Insert,e,24,"Dnes je vonku pekne, ide"
wL7w4dmBmxSYXUEO9tYBUp6XaA22,2,1771464332276908000,1771464332269142000,24,Insert,m,25,"Dnes je vonku pekne, idem"
wL7w4dmBmxSYXUEO9tYBUp6XaA22,2,1771464332583100000,1771464332578162000,25,Insert, ,26,"Dnes je vonku pekne, idem "
wL7w4dmBmxSYXUEO9tYBUp6XaA22,2,1771464333236441000,1771464333230512000,26,Insert,v,27,"Dnes je vonku pekne, idem v"
wL7w4dmBmxSYXUEO9tYBUp6XaA22,2,1771464333598622000,1771464333593546000,27,Insert,o,28,"Dnes je vonku pekne, idem vo"
wL7w4dmBmxSYXUEO9tYBUp6XaA22,2,1771464334395609000,1771464334388926000,28,Insert,n,29,"Dnes je vonku pekne, idem von"
wL7w4dmBmxSYXUEO9tYBUp6XaA22,2,1771464334667392000,1771464334660609000,29,Insert, ,30,"Dnes je vonku pekne, idem von "
wL7w4dmBmxSYXUEO9tYBUp6XaA22,2,1771464336049761000,1771464336044868000,30,Insert,s,31,"Dnes je vonku pekne, idem von s"
wL7w4dmBmxSYXUEO9tYBUp6XaA22,2,1771464336439808000,1771464336434939000,31,Insert,o,32,"Dnes je vonku pekne, idem von so"
wL7w4dmBmxSYXUEO9tYBUp6XaA22,2,1771464336845935000,1771464336840738000,32,Insert, ,33,"Dnes je vonku pekne, idem von so "
wL7w4dmBmxSYXUEO9tYBUp6XaA22,2,1771464337276767000,1771464337269781000,33,Insert,p,34,"Dnes je vonku pekne, idem von so p"
wL7w4dmBmxSYXUEO9tYBUp6XaA22,2,1771464337994164000,1771464337986096000,34,Insert,s,35,"Dnes je vonku pekne, idem von so ps"
wL7w4dmBmxSYXUEO9tYBUp6XaA22,2,1771464338641843000,1771464338637443000,35,Insert,o,36,"Dnes je vonku pekne, idem von so pso"
wL7w4dmBmxSYXUEO9tYBUp6XaA22,2,1771464339267834000,1771464339258883000,36,Insert,m,37,"Dnes je vonku pekne, idem von so psom"
wL7w4dmBmxSYXUEO9tYBUp6XaA22,2,1771464340682348000,1771464340672930000,37,Insert, ,38,"Dnes je vonku pekne, idem von so psom "
wL7w4dmBmxSYXUEO9tYBUp6XaA22,2,1771464341787323000,1771464341780193000,38,Insert,n,39,"Dnes je vonku pekne, idem von so psom n"
wL7w4dmBmxSYXUEO9tYBUp6XaA22,2,1771464342142468000,1771464342137783000,39,Insert,a,40,"Dnes je vonku pekne, idem von so psom na"
wL7w4dmBmxSYXUEO9tYBUp6XaA22,2,1771464342704988000,1771464342696725000,40,Insert, ,41,"Dnes je vonku pekne, idem von so psom na "
wL7w4dmBmxSYXUEO9tYBUp6XaA22,2,1771464343179084000,1771464343172336000,41,Insert,d,42,"Dnes je vonku pekne, idem von so psom na d"
wL7w4dmBmxSYXUEO9tYBUp6XaA22,2,1771464343517168000,1771464343507958000,42,Insert,v,43,"Dnes je vonku pekne, idem von so psom na dv"
wL7w4dmBmxSYXUEO9tYBUp6XaA22,2,1771464343992476000,1771464343980492000,43,Insert,o,44,"Dnes je vonku pekne, idem von so psom na dvo"
wL7w4dmBmxSYXUEO9tYBUp6XaA22,2,1771464344375144000,1771464344367144000,44,Insert,r,45,"Dnes je vonku pekne, idem von so psom na dvor"
wL7w4dmBmxSYXUEO9tYBUp6XaA22,2,1771464345012176000,1771464345001879000,45,Insert, ,46,"Dnes je vonku pekne, idem von so psom na dvor "
wL7w4dmBmxSYXUEO9tYBUp6XaA22,2,1771464345534966000,1771464345530294000,46,Insert,a,47,"Dnes je vonku pekne, idem von so psom na dvor a"
wL7w4dmBmxSYXUEO9tYBUp6XaA22,2,1771464345852361000,1771464345844304000,47,Insert, ,48,"Dnes je vonku pekne, idem von so psom na dvor a "
wL7w4dmBmxSYXUEO9tYBUp6XaA22,2,1771464346143386000,1771464346136579000,48,Insert,b,49,"Dnes je vonku pekne, idem von so psom na dvor a b"
wL7w4dmBmxSYXUEO9tYBUp6XaA22,2,1771464346399835000,1771464346393149000,49,Insert,u,50,"Dnes je vonku pekne, idem von so psom na dvor a bu"
wL7w4dmBmxSYXUEO9tYBUp6XaA22,2,1771464346755406000,1771464346748292000,50,Insert,d,51,"Dnes je vonku pekne, idem von so psom na dvor a bud"
wL7w4dmBmxSYXUEO9tYBUp6XaA22,2,1771464346925209000,1771464346920087000,51,Insert,e,52,"Dnes je vonku pekne, idem von so psom na dvor a bude"
wL7w4dmBmxSYXUEO9tYBUp6XaA22,2,1771464347624050000,1771464347615719000,52,Insert,m,53,"Dnes je vonku pekne, idem von so psom na dvor a budem"
wL7w4dmBmxSYXUEO9tYBUp6XaA22,2,1771464348113784000,1771464348106068000,53,Insert, ,54,"Dnes je vonku pekne, idem von so psom na dvor a budem "
wL7w4dmBmxSYXUEO9tYBUp6XaA22,2,1771464348581886000,1771464348576799000,54,Insert,t,55,"Dnes je vonku pekne, idem von so psom na dvor a budem t"
wL7w4dmBmxSYXUEO9tYBUp6XaA22,2,1771464349456311000,1771464349446161000,55,Insert,a,56,"Dnes je vonku pekne, idem von so psom na dvor a budem ta"
wL7w4dmBmxSYXUEO9tYBUp6XaA22,2,1771464349820548000,1771464349814056000,56,Insert,m,57,"Dnes je vonku pekne, idem von so psom na dvor a budem tam"
wL7w4dmBmxSYXUEO9tYBUp6XaA22,2,1771464350563949000,1771464350551595000,57,Insert, ,58,"Dnes je vonku pekne, idem von so psom na dvor a budem tam "
wL7w4dmBmxSYXUEO9tYBUp6XaA22,2,1771464351161968000,1771464351156515000,58,Insert,a,59,"Dnes je vonku pekne, idem von so psom na dvor a budem tam a"
wL7w4dmBmxSYXUEO9tYBUp6XaA22,2,1771464351398432000,1771464351386483000,59,Insert,s,60,"Dnes je vonku pekne, idem von so psom na dvor a budem tam as"
wL7w4dmBmxSYXUEO9tYBUp6XaA22,2,1771464351840853000,1771464351833217000,60,Insert,i,61,"Dnes je vonku pekne, idem von so psom na dvor a budem tam asi"
wL7w4dmBmxSYXUEO9tYBUp6XaA22,2,1771464352229579000,1771464352221785000,61,Insert, ,62,"Dnes je vonku pekne, idem von so psom na dvor a budem tam asi "
wL7w4dmBmxSYXUEO9tYBUp6XaA22,2,1771464352667113000,1771464352659972000,62,Insert,h,63,"Dnes je vonku pekne, idem von so psom na dvor a budem tam asi h"
wL7w4dmBmxSYXUEO9tYBUp6XaA22,2,1771464353034397000,1771464353026532000,63,Insert,o,64,"Dnes je vonku pekne, idem von so psom na dvor a budem tam asi ho"
wL7w4dmBmxSYXUEO9tYBUp6XaA22,2,1771464353623164000,1771464353613244000,64,Insert,d,65,"Dnes je vonku pekne, idem von so psom na dvor a budem tam asi hod"
wL7w4dmBmxSYXUEO9tYBUp6XaA22,2,1771464354101607000,1771464354094083000,65,Insert,i,66,"Dnes je vonku pekne, idem von so psom na dvor a budem tam asi hodi"
wL7w4dmBmxSYXUEO9tYBUp6XaA22,2,1771464354664726000,1771464354657415000,66,Insert,n,67,"Dnes je vonku pekne, idem von so psom na dvor a budem tam asi hodin"
wL7w4dmBmxSYXUEO9tYBUp6XaA22,2,1771464355111646000,1771464355105263000,67,Insert,u,68,"Dnes je vonku pekne, idem von so psom na dvor a budem tam asi hodinu"
wL7w4dmBmxSYXUEO9tYBUp6XaA22,2,1771464356014257000,1771464356006444000,68,Insert,",",69,"Dnes je vonku pekne, idem von so psom na dvor a budem tam asi hodinu,"
wL7w4dmBmxSYXUEO9tYBUp6XaA22,2,1771464356387765000,1771464356380875000,69,Insert, ,70,"Dnes je vonku pekne, idem von so psom na dvor a budem tam asi hodinu, "
wL7w4dmBmxSYXUEO9tYBUp6XaA22,2,1771464356796847000,1771464356790082000,70,Insert,b,71,"Dnes je vonku pekne, idem von so psom na dvor a budem tam asi hodinu, b"
wL7w4dmBmxSYXUEO9tYBUp6XaA22,2,1771464357011880000,1771464357006327000,71,Insert,u,72,"Dnes je vonku pekne, idem von so psom na dvor a budem tam asi hodinu, bu"
wL7w4dmBmxSYXUEO9tYBUp6XaA22,2,1771464357426608000,1771464357419657000,72,Insert,d,73,"Dnes je vonku pekne, idem von so psom na dvor a budem tam asi hodinu, bud"
wL7w4dmBmxSYXUEO9tYBUp6XaA22,2,1771464357588514000,1771464357580739000,73,Insert,e,74,"Dnes je vonku pekne, idem von so psom na dvor a budem tam asi hodinu, bude"
wL7w4dmBmxSYXUEO9tYBUp6XaA22,2,1771464357886625000,1771464357879440000,74,Insert, ,75,"Dnes je vonku pekne, idem von so psom na dvor a budem tam asi hodinu, bude "
wL7w4dmBmxSYXUEO9tYBUp6XaA22,2,1771464358262363000,1771464358252463000,75,Insert,t,76,"Dnes je vonku pekne, idem von so psom na dvor a budem tam asi hodinu, bude t"
wL7w4dmBmxSYXUEO9tYBUp6XaA22,2,1771464358812061000,1771464358806284000,76,Insert,o,77,"Dnes je vonku pekne, idem von so psom na dvor a budem tam asi hodinu, bude to"
wL7w4dmBmxSYXUEO9tYBUp6XaA22,2,1771464359321241000,1771464359316628000,77,Insert, ,78,"Dnes je vonku pekne, idem von so psom na dvor a budem tam asi hodinu, bude to "
wL7w4dmBmxSYXUEO9tYBUp6XaA22,2,1771464359663562000,1771464359658859000,78,Insert,f,79,"Dnes je vonku pekne, idem von so psom na dvor a budem tam asi hodinu, bude to f"
wL7w4dmBmxSYXUEO9tYBUp6XaA22,2,1771464359975096000,1771464359967598000,79,Insert,a,80,"Dnes je vonku pekne, idem von so psom na dvor a budem tam asi hodinu, bude to fa"
wL7w4dmBmxSYXUEO9tYBUp6XaA22,2,1771464360431539000,1771464360426157000,80,Insert,j,81,"Dnes je vonku pekne, idem von so psom na dvor a budem tam asi hodinu, bude to faj"
wL7w4dmBmxSYXUEO9tYBUp6XaA22,2,1771464360704079000,1771464360697232000,81,Insert,n,82,"Dnes je vonku pekne, idem von so psom na dvor a budem tam asi hodinu, bude to fajn"
wL7w4dmBmxSYXUEO9tYBUp6XaA22,2,1771464361021246000,1771464361016805000,82,Insert, ,83,"Dnes je vonku pekne, idem von so psom na dvor a budem tam asi hodinu, bude to fajn "
wL7w4dmBmxSYXUEO9tYBUp6XaA22,2,1771464361798406000,1771464361792782000,83,Delete, ,82,"Dnes je vonku pekne, idem von so psom na dvor a budem tam asi hodinu, bude to fajn"
wL7w4dmBmxSYXUEO9tYBUp6XaA22,2,1771464362259588000,1771464362246513000,82,Insert,.,83,"Dnes je vonku pekne, idem von so psom na dvor a budem tam asi hodinu, bude to fajn."
wL7w4dmBmxSYXUEO9tYBUp6XaA22,3,1771464364505280000,1771464364501719000,0,Insert,D,1,D
wL7w4dmBmxSYXUEO9tYBUp6XaA22,3,1771464364862265000,1771464364855959000,1,Insert,n,2,Dn
wL7w4dmBmxSYXUEO9tYBUp6XaA22,3,1771464365161059000,1771464365154347000,2,Insert,e,3,Dne
wL7w4dmBmxSYXUEO9tYBUp6XaA22,3,1771464365354930000,1771464365351029000,3,Insert,s,4,Dnes
wL7w4dmBmxSYXUEO9tYBUp6XaA22,3,1771464365599606000,1771464365592461000,4,Insert, ,5,Dnes 
wL7w4dmBmxSYXUEO9tYBUp6XaA22,3,1771464365895334000,1771464365888314000,5,Insert,j,6,Dnes j
wL7w4dmBmxSYXUEO9tYBUp6XaA22,3,1771464366179239000,1771464366175390000,6,Insert,e,7,Dnes je
wL7w4dmBmxSYXUEO9tYBUp6XaA22,3,1771464366526423000,1771464366518830000,7,Insert, ,8,Dnes je 
wL7w4dmBmxSYXUEO9tYBUp6XaA22,3,1771464366855908000,1771464366847853000,8,Insert,v,9,Dnes je v
wL7w4dmBmxSYXUEO9tYBUp6XaA22,3,1771464367121805000,1771464367117596000,9,Insert,k,10,Dnes je vk
wL7w4dmBmxSYXUEO9tYBUp6XaA22,3,1771464367871003000,1771464367865753000,10,Delete,k,9,Dnes je v
wL7w4dmBmxSYXUEO9tYBUp6XaA22,3,1771464368177641000,1771464368173229000,9,Insert,o,10,Dnes je vo
wL7w4dmBmxSYXUEO9tYBUp6XaA22,3,1771464368874451000,1771464368865853000,10,Insert,n,11,Dnes je von
wL7w4dmBmxSYXUEO9tYBUp6XaA22,3,1771464369151775000,1771464369145004000,11,Insert,k,12,Dnes je vonk
wL7w4dmBmxSYXUEO9tYBUp6XaA22,3,1771464369374093000,1771464369366940000,12,Insert,u,13,Dnes je vonku
wL7w4dmBmxSYXUEO9tYBUp6XaA22,3,1771464371352990000,1771464371343301000,13,Insert, ,14,Dnes je vonku 
wL7w4dmBmxSYXUEO9tYBUp6XaA22,3,1771464371748829000,1771464371744792000,14,Insert,p,15,Dnes je vonku p
wL7w4dmBmxSYXUEO9tYBUp6XaA22,3,1771464372135403000,1771464372131244000,15,Insert,e,16,Dnes je vonku pe
wL7w4dmBmxSYXUEO9tYBUp6XaA22,3,1771464372536275000,1771464372532149000,16,Insert,k,17,Dnes je vonku pek
wL7w4dmBmxSYXUEO9tYBUp6XaA22,3,1771464372790698000,1771464372784566000,17,Insert,n,18,Dnes je vonku pekn
wL7w4dmBmxSYXUEO9tYBUp6XaA22,3,1771464373265732000,1771464373259270000,18,Insert,e,19,Dnes je vonku pekne
wL7w4dmBmxSYXUEO9tYBUp6XaA22,3,1771464374268405000,1771464374261338000,19,Insert,",",20,"Dnes je vonku pekne,"
wL7w4dmBmxSYXUEO9tYBUp6XaA22,3,1771464374533527000,1771464374526824000,20,Insert, ,21,"Dnes je vonku pekne, "
wL7w4dmBmxSYXUEO9tYBUp6XaA22,3,1771464374936732000,1771464374930080000,21,Insert,i,22,"Dnes je vonku pekne, i"
wL7w4dmBmxSYXUEO9tYBUp6XaA22,3,1771464375376243000,1771464375368859000,22,Insert,d,23,"Dnes je vonku pekne, id"
wL7w4dmBmxSYXUEO9tYBUp6XaA22,3,1771464375591228000,1771464375584216000,23,Insert,e,24,"Dnes je vonku pekne, ide"
wL7w4dmBmxSYXUEO9tYBUp6XaA22,3,1771464376203963000,1771464376195740000,24,Insert,m,25,"Dnes je vonku pekne, idem"
wL7w4dmBmxSYXUEO9tYBUp6XaA22,3,1771464376543528000,1771464376534549000,25,Insert, ,26,"Dnes je vonku pekne, idem "
wL7w4dmBmxSYXUEO9tYBUp6XaA22,3,1771464377173961000,1771464377169821000,26,Insert,v,27,"Dnes je vonku pekne, idem v"
wL7w4dmBmxSYXUEO9tYBUp6XaA22,3,1771464377563024000,1771464377555644000,27,Insert,o,28,"Dnes je vonku pekne, idem vo"
wL7w4dmBmxSYXUEO9tYBUp6XaA22,3,1771464378036727000,1771464378029941000,28,Insert,n,29,"Dnes je vonku pekne, idem von"
wL7w4dmBmxSYXUEO9tYBUp6XaA22,3,1771464378292083000,1771464378284627000,29,Insert, ,30,"Dnes je vonku pekne, idem von "
wL7w4dmBmxSYXUEO9tYBUp6XaA22,3,1771464378785838000,1771464378781149000,30,Insert,s,31,"Dnes je vonku pekne, idem von s"
wL7w4dmBmxSYXUEO9tYBUp6XaA22,3,1771464379710646000,1771464379704056000,31,Insert,o,32,"Dnes je vonku pekne, idem von so"
wL7w4dmBmxSYXUEO9tYBUp6XaA22,3,1771464380089713000,1771464380082443000,32,Insert, ,33,"Dnes je vonku pekne, idem von so "
wL7w4dmBmxSYXUEO9tYBUp6XaA22,3,1771464380638248000,1771464380633483000,33,Insert,p,34,"Dnes je vonku pekne, idem von so p"
wL7w4dmBmxSYXUEO9tYBUp6XaA22,3,1771464381051730000,1771464381042410000,34,Insert,s,35,"Dnes je vonku pekne, idem von so ps"
wL7w4dmBmxSYXUEO9tYBUp6XaA22,3,1771464381530475000,1771464381524809000,35,Insert,o,36,"Dnes je vonku pekne, idem von so pso"
wL7w4dmBmxSYXUEO9tYBUp6XaA22,3,1771464381967345000,1771464381961490000,36,Insert,m,37,"Dnes je vonku pekne, idem von so psom"
wL7w4dmBmxSYXUEO9tYBUp6XaA22,3,1771464382252766000,1771464382248574000,37,Insert, ,38,"Dnes je vonku pekne, idem von so psom "
wL7w4dmBmxSYXUEO9tYBUp6XaA22,3,1771464382490110000,1771464382483685000,38,Insert,n,39,"Dnes je vonku pekne, idem von so psom n"
wL7w4dmBmxSYXUEO9tYBUp6XaA22,3,1771464382874790000,1771464382870850000,39,Insert,a,40,"Dnes je vonku pekne, idem von so psom na"
wL7w4dmBmxSYXUEO9tYBUp6XaA22,3,1771464383142547000,1771464383135221000,40,Insert, ,41,"Dnes je vonku pekne, idem von so psom na "
wL7w4dmBmxSYXUEO9tYBUp6XaA22,3,1771464383414130000,1771464383407567000,41,Insert,d,42,"Dnes je vonku pekne, idem von so psom na d"
wL7w4dmBmxSYXUEO9tYBUp6XaA22,3,1771464383765080000,1771464383759997000,42,Insert,v,43,"Dnes je vonku pekne, idem von so psom na dv"
wL7w4dmBmxSYXUEO9tYBUp6XaA22,3,1771464384115148000,1771464384107540000,43,Insert,i,44,"Dnes je vonku pekne, idem von so psom na dvi"
wL7w4dmBmxSYXUEO9tYBUp6XaA22,3,1771464384538603000,1771464384531693000,44,Insert,r,45,"Dnes je vonku pekne, idem von so psom na dvir"
wL7w4dmBmxSYXUEO9tYBUp6XaA22,3,1771464384831658000,1771464384824333000,45,Insert, ,46,"Dnes je vonku pekne, idem von so psom na dvir "
wL7w4dmBmxSYXUEO9tYBUp6XaA22,3,1771464385445104000,1771464385438930000,46,Delete, ,45,"Dnes je vonku pekne, idem von so psom na dvir"
wL7w4dmBmxSYXUEO9tYBUp6XaA22,3,1771464385628844000,1771464385625427000,45,Delete,r,44,"Dnes je vonku pekne, idem von so psom na dvi"
wL7w4dmBmxSYXUEO9tYBUp6XaA22,3,1771464385806710000,1771464385803285000,44,Delete,i,43,"Dnes je vonku pekne, idem von so psom na dv"
wL7w4dmBmxSYXUEO9tYBUp6XaA22,3,1771464386376357000,1771464386368949000,43,Insert,o,44,"Dnes je vonku pekne, idem von so psom na dvo"
wL7w4dmBmxSYXUEO9tYBUp6XaA22,3,1771464386952570000,1771464386947875000,44,Insert,r,45,"Dnes je vonku pekne, idem von so psom na dvor"
wL7w4dmBmxSYXUEO9tYBUp6XaA22,3,1771464387710735000,1771464387696626000,45,Insert, ,46,"Dnes je vonku pekne, idem von so psom na dvor "
wL7w4dmBmxSYXUEO9tYBUp6XaA22,3,1771464388055278000,1771464388050165000,46,Insert,a,47,"Dnes je vonku pekne, idem von so psom na dvor a"
wL7w4dmBmxSYXUEO9tYBUp6XaA22,3,1771464388386703000,1771464388379150000,47,Insert, ,48,"Dnes je vonku pekne, idem von so psom na dvor a "
wL7w4dmBmxSYXUEO9tYBUp6XaA22,3,1771464388680455000,1771464388672601000,48,Insert,b,49,"Dnes je vonku pekne, idem von so psom na dvor a b"
wL7w4dmBmxSYXUEO9tYBUp6XaA22,3,1771464388971009000,1771464388963294000,49,Insert,u,50,"Dnes je vonku pekne, idem von so psom na dvor a bu"
wL7w4dmBmxSYXUEO9tYBUp6XaA22,3,1771464389357138000,1771464389353249000,50,Insert,d,51,"Dnes je vonku pekne, idem von so psom na dvor a bud"
wL7w4dmBmxSYXUEO9tYBUp6XaA22,3,1771464389538468000,1771464389534157000,51,Insert,e,52,"Dnes je vonku pekne, idem von so psom na dvor a bude"
wL7w4dmBmxSYXUEO9tYBUp6XaA22,3,1771464389976340000,1771464389968420000,52,Insert,m,53,"Dnes je vonku pekne, idem von so psom na dvor a budem"
wL7w4dmBmxSYXUEO9tYBUp6XaA22,3,1771464390227605000,1771464390220905000,53,Insert, ,54,"Dnes je vonku pekne, idem von so psom na dvor a budem "
wL7w4dmBmxSYXUEO9tYBUp6XaA22,3,1771464391224318000,1771464391214760000,54,Insert,t,55,"Dnes je vonku pekne, idem von so psom na dvor a budem t"
wL7w4dmBmxSYXUEO9tYBUp6XaA22,3,1771464391508002000,1771464391498996000,55,Insert,a,56,"Dnes je vonku pekne, idem von so psom na dvor a budem ta"
wL7w4dmBmxSYXUEO9tYBUp6XaA22,3,1771464392237656000,1771464392229563000,56,Insert,m,57,"Dnes je vonku pekne, idem von so psom na dvor a budem tam"
wL7w4dmBmxSYXUEO9tYBUp6XaA22,3,1771464392493075000,1771464392483957000,57,Insert, ,58,"Dnes je vonku pekne, idem von so psom na dvor a budem tam "
wL7w4dmBmxSYXUEO9tYBUp6XaA22,3,1771464393433194000,1771464393428738000,58,Insert,a,59,"Dnes je vonku pekne, idem von so psom na dvor a budem tam a"
wL7w4dmBmxSYXUEO9tYBUp6XaA22,3,1771464393631529000,1771464393627162000,59,Insert,s,60,"Dnes je vonku pekne, idem von so psom na dvor a budem tam as"
wL7w4dmBmxSYXUEO9tYBUp6XaA22,3,1771464394099332000,1771464394091283000,60,Insert,i,61,"Dnes je vonku pekne, idem von so psom na dvor a budem tam asi"
wL7w4dmBmxSYXUEO9tYBUp6XaA22,3,1771464394467171000,1771464394462686000,61,Insert, ,62,"Dnes je vonku pekne, idem von so psom na dvor a budem tam asi "
wL7w4dmBmxSYXUEO9tYBUp6XaA22,3,1771464394930382000,1771464394922732000,62,Insert,h,63,"Dnes je vonku pekne, idem von so psom na dvor a budem tam asi h"
wL7w4dmBmxSYXUEO9tYBUp6XaA22,3,1771464395396480000,1771464395389112000,63,Insert,o,64,"Dnes je vonku pekne, idem von so psom na dvor a budem tam asi ho"
wL7w4dmBmxSYXUEO9tYBUp6XaA22,3,1771464396292149000,1771464396286767000,64,Insert,d,65,"Dnes je vonku pekne, idem von so psom na dvor a budem tam asi hod"
wL7w4dmBmxSYXUEO9tYBUp6XaA22,3,1771464396646176000,1771464396639478000,65,Insert,i,66,"Dnes je vonku pekne, idem von so psom na dvor a budem tam asi hodi"
wL7w4dmBmxSYXUEO9tYBUp6XaA22,3,1771464397103384000,1771464397098635000,66,Insert,n,67,"Dnes je vonku pekne, idem von so psom na dvor a budem tam asi hodin"
wL7w4dmBmxSYXUEO9tYBUp6XaA22,3,1771464397419329000,1771464397411587000,67,Insert,t,68,"Dnes je vonku pekne, idem von so psom na dvor a budem tam asi hodint"
wL7w4dmBmxSYXUEO9tYBUp6XaA22,3,1771464398202649000,1771464398195835000,68,Delete,t,67,"Dnes je vonku pekne, idem von so psom na dvor a budem tam asi hodin"
wL7w4dmBmxSYXUEO9tYBUp6XaA22,3,1771464398593114000,1771464398582004000,67,Insert,u,68,"Dnes je vonku pekne, idem von so psom na dvor a budem tam asi hodinu"
wL7w4dmBmxSYXUEO9tYBUp6XaA22,3,1771464418726463000,1771464418718728000,68,Insert,",",69,"Dnes je vonku pekne, idem von so psom na dvor a budem tam asi hodinu,"
wL7w4dmBmxSYXUEO9tYBUp6XaA22,3,1771464419073576000,1771464419065433000,69,Insert, ,70,"Dnes je vonku pekne, idem von so psom na dvor a budem tam asi hodinu, "
wL7w4dmBmxSYXUEO9tYBUp6XaA22,3,1771464419372122000,1771464419363842000,70,Insert,b,71,"Dnes je vonku pekne, idem von so psom na dvor a budem tam asi hodinu, b"
wL7w4dmBmxSYXUEO9tYBUp6XaA22,3,1771464419597557000,1771464419588982000,71,Insert,u,72,"Dnes je vonku pekne, idem von so psom na dvor a budem tam asi hodinu, bu"
wL7w4dmBmxSYXUEO9tYBUp6XaA22,3,1771464420042449000,1771464420035171000,72,Insert,d,73,"Dnes je vonku pekne, idem von so psom na dvor a budem tam asi hodinu, bud"
wL7w4dmBmxSYXUEO9tYBUp6XaA22,3,1771464420221468000,1771464420215045000,73,Insert,e,74,"Dnes je vonku pekne, idem von so psom na dvor a budem tam asi hodinu, bude"
wL7w4dmBmxSYXUEO9tYBUp6XaA22,3,1771464420515571000,1771464420510802000,74,Insert, ,75,"Dnes je vonku pekne, idem von so psom na dvor a budem tam asi hodinu, bude "
wL7w4dmBmxSYXUEO9tYBUp6XaA22,3,1771464421157393000,1771464421148623000,75,Insert,t,76,"Dnes je vonku pekne, idem von so psom na dvor a budem tam asi hodinu, bude t"
wL7w4dmBmxSYXUEO9tYBUp6XaA22,3,1771464421467081000,1771464421460714000,76,Insert,o,77,"Dnes je vonku pekne, idem von so psom na dvor a budem tam asi hodinu, bude to"
wL7w4dmBmxSYXUEO9tYBUp6XaA22,3,1771464421850215000,1771464421845441000,77,Insert, ,78,"Dnes je vonku pekne, idem von so psom na dvor a budem tam asi hodinu, bude to "
wL7w4dmBmxSYXUEO9tYBUp6XaA22,3,1771464422176320000,1771464422168491000,78,Insert,f,79,"Dnes je vonku pekne, idem von so psom na dvor a budem tam asi hodinu, bude to f"
wL7w4dmBmxSYXUEO9tYBUp6XaA22,3,1771464422470946000,1771464422464218000,79,Insert,a,80,"Dnes je vonku pekne, idem von so psom na dvor a budem tam asi hodinu, bude to fa"
wL7w4dmBmxSYXUEO9tYBUp6XaA22,3,1771464422967388000,1771464422961259000,80,Insert,j,81,"Dnes je vonku pekne, idem von so psom na dvor a budem tam asi hodinu, bude to faj"
wL7w4dmBmxSYXUEO9tYBUp6XaA22,3,1771464423195040000,1771464423189596000,81,Insert,n,82,"Dnes je vonku pekne, idem von so psom na dvor a budem tam asi hodinu, bude to fajn"
wL7w4dmBmxSYXUEO9tYBUp6XaA22,3,1771464424037492000,1771464424028749000,82,Insert,.,83,"Dnes je vonku pekne, idem von so psom na dvor a budem tam asi hodinu, bude to fajn."
wL7w4dmBmxSYXUEO9tYBUp6XaA22,4,1771464425785945000,1771464425782127000,0,Insert,D,1,D
wL7w4dmBmxSYXUEO9tYBUp6XaA22,4,1771464426080477000,1771464426076641000,1,Insert,n,2,Dn
wL7w4dmBmxSYXUEO9tYBUp6XaA22,4,1771464426424488000,1771464426417001000,2,Insert,e,3,Dne
wL7w4dmBmxSYXUEO9tYBUp6XaA22,4,1771464426634445000,1771464426626602000,3,Insert,s,4,Dnes
wL7w4dmBmxSYXUEO9tYBUp6XaA22,4,1771464426911522000,1771464426907507000,4,Insert, ,5,Dnes 
wL7w4dmBmxSYXUEO9tYBUp6XaA22,4,1771464427258219000,1771464427249582000,5,Insert,j,6,Dnes j
wL7w4dmBmxSYXUEO9tYBUp6XaA22,4,1771464427553621000,1771464427546887000,6,Insert,e,7,Dnes je
wL7w4dmBmxSYXUEO9tYBUp6XaA22,4,1771464427959970000,1771464427954826000,7,Insert, ,8,Dnes je 
wL7w4dmBmxSYXUEO9tYBUp6XaA22,4,1771464428171913000,1771464428165378000,8,Insert,v,9,Dnes je v
wL7w4dmBmxSYXUEO9tYBUp6XaA22,4,1771464428540824000,1771464428533245000,9,Insert,i,10,Dnes je vi
wL7w4dmBmxSYXUEO9tYBUp6XaA22,4,1771464429339592000,1771464429331888000,10,Insert,n,11,Dnes je vin
wL7w4dmBmxSYXUEO9tYBUp6XaA22,4,1771464429602418000,1771464429595220000,11,Insert,k,12,Dnes je vink
wL7w4dmBmxSYXUEO9tYBUp6XaA22,4,1771464429787472000,1771464429783455000,12,Insert,u,13,Dnes je vinku
wL7w4dmBmxSYXUEO9tYBUp6XaA22,4,1771464430434853000,1771464430426721000,13,Delete,u,12,Dnes je vink
wL7w4dmBmxSYXUEO9tYBUp6XaA22,4,1771464430598376000,1771464430595448000,12,Delete,k,11,Dnes je vin
wL7w4dmBmxSYXUEO9tYBUp6XaA22,4,1771464430806787000,1771464430804180000,11,Delete,n,10,Dnes je vi
wL7w4dmBmxSYXUEO9tYBUp6XaA22,4,1771464430976350000,1771464430973870000,10,Delete,i,9,Dnes je v
wL7w4dmBmxSYXUEO9tYBUp6XaA22,4,1771464431786588000,1771464431779644000,9,Insert,o,10,Dnes je vo
wL7w4dmBmxSYXUEO9tYBUp6XaA22,4,1771464432243437000,1771464432237196000,10,Insert,n,11,Dnes je von
wL7w4dmBmxSYXUEO9tYBUp6XaA22,4,1771464432498370000,1771464432492046000,11,Insert,k,12,Dnes je vonk
wL7w4dmBmxSYXUEO9tYBUp6XaA22,4,1771464432724632000,1771464432718751000,12,Insert,z,13,Dnes je vonkz
wL7w4dmBmxSYXUEO9tYBUp6XaA22,4,1771464433003607000,1771464432994711000,13,Insert, ,14,Dnes je vonkz 
wL7w4dmBmxSYXUEO9tYBUp6XaA22,4,1771464433588004000,1771464433582646000,14,Delete, ,13,Dnes je vonkz
wL7w4dmBmxSYXUEO9tYBUp6XaA22,4,1771464433749762000,1771464433746079000,13,Delete,z,12,Dnes je vonk
wL7w4dmBmxSYXUEO9tYBUp6XaA22,4,1771464434786320000,1771464434781194000,12,Insert,u,13,Dnes je vonku
wL7w4dmBmxSYXUEO9tYBUp6XaA22,4,1771464435069192000,1771464435062948000,13,Insert, ,14,Dnes je vonku 
wL7w4dmBmxSYXUEO9tYBUp6XaA22,4,1771464435496700000,1771464435491299000,14,Insert,p,15,Dnes je vonku p
wL7w4dmBmxSYXUEO9tYBUp6XaA22,4,1771464435912269000,1771464435908092000,15,Insert,e,16,Dnes je vonku pe
wL7w4dmBmxSYXUEO9tYBUp6XaA22,4,1771464436329338000,1771464436321992000,16,Insert,k,17,Dnes je vonku pek
wL7w4dmBmxSYXUEO9tYBUp6XaA22,4,1771464436560361000,1771464436552961000,17,Insert,n,18,Dnes je vonku pekn
wL7w4dmBmxSYXUEO9tYBUp6XaA22,4,1771464437128971000,1771464437123015000,18,Insert,e,19,Dnes je vonku pekne
wL7w4dmBmxSYXUEO9tYBUp6XaA22,4,1771464437873620000,1771464437865178000,19,Insert,",",20,"Dnes je vonku pekne,"
wL7w4dmBmxSYXUEO9tYBUp6XaA22,4,1771464438594903000,1771464438587788000,20,Insert, ,21,"Dnes je vonku pekne, "
wL7w4dmBmxSYXUEO9tYBUp6XaA22,4,1771464439089001000,1771464439084229000,21,Insert,i,22,"Dnes je vonku pekne, i"
wL7w4dmBmxSYXUEO9tYBUp6XaA22,4,1771464439590192000,1771464439584021000,22,Insert,d,23,"Dnes je vonku pekne, id"
wL7w4dmBmxSYXUEO9tYBUp6XaA22,4,1771464439793036000,1771464439786831000,23,Insert,e,24,"Dnes je vonku pekne, ide"
wL7w4dmBmxSYXUEO9tYBUp6XaA22,4,1771464440533561000,1771464440529120000,24,Insert,m,25,"Dnes je vonku pekne, idem"
wL7w4dmBmxSYXUEO9tYBUp6XaA22,4,1771464440903516000,1771464440896596000,25,Insert, ,26,"Dnes je vonku pekne, idem "
wL7w4dmBmxSYXUEO9tYBUp6XaA22,4,1771464441528145000,1771464441521374000,26,Insert,v,27,"Dnes je vonku pekne, idem v"
wL7w4dmBmxSYXUEO9tYBUp6XaA22,4,1771464441943035000,1771464441936423000,27,Insert,o,28,"Dnes je vonku pekne, idem vo"
wL7w4dmBmxSYXUEO9tYBUp6XaA22,4,1771464442422027000,1771464442415349000,28,Insert,n,29,"Dnes je vonku pekne, idem von"
wL7w4dmBmxSYXUEO9tYBUp6XaA22,4,1771464442768286000,1771464442760146000,29,Insert, ,30,"Dnes je vonku pekne, idem von "
wL7w4dmBmxSYXUEO9tYBUp6XaA22,4,1771464443610920000,1771464443603638000,30,Insert,s,31,"Dnes je vonku pekne, idem von s"
wL7w4dmBmxSYXUEO9tYBUp6XaA22,4,1771464444107703000,1771464444103653000,31,Insert,o,32,"Dnes je vonku pekne, idem von so"
wL7w4dmBmxSYXUEO9tYBUp6XaA22,4,1771464444569000000,1771464444562180000,32,Insert, ,33,"Dnes je vonku pekne, idem von so "
wL7w4dmBmxSYXUEO9tYBUp6XaA22,4,1771464445006023000,1771464445001596000,33,Insert,p,34,"Dnes je vonku pekne, idem von so p"
wL7w4dmBmxSYXUEO9tYBUp6XaA22,4,1771464445583989000,1771464445574419000,34,Insert,s,35,"Dnes je vonku pekne, idem von so ps"
wL7w4dmBmxSYXUEO9tYBUp6XaA22,4,1771464446045362000,1771464446038082000,35,Insert,o,36,"Dnes je vonku pekne, idem von so pso"
wL7w4dmBmxSYXUEO9tYBUp6XaA22,4,1771464446600814000,1771464446596742000,36,Insert,m,37,"Dnes je vonku pekne, idem von so psom"
wL7w4dmBmxSYXUEO9tYBUp6XaA22,4,1771464447004206000,1771464446994879000,37,Insert, ,38,"Dnes je vonku pekne, idem von so psom "
wL7w4dmBmxSYXUEO9tYBUp6XaA22,4,1771464447756782000,1771464447746863000,38,Insert,n,39,"Dnes je vonku pekne, idem von so psom n"
wL7w4dmBmxSYXUEO9tYBUp6XaA22,4,1771464448129508000,1771464448122836000,39,Insert,a,40,"Dnes je vonku pekne, idem von so psom na"
wL7w4dmBmxSYXUEO9tYBUp6XaA22,4,1771464448430740000,1771464448426413000,40,Insert, ,41,"Dnes je vonku pekne, idem von so psom na "
wL7w4dmBmxSYXUEO9tYBUp6XaA22,4,1771464448799860000,1771464448795734000,41,Insert,d,42,"Dnes je vonku pekne, idem von so psom na d"
wL7w4dmBmxSYXUEO9tYBUp6XaA22,4,1771464449349799000,1771464449345828000,42,Insert,v,43,"Dnes je vonku pekne, idem von so psom na dv"
wL7w4dmBmxSYXUEO9tYBUp6XaA22,4,1771464449767345000,1771464449760802000,43,Insert,o,44,"Dnes je vonku pekne, idem von so psom na dvo"
wL7w4dmBmxSYXUEO9tYBUp6XaA22,4,1771464450235071000,1771464450228595000,44,Insert,r,45,"Dnes je vonku pekne, idem von so psom na dvor"
wL7w4dmBmxSYXUEO9tYBUp6XaA22,4,1771464450872585000,1771464450860543000,45,Insert, ,46,"Dnes je vonku pekne, idem von so psom na dvor "
wL7w4dmBmxSYXUEO9tYBUp6XaA22,4,1771464451216445000,1771464451209915000,46,Insert,a,47,"Dnes je vonku pekne, idem von so psom na dvor a"
wL7w4dmBmxSYXUEO9tYBUp6XaA22,4,1771464451809061000,1771464451799259000,47,Insert, ,48,"Dnes je vonku pekne, idem von so psom na dvor a "
wL7w4dmBmxSYXUEO9tYBUp6XaA22,4,1771464452142945000,1771464452137988000,48,Insert,b,49,"Dnes je vonku pekne, idem von so psom na dvor a b"
wL7w4dmBmxSYXUEO9tYBUp6XaA22,4,1771464452424963000,1771464452415076000,49,Insert,u,50,"Dnes je vonku pekne, idem von so psom na dvor a bu"
wL7w4dmBmxSYXUEO9tYBUp6XaA22,4,1771464452878705000,1771464452872297000,50,Insert,d,51,"Dnes je vonku pekne, idem von so psom na dvor a bud"
wL7w4dmBmxSYXUEO9tYBUp6XaA22,4,1771464453071003000,1771464453066166000,51,Insert,e,52,"Dnes je vonku pekne, idem von so psom na dvor a bude"
wL7w4dmBmxSYXUEO9tYBUp6XaA22,4,1771464453452443000,1771464453445347000,52,Insert,m,53,"Dnes je vonku pekne, idem von so psom na dvor a budem"
wL7w4dmBmxSYXUEO9tYBUp6XaA22,4,1771464453699751000,1771464453692665000,53,Insert, ,54,"Dnes je vonku pekne, idem von so psom na dvor a budem "
wL7w4dmBmxSYXUEO9tYBUp6XaA22,4,1771464454014577000,1771464454008169000,54,Insert,t,55,"Dnes je vonku pekne, idem von so psom na dvor a budem t"
wL7w4dmBmxSYXUEO9tYBUp6XaA22,4,1771464454431550000,1771464454425273000,55,Insert,a,56,"Dnes je vonku pekne, idem von so psom na dvor a budem ta"
wL7w4dmBmxSYXUEO9tYBUp6XaA22,4,1771464454895307000,1771464454890397000,56,Insert,m,57,"Dnes je vonku pekne, idem von so psom na dvor a budem tam"
wL7w4dmBmxSYXUEO9tYBUp6XaA22,4,1771464457604490000,1771464457594917000,57,Insert, ,58,"Dnes je vonku pekne, idem von so psom na dvor a budem tam "
wL7w4dmBmxSYXUEO9tYBUp6XaA22,4,1771464457983569000,1771464457972044000,58,Insert,a,59,"Dnes je vonku pekne, idem von so psom na dvor a budem tam a"
wL7w4dmBmxSYXUEO9tYBUp6XaA22,4,1771464458212588000,1771464458202606000,59,Insert,s,60,"Dnes je vonku pekne, idem von so psom na dvor a budem tam as"
wL7w4dmBmxSYXUEO9tYBUp6XaA22,4,1771464459055955000,1771464459047507000,60,Insert,i,61,"Dnes je vonku pekne, idem von so psom na dvor a budem tam asi"
wL7w4dmBmxSYXUEO9tYBUp6XaA22,4,1771464459383923000,1771464459374079000,61,Insert, ,62,"Dnes je vonku pekne, idem von so psom na dvor a budem tam asi "
wL7w4dmBmxSYXUEO9tYBUp6XaA22,4,1771464460910853000,1771464460903370000,62,Insert,h,63,"Dnes je vonku pekne, idem von so psom na dvor a budem tam asi h"
wL7w4dmBmxSYXUEO9tYBUp6XaA22,4,1771464461268063000,1771464461260854000,63,Insert,o,64,"Dnes je vonku pekne, idem von so psom na dvor a budem tam asi ho"
wL7w4dmBmxSYXUEO9tYBUp6XaA22,4,1771464461713380000,1771464461708062000,64,Insert,d,65,"Dnes je vonku pekne, idem von so psom na dvor a budem tam asi hod"
wL7w4dmBmxSYXUEO9tYBUp6XaA22,4,1771464462064304000,1771464462056898000,65,Insert,i,66,"Dnes je vonku pekne, idem von so psom na dvor a budem tam asi hodi"
wL7w4dmBmxSYXUEO9tYBUp6XaA22,4,1771464462481465000,1771464462473624000,66,Insert,n,67,"Dnes je vonku pekne, idem von so psom na dvor a budem tam asi hodin"
wL7w4dmBmxSYXUEO9tYBUp6XaA22,4,1771464462954119000,1771464462946057000,67,Insert,u,68,"Dnes je vonku pekne, idem von so psom na dvor a budem tam asi hodinu"
wL7w4dmBmxSYXUEO9tYBUp6XaA22,4,1771464464085466000,1771464464076905000,68,Insert,",",69,"Dnes je vonku pekne, idem von so psom na dvor a budem tam asi hodinu,"
wL7w4dmBmxSYXUEO9tYBUp6XaA22,4,1771464464515538000,1771464464508171000,69,Insert, ,70,"Dnes je vonku pekne, idem von so psom na dvor a budem tam asi hodinu, "
wL7w4dmBmxSYXUEO9tYBUp6XaA22,4,1771464464792291000,1771464464783316000,70,Insert,b,71,"Dnes je vonku pekne, idem von so psom na dvor a budem tam asi hodinu, b"
wL7w4dmBmxSYXUEO9tYBUp6XaA22,4,1771464465011666000,1771464465003898000,71,Insert,z,72,"Dnes je vonku pekne, idem von so psom na dvor a budem tam asi hodinu, bz"
wL7w4dmBmxSYXUEO9tYBUp6XaA22,4,1771464465409248000,1771464465401516000,72,Insert,d,73,"Dnes je vonku pekne, idem von so psom na dvor a budem tam asi hodinu, bzd"
wL7w4dmBmxSYXUEO9tYBUp6XaA22,4,1771464465598341000,1771464465590223000,73,Insert,e,74,"Dnes je vonku pekne, idem von so psom na dvor a budem tam asi hodinu, bzde"
wL7w4dmBmxSYXUEO9tYBUp6XaA22,4,1771464466227632000,1771464466221334000,74,Delete,e,73,"Dnes je vonku pekne, idem von so psom na dvor a budem tam asi hodinu, bzd"
wL7w4dmBmxSYXUEO9tYBUp6XaA22,4,1771464466411231000,1771464466408022000,73,Delete,d,72,"Dnes je vonku pekne, idem von so psom na dvor a budem tam asi hodinu, bz"
wL7w4dmBmxSYXUEO9tYBUp6XaA22,4,1771464466581016000,1771464466577582000,72,Delete,z,71,"Dnes je vonku pekne, idem von so psom na dvor a budem tam asi hodinu, b"
wL7w4dmBmxSYXUEO9tYBUp6XaA22,4,1771464467792180000,1771464467784243000,71,Insert,u,72,"Dnes je vonku pekne, idem von so psom na dvor a budem tam asi hodinu, bu"
wL7w4dmBmxSYXUEO9tYBUp6XaA22,4,1771464468336119000,1771464468327426000,72,Insert,d,73,"Dnes je vonku pekne, idem von so psom na dvor a budem tam asi hodinu, bud"
wL7w4dmBmxSYXUEO9tYBUp6XaA22,4,1771464468534601000,1771464468528037000,73,Insert,e,74,"Dnes je vonku pekne, idem von so psom na dvor a budem tam asi hodinu, bude"
wL7w4dmBmxSYXUEO9tYBUp6XaA22,4,1771464469040819000,1771464469031180000,74,Insert, ,75,"Dnes je vonku pekne, idem von so psom na dvor a budem tam asi hodinu, bude "
wL7w4dmBmxSYXUEO9tYBUp6XaA22,4,1771464469366613000,1771464469361008000,75,Insert,t,76,"Dnes je vonku pekne, idem von so psom na dvor a budem tam asi hodinu, bude t"
wL7w4dmBmxSYXUEO9tYBUp6XaA22,4,1771464469797723000,1771464469790178000,76,Insert,o,77,"Dnes je vonku pekne, idem von so psom na dvor a budem tam asi hodinu, bude to"
wL7w4dmBmxSYXUEO9tYBUp6XaA22,4,1771464470202585000,1771464470195032000,77,Insert, ,78,"Dnes je vonku pekne, idem von so psom na dvor a budem tam asi hodinu, bude to "
wL7w4dmBmxSYXUEO9tYBUp6XaA22,4,1771464470517214000,1771464470510659000,78,Insert,f,79,"Dnes je vonku pekne, idem von so psom na dvor a budem tam asi hodinu, bude to f"
wL7w4dmBmxSYXUEO9tYBUp6XaA22,4,1771464470816665000,1771464470810282000,79,Insert,a,80,"Dnes je vonku pekne, idem von so psom na dvor a budem tam asi hodinu, bude to fa"
wL7w4dmBmxSYXUEO9tYBUp6XaA22,4,1771464471349879000,1771464471339002000,80,Insert,j,81,"Dnes je vonku pekne, idem von so psom na dvor a budem tam asi hodinu, bude to faj"
wL7w4dmBmxSYXUEO9tYBUp6XaA22,4,1771464471585202000,1771464471578813000,81,Insert,n,82,"Dnes je vonku pekne, idem von so psom na dvor a budem tam asi hodinu, bude to fajn"
wL7w4dmBmxSYXUEO9tYBUp6XaA22,4,1771464472485918000,1771464472467596000,82,Insert, ,83,"Dnes je vonku pekne, idem von so psom na dvor a budem tam asi hodinu, bude to fajn "
wL7w4dmBmxSYXUEO9tYBUp6XaA22,4,1771464473219273000,1771464473213331000,83,Delete, ,82,"Dnes je vonku pekne, idem von so psom na dvor a budem tam asi hodinu, bude to fajn"
wL7w4dmBmxSYXUEO9tYBUp6XaA22,4,1771464473757253000,1771464473746687000,82,Insert,.,83,"Dnes je vonku pekne, idem von so psom na dvor a budem tam asi hodinu, bude to fajn."
wL7w4dmBmxSYXUEO9tYBUp6XaA22,5,1771464475534318000,1771464475528682000,0,Insert,D,1,D
wL7w4dmBmxSYXUEO9tYBUp6XaA22,5,1771464476061775000,1771464476057846000,1,Insert,n,2,Dn
wL7w4dmBmxSYXUEO9tYBUp6XaA22,5,1771464476408333000,1771464476402297000,2,Insert,e,3,Dne
wL7w4dmBmxSYXUEO9tYBUp6XaA22,5,1771464476597809000,1771464476594132000,3,Insert,s,4,Dnes
wL7w4dmBmxSYXUEO9tYBUp6XaA22,5,1771464476906970000,1771464476899329000,4,Insert, ,5,Dnes 
wL7w4dmBmxSYXUEO9tYBUp6XaA22,5,1771464477244486000,1771464477238339000,5,Insert,j,6,Dnes j
wL7w4dmBmxSYXUEO9tYBUp6XaA22,5,1771464477535385000,1771464477527961000,6,Insert,e,7,Dnes je
wL7w4dmBmxSYXUEO9tYBUp6XaA22,5,1771464477932091000,1771464477923813000,7,Insert, ,8,Dnes je 
wL7w4dmBmxSYXUEO9tYBUp6XaA22,5,1771464478247773000,1771464478238861000,8,Insert,v,9,Dnes je v
wL7w4dmBmxSYXUEO9tYBUp6XaA22,5,1771464478631440000,1771464478622761000,9,Insert,o,10,Dnes je vo
wL7w4dmBmxSYXUEO9tYBUp6XaA22,5,1771464479065020000,1771464479058878000,10,Insert,n,11,Dnes je von
wL7w4dmBmxSYXUEO9tYBUp6XaA22,5,1771464479358079000,1771464479351625000,11,Insert,k,12,Dnes je vonk
wL7w4dmBmxSYXUEO9tYBUp6XaA22,5,1771464479542045000,1771464479538405000,12,Insert,u,13,Dnes je vonku
wL7w4dmBmxSYXUEO9tYBUp6XaA22,5,1771464480159502000,1771464480149986000,13,Insert, ,14,Dnes je vonku 
wL7w4dmBmxSYXUEO9tYBUp6XaA22,5,1771464480632075000,1771464480625179000,14,Insert,p,15,Dnes je vonku p
wL7w4dmBmxSYXUEO9tYBUp6XaA22,5,1771464481070494000,1771464481063256000,15,Insert,e,16,Dnes je vonku pe
wL7w4dmBmxSYXUEO9tYBUp6XaA22,5,1771464481513265000,1771464481506767000,16,Insert,k,17,Dnes je vonku pek
wL7w4dmBmxSYXUEO9tYBUp6XaA22,5,1771464481924720000,1771464481917821000,17,Insert,n,18,Dnes je vonku pekn
wL7w4dmBmxSYXUEO9tYBUp6XaA22,5,1771464482244554000,1771464482238453000,18,Insert,e,19,Dnes je vonku pekne
wL7w4dmBmxSYXUEO9tYBUp6XaA22,5,1771464482875836000,1771464482866961000,19,Insert,",",20,"Dnes je vonku pekne,"
wL7w4dmBmxSYXUEO9tYBUp6XaA22,5,1771464484036697000,1771464484031985000,20,Insert, ,21,"Dnes je vonku pekne, "
wL7w4dmBmxSYXUEO9tYBUp6XaA22,5,1771464484397981000,1771464484391552000,21,Insert,i,22,"Dnes je vonku pekne, i"
wL7w4dmBmxSYXUEO9tYBUp6XaA22,5,1771464484813810000,1771464484805321000,22,Insert,d,23,"Dnes je vonku pekne, id"
wL7w4dmBmxSYXUEO9tYBUp6XaA22,5,1771464484999399000,1771464484990327000,23,Insert,e,24,"Dnes je vonku pekne, ide"
wL7w4dmBmxSYXUEO9tYBUp6XaA22,5,1771464485403538000,1771464485399316000,24,Insert,m,25,"Dnes je vonku pekne, idem"
wL7w4dmBmxSYXUEO9tYBUp6XaA22,5,1771464485659055000,1771464485651957000,25,Insert, ,26,"Dnes je vonku pekne, idem "
wL7w4dmBmxSYXUEO9tYBUp6XaA22,5,1771464485877189000,1771464485870672000,26,Insert,v,27,"Dnes je vonku pekne, idem v"
wL7w4dmBmxSYXUEO9tYBUp6XaA22,5,1771464486115612000,1771464486106179000,27,Insert,o,28,"Dnes je vonku pekne, idem vo"
wL7w4dmBmxSYXUEO9tYBUp6XaA22,5,1771464486402180000,1771464486395797000,28,Insert,n,29,"Dnes je vonku pekne, idem von"
wL7w4dmBmxSYXUEO9tYBUp6XaA22,5,1771464487294225000,1771464487284048000,29,Insert, ,30,"Dnes je vonku pekne, idem von "
wL7w4dmBmxSYXUEO9tYBUp6XaA22,5,1771464487623933000,1771464487619009000,30,Insert,s,31,"Dnes je vonku pekne, idem von s"
wL7w4dmBmxSYXUEO9tYBUp6XaA22,5,1771464487987318000,1771464487981311000,31,Insert,i,32,"Dnes je vonku pekne, idem von si"
wL7w4dmBmxSYXUEO9tYBUp6XaA22,5,1771464488692293000,1771464488687120000,32,Delete,i,31,"Dnes je vonku pekne, idem von s"
wL7w4dmBmxSYXUEO9tYBUp6XaA22,5,1771464488935686000,1771464488927870000,31,Insert,o,32,"Dnes je vonku pekne, idem von so"
wL7w4dmBmxSYXUEO9tYBUp6XaA22,5,1771464489526603000,1771464489522104000,32,Insert, ,33,"Dnes je vonku pekne, idem von so "
wL7w4dmBmxSYXUEO9tYBUp6XaA22,5,1771464489900054000,1771464489892526000,33,Insert,p,34,"Dnes je vonku pekne, idem von so p"
wL7w4dmBmxSYXUEO9tYBUp6XaA22,5,1771464490461417000,1771464490457630000,34,Insert,s,35,"Dnes je vonku pekne, idem von so ps"
wL7w4dmBmxSYXUEO9tYBUp6XaA22,5,1771464490901891000,1771464490895564000,35,Insert,o,36,"Dnes je vonku pekne, idem von so pso"
wL7w4dmBmxSYXUEO9tYBUp6XaA22,5,1771464491314935000,1771464491309825000,36,Insert,m,37,"Dnes je vonku pekne, idem von so psom"
wL7w4dmBmxSYXUEO9tYBUp6XaA22,5,1771464491751671000,1771464491747605000,37,Insert, ,38,"Dnes je vonku pekne, idem von so psom "
wL7w4dmBmxSYXUEO9tYBUp6XaA22,5,1771464491996504000,1771464491989928000,38,Insert,n,39,"Dnes je vonku pekne, idem von so psom n"
wL7w4dmBmxSYXUEO9tYBUp6XaA22,5,1771464494570406000,1771464494563210000,39,Insert,a,40,"Dnes je vonku pekne, idem von so psom na"
wL7w4dmBmxSYXUEO9tYBUp6XaA22,5,1771464495212536000,1771464495201017000,40,Insert, ,41,"Dnes je vonku pekne, idem von so psom na "
wL7w4dmBmxSYXUEO9tYBUp6XaA22,5,1771464495515601000,1771464495509422000,41,Insert,d,42,"Dnes je vonku pekne, idem von so psom na d"
wL7w4dmBmxSYXUEO9tYBUp6XaA22,5,1771464495865228000,1771464495860623000,42,Insert,v,43,"Dnes je vonku pekne, idem von so psom na dv"
wL7w4dmBmxSYXUEO9tYBUp6XaA22,5,1771464496262773000,1771464496235108000,43,Insert,o,44,"Dnes je vonku pekne, idem von so psom na dvo"
wL7w4dmBmxSYXUEO9tYBUp6XaA22,5,1771464496564500000,1771464496556495000,44,Insert,r,45,"Dnes je vonku pekne, idem von so psom na dvor"
wL7w4dmBmxSYXUEO9tYBUp6XaA22,5,1771464497942910000,1771464497934045000,45,Insert, ,46,"Dnes je vonku pekne, idem von so psom na dvor "
wL7w4dmBmxSYXUEO9tYBUp6XaA22,5,1771464498300897000,1771464498294149000,46,Insert,a,47,"Dnes je vonku pekne, idem von so psom na dvor a"
wL7w4dmBmxSYXUEO9tYBUp6XaA22,5,1771464498970120000,1771464498963270000,47,Insert, ,48,"Dnes je vonku pekne, idem von so psom na dvor a "
wL7w4dmBmxSYXUEO9tYBUp6XaA22,5,1771464499257159000,1771464499251147000,48,Insert,b,49,"Dnes je vonku pekne, idem von so psom na dvor a b"
wL7w4dmBmxSYXUEO9tYBUp6XaA22,5,1771464499504815000,1771464499500715000,49,Insert,u,50,"Dnes je vonku pekne, idem von so psom na dvor a bu"
wL7w4dmBmxSYXUEO9tYBUp6XaA22,5,1771464499868219000,1771464499860949000,50,Insert,d,51,"Dnes je vonku pekne, idem von so psom na dvor a bud"
wL7w4dmBmxSYXUEO9tYBUp6XaA22,5,1771464500050291000,1771464500045958000,51,Insert,e,52,"Dnes je vonku pekne, idem von so psom na dvor a bude"
wL7w4dmBmxSYXUEO9tYBUp6XaA22,5,1771464500619435000,1771464500615181000,52,Insert,m,53,"Dnes je vonku pekne, idem von so psom na dvor a budem"
wL7w4dmBmxSYXUEO9tYBUp6XaA22,5,1771464500917933000,1771464500910846000,53,Insert, ,54,"Dnes je vonku pekne, idem von so psom na dvor a budem "
wL7w4dmBmxSYXUEO9tYBUp6XaA22,5,1771464501254284000,1771464501246804000,54,Insert,t,55,"Dnes je vonku pekne, idem von so psom na dvor a budem t"
wL7w4dmBmxSYXUEO9tYBUp6XaA22,5,1771464502981630000,1771464502973973000,55,Insert,a,56,"Dnes je vonku pekne, idem von so psom na dvor a budem ta"
wL7w4dmBmxSYXUEO9tYBUp6XaA22,5,1771464503404547000,1771464503399956000,56,Insert,m,57,"Dnes je vonku pekne, idem von so psom na dvor a budem tam"
wL7w4dmBmxSYXUEO9tYBUp6XaA22,5,1771464504033756000,1771464504024217000,57,Insert, ,58,"Dnes je vonku pekne, idem von so psom na dvor a budem tam "
wL7w4dmBmxSYXUEO9tYBUp6XaA22,5,1771464504374459000,1771464504364325000,58,Insert,a,59,"Dnes je vonku pekne, idem von so psom na dvor a budem tam a"
wL7w4dmBmxSYXUEO9tYBUp6XaA22,5,1771464504636762000,1771464504630090000,59,Insert,s,60,"Dnes je vonku pekne, idem von so psom na dvor a budem tam as"
wL7w4dmBmxSYXUEO9tYBUp6XaA22,5,1771464505036246000,1771464505031452000,60,Insert,i,61,"Dnes je vonku pekne, idem von so psom na dvor a budem tam asi"
wL7w4dmBmxSYXUEO9tYBUp6XaA22,5,1771464505424331000,1771464505417308000,61,Insert, ,62,"Dnes je vonku pekne, idem von so psom na dvor a budem tam asi "
wL7w4dmBmxSYXUEO9tYBUp6XaA22,5,1771464505776908000,1771464505770368000,62,Insert,h,63,"Dnes je vonku pekne, idem von so psom na dvor a budem tam asi h"
wL7w4dmBmxSYXUEO9tYBUp6XaA22,5,1771464506127121000,1771464506120794000,63,Insert,o,64,"Dnes je vonku pekne, idem von so psom na dvor a budem tam asi ho"
wL7w4dmBmxSYXUEO9tYBUp6XaA22,5,1771464506779286000,1771464506770211000,64,Insert,d,65,"Dnes je vonku pekne, idem von so psom na dvor a budem tam asi hod"
wL7w4dmBmxSYXUEO9tYBUp6XaA22,5,1771464507187672000,1771464507182737000,65,Insert,i,66,"Dnes je vonku pekne, idem von so psom na dvor a budem tam asi hodi"
wL7w4dmBmxSYXUEO9tYBUp6XaA22,5,1771464507604293000,1771464507594117000,66,Insert,n,67,"Dnes je vonku pekne, idem von so psom na dvor a budem tam asi hodin"
wL7w4dmBmxSYXUEO9tYBUp6XaA22,5,1771464507852162000,1771464507847530000,67,Insert,z,68,"Dnes je vonku pekne, idem von so psom na dvor a budem tam asi hodinz"
wL7w4dmBmxSYXUEO9tYBUp6XaA22,5,1771464508838478000,1771464508832681000,68,Delete,z,67,"Dnes je vonku pekne, idem von so psom na dvor a budem tam asi hodin"
wL7w4dmBmxSYXUEO9tYBUp6XaA22,5,1771464509211021000,1771464509206210000,67,Insert,u,68,"Dnes je vonku pekne, idem von so psom na dvor a budem tam asi hodinu"
wL7w4dmBmxSYXUEO9tYBUp6XaA22,5,1771464510214446000,1771464510205864000,68,Insert,",",69,"Dnes je vonku pekne, idem von so psom na dvor a budem tam asi hodinu,"
wL7w4dmBmxSYXUEO9tYBUp6XaA22,5,1771464510779872000,1771464510774465000,69,Insert, ,70,"Dnes je vonku pekne, idem von so psom na dvor a budem tam asi hodinu, "
wL7w4dmBmxSYXUEO9tYBUp6XaA22,5,1771464511183078000,1771464511175640000,70,Insert,b,71,"Dnes je vonku pekne, idem von so psom na dvor a budem tam asi hodinu, b"
wL7w4dmBmxSYXUEO9tYBUp6XaA22,5,1771464511435631000,1771464511430751000,71,Insert,u,72,"Dnes je vonku pekne, idem von so psom na dvor a budem tam asi hodinu, bu"
wL7w4dmBmxSYXUEO9tYBUp6XaA22,5,1771464511979691000,1771464511976309000,72,Insert,d,73,"Dnes je vonku pekne, idem von so psom na dvor a budem tam asi hodinu, bud"
wL7w4dmBmxSYXUEO9tYBUp6XaA22,5,1771464512169399000,1771464512164658000,73,Insert,e,74,"Dnes je vonku pekne, idem von so psom na dvor a budem tam asi hodinu, bude"
wL7w4dmBmxSYXUEO9tYBUp6XaA22,5,1771464512420567000,1771464512415476000,74,Insert, ,75,"Dnes je vonku pekne, idem von so psom na dvor a budem tam asi hodinu, bude "
wL7w4dmBmxSYXUEO9tYBUp6XaA22,5,1771464512723007000,1771464512716749000,75,Insert,t,76,"Dnes je vonku pekne, idem von so psom na dvor a budem tam asi hodinu, bude t"
wL7w4dmBmxSYXUEO9tYBUp6XaA22,5,1771464513103727000,1771464513098984000,76,Insert,o,77,"Dnes je vonku pekne, idem von so psom na dvor a budem tam asi hodinu, bude to"
wL7w4dmBmxSYXUEO9tYBUp6XaA22,5,1771464513677536000,1771464513669983000,77,Insert, ,78,"Dnes je vonku pekne, idem von so psom na dvor a budem tam asi hodinu, bude to "
wL7w4dmBmxSYXUEO9tYBUp6XaA22,5,1771464514058166000,1771464514052844000,78,Insert,f,79,"Dnes je vonku pekne, idem von so psom na dvor a budem tam asi hodinu, bude to f"
wL7w4dmBmxSYXUEO9tYBUp6XaA22,5,1771464514424564000,1771464514415274000,79,Insert,a,80,"Dnes je vonku pekne, idem von so psom na dvor a budem tam asi hodinu, bude to fa"
wL7w4dmBmxSYXUEO9tYBUp6XaA22,5,1771464514942670000,1771464514937952000,80,Insert,j,81,"Dnes je vonku pekne, idem von so psom na dvor a budem tam asi hodinu, bude to faj"
wL7w4dmBmxSYXUEO9tYBUp6XaA22,5,1771464515192488000,1771464515188513000,81,Insert,n,82,"Dnes je vonku pekne, idem von so psom na dvor a budem tam asi hodinu, bude to fajn"
wL7w4dmBmxSYXUEO9tYBUp6XaA22,5,1771464516024119000,1771464516015484000,82,Insert, ,83,"Dnes je vonku pekne, idem von so psom na dvor a budem tam asi hodinu, bude to fajn "
wL7w4dmBmxSYXUEO9tYBUp6XaA22,5,1771464516758348000,1771464516750004000,83,Delete, ,82,"Dnes je vonku pekne, idem von so psom na dvor a budem tam asi hodinu, bude to fajn"
wL7w4dmBmxSYXUEO9tYBUp6XaA22,5,1771464517346332000,1771464517337132000,82,Insert,.,83,"Dnes je vonku pekne, idem von so psom na dvor a budem tam asi hodinu, bude to fajn."
wL7w4dmBmxSYXUEO9tYBUp6XaA22,6,1771464519234512000,1771464519230257000,0,Insert,D,1,D
wL7w4dmBmxSYXUEO9tYBUp6XaA22,6,1771464519696037000,1771464519689466000,1,Insert,n,2,Dn
wL7w4dmBmxSYXUEO9tYBUp6XaA22,6,1771464520378492000,1771464520373448000,2,Insert,e,3,Dne
wL7w4dmBmxSYXUEO9tYBUp6XaA22,6,1771464520646226000,1771464520640156000,3,Insert,s,4,Dnes
wL7w4dmBmxSYXUEO9tYBUp6XaA22,6,1771464520907521000,1771464520902161000,4,Insert, ,5,Dnes 
wL7w4dmBmxSYXUEO9tYBUp6XaA22,6,1771464521188080000,1771464521182561000,5,Insert,h,6,Dnes h
wL7w4dmBmxSYXUEO9tYBUp6XaA22,6,1771464521461476000,1771464521455349000,6,Insert,e,7,Dnes he
wL7w4dmBmxSYXUEO9tYBUp6XaA22,6,1771464522124394000,1771464522118427000,7,Delete,e,6,Dnes h
wL7w4dmBmxSYXUEO9tYBUp6XaA22,6,1771464522296575000,1771464522294156000,6,Delete,h,5,Dnes 
wL7w4dmBmxSYXUEO9tYBUp6XaA22,6,1771464522623605000,1771464522619454000,5,Insert,j,6,Dnes j
wL7w4dmBmxSYXUEO9tYBUp6XaA22,6,1771464523243638000,1771464523235671000,6,Insert,e,7,Dnes je
wL7w4dmBmxSYXUEO9tYBUp6XaA22,6,1771464523615613000,1771464523611514000,7,Insert, ,8,Dnes je 
wL7w4dmBmxSYXUEO9tYBUp6XaA22,6,1771464523910593000,1771464523907346000,8,Insert,v,9,Dnes je v
wL7w4dmBmxSYXUEO9tYBUp6XaA22,6,1771464524394359000,1771464524390706000,9,Insert,o,10,Dnes je vo
wL7w4dmBmxSYXUEO9tYBUp6XaA22,6,1771464524978527000,1771464524974406000,10,Insert,n,11,Dnes je von
wL7w4dmBmxSYXUEO9tYBUp6XaA22,6,1771464525377623000,1771464525371856000,11,Insert,k,12,Dnes je vonk
wL7w4dmBmxSYXUEO9tYBUp6XaA22,6,1771464525615276000,1771464525607941000,12,Insert,z,13,Dnes je vonkz
wL7w4dmBmxSYXUEO9tYBUp6XaA22,6,1771464526489490000,1771464526483267000,13,Delete,z,12,Dnes je vonk
wL7w4dmBmxSYXUEO9tYBUp6XaA22,6,1771464526857431000,1771464526853650000,12,Insert,u,13,Dnes je vonku
wL7w4dmBmxSYXUEO9tYBUp6XaA22,6,1771464527389966000,1771464527381079000,13,Insert, ,14,Dnes je vonku 
wL7w4dmBmxSYXUEO9tYBUp6XaA22,6,1771464527800540000,1771464527794680000,14,Insert,p,15,Dnes je vonku p
wL7w4dmBmxSYXUEO9tYBUp6XaA22,6,1771464528350401000,1771464528341160000,15,Insert,e,16,Dnes je vonku pe
wL7w4dmBmxSYXUEO9tYBUp6XaA22,6,1771464528937170000,1771464528933066000,16,Insert,k,17,Dnes je vonku pek
wL7w4dmBmxSYXUEO9tYBUp6XaA22,6,1771464529199361000,1771464529193137000,17,Insert,n,18,Dnes je vonku pekn
wL7w4dmBmxSYXUEO9tYBUp6XaA22,6,1771464529778966000,1771464529766856000,18,Insert,e,19,Dnes je vonku pekne
wL7w4dmBmxSYXUEO9tYBUp6XaA22,6,1771464531094370000,1771464531085408000,19,Insert,",",20,"Dnes je vonku pekne,"
wL7w4dmBmxSYXUEO9tYBUp6XaA22,6,1771464531681518000,1771464531673243000,20,Insert, ,21,"Dnes je vonku pekne, "
wL7w4dmBmxSYXUEO9tYBUp6XaA22,6,1771464532063849000,1771464532057962000,21,Insert,i,22,"Dnes je vonku pekne, i"
wL7w4dmBmxSYXUEO9tYBUp6XaA22,6,1771464532582555000,1771464532574938000,22,Insert,d,23,"Dnes je vonku pekne, id"
wL7w4dmBmxSYXUEO9tYBUp6XaA22,6,1771464532772959000,1771464532767558000,23,Insert,e,24,"Dnes je vonku pekne, ide"
wL7w4dmBmxSYXUEO9tYBUp6XaA22,6,1771464533487517000,1771464533476386000,24,Insert,m,25,"Dnes je vonku pekne, idem"
wL7w4dmBmxSYXUEO9tYBUp6XaA22,6,1771464534153595000,1771464534144789000,25,Insert, ,26,"Dnes je vonku pekne, idem "
wL7w4dmBmxSYXUEO9tYBUp6XaA22,6,1771464534876215000,1771464534869253000,26,Insert,v,27,"Dnes je vonku pekne, idem v"
wL7w4dmBmxSYXUEO9tYBUp6XaA22,6,1771464535204140000,1771464535198093000,27,Insert,o,28,"Dnes je vonku pekne, idem vo"
wL7w4dmBmxSYXUEO9tYBUp6XaA22,6,1771464535899722000,1771464535888630000,28,Insert,n,29,"Dnes je vonku pekne, idem von"
wL7w4dmBmxSYXUEO9tYBUp6XaA22,6,1771464537025060000,1771464537017068000,29,Insert, ,30,"Dnes je vonku pekne, idem von "
wL7w4dmBmxSYXUEO9tYBUp6XaA22,6,1771464537288165000,1771464537281865000,30,Insert,s,31,"Dnes je vonku pekne, idem von s"
wL7w4dmBmxSYXUEO9tYBUp6XaA22,6,1771464537775195000,1771464537767099000,31,Insert,k,32,"Dnes je vonku pekne, idem von sk"
wL7w4dmBmxSYXUEO9tYBUp6XaA22,6,1771464538130829000,1771464538124056000,32,Insert, ,33,"Dnes je vonku pekne, idem von sk "
wL7w4dmBmxSYXUEO9tYBUp6XaA22,6,1771464538594978000,1771464538591268000,33,Delete, ,32,"Dnes je vonku pekne, idem von sk"
wL7w4dmBmxSYXUEO9tYBUp6XaA22,6,1771464538775473000,1771464538772312000,32,Delete,k,31,"Dnes je vonku pekne, idem von s"
wL7w4dmBmxSYXUEO9tYBUp6XaA22,6,1771464539035141000,1771464539030923000,31,Insert,o,32,"Dnes je vonku pekne, idem von so"
wL7w4dmBmxSYXUEO9tYBUp6XaA22,6,1771464539470101000,1771464539467060000,32,Insert, ,33,"Dnes je vonku pekne, idem von so "
wL7w4dmBmxSYXUEO9tYBUp6XaA22,6,1771464539910307000,1771464539902998000,33,Insert,p,34,"Dnes je vonku pekne, idem von so p"
wL7w4dmBmxSYXUEO9tYBUp6XaA22,6,1771464540501655000,1771464540497786000,34,Insert,s,35,"Dnes je vonku pekne, idem von so ps"
wL7w4dmBmxSYXUEO9tYBUp6XaA22,6,1771464541063692000,1771464541058520000,35,Insert,o,36,"Dnes je vonku pekne, idem von so pso"
wL7w4dmBmxSYXUEO9tYBUp6XaA22,6,1771464541635809000,1771464541630823000,36,Insert,m,37,"Dnes je vonku pekne, idem von so psom"
wL7w4dmBmxSYXUEO9tYBUp6XaA22,6,1771464542222774000,1771464542214438000,37,Insert, ,38,"Dnes je vonku pekne, idem von so psom "
wL7w4dmBmxSYXUEO9tYBUp6XaA22,6,1771464542893614000,1771464542886108000,38,Insert,n,39,"Dnes je vonku pekne, idem von so psom n"
wL7w4dmBmxSYXUEO9tYBUp6XaA22,6,1771464543367851000,1771464543357810000,39,Insert,a,40,"Dnes je vonku pekne, idem von so psom na"
wL7w4dmBmxSYXUEO9tYBUp6XaA22,6,1771464543726403000,1771464543719826000,40,Insert, ,41,"Dnes je vonku pekne, idem von so psom na "
wL7w4dmBmxSYXUEO9tYBUp6XaA22,6,1771464544031909000,1771464544023816000,41,Insert,d,42,"Dnes je vonku pekne, idem von so psom na d"
wL7w4dmBmxSYXUEO9tYBUp6XaA22,6,1771464544534710000,1771464544527330000,42,Insert,v,43,"Dnes je vonku pekne, idem von so psom na dv"
wL7w4dmBmxSYXUEO9tYBUp6XaA22,6,1771464544921362000,1771464544911977000,43,Insert,o,44,"Dnes je vonku pekne, idem von so psom na dvo"
wL7w4dmBmxSYXUEO9tYBUp6XaA22,6,1771464545317880000,1771464545311530000,44,Insert,r,45,"Dnes je vonku pekne, idem von so psom na dvor"
wL7w4dmBmxSYXUEO9tYBUp6XaA22,6,1771464546151903000,1771464546143359000,45,Insert, ,46,"Dnes je vonku pekne, idem von so psom na dvor "
wL7w4dmBmxSYXUEO9tYBUp6XaA22,6,1771464546527792000,1771464546523042000,46,Insert,a,47,"Dnes je vonku pekne, idem von so psom na dvor a"
wL7w4dmBmxSYXUEO9tYBUp6XaA22,6,1771464546887534000,1771464546883460000,47,Insert, ,48,"Dnes je vonku pekne, idem von so psom na dvor a "
wL7w4dmBmxSYXUEO9tYBUp6XaA22,6,1771464547272447000,1771464547266413000,48,Insert,b,49,"Dnes je vonku pekne, idem von so psom na dvor a b"
wL7w4dmBmxSYXUEO9tYBUp6XaA22,6,1771464547555114000,1771464547547908000,49,Insert,u,50,"Dnes je vonku pekne, idem von so psom na dvor a bu"
wL7w4dmBmxSYXUEO9tYBUp6XaA22,6,1771464548042427000,1771464548032059000,50,Insert,d,51,"Dnes je vonku pekne, idem von so psom na dvor a bud"
wL7w4dmBmxSYXUEO9tYBUp6XaA22,6,1771464548286313000,1771464548280480000,51,Insert,e,52,"Dnes je vonku pekne, idem von so psom na dvor a bude"
wL7w4dmBmxSYXUEO9tYBUp6XaA22,6,1771464548701583000,1771464548692682000,52,Insert,m,53,"Dnes je vonku pekne, idem von so psom na dvor a budem"
wL7w4dmBmxSYXUEO9tYBUp6XaA22,6,1771464548979932000,1771464548971865000,53,Insert, ,54,"Dnes je vonku pekne, idem von so psom na dvor a budem "
wL7w4dmBmxSYXUEO9tYBUp6XaA22,6,1771464549322870000,1771464549319001000,54,Insert,t,55,"Dnes je vonku pekne, idem von so psom na dvor a budem t"
wL7w4dmBmxSYXUEO9tYBUp6XaA22,6,1771464551020378000,1771464551013239000,55,Insert,a,56,"Dnes je vonku pekne, idem von so psom na dvor a budem ta"
wL7w4dmBmxSYXUEO9tYBUp6XaA22,6,1771464551588978000,1771464551582158000,56,Insert,m,57,"Dnes je vonku pekne, idem von so psom na dvor a budem tam"
wL7w4dmBmxSYXUEO9tYBUp6XaA22,6,1771464551808395000,1771464551801906000,57,Insert, ,58,"Dnes je vonku pekne, idem von so psom na dvor a budem tam "
wL7w4dmBmxSYXUEO9tYBUp6XaA22,6,1771464552292525000,1771464552282757000,58,Insert,a,59,"Dnes je vonku pekne, idem von so psom na dvor a budem tam a"
wL7w4dmBmxSYXUEO9tYBUp6XaA22,6,1771464552497313000,1771464552492335000,59,Insert,s,60,"Dnes je vonku pekne, idem von so psom na dvor a budem tam as"
wL7w4dmBmxSYXUEO9tYBUp6XaA22,6,1771464552896635000,1771464552889096000,60,Insert,i,61,"Dnes je vonku pekne, idem von so psom na dvor a budem tam asi"
wL7w4dmBmxSYXUEO9tYBUp6XaA22,6,1771464553390793000,1771464553382613000,61,Insert, ,62,"Dnes je vonku pekne, idem von so psom na dvor a budem tam asi "
wL7w4dmBmxSYXUEO9tYBUp6XaA22,6,1771464553776162000,1771464553768429000,62,Insert,h,63,"Dnes je vonku pekne, idem von so psom na dvor a budem tam asi h"
wL7w4dmBmxSYXUEO9tYBUp6XaA22,6,1771464554061627000,1771464554054807000,63,Insert,o,64,"Dnes je vonku pekne, idem von so psom na dvor a budem tam asi ho"
wL7w4dmBmxSYXUEO9tYBUp6XaA22,6,1771464554773660000,1771464554765971000,64,Insert,d,65,"Dnes je vonku pekne, idem von so psom na dvor a budem tam asi hod"
wL7w4dmBmxSYXUEO9tYBUp6XaA22,6,1771464555136575000,1771464555128185000,65,Insert,i,66,"Dnes je vonku pekne, idem von so psom na dvor a budem tam asi hodi"
wL7w4dmBmxSYXUEO9tYBUp6XaA22,6,1771464555583157000,1771464555574705000,66,Insert,n,67,"Dnes je vonku pekne, idem von so psom na dvor a budem tam asi hodin"
wL7w4dmBmxSYXUEO9tYBUp6XaA22,6,1771464555832463000,1771464555826206000,67,Insert,z,68,"Dnes je vonku pekne, idem von so psom na dvor a budem tam asi hodinz"
wL7w4dmBmxSYXUEO9tYBUp6XaA22,6,1771464556821651000,1771464556814967000,68,Delete,z,67,"Dnes je vonku pekne, idem von so psom na dvor a budem tam asi hodin"
wL7w4dmBmxSYXUEO9tYBUp6XaA22,6,1771464557228031000,1771464557219275000,67,Insert,u,68,"Dnes je vonku pekne, idem von so psom na dvor a budem tam asi hodinu"
wL7w4dmBmxSYXUEO9tYBUp6XaA22,6,1771464557859326000,1771464557852674000,68,Insert,",",69,"Dnes je vonku pekne, idem von so psom na dvor a budem tam asi hodinu,"
wL7w4dmBmxSYXUEO9tYBUp6XaA22,6,1771464558714703000,1771464558705321000,69,Insert, ,70,"Dnes je vonku pekne, idem von so psom na dvor a budem tam asi hodinu, "
wL7w4dmBmxSYXUEO9tYBUp6XaA22,6,1771464559119212000,1771464559113454000,70,Insert,b,71,"Dnes je vonku pekne, idem von so psom na dvor a budem tam asi hodinu, b"
wL7w4dmBmxSYXUEO9tYBUp6XaA22,6,1771464559359336000,1771464559353135000,71,Insert,z,72,"Dnes je vonku pekne, idem von so psom na dvor a budem tam asi hodinu, bz"
wL7w4dmBmxSYXUEO9tYBUp6XaA22,6,1771464559691423000,1771464559686048000,72,Insert,d,73,"Dnes je vonku pekne, idem von so psom na dvor a budem tam asi hodinu, bzd"
wL7w4dmBmxSYXUEO9tYBUp6XaA22,6,1771464559894582000,1771464559889595000,73,Insert,e,74,"Dnes je vonku pekne, idem von so psom na dvor a budem tam asi hodinu, bzde"
wL7w4dmBmxSYXUEO9tYBUp6XaA22,6,1771464560613118000,1771464560608580000,74,Delete,e,73,"Dnes je vonku pekne, idem von so psom na dvor a budem tam asi hodinu, bzd"
wL7w4dmBmxSYXUEO9tYBUp6XaA22,6,1771464560787386000,1771464560784574000,73,Delete,d,72,"Dnes je vonku pekne, idem von so psom na dvor a budem tam asi hodinu, bz"
wL7w4dmBmxSYXUEO9tYBUp6XaA22,6,1771464561022533000,1771464561018579000,72,Delete,z,71,"Dnes je vonku pekne, idem von so psom na dvor a budem tam asi hodinu, b"
wL7w4dmBmxSYXUEO9tYBUp6XaA22,6,1771464561555972000,1771464561550399000,71,Insert,u,72,"Dnes je vonku pekne, idem von so psom na dvor a budem tam asi hodinu, bu"
wL7w4dmBmxSYXUEO9tYBUp6XaA22,6,1771464562139856000,1771464562129484000,72,Insert,d,73,"Dnes je vonku pekne, idem von so psom na dvor a budem tam asi hodinu, bud"
wL7w4dmBmxSYXUEO9tYBUp6XaA22,6,1771464562310317000,1771464562305230000,73,Insert,e,74,"Dnes je vonku pekne, idem von so psom na dvor a budem tam asi hodinu, bude"
wL7w4dmBmxSYXUEO9tYBUp6XaA22,6,1771464562838328000,1771464562833375000,74,Insert, ,75,"Dnes je vonku pekne, idem von so psom na dvor a budem tam asi hodinu, bude "
wL7w4dmBmxSYXUEO9tYBUp6XaA22,6,1771464563167877000,1771464563161418000,75,Insert,t,76,"Dnes je vonku pekne, idem von so psom na dvor a budem tam asi hodinu, bude t"
wL7w4dmBmxSYXUEO9tYBUp6XaA22,6,1771464563482479000,1771464563475389000,76,Insert,o,77,"Dnes je vonku pekne, idem von so psom na dvor a budem tam asi hodinu, bude to"
wL7w4dmBmxSYXUEO9tYBUp6XaA22,6,1771464564128756000,1771464564120972000,77,Insert, ,78,"Dnes je vonku pekne, idem von so psom na dvor a budem tam asi hodinu, bude to "
wL7w4dmBmxSYXUEO9tYBUp6XaA22,6,1771464564481089000,1771464564474513000,78,Insert,f,79,"Dnes je vonku pekne, idem von so psom na dvor a budem tam asi hodinu, bude to f"
wL7w4dmBmxSYXUEO9tYBUp6XaA22,6,1771464564808189000,1771464564799710000,79,Insert,a,80,"Dnes je vonku pekne, idem von so psom na dvor a budem tam asi hodinu, bude to fa"
wL7w4dmBmxSYXUEO9tYBUp6XaA22,6,1771464565496412000,1771464565487752000,80,Insert,j,81,"Dnes je vonku pekne, idem von so psom na dvor a budem tam asi hodinu, bude to faj"
wL7w4dmBmxSYXUEO9tYBUp6XaA22,6,1771464565744965000,1771464565738382000,81,Insert,n,82,"Dnes je vonku pekne, idem von so psom na dvor a budem tam asi hodinu, bude to fajn"
wL7w4dmBmxSYXUEO9tYBUp6XaA22,6,1771464566451611000,1771464566442319000,82,Insert, ,83,"Dnes je vonku pekne, idem von so psom na dvor a budem tam asi hodinu, bude to fajn "
wL7w4dmBmxSYXUEO9tYBUp6XaA22,6,1771464567221328000,1771464567216617000,83,Delete, ,82,"Dnes je vonku pekne, idem von so psom na dvor a budem tam asi hodinu, bude to fajn"
wL7w4dmBmxSYXUEO9tYBUp6XaA22,6,1771464567808559000,1771464567798294000,82,Insert,.,83,"Dnes je vonku pekne, idem von so psom na dvor a budem tam asi hodinu, bude to fajn."
wL7w4dmBmxSYXUEO9tYBUp6XaA22,7,1771464569551753000,1771464569546323000,0,Insert,D,1,D
wL7w4dmBmxSYXUEO9tYBUp6XaA22,7,1771464569900768000,1771464569893914000,1,Insert,n,2,Dn
wL7w4dmBmxSYXUEO9tYBUp6XaA22,7,1771464570292258000,1771464570282322000,2,Insert,e,3,Dne
wL7w4dmBmxSYXUEO9tYBUp6XaA22,7,1771464570466348000,1771464570460110000,3,Insert,s,4,Dnes
wL7w4dmBmxSYXUEO9tYBUp6XaA22,7,1771464570762083000,1771464570754716000,4,Insert, ,5,Dnes 
wL7w4dmBmxSYXUEO9tYBUp6XaA22,7,1771464571030715000,1771464571024552000,5,Insert,j,6,Dnes j
wL7w4dmBmxSYXUEO9tYBUp6XaA22,7,1771464571297374000,1771464571289474000,6,Insert,e,7,Dnes je
wL7w4dmBmxSYXUEO9tYBUp6XaA22,7,1771464571777260000,1771464571770513000,7,Insert, ,8,Dnes je 
wL7w4dmBmxSYXUEO9tYBUp6XaA22,7,1771464572033777000,1771464572029188000,8,Insert,v,9,Dnes je v
wL7w4dmBmxSYXUEO9tYBUp6XaA22,7,1771464572329250000,1771464572322345000,9,Insert,o,10,Dnes je vo
wL7w4dmBmxSYXUEO9tYBUp6XaA22,7,1771464572697301000,1771464572690865000,10,Insert,n,11,Dnes je von
wL7w4dmBmxSYXUEO9tYBUp6XaA22,7,1771464572947448000,1771464572941524000,11,Insert,k,12,Dnes je vonk
wL7w4dmBmxSYXUEO9tYBUp6XaA22,7,1771464573180434000,1771464573173593000,12,Insert,z,13,Dnes je vonkz
wL7w4dmBmxSYXUEO9tYBUp6XaA22,7,1771464573958429000,1771464573951778000,13,Delete,z,12,Dnes je vonk
wL7w4dmBmxSYXUEO9tYBUp6XaA22,7,1771464574315500000,1771464574308522000,12,Insert,u,13,Dnes je vonku
wL7w4dmBmxSYXUEO9tYBUp6XaA22,7,1771464574756574000,1771464574749939000,13,Insert, ,14,Dnes je vonku 
wL7w4dmBmxSYXUEO9tYBUp6XaA22,7,1771464575257559000,1771464575253568000,14,Insert,p,15,Dnes je vonku p
wL7w4dmBmxSYXUEO9tYBUp6XaA22,7,1771464575822852000,1771464575819207000,15,Insert,e,16,Dnes je vonku pe
wL7w4dmBmxSYXUEO9tYBUp6XaA22,7,1771464576334983000,1771464576326931000,16,Insert,k,17,Dnes je vonku pek
wL7w4dmBmxSYXUEO9tYBUp6XaA22,7,1771464576683551000,1771464576675090000,17,Insert,n,18,Dnes je vonku pekn
wL7w4dmBmxSYXUEO9tYBUp6XaA22,7,1771464577017032000,1771464577013047000,18,Insert,e,19,Dnes je vonku pekne
wL7w4dmBmxSYXUEO9tYBUp6XaA22,7,1771464577672456000,1771464577664454000,19,Insert,",",20,"Dnes je vonku pekne,"
wL7w4dmBmxSYXUEO9tYBUp6XaA22,7,1771464577949168000,1771464577940504000,20,Insert, ,21,"Dnes je vonku pekne, "
wL7w4dmBmxSYXUEO9tYBUp6XaA22,7,1771464578494320000,1771464578482530000,21,Insert,i,22,"Dnes je vonku pekne, i"
wL7w4dmBmxSYXUEO9tYBUp6XaA22,7,1771464579100208000,1771464579095458000,22,Insert,d,23,"Dnes je vonku pekne, id"
wL7w4dmBmxSYXUEO9tYBUp6XaA22,7,1771464579278602000,1771464579274390000,23,Insert,e,24,"Dnes je vonku pekne, ide"
wL7w4dmBmxSYXUEO9tYBUp6XaA22,7,1771464579874794000,1771464579870819000,24,Insert,m,25,"Dnes je vonku pekne, idem"
wL7w4dmBmxSYXUEO9tYBUp6XaA22,7,1771464580224972000,1771464580217303000,25,Insert, ,26,"Dnes je vonku pekne, idem "
wL7w4dmBmxSYXUEO9tYBUp6XaA22,7,1771464580502664000,1771464580496797000,26,Insert,v,27,"Dnes je vonku pekne, idem v"
wL7w4dmBmxSYXUEO9tYBUp6XaA22,7,1771464581136331000,1771464581131762000,27,Insert,o,28,"Dnes je vonku pekne, idem vo"
wL7w4dmBmxSYXUEO9tYBUp6XaA22,7,1771464582028203000,1771464582021647000,28,Insert,n,29,"Dnes je vonku pekne, idem von"
wL7w4dmBmxSYXUEO9tYBUp6XaA22,7,1771464582279900000,1771464582273023000,29,Insert, ,30,"Dnes je vonku pekne, idem von "
wL7w4dmBmxSYXUEO9tYBUp6XaA22,7,1771464583104810000,1771464583100563000,30,Insert,s,31,"Dnes je vonku pekne, idem von s"
wL7w4dmBmxSYXUEO9tYBUp6XaA22,7,1771464583444223000,1771464583437552000,31,Insert,o,32,"Dnes je vonku pekne, idem von so"
wL7w4dmBmxSYXUEO9tYBUp6XaA22,7,1771464583895963000,1771464583888921000,32,Insert, ,33,"Dnes je vonku pekne, idem von so "
wL7w4dmBmxSYXUEO9tYBUp6XaA22,7,1771464584334894000,1771464584328920000,33,Insert,p,34,"Dnes je vonku pekne, idem von so p"
wL7w4dmBmxSYXUEO9tYBUp6XaA22,7,1771464584951980000,1771464584944420000,34,Insert,s,35,"Dnes je vonku pekne, idem von so ps"
wL7w4dmBmxSYXUEO9tYBUp6XaA22,7,1771464585797533000,1771464585790182000,35,Insert,o,36,"Dnes je vonku pekne, idem von so pso"
wL7w4dmBmxSYXUEO9tYBUp6XaA22,7,1771464586172203000,1771464586164230000,36,Insert,m,37,"Dnes je vonku pekne, idem von so psom"
wL7w4dmBmxSYXUEO9tYBUp6XaA22,7,1771464586944816000,1771464586936178000,37,Insert, ,38,"Dnes je vonku pekne, idem von so psom "
wL7w4dmBmxSYXUEO9tYBUp6XaA22,7,1771464587233556000,1771464587226168000,38,Insert,n,39,"Dnes je vonku pekne, idem von so psom n"
wL7w4dmBmxSYXUEO9tYBUp6XaA22,7,1771464587597088000,1771464587588476000,39,Insert,a,40,"Dnes je vonku pekne, idem von so psom na"
wL7w4dmBmxSYXUEO9tYBUp6XaA22,7,1771464587918002000,1771464587912735000,40,Insert, ,41,"Dnes je vonku pekne, idem von so psom na "
wL7w4dmBmxSYXUEO9tYBUp6XaA22,7,1771464588304027000,1771464588296938000,41,Insert,d,42,"Dnes je vonku pekne, idem von so psom na d"
wL7w4dmBmxSYXUEO9tYBUp6XaA22,7,1771464588602165000,1771464588595203000,42,Insert,v,43,"Dnes je vonku pekne, idem von so psom na dv"
wL7w4dmBmxSYXUEO9tYBUp6XaA22,7,1771464588956443000,1771464588951813000,43,Insert,o,44,"Dnes je vonku pekne, idem von so psom na dvo"
wL7w4dmBmxSYXUEO9tYBUp6XaA22,7,1771464589464039000,1771464589459155000,44,Insert,r,45,"Dnes je vonku pekne, idem von so psom na dvor"
wL7w4dmBmxSYXUEO9tYBUp6XaA22,7,1771464590704861000,1771464590691972000,45,Insert, ,46,"Dnes je vonku pekne, idem von so psom na dvor "
wL7w4dmBmxSYXUEO9tYBUp6XaA22,7,1771464591018847000,1771464591015129000,46,Insert,a,47,"Dnes je vonku pekne, idem von so psom na dvor a"
wL7w4dmBmxSYXUEO9tYBUp6XaA22,7,1771464591420686000,1771464591412015000,47,Insert, ,48,"Dnes je vonku pekne, idem von so psom na dvor a "
wL7w4dmBmxSYXUEO9tYBUp6XaA22,7,1771464591727201000,1771464591723199000,48,Insert,b,49,"Dnes je vonku pekne, idem von so psom na dvor a b"
wL7w4dmBmxSYXUEO9tYBUp6XaA22,7,1771464592010584000,1771464592004310000,49,Insert,u,50,"Dnes je vonku pekne, idem von so psom na dvor a bu"
wL7w4dmBmxSYXUEO9tYBUp6XaA22,7,1771464592628157000,1771464592624176000,50,Insert,d,51,"Dnes je vonku pekne, idem von so psom na dvor a bud"
wL7w4dmBmxSYXUEO9tYBUp6XaA22,7,1771464592856056000,1771464592846305000,51,Insert,e,52,"Dnes je vonku pekne, idem von so psom na dvor a bude"
wL7w4dmBmxSYXUEO9tYBUp6XaA22,7,1771464593504062000,1771464593497877000,52,Insert,m,53,"Dnes je vonku pekne, idem von so psom na dvor a budem"
wL7w4dmBmxSYXUEO9tYBUp6XaA22,7,1771464593818766000,1771464593811288000,53,Insert, ,54,"Dnes je vonku pekne, idem von so psom na dvor a budem "
wL7w4dmBmxSYXUEO9tYBUp6XaA22,7,1771464594155567000,1771464594147690000,54,Insert,t,55,"Dnes je vonku pekne, idem von so psom na dvor a budem t"
wL7w4dmBmxSYXUEO9tYBUp6XaA22,7,1771464594463763000,1771464594457186000,55,Insert,a,56,"Dnes je vonku pekne, idem von so psom na dvor a budem ta"
wL7w4dmBmxSYXUEO9tYBUp6XaA22,7,1771464594884875000,1771464594878529000,56,Insert,m,57,"Dnes je vonku pekne, idem von so psom na dvor a budem tam"
wL7w4dmBmxSYXUEO9tYBUp6XaA22,7,1771464595727256000,1771464595719126000,57,Insert, ,58,"Dnes je vonku pekne, idem von so psom na dvor a budem tam "
wL7w4dmBmxSYXUEO9tYBUp6XaA22,7,1771464596108603000,1771464596099304000,58,Insert,a,59,"Dnes je vonku pekne, idem von so psom na dvor a budem tam a"
wL7w4dmBmxSYXUEO9tYBUp6XaA22,7,1771464596361780000,1771464596354741000,59,Insert,s,60,"Dnes je vonku pekne, idem von so psom na dvor a budem tam as"
wL7w4dmBmxSYXUEO9tYBUp6XaA22,7,1771464596791270000,1771464596784419000,60,Insert,i,61,"Dnes je vonku pekne, idem von so psom na dvor a budem tam asi"
wL7w4dmBmxSYXUEO9tYBUp6XaA22,7,1771464597368478000,1771464597358686000,61,Insert, ,62,"Dnes je vonku pekne, idem von so psom na dvor a budem tam asi "
wL7w4dmBmxSYXUEO9tYBUp6XaA22,7,1771464597675928000,1771464597670374000,62,Insert,h,63,"Dnes je vonku pekne, idem von so psom na dvor a budem tam asi h"
wL7w4dmBmxSYXUEO9tYBUp6XaA22,7,1771464597993887000,1771464597986286000,63,Insert,o,64,"Dnes je vonku pekne, idem von so psom na dvor a budem tam asi ho"
wL7w4dmBmxSYXUEO9tYBUp6XaA22,7,1771464598577213000,1771464598572626000,64,Insert,d,65,"Dnes je vonku pekne, idem von so psom na dvor a budem tam asi hod"
wL7w4dmBmxSYXUEO9tYBUp6XaA22,7,1771464599034676000,1771464599027627000,65,Insert,i,66,"Dnes je vonku pekne, idem von so psom na dvor a budem tam asi hodi"
wL7w4dmBmxSYXUEO9tYBUp6XaA22,7,1771464599647200000,1771464599639096000,66,Insert,n,67,"Dnes je vonku pekne, idem von so psom na dvor a budem tam asi hodin"
wL7w4dmBmxSYXUEO9tYBUp6XaA22,7,1771464599972301000,1771464599964434000,67,Insert,t,68,"Dnes je vonku pekne, idem von so psom na dvor a budem tam asi hodint"
wL7w4dmBmxSYXUEO9tYBUp6XaA22,7,1771464600866145000,1771464600861170000,68,Delete,t,67,"Dnes je vonku pekne, idem von so psom na dvor a budem tam asi hodin"
wL7w4dmBmxSYXUEO9tYBUp6XaA22,7,1771464601247983000,1771464601241019000,67,Insert,u,68,"Dnes je vonku pekne, idem von so psom na dvor a budem tam asi hodinu"
wL7w4dmBmxSYXUEO9tYBUp6XaA22,7,1771464602365059000,1771464602357599000,68,Insert,",",69,"Dnes je vonku pekne, idem von so psom na dvor a budem tam asi hodinu,"
wL7w4dmBmxSYXUEO9tYBUp6XaA22,7,1771464602792554000,1771464602785802000,69,Insert, ,70,"Dnes je vonku pekne, idem von so psom na dvor a budem tam asi hodinu, "
wL7w4dmBmxSYXUEO9tYBUp6XaA22,7,1771464603111828000,1771464603105355000,70,Insert,b,71,"Dnes je vonku pekne, idem von so psom na dvor a budem tam asi hodinu, b"
wL7w4dmBmxSYXUEO9tYBUp6XaA22,7,1771464603345001000,1771464603338291000,71,Insert,u,72,"Dnes je vonku pekne, idem von so psom na dvor a budem tam asi hodinu, bu"
wL7w4dmBmxSYXUEO9tYBUp6XaA22,7,1771464603810790000,1771464603804538000,72,Insert,d,73,"Dnes je vonku pekne, idem von so psom na dvor a budem tam asi hodinu, bud"
wL7w4dmBmxSYXUEO9tYBUp6XaA22,7,1771464603992614000,1771464603988687000,73,Insert,e,74,"Dnes je vonku pekne, idem von so psom na dvor a budem tam asi hodinu, bude"
wL7w4dmBmxSYXUEO9tYBUp6XaA22,7,1771464604410124000,1771464604405562000,74,Insert, ,75,"Dnes je vonku pekne, idem von so psom na dvor a budem tam asi hodinu, bude "
wL7w4dmBmxSYXUEO9tYBUp6XaA22,7,1771464604768512000,1771464604761380000,75,Insert,t,76,"Dnes je vonku pekne, idem von so psom na dvor a budem tam asi hodinu, bude t"
wL7w4dmBmxSYXUEO9tYBUp6XaA22,7,1771464605304394000,1771464605300434000,76,Insert,o,77,"Dnes je vonku pekne, idem von so psom na dvor a budem tam asi hodinu, bude to"
wL7w4dmBmxSYXUEO9tYBUp6XaA22,7,1771464605935321000,1771464605926890000,77,Insert, ,78,"Dnes je vonku pekne, idem von so psom na dvor a budem tam asi hodinu, bude to "
wL7w4dmBmxSYXUEO9tYBUp6XaA22,7,1771464606278605000,1771464606269559000,78,Insert,f,79,"Dnes je vonku pekne, idem von so psom na dvor a budem tam asi hodinu, bude to f"
wL7w4dmBmxSYXUEO9tYBUp6XaA22,7,1771464606744562000,1771464606733979000,79,Insert,a,80,"Dnes je vonku pekne, idem von so psom na dvor a budem tam asi hodinu, bude to fa"
wL7w4dmBmxSYXUEO9tYBUp6XaA22,7,1771464607313811000,1771464607308379000,80,Insert,j,81,"Dnes je vonku pekne, idem von so psom na dvor a budem tam asi hodinu, bude to faj"
wL7w4dmBmxSYXUEO9tYBUp6XaA22,7,1771464608026568000,1771464608022263000,81,Insert,n,82,"Dnes je vonku pekne, idem von so psom na dvor a budem tam asi hodinu, bude to fajn"
wL7w4dmBmxSYXUEO9tYBUp6XaA22,7,1771464608597907000,1771464608587255000,82,Insert,.,83,"Dnes je vonku pekne, idem von so psom na dvor a budem tam asi hodinu, bude to fajn."
wL7w4dmBmxSYXUEO9tYBUp6XaA22,8,1771464610380697000,1771464610372368000,0,Insert,D,1,D
wL7w4dmBmxSYXUEO9tYBUp6XaA22,8,1771464610698982000,1771464610693193000,1,Insert,n,2,Dn
wL7w4dmBmxSYXUEO9tYBUp6XaA22,8,1771464611038065000,1771464611032195000,2,Insert,e,3,Dne
wL7w4dmBmxSYXUEO9tYBUp6XaA22,8,1771464611230830000,1771464611225354000,3,Insert,s,4,Dnes
wL7w4dmBmxSYXUEO9tYBUp6XaA22,8,1771464611529824000,1771464611522825000,4,Insert, ,5,Dnes 
wL7w4dmBmxSYXUEO9tYBUp6XaA22,8,1771464611834543000,1771464611827650000,5,Insert,j,6,Dnes j
wL7w4dmBmxSYXUEO9tYBUp6XaA22,8,1771464612143537000,1771464612134177000,6,Insert,e,7,Dnes je
wL7w4dmBmxSYXUEO9tYBUp6XaA22,8,1771464612788332000,1771464612779598000,7,Insert, ,8,Dnes je 
wL7w4dmBmxSYXUEO9tYBUp6XaA22,8,1771464613003613000,1771464612997454000,8,Insert,v,9,Dnes je v
wL7w4dmBmxSYXUEO9tYBUp6XaA22,8,1771464613334312000,1771464613329478000,9,Insert,o,10,Dnes je vo
wL7w4dmBmxSYXUEO9tYBUp6XaA22,8,1771464613895241000,1771464613890939000,10,Insert,n,11,Dnes je von
wL7w4dmBmxSYXUEO9tYBUp6XaA22,8,1771464614145337000,1771464614138804000,11,Insert,k,12,Dnes je vonk
wL7w4dmBmxSYXUEO9tYBUp6XaA22,8,1771464614339034000,1771464614333532000,12,Insert,u,13,Dnes je vonku
wL7w4dmBmxSYXUEO9tYBUp6XaA22,8,1771464614778786000,1771464614772356000,13,Insert, ,14,Dnes je vonku 
wL7w4dmBmxSYXUEO9tYBUp6XaA22,8,1771464615200903000,1771464615195087000,14,Insert,p,15,Dnes je vonku p
wL7w4dmBmxSYXUEO9tYBUp6XaA22,8,1771464615585624000,1771464615579689000,15,Insert,e,16,Dnes je vonku pe
wL7w4dmBmxSYXUEO9tYBUp6XaA22,8,1771464616059209000,1771464616052683000,16,Insert,k,17,Dnes je vonku pek
wL7w4dmBmxSYXUEO9tYBUp6XaA22,8,1771464616484161000,1771464616477304000,17,Insert,n,18,Dnes je vonku pekn
wL7w4dmBmxSYXUEO9tYBUp6XaA22,8,1771464616851761000,1771464616845565000,18,Insert,e,19,Dnes je vonku pekne
wL7w4dmBmxSYXUEO9tYBUp6XaA22,8,1771464617983064000,1771464617971353000,19,Insert,",",20,"Dnes je vonku pekne,"
wL7w4dmBmxSYXUEO9tYBUp6XaA22,8,1771464618360521000,1771464618356563000,20,Insert, ,21,"Dnes je vonku pekne, "
wL7w4dmBmxSYXUEO9tYBUp6XaA22,8,1771464618749271000,1771464618742440000,21,Insert,i,22,"Dnes je vonku pekne, i"
wL7w4dmBmxSYXUEO9tYBUp6XaA22,8,1771464619293753000,1771464619289879000,22,Insert,d,23,"Dnes je vonku pekne, id"
wL7w4dmBmxSYXUEO9tYBUp6XaA22,8,1771464619511489000,1771464619503191000,23,Insert,e,24,"Dnes je vonku pekne, ide"
wL7w4dmBmxSYXUEO9tYBUp6XaA22,8,1771464619892129000,1771464619888298000,24,Insert,m,25,"Dnes je vonku pekne, idem"
wL7w4dmBmxSYXUEO9tYBUp6XaA22,8,1771464620235637000,1771464620229975000,25,Insert, ,26,"Dnes je vonku pekne, idem "
wL7w4dmBmxSYXUEO9tYBUp6XaA22,8,1771464620487374000,1771464620481157000,26,Insert,v,27,"Dnes je vonku pekne, idem v"
wL7w4dmBmxSYXUEO9tYBUp6XaA22,8,1771464620768237000,1771464620761625000,27,Insert,o,28,"Dnes je vonku pekne, idem vo"
wL7w4dmBmxSYXUEO9tYBUp6XaA22,8,1771464621400088000,1771464621394215000,28,Insert,n,29,"Dnes je vonku pekne, idem von"
wL7w4dmBmxSYXUEO9tYBUp6XaA22,8,1771464621656134000,1771464621647963000,29,Insert, ,30,"Dnes je vonku pekne, idem von "
wL7w4dmBmxSYXUEO9tYBUp6XaA22,8,1771464621938288000,1771464621932389000,30,Insert,s,31,"Dnes je vonku pekne, idem von s"
wL7w4dmBmxSYXUEO9tYBUp6XaA22,8,1771464622412146000,1771464622404828000,31,Insert,o,32,"Dnes je vonku pekne, idem von so"
wL7w4dmBmxSYXUEO9tYBUp6XaA22,8,1771464622753544000,1771464622747282000,32,Insert, ,33,"Dnes je vonku pekne, idem von so "
wL7w4dmBmxSYXUEO9tYBUp6XaA22,8,1771464623436996000,1771464623431226000,33,Insert,p,34,"Dnes je vonku pekne, idem von so p"
wL7w4dmBmxSYXUEO9tYBUp6XaA22,8,1771464623965222000,1771464623960435000,34,Insert,s,35,"Dnes je vonku pekne, idem von so ps"
wL7w4dmBmxSYXUEO9tYBUp6XaA22,8,1771464624474635000,1771464624468732000,35,Insert,o,36,"Dnes je vonku pekne, idem von so pso"
wL7w4dmBmxSYXUEO9tYBUp6XaA22,8,1771464624887910000,1771464624881344000,36,Insert,m,37,"Dnes je vonku pekne, idem von so psom"
wL7w4dmBmxSYXUEO9tYBUp6XaA22,8,1771464626413610000,1771464626406385000,37,Insert, ,38,"Dnes je vonku pekne, idem von so psom "
wL7w4dmBmxSYXUEO9tYBUp6XaA22,8,1771464626790054000,1771464626783014000,38,Insert,n,39,"Dnes je vonku pekne, idem von so psom n"
wL7w4dmBmxSYXUEO9tYBUp6XaA22,8,1771464627218167000,1771464627212012000,39,Insert,a,40,"Dnes je vonku pekne, idem von so psom na"
wL7w4dmBmxSYXUEO9tYBUp6XaA22,8,1771464632898033000,1771464632889393000,40,Insert, ,41,"Dnes je vonku pekne, idem von so psom na "
wL7w4dmBmxSYXUEO9tYBUp6XaA22,8,1771464636603592000,1771464636596461000,41,Insert,d,42,"Dnes je vonku pekne, idem von so psom na d"
wL7w4dmBmxSYXUEO9tYBUp6XaA22,8,1771464636919834000,1771464636912654000,42,Insert,v,43,"Dnes je vonku pekne, idem von so psom na dv"
wL7w4dmBmxSYXUEO9tYBUp6XaA22,8,1771464637190910000,1771464637184389000,43,Insert,i,44,"Dnes je vonku pekne, idem von so psom na dvi"
wL7w4dmBmxSYXUEO9tYBUp6XaA22,8,1771464638034881000,1771464638029439000,44,Delete,i,43,"Dnes je vonku pekne, idem von so psom na dv"
wL7w4dmBmxSYXUEO9tYBUp6XaA22,8,1771464638348503000,1771464638338551000,43,Insert,o,44,"Dnes je vonku pekne, idem von so psom na dvo"
wL7w4dmBmxSYXUEO9tYBUp6XaA22,8,1771464638945727000,1771464638937601000,44,Insert,r,45,"Dnes je vonku pekne, idem von so psom na dvor"
wL7w4dmBmxSYXUEO9tYBUp6XaA22,8,1771464639892304000,1771464639884868000,45,Insert, ,46,"Dnes je vonku pekne, idem von so psom na dvor "
wL7w4dmBmxSYXUEO9tYBUp6XaA22,8,1771464640203763000,1771464640196366000,46,Insert,a,47,"Dnes je vonku pekne, idem von so psom na dvor a"
wL7w4dmBmxSYXUEO9tYBUp6XaA22,8,1771464640905919000,1771464640897074000,47,Insert, ,48,"Dnes je vonku pekne, idem von so psom na dvor a "
wL7w4dmBmxSYXUEO9tYBUp6XaA22,8,1771464641131864000,1771464641125590000,48,Insert,b,49,"Dnes je vonku pekne, idem von so psom na dvor a b"
wL7w4dmBmxSYXUEO9tYBUp6XaA22,8,1771464641378788000,1771464641371302000,49,Insert,z,50,"Dnes je vonku pekne, idem von so psom na dvor a bz"
wL7w4dmBmxSYXUEO9tYBUp6XaA22,8,1771464642044662000,1771464642038107000,50,Delete,z,49,"Dnes je vonku pekne, idem von so psom na dvor a b"
wL7w4dmBmxSYXUEO9tYBUp6XaA22,8,1771464642469932000,1771464642462636000,49,Insert,i,50,"Dnes je vonku pekne, idem von so psom na dvor a bi"
wL7w4dmBmxSYXUEO9tYBUp6XaA22,8,1771464643160470000,1771464643152968000,50,Delete,i,49,"Dnes je vonku pekne, idem von so psom na dvor a b"
wL7w4dmBmxSYXUEO9tYBUp6XaA22,8,1771464643546137000,1771464643538250000,49,Insert,u,50,"Dnes je vonku pekne, idem von so psom na dvor a bu"
wL7w4dmBmxSYXUEO9tYBUp6XaA22,8,1771464644158695000,1771464644150072000,50,Insert,d,51,"Dnes je vonku pekne, idem von so psom na dvor a bud"
wL7w4dmBmxSYXUEO9tYBUp6XaA22,8,1771464644317362000,1771464644312939000,51,Insert,e,52,"Dnes je vonku pekne, idem von so psom na dvor a bude"
wL7w4dmBmxSYXUEO9tYBUp6XaA22,8,1771464644735838000,1771464644732204000,52,Insert,m,53,"Dnes je vonku pekne, idem von so psom na dvor a budem"
wL7w4dmBmxSYXUEO9tYBUp6XaA22,8,1771464645092177000,1771464645085379000,53,Insert, ,54,"Dnes je vonku pekne, idem von so psom na dvor a budem "
wL7w4dmBmxSYXUEO9tYBUp6XaA22,8,1771464645402740000,1771464645398887000,54,Insert,t,55,"Dnes je vonku pekne, idem von so psom na dvor a budem t"
wL7w4dmBmxSYXUEO9tYBUp6XaA22,8,1771464645730932000,1771464645721052000,55,Insert,a,56,"Dnes je vonku pekne, idem von so psom na dvor a budem ta"
wL7w4dmBmxSYXUEO9tYBUp6XaA22,8,1771464646343680000,1771464646336391000,56,Insert,m,57,"Dnes je vonku pekne, idem von so psom na dvor a budem tam"
wL7w4dmBmxSYXUEO9tYBUp6XaA22,8,1771464648854355000,1771464648841295000,57,Insert, ,58,"Dnes je vonku pekne, idem von so psom na dvor a budem tam "
wL7w4dmBmxSYXUEO9tYBUp6XaA22,8,1771464649774291000,1771464649769852000,58,Insert,a,59,"Dnes je vonku pekne, idem von so psom na dvor a budem tam a"
wL7w4dmBmxSYXUEO9tYBUp6XaA22,8,1771464650227838000,1771464650220228000,59,Insert,s,60,"Dnes je vonku pekne, idem von so psom na dvor a budem tam as"
wL7w4dmBmxSYXUEO9tYBUp6XaA22,8,1771464650712876000,1771464650703880000,60,Insert,i,61,"Dnes je vonku pekne, idem von so psom na dvor a budem tam asi"
wL7w4dmBmxSYXUEO9tYBUp6XaA22,8,1771464651109413000,1771464651102642000,61,Insert, ,62,"Dnes je vonku pekne, idem von so psom na dvor a budem tam asi "
wL7w4dmBmxSYXUEO9tYBUp6XaA22,8,1771464651571071000,1771464651564078000,62,Insert,h,63,"Dnes je vonku pekne, idem von so psom na dvor a budem tam asi h"
wL7w4dmBmxSYXUEO9tYBUp6XaA22,8,1771464651919372000,1771464651912277000,63,Insert,o,64,"Dnes je vonku pekne, idem von so psom na dvor a budem tam asi ho"
wL7w4dmBmxSYXUEO9tYBUp6XaA22,8,1771464652420085000,1771464652415559000,64,Insert,d,65,"Dnes je vonku pekne, idem von so psom na dvor a budem tam asi hod"
wL7w4dmBmxSYXUEO9tYBUp6XaA22,8,1771464652883548000,1771464652875206000,65,Insert,i,66,"Dnes je vonku pekne, idem von so psom na dvor a budem tam asi hodi"
wL7w4dmBmxSYXUEO9tYBUp6XaA22,8,1771464653270506000,1771464653263347000,66,Insert,n,67,"Dnes je vonku pekne, idem von so psom na dvor a budem tam asi hodin"
wL7w4dmBmxSYXUEO9tYBUp6XaA22,8,1771464653587111000,1771464653579473000,67,Insert,u,68,"Dnes je vonku pekne, idem von so psom na dvor a budem tam asi hodinu"
wL7w4dmBmxSYXUEO9tYBUp6XaA22,8,1771464654744382000,1771464654736465000,68,Insert,",",69,"Dnes je vonku pekne, idem von so psom na dvor a budem tam asi hodinu,"
wL7w4dmBmxSYXUEO9tYBUp6XaA22,8,1771464655049288000,1771464655042186000,69,Insert, ,70,"Dnes je vonku pekne, idem von so psom na dvor a budem tam asi hodinu, "
wL7w4dmBmxSYXUEO9tYBUp6XaA22,8,1771464655448170000,1771464655441263000,70,Insert,b,71,"Dnes je vonku pekne, idem von so psom na dvor a budem tam asi hodinu, b"
wL7w4dmBmxSYXUEO9tYBUp6XaA22,8,1771464655695564000,1771464655688860000,71,Insert,u,72,"Dnes je vonku pekne, idem von so psom na dvor a budem tam asi hodinu, bu"
wL7w4dmBmxSYXUEO9tYBUp6XaA22,8,1771464656094827000,1771464656088375000,72,Insert,d,73,"Dnes je vonku pekne, idem von so psom na dvor a budem tam asi hodinu, bud"
wL7w4dmBmxSYXUEO9tYBUp6XaA22,8,1771464656259416000,1771464656254974000,73,Insert,e,74,"Dnes je vonku pekne, idem von so psom na dvor a budem tam asi hodinu, bude"
wL7w4dmBmxSYXUEO9tYBUp6XaA22,8,1771464656718773000,1771464656711862000,74,Insert, ,75,"Dnes je vonku pekne, idem von so psom na dvor a budem tam asi hodinu, bude "
wL7w4dmBmxSYXUEO9tYBUp6XaA22,8,1771464657072357000,1771464657065451000,75,Insert,t,76,"Dnes je vonku pekne, idem von so psom na dvor a budem tam asi hodinu, bude t"
wL7w4dmBmxSYXUEO9tYBUp6XaA22,8,1771464657564032000,1771464657559776000,76,Insert,o,77,"Dnes je vonku pekne, idem von so psom na dvor a budem tam asi hodinu, bude to"
wL7w4dmBmxSYXUEO9tYBUp6XaA22,8,1771464658159910000,1771464658151627000,77,Insert, ,78,"Dnes je vonku pekne, idem von so psom na dvor a budem tam asi hodinu, bude to "
wL7w4dmBmxSYXUEO9tYBUp6XaA22,8,1771464658540469000,1771464658533888000,78,Insert,f,79,"Dnes je vonku pekne, idem von so psom na dvor a budem tam asi hodinu, bude to f"
wL7w4dmBmxSYXUEO9tYBUp6XaA22,8,1771464658959246000,1771464658952628000,79,Insert,a,80,"Dnes je vonku pekne, idem von so psom na dvor a budem tam asi hodinu, bude to fa"
wL7w4dmBmxSYXUEO9tYBUp6XaA22,8,1771464659559025000,1771464659553888000,80,Insert,j,81,"Dnes je vonku pekne, idem von so psom na dvor a budem tam asi hodinu, bude to faj"
wL7w4dmBmxSYXUEO9tYBUp6XaA22,8,1771464659853723000,1771464659846881000,81,Insert,n,82,"Dnes je vonku pekne, idem von so psom na dvor a budem tam asi hodinu, bude to fajn"
wL7w4dmBmxSYXUEO9tYBUp6XaA22,8,1771464660643975000,1771464660630143000,82,Insert,.,83,"Dnes je vonku pekne, idem von so psom na dvor a budem tam asi hodinu, bude to fajn."
wL7w4dmBmxSYXUEO9tYBUp6XaA22,9,1771464662201876000,1771464662191604000,0,Insert,D,1,D
wL7w4dmBmxSYXUEO9tYBUp6XaA22,9,1771464662558760000,1771464662552021000,1,Insert,n,2,Dn
wL7w4dmBmxSYXUEO9tYBUp6XaA22,9,1771464662956396000,1771464662950603000,2,Insert,e,3,Dne
wL7w4dmBmxSYXUEO9tYBUp6XaA22,9,1771464663175454000,1771464663168091000,3,Insert,s,4,Dnes
wL7w4dmBmxSYXUEO9tYBUp6XaA22,9,1771464663646587000,1771464663642401000,4,Insert, ,5,Dnes 
wL7w4dmBmxSYXUEO9tYBUp6XaA22,9,1771464663941520000,1771464663935650000,5,Insert,j,6,Dnes j
wL7w4dmBmxSYXUEO9tYBUp6XaA22,9,1771464664221898000,1771464664216016000,6,Insert,e,7,Dnes je
wL7w4dmBmxSYXUEO9tYBUp6XaA22,9,1771464664603106000,1771464664596812000,7,Insert, ,8,Dnes je 
wL7w4dmBmxSYXUEO9tYBUp6XaA22,9,1771464664855652000,1771464664852002000,8,Insert,v,9,Dnes je v
wL7w4dmBmxSYXUEO9tYBUp6XaA22,9,1771464665722352000,1771464665716192000,9,Insert,o,10,Dnes je vo
wL7w4dmBmxSYXUEO9tYBUp6XaA22,9,1771464666459339000,1771464666453372000,10,Insert,n,11,Dnes je von
wL7w4dmBmxSYXUEO9tYBUp6XaA22,9,1771464666755993000,1771464666750099000,11,Insert,k,12,Dnes je vonk
wL7w4dmBmxSYXUEO9tYBUp6XaA22,9,1771464666963187000,1771464666956670000,12,Insert,u,13,Dnes je vonku
wL7w4dmBmxSYXUEO9tYBUp6XaA22,9,1771464667556132000,1771464667551891000,13,Insert, ,14,Dnes je vonku 
wL7w4dmBmxSYXUEO9tYBUp6XaA22,9,1771464667955022000,1771464667949150000,14,Insert,p,15,Dnes je vonku p
wL7w4dmBmxSYXUEO9tYBUp6XaA22,9,1771464668484473000,1771464668476630000,15,Insert,e,16,Dnes je vonku pe
wL7w4dmBmxSYXUEO9tYBUp6XaA22,9,1771464668938527000,1771464668930801000,16,Insert,k,17,Dnes je vonku pek
wL7w4dmBmxSYXUEO9tYBUp6XaA22,9,1771464669334858000,1771464669326764000,17,Insert,n,18,Dnes je vonku pekn
wL7w4dmBmxSYXUEO9tYBUp6XaA22,9,1771464669808639000,1771464669802705000,18,Insert,e,19,Dnes je vonku pekne
wL7w4dmBmxSYXUEO9tYBUp6XaA22,9,1771464670869937000,1771464670860834000,19,Insert,",",20,"Dnes je vonku pekne,"
wL7w4dmBmxSYXUEO9tYBUp6XaA22,9,1771464671873289000,1771464671865956000,20,Insert, ,21,"Dnes je vonku pekne, "
wL7w4dmBmxSYXUEO9tYBUp6XaA22,9,1771464672294406000,1771464672288215000,21,Insert,i,22,"Dnes je vonku pekne, i"
wL7w4dmBmxSYXUEO9tYBUp6XaA22,9,1771464672843039000,1771464672835975000,22,Insert,d,23,"Dnes je vonku pekne, id"
wL7w4dmBmxSYXUEO9tYBUp6XaA22,9,1771464673031106000,1771464673025973000,23,Insert,e,24,"Dnes je vonku pekne, ide"
wL7w4dmBmxSYXUEO9tYBUp6XaA22,9,1771464673670514000,1771464673659943000,24,Insert,m,25,"Dnes je vonku pekne, idem"
wL7w4dmBmxSYXUEO9tYBUp6XaA22,9,1771464673924370000,1771464673916598000,25,Insert, ,26,"Dnes je vonku pekne, idem "
wL7w4dmBmxSYXUEO9tYBUp6XaA22,9,1771464674943298000,1771464674939390000,26,Insert,v,27,"Dnes je vonku pekne, idem v"
wL7w4dmBmxSYXUEO9tYBUp6XaA22,9,1771464675373123000,1771464675365603000,27,Insert,o,28,"Dnes je vonku pekne, idem vo"
wL7w4dmBmxSYXUEO9tYBUp6XaA22,9,1771464675895571000,1771464675888787000,28,Insert,n,29,"Dnes je vonku pekne, idem von"
wL7w4dmBmxSYXUEO9tYBUp6XaA22,9,1771464676124520000,1771464676117664000,29,Insert, ,30,"Dnes je vonku pekne, idem von "
wL7w4dmBmxSYXUEO9tYBUp6XaA22,9,1771464677243826000,1771464677236594000,30,Insert,s,31,"Dnes je vonku pekne, idem von s"
wL7w4dmBmxSYXUEO9tYBUp6XaA22,9,1771464677718504000,1771464677711186000,31,Insert,o,32,"Dnes je vonku pekne, idem von so"
wL7w4dmBmxSYXUEO9tYBUp6XaA22,9,1771464678152320000,1771464678145510000,32,Insert, ,33,"Dnes je vonku pekne, idem von so "
wL7w4dmBmxSYXUEO9tYBUp6XaA22,9,1771464678613543000,1771464678607598000,33,Insert,p,34,"Dnes je vonku pekne, idem von so p"
wL7w4dmBmxSYXUEO9tYBUp6XaA22,9,1771464679216730000,1771464679212221000,34,Insert,s,35,"Dnes je vonku pekne, idem von so ps"
wL7w4dmBmxSYXUEO9tYBUp6XaA22,9,1771464679752559000,1771464679748709000,35,Insert,o,36,"Dnes je vonku pekne, idem von so pso"
wL7w4dmBmxSYXUEO9tYBUp6XaA22,9,1771464680177091000,1771464680170995000,36,Insert,m,37,"Dnes je vonku pekne, idem von so psom"
wL7w4dmBmxSYXUEO9tYBUp6XaA22,9,1771464681477878000,1771464681470093000,37,Insert, ,38,"Dnes je vonku pekne, idem von so psom "
wL7w4dmBmxSYXUEO9tYBUp6XaA22,9,1771464681796920000,1771464681789940000,38,Insert,n,39,"Dnes je vonku pekne, idem von so psom n"
wL7w4dmBmxSYXUEO9tYBUp6XaA22,9,1771464682242518000,1771464682236209000,39,Insert,a,40,"Dnes je vonku pekne, idem von so psom na"
wL7w4dmBmxSYXUEO9tYBUp6XaA22,9,1771464682640140000,1771464682632547000,40,Insert, ,41,"Dnes je vonku pekne, idem von so psom na "
wL7w4dmBmxSYXUEO9tYBUp6XaA22,9,1771464682970861000,1771464682964398000,41,Insert,d,42,"Dnes je vonku pekne, idem von so psom na d"
wL7w4dmBmxSYXUEO9tYBUp6XaA22,9,1771464683547221000,1771464683542669000,42,Insert,v,43,"Dnes je vonku pekne, idem von so psom na dv"
wL7w4dmBmxSYXUEO9tYBUp6XaA22,9,1771464684088531000,1771464684082710000,43,Insert,o,44,"Dnes je vonku pekne, idem von so psom na dvo"
wL7w4dmBmxSYXUEO9tYBUp6XaA22,9,1771464684686275000,1771464684678108000,44,Insert,r,45,"Dnes je vonku pekne, idem von so psom na dvor"
wL7w4dmBmxSYXUEO9tYBUp6XaA22,9,1771464685908678000,1771464685901444000,45,Insert, ,46,"Dnes je vonku pekne, idem von so psom na dvor "
wL7w4dmBmxSYXUEO9tYBUp6XaA22,9,1771464686231824000,1771464686226538000,46,Insert,a,47,"Dnes je vonku pekne, idem von so psom na dvor a"
wL7w4dmBmxSYXUEO9tYBUp6XaA22,9,1771464686567573000,1771464686560928000,47,Insert, ,48,"Dnes je vonku pekne, idem von so psom na dvor a "
wL7w4dmBmxSYXUEO9tYBUp6XaA22,9,1771464686862104000,1771464686855029000,48,Insert,b,49,"Dnes je vonku pekne, idem von so psom na dvor a b"
wL7w4dmBmxSYXUEO9tYBUp6XaA22,9,1771464687176958000,1771464687169390000,49,Insert,u,50,"Dnes je vonku pekne, idem von so psom na dvor a bu"
wL7w4dmBmxSYXUEO9tYBUp6XaA22,9,1771464687767633000,1771464687758169000,50,Insert,d,51,"Dnes je vonku pekne, idem von so psom na dvor a bud"
wL7w4dmBmxSYXUEO9tYBUp6XaA22,9,1771464687973287000,1771464687967274000,51,Insert,e,52,"Dnes je vonku pekne, idem von so psom na dvor a bude"
wL7w4dmBmxSYXUEO9tYBUp6XaA22,9,1771464688631821000,1771464688623376000,52,Insert,m,53,"Dnes je vonku pekne, idem von so psom na dvor a budem"
wL7w4dmBmxSYXUEO9tYBUp6XaA22,9,1771464688908868000,1771464688902396000,53,Insert, ,54,"Dnes je vonku pekne, idem von so psom na dvor a budem "
wL7w4dmBmxSYXUEO9tYBUp6XaA22,9,1771464689237868000,1771464689228179000,54,Insert,t,55,"Dnes je vonku pekne, idem von so psom na dvor a budem t"
wL7w4dmBmxSYXUEO9tYBUp6XaA22,9,1771464689593438000,1771464689586080000,55,Insert,a,56,"Dnes je vonku pekne, idem von so psom na dvor a budem ta"
wL7w4dmBmxSYXUEO9tYBUp6XaA22,9,1771464690166524000,1771464690158610000,56,Insert,m,57,"Dnes je vonku pekne, idem von so psom na dvor a budem tam"
wL7w4dmBmxSYXUEO9tYBUp6XaA22,9,1771464695976601000,1771464695967429000,57,Insert, ,58,"Dnes je vonku pekne, idem von so psom na dvor a budem tam "
wL7w4dmBmxSYXUEO9tYBUp6XaA22,9,1771464696407136000,1771464696400824000,58,Insert,a,59,"Dnes je vonku pekne, idem von so psom na dvor a budem tam a"
wL7w4dmBmxSYXUEO9tYBUp6XaA22,9,1771464696618214000,1771464696611675000,59,Insert,s,60,"Dnes je vonku pekne, idem von so psom na dvor a budem tam as"
wL7w4dmBmxSYXUEO9tYBUp6XaA22,9,1771464697298593000,1771464697291836000,60,Insert,i,61,"Dnes je vonku pekne, idem von so psom na dvor a budem tam asi"
wL7w4dmBmxSYXUEO9tYBUp6XaA22,9,1771464699266810000,1771464699259899000,61,Insert, ,62,"Dnes je vonku pekne, idem von so psom na dvor a budem tam asi "
wL7w4dmBmxSYXUEO9tYBUp6XaA22,9,1771464699585646000,1771464699579710000,62,Insert,h,63,"Dnes je vonku pekne, idem von so psom na dvor a budem tam asi h"
wL7w4dmBmxSYXUEO9tYBUp6XaA22,9,1771464699881728000,1771464699877842000,63,Insert,o,64,"Dnes je vonku pekne, idem von so psom na dvor a budem tam asi ho"
wL7w4dmBmxSYXUEO9tYBUp6XaA22,9,1771464700433329000,1771464700424277000,64,Insert,d,65,"Dnes je vonku pekne, idem von so psom na dvor a budem tam asi hod"
wL7w4dmBmxSYXUEO9tYBUp6XaA22,9,1771464700828661000,1771464700821020000,65,Insert,i,66,"Dnes je vonku pekne, idem von so psom na dvor a budem tam asi hodi"
wL7w4dmBmxSYXUEO9tYBUp6XaA22,9,1771464701304573000,1771464701298360000,66,Insert,n,67,"Dnes je vonku pekne, idem von so psom na dvor a budem tam asi hodin"
wL7w4dmBmxSYXUEO9tYBUp6XaA22,9,1771464701867029000,1771464701859357000,67,Insert,u,68,"Dnes je vonku pekne, idem von so psom na dvor a budem tam asi hodinu"
wL7w4dmBmxSYXUEO9tYBUp6XaA22,9,1771464704343052000,1771464704333606000,68,Insert,",",69,"Dnes je vonku pekne, idem von so psom na dvor a budem tam asi hodinu,"
wL7w4dmBmxSYXUEO9tYBUp6XaA22,9,1771464704908025000,1771464704898400000,69,Insert, ,70,"Dnes je vonku pekne, idem von so psom na dvor a budem tam asi hodinu, "
wL7w4dmBmxSYXUEO9tYBUp6XaA22,9,1771464705237607000,1771464705230091000,70,Insert,b,71,"Dnes je vonku pekne, idem von so psom na dvor a budem tam asi hodinu, b"
wL7w4dmBmxSYXUEO9tYBUp6XaA22,9,1771464705491029000,1771464705483152000,71,Insert,z,72,"Dnes je vonku pekne, idem von so psom na dvor a budem tam asi hodinu, bz"
wL7w4dmBmxSYXUEO9tYBUp6XaA22,9,1771464705944491000,1771464705938419000,72,Insert,d,73,"Dnes je vonku pekne, idem von so psom na dvor a budem tam asi hodinu, bzd"
wL7w4dmBmxSYXUEO9tYBUp6XaA22,9,1771464706128620000,1771464706124377000,73,Insert,e,74,"Dnes je vonku pekne, idem von so psom na dvor a budem tam asi hodinu, bzde"
wL7w4dmBmxSYXUEO9tYBUp6XaA22,9,1771464706811470000,1771464706806397000,74,Delete,e,73,"Dnes je vonku pekne, idem von so psom na dvor a budem tam asi hodinu, bzd"
wL7w4dmBmxSYXUEO9tYBUp6XaA22,9,1771464707012210000,1771464707007408000,73,Delete,d,72,"Dnes je vonku pekne, idem von so psom na dvor a budem tam asi hodinu, bz"
wL7w4dmBmxSYXUEO9tYBUp6XaA22,9,1771464707238604000,1771464707234514000,72,Delete,z,71,"Dnes je vonku pekne, idem von so psom na dvor a budem tam asi hodinu, b"
wL7w4dmBmxSYXUEO9tYBUp6XaA22,9,1771464707693568000,1771464707687240000,71,Insert,u,72,"Dnes je vonku pekne, idem von so psom na dvor a budem tam asi hodinu, bu"
wL7w4dmBmxSYXUEO9tYBUp6XaA22,9,1771464708178947000,1771464708171031000,72,Insert,d,73,"Dnes je vonku pekne, idem von so psom na dvor a budem tam asi hodinu, bud"
wL7w4dmBmxSYXUEO9tYBUp6XaA22,9,1771464708369496000,1771464708365279000,73,Insert,e,74,"Dnes je vonku pekne, idem von so psom na dvor a budem tam asi hodinu, bude"
wL7w4dmBmxSYXUEO9tYBUp6XaA22,9,1771464711925170000,1771464711915159000,74,Insert, ,75,"Dnes je vonku pekne, idem von so psom na dvor a budem tam asi hodinu, bude "
wL7w4dmBmxSYXUEO9tYBUp6XaA22,9,1771464712190183000,1771464712182997000,75,Insert,t,76,"Dnes je vonku pekne, idem von so psom na dvor a budem tam asi hodinu, bude t"
wL7w4dmBmxSYXUEO9tYBUp6XaA22,9,1771464712567063000,1771464712563075000,76,Insert,o,77,"Dnes je vonku pekne, idem von so psom na dvor a budem tam asi hodinu, bude to"
wL7w4dmBmxSYXUEO9tYBUp6XaA22,9,1771464713153125000,1771464713142709000,77,Insert, ,78,"Dnes je vonku pekne, idem von so psom na dvor a budem tam asi hodinu, bude to "
wL7w4dmBmxSYXUEO9tYBUp6XaA22,9,1771464713457340000,1771464713450700000,78,Insert,f,79,"Dnes je vonku pekne, idem von so psom na dvor a budem tam asi hodinu, bude to f"
wL7w4dmBmxSYXUEO9tYBUp6XaA22,9,1771464713762303000,1771464713755305000,79,Insert,a,80,"Dnes je vonku pekne, idem von so psom na dvor a budem tam asi hodinu, bude to fa"
wL7w4dmBmxSYXUEO9tYBUp6XaA22,9,1771464714199178000,1771464714192557000,80,Insert,j,81,"Dnes je vonku pekne, idem von so psom na dvor a budem tam asi hodinu, bude to faj"
wL7w4dmBmxSYXUEO9tYBUp6XaA22,9,1771464714402991000,1771464714399128000,81,Insert,n,82,"Dnes je vonku pekne, idem von so psom na dvor a budem tam asi hodinu, bude to fajn"
wL7w4dmBmxSYXUEO9tYBUp6XaA22,9,1771464715734879000,1771464715724867000,82,Insert,.,83,"Dnes je vonku pekne, idem von so psom na dvor a budem tam asi hodinu, bude to fajn."
wL7w4dmBmxSYXUEO9tYBUp6XaA22,10,1771464717032817000,1771464717023829000,0,Insert,D,1,D
wL7w4dmBmxSYXUEO9tYBUp6XaA22,10,1771464717407725000,1771464717404098000,1,Insert,n,2,Dn
wL7w4dmBmxSYXUEO9tYBUp6XaA22,10,1771464717703754000,1771464717696220000,2,Insert,e,3,Dne
wL7w4dmBmxSYXUEO9tYBUp6XaA22,10,1771464717952629000,1771464717946653000,3,Insert,s,4,Dnes
wL7w4dmBmxSYXUEO9tYBUp6XaA22,10,1771464718210190000,1771464718203532000,4,Insert, ,5,Dnes 
wL7w4dmBmxSYXUEO9tYBUp6XaA22,10,1771464718444013000,1771464718437377000,5,Insert,j,6,Dnes j
wL7w4dmBmxSYXUEO9tYBUp6XaA22,10,1771464718683884000,1771464718677587000,6,Insert,e,7,Dnes je
wL7w4dmBmxSYXUEO9tYBUp6XaA22,10,1771464719070148000,1771464719063678000,7,Insert, ,8,Dnes je 
wL7w4dmBmxSYXUEO9tYBUp6XaA22,10,1771464719289461000,1771464719284303000,8,Insert,v,9,Dnes je v
wL7w4dmBmxSYXUEO9tYBUp6XaA22,10,1771464719555982000,1771464719550601000,9,Insert,i,10,Dnes je vi
wL7w4dmBmxSYXUEO9tYBUp6XaA22,10,1771464720171932000,1771464720166587000,10,Delete,i,9,Dnes je v
wL7w4dmBmxSYXUEO9tYBUp6XaA22,10,1771464720430617000,1771464720425468000,9,Insert,o,10,Dnes je vo
wL7w4dmBmxSYXUEO9tYBUp6XaA22,10,1771464721049568000,1771464721045438000,10,Insert,n,11,Dnes je von
wL7w4dmBmxSYXUEO9tYBUp6XaA22,10,1771464721320038000,1771464721312252000,11,Insert,k,12,Dnes je vonk
wL7w4dmBmxSYXUEO9tYBUp6XaA22,10,1771464721533656000,1771464721530189000,12,Insert,u,13,Dnes je vonku
wL7w4dmBmxSYXUEO9tYBUp6XaA22,10,1771464721969843000,1771464721961441000,13,Insert, ,14,Dnes je vonku 
wL7w4dmBmxSYXUEO9tYBUp6XaA22,10,1771464722394277000,1771464722390585000,14,Insert,p,15,Dnes je vonku p
wL7w4dmBmxSYXUEO9tYBUp6XaA22,10,1771464722886376000,1771464722882704000,15,Insert,e,16,Dnes je vonku pe
wL7w4dmBmxSYXUEO9tYBUp6XaA22,10,1771464723406168000,1771464723399332000,16,Insert,k,17,Dnes je vonku pek
wL7w4dmBmxSYXUEO9tYBUp6XaA22,10,1771464723786201000,1771464723782571000,17,Insert,n,18,Dnes je vonku pekn
wL7w4dmBmxSYXUEO9tYBUp6XaA22,10,1771464724152951000,1771464724149350000,18,Insert,e,19,Dnes je vonku pekne
wL7w4dmBmxSYXUEO9tYBUp6XaA22,10,1771464725747310000,1771464725735629000,19,Insert,",",20,"Dnes je vonku pekne,"
wL7w4dmBmxSYXUEO9tYBUp6XaA22,10,1771464726618495000,1771464726614569000,20,Insert, ,21,"Dnes je vonku pekne, "
wL7w4dmBmxSYXUEO9tYBUp6XaA22,10,1771464727019171000,1771464727013349000,21,Insert,i,22,"Dnes je vonku pekne, i"
wL7w4dmBmxSYXUEO9tYBUp6XaA22,10,1771464727537824000,1771464727532060000,22,Insert,d,23,"Dnes je vonku pekne, id"
wL7w4dmBmxSYXUEO9tYBUp6XaA22,10,1771464727717304000,1771464727712596000,23,Insert,e,24,"Dnes je vonku pekne, ide"
wL7w4dmBmxSYXUEO9tYBUp6XaA22,10,1771464728316769000,1771464728313025000,24,Insert,m,25,"Dnes je vonku pekne, idem"
wL7w4dmBmxSYXUEO9tYBUp6XaA22,10,1771464729351392000,1771464729340868000,25,Insert, ,26,"Dnes je vonku pekne, idem "
wL7w4dmBmxSYXUEO9tYBUp6XaA22,10,1771464729616925000,1771464729610979000,26,Insert,v,27,"Dnes je vonku pekne, idem v"
wL7w4dmBmxSYXUEO9tYBUp6XaA22,10,1771464729904483000,1771464729898501000,27,Insert,o,28,"Dnes je vonku pekne, idem vo"
wL7w4dmBmxSYXUEO9tYBUp6XaA22,10,1771464730334898000,1771464730328696000,28,Insert,n,29,"Dnes je vonku pekne, idem von"
wL7w4dmBmxSYXUEO9tYBUp6XaA22,10,1771464732059288000,1771464732049584000,29,Insert, ,30,"Dnes je vonku pekne, idem von "
wL7w4dmBmxSYXUEO9tYBUp6XaA22,10,1771464732452151000,1771464732444137000,30,Insert,d,31,"Dnes je vonku pekne, idem von d"
wL7w4dmBmxSYXUEO9tYBUp6XaA22,10,1771464732760156000,1771464732751890000,31,Insert,o,32,"Dnes je vonku pekne, idem von do"
wL7w4dmBmxSYXUEO9tYBUp6XaA22,10,1771464733468263000,1771464733463704000,32,Delete,o,31,"Dnes je vonku pekne, idem von d"
wL7w4dmBmxSYXUEO9tYBUp6XaA22,10,1771464733634192000,1771464733631084000,31,Delete,d,30,"Dnes je vonku pekne, idem von "
wL7w4dmBmxSYXUEO9tYBUp6XaA22,10,1771464734025132000,1771464734017641000,30,Insert,s,31,"Dnes je vonku pekne, idem von s"
wL7w4dmBmxSYXUEO9tYBUp6XaA22,10,1771464734503989000,1771464734496929000,31,Insert,o,32,"Dnes je vonku pekne, idem von so"
wL7w4dmBmxSYXUEO9tYBUp6XaA22,10,1771464734946560000,1771464734937754000,32,Insert, ,33,"Dnes je vonku pekne, idem von so "
wL7w4dmBmxSYXUEO9tYBUp6XaA22,10,1771464735394755000,1771464735388211000,33,Insert,p,34,"Dnes je vonku pekne, idem von so p"
wL7w4dmBmxSYXUEO9tYBUp6XaA22,10,1771464735923715000,1771464735919374000,34,Insert,s,35,"Dnes je vonku pekne, idem von so ps"
wL7w4dmBmxSYXUEO9tYBUp6XaA22,10,1771464736392021000,1771464736385634000,35,Insert,o,36,"Dnes je vonku pekne, idem von so pso"
wL7w4dmBmxSYXUEO9tYBUp6XaA22,10,1771464736812625000,1771464736803643000,36,Insert,m,37,"Dnes je vonku pekne, idem von so psom"
wL7w4dmBmxSYXUEO9tYBUp6XaA22,10,1771464738464356000,1771464738456836000,37,Insert, ,38,"Dnes je vonku pekne, idem von so psom "
wL7w4dmBmxSYXUEO9tYBUp6XaA22,10,1771464738752722000,1771464738743207000,38,Insert,n,39,"Dnes je vonku pekne, idem von so psom n"
wL7w4dmBmxSYXUEO9tYBUp6XaA22,10,1771464739144686000,1771464739139001000,39,Insert,a,40,"Dnes je vonku pekne, idem von so psom na"
wL7w4dmBmxSYXUEO9tYBUp6XaA22,10,1771464739502577000,1771464739495902000,40,Insert, ,41,"Dnes je vonku pekne, idem von so psom na "
wL7w4dmBmxSYXUEO9tYBUp6XaA22,10,1771464739785001000,1771464739776530000,41,Insert,d,42,"Dnes je vonku pekne, idem von so psom na d"
wL7w4dmBmxSYXUEO9tYBUp6XaA22,10,1771464740256829000,1771464740248552000,42,Insert,v,43,"Dnes je vonku pekne, idem von so psom na dv"
wL7w4dmBmxSYXUEO9tYBUp6XaA22,10,1771464740565744000,1771464740558574000,43,Insert,o,44,"Dnes je vonku pekne, idem von so psom na dvo"
wL7w4dmBmxSYXUEO9tYBUp6XaA22,10,1771464740977624000,1771464740971214000,44,Insert,r,45,"Dnes je vonku pekne, idem von so psom na dvor"
wL7w4dmBmxSYXUEO9tYBUp6XaA22,10,1771464742127112000,1771464742118452000,45,Insert, ,46,"Dnes je vonku pekne, idem von so psom na dvor "
wL7w4dmBmxSYXUEO9tYBUp6XaA22,10,1771464742431294000,1771464742425086000,46,Insert,a,47,"Dnes je vonku pekne, idem von so psom na dvor a"
wL7w4dmBmxSYXUEO9tYBUp6XaA22,10,1771464742800227000,1771464742792354000,47,Insert, ,48,"Dnes je vonku pekne, idem von so psom na dvor a "
wL7w4dmBmxSYXUEO9tYBUp6XaA22,10,1771464743087489000,1771464743081794000,48,Insert,b,49,"Dnes je vonku pekne, idem von so psom na dvor a b"
wL7w4dmBmxSYXUEO9tYBUp6XaA22,10,1771464743477581000,1771464743470213000,49,Insert,u,50,"Dnes je vonku pekne, idem von so psom na dvor a bu"
wL7w4dmBmxSYXUEO9tYBUp6XaA22,10,1771464743958770000,1771464743949553000,50,Insert,d,51,"Dnes je vonku pekne, idem von so psom na dvor a bud"
wL7w4dmBmxSYXUEO9tYBUp6XaA22,10,1771464744159796000,1771464744154625000,51,Insert,e,52,"Dnes je vonku pekne, idem von so psom na dvor a bude"
wL7w4dmBmxSYXUEO9tYBUp6XaA22,10,1771464744776485000,1771464744769099000,52,Insert,m,53,"Dnes je vonku pekne, idem von so psom na dvor a budem"
wL7w4dmBmxSYXUEO9tYBUp6XaA22,10,1771464745100450000,1771464745093872000,53,Insert, ,54,"Dnes je vonku pekne, idem von so psom na dvor a budem "
wL7w4dmBmxSYXUEO9tYBUp6XaA22,10,1771464745440107000,1771464745435350000,54,Insert,g,55,"Dnes je vonku pekne, idem von so psom na dvor a budem g"
wL7w4dmBmxSYXUEO9tYBUp6XaA22,10,1771464747333142000,1771464747326904000,55,Delete,g,54,"Dnes je vonku pekne, idem von so psom na dvor a budem "
wL7w4dmBmxSYXUEO9tYBUp6XaA22,10,1771464747727100000,1771464747721077000,54,Insert,t,55,"Dnes je vonku pekne, idem von so psom na dvor a budem t"
wL7w4dmBmxSYXUEO9tYBUp6XaA22,10,1771464748084954000,1771464748078918000,55,Insert,a,56,"Dnes je vonku pekne, idem von so psom na dvor a budem ta"
wL7w4dmBmxSYXUEO9tYBUp6XaA22,10,1771464748646813000,1771464748642281000,56,Insert,m,57,"Dnes je vonku pekne, idem von so psom na dvor a budem tam"
wL7w4dmBmxSYXUEO9tYBUp6XaA22,10,1771464753246476000,1771464753236817000,57,Insert, ,58,"Dnes je vonku pekne, idem von so psom na dvor a budem tam "
wL7w4dmBmxSYXUEO9tYBUp6XaA22,10,1771464754335022000,1771464754330487000,58,Insert,a,59,"Dnes je vonku pekne, idem von so psom na dvor a budem tam a"
wL7w4dmBmxSYXUEO9tYBUp6XaA22,10,1771464754597603000,1771464754589950000,59,Insert,s,60,"Dnes je vonku pekne, idem von so psom na dvor a budem tam as"
wL7w4dmBmxSYXUEO9tYBUp6XaA22,10,1771464755051556000,1771464755047495000,60,Insert,i,61,"Dnes je vonku pekne, idem von so psom na dvor a budem tam asi"
wL7w4dmBmxSYXUEO9tYBUp6XaA22,10,1771464755469022000,1771464755460633000,61,Insert, ,62,"Dnes je vonku pekne, idem von so psom na dvor a budem tam asi "
wL7w4dmBmxSYXUEO9tYBUp6XaA22,10,1771464755835263000,1771464755829225000,62,Insert,h,63,"Dnes je vonku pekne, idem von so psom na dvor a budem tam asi h"
wL7w4dmBmxSYXUEO9tYBUp6XaA22,10,1771464756327526000,1771464756321747000,63,Insert,o,64,"Dnes je vonku pekne, idem von so psom na dvor a budem tam asi ho"
wL7w4dmBmxSYXUEO9tYBUp6XaA22,10,1771464756876477000,1771464756867902000,64,Insert,d,65,"Dnes je vonku pekne, idem von so psom na dvor a budem tam asi hod"
wL7w4dmBmxSYXUEO9tYBUp6XaA22,10,1771464757276432000,1771464757271382000,65,Insert,i,66,"Dnes je vonku pekne, idem von so psom na dvor a budem tam asi hodi"
wL7w4dmBmxSYXUEO9tYBUp6XaA22,10,1771464757733243000,1771464757726813000,66,Insert,n,67,"Dnes je vonku pekne, idem von so psom na dvor a budem tam asi hodin"
wL7w4dmBmxSYXUEO9tYBUp6XaA22,10,1771464758090052000,1771464758083747000,67,Insert,u,68,"Dnes je vonku pekne, idem von so psom na dvor a budem tam asi hodinu"
wL7w4dmBmxSYXUEO9tYBUp6XaA22,10,1771464758867453000,1771464758859313000,68,Insert,",",69,"Dnes je vonku pekne, idem von so psom na dvor a budem tam asi hodinu,"
wL7w4dmBmxSYXUEO9tYBUp6XaA22,10,1771464759169373000,1771464759159570000,69,Insert, ,70,"Dnes je vonku pekne, idem von so psom na dvor a budem tam asi hodinu, "
wL7w4dmBmxSYXUEO9tYBUp6XaA22,10,1771464759511282000,1771464759499312000,70,Insert,b,71,"Dnes je vonku pekne, idem von so psom na dvor a budem tam asi hodinu, b"
wL7w4dmBmxSYXUEO9tYBUp6XaA22,10,1771464759819899000,1771464759813493000,71,Insert,u,72,"Dnes je vonku pekne, idem von so psom na dvor a budem tam asi hodinu, bu"
wL7w4dmBmxSYXUEO9tYBUp6XaA22,10,1771464760293850000,1771464760287057000,72,Insert,d,73,"Dnes je vonku pekne, idem von so psom na dvor a budem tam asi hodinu, bud"
wL7w4dmBmxSYXUEO9tYBUp6XaA22,10,1771464760491071000,1771464760485377000,73,Insert,e,74,"Dnes je vonku pekne, idem von so psom na dvor a budem tam asi hodinu, bude"
wL7w4dmBmxSYXUEO9tYBUp6XaA22,10,1771464760940724000,1771464760931782000,74,Insert, ,75,"Dnes je vonku pekne, idem von so psom na dvor a budem tam asi hodinu, bude "
wL7w4dmBmxSYXUEO9tYBUp6XaA22,10,1771464761357451000,1771464761352997000,75,Insert,t,76,"Dnes je vonku pekne, idem von so psom na dvor a budem tam asi hodinu, bude t"
wL7w4dmBmxSYXUEO9tYBUp6XaA22,10,1771464761824366000,1771464761816844000,76,Insert,o,77,"Dnes je vonku pekne, idem von so psom na dvor a budem tam asi hodinu, bude to"
wL7w4dmBmxSYXUEO9tYBUp6XaA22,10,1771464762411923000,1771464762403796000,77,Insert, ,78,"Dnes je vonku pekne, idem von so psom na dvor a budem tam asi hodinu, bude to "
wL7w4dmBmxSYXUEO9tYBUp6XaA22,10,1771464762768160000,1771464762761228000,78,Insert,f,79,"Dnes je vonku pekne, idem von so psom na dvor a budem tam asi hodinu, bude to f"
wL7w4dmBmxSYXUEO9tYBUp6XaA22,10,1771464763111911000,1771464763105650000,79,Insert,a,80,"Dnes je vonku pekne, idem von so psom na dvor a budem tam asi hodinu, bude to fa"
wL7w4dmBmxSYXUEO9tYBUp6XaA22,10,1771464763645518000,1771464763639368000,80,Insert,j,81,"Dnes je vonku pekne, idem von so psom na dvor a budem tam asi hodinu, bude to faj"
wL7w4dmBmxSYXUEO9tYBUp6XaA22,10,1771464763900167000,1771464763893496000,81,Insert,n,82,"Dnes je vonku pekne, idem von so psom na dvor a budem tam asi hodinu, bude to fajn"
wL7w4dmBmxSYXUEO9tYBUp6XaA22,10,1771464764818977000,1771464764805154000,82,Insert,.,83,"Dnes je vonku pekne, idem von so psom na dvor a budem tam asi hodinu, bude to fajn."
wL7w4dmBmxSYXUEO9tYBUp6XaA22,11,1771464766582814000,1771464766578789000,0,Insert,D,1,D
wL7w4dmBmxSYXUEO9tYBUp6XaA22,11,1771464766935774000,1771464766928827000,1,Insert,n,2,Dn
wL7w4dmBmxSYXUEO9tYBUp6XaA22,11,1771464767287155000,1771464767280810000,2,Insert,e,3,Dne
wL7w4dmBmxSYXUEO9tYBUp6XaA22,11,1771464767480363000,1771464767475685000,3,Insert,s,4,Dnes
wL7w4dmBmxSYXUEO9tYBUp6XaA22,11,1771464768144514000,1771464768136085000,4,Insert, ,5,Dnes 
wL7w4dmBmxSYXUEO9tYBUp6XaA22,11,1771464768543573000,1771464768536464000,5,Insert,j,6,Dnes j
wL7w4dmBmxSYXUEO9tYBUp6XaA22,11,1771464768888772000,1771464768883343000,6,Insert,e,7,Dnes je
wL7w4dmBmxSYXUEO9tYBUp6XaA22,11,1771464769844312000,1771464769836288000,7,Insert, ,8,Dnes je 
wL7w4dmBmxSYXUEO9tYBUp6XaA22,11,1771464770076440000,1771464770069372000,8,Insert,v,9,Dnes je v
wL7w4dmBmxSYXUEO9tYBUp6XaA22,11,1771464770429769000,1771464770423358000,9,Insert,o,10,Dnes je vo
wL7w4dmBmxSYXUEO9tYBUp6XaA22,11,1771464770971230000,1771464770961065000,10,Insert,n,11,Dnes je von
wL7w4dmBmxSYXUEO9tYBUp6XaA22,11,1771464771262087000,1771464771255655000,11,Insert,k,12,Dnes je vonk
wL7w4dmBmxSYXUEO9tYBUp6XaA22,11,1771464771491284000,1771464771485906000,12,Insert,z,13,Dnes je vonkz
wL7w4dmBmxSYXUEO9tYBUp6XaA22,11,1771464772311404000,1771464772306423000,13,Delete,z,12,Dnes je vonk
wL7w4dmBmxSYXUEO9tYBUp6XaA22,11,1771464772718851000,1771464772712105000,12,Insert,u,13,Dnes je vonku
wL7w4dmBmxSYXUEO9tYBUp6XaA22,11,1771464773186152000,1771464773178110000,13,Insert, ,14,Dnes je vonku 
wL7w4dmBmxSYXUEO9tYBUp6XaA22,11,1771464773566637000,1771464773560683000,14,Insert,p,15,Dnes je vonku p
wL7w4dmBmxSYXUEO9tYBUp6XaA22,11,1771464774148779000,1771464774144144000,15,Insert,e,16,Dnes je vonku pe
wL7w4dmBmxSYXUEO9tYBUp6XaA22,11,1771464774669591000,1771464774665991000,16,Insert,k,17,Dnes je vonku pek
wL7w4dmBmxSYXUEO9tYBUp6XaA22,11,1771464775073436000,1771464775066154000,17,Insert,n,18,Dnes je vonku pekn
wL7w4dmBmxSYXUEO9tYBUp6XaA22,11,1771464775415162000,1771464775406455000,18,Insert,e,19,Dnes je vonku pekne
wL7w4dmBmxSYXUEO9tYBUp6XaA22,11,1771464776637416000,1771464776627375000,19,Insert,",",20,"Dnes je vonku pekne,"
wL7w4dmBmxSYXUEO9tYBUp6XaA22,11,1771464784302389000,1771464784290889000,20,Insert, ,21,"Dnes je vonku pekne, "
wL7w4dmBmxSYXUEO9tYBUp6XaA22,11,1771464784726466000,1771464784720101000,21,Insert,i,22,"Dnes je vonku pekne, i"
wL7w4dmBmxSYXUEO9tYBUp6XaA22,11,1771464785307680000,1771464785300491000,22,Insert,d,23,"Dnes je vonku pekne, id"
wL7w4dmBmxSYXUEO9tYBUp6XaA22,11,1771464785517015000,1771464785510918000,23,Insert,e,24,"Dnes je vonku pekne, ide"
wL7w4dmBmxSYXUEO9tYBUp6XaA22,11,1771464786102852000,1771464786098492000,24,Insert,m,25,"Dnes je vonku pekne, idem"
wL7w4dmBmxSYXUEO9tYBUp6XaA22,11,1771464787005860000,1771464786995358000,25,Insert, ,26,"Dnes je vonku pekne, idem "
wL7w4dmBmxSYXUEO9tYBUp6XaA22,11,1771464787306122000,1771464787298969000,26,Insert,v,27,"Dnes je vonku pekne, idem v"
wL7w4dmBmxSYXUEO9tYBUp6XaA22,11,1771464787741556000,1771464787735939000,27,Insert,o,28,"Dnes je vonku pekne, idem vo"
wL7w4dmBmxSYXUEO9tYBUp6XaA22,11,1771464788240579000,1771464788234409000,28,Insert,n,29,"Dnes je vonku pekne, idem von"
wL7w4dmBmxSYXUEO9tYBUp6XaA22,11,1771464788479007000,1771464788472158000,29,Insert, ,30,"Dnes je vonku pekne, idem von "
wL7w4dmBmxSYXUEO9tYBUp6XaA22,11,1771464789604136000,1771464789599743000,30,Insert,s,31,"Dnes je vonku pekne, idem von s"
wL7w4dmBmxSYXUEO9tYBUp6XaA22,11,1771464790063763000,1771464790056630000,31,Insert,o,32,"Dnes je vonku pekne, idem von so"
wL7w4dmBmxSYXUEO9tYBUp6XaA22,11,1771464790500091000,1771464790493659000,32,Insert, ,33,"Dnes je vonku pekne, idem von so "
wL7w4dmBmxSYXUEO9tYBUp6XaA22,11,1771464790916084000,1771464790910133000,33,Insert,p,34,"Dnes je vonku pekne, idem von so p"
wL7w4dmBmxSYXUEO9tYBUp6XaA22,11,1771464791437109000,1771464791430302000,34,Insert,s,35,"Dnes je vonku pekne, idem von so ps"
wL7w4dmBmxSYXUEO9tYBUp6XaA22,11,1771464791866867000,1771464791862636000,35,Insert,o,36,"Dnes je vonku pekne, idem von so pso"
wL7w4dmBmxSYXUEO9tYBUp6XaA22,11,1771464792226956000,1771464792220037000,36,Insert,m,37,"Dnes je vonku pekne, idem von so psom"
wL7w4dmBmxSYXUEO9tYBUp6XaA22,11,1771464795648374000,1771464795643920000,37,Insert, ,38,"Dnes je vonku pekne, idem von so psom "
wL7w4dmBmxSYXUEO9tYBUp6XaA22,11,1771464795989454000,1771464795980864000,38,Insert,b,39,"Dnes je vonku pekne, idem von so psom b"
wL7w4dmBmxSYXUEO9tYBUp6XaA22,11,1771464796942600000,1771464796937172000,39,Delete,b,38,"Dnes je vonku pekne, idem von so psom "
wL7w4dmBmxSYXUEO9tYBUp6XaA22,11,1771464797578768000,1771464797570312000,38,Insert,n,39,"Dnes je vonku pekne, idem von so psom n"
wL7w4dmBmxSYXUEO9tYBUp6XaA22,11,1771464799495599000,1771464799489292000,39,Insert,a,40,"Dnes je vonku pekne, idem von so psom na"
wL7w4dmBmxSYXUEO9tYBUp6XaA22,11,1771464800178665000,1771464800171848000,40,Insert, ,41,"Dnes je vonku pekne, idem von so psom na "
wL7w4dmBmxSYXUEO9tYBUp6XaA22,11,1771464800494338000,1771464800488584000,41,Insert,d,42,"Dnes je vonku pekne, idem von so psom na d"
wL7w4dmBmxSYXUEO9tYBUp6XaA22,11,1771464800987599000,1771464800979411000,42,Insert,v,43,"Dnes je vonku pekne, idem von so psom na dv"
wL7w4dmBmxSYXUEO9tYBUp6XaA22,11,1771464801575724000,1771464801570109000,43,Insert,o,44,"Dnes je vonku pekne, idem von so psom na dvo"
wL7w4dmBmxSYXUEO9tYBUp6XaA22,11,1771464802195587000,1771464802191973000,44,Insert,r,45,"Dnes je vonku pekne, idem von so psom na dvor"
wL7w4dmBmxSYXUEO9tYBUp6XaA22,11,1771464802522711000,1771464802515218000,45,Insert, ,46,"Dnes je vonku pekne, idem von so psom na dvor "
wL7w4dmBmxSYXUEO9tYBUp6XaA22,11,1771464802854808000,1771464802848391000,46,Insert,a,47,"Dnes je vonku pekne, idem von so psom na dvor a"
wL7w4dmBmxSYXUEO9tYBUp6XaA22,11,1771464803387284000,1771464803375052000,47,Insert, ,48,"Dnes je vonku pekne, idem von so psom na dvor a "
wL7w4dmBmxSYXUEO9tYBUp6XaA22,11,1771464803797007000,1771464803788642000,48,Insert,b,49,"Dnes je vonku pekne, idem von so psom na dvor a b"
wL7w4dmBmxSYXUEO9tYBUp6XaA22,11,1771464804085833000,1771464804079076000,49,Insert,u,50,"Dnes je vonku pekne, idem von so psom na dvor a bu"
wL7w4dmBmxSYXUEO9tYBUp6XaA22,11,1771464804660791000,1771464804655784000,50,Insert,d,51,"Dnes je vonku pekne, idem von so psom na dvor a bud"
wL7w4dmBmxSYXUEO9tYBUp6XaA22,11,1771464804853734000,1771464804849759000,51,Insert,e,52,"Dnes je vonku pekne, idem von so psom na dvor a bude"
wL7w4dmBmxSYXUEO9tYBUp6XaA22,11,1771464805214577000,1771464805207164000,52,Insert,m,53,"Dnes je vonku pekne, idem von so psom na dvor a budem"
wL7w4dmBmxSYXUEO9tYBUp6XaA22,11,1771464805456801000,1771464805449997000,53,Insert, ,54,"Dnes je vonku pekne, idem von so psom na dvor a budem "
wL7w4dmBmxSYXUEO9tYBUp6XaA22,11,1771464806746351000,1771464806737047000,54,Insert,t,55,"Dnes je vonku pekne, idem von so psom na dvor a budem t"
wL7w4dmBmxSYXUEO9tYBUp6XaA22,11,1771464807080458000,1771464807074452000,55,Insert,a,56,"Dnes je vonku pekne, idem von so psom na dvor a budem ta"
wL7w4dmBmxSYXUEO9tYBUp6XaA22,11,1771464807957569000,1771464807951359000,56,Insert,m,57,"Dnes je vonku pekne, idem von so psom na dvor a budem tam"
wL7w4dmBmxSYXUEO9tYBUp6XaA22,11,1771464809132475000,1771464809124447000,57,Insert, ,58,"Dnes je vonku pekne, idem von so psom na dvor a budem tam "
wL7w4dmBmxSYXUEO9tYBUp6XaA22,11,1771464809712032000,1771464809707907000,58,Insert,a,59,"Dnes je vonku pekne, idem von so psom na dvor a budem tam a"
wL7w4dmBmxSYXUEO9tYBUp6XaA22,11,1771464809968302000,1771464809961894000,59,Insert,s,60,"Dnes je vonku pekne, idem von so psom na dvor a budem tam as"
wL7w4dmBmxSYXUEO9tYBUp6XaA22,11,1771464810414374000,1771464810404033000,60,Insert,i,61,"Dnes je vonku pekne, idem von so psom na dvor a budem tam asi"
wL7w4dmBmxSYXUEO9tYBUp6XaA22,11,1771464810937751000,1771464810931057000,61,Insert, ,62,"Dnes je vonku pekne, idem von so psom na dvor a budem tam asi "
wL7w4dmBmxSYXUEO9tYBUp6XaA22,11,1771464811383405000,1771464811379404000,62,Insert,h,63,"Dnes je vonku pekne, idem von so psom na dvor a budem tam asi h"
wL7w4dmBmxSYXUEO9tYBUp6XaA22,11,1771464811786788000,1771464811782654000,63,Insert,o,64,"Dnes je vonku pekne, idem von so psom na dvor a budem tam asi ho"
wL7w4dmBmxSYXUEO9tYBUp6XaA22,11,1771464812324865000,1771464812320889000,64,Insert,d,65,"Dnes je vonku pekne, idem von so psom na dvor a budem tam asi hod"
wL7w4dmBmxSYXUEO9tYBUp6XaA22,11,1771464812745096000,1771464812738889000,65,Insert,i,66,"Dnes je vonku pekne, idem von so psom na dvor a budem tam asi hodi"
wL7w4dmBmxSYXUEO9tYBUp6XaA22,11,1771464813180170000,1771464813173665000,66,Insert,n,67,"Dnes je vonku pekne, idem von so psom na dvor a budem tam asi hodin"
wL7w4dmBmxSYXUEO9tYBUp6XaA22,11,1771464813601128000,1771464813594319000,67,Insert,u,68,"Dnes je vonku pekne, idem von so psom na dvor a budem tam asi hodinu"
wL7w4dmBmxSYXUEO9tYBUp6XaA22,11,1771464814313147000,1771464814304686000,68,Insert,",",69,"Dnes je vonku pekne, idem von so psom na dvor a budem tam asi hodinu,"
wL7w4dmBmxSYXUEO9tYBUp6XaA22,11,1771464814657197000,1771464814653904000,69,Insert, ,70,"Dnes je vonku pekne, idem von so psom na dvor a budem tam asi hodinu, "
wL7w4dmBmxSYXUEO9tYBUp6XaA22,11,1771464814894517000,1771464814890644000,70,Insert,b,71,"Dnes je vonku pekne, idem von so psom na dvor a budem tam asi hodinu, b"
wL7w4dmBmxSYXUEO9tYBUp6XaA22,11,1771464815127078000,1771464815121565000,71,Insert,u,72,"Dnes je vonku pekne, idem von so psom na dvor a budem tam asi hodinu, bu"
wL7w4dmBmxSYXUEO9tYBUp6XaA22,11,1771464815561861000,1771464815557969000,72,Insert,d,73,"Dnes je vonku pekne, idem von so psom na dvor a budem tam asi hodinu, bud"
wL7w4dmBmxSYXUEO9tYBUp6XaA22,11,1771464815742727000,1771464815738486000,73,Insert,e,74,"Dnes je vonku pekne, idem von so psom na dvor a budem tam asi hodinu, bude"
wL7w4dmBmxSYXUEO9tYBUp6XaA22,11,1771464816216904000,1771464816210570000,74,Insert, ,75,"Dnes je vonku pekne, idem von so psom na dvor a budem tam asi hodinu, bude "
wL7w4dmBmxSYXUEO9tYBUp6XaA22,11,1771464816552656000,1771464816547893000,75,Insert,t,76,"Dnes je vonku pekne, idem von so psom na dvor a budem tam asi hodinu, bude t"
wL7w4dmBmxSYXUEO9tYBUp6XaA22,11,1771464816945293000,1771464816940655000,76,Insert,o,77,"Dnes je vonku pekne, idem von so psom na dvor a budem tam asi hodinu, bude to"
wL7w4dmBmxSYXUEO9tYBUp6XaA22,11,1771464817444857000,1771464817437147000,77,Insert, ,78,"Dnes je vonku pekne, idem von so psom na dvor a budem tam asi hodinu, bude to "
wL7w4dmBmxSYXUEO9tYBUp6XaA22,11,1771464817777481000,1771464817771161000,78,Insert,f,79,"Dnes je vonku pekne, idem von so psom na dvor a budem tam asi hodinu, bude to f"
wL7w4dmBmxSYXUEO9tYBUp6XaA22,11,1771464818050105000,1771464818043759000,79,Insert,a,80,"Dnes je vonku pekne, idem von so psom na dvor a budem tam asi hodinu, bude to fa"
wL7w4dmBmxSYXUEO9tYBUp6XaA22,11,1771464818598627000,1771464818591576000,80,Insert,j,81,"Dnes je vonku pekne, idem von so psom na dvor a budem tam asi hodinu, bude to faj"
wL7w4dmBmxSYXUEO9tYBUp6XaA22,11,1771464818801542000,1771464818795448000,81,Insert,n,82,"Dnes je vonku pekne, idem von so psom na dvor a budem tam asi hodinu, bude to fajn"
wL7w4dmBmxSYXUEO9tYBUp6XaA22,11,1771464819836603000,1771464819825955000,82,Insert,.,83,"Dnes je vonku pekne, idem von so psom na dvor a budem tam asi hodinu, bude to fajn."
wL7w4dmBmxSYXUEO9tYBUp6XaA22,12,1771464822708404000,1771464822701656000,0,Insert,D,1,D
wL7w4dmBmxSYXUEO9tYBUp6XaA22,12,1771464823096563000,1771464823090109000,1,Insert,n,2,Dn
wL7w4dmBmxSYXUEO9tYBUp6XaA22,12,1771464823472424000,1771464823466127000,2,Insert,e,3,Dne
wL7w4dmBmxSYXUEO9tYBUp6XaA22,12,1771464823683963000,1771464823674594000,3,Insert,s,4,Dnes
wL7w4dmBmxSYXUEO9tYBUp6XaA22,12,1771464824508180000,1771464824499463000,4,Insert, ,5,Dnes 
wL7w4dmBmxSYXUEO9tYBUp6XaA22,12,1771464824883038000,1771464824874808000,5,Insert,h,6,Dnes h
wL7w4dmBmxSYXUEO9tYBUp6XaA22,12,1771464825205842000,1771464825200276000,6,Insert,e,7,Dnes he
wL7w4dmBmxSYXUEO9tYBUp6XaA22,12,1771464825758193000,1771464825753372000,7,Delete,e,6,Dnes h
wL7w4dmBmxSYXUEO9tYBUp6XaA22,12,1771464825933154000,1771464825930876000,6,Delete,h,5,Dnes 
wL7w4dmBmxSYXUEO9tYBUp6XaA22,12,1771464826225207000,1771464826219725000,5,Insert,j,6,Dnes j
wL7w4dmBmxSYXUEO9tYBUp6XaA22,12,1771464826724187000,1771464826718017000,6,Insert,e,7,Dnes je
wL7w4dmBmxSYXUEO9tYBUp6XaA22,12,1771464829664423000,1771464829657305000,7,Insert, ,8,Dnes je 
wL7w4dmBmxSYXUEO9tYBUp6XaA22,12,1771464829929241000,1771464829923070000,8,Insert,v,9,Dnes je v
wL7w4dmBmxSYXUEO9tYBUp6XaA22,12,1771464830686563000,1771464830679356000,9,Insert,o,10,Dnes je vo
wL7w4dmBmxSYXUEO9tYBUp6XaA22,12,1771464831215163000,1771464831211161000,10,Insert,n,11,Dnes je von
wL7w4dmBmxSYXUEO9tYBUp6XaA22,12,1771464831492788000,1771464831486000000,11,Insert,k,12,Dnes je vonk
wL7w4dmBmxSYXUEO9tYBUp6XaA22,12,1771464831701983000,1771464831694051000,12,Insert,u,13,Dnes je vonku
wL7w4dmBmxSYXUEO9tYBUp6XaA22,12,1771464832308286000,1771464832304455000,13,Insert, ,14,Dnes je vonku 
wL7w4dmBmxSYXUEO9tYBUp6XaA22,12,1771464832753818000,1771464832747479000,14,Insert,p,15,Dnes je vonku p
wL7w4dmBmxSYXUEO9tYBUp6XaA22,12,1771464833307875000,1771464833299661000,15,Insert,e,16,Dnes je vonku pe
wL7w4dmBmxSYXUEO9tYBUp6XaA22,12,1771464833941422000,1771464833937883000,16,Insert,k,17,Dnes je vonku pek
wL7w4dmBmxSYXUEO9tYBUp6XaA22,12,1771464834374438000,1771464834368026000,17,Insert,n,18,Dnes je vonku pekn
wL7w4dmBmxSYXUEO9tYBUp6XaA22,12,1771464834741654000,1771464834738135000,18,Insert,e,19,Dnes je vonku pekne
wL7w4dmBmxSYXUEO9tYBUp6XaA22,12,1771464836158888000,1771464836152733000,19,Insert,",",20,"Dnes je vonku pekne,"
wL7w4dmBmxSYXUEO9tYBUp6XaA22,12,1771464837104039000,1771464837095712000,20,Insert, ,21,"Dnes je vonku pekne, "
wL7w4dmBmxSYXUEO9tYBUp6XaA22,12,1771464837455414000,1771464837448413000,21,Insert,i,22,"Dnes je vonku pekne, i"
wL7w4dmBmxSYXUEO9tYBUp6XaA22,12,1771464837981325000,1771464837974429000,22,Insert,d,23,"Dnes je vonku pekne, id"
wL7w4dmBmxSYXUEO9tYBUp6XaA22,12,1771464838161985000,1771464838157870000,23,Insert,e,24,"Dnes je vonku pekne, ide"
wL7w4dmBmxSYXUEO9tYBUp6XaA22,12,1771464839194646000,1771464839187729000,24,Insert,m,25,"Dnes je vonku pekne, idem"
wL7w4dmBmxSYXUEO9tYBUp6XaA22,12,1771464842254450000,1771464842245350000,25,Insert, ,26,"Dnes je vonku pekne, idem "
wL7w4dmBmxSYXUEO9tYBUp6XaA22,12,1771464842488907000,1771464842483289000,26,Insert,v,27,"Dnes je vonku pekne, idem v"
wL7w4dmBmxSYXUEO9tYBUp6XaA22,12,1771464842817587000,1771464842810832000,27,Insert,o,28,"Dnes je vonku pekne, idem vo"
wL7w4dmBmxSYXUEO9tYBUp6XaA22,12,1771464843239306000,1771464843235364000,28,Insert,n,29,"Dnes je vonku pekne, idem von"
wL7w4dmBmxSYXUEO9tYBUp6XaA22,12,1771464843479485000,1771464843472669000,29,Insert, ,30,"Dnes je vonku pekne, idem von "
wL7w4dmBmxSYXUEO9tYBUp6XaA22,12,1771464843794157000,1771464843788182000,30,Insert,s,31,"Dnes je vonku pekne, idem von s"
wL7w4dmBmxSYXUEO9tYBUp6XaA22,12,1771464844554093000,1771464844545662000,31,Insert,o,32,"Dnes je vonku pekne, idem von so"
wL7w4dmBmxSYXUEO9tYBUp6XaA22,12,1771464844997277000,1771464844992625000,32,Insert, ,33,"Dnes je vonku pekne, idem von so "
wL7w4dmBmxSYXUEO9tYBUp6XaA22,12,1771464845358288000,1771464845352183000,33,Insert,p,34,"Dnes je vonku pekne, idem von so p"
wL7w4dmBmxSYXUEO9tYBUp6XaA22,12,1771464845903428000,1771464845896313000,34,Insert,s,35,"Dnes je vonku pekne, idem von so ps"
wL7w4dmBmxSYXUEO9tYBUp6XaA22,12,1771464846442404000,1771464846438740000,35,Insert,o,36,"Dnes je vonku pekne, idem von so pso"
wL7w4dmBmxSYXUEO9tYBUp6XaA22,12,1771464846868520000,1771464846862820000,36,Insert,m,37,"Dnes je vonku pekne, idem von so psom"
wL7w4dmBmxSYXUEO9tYBUp6XaA22,12,1771464848419582000,1771464848410702000,37,Insert, ,38,"Dnes je vonku pekne, idem von so psom "
wL7w4dmBmxSYXUEO9tYBUp6XaA22,12,1771464848941454000,1771464848936831000,38,Insert,n,39,"Dnes je vonku pekne, idem von so psom n"
wL7w4dmBmxSYXUEO9tYBUp6XaA22,12,1771464849536003000,1771464849530413000,39,Insert,a,40,"Dnes je vonku pekne, idem von so psom na"
wL7w4dmBmxSYXUEO9tYBUp6XaA22,12,1771464850009752000,1771464850002467000,40,Insert, ,41,"Dnes je vonku pekne, idem von so psom na "
wL7w4dmBmxSYXUEO9tYBUp6XaA22,12,1771464850311737000,1771464850306153000,41,Insert,d,42,"Dnes je vonku pekne, idem von so psom na d"
wL7w4dmBmxSYXUEO9tYBUp6XaA22,12,1771464851469294000,1771464851461152000,42,Insert,v,43,"Dnes je vonku pekne, idem von so psom na dv"
wL7w4dmBmxSYXUEO9tYBUp6XaA22,12,1771464851832952000,1771464851829124000,43,Insert,o,44,"Dnes je vonku pekne, idem von so psom na dvo"
wL7w4dmBmxSYXUEO9tYBUp6XaA22,12,1771464852231549000,1771464852222824000,44,Insert,r,45,"Dnes je vonku pekne, idem von so psom na dvor"
wL7w4dmBmxSYXUEO9tYBUp6XaA22,12,1771464866628820000,1771464866620261000,45,Insert, ,46,"Dnes je vonku pekne, idem von so psom na dvor "
wL7w4dmBmxSYXUEO9tYBUp6XaA22,12,1771464866903946000,1771464866898091000,46,Insert,a,47,"Dnes je vonku pekne, idem von so psom na dvor a"
wL7w4dmBmxSYXUEO9tYBUp6XaA22,12,1771464867392882000,1771464867386281000,47,Insert, ,48,"Dnes je vonku pekne, idem von so psom na dvor a "
wL7w4dmBmxSYXUEO9tYBUp6XaA22,12,1771464867671962000,1771464867665438000,48,Insert,b,49,"Dnes je vonku pekne, idem von so psom na dvor a b"
wL7w4dmBmxSYXUEO9tYBUp6XaA22,12,1771464867875603000,1771464867869130000,49,Insert,h,50,"Dnes je vonku pekne, idem von so psom na dvor a bh"
wL7w4dmBmxSYXUEO9tYBUp6XaA22,12,1771464868191183000,1771464868185053000,50,Insert,d,51,"Dnes je vonku pekne, idem von so psom na dvor a bhd"
wL7w4dmBmxSYXUEO9tYBUp6XaA22,12,1771464868375913000,1771464868371206000,51,Insert,e,52,"Dnes je vonku pekne, idem von so psom na dvor a bhde"
wL7w4dmBmxSYXUEO9tYBUp6XaA22,12,1771464868975216000,1771464868969910000,52,Delete,e,51,"Dnes je vonku pekne, idem von so psom na dvor a bhd"
wL7w4dmBmxSYXUEO9tYBUp6XaA22,12,1771464869151452000,1771464869148598000,51,Delete,d,50,"Dnes je vonku pekne, idem von so psom na dvor a bh"
wL7w4dmBmxSYXUEO9tYBUp6XaA22,12,1771464869343353000,1771464869340231000,50,Delete,h,49,"Dnes je vonku pekne, idem von so psom na dvor a b"
wL7w4dmBmxSYXUEO9tYBUp6XaA22,12,1771464869795340000,1771464869788864000,49,Insert,u,50,"Dnes je vonku pekne, idem von so psom na dvor a bu"
wL7w4dmBmxSYXUEO9tYBUp6XaA22,12,1771464870298174000,1771464870291908000,50,Insert,d,51,"Dnes je vonku pekne, idem von so psom na dvor a bud"
wL7w4dmBmxSYXUEO9tYBUp6XaA22,12,1771464870509807000,1771464870503752000,51,Insert,e,52,"Dnes je vonku pekne, idem von so psom na dvor a bude"
wL7w4dmBmxSYXUEO9tYBUp6XaA22,12,1771464870838090000,1771464870832661000,52,Insert,m,53,"Dnes je vonku pekne, idem von so psom na dvor a budem"
wL7w4dmBmxSYXUEO9tYBUp6XaA22,12,1771464871103923000,1771464871097489000,53,Insert, ,54,"Dnes je vonku pekne, idem von so psom na dvor a budem "
wL7w4dmBmxSYXUEO9tYBUp6XaA22,12,1771464871390802000,1771464871384745000,54,Insert,t,55,"Dnes je vonku pekne, idem von so psom na dvor a budem t"
wL7w4dmBmxSYXUEO9tYBUp6XaA22,12,1771464871706040000,1771464871700132000,55,Insert,a,56,"Dnes je vonku pekne, idem von so psom na dvor a budem ta"
wL7w4dmBmxSYXUEO9tYBUp6XaA22,12,1771464872146671000,1771464872141118000,56,Insert,m,57,"Dnes je vonku pekne, idem von so psom na dvor a budem tam"
wL7w4dmBmxSYXUEO9tYBUp6XaA22,12,1771464873747941000,1771464873739166000,57,Insert, ,58,"Dnes je vonku pekne, idem von so psom na dvor a budem tam "
wL7w4dmBmxSYXUEO9tYBUp6XaA22,12,1771464874086465000,1771464874077991000,58,Insert,a,59,"Dnes je vonku pekne, idem von so psom na dvor a budem tam a"
wL7w4dmBmxSYXUEO9tYBUp6XaA22,12,1771464874294571000,1771464874288427000,59,Insert,s,60,"Dnes je vonku pekne, idem von so psom na dvor a budem tam as"
wL7w4dmBmxSYXUEO9tYBUp6XaA22,12,1771464874609046000,1771464874604313000,60,Insert,i,61,"Dnes je vonku pekne, idem von so psom na dvor a budem tam asi"
wL7w4dmBmxSYXUEO9tYBUp6XaA22,12,1771464878012730000,1771464878004871000,61,Insert, ,62,"Dnes je vonku pekne, idem von so psom na dvor a budem tam asi "
wL7w4dmBmxSYXUEO9tYBUp6XaA22,12,1771464878659718000,1771464878652361000,62,Insert,h,63,"Dnes je vonku pekne, idem von so psom na dvor a budem tam asi h"
wL7w4dmBmxSYXUEO9tYBUp6XaA22,12,1771464879025315000,1771464879015738000,63,Insert,o,64,"Dnes je vonku pekne, idem von so psom na dvor a budem tam asi ho"
wL7w4dmBmxSYXUEO9tYBUp6XaA22,12,1771464879840728000,1771464879831993000,64,Insert,d,65,"Dnes je vonku pekne, idem von so psom na dvor a budem tam asi hod"
wL7w4dmBmxSYXUEO9tYBUp6XaA22,12,1771464880206604000,1771464880200805000,65,Insert,i,66,"Dnes je vonku pekne, idem von so psom na dvor a budem tam asi hodi"
wL7w4dmBmxSYXUEO9tYBUp6XaA22,12,1771464880614360000,1771464880607569000,66,Insert,n,67,"Dnes je vonku pekne, idem von so psom na dvor a budem tam asi hodin"
wL7w4dmBmxSYXUEO9tYBUp6XaA22,12,1771464880920016000,1771464880916332000,67,Insert,u,68,"Dnes je vonku pekne, idem von so psom na dvor a budem tam asi hodinu"
wL7w4dmBmxSYXUEO9tYBUp6XaA22,12,1771464881890747000,1771464881886752000,68,Insert,",",69,"Dnes je vonku pekne, idem von so psom na dvor a budem tam asi hodinu,"
wL7w4dmBmxSYXUEO9tYBUp6XaA22,12,1771464882243882000,1771464882236914000,69,Insert, ,70,"Dnes je vonku pekne, idem von so psom na dvor a budem tam asi hodinu, "
wL7w4dmBmxSYXUEO9tYBUp6XaA22,12,1771464882540405000,1771464882534160000,70,Insert,b,71,"Dnes je vonku pekne, idem von so psom na dvor a budem tam asi hodinu, b"
wL7w4dmBmxSYXUEO9tYBUp6XaA22,12,1771464882783452000,1771464882776703000,71,Insert,u,72,"Dnes je vonku pekne, idem von so psom na dvor a budem tam asi hodinu, bu"
wL7w4dmBmxSYXUEO9tYBUp6XaA22,12,1771464883154561000,1771464883147472000,72,Insert,d,73,"Dnes je vonku pekne, idem von so psom na dvor a budem tam asi hodinu, bud"
wL7w4dmBmxSYXUEO9tYBUp6XaA22,12,1771464883337911000,1771464883332465000,73,Insert,e,74,"Dnes je vonku pekne, idem von so psom na dvor a budem tam asi hodinu, bude"
wL7w4dmBmxSYXUEO9tYBUp6XaA22,12,1771464883763893000,1771464883759434000,74,Insert, ,75,"Dnes je vonku pekne, idem von so psom na dvor a budem tam asi hodinu, bude "
wL7w4dmBmxSYXUEO9tYBUp6XaA22,12,1771464884075569000,1771464884069602000,75,Insert,t,76,"Dnes je vonku pekne, idem von so psom na dvor a budem tam asi hodinu, bude t"
wL7w4dmBmxSYXUEO9tYBUp6XaA22,12,1771464884532218000,1771464884523860000,76,Insert,o,77,"Dnes je vonku pekne, idem von so psom na dvor a budem tam asi hodinu, bude to"
wL7w4dmBmxSYXUEO9tYBUp6XaA22,12,1771464884919020000,1771464884912196000,77,Insert, ,78,"Dnes je vonku pekne, idem von so psom na dvor a budem tam asi hodinu, bude to "
wL7w4dmBmxSYXUEO9tYBUp6XaA22,12,1771464885348711000,1771464885342580000,78,Insert,f,79,"Dnes je vonku pekne, idem von so psom na dvor a budem tam asi hodinu, bude to f"
wL7w4dmBmxSYXUEO9tYBUp6XaA22,12,1771464885659067000,1771464885652444000,79,Insert,a,80,"Dnes je vonku pekne, idem von so psom na dvor a budem tam asi hodinu, bude to fa"
wL7w4dmBmxSYXUEO9tYBUp6XaA22,12,1771464886186660000,1771464886179586000,80,Insert,j,81,"Dnes je vonku pekne, idem von so psom na dvor a budem tam asi hodinu, bude to faj"
wL7w4dmBmxSYXUEO9tYBUp6XaA22,12,1771464886561061000,1771464886554805000,81,Insert,n,82,"Dnes je vonku pekne, idem von so psom na dvor a budem tam asi hodinu, bude to fajn"
wL7w4dmBmxSYXUEO9tYBUp6XaA22,12,1771464887392267000,1771464887377899000,82,Insert,.,83,"Dnes je vonku pekne, idem von so psom na dvor a budem tam asi hodinu, bude to fajn."
wL7w4dmBmxSYXUEO9tYBUp6XaA22,13,1771464888883879000,1771464888876201000,0,Insert,D,1,D
wL7w4dmBmxSYXUEO9tYBUp6XaA22,13,1771464889270059000,1771464889264072000,1,Insert,n,2,Dn
wL7w4dmBmxSYXUEO9tYBUp6XaA22,13,1771464889646939000,1771464889641340000,2,Insert,e,3,Dne
wL7w4dmBmxSYXUEO9tYBUp6XaA22,13,1771464889854174000,1771464889847907000,3,Insert,s,4,Dnes
wL7w4dmBmxSYXUEO9tYBUp6XaA22,13,1771464892626682000,1771464892618252000,4,Insert, ,5,Dnes 
wL7w4dmBmxSYXUEO9tYBUp6XaA22,13,1771464892990272000,1771464892982590000,5,Insert,j,6,Dnes j
wL7w4dmBmxSYXUEO9tYBUp6XaA22,13,1771464893605411000,1771464893601724000,6,Insert,e,7,Dnes je
wL7w4dmBmxSYXUEO9tYBUp6XaA22,13,1771464894243570000,1771464894235933000,7,Insert, ,8,Dnes je 
wL7w4dmBmxSYXUEO9tYBUp6XaA22,13,1771464894457577000,1771464894451614000,8,Insert,v,9,Dnes je v
wL7w4dmBmxSYXUEO9tYBUp6XaA22,13,1771464895247492000,1771464895239697000,9,Insert,o,10,Dnes je vo
wL7w4dmBmxSYXUEO9tYBUp6XaA22,13,1771464895770034000,1771464895763046000,10,Insert,n,11,Dnes je von
wL7w4dmBmxSYXUEO9tYBUp6XaA22,13,1771464896112701000,1771464896105346000,11,Insert,k,12,Dnes je vonk
wL7w4dmBmxSYXUEO9tYBUp6XaA22,13,1771464896644330000,1771464896638616000,12,Insert,u,13,Dnes je vonku
wL7w4dmBmxSYXUEO9tYBUp6XaA22,13,1771464897142500000,1771464897136053000,13,Insert, ,14,Dnes je vonku 
wL7w4dmBmxSYXUEO9tYBUp6XaA22,13,1771464897680502000,1771464897674430000,14,Insert,p,15,Dnes je vonku p
wL7w4dmBmxSYXUEO9tYBUp6XaA22,13,1771464898208833000,1771464898203055000,15,Insert,e,16,Dnes je vonku pe
wL7w4dmBmxSYXUEO9tYBUp6XaA22,13,1771464898695613000,1771464898687986000,16,Insert,k,17,Dnes je vonku pek
wL7w4dmBmxSYXUEO9tYBUp6XaA22,13,1771464899113844000,1771464899106534000,17,Insert,n,18,Dnes je vonku pekn
wL7w4dmBmxSYXUEO9tYBUp6XaA22,13,1771464899465311000,1771464899459095000,18,Insert,e,19,Dnes je vonku pekne
wL7w4dmBmxSYXUEO9tYBUp6XaA22,13,1771464900592976000,1771464900583918000,19,Insert,",",20,"Dnes je vonku pekne,"
wL7w4dmBmxSYXUEO9tYBUp6XaA22,13,1771464900866046000,1771464900860263000,20,Insert, ,21,"Dnes je vonku pekne, "
wL7w4dmBmxSYXUEO9tYBUp6XaA22,13,1771464901338892000,1771464901332249000,21,Insert,i,22,"Dnes je vonku pekne, i"
wL7w4dmBmxSYXUEO9tYBUp6XaA22,13,1771464901774162000,1771464901764994000,22,Insert,d,23,"Dnes je vonku pekne, id"
wL7w4dmBmxSYXUEO9tYBUp6XaA22,13,1771464901974936000,1771464901970798000,23,Insert,e,24,"Dnes je vonku pekne, ide"
wL7w4dmBmxSYXUEO9tYBUp6XaA22,13,1771464902537310000,1771464902533135000,24,Insert,m,25,"Dnes je vonku pekne, idem"
wL7w4dmBmxSYXUEO9tYBUp6XaA22,13,1771464903169532000,1771464903160718000,25,Insert, ,26,"Dnes je vonku pekne, idem "
wL7w4dmBmxSYXUEO9tYBUp6XaA22,13,1771464903405428000,1771464903399923000,26,Insert,v,27,"Dnes je vonku pekne, idem v"
wL7w4dmBmxSYXUEO9tYBUp6XaA22,13,1771464903763487000,1771464903757560000,27,Insert,o,28,"Dnes je vonku pekne, idem vo"
wL7w4dmBmxSYXUEO9tYBUp6XaA22,13,1771464904127288000,1771464904121474000,28,Insert,n,29,"Dnes je vonku pekne, idem von"
wL7w4dmBmxSYXUEO9tYBUp6XaA22,13,1771464904944600000,1771464904934296000,29,Insert, ,30,"Dnes je vonku pekne, idem von "
wL7w4dmBmxSYXUEO9tYBUp6XaA22,13,1771464905287568000,1771464905281552000,30,Insert,s,31,"Dnes je vonku pekne, idem von s"
wL7w4dmBmxSYXUEO9tYBUp6XaA22,13,1771464905759981000,1771464905752936000,31,Insert,o,32,"Dnes je vonku pekne, idem von so"
wL7w4dmBmxSYXUEO9tYBUp6XaA22,13,1771464906198010000,1771464906190759000,32,Insert, ,33,"Dnes je vonku pekne, idem von so "
wL7w4dmBmxSYXUEO9tYBUp6XaA22,13,1771464906613072000,1771464906604774000,33,Insert,p,34,"Dnes je vonku pekne, idem von so p"
wL7w4dmBmxSYXUEO9tYBUp6XaA22,13,1771464907083681000,1771464907079634000,34,Insert,s,35,"Dnes je vonku pekne, idem von so ps"
wL7w4dmBmxSYXUEO9tYBUp6XaA22,13,1771464907497554000,1771464907491439000,35,Insert,o,36,"Dnes je vonku pekne, idem von so pso"
wL7w4dmBmxSYXUEO9tYBUp6XaA22,13,1771464907880258000,1771464907872083000,36,Insert,m,37,"Dnes je vonku pekne, idem von so psom"
wL7w4dmBmxSYXUEO9tYBUp6XaA22,13,1771464908278007000,1771464908270958000,37,Insert, ,38,"Dnes je vonku pekne, idem von so psom "
wL7w4dmBmxSYXUEO9tYBUp6XaA22,13,1771464908745149000,1771464908738964000,38,Insert,n,39,"Dnes je vonku pekne, idem von so psom n"
wL7w4dmBmxSYXUEO9tYBUp6XaA22,13,1771464909145576000,1771464909135770000,39,Insert,a,40,"Dnes je vonku pekne, idem von so psom na"
wL7w4dmBmxSYXUEO9tYBUp6XaA22,13,1771464909516320000,1771464909510026000,40,Insert, ,41,"Dnes je vonku pekne, idem von so psom na "
wL7w4dmBmxSYXUEO9tYBUp6XaA22,13,1771464909900955000,1771464909892689000,41,Insert,d,42,"Dnes je vonku pekne, idem von so psom na d"
wL7w4dmBmxSYXUEO9tYBUp6XaA22,13,1771464910300439000,1771464910292627000,42,Insert,v,43,"Dnes je vonku pekne, idem von so psom na dv"
wL7w4dmBmxSYXUEO9tYBUp6XaA22,13,1771464910739017000,1771464910732860000,43,Insert,o,44,"Dnes je vonku pekne, idem von so psom na dvo"
wL7w4dmBmxSYXUEO9tYBUp6XaA22,13,1771464911279042000,1771464911275328000,44,Insert,r,45,"Dnes je vonku pekne, idem von so psom na dvor"
wL7w4dmBmxSYXUEO9tYBUp6XaA22,13,1771464912809882000,1771464912806559000,45,Insert, ,46,"Dnes je vonku pekne, idem von so psom na dvor "
wL7w4dmBmxSYXUEO9tYBUp6XaA22,13,1771464913106508000,1771464913100583000,46,Insert,a,47,"Dnes je vonku pekne, idem von so psom na dvor a"
wL7w4dmBmxSYXUEO9tYBUp6XaA22,13,1771464913543021000,1771464913535646000,47,Insert, ,48,"Dnes je vonku pekne, idem von so psom na dvor a "
wL7w4dmBmxSYXUEO9tYBUp6XaA22,13,1771464913926225000,1771464913919709000,48,Insert,b,49,"Dnes je vonku pekne, idem von so psom na dvor a b"
wL7w4dmBmxSYXUEO9tYBUp6XaA22,13,1771464914240591000,1771464914233931000,49,Insert,u,50,"Dnes je vonku pekne, idem von so psom na dvor a bu"
wL7w4dmBmxSYXUEO9tYBUp6XaA22,13,1771464914728143000,1771464914721480000,50,Insert,d,51,"Dnes je vonku pekne, idem von so psom na dvor a bud"
wL7w4dmBmxSYXUEO9tYBUp6XaA22,13,1771464914912469000,1771464914907945000,51,Insert,e,52,"Dnes je vonku pekne, idem von so psom na dvor a bude"
wL7w4dmBmxSYXUEO9tYBUp6XaA22,13,1771464915304352000,1771464915295096000,52,Insert,m,53,"Dnes je vonku pekne, idem von so psom na dvor a budem"
wL7w4dmBmxSYXUEO9tYBUp6XaA22,13,1771464915640759000,1771464915634330000,53,Insert, ,54,"Dnes je vonku pekne, idem von so psom na dvor a budem "
wL7w4dmBmxSYXUEO9tYBUp6XaA22,13,1771464915974689000,1771464915968443000,54,Insert,t,55,"Dnes je vonku pekne, idem von so psom na dvor a budem t"
wL7w4dmBmxSYXUEO9tYBUp6XaA22,13,1771464916343803000,1771464916334153000,55,Insert,a,56,"Dnes je vonku pekne, idem von so psom na dvor a budem ta"
wL7w4dmBmxSYXUEO9tYBUp6XaA22,13,1771464923544748000,1771464923535612000,56,Insert,m,57,"Dnes je vonku pekne, idem von so psom na dvor a budem tam"
wL7w4dmBmxSYXUEO9tYBUp6XaA22,13,1771464923909954000,1771464923905840000,57,Insert, ,58,"Dnes je vonku pekne, idem von so psom na dvor a budem tam "
wL7w4dmBmxSYXUEO9tYBUp6XaA22,13,1771464924252330000,1771464924246516000,58,Insert,a,59,"Dnes je vonku pekne, idem von so psom na dvor a budem tam a"
wL7w4dmBmxSYXUEO9tYBUp6XaA22,13,1771464924426624000,1771464924416546000,59,Insert,s,60,"Dnes je vonku pekne, idem von so psom na dvor a budem tam as"
wL7w4dmBmxSYXUEO9tYBUp6XaA22,13,1771464925098232000,1771464925091177000,60,Insert,i,61,"Dnes je vonku pekne, idem von so psom na dvor a budem tam asi"
wL7w4dmBmxSYXUEO9tYBUp6XaA22,13,1771464925462310000,1771464925454040000,61,Insert, ,62,"Dnes je vonku pekne, idem von so psom na dvor a budem tam asi "
wL7w4dmBmxSYXUEO9tYBUp6XaA22,13,1771464926026885000,1771464926022391000,62,Insert,h,63,"Dnes je vonku pekne, idem von so psom na dvor a budem tam asi h"
wL7w4dmBmxSYXUEO9tYBUp6XaA22,13,1771464926333902000,1771464926327613000,63,Insert,o,64,"Dnes je vonku pekne, idem von so psom na dvor a budem tam asi ho"
wL7w4dmBmxSYXUEO9tYBUp6XaA22,13,1771464934183476000,1771464934176215000,64,Insert,d,65,"Dnes je vonku pekne, idem von so psom na dvor a budem tam asi hod"
wL7w4dmBmxSYXUEO9tYBUp6XaA22,13,1771464934568015000,1771464934561141000,65,Insert,i,66,"Dnes je vonku pekne, idem von so psom na dvor a budem tam asi hodi"
wL7w4dmBmxSYXUEO9tYBUp6XaA22,13,1771464934973147000,1771464934966814000,66,Insert,n,67,"Dnes je vonku pekne, idem von so psom na dvor a budem tam asi hodin"
wL7w4dmBmxSYXUEO9tYBUp6XaA22,13,1771464935360518000,1771464935356480000,67,Insert,u,68,"Dnes je vonku pekne, idem von so psom na dvor a budem tam asi hodinu"
wL7w4dmBmxSYXUEO9tYBUp6XaA22,13,1771464936565880000,1771464936556896000,68,Insert,",",69,"Dnes je vonku pekne, idem von so psom na dvor a budem tam asi hodinu,"
wL7w4dmBmxSYXUEO9tYBUp6XaA22,13,1771464937106164000,1771464937100575000,69,Insert, ,70,"Dnes je vonku pekne, idem von so psom na dvor a budem tam asi hodinu, "
wL7w4dmBmxSYXUEO9tYBUp6XaA22,13,1771464941141973000,1771464941137979000,70,Insert,b,71,"Dnes je vonku pekne, idem von so psom na dvor a budem tam asi hodinu, b"
wL7w4dmBmxSYXUEO9tYBUp6XaA22,13,1771464941408737000,1771464941398592000,71,Insert,u,72,"Dnes je vonku pekne, idem von so psom na dvor a budem tam asi hodinu, bu"
wL7w4dmBmxSYXUEO9tYBUp6XaA22,13,1771464941963335000,1771464941958745000,72,Insert,d,73,"Dnes je vonku pekne, idem von so psom na dvor a budem tam asi hodinu, bud"
wL7w4dmBmxSYXUEO9tYBUp6XaA22,13,1771464942144644000,1771464942139679000,73,Insert,e,74,"Dnes je vonku pekne, idem von so psom na dvor a budem tam asi hodinu, bude"
wL7w4dmBmxSYXUEO9tYBUp6XaA22,13,1771464942425933000,1771464942419050000,74,Insert, ,75,"Dnes je vonku pekne, idem von so psom na dvor a budem tam asi hodinu, bude "
wL7w4dmBmxSYXUEO9tYBUp6XaA22,13,1771464942723090000,1771464942716777000,75,Insert,t,76,"Dnes je vonku pekne, idem von so psom na dvor a budem tam asi hodinu, bude t"
wL7w4dmBmxSYXUEO9tYBUp6XaA22,13,1771464943184643000,1771464943177369000,76,Insert,o,77,"Dnes je vonku pekne, idem von so psom na dvor a budem tam asi hodinu, bude to"
wL7w4dmBmxSYXUEO9tYBUp6XaA22,13,1771464943738857000,1771464943732576000,77,Insert, ,78,"Dnes je vonku pekne, idem von so psom na dvor a budem tam asi hodinu, bude to "
wL7w4dmBmxSYXUEO9tYBUp6XaA22,13,1771464944049414000,1771464944042741000,78,Insert,f,79,"Dnes je vonku pekne, idem von so psom na dvor a budem tam asi hodinu, bude to f"
wL7w4dmBmxSYXUEO9tYBUp6XaA22,13,1771464944443468000,1771464944437178000,79,Insert,a,80,"Dnes je vonku pekne, idem von so psom na dvor a budem tam asi hodinu, bude to fa"
wL7w4dmBmxSYXUEO9tYBUp6XaA22,13,1771464945005819000,1771464945001192000,80,Insert,j,81,"Dnes je vonku pekne, idem von so psom na dvor a budem tam asi hodinu, bude to faj"
wL7w4dmBmxSYXUEO9tYBUp6XaA22,13,1771464945274193000,1771464945267742000,81,Insert,n,82,"Dnes je vonku pekne, idem von so psom na dvor a budem tam asi hodinu, bude to fajn"
wL7w4dmBmxSYXUEO9tYBUp6XaA22,13,1771464946067730000,1771464946060858000,82,Insert, ,83,"Dnes je vonku pekne, idem von so psom na dvor a budem tam asi hodinu, bude to fajn "
wL7w4dmBmxSYXUEO9tYBUp6XaA22,13,1771464946859867000,1771464946853487000,83,Delete, ,82,"Dnes je vonku pekne, idem von so psom na dvor a budem tam asi hodinu, bude to fajn"
wL7w4dmBmxSYXUEO9tYBUp6XaA22,13,1771464947536045000,1771464947525563000,82,Insert,.,83,"Dnes je vonku pekne, idem von so psom na dvor a budem tam asi hodinu, bude to fajn."
wL7w4dmBmxSYXUEO9tYBUp6XaA22,14,1771464948903659000,1771464948900062000,0,Insert,D,1,D
wL7w4dmBmxSYXUEO9tYBUp6XaA22,14,1771464949265887000,1771464949260405000,1,Insert,n,2,Dn
wL7w4dmBmxSYXUEO9tYBUp6XaA22,14,1771464949599374000,1771464949593454000,2,Insert,e,3,Dne
wL7w4dmBmxSYXUEO9tYBUp6XaA22,14,1771464949796426000,1771464949792993000,3,Insert,s,4,Dnes
wL7w4dmBmxSYXUEO9tYBUp6XaA22,14,1771464950186806000,1771464950180985000,4,Insert, ,5,Dnes 
wL7w4dmBmxSYXUEO9tYBUp6XaA22,14,1771464950471117000,1771464950465361000,5,Insert,j,6,Dnes j
wL7w4dmBmxSYXUEO9tYBUp6XaA22,14,1771464950781965000,1771464950774591000,6,Insert,e,7,Dnes je
wL7w4dmBmxSYXUEO9tYBUp6XaA22,14,1771464951175352000,1771464951168951000,7,Insert, ,8,Dnes je 
wL7w4dmBmxSYXUEO9tYBUp6XaA22,14,1771464951521329000,1771464951513161000,8,Insert,v,9,Dnes je v
wL7w4dmBmxSYXUEO9tYBUp6XaA22,14,1771464952128486000,1771464952124933000,9,Insert,o,10,Dnes je vo
wL7w4dmBmxSYXUEO9tYBUp6XaA22,14,1771464952680106000,1771464952676516000,10,Insert,n,11,Dnes je von
wL7w4dmBmxSYXUEO9tYBUp6XaA22,14,1771464952987076000,1771464952979444000,11,Insert,k,12,Dnes je vonk
wL7w4dmBmxSYXUEO9tYBUp6XaA22,14,1771464953214038000,1771464953207963000,12,Insert,u,13,Dnes je vonku
wL7w4dmBmxSYXUEO9tYBUp6XaA22,14,1771464953743111000,1771464953739410000,13,Insert, ,14,Dnes je vonku 
wL7w4dmBmxSYXUEO9tYBUp6XaA22,14,1771464954233495000,1771464954227727000,14,Insert,p,15,Dnes je vonku p
wL7w4dmBmxSYXUEO9tYBUp6XaA22,14,1771464954776310000,1771464954772607000,15,Insert,e,16,Dnes je vonku pe
wL7w4dmBmxSYXUEO9tYBUp6XaA22,14,1771464955217371000,1771464955210302000,16,Insert,k,17,Dnes je vonku pek
wL7w4dmBmxSYXUEO9tYBUp6XaA22,14,1771464955645216000,1771464955639596000,17,Insert,n,18,Dnes je vonku pekn
wL7w4dmBmxSYXUEO9tYBUp6XaA22,14,1771464956059383000,1771464956052471000,18,Insert,e,19,Dnes je vonku pekne
wL7w4dmBmxSYXUEO9tYBUp6XaA22,14,1771464957347970000,1771464957338886000,19,Insert,",",20,"Dnes je vonku pekne,"
wL7w4dmBmxSYXUEO9tYBUp6XaA22,14,1771464957987334000,1771464957975835000,20,Insert, ,21,"Dnes je vonku pekne, "
wL7w4dmBmxSYXUEO9tYBUp6XaA22,14,1771464958371934000,1771464958366313000,21,Insert,i,22,"Dnes je vonku pekne, i"
wL7w4dmBmxSYXUEO9tYBUp6XaA22,14,1771464958875187000,1771464958869177000,22,Insert,d,23,"Dnes je vonku pekne, id"
wL7w4dmBmxSYXUEO9tYBUp6XaA22,14,1771464959054689000,1771464959050009000,23,Insert,e,24,"Dnes je vonku pekne, ide"
wL7w4dmBmxSYXUEO9tYBUp6XaA22,14,1771464959730265000,1771464959720126000,24,Insert,m,25,"Dnes je vonku pekne, idem"
wL7w4dmBmxSYXUEO9tYBUp6XaA22,14,1771464960107008000,1771464960099581000,25,Insert, ,26,"Dnes je vonku pekne, idem "
wL7w4dmBmxSYXUEO9tYBUp6XaA22,14,1771464960548129000,1771464960542519000,26,Insert,v,27,"Dnes je vonku pekne, idem v"
wL7w4dmBmxSYXUEO9tYBUp6XaA22,14,1771464960943978000,1771464960935530000,27,Insert,o,28,"Dnes je vonku pekne, idem vo"
wL7w4dmBmxSYXUEO9tYBUp6XaA22,14,1771464961321140000,1771464961316416000,28,Insert,n,29,"Dnes je vonku pekne, idem von"
wL7w4dmBmxSYXUEO9tYBUp6XaA22,14,1771464962146104000,1771464962135553000,29,Insert, ,30,"Dnes je vonku pekne, idem von "
wL7w4dmBmxSYXUEO9tYBUp6XaA22,14,1771464962483909000,1771464962480045000,30,Insert,s,31,"Dnes je vonku pekne, idem von s"
wL7w4dmBmxSYXUEO9tYBUp6XaA22,14,1771464963017380000,1771464963013751000,31,Insert,o,32,"Dnes je vonku pekne, idem von so"
wL7w4dmBmxSYXUEO9tYBUp6XaA22,14,1771464963438921000,1771464963432594000,32,Insert, ,33,"Dnes je vonku pekne, idem von so "
wL7w4dmBmxSYXUEO9tYBUp6XaA22,14,1771464963838518000,1771464963832229000,33,Insert,p,34,"Dnes je vonku pekne, idem von so p"
wL7w4dmBmxSYXUEO9tYBUp6XaA22,14,1771464964388068000,1771464964379825000,34,Insert,s,35,"Dnes je vonku pekne, idem von so ps"
wL7w4dmBmxSYXUEO9tYBUp6XaA22,14,1771464964956053000,1771464964952402000,35,Insert,o,36,"Dnes je vonku pekne, idem von so pso"
wL7w4dmBmxSYXUEO9tYBUp6XaA22,14,1771464965401186000,1771464965395323000,36,Insert,m,37,"Dnes je vonku pekne, idem von so psom"
wL7w4dmBmxSYXUEO9tYBUp6XaA22,14,1771464965703501000,1771464965696797000,37,Insert, ,38,"Dnes je vonku pekne, idem von so psom "
wL7w4dmBmxSYXUEO9tYBUp6XaA22,14,1771464966780192000,1771464966773083000,38,Insert,n,39,"Dnes je vonku pekne, idem von so psom n"
wL7w4dmBmxSYXUEO9tYBUp6XaA22,14,1771464967205380000,1771464967199568000,39,Insert,a,40,"Dnes je vonku pekne, idem von so psom na"
wL7w4dmBmxSYXUEO9tYBUp6XaA22,14,1771464967590518000,1771464967582379000,40,Insert, ,41,"Dnes je vonku pekne, idem von so psom na "
wL7w4dmBmxSYXUEO9tYBUp6XaA22,14,1771464967946448000,1771464967940104000,41,Insert,d,42,"Dnes je vonku pekne, idem von so psom na d"
wL7w4dmBmxSYXUEO9tYBUp6XaA22,14,1771464968302209000,1771464968297649000,42,Insert,v,43,"Dnes je vonku pekne, idem von so psom na dv"
wL7w4dmBmxSYXUEO9tYBUp6XaA22,14,1771464968675839000,1771464968667362000,43,Insert,o,44,"Dnes je vonku pekne, idem von so psom na dvo"
wL7w4dmBmxSYXUEO9tYBUp6XaA22,14,1771464969109313000,1771464969102988000,44,Insert,r,45,"Dnes je vonku pekne, idem von so psom na dvor"
wL7w4dmBmxSYXUEO9tYBUp6XaA22,14,1771464969529038000,1771464969522740000,45,Insert, ,46,"Dnes je vonku pekne, idem von so psom na dvor "
wL7w4dmBmxSYXUEO9tYBUp6XaA22,14,1771464970167199000,1771464970159385000,46,Insert,a,47,"Dnes je vonku pekne, idem von so psom na dvor a"
wL7w4dmBmxSYXUEO9tYBUp6XaA22,14,1771464970549824000,1771464970543379000,47,Insert, ,48,"Dnes je vonku pekne, idem von so psom na dvor a "
wL7w4dmBmxSYXUEO9tYBUp6XaA22,14,1771464970813865000,1771464970808006000,48,Insert,b,49,"Dnes je vonku pekne, idem von so psom na dvor a b"
wL7w4dmBmxSYXUEO9tYBUp6XaA22,14,1771464971100750000,1771464971092976000,49,Insert,u,50,"Dnes je vonku pekne, idem von so psom na dvor a bu"
wL7w4dmBmxSYXUEO9tYBUp6XaA22,14,1771464971532459000,1771464971524968000,50,Insert,d,51,"Dnes je vonku pekne, idem von so psom na dvor a bud"
wL7w4dmBmxSYXUEO9tYBUp6XaA22,14,1771464971735260000,1771464971731427000,51,Insert,e,52,"Dnes je vonku pekne, idem von so psom na dvor a bude"
wL7w4dmBmxSYXUEO9tYBUp6XaA22,14,1771464972115230000,1771464972110827000,52,Insert,m,53,"Dnes je vonku pekne, idem von so psom na dvor a budem"
wL7w4dmBmxSYXUEO9tYBUp6XaA22,14,1771464972384039000,1771464972377429000,53,Insert, ,54,"Dnes je vonku pekne, idem von so psom na dvor a budem "
wL7w4dmBmxSYXUEO9tYBUp6XaA22,14,1771464972742819000,1771464972735827000,54,Insert,t,55,"Dnes je vonku pekne, idem von so psom na dvor a budem t"
wL7w4dmBmxSYXUEO9tYBUp6XaA22,14,1771464973145091000,1771464973137233000,55,Insert,a,56,"Dnes je vonku pekne, idem von so psom na dvor a budem ta"
wL7w4dmBmxSYXUEO9tYBUp6XaA22,14,1771464973607562000,1771464973602090000,56,Insert,m,57,"Dnes je vonku pekne, idem von so psom na dvor a budem tam"
wL7w4dmBmxSYXUEO9tYBUp6XaA22,14,1771464975092669000,1771464975082819000,57,Insert, ,58,"Dnes je vonku pekne, idem von so psom na dvor a budem tam "
wL7w4dmBmxSYXUEO9tYBUp6XaA22,14,1771464975442552000,1771464975433533000,58,Insert,a,59,"Dnes je vonku pekne, idem von so psom na dvor a budem tam a"
wL7w4dmBmxSYXUEO9tYBUp6XaA22,14,1771464975652265000,1771464975646107000,59,Insert,s,60,"Dnes je vonku pekne, idem von so psom na dvor a budem tam as"
wL7w4dmBmxSYXUEO9tYBUp6XaA22,14,1771464976228136000,1771464976221582000,60,Insert,i,61,"Dnes je vonku pekne, idem von so psom na dvor a budem tam asi"
wL7w4dmBmxSYXUEO9tYBUp6XaA22,14,1771464978154420000,1771464978142758000,61,Insert, ,62,"Dnes je vonku pekne, idem von so psom na dvor a budem tam asi "
wL7w4dmBmxSYXUEO9tYBUp6XaA22,14,1771464978526162000,1771464978522112000,62,Insert,h,63,"Dnes je vonku pekne, idem von so psom na dvor a budem tam asi h"
wL7w4dmBmxSYXUEO9tYBUp6XaA22,14,1771464978866312000,1771464978858872000,63,Insert,o,64,"Dnes je vonku pekne, idem von so psom na dvor a budem tam asi ho"
wL7w4dmBmxSYXUEO9tYBUp6XaA22,14,1771464979769843000,1771464979763062000,64,Insert,d,65,"Dnes je vonku pekne, idem von so psom na dvor a budem tam asi hod"
wL7w4dmBmxSYXUEO9tYBUp6XaA22,14,1771464980118904000,1771464980112636000,65,Insert,i,66,"Dnes je vonku pekne, idem von so psom na dvor a budem tam asi hodi"
wL7w4dmBmxSYXUEO9tYBUp6XaA22,14,1771464980513574000,1771464980506632000,66,Insert,n,67,"Dnes je vonku pekne, idem von so psom na dvor a budem tam asi hodin"
wL7w4dmBmxSYXUEO9tYBUp6XaA22,14,1771464980872733000,1771464980864503000,67,Insert,u,68,"Dnes je vonku pekne, idem von so psom na dvor a budem tam asi hodinu"
wL7w4dmBmxSYXUEO9tYBUp6XaA22,14,1771464983255640000,1771464983244520000,68,Insert,",",69,"Dnes je vonku pekne, idem von so psom na dvor a budem tam asi hodinu,"
wL7w4dmBmxSYXUEO9tYBUp6XaA22,14,1771464983645250000,1771464983639437000,69,Insert,b,70,"Dnes je vonku pekne, idem von so psom na dvor a budem tam asi hodinu,b"
wL7w4dmBmxSYXUEO9tYBUp6XaA22,14,1771464984581885000,1771464984576752000,70,Delete,b,69,"Dnes je vonku pekne, idem von so psom na dvor a budem tam asi hodinu,"
wL7w4dmBmxSYXUEO9tYBUp6XaA22,14,1771464985044284000,1771464985037949000,69,Insert, ,70,"Dnes je vonku pekne, idem von so psom na dvor a budem tam asi hodinu, "
wL7w4dmBmxSYXUEO9tYBUp6XaA22,14,1771464985404099000,1771464985396371000,70,Insert,b,71,"Dnes je vonku pekne, idem von so psom na dvor a budem tam asi hodinu, b"
wL7w4dmBmxSYXUEO9tYBUp6XaA22,14,1771464985769952000,1771464985765236000,71,Insert,u,72,"Dnes je vonku pekne, idem von so psom na dvor a budem tam asi hodinu, bu"
wL7w4dmBmxSYXUEO9tYBUp6XaA22,14,1771464986129563000,1771464986123609000,72,Insert,d,73,"Dnes je vonku pekne, idem von so psom na dvor a budem tam asi hodinu, bud"
wL7w4dmBmxSYXUEO9tYBUp6XaA22,14,1771464986320063000,1771464986310160000,73,Insert,e,74,"Dnes je vonku pekne, idem von so psom na dvor a budem tam asi hodinu, bude"
wL7w4dmBmxSYXUEO9tYBUp6XaA22,14,1771464986667828000,1771464986661420000,74,Insert, ,75,"Dnes je vonku pekne, idem von so psom na dvor a budem tam asi hodinu, bude "
wL7w4dmBmxSYXUEO9tYBUp6XaA22,14,1771464987040590000,1771464987033048000,75,Insert,t,76,"Dnes je vonku pekne, idem von so psom na dvor a budem tam asi hodinu, bude t"
wL7w4dmBmxSYXUEO9tYBUp6XaA22,14,1771464987354360000,1771464987346471000,76,Insert,o,77,"Dnes je vonku pekne, idem von so psom na dvor a budem tam asi hodinu, bude to"
wL7w4dmBmxSYXUEO9tYBUp6XaA22,14,1771464987859358000,1771464987851254000,77,Insert, ,78,"Dnes je vonku pekne, idem von so psom na dvor a budem tam asi hodinu, bude to "
wL7w4dmBmxSYXUEO9tYBUp6XaA22,14,1771464988167359000,1771464988161806000,78,Insert,f,79,"Dnes je vonku pekne, idem von so psom na dvor a budem tam asi hodinu, bude to f"
wL7w4dmBmxSYXUEO9tYBUp6XaA22,14,1771464988475843000,1771464988469725000,79,Insert,a,80,"Dnes je vonku pekne, idem von so psom na dvor a budem tam asi hodinu, bude to fa"
wL7w4dmBmxSYXUEO9tYBUp6XaA22,14,1771464988909993000,1771464988905355000,80,Insert,j,81,"Dnes je vonku pekne, idem von so psom na dvor a budem tam asi hodinu, bude to faj"
wL7w4dmBmxSYXUEO9tYBUp6XaA22,14,1771464989138873000,1771464989130990000,81,Insert,n,82,"Dnes je vonku pekne, idem von so psom na dvor a budem tam asi hodinu, bude to fajn"
wL7w4dmBmxSYXUEO9tYBUp6XaA22,14,1771464989982525000,1771464989967178000,82,Insert,.,83,"Dnes je vonku pekne, idem von so psom na dvor a budem tam asi hodinu, bude to fajn."
wL7w4dmBmxSYXUEO9tYBUp6XaA22,15,1771464991177330000,1771464991169005000,0,Insert,D,1,D
wL7w4dmBmxSYXUEO9tYBUp6XaA22,15,1771464991589115000,1771464991585244000,1,Insert,n,2,Dn
wL7w4dmBmxSYXUEO9tYBUp6XaA22,15,1771464991901053000,1771464991896740000,2,Insert,e,3,Dne
wL7w4dmBmxSYXUEO9tYBUp6XaA22,15,1771464992131654000,1771464992124864000,3,Insert,s,4,Dnes
wL7w4dmBmxSYXUEO9tYBUp6XaA22,15,1771464992439791000,1771464992433203000,4,Insert, ,5,Dnes 
wL7w4dmBmxSYXUEO9tYBUp6XaA22,15,1771464992662735000,1771464992655238000,5,Insert,j,6,Dnes j
wL7w4dmBmxSYXUEO9tYBUp6XaA22,15,1771464992936992000,1771464992932814000,6,Insert,e,7,Dnes je
wL7w4dmBmxSYXUEO9tYBUp6XaA22,15,1771464993205150000,1771464993198975000,7,Insert, ,8,Dnes je 
wL7w4dmBmxSYXUEO9tYBUp6XaA22,15,1771464993455381000,1771464993447211000,8,Insert,v,9,Dnes je v
wL7w4dmBmxSYXUEO9tYBUp6XaA22,15,1771464993703010000,1771464993695033000,9,Insert,o,10,Dnes je vo
wL7w4dmBmxSYXUEO9tYBUp6XaA22,15,1771464993986677000,1771464993981034000,10,Insert,n,11,Dnes je von
wL7w4dmBmxSYXUEO9tYBUp6XaA22,15,1771464994193571000,1771464994187668000,11,Insert,k,12,Dnes je vonk
wL7w4dmBmxSYXUEO9tYBUp6XaA22,15,1771464994399840000,1771464994394092000,12,Insert,u,13,Dnes je vonku
wL7w4dmBmxSYXUEO9tYBUp6XaA22,15,1771464994716585000,1771464994710208000,13,Insert, ,14,Dnes je vonku 
wL7w4dmBmxSYXUEO9tYBUp6XaA22,15,1771464995030100000,1771464995023324000,14,Insert,p,15,Dnes je vonku p
wL7w4dmBmxSYXUEO9tYBUp6XaA22,15,1771464995441919000,1771464995435768000,15,Insert,e,16,Dnes je vonku pe
wL7w4dmBmxSYXUEO9tYBUp6XaA22,15,1771464995932067000,1771464995928436000,16,Insert,k,17,Dnes je vonku pek
wL7w4dmBmxSYXUEO9tYBUp6XaA22,15,1771464996200903000,1771464996194886000,17,Insert,n,18,Dnes je vonku pekn
wL7w4dmBmxSYXUEO9tYBUp6XaA22,15,1771464996506583000,1771464996501765000,18,Insert,e,19,Dnes je vonku pekne
wL7w4dmBmxSYXUEO9tYBUp6XaA22,15,1771464997545257000,1771464997532857000,19,Insert,",",20,"Dnes je vonku pekne,"
wL7w4dmBmxSYXUEO9tYBUp6XaA22,15,1771464997832230000,1771464997826440000,20,Insert, ,21,"Dnes je vonku pekne, "
wL7w4dmBmxSYXUEO9tYBUp6XaA22,15,1771464998122959000,1771464998117124000,21,Insert,i,22,"Dnes je vonku pekne, i"
wL7w4dmBmxSYXUEO9tYBUp6XaA22,15,1771464998565863000,1771464998559850000,22,Insert,d,23,"Dnes je vonku pekne, id"
wL7w4dmBmxSYXUEO9tYBUp6XaA22,15,1771464998740888000,1771464998736412000,23,Insert,e,24,"Dnes je vonku pekne, ide"
wL7w4dmBmxSYXUEO9tYBUp6XaA22,15,1771464999087619000,1771464999082364000,24,Insert,m,25,"Dnes je vonku pekne, idem"
wL7w4dmBmxSYXUEO9tYBUp6XaA22,15,1771464999363543000,1771464999354872000,25,Insert, ,26,"Dnes je vonku pekne, idem "
wL7w4dmBmxSYXUEO9tYBUp6XaA22,15,1771464999647917000,1771464999640667000,26,Insert,v,27,"Dnes je vonku pekne, idem v"
wL7w4dmBmxSYXUEO9tYBUp6XaA22,15,1771464999943635000,1771464999936789000,27,Insert,o,28,"Dnes je vonku pekne, idem vo"
wL7w4dmBmxSYXUEO9tYBUp6XaA22,15,1771465000393844000,1771465000386976000,28,Insert,n,29,"Dnes je vonku pekne, idem von"
wL7w4dmBmxSYXUEO9tYBUp6XaA22,15,1771465000616361000,1771465000610055000,29,Insert, ,30,"Dnes je vonku pekne, idem von "
wL7w4dmBmxSYXUEO9tYBUp6XaA22,15,1771465001640361000,1771465001635082000,30,Insert,s,31,"Dnes je vonku pekne, idem von s"
wL7w4dmBmxSYXUEO9tYBUp6XaA22,15,1771465001982756000,1771465001978859000,31,Insert,o,32,"Dnes je vonku pekne, idem von so"
wL7w4dmBmxSYXUEO9tYBUp6XaA22,15,1771465002340693000,1771465002332220000,32,Insert, ,33,"Dnes je vonku pekne, idem von so "
wL7w4dmBmxSYXUEO9tYBUp6XaA22,15,1771465002696127000,1771465002689299000,33,Insert,p,34,"Dnes je vonku pekne, idem von so p"
wL7w4dmBmxSYXUEO9tYBUp6XaA22,15,1771465003175640000,1771465003169587000,34,Insert,s,35,"Dnes je vonku pekne, idem von so ps"
wL7w4dmBmxSYXUEO9tYBUp6XaA22,15,1771465003533890000,1771465003528040000,35,Insert,o,36,"Dnes je vonku pekne, idem von so pso"
wL7w4dmBmxSYXUEO9tYBUp6XaA22,15,1771465004018825000,1771465004012785000,36,Insert,m,37,"Dnes je vonku pekne, idem von so psom"
wL7w4dmBmxSYXUEO9tYBUp6XaA22,15,1771465004311671000,1771465004304824000,37,Insert, ,38,"Dnes je vonku pekne, idem von so psom "
wL7w4dmBmxSYXUEO9tYBUp6XaA22,15,1771465004527449000,1771465004523195000,38,Insert,n,39,"Dnes je vonku pekne, idem von so psom n"
wL7w4dmBmxSYXUEO9tYBUp6XaA22,15,1771465004837016000,1771465004831207000,39,Insert,a,40,"Dnes je vonku pekne, idem von so psom na"
wL7w4dmBmxSYXUEO9tYBUp6XaA22,15,1771465005396487000,1771465005387189000,40,Insert, ,41,"Dnes je vonku pekne, idem von so psom na "
wL7w4dmBmxSYXUEO9tYBUp6XaA22,15,1771465005679948000,1771465005674161000,41,Insert,d,42,"Dnes je vonku pekne, idem von so psom na d"
wL7w4dmBmxSYXUEO9tYBUp6XaA22,15,1771465005965046000,1771465005958686000,42,Insert,v,43,"Dnes je vonku pekne, idem von so psom na dv"
wL7w4dmBmxSYXUEO9tYBUp6XaA22,15,1771465006256689000,1771465006250760000,43,Insert,i,44,"Dnes je vonku pekne, idem von so psom na dvi"
wL7w4dmBmxSYXUEO9tYBUp6XaA22,15,1771465007115170000,1771465007109525000,44,Delete,i,43,"Dnes je vonku pekne, idem von so psom na dv"
wL7w4dmBmxSYXUEO9tYBUp6XaA22,15,1771465007450991000,1771465007443371000,43,Insert,o,44,"Dnes je vonku pekne, idem von so psom na dvo"
wL7w4dmBmxSYXUEO9tYBUp6XaA22,15,1771465008189352000,1771465008181935000,44,Insert,r,45,"Dnes je vonku pekne, idem von so psom na dvor"
wL7w4dmBmxSYXUEO9tYBUp6XaA22,15,1771465009664234000,1771465009653017000,45,Insert, ,46,"Dnes je vonku pekne, idem von so psom na dvor "
wL7w4dmBmxSYXUEO9tYBUp6XaA22,15,1771465009965488000,1771465009959926000,46,Insert,a,47,"Dnes je vonku pekne, idem von so psom na dvor a"
wL7w4dmBmxSYXUEO9tYBUp6XaA22,15,1771465010315516000,1771465010311579000,47,Insert, ,48,"Dnes je vonku pekne, idem von so psom na dvor a "
wL7w4dmBmxSYXUEO9tYBUp6XaA22,15,1771465010597207000,1771465010591395000,48,Insert,b,49,"Dnes je vonku pekne, idem von so psom na dvor a b"
wL7w4dmBmxSYXUEO9tYBUp6XaA22,15,1771465010839304000,1771465010833388000,49,Insert,u,50,"Dnes je vonku pekne, idem von so psom na dvor a bu"
wL7w4dmBmxSYXUEO9tYBUp6XaA22,15,1771465011372365000,1771465011363281000,50,Insert,d,51,"Dnes je vonku pekne, idem von so psom na dvor a bud"
wL7w4dmBmxSYXUEO9tYBUp6XaA22,15,1771465011566366000,1771465011561471000,51,Insert,e,52,"Dnes je vonku pekne, idem von so psom na dvor a bude"
wL7w4dmBmxSYXUEO9tYBUp6XaA22,15,1771465012234784000,1771465012229959000,52,Insert,n,53,"Dnes je vonku pekne, idem von so psom na dvor a buden"
wL7w4dmBmxSYXUEO9tYBUp6XaA22,15,1771465012977467000,1771465012973978000,53,Delete,n,52,"Dnes je vonku pekne, idem von so psom na dvor a bude"
wL7w4dmBmxSYXUEO9tYBUp6XaA22,15,1771465013252180000,1771465013245048000,52,Insert,m,53,"Dnes je vonku pekne, idem von so psom na dvor a budem"
wL7w4dmBmxSYXUEO9tYBUp6XaA22,15,1771465013945728000,1771465013935932000,53,Insert, ,54,"Dnes je vonku pekne, idem von so psom na dvor a budem "
wL7w4dmBmxSYXUEO9tYBUp6XaA22,15,1771465014251091000,1771465014245061000,54,Insert,t,55,"Dnes je vonku pekne, idem von so psom na dvor a budem t"
wL7w4dmBmxSYXUEO9tYBUp6XaA22,15,1771465014579717000,1771465014573957000,55,Insert,a,56,"Dnes je vonku pekne, idem von so psom na dvor a budem ta"
wL7w4dmBmxSYXUEO9tYBUp6XaA22,15,1771465014947335000,1771465014942190000,56,Insert,m,57,"Dnes je vonku pekne, idem von so psom na dvor a budem tam"
wL7w4dmBmxSYXUEO9tYBUp6XaA22,15,1771465015199857000,1771465015192226000,57,Insert, ,58,"Dnes je vonku pekne, idem von so psom na dvor a budem tam "
wL7w4dmBmxSYXUEO9tYBUp6XaA22,15,1771465015561000000,1771465015555187000,58,Insert,a,59,"Dnes je vonku pekne, idem von so psom na dvor a budem tam a"
wL7w4dmBmxSYXUEO9tYBUp6XaA22,15,1771465015791035000,1771465015784982000,59,Insert,s,60,"Dnes je vonku pekne, idem von so psom na dvor a budem tam as"
wL7w4dmBmxSYXUEO9tYBUp6XaA22,15,1771465016322501000,1771465016313876000,60,Insert,i,61,"Dnes je vonku pekne, idem von so psom na dvor a budem tam asi"
wL7w4dmBmxSYXUEO9tYBUp6XaA22,15,1771465017278388000,1771465017267729000,61,Insert, ,62,"Dnes je vonku pekne, idem von so psom na dvor a budem tam asi "
wL7w4dmBmxSYXUEO9tYBUp6XaA22,15,1771465017612940000,1771465017605433000,62,Insert,h,63,"Dnes je vonku pekne, idem von so psom na dvor a budem tam asi h"
wL7w4dmBmxSYXUEO9tYBUp6XaA22,15,1771465017895256000,1771465017888035000,63,Insert,o,64,"Dnes je vonku pekne, idem von so psom na dvor a budem tam asi ho"
wL7w4dmBmxSYXUEO9tYBUp6XaA22,15,1771465018484367000,1771465018476085000,64,Insert,d,65,"Dnes je vonku pekne, idem von so psom na dvor a budem tam asi hod"
wL7w4dmBmxSYXUEO9tYBUp6XaA22,15,1771465018817172000,1771465018810107000,65,Insert,i,66,"Dnes je vonku pekne, idem von so psom na dvor a budem tam asi hodi"
wL7w4dmBmxSYXUEO9tYBUp6XaA22,15,1771465019205024000,1771465019199244000,66,Insert,n,67,"Dnes je vonku pekne, idem von so psom na dvor a budem tam asi hodin"
wL7w4dmBmxSYXUEO9tYBUp6XaA22,15,1771465019470498000,1771465019466680000,67,Insert,z,68,"Dnes je vonku pekne, idem von so psom na dvor a budem tam asi hodinz"
wL7w4dmBmxSYXUEO9tYBUp6XaA22,15,1771465020416531000,1771465020410786000,68,Delete,z,67,"Dnes je vonku pekne, idem von so psom na dvor a budem tam asi hodin"
wL7w4dmBmxSYXUEO9tYBUp6XaA22,15,1771465020821448000,1771465020815627000,67,Insert,u,68,"Dnes je vonku pekne, idem von so psom na dvor a budem tam asi hodinu"
wL7w4dmBmxSYXUEO9tYBUp6XaA22,15,1771465022070484000,1771465022060272000,68,Insert,",",69,"Dnes je vonku pekne, idem von so psom na dvor a budem tam asi hodinu,"
wL7w4dmBmxSYXUEO9tYBUp6XaA22,15,1771465022437175000,1771465022429939000,69,Insert, ,70,"Dnes je vonku pekne, idem von so psom na dvor a budem tam asi hodinu, "
wL7w4dmBmxSYXUEO9tYBUp6XaA22,15,1771465023232138000,1771465023223576000,70,Insert,b,71,"Dnes je vonku pekne, idem von so psom na dvor a budem tam asi hodinu, b"
wL7w4dmBmxSYXUEO9tYBUp6XaA22,15,1771465023514663000,1771465023508429000,71,Insert,u,72,"Dnes je vonku pekne, idem von so psom na dvor a budem tam asi hodinu, bu"
wL7w4dmBmxSYXUEO9tYBUp6XaA22,15,1771465023945310000,1771465023939206000,72,Insert,d,73,"Dnes je vonku pekne, idem von so psom na dvor a budem tam asi hodinu, bud"
wL7w4dmBmxSYXUEO9tYBUp6XaA22,15,1771465024145081000,1771465024139876000,73,Insert,e,74,"Dnes je vonku pekne, idem von so psom na dvor a budem tam asi hodinu, bude"
wL7w4dmBmxSYXUEO9tYBUp6XaA22,15,1771465024716080000,1771465024705232000,74,Insert, ,75,"Dnes je vonku pekne, idem von so psom na dvor a budem tam asi hodinu, bude "
wL7w4dmBmxSYXUEO9tYBUp6XaA22,15,1771465025048880000,1771465025043089000,75,Insert,t,76,"Dnes je vonku pekne, idem von so psom na dvor a budem tam asi hodinu, bude t"
wL7w4dmBmxSYXUEO9tYBUp6XaA22,15,1771465025402407000,1771465025395194000,76,Insert,o,77,"Dnes je vonku pekne, idem von so psom na dvor a budem tam asi hodinu, bude to"
wL7w4dmBmxSYXUEO9tYBUp6XaA22,15,1771465025802962000,1771465025796148000,77,Insert, ,78,"Dnes je vonku pekne, idem von so psom na dvor a budem tam asi hodinu, bude to "
wL7w4dmBmxSYXUEO9tYBUp6XaA22,15,1771465026285306000,1771465026279485000,78,Insert,f,79,"Dnes je vonku pekne, idem von so psom na dvor a budem tam asi hodinu, bude to f"
wL7w4dmBmxSYXUEO9tYBUp6XaA22,15,1771465026533136000,1771465026527947000,79,Insert,a,80,"Dnes je vonku pekne, idem von so psom na dvor a budem tam asi hodinu, bude to fa"
wL7w4dmBmxSYXUEO9tYBUp6XaA22,15,1771465027005408000,1771465026999621000,80,Insert,j,81,"Dnes je vonku pekne, idem von so psom na dvor a budem tam asi hodinu, bude to faj"
wL7w4dmBmxSYXUEO9tYBUp6XaA22,15,1771465027272335000,1771465027266272000,81,Insert,n,82,"Dnes je vonku pekne, idem von so psom na dvor a budem tam asi hodinu, bude to fajn"
wL7w4dmBmxSYXUEO9tYBUp6XaA22,15,1771465028140779000,1771465028125366000,82,Insert,.,83,"Dnes je vonku pekne, idem von so psom na dvor a budem tam asi hodinu, bude to fajn."
