input,session_id,timestamp,x,y,z
sensor_gyroscope,0e44c1a2-1013-499e-b74b-808f97f2d13f,1777991608717587723,-0.23648852,0.090813726,0.26644906
sensor_gyroscope,0e44c1a2-1013-499e-b74b-808f97f2d13f,1777991608737596942,-0.46858284,0.3889544,0.3356912
sensor_gyroscope,0e44c1a2-1013-499e-b74b-808f97f2d13f,1777991608757607723,-0.35047174,0.4209123,0.26218802
sensor_gyroscope,0e44c1a2-1013-499e-b74b-808f97f2d13f,1777991608777624338,-0.07776424,-0.01890843,0.011984216
sensor_gyroscope,0e44c1a2-1013-499e-b74b-808f97f2d13f,1777991608797631108,0.1054611,-0.22117536,-0.22876537
sensor_gyroscope,0e44c1a2-1013-499e-b74b-808f97f2d13f,1777991608817649702,0.20972379,0.18668745,-0.14993586
sensor_gyroscope,0e44c1a2-1013-499e-b74b-808f97f2d13f,1777991608837651265,0.1532648,0.33795488,-0.02210422
sensor_gyroscope,0e44c1a2-1013-499e-b74b-808f97f2d13f,1777991608857660171,0.101200044,0.17283903,0.003462107
sensor_gyroscope,0e44c1a2-1013-499e-b74b-808f97f2d13f,1777991608877666629,0.40147123,-0.14247902,-0.027430538
sensor_gyroscope,0e44c1a2-1013-499e-b74b-808f97f2d13f,1777991608897689702,0.47071338,-0.231828,0.043942124
sensor_gyroscope,0e44c1a2-1013-499e-b74b-808f97f2d13f,1777991608917692358,0.41958073,-0.23608905,0.079095826
sensor_gyroscope,0e44c1a2-1013-499e-b74b-808f97f2d13f,1777991608937699806,0.3940144,-0.12650006,0.02796317
sensor_gyroscope,0e44c1a2-1013-499e-b74b-808f97f2d13f,1777991608957711369,0.50586706,0.0023968432,-0.07749793
sensor_gyroscope,0e44c1a2-1013-499e-b74b-808f97f2d13f,1777991608977726421,0.61452395,0.1909485,-0.17656745
sensor_gyroscope,0e44c1a2-1013-499e-b74b-808f97f2d13f,1777991608997730119,0.64115554,0.25699484,-0.25539696
sensor_gyroscope,0e44c1a2-1013-499e-b74b-808f97f2d13f,1777991609017749754,0.58150077,0.2729738,-0.22876537
sensor_gyroscope,0e44c1a2-1013-499e-b74b-808f97f2d13f,1777991609037778869,0.35992596,0.31771487,-0.16378428
sensor_gyroscope,0e44c1a2-1013-499e-b74b-808f97f2d13f,1777991609057781629,0.06817687,0.2644517,-0.0870853
sensor_gyroscope,0e44c1a2-1013-499e-b74b-808f97f2d13f,1777991609077788869,-0.1054611,0.07270424,-0.0018642114
sensor_gyroscope,0e44c1a2-1013-499e-b74b-808f97f2d13f,1777991609097795379,-0.057524238,-0.16804534,0.014114743
sensor_gyroscope,0e44c1a2-1013-499e-b74b-808f97f2d13f,1777991609117801629,0.06711161,-0.35646385,2.663159E-4
sensor_gyroscope,0e44c1a2-1013-499e-b74b-808f97f2d13f,1777991609137804754,0.0585895,-0.3170491,-7.9894776E-4
sensor_gyroscope,0e44c1a2-1013-499e-b74b-808f97f2d13f,1777991609157839858,-0.069242135,-0.20626168,-0.002929475
sensor_gyroscope,0e44c1a2-1013-499e-b74b-808f97f2d13f,1777991609177828192,-0.18109483,-0.2083922,-0.034887385
sensor_gyroscope,0e44c1a2-1013-499e-b74b-808f97f2d13f,1777991609197825379,-0.28016433,-0.17749955,-0.04554002
sensor_gyroscope,0e44c1a2-1013-499e-b74b-808f97f2d13f,1777991609217864025,-0.33023173,-0.073236875,-0.019973693
sensor_gyroscope,0e44c1a2-1013-499e-b74b-808f97f2d13f,1777991609237857046,-0.33555806,-0.008255793,2.663159E-4
sensor_gyroscope,0e44c1a2-1013-499e-b74b-808f97f2d13f,1777991609257866890,-0.31851384,0.09294425,0.03328949
sensor_gyroscope,0e44c1a2-1013-499e-b74b-808f97f2d13f,1777991609277900640,-0.30679592,0.11638005,0.07270424
sensor_gyroscope,0e44c1a2-1013-499e-b74b-808f97f2d13f,1777991609297892827,-0.31744856,0.06631266,0.05672529
sensor_gyroscope,0e44c1a2-1013-499e-b74b-808f97f2d13f,1777991609317908817,-0.30360013,-0.031691592,-0.06791056
sensor_gyroscope,0e44c1a2-1013-499e-b74b-808f97f2d13f,1777991609337929546,-0.28655592,-0.17536902,-0.013582111
sensor_gyroscope,0e44c1a2-1013-499e-b74b-808f97f2d13f,1777991609357911942,-0.24714117,-0.10839058,0.02796317
sensor_gyroscope,0e44c1a2-1013-499e-b74b-808f97f2d13f,1777991609377922567,-0.16724639,0.020506324,0.052464236
sensor_gyroscope,0e44c1a2-1013-499e-b74b-808f97f2d13f,1777991609397966577,-0.11398321,0.058855817,0.08016109
sensor_gyroscope,0e44c1a2-1013-499e-b74b-808f97f2d13f,1777991609417957515,-0.05006739,-0.06471477,0.07270424
sensor_gyroscope,0e44c1a2-1013-499e-b74b-808f97f2d13f,1777991609437983608,-0.035153702,-0.11265163,0.055660024
sensor_gyroscope,0e44c1a2-1013-499e-b74b-808f97f2d13f,1777991609457990119,-0.18109483,-0.04447476,0.07270424
sensor_gyroscope,0e44c1a2-1013-499e-b74b-808f97f2d13f,1777991609477999546,-0.33768857,0.025832644,0.090813726
sensor_gyroscope,0e44c1a2-1013-499e-b74b-808f97f2d13f,1777991609497993140,-0.32597068,0.10785794,0.08655267
sensor_gyroscope,0e44c1a2-1013-499e-b74b-808f97f2d13f,1777991609518012306,-0.17683376,0.12490216,0.05139897
sensor_gyroscope,0e44c1a2-1013-499e-b74b-808f97f2d13f,1777991609538001160,-0.015978955,0.0087884255,0.032224227
sensor_gyroscope,0e44c1a2-1013-499e-b74b-808f97f2d13f,1777991609558046108,0.025566328,-0.073236875,0.02157159
sensor_gyroscope,0e44c1a2-1013-499e-b74b-808f97f2d13f,1777991609578023973,-0.049002126,-0.09773794,0.0109189525
sensor_gyroscope,0e44c1a2-1013-499e-b74b-808f97f2d13f,1777991609598065900,-0.10972215,-0.07430214,-0.03062633
sensor_gyroscope,0e44c1a2-1013-499e-b74b-808f97f2d13f,1777991609618060692,-0.10865689,-0.041278966,-0.040213704
sensor_gyroscope,0e44c1a2-1013-499e-b74b-808f97f2d13f,1777991609638089025,-0.07882951,0.009853689,-0.038083173
sensor_gyroscope,0e44c1a2-1013-499e-b74b-808f97f2d13f,1777991609658070327,-0.05006739,0.017310534,-0.043409493
sensor_gyroscope,0e44c1a2-1013-499e-b74b-808f97f2d13f,1777991609678109806,-0.027696855,-0.005060002,-0.03914844
sensor_gyroscope,0e44c1a2-1013-499e-b74b-808f97f2d13f,1777991609698087150,0.03834949,0.0087884255,-0.01890843
sensor_gyroscope,0e44c1a2-1013-499e-b74b-808f97f2d13f,1777991609718106942,-0.0042610546,0.055660024,-0.03062633
sensor_gyroscope,0e44c1a2-1013-499e-b74b-808f97f2d13f,1777991609738121473,-0.03834949,0.10679268,-0.040213704
sensor_gyroscope,0e44c1a2-1013-499e-b74b-808f97f2d13f,1777991609758118608,0.071372665,0.0109189525,-0.02210422
sensor_gyroscope,0e44c1a2-1013-499e-b74b-808f97f2d13f,1777991609778163608,0.13728586,-0.12436953,-0.01890843
sensor_gyroscope,0e44c1a2-1013-499e-b74b-808f97f2d13f,1777991609798168556,0.042610545,-0.04447476,-0.027430538
sensor_gyroscope,0e44c1a2-1013-499e-b74b-808f97f2d13f,1777991609818159806,-0.051132657,0.099335834,-0.0061252657
sensor_gyroscope,0e44c1a2-1013-499e-b74b-808f97f2d13f,1777991609838159806,-0.041545283,0.17177376,0.015180007
sensor_gyroscope,0e44c1a2-1013-499e-b74b-808f97f2d13f,1777991609858177671,0.059654765,0.21331905,0.031158961
sensor_gyroscope,0e44c1a2-1013-499e-b74b-808f97f2d13f,1777991609878212463,0.20013641,0.12490216,0.02796317
sensor_gyroscope,0e44c1a2-1013-499e-b74b-808f97f2d13f,1777991609898193400,0.14580797,-0.08602004,0.029028434
sensor_gyroscope,0e44c1a2-1013-499e-b74b-808f97f2d13f,1777991609918204338,0.069242135,-0.063649505,0.006657898
sensor_gyroscope,0e44c1a2-1013-499e-b74b-808f97f2d13f,1777991609938209858,0.04367581,-0.049801074,-0.047670547
sensor_gyroscope,0e44c1a2-1013-499e-b74b-808f97f2d13f,1777991609958249546,-0.06391582,-0.095607415,-0.06684529
sensor_gyroscope,0e44c1a2-1013-499e-b74b-808f97f2d13f,1777991609978242775,-0.13741902,-0.1105211,-0.009321057
sensor_gyroscope,0e44c1a2-1013-499e-b74b-808f97f2d13f,1777991609998279338,-0.15765902,-0.116912685,0.023702117
sensor_gyroscope,0e44c1a2-1013-499e-b74b-808f97f2d13f,1777991610018254494,-0.08735162,-0.06471477,-0.013582111
sensor_gyroscope,0e44c1a2-1013-499e-b74b-808f97f2d13f,1777991610038263660,0.061785292,-0.103064254,-0.04554002
sensor_gyroscope,0e44c1a2-1013-499e-b74b-808f97f2d13f,1777991610058306681,0.03728423,-0.11158637,-0.010386321
sensor_gyroscope,0e44c1a2-1013-499e-b74b-808f97f2d13f,1777991610078298400,-0.13528848,-0.09134636,-0.03382212
sensor_gyroscope,0e44c1a2-1013-499e-b74b-808f97f2d13f,1777991610098316369,-0.27164224,-0.0061252657,-0.07430214
sensor_gyroscope,0e44c1a2-1013-499e-b74b-808f97f2d13f,1777991610118312202,-0.26525065,0.042876862,-0.08921583
sensor_gyroscope,0e44c1a2-1013-499e-b74b-808f97f2d13f,1777991610138334077,-0.13635375,-0.03382212,-0.093476884
sensor_gyroscope,0e44c1a2-1013-499e-b74b-808f97f2d13f,1777991610158338973,0.06817687,-0.16378428,-0.075367406
sensor_gyroscope,0e44c1a2-1013-499e-b74b-808f97f2d13f,1777991610178346525,0.1798964,-0.45872915,-0.11904321
sensor_gyroscope,0e44c1a2-1013-499e-b74b-808f97f2d13f,1777991610198358296,0.0074568456,-0.10839058,-0.061518975
sensor_gyroscope,0e44c1a2-1013-499e-b74b-808f97f2d13f,1777991610218371317,-0.1054611,0.28469172,0.023702117
sensor_gyroscope,0e44c1a2-1013-499e-b74b-808f97f2d13f,1777991610238386213,0.030892646,0.33688962,0.10359689
sensor_gyroscope,0e44c1a2-1013-499e-b74b-808f97f2d13f,1777991610258384963,0.14793849,0.035420015,0.076965295
sensor_gyroscope,0e44c1a2-1013-499e-b74b-808f97f2d13f,1777991610278397306,0.08628636,-0.13182637,0.04607265
sensor_gyroscope,0e44c1a2-1013-499e-b74b-808f97f2d13f,1777991610298415067,0.06817687,0.032224227,-0.0018642114
sensor_gyroscope,0e44c1a2-1013-499e-b74b-808f97f2d13f,1777991610318417671,-0.053263184,0.09294425,-0.012516848
sensor_gyroscope,0e44c1a2-1013-499e-b74b-808f97f2d13f,1777991610338445692,-0.07456846,0.06311687,0.029028434
sensor_gyroscope,0e44c1a2-1013-499e-b74b-808f97f2d13f,1777991610358453140,0.024501063,0.06311687,0.043942124
sensor_gyroscope,0e44c1a2-1013-499e-b74b-808f97f2d13f,1777991610378440171,0.16604798,0.009853689,0.054594763
sensor_gyroscope,0e44c1a2-1013-499e-b74b-808f97f2d13f,1777991610398450692,0.24594274,0.04607265,0.032224227
sensor_gyroscope,0e44c1a2-1013-499e-b74b-808f97f2d13f,1777991610418466160,0.18841851,0.122771636,0.020506324
sensor_gyroscope,0e44c1a2-1013-499e-b74b-808f97f2d13f,1777991610438503088,0.061785292,0.10785794,0.01944106
sensor_gyroscope,0e44c1a2-1013-499e-b74b-808f97f2d13f,1777991610458485171,-0.080960035,-0.103064254,-0.028495802
sensor_gyroscope,0e44c1a2-1013-499e-b74b-808f97f2d13f,1777991610478525015,-0.13528848,-0.15100113,-0.06791056
sensor_gyroscope,0e44c1a2-1013-499e-b74b-808f97f2d13f,1777991610498503921,-0.0820253,-0.3756386,-0.13928322
sensor_gyroscope,0e44c1a2-1013-499e-b74b-808f97f2d13f,1777991610518538348,-0.09800425,-0.48536074,-0.12330426
sensor_gyroscope,0e44c1a2-1013-499e-b74b-808f97f2d13f,1777991610538524181,-0.22796641,-0.2755038,-0.114782155
sensor_gyroscope,0e44c1a2-1013-499e-b74b-808f97f2d13f,1777991610558565067,-0.11078742,-0.13502216,-0.116912685
sensor_gyroscope,0e44c1a2-1013-499e-b74b-808f97f2d13f,1777991610578574233,0.06391582,-0.021038957,-0.041278966
sensor_gyroscope,0e44c1a2-1013-499e-b74b-808f97f2d13f,1777991610598556890,0.20759325,-0.027430538,-0.009321057
sensor_gyroscope,0e44c1a2-1013-499e-b74b-808f97f2d13f,1777991610618580796,0.09693899,0.13342427,0.020506324
sensor_gyroscope,0e44c1a2-1013-499e-b74b-808f97f2d13f,1777991610638580275,-0.022370536,0.31771487,0.053529497
sensor_gyroscope,0e44c1a2-1013-499e-b74b-808f97f2d13f,1777991610658624233,-0.15020217,0.1792306,0.035420015
sensor_gyroscope,0e44c1a2-1013-499e-b74b-808f97f2d13f,1777991610678627202,-0.18109483,0.16538218,0.05672529
sensor_gyroscope,0e44c1a2-1013-499e-b74b-808f97f2d13f,1777991610698619650,-0.029827382,0.12916322,0.055660024
sensor_gyroscope,0e44c1a2-1013-499e-b74b-808f97f2d13f,1777991610718628869,0.018109482,0.026897907,0.05139897
sensor_gyroscope,0e44c1a2-1013-499e-b74b-808f97f2d13f,1777991610738633088,0.03834949,-0.03382212,0.062051605
sensor_gyroscope,0e44c1a2-1013-499e-b74b-808f97f2d13f,1777991610758652983,0.019174745,-0.034887385,0.067377925
sensor_gyroscope,0e44c1a2-1013-499e-b74b-808f97f2d13f,1777991610778684181,-0.013848428,-0.01571264,0.07270424
sensor_gyroscope,0e44c1a2-1013-499e-b74b-808f97f2d13f,1777991610798692515,0.05219792,0.0023968432,0.079095826
sensor_gyroscope,0e44c1a2-1013-499e-b74b-808f97f2d13f,1777991610818685483,0.17137429,0.02157159,0.05139897
sensor_gyroscope,0e44c1a2-1013-499e-b74b-808f97f2d13f,1777991610838690223,0.2033322,0.0087884255,0.04607265
sensor_gyroscope,0e44c1a2-1013-499e-b74b-808f97f2d13f,1777991610858722931,0.14793849,0.042876862,0.02796317
sensor_gyroscope,0e44c1a2-1013-499e-b74b-808f97f2d13f,1777991610878736838,-0.1054611,-0.22863221,0.0077231615
sensor_gyroscope,0e44c1a2-1013-499e-b74b-808f97f2d13f,1777991610898714910,-0.13528848,-0.24461116,-0.0061252657
sensor_gyroscope,0e44c1a2-1013-499e-b74b-808f97f2d13f,1777991610918726369,0.034088437,-0.15632744,-0.054062128
sensor_gyroscope,0e44c1a2-1013-499e-b74b-808f97f2d13f,1777991610938745067,0.112917945,-0.17124113,-0.058323186
sensor_gyroscope,0e44c1a2-1013-499e-b74b-808f97f2d13f,1777991610958775223,0.12037479,-0.25632906,-0.034887385
sensor_gyroscope,0e44c1a2-1013-499e-b74b-808f97f2d13f,1777991610978788504,0.091612674,-0.22863221,-0.025300011
sensor_gyroscope,0e44c1a2-1013-499e-b74b-808f97f2d13f,1777991610998799025,0.042610545,-0.026365275,0.011984216
sensor_gyroscope,0e44c1a2-1013-499e-b74b-808f97f2d13f,1777991611018776421,-0.069242135,0.20373167,0.029028434
sensor_gyroscope,0e44c1a2-1013-499e-b74b-808f97f2d13f,1777991611038788713,-0.041545283,0.2527338,0.0023968432
sensor_gyroscope,0e44c1a2-1013-499e-b74b-808f97f2d13f,1777991611058804129,0.036218964,0.16964324,-7.9894776E-4
sensor_gyroscope,0e44c1a2-1013-499e-b74b-808f97f2d13f,1777991611078836160,-0.021305272,0.029028434,0.017310534
sensor_gyroscope,0e44c1a2-1013-499e-b74b-808f97f2d13f,1777991611098840900,-0.18855166,0.04820318,2.663159E-4
sensor_gyroscope,0e44c1a2-1013-499e-b74b-808f97f2d13f,1777991611118842723,-0.3462107,0.25166854,-0.026365275
sensor_gyroscope,0e44c1a2-1013-499e-b74b-808f97f2d13f,1777991611138844910,-0.31744856,0.3432812,-0.031691592
sensor_gyroscope,0e44c1a2-1013-499e-b74b-808f97f2d13f,1777991611158881108,-0.092677936,0.24314642,-0.04554002
sensor_gyroscope,0e44c1a2-1013-499e-b74b-808f97f2d13f,1777991611178886994,0.10865689,0.011984216,-0.048735812
sensor_gyroscope,0e44c1a2-1013-499e-b74b-808f97f2d13f,1777991611198876317,0.13515532,-0.15952323,-0.046605285
sensor_gyroscope,0e44c1a2-1013-499e-b74b-808f97f2d13f,1777991611218910535,0.06711161,-0.29361328,-0.013582111
sensor_gyroscope,0e44c1a2-1013-499e-b74b-808f97f2d13f,1777991611238906421,0.008522109,-0.12756532,0.01304948
sensor_gyroscope,0e44c1a2-1013-499e-b74b-808f97f2d13f,1777991611258917879,-0.08522109,0.16325165,-0.011451584
sensor_gyroscope,0e44c1a2-1013-499e-b74b-808f97f2d13f,1777991611278945015,-0.04474107,0.26871276,0.015180007
sensor_gyroscope,0e44c1a2-1013-499e-b74b-808f97f2d13f,1777991611298946994,0.05219792,0.078030564,0.02796317
sensor_gyroscope,0e44c1a2-1013-499e-b74b-808f97f2d13f,1777991611318961733,0.10226531,-0.14354427,0.035420015
sensor_gyroscope,0e44c1a2-1013-499e-b74b-808f97f2d13f,1777991611338943869,-0.028762119,-0.1105211,0.0077231615
sensor_gyroscope,0e44c1a2-1013-499e-b74b-808f97f2d13f,1777991611358968556,-0.2109222,-0.03382212,-0.002929475
sensor_gyroscope,0e44c1a2-1013-499e-b74b-808f97f2d13f,1777991611378999285,-0.22903168,0.07270424,0.0045273704
sensor_gyroscope,0e44c1a2-1013-499e-b74b-808f97f2d13f,1777991611399006681,-0.12037479,0.10359689,0.015180007
sensor_gyroscope,0e44c1a2-1013-499e-b74b-808f97f2d13f,1777991611418999390,0.014913691,0.112119,0.01624527
sensor_gyroscope,0e44c1a2-1013-499e-b74b-808f97f2d13f,1777991611439002827,0.07563372,-0.047670547,0.003462107
sensor_gyroscope,0e44c1a2-1013-499e-b74b-808f97f2d13f,1777991611459011056,0.07350319,-0.2904175,-0.03062633
sensor_gyroscope,0e44c1a2-1013-499e-b74b-808f97f2d13f,1777991611479019025,-0.019174745,-0.06471477,-7.9894776E-4
sensor_gyroscope,0e44c1a2-1013-499e-b74b-808f97f2d13f,1777991611499041629,-0.09800425,0.17177376,-0.0061252657
sensor_gyroscope,0e44c1a2-1013-499e-b74b-808f97f2d13f,1777991611519042254,0.012783164,0.15792534,0.005592634
sensor_gyroscope,0e44c1a2-1013-499e-b74b-808f97f2d13f,1777991611539065275,0.14687322,0.04820318,0.023702117
sensor_gyroscope,0e44c1a2-1013-499e-b74b-808f97f2d13f,1777991611559062931,0.26618275,-0.13821796,0.025832644
sensor_gyroscope,0e44c1a2-1013-499e-b74b-808f97f2d13f,1777991611579074338,0.14793849,-0.116912685,-0.011451584
sensor_gyroscope,0e44c1a2-1013-499e-b74b-808f97f2d13f,1777991611599086681,-0.030892646,0.08122636,-0.01890843
sensor_gyroscope,0e44c1a2-1013-499e-b74b-808f97f2d13f,1777991611619125067,-0.06391582,0.15792534,0.031158961
sensor_gyroscope,0e44c1a2-1013-499e-b74b-808f97f2d13f,1777991611639105535,0.07776424,0.079095826,0.054594763
sensor_gyroscope,0e44c1a2-1013-499e-b74b-808f97f2d13f,1777991611659120171,0.053263184,-0.11584742,0.04607265
sensor_gyroscope,0e44c1a2-1013-499e-b74b-808f97f2d13f,1777991611679123192,-0.11824426,-0.19454378,0.026897907
sensor_gyroscope,0e44c1a2-1013-499e-b74b-808f97f2d13f,1777991611699146942,-0.10013478,-0.034887385,-0.024234748
sensor_gyroscope,0e44c1a2-1013-499e-b74b-808f97f2d13f,1777991611719151421,0.06285056,0.06311687,-0.049801074
sensor_gyroscope,0e44c1a2-1013-499e-b74b-808f97f2d13f,1777991611739162567,0.080960035,-0.13076112,-0.02210422
sensor_gyroscope,0e44c1a2-1013-499e-b74b-808f97f2d13f,1777991611759167983,0.017044218,-0.30320066,-0.03382212
sensor_gyroscope,0e44c1a2-1013-499e-b74b-808f97f2d13f,1777991611779184442,-0.051132657,-0.44381547,-0.071106344
sensor_gyroscope,0e44c1a2-1013-499e-b74b-808f97f2d13f,1777991611799219858,-0.11078742,-0.023169484,-0.047670547
sensor_gyroscope,0e44c1a2-1013-499e-b74b-808f97f2d13f,1777991611819210483,0.0021305273,0.15899059,-0.049801074
sensor_gyroscope,0e44c1a2-1013-499e-b74b-808f97f2d13f,1777991611839208556,0.17457008,0.18136114,-0.03382212
sensor_gyroscope,0e44c1a2-1013-499e-b74b-808f97f2d13f,1777991611859222046,0.2150501,0.14940323,-0.017843166
sensor_gyroscope,0e44c1a2-1013-499e-b74b-808f97f2d13f,1777991611879251525,0.035153702,0.15046848,0.030093698
sensor_gyroscope,0e44c1a2-1013-499e-b74b-808f97f2d13f,1777991611899246004,-0.2428801,0.249538,0.05672529
sensor_gyroscope,0e44c1a2-1013-499e-b74b-808f97f2d13f,1777991611919260483,-0.371777,0.23355906,0.01944106
sensor_gyroscope,0e44c1a2-1013-499e-b74b-808f97f2d13f,1777991611939288817,-0.234358,0.21012326,0.02476738
sensor_gyroscope,0e44c1a2-1013-499e-b74b-808f97f2d13f,1777991611959275952,0.056458972,0.10466215,0.0077231615
sensor_gyroscope,0e44c1a2-1013-499e-b74b-808f97f2d13f,1777991611979305952,0.10759163,-0.04554002,0.05992108
sensor_gyroscope,0e44c1a2-1013-499e-b74b-808f97f2d13f,1777991611999319025,0.06711161,2.663159E-4,0.10998847
sensor_gyroscope,0e44c1a2-1013-499e-b74b-808f97f2d13f,1777991612019333400,0.0585895,-0.12650006,0.10466215
sensor_gyroscope,0e44c1a2-1013-499e-b74b-808f97f2d13f,1777991612039317463,0.10013478,-0.15952323,0.14088112
sensor_gyroscope,0e44c1a2-1013-499e-b74b-808f97f2d13f,1777991612059333088,0.15752587,-0.07430214,0.19401114
sensor_gyroscope,0e44c1a2-1013-499e-b74b-808f97f2d13f,1777991612079359390,0.24274695,-0.02210422,0.15566164
sensor_gyroscope,0e44c1a2-1013-499e-b74b-808f97f2d13f,1777991612099361213,0.1798964,0.111053735,0.07270424
sensor_gyroscope,0e44c1a2-1013-499e-b74b-808f97f2d13f,1777991612119365119,0.12769848,0.24847275,0.05672529
sensor_gyroscope,0e44c1a2-1013-499e-b74b-808f97f2d13f,1777991612139383348,0.09054741,0.31878015,0.03328949
sensor_gyroscope,0e44c1a2-1013-499e-b74b-808f97f2d13f,1777991612159404181,0.08735162,0.44008705,0.0087884255
sensor_gyroscope,0e44c1a2-1013-499e-b74b-808f97f2d13f,1777991612179412046,-0.0820253,0.13235901,0.02476738
sensor_gyroscope,0e44c1a2-1013-499e-b74b-808f97f2d13f,1777991612199427150,-0.12144005,-0.15845796,-0.0061252657
sensor_gyroscope,0e44c1a2-1013-499e-b74b-808f97f2d13f,1777991612219437824,0.003195791,-0.12010848,-0.058323186
sensor_gyroscope,0e44c1a2-1013-499e-b74b-808f97f2d13f,1777991612239446418,0.051132657,0.16218638,-0.10839058
sensor_gyroscope,0e44c1a2-1013-499e-b74b-808f97f2d13f,1777991612259437564,-0.11398321,0.13235901,-0.04447476
sensor_gyroscope,0e44c1a2-1013-499e-b74b-808f97f2d13f,1777991612279462720,-0.16937692,-0.023169484,-0.019973693
sensor_gyroscope,0e44c1a2-1013-499e-b74b-808f97f2d13f,1777991612299481002,0.006391582,-0.08815057,2.663159E-4
sensor_gyroscope,0e44c1a2-1013-499e-b74b-808f97f2d13f,1777991612319462824,0.18415745,-0.094542146,0.003462107
sensor_gyroscope,0e44c1a2-1013-499e-b74b-808f97f2d13f,1777991612339499960,0.19374482,-0.075367406,0.030093698
sensor_gyroscope,0e44c1a2-1013-499e-b74b-808f97f2d13f,1777991612359508189,0.080960035,0.03328949,0.037550543
sensor_gyroscope,0e44c1a2-1013-499e-b74b-808f97f2d13f,1777991612379487460,-0.12783164,0.03328949,0.026897907
sensor_gyroscope,0e44c1a2-1013-499e-b74b-808f97f2d13f,1777991612399532199,-0.23329274,-0.14887059,0.009853689
sensor_gyroscope,0e44c1a2-1013-499e-b74b-808f97f2d13f,1777991612419537460,-0.13102743,-0.18069534,-0.061518975
sensor_gyroscope,0e44c1a2-1013-499e-b74b-808f97f2d13f,1777991612439521731,-0.047936864,-0.17017587,-0.08175898
sensor_gyroscope,0e44c1a2-1013-499e-b74b-808f97f2d13f,1777991612459560533,-0.03834949,-0.15845796,-0.048735812
sensor_gyroscope,0e44c1a2-1013-499e-b74b-808f97f2d13f,1777991612479572929,-0.06817687,-0.20093535,-0.043409493
sensor_gyroscope,0e44c1a2-1013-499e-b74b-808f97f2d13f,1777991612499550533,-0.03195791,-0.17536902,-0.04234423
sensor_gyroscope,0e44c1a2-1013-499e-b74b-808f97f2d13f,1777991612519565897,0.039414756,-0.14034848,-0.048735812
sensor_gyroscope,0e44c1a2-1013-499e-b74b-808f97f2d13f,1777991612539572199,0.049002126,-0.10093373,-0.03914844
sensor_gyroscope,0e44c1a2-1013-499e-b74b-808f97f2d13f,1777991612559596106,0.117179,-0.06471477,-0.062584236
sensor_gyroscope,0e44c1a2-1013-499e-b74b-808f97f2d13f,1777991612579626991,0.035153702,0.10572742,-0.041278966
sensor_gyroscope,0e44c1a2-1013-499e-b74b-808f97f2d13f,1777991612599632720,-0.16618113,0.229298,-0.01571264
sensor_gyroscope,0e44c1a2-1013-499e-b74b-808f97f2d13f,1777991612619618241,-0.09906952,0.17710008,0.03968107
sensor_gyroscope,0e44c1a2-1013-499e-b74b-808f97f2d13f,1777991612639653502,0.14793849,0.041811597,0.067377925
sensor_gyroscope,0e44c1a2-1013-499e-b74b-808f97f2d13f,1777991612659633085,0.18096165,-0.15419692,0.006657898
sensor_gyroscope,0e44c1a2-1013-499e-b74b-808f97f2d13f,1777991612679671366,-0.08735162,-0.06897582,-0.038083173
sensor_gyroscope,0e44c1a2-1013-499e-b74b-808f97f2d13f,1777991612699657929,-0.24501064,0.111053735,-0.03382212
sensor_gyroscope,0e44c1a2-1013-499e-b74b-808f97f2d13f,1777991612719701418,-0.0820253,0.18988325,-0.047670547
sensor_gyroscope,0e44c1a2-1013-499e-b74b-808f97f2d13f,1777991612739714804,0.20439745,0.1238369,-0.043409493
sensor_gyroscope,0e44c1a2-1013-499e-b74b-808f97f2d13f,1777991612759689387,0.18948378,-0.095607415,-0.035952646
sensor_gyroscope,0e44c1a2-1013-499e-b74b-808f97f2d13f,1777991612779730064,0.022370536,-0.466186,-0.04447476
sensor_gyroscope,0e44c1a2-1013-499e-b74b-808f97f2d13f,1777991612799732824,0.0042610546,-0.32237542,0.023702117
sensor_gyroscope,0e44c1a2-1013-499e-b74b-808f97f2d13f,1777991612819717147,-0.1054611,0.090813726,0.015180007
sensor_gyroscope,0e44c1a2-1013-499e-b74b-808f97f2d13f,1777991612839725220,-0.026631592,0.26658222,-0.03382212
sensor_gyroscope,0e44c1a2-1013-499e-b74b-808f97f2d13f,1777991612859752564,-0.0021305273,0.2559296,0.014114743
sensor_gyroscope,0e44c1a2-1013-499e-b74b-808f97f2d13f,1777991612879757564,0.042610545,0.13768533,0.0109189525
sensor_gyroscope,0e44c1a2-1013-499e-b74b-808f97f2d13f,1777991612899767877,0.06817687,-0.20200062,-0.008255793
sensor_gyroscope,0e44c1a2-1013-499e-b74b-808f97f2d13f,1777991612919776366,-0.08948214,-0.17856482,-0.032756858
sensor_gyroscope,0e44c1a2-1013-499e-b74b-808f97f2d13f,1777991612939795220,-0.15659375,0.01944106,-0.026365275
sensor_gyroscope,0e44c1a2-1013-499e-b74b-808f97f2d13f,1777991612959803397,-0.04474107,0.12490216,-0.01890843
sensor_gyroscope,0e44c1a2-1013-499e-b74b-808f97f2d13f,1777991612979811314,0.059654765,0.09507478,-7.9894776E-4
sensor_gyroscope,0e44c1a2-1013-499e-b74b-808f97f2d13f,1777991612999818970,0.03834949,-0.025300011,0.01304948
sensor_gyroscope,0e44c1a2-1013-499e-b74b-808f97f2d13f,1777991613019831939,0.024501063,-0.18708692,-0.031691592
sensor_gyroscope,0e44c1a2-1013-499e-b74b-808f97f2d13f,1777991613039840533,0.04367581,-0.2904175,-0.043409493
sensor_gyroscope,0e44c1a2-1013-499e-b74b-808f97f2d13f,1777991613059847408,-0.08948214,0.19307904,0.01624527
sensor_gyroscope,0e44c1a2-1013-499e-b74b-808f97f2d13f,1777991613079855949,-0.0585895,0.19840536,0.003462107
sensor_gyroscope,0e44c1a2-1013-499e-b74b-808f97f2d13f,1777991613099884647,0.005326318,0.07376951,-0.021038957
sensor_gyroscope,0e44c1a2-1013-499e-b74b-808f97f2d13f,1777991613119884960,0.07243793,-0.09241162,0.0023968432
sensor_gyroscope,0e44c1a2-1013-499e-b74b-808f97f2d13f,1777991613139892512,0.056458972,-0.08815057,0.0045273704
sensor_gyroscope,0e44c1a2-1013-499e-b74b-808f97f2d13f,1777991613159903866,-0.03195791,0.005592634,-0.012516848
sensor_gyroscope,0e44c1a2-1013-499e-b74b-808f97f2d13f,1777991613179913814,-0.070307404,0.10253163,-0.0071905297
sensor_gyroscope,0e44c1a2-1013-499e-b74b-808f97f2d13f,1777991613199947981,0.014913691,0.18668745,0.0045273704
sensor_gyroscope,0e44c1a2-1013-499e-b74b-808f97f2d13f,1777991613219937929,0.10972215,0.088683195,0.0023968432
sensor_gyroscope,0e44c1a2-1013-499e-b74b-808f97f2d13f,1777991613239949960,0.07350319,0.029028434,0.0077231615
sensor_gyroscope,0e44c1a2-1013-499e-b74b-808f97f2d13f,1777991613259953345,0.03195791,0.05992108,0.03968107
sensor_gyroscope,0e44c1a2-1013-499e-b74b-808f97f2d13f,1777991613279989283,0.03728423,0.08335688,0.017310534
sensor_gyroscope,0e44c1a2-1013-499e-b74b-808f97f2d13f,1777991613299976314,0.024501063,0.043942124,-0.019973693
sensor_gyroscope,0e44c1a2-1013-499e-b74b-808f97f2d13f,1777991613320012043,0.0117179,0.067377925,-0.016777903
sensor_gyroscope,0e44c1a2-1013-499e-b74b-808f97f2d13f,1777991613340019595,0.024501063,0.088683195,-0.002929475
sensor_gyroscope,0e44c1a2-1013-499e-b74b-808f97f2d13f,1777991613360013606,0.0468716,0.17390428,-0.0039947387
sensor_gyroscope,0e44c1a2-1013-499e-b74b-808f97f2d13f,1777991613380010272,0.057524238,0.17177376,0.0087884255
sensor_gyroscope,0e44c1a2-1013-499e-b74b-808f97f2d13f,1777991613400052929,0.014913691,0.10785794,0.035420015
sensor_gyroscope,0e44c1a2-1013-499e-b74b-808f97f2d13f,1777991613420062512,-0.06604634,-0.10412952,0.040746335
sensor_gyroscope,0e44c1a2-1013-499e-b74b-808f97f2d13f,1777991613440077199,-0.07669898,-0.23928484,0.022636853
sensor_gyroscope,0e44c1a2-1013-499e-b74b-808f97f2d13f,1777991613460084856,-0.0585895,-0.060453713,-0.008255793
sensor_gyroscope,0e44c1a2-1013-499e-b74b-808f97f2d13f,1777991613480091054,-0.025566328,-0.13076112,-0.046605285
sensor_gyroscope,0e44c1a2-1013-499e-b74b-808f97f2d13f,1777991613500073449,0.008522109,-0.15632744,-0.01890843
sensor_gyroscope,0e44c1a2-1013-499e-b74b-808f97f2d13f,1777991613520120377,-0.013848428,-0.083889514,-7.9894776E-4
sensor_gyroscope,0e44c1a2-1013-499e-b74b-808f97f2d13f,1777991613540125064,-0.07563372,-0.034887385,-0.019973693
sensor_gyroscope,0e44c1a2-1013-499e-b74b-808f97f2d13f,1777991613560136158,-0.05219792,-0.103064254,-0.041278966
sensor_gyroscope,0e44c1a2-1013-499e-b74b-808f97f2d13f,1777991613580138189,0.036218964,-0.36711648,-0.06471477
sensor_gyroscope,0e44c1a2-1013-499e-b74b-808f97f2d13f,1777991613600160116,-0.13422322,-0.01571264,-0.0071905297
sensor_gyroscope,0e44c1a2-1013-499e-b74b-808f97f2d13f,1777991613620160845,-0.2663159,0.27084327,0.0023968432
sensor_gyroscope,0e44c1a2-1013-499e-b74b-808f97f2d13f,1777991613640148189,-0.14807165,0.12596743,0.006657898
sensor_gyroscope,0e44c1a2-1013-499e-b74b-808f97f2d13f,1777991613660190481,-0.10226531,-0.21478379,0.026897907
sensor_gyroscope,0e44c1a2-1013-499e-b74b-808f97f2d13f,1777991613680195689,-0.2929475,-0.28296065,0.02157159
sensor_gyroscope,0e44c1a2-1013-499e-b74b-808f97f2d13f,1777991613700203970,-0.5293029,-0.046605285,0.003462107
sensor_gyroscope,0e44c1a2-1013-499e-b74b-808f97f2d13f,1777991613720205845,-0.5399555,0.12703268,-7.9894776E-4
sensor_gyroscope,0e44c1a2-1013-499e-b74b-808f97f2d13f,1777991613740231158,-0.3046654,0.08655267,2.663159E-4
sensor_gyroscope,0e44c1a2-1013-499e-b74b-808f97f2d13f,1777991613760243710,-0.092677936,-0.06684529,0.0077231615
sensor_gyroscope,0e44c1a2-1013-499e-b74b-808f97f2d13f,1777991613780255220,-0.008522109,-0.16058849,0.011984216
sensor_gyroscope,0e44c1a2-1013-499e-b74b-808f97f2d13f,1777991613800259022,0.05006739,-0.10199899,0.023702117
sensor_gyroscope,0e44c1a2-1013-499e-b74b-808f97f2d13f,1777991613820265897,0.028762119,-0.122239,-0.010386321
sensor_gyroscope,0e44c1a2-1013-499e-b74b-808f97f2d13f,1777991613840283970,-0.11824426,-0.25632906,-0.048735812
sensor_gyroscope,0e44c1a2-1013-499e-b74b-808f97f2d13f,1777991613860274856,-0.09587373,-0.211588,-0.03914844
sensor_gyroscope,0e44c1a2-1013-499e-b74b-808f97f2d13f,1777991613880307199,0.112917945,-0.093476884,-0.024234748
sensor_gyroscope,0e44c1a2-1013-499e-b74b-808f97f2d13f,1777991613900286054,0.19481009,-0.103064254,-0.049801074
sensor_gyroscope,0e44c1a2-1013-499e-b74b-808f97f2d13f,1777991613920306679,0.1415469,-0.03062633,-0.03914844
sensor_gyroscope,0e44c1a2-1013-499e-b74b-808f97f2d13f,1777991613940302668,0.07776424,0.05139897,-0.0018642114
sensor_gyroscope,0e44c1a2-1013-499e-b74b-808f97f2d13f,1777991613960324439,-0.018109482,0.060986344,0.01624527
sensor_gyroscope,0e44c1a2-1013-499e-b74b-808f97f2d13f,1777991613980325793,-0.021305272,0.035420015,0.020506324
sensor_gyroscope,0e44c1a2-1013-499e-b74b-808f97f2d13f,1777991614000369439,0.05219792,0.017310534,0.005592634
sensor_gyroscope,0e44c1a2-1013-499e-b74b-808f97f2d13f,1777991614020361522,0.07563372,0.0077231615,-0.0061252657
sensor_gyroscope,0e44c1a2-1013-499e-b74b-808f97f2d13f,1777991614040356783,0.03834949,0.026897907,-0.002929475
sensor_gyroscope,0e44c1a2-1013-499e-b74b-808f97f2d13f,1777991614060378033,-0.003195791,0.07163898,0.0109189525
sensor_gyroscope,0e44c1a2-1013-499e-b74b-808f97f2d13f,1777991614080409387,-0.012783164,0.07057372,0.01944106
sensor_gyroscope,0e44c1a2-1013-499e-b74b-808f97f2d13f,1777991614100402356,-0.0234358,0.060986344,0.005592634
sensor_gyroscope,0e44c1a2-1013-499e-b74b-808f97f2d13f,1777991614120409908,-0.03302317,0.07376951,0.0109189525
sensor_gyroscope,0e44c1a2-1013-499e-b74b-808f97f2d13f,1777991614140441835,-0.045806337,0.10572742,0.0023968432
sensor_gyroscope,0e44c1a2-1013-499e-b74b-808f97f2d13f,1777991614160466887,-0.009587373,0.101466365,-7.9894776E-4
sensor_gyroscope,0e44c1a2-1013-499e-b74b-808f97f2d13f,1777991614180462564,0.014913691,0.043942124,0.005592634
sensor_gyroscope,0e44c1a2-1013-499e-b74b-808f97f2d13f,1777991614200475429,-0.010652636,0.01944106,0.0087884255
sensor_gyroscope,0e44c1a2-1013-499e-b74b-808f97f2d13f,1777991614220472772,-0.047936864,0.06844319,0.005592634
sensor_gyroscope,0e44c1a2-1013-499e-b74b-808f97f2d13f,1777991614240470220,-0.021305272,0.09614004,-0.0039947387
sensor_gyroscope,0e44c1a2-1013-499e-b74b-808f97f2d13f,1777991614260484543,-0.0010652636,0.07483477,0.0023968432
sensor_gyroscope,0e44c1a2-1013-499e-b74b-808f97f2d13f,1777991614280484804,0.009587373,-0.011451584,0.0077231615
sensor_gyroscope,0e44c1a2-1013-499e-b74b-808f97f2d13f,1777991614300495689,0.021305272,-0.0071905297,0.0045273704
sensor_gyroscope,0e44c1a2-1013-499e-b74b-808f97f2d13f,1777991614320529179,-0.013848428,0.01624527,-0.0018642114
sensor_gyroscope,0e44c1a2-1013-499e-b74b-808f97f2d13f,1777991614340526574,-0.005326318,0.05672529,0.003462107
sensor_gyroscope,0e44c1a2-1013-499e-b74b-808f97f2d13f,1777991614360535377,0.003195791,0.03328949,-0.0018642114
sensor_gyroscope,0e44c1a2-1013-499e-b74b-808f97f2d13f,1777991614380550116,0.021305272,-0.009321057,0.0087884255
sensor_gyroscope,0e44c1a2-1013-499e-b74b-808f97f2d13f,1777991614400552199,0.026631592,0.0077231615,0.0013315795
sensor_gyroscope,0e44c1a2-1013-499e-b74b-808f97f2d13f,1777991614420567147,-0.014913691,0.020506324,-7.9894776E-4
sensor_gyroscope,0e44c1a2-1013-499e-b74b-808f97f2d13f,1777991614440576418,-0.006391582,0.037550543,-0.009321057
sensor_gyroscope,0e44c1a2-1013-499e-b74b-808f97f2d13f,1777991614460589127,-0.0,0.026897907,-0.002929475
sensor_gyroscope,0e44c1a2-1013-499e-b74b-808f97f2d13f,1777991614480593502,0.022370536,0.026897907,-0.0039947387
sensor_gyroscope,0e44c1a2-1013-499e-b74b-808f97f2d13f,1777991614500610897,0.020240009,-0.02210422,0.0013315795
sensor_gyroscope,0e44c1a2-1013-499e-b74b-808f97f2d13f,1777991614520620585,0.025566328,-0.009321057,2.663159E-4
sensor_gyroscope,0e44c1a2-1013-499e-b74b-808f97f2d13f,1777991614540636574,-0.0,0.02157159,0.0013315795
sensor_gyroscope,0e44c1a2-1013-499e-b74b-808f97f2d13f,1777991614560658918,0.026631592,0.014114743,0.0013315795
sensor_gyroscope,0e44c1a2-1013-499e-b74b-808f97f2d13f,1777991614580652772,0.0585895,0.003462107,-0.005060002
sensor_gyroscope,0e44c1a2-1013-499e-b74b-808f97f2d13f,1777991614600681262,-0.0010652636,0.09187899,-0.002929475
sensor_gyroscope,0e44c1a2-1013-499e-b74b-808f97f2d13f,1777991614620693814,-0.018109482,0.111053735,0.006657898
sensor_gyroscope,0e44c1a2-1013-499e-b74b-808f97f2d13f,1777991614640671002,0.080960035,-0.005060002,0.015180007
sensor_gyroscope,0e44c1a2-1013-499e-b74b-808f97f2d13f,1777991614660691522,0.0468716,-0.063649505,-0.012516848
sensor_gyroscope,0e44c1a2-1013-499e-b74b-808f97f2d13f,1777991614680720845,-0.040480018,0.006657898,-0.013582111
sensor_gyroscope,0e44c1a2-1013-499e-b74b-808f97f2d13f,1777991614700706054,-0.057524238,0.060986344,-7.9894776E-4
sensor_gyroscope,0e44c1a2-1013-499e-b74b-808f97f2d13f,1777991614720714856,-0.0042610546,0.08548741,0.006657898
sensor_gyroscope,0e44c1a2-1013-499e-b74b-808f97f2d13f,1777991614740721679,0.05539371,0.053529497,0.022636853
sensor_gyroscope,0e44c1a2-1013-499e-b74b-808f97f2d13f,1777991614760740949,0.04367581,0.03968107,0.0109189525
sensor_gyroscope,0e44c1a2-1013-499e-b74b-808f97f2d13f,1777991614780752199,-0.034088437,0.032224227,0.006657898
sensor_gyroscope,0e44c1a2-1013-499e-b74b-808f97f2d13f,1777991614800751835,-0.06604634,0.043942124,-7.9894776E-4
sensor_gyroscope,0e44c1a2-1013-499e-b74b-808f97f2d13f,1777991614820766418,-0.014913691,0.022636853,0.0087884255
sensor_gyroscope,0e44c1a2-1013-499e-b74b-808f97f2d13f,1777991614840774127,0.04367581,-0.0039947387,2.663159E-4
sensor_gyroscope,0e44c1a2-1013-499e-b74b-808f97f2d13f,1777991614860810168,0.026631592,0.041811597,0.0013315795
sensor_gyroscope,0e44c1a2-1013-499e-b74b-808f97f2d13f,1777991614880956314,-0.0042610546,0.005592634,0.006657898
sensor_gyroscope,0e44c1a2-1013-499e-b74b-808f97f2d13f,1777991614900995064,-0.024501063,-0.032756858,0.003462107
sensor_gyroscope,0e44c1a2-1013-499e-b74b-808f97f2d13f,1777991614920982564,-0.010652636,0.0045273704,-0.005060002
sensor_gyroscope,0e44c1a2-1013-499e-b74b-808f97f2d13f,1777991614940992668,0.020240009,0.030093698,0.005592634
sensor_gyroscope,0e44c1a2-1013-499e-b74b-808f97f2d13f,1777991614960840533,0.024501063,0.03648528,0.005592634
sensor_gyroscope,0e44c1a2-1013-499e-b74b-808f97f2d13f,1777991614980838554,0.0234358,0.040746335,0.006657898
sensor_gyroscope,0e44c1a2-1013-499e-b74b-808f97f2d13f,1777991615000854335,-0.0010652636,0.0109189525,-0.005060002
sensor_gyroscope,0e44c1a2-1013-499e-b74b-808f97f2d13f,1777991615020878345,0.003195791,0.031158961,-0.009321057
sensor_gyroscope,0e44c1a2-1013-499e-b74b-808f97f2d13f,1777991615040872043,-0.008522109,0.030093698,-0.0071905297
sensor_gyroscope,0e44c1a2-1013-499e-b74b-808f97f2d13f,1777991615060898189,-0.014913691,0.03648528,0.003462107
sensor_gyroscope,0e44c1a2-1013-499e-b74b-808f97f2d13f,1777991615080889439,0.005326318,0.05672529,0.01624527
sensor_gyroscope,0e44c1a2-1013-499e-b74b-808f97f2d13f,1777991615100920220,-0.0021305273,-0.002929475,0.009853689
sensor_gyroscope,0e44c1a2-1013-499e-b74b-808f97f2d13f,1777991615120926939,-0.005326318,0.006657898,-7.9894776E-4
sensor_gyroscope,0e44c1a2-1013-499e-b74b-808f97f2d13f,1777991615140923970,-0.0010652636,0.006657898,-0.0018642114
sensor_gyroscope,0e44c1a2-1013-499e-b74b-808f97f2d13f,1777991615160934127,0.0074568456,2.663159E-4,-0.0018642114
sensor_gyroscope,0e44c1a2-1013-499e-b74b-808f97f2d13f,1777991615180941522,0.0042610546,0.006657898,2.663159E-4
sensor_gyroscope,0e44c1a2-1013-499e-b74b-808f97f2d13f,1777991615200972877,-0.009587373,-0.01890843,2.663159E-4
sensor_gyroscope,0e44c1a2-1013-499e-b74b-808f97f2d13f,1777991615221005949,-0.0021305273,-0.01571264,-7.9894776E-4
sensor_gyroscope,0e44c1a2-1013-499e-b74b-808f97f2d13f,1777991615240992460,0.022370536,-0.0071905297,-0.0039947387
sensor_gyroscope,0e44c1a2-1013-499e-b74b-808f97f2d13f,1777991615261005533,0.030892646,0.01944106,-0.0039947387
sensor_gyroscope,0e44c1a2-1013-499e-b74b-808f97f2d13f,1777991615281013345,0.014913691,0.038615808,2.663159E-4
sensor_gyroscope,0e44c1a2-1013-499e-b74b-808f97f2d13f,1777991615301020324,0.017044218,0.04607265,0.005592634
sensor_gyroscope,0e44c1a2-1013-499e-b74b-808f97f2d13f,1777991615321044491,0.060720026,0.054594763,2.663159E-4
sensor_gyroscope,0e44c1a2-1013-499e-b74b-808f97f2d13f,1777991615341043762,0.029827382,-0.09667268,-0.013582111
sensor_gyroscope,0e44c1a2-1013-499e-b74b-808f97f2d13f,1777991615361053241,0.0074568456,-0.06578003,0.0045273704
sensor_gyroscope,0e44c1a2-1013-499e-b74b-808f97f2d13f,1777991615381071054,0.040480018,-0.01571264,-0.03914844
sensor_gyroscope,0e44c1a2-1013-499e-b74b-808f97f2d13f,1777991615401073502,0.028762119,0.078030564,-0.029561065
sensor_gyroscope,0e44c1a2-1013-499e-b74b-808f97f2d13f,1777991615421102095,-0.019174745,0.041811597,0.0013315795
sensor_gyroscope,0e44c1a2-1013-499e-b74b-808f97f2d13f,1777991615441098293,-0.021305272,-0.02210422,0.02157159
sensor_gyroscope,0e44c1a2-1013-499e-b74b-808f97f2d13f,1777991615461112772,0.019174745,-0.035952646,0.022636853
sensor_gyroscope,0e44c1a2-1013-499e-b74b-808f97f2d13f,1777991615481119960,0.05219792,-0.034887385,0.011984216
sensor_gyroscope,0e44c1a2-1013-499e-b74b-808f97f2d13f,1777991615501136470,0.061785292,-0.02210422,-0.005060002
sensor_gyroscope,0e44c1a2-1013-499e-b74b-808f97f2d13f,1777991615521162252,0.028762119,0.006657898,0.005592634
sensor_gyroscope,0e44c1a2-1013-499e-b74b-808f97f2d13f,1777991615541157408,-0.019174745,0.030093698,0.04607265
sensor_gyroscope,0e44c1a2-1013-499e-b74b-808f97f2d13f,1777991615561161314,0.045806337,-0.019973693,0.020506324
sensor_gyroscope,0e44c1a2-1013-499e-b74b-808f97f2d13f,1777991615581351158,0.15219954,-0.10945584,-0.024234748
sensor_gyroscope,0e44c1a2-1013-499e-b74b-808f97f2d13f,1777991615601322981,0.14580797,-0.02210422,0.0013315795
sensor_gyroscope,0e44c1a2-1013-499e-b74b-808f97f2d13f,1777991615621362720,0.12237216,-0.03062633,0.02476738
sensor_gyroscope,0e44c1a2-1013-499e-b74b-808f97f2d13f,1777991615641371783,0.0820253,-0.063649505,0.022636853
sensor_gyroscope,0e44c1a2-1013-499e-b74b-808f97f2d13f,1777991615661195116,0.013848428,0.02796317,0.03648528
sensor_gyroscope,0e44c1a2-1013-499e-b74b-808f97f2d13f,1777991615681210272,0.06391582,0.06418213,0.054594763
sensor_gyroscope,0e44c1a2-1013-499e-b74b-808f97f2d13f,1777991615701224387,0.11185268,0.0652474,0.05033371
sensor_gyroscope,0e44c1a2-1013-499e-b74b-808f97f2d13f,1777991615721223814,0.041545283,0.055660024,0.020506324
sensor_gyroscope,0e44c1a2-1013-499e-b74b-808f97f2d13f,1777991615741238033,-0.15978955,2.663159E-4,0.003462107
sensor_gyroscope,0e44c1a2-1013-499e-b74b-808f97f2d13f,1777991615761245741,-0.15659375,-0.01571264,-0.0071905297
sensor_gyroscope,0e44c1a2-1013-499e-b74b-808f97f2d13f,1777991615781254595,0.018109482,0.005592634,-0.046605285
sensor_gyroscope,0e44c1a2-1013-499e-b74b-808f97f2d13f,1777991615801273085,0.06498108,-0.008255793,-0.024234748
sensor_gyroscope,0e44c1a2-1013-499e-b74b-808f97f2d13f,1777991615821282408,-0.0117179,-0.024234748,0.0087884255
sensor_gyroscope,0e44c1a2-1013-499e-b74b-808f97f2d13f,1777991615841322199,-0.057524238,-0.04554002,0.03968107
sensor_gyroscope,0e44c1a2-1013-499e-b74b-808f97f2d13f,1777991615861299804,0.045806337,0.020506324,0.04500739
sensor_gyroscope,0e44c1a2-1013-499e-b74b-808f97f2d13f,1777991615881317772,0.16711323,0.07057372,0.026897907
sensor_gyroscope,0e44c1a2-1013-499e-b74b-808f97f2d13f,1777991615901325012,0.21185431,0.21544957,-0.005060002
sensor_gyroscope,0e44c1a2-1013-499e-b74b-808f97f2d13f,1777991615921336522,-0.018109482,0.01304948,0.0109189525
sensor_gyroscope,0e44c1a2-1013-499e-b74b-808f97f2d13f,1777991615941358918,-0.0585895,-0.11797795,-0.005060002
sensor_gyroscope,0e44c1a2-1013-499e-b74b-808f97f2d13f,1777991615961367616,0.036218964,-7.9894776E-4,-0.040213704
sensor_gyroscope,0e44c1a2-1013-499e-b74b-808f97f2d13f,1777991615981390637,0.0585895,0.099335834,-0.07856319
sensor_gyroscope,0e44c1a2-1013-499e-b74b-808f97f2d13f,1777991616001392095,0.06285056,0.0087884255,-0.027430538
sensor_gyroscope,0e44c1a2-1013-499e-b74b-808f97f2d13f,1777991616021402616,0.061785292,-0.073236875,-0.025300011
sensor_gyroscope,0e44c1a2-1013-499e-b74b-808f97f2d13f,1777991616041416522,0.11824426,-0.09241162,-0.023169484
sensor_gyroscope,0e44c1a2-1013-499e-b74b-808f97f2d13f,1777991616061431470,0.15752587,0.011984216,-0.017843166
sensor_gyroscope,0e44c1a2-1013-499e-b74b-808f97f2d13f,1777991616081432408,0.061785292,0.090813726,-0.0018642114
sensor_gyroscope,0e44c1a2-1013-499e-b74b-808f97f2d13f,1777991616101435741,-0.047936864,0.17710008,0.018375797
sensor_gyroscope,0e44c1a2-1013-499e-b74b-808f97f2d13f,1777991616121451418,-0.080960035,0.15472955,0.01944106
sensor_gyroscope,0e44c1a2-1013-499e-b74b-808f97f2d13f,1777991616141471783,-0.0585895,-0.09028109,-0.0071905297
sensor_gyroscope,0e44c1a2-1013-499e-b74b-808f97f2d13f,1777991616161472356,-0.11824426,-0.24887222,-0.009321057
sensor_gyroscope,0e44c1a2-1013-499e-b74b-808f97f2d13f,1777991616181485793,0.013848428,-0.14567481,-0.062584236
sensor_gyroscope,0e44c1a2-1013-499e-b74b-808f97f2d13f,1777991616201496002,0.12237216,-0.17749955,-0.06471477
sensor_gyroscope,0e44c1a2-1013-499e-b74b-808f97f2d13f,1777991616221505689,0.0021305273,-0.10839058,-0.019973693
sensor_gyroscope,0e44c1a2-1013-499e-b74b-808f97f2d13f,1777991616241523554,-0.21305273,-0.05725792,-0.005060002
sensor_gyroscope,0e44c1a2-1013-499e-b74b-808f97f2d13f,1777991616261531522,-0.19707377,0.0023968432,0.0045273704
sensor_gyroscope,0e44c1a2-1013-499e-b74b-808f97f2d13f,1777991616281557824,-0.042610545,-0.058323186,0.0045273704
sensor_gyroscope,0e44c1a2-1013-499e-b74b-808f97f2d13f,1777991616301537564,0.12556796,-0.12330426,0.018375797
sensor_gyroscope,0e44c1a2-1013-499e-b74b-808f97f2d13f,1777991616321584335,0.071372665,-0.09134636,-0.0039947387
sensor_gyroscope,0e44c1a2-1013-499e-b74b-808f97f2d13f,1777991616341568137,-0.056458972,0.041811597,0.009853689
sensor_gyroscope,0e44c1a2-1013-499e-b74b-808f97f2d13f,1777991616361606106,-0.09054741,0.025832644,0.0013315795
sensor_gyroscope,0e44c1a2-1013-499e-b74b-808f97f2d13f,1777991616381584335,-0.06391582,-0.021038957,-0.010386321
sensor_gyroscope,0e44c1a2-1013-499e-b74b-808f97f2d13f,1777991616401627512,0.021305272,-0.04234423,-0.002929475
sensor_gyroscope,0e44c1a2-1013-499e-b74b-808f97f2d13f,1777991616421608606,0.049002126,-0.15632744,-0.002929475
sensor_gyroscope,0e44c1a2-1013-499e-b74b-808f97f2d13f,1777991616441642252,-0.021305272,-0.1849564,-0.019973693
sensor_gyroscope,0e44c1a2-1013-499e-b74b-808f97f2d13f,1777991616461623293,-0.057524238,0.03968107,0.0023968432
sensor_gyroscope,0e44c1a2-1013-499e-b74b-808f97f2d13f,1777991616481661106,-0.003195791,0.120641105,2.663159E-4
sensor_gyroscope,0e44c1a2-1013-499e-b74b-808f97f2d13f,1777991616501645272,0.101200044,0.067377925,0.003462107
sensor_gyroscope,0e44c1a2-1013-499e-b74b-808f97f2d13f,1777991616521654908,0.042610545,-0.025300011,0.0013315795
sensor_gyroscope,0e44c1a2-1013-499e-b74b-808f97f2d13f,1777991616541663658,-0.13741902,0.01944106,-0.010386321
sensor_gyroscope,0e44c1a2-1013-499e-b74b-808f97f2d13f,1777991616561707199,-0.26205486,0.09507478,-0.032756858
sensor_gyroscope,0e44c1a2-1013-499e-b74b-808f97f2d13f,1777991616581707356,-0.2311622,0.1824264,-0.019973693
sensor_gyroscope,0e44c1a2-1013-499e-b74b-808f97f2d13f,1777991616601732616,-0.0234358,0.11531479,-0.02210422
sensor_gyroscope,0e44c1a2-1013-499e-b74b-808f97f2d13f,1777991616621705481,0.1564606,-0.15952323,-0.048735812
sensor_gyroscope,0e44c1a2-1013-499e-b74b-808f97f2d13f,1777991616641720897,0.10759163,-0.41292283,-0.07004108
sensor_gyroscope,0e44c1a2-1013-499e-b74b-808f97f2d13f,1777991616661727616,-0.061785292,-0.2616554,-0.016777903
sensor_gyroscope,0e44c1a2-1013-499e-b74b-808f97f2d13f,1777991616681773606,-0.18535587,0.1941443,0.0023968432
sensor_gyroscope,0e44c1a2-1013-499e-b74b-808f97f2d13f,1777991616701763085,-0.041545283,0.32091066,0.0087884255
sensor_gyroscope,0e44c1a2-1013-499e-b74b-808f97f2d13f,1777991616721792512,0.10865689,0.3028012,0.049268443
sensor_gyroscope,0e44c1a2-1013-499e-b74b-808f97f2d13f,1777991616741798189,0.13728586,0.03648528,0.040746335
sensor_gyroscope,0e44c1a2-1013-499e-b74b-808f97f2d13f,1777991616761790168,-0.022370536,-0.060453713,-0.011451584
sensor_gyroscope,0e44c1a2-1013-499e-b74b-808f97f2d13f,1777991616781821314,-0.1640506,-0.04234423,-0.021038957
sensor_gyroscope,0e44c1a2-1013-499e-b74b-808f97f2d13f,1777991616801829127,-0.07989477,0.08122636,-0.014647375
sensor_gyroscope,0e44c1a2-1013-499e-b74b-808f97f2d13f,1777991616821814699,-0.054328445,0.1238369,0.005592634
sensor_gyroscope,0e44c1a2-1013-499e-b74b-808f97f2d13f,1777991616841821991,0.0117179,0.07483477,0.055660024
sensor_gyroscope,0e44c1a2-1013-499e-b74b-808f97f2d13f,1777991616861839074,0.026631592,0.023702117,0.049268443
sensor_gyroscope,0e44c1a2-1013-499e-b74b-808f97f2d13f,1777991616881879491,-0.0010652636,-0.021038957,0.020506324
sensor_gyroscope,0e44c1a2-1013-499e-b74b-808f97f2d13f,1777991616901862668,-0.0074568456,-0.116912685,-0.011451584
sensor_gyroscope,0e44c1a2-1013-499e-b74b-808f97f2d13f,1777991616921894439,-0.06817687,-0.034887385,0.054594763
sensor_gyroscope,0e44c1a2-1013-499e-b74b-808f97f2d13f,1777991616941871939,-0.09587373,0.14407691,0.067377925
sensor_gyroscope,0e44c1a2-1013-499e-b74b-808f97f2d13f,1777991616961888970,-0.0010652636,0.111053735,-0.002929475
sensor_gyroscope,0e44c1a2-1013-499e-b74b-808f97f2d13f,1777991616981898137,0.10226531,0.14301164,0.023702117
sensor_gyroscope,0e44c1a2-1013-499e-b74b-808f97f2d13f,1777991617001937668,0.10439584,0.03328949,0.05779055
sensor_gyroscope,0e44c1a2-1013-499e-b74b-808f97f2d13f,1777991617021948397,-0.049002126,0.030093698,0.03968107
sensor_gyroscope,0e44c1a2-1013-499e-b74b-808f97f2d13f,1777991617041959543,-0.20559588,-0.058323186,0.037550543
sensor_gyroscope,0e44c1a2-1013-499e-b74b-808f97f2d13f,1777991617061947460,-0.091612674,-0.09773794,0.03968107
sensor_gyroscope,0e44c1a2-1013-499e-b74b-808f97f2d13f,1777991617081977981,0.06604634,-0.061518975,2.663159E-4
sensor_gyroscope,0e44c1a2-1013-499e-b74b-808f97f2d13f,1777991617101975429,0.027696855,-0.04554002,-7.9894776E-4
sensor_gyroscope,0e44c1a2-1013-499e-b74b-808f97f2d13f,1777991617121993658,-0.039414756,-0.16484955,0.035420015
sensor_gyroscope,0e44c1a2-1013-499e-b74b-808f97f2d13f,1777991617142015116,0.022370536,-0.073236875,0.03648528
sensor_gyroscope,0e44c1a2-1013-499e-b74b-808f97f2d13f,1777991617161995689,0.071372665,-0.031691592,0.003462107
sensor_gyroscope,0e44c1a2-1013-499e-b74b-808f97f2d13f,1777991617182014595,-0.008522109,0.03328949,-7.9894776E-4
sensor_gyroscope,0e44c1a2-1013-499e-b74b-808f97f2d13f,1777991617202010012,-0.045806337,0.09507478,-0.010386321
sensor_gyroscope,0e44c1a2-1013-499e-b74b-808f97f2d13f,1777991617222056679,-0.008522109,0.07590003,0.003462107
sensor_gyroscope,0e44c1a2-1013-499e-b74b-808f97f2d13f,1777991617242032199,-0.10013478,-0.07749793,0.017310534
sensor_gyroscope,0e44c1a2-1013-499e-b74b-808f97f2d13f,1777991617262052720,-0.05539371,-0.09986847,-0.01571264
sensor_gyroscope,0e44c1a2-1013-499e-b74b-808f97f2d13f,1777991617282082772,0.028762119,0.022636853,-0.05619266
sensor_gyroscope,0e44c1a2-1013-499e-b74b-808f97f2d13f,1777991617302067356,-0.04474107,-0.052996866,-0.04234423
sensor_gyroscope,0e44c1a2-1013-499e-b74b-808f97f2d13f,1777991617322086470,-0.022370536,-0.08921583,-0.027430538
sensor_gyroscope,0e44c1a2-1013-499e-b74b-808f97f2d13f,1777991617342095741,0.05539371,-0.1764343,-0.07217161
sensor_gyroscope,0e44c1a2-1013-499e-b74b-808f97f2d13f,1777991617362109491,0.07563372,-0.014647375,-0.043409493
sensor_gyroscope,0e44c1a2-1013-499e-b74b-808f97f2d13f,1777991617382125377,0.024501063,0.10359689,-0.034887385
sensor_gyroscope,0e44c1a2-1013-499e-b74b-808f97f2d13f,1777991617402139543,-0.010652636,0.23355906,-0.01890843
sensor_gyroscope,0e44c1a2-1013-499e-b74b-808f97f2d13f,1777991617422133866,0.09480847,0.346477,0.01944106
sensor_gyroscope,0e44c1a2-1013-499e-b74b-808f97f2d13f,1777991617442145272,0.14580797,0.2143843,0.0077231615
sensor_gyroscope,0e44c1a2-1013-499e-b74b-808f97f2d13f,1777991617462164595,-0.0234358,0.03328949,-0.016777903
sensor_gyroscope,0e44c1a2-1013-499e-b74b-808f97f2d13f,1777991617482162512,-0.03195791,0.12596743,-0.008255793
sensor_gyroscope,0e44c1a2-1013-499e-b74b-808f97f2d13f,1777991617502188866,0.0585895,0.16857797,-0.02210422
sensor_gyroscope,0e44c1a2-1013-499e-b74b-808f97f2d13f,1777991617522192981,0.06817687,-0.016777903,0.005592634
sensor_gyroscope,0e44c1a2-1013-499e-b74b-808f97f2d13f,1777991617542199127,0.18948378,0.06631266,0.042876862
sensor_gyroscope,0e44c1a2-1013-499e-b74b-808f97f2d13f,1777991617562210897,0.2683133,0.05033371,-0.0018642114
sensor_gyroscope,0e44c1a2-1013-499e-b74b-808f97f2d13f,1777991617582230897,0.20439745,0.121706374,-0.023169484
sensor_gyroscope,0e44c1a2-1013-499e-b74b-808f97f2d13f,1777991617602238449,0.0585895,0.13235901,0.0023968432
sensor_gyroscope,0e44c1a2-1013-499e-b74b-808f97f2d13f,1777991617622240949,-0.04474107,0.101466365,-0.013582111
sensor_gyroscope,0e44c1a2-1013-499e-b74b-808f97f2d13f,1777991617642251002,-0.11185268,-0.010386321,-7.9894776E-4
sensor_gyroscope,0e44c1a2-1013-499e-b74b-808f97f2d13f,1777991617662257043,0.040480018,-0.060453713,-0.027430538
sensor_gyroscope,0e44c1a2-1013-499e-b74b-808f97f2d13f,1777991617682292356,0.005326318,-0.054062128,-0.043409493
sensor_gyroscope,0e44c1a2-1013-499e-b74b-808f97f2d13f,1777991617702280481,-0.042610545,-0.10839058,0.0023968432
sensor_gyroscope,0e44c1a2-1013-499e-b74b-808f97f2d13f,1777991617722284074,-0.017044218,-0.071106344,0.058855817
sensor_gyroscope,0e44c1a2-1013-499e-b74b-808f97f2d13f,1777991617742293397,0.09587373,0.041811597,0.06418213
sensor_gyroscope,0e44c1a2-1013-499e-b74b-808f97f2d13f,1777991617762314804,0.15752587,0.037550543,-0.010386321
sensor_gyroscope,0e44c1a2-1013-499e-b74b-808f97f2d13f,1777991617782332512,0.10226531,0.11851058,-0.031691592
sensor_gyroscope,0e44c1a2-1013-499e-b74b-808f97f2d13f,1777991617802361158,0.014913691,0.08016109,-0.029561065
sensor_gyroscope,0e44c1a2-1013-499e-b74b-808f97f2d13f,1777991617822337824,-0.15126744,-0.10093373,-0.0018642114
sensor_gyroscope,0e44c1a2-1013-499e-b74b-808f97f2d13f,1777991617842345793,-0.14061481,-0.14567481,0.006657898
sensor_gyroscope,0e44c1a2-1013-499e-b74b-808f97f2d13f,1777991617862362043,0.029827382,-0.04447476,-0.002929475
sensor_gyroscope,0e44c1a2-1013-499e-b74b-808f97f2d13f,1777991617882393658,0.06604634,0.01944106,-0.014647375
sensor_gyroscope,0e44c1a2-1013-499e-b74b-808f97f2d13f,1777991617902391158,0.10013478,0.01304948,0.030093698
sensor_gyroscope,0e44c1a2-1013-499e-b74b-808f97f2d13f,1777991617922423033,0.18841851,-0.07430214,0.031158961
sensor_gyroscope,0e44c1a2-1013-499e-b74b-808f97f2d13f,1777991617942433397,0.21398483,-0.01571264,0.015180007
sensor_gyroscope,0e44c1a2-1013-499e-b74b-808f97f2d13f,1777991617962411002,0.21718062,0.0652474,0.02476738
sensor_gyroscope,0e44c1a2-1013-499e-b74b-808f97f2d13f,1777991617982447877,0.10013478,0.16538218,0.035420015
sensor_gyroscope,0e44c1a2-1013-499e-b74b-808f97f2d13f,1777991618002436106,-0.0234358,0.34115067,0.041811597
sensor_gyroscope,0e44c1a2-1013-499e-b74b-808f97f2d13f,1777991618022444752,0.0042610546,0.3687144,0.062051605
sensor_gyroscope,0e44c1a2-1013-499e-b74b-808f97f2d13f,1777991618042486627,0.030892646,0.32517174,0.07163898
sensor_gyroscope,0e44c1a2-1013-499e-b74b-808f97f2d13f,1777991618062465272,-0.07776424,0.30067065,0.053529497
sensor_gyroscope,0e44c1a2-1013-499e-b74b-808f97f2d13f,1777991618082501887,-0.14487585,0.19307904,0.0045273704
sensor_gyroscope,0e44c1a2-1013-499e-b74b-808f97f2d13f,1777991618102515533,-0.22157484,-0.13289164,-0.04554002
sensor_gyroscope,0e44c1a2-1013-499e-b74b-808f97f2d13f,1777991618122526262,-0.10972215,-0.21584904,-0.04554002
sensor_gyroscope,0e44c1a2-1013-499e-b74b-808f97f2d13f,1777991618142538762,-0.024501063,-0.2616554,-0.035952646
sensor_gyroscope,0e44c1a2-1013-499e-b74b-808f97f2d13f,1777991618162550429,-0.11611374,-0.31811434,-0.016777903
sensor_gyroscope,0e44c1a2-1013-499e-b74b-808f97f2d13f,1777991618182556262,-0.19494325,-0.37137753,-0.024234748
sensor_gyroscope,0e44c1a2-1013-499e-b74b-808f97f2d13f,1777991618202551887,-0.06498108,-0.34368068,-0.03382212
sensor_gyroscope,0e44c1a2-1013-499e-b74b-808f97f2d13f,1777991618222579074,0.18841851,-0.22437115,-0.040213704
sensor_gyroscope,0e44c1a2-1013-499e-b74b-808f97f2d13f,1777991618242588293,0.2033322,-0.14247902,-0.04447476
sensor_gyroscope,0e44c1a2-1013-499e-b74b-808f97f2d13f,1777991618262575012,0.003195791,-0.114782155,-0.041278966
sensor_gyroscope,0e44c1a2-1013-499e-b74b-808f97f2d13f,1777991618282610429,-0.15552849,-0.12436953,-0.021038957
sensor_gyroscope,0e44c1a2-1013-499e-b74b-808f97f2d13f,1777991618302600116,-0.24181485,-0.15419692,0.0013315795
sensor_gyroscope,0e44c1a2-1013-499e-b74b-808f97f2d13f,1777991618322598866,-0.23861906,-0.30107012,-0.005060002
sensor_gyroscope,0e44c1a2-1013-499e-b74b-808f97f2d13f,1777991618342639127,-0.124635845,-0.33302805,-0.034887385
sensor_gyroscope,0e44c1a2-1013-499e-b74b-808f97f2d13f,1777991618362622929,-0.026631592,-0.2669817,-0.023169484
sensor_gyroscope,0e44c1a2-1013-499e-b74b-808f97f2d13f,1777991618382632564,-0.0,-0.122239,0.0077231615
sensor_gyroscope,0e44c1a2-1013-499e-b74b-808f97f2d13f,1777991618402655897,-0.05006739,0.01624527,-0.008255793
sensor_gyroscope,0e44c1a2-1013-499e-b74b-808f97f2d13f,1777991618422655949,-0.06285056,0.13342427,-0.005060002
sensor_gyroscope,0e44c1a2-1013-499e-b74b-808f97f2d13f,1777991618442697981,0.08415583,0.3655186,-0.024234748
sensor_gyroscope,0e44c1a2-1013-499e-b74b-808f97f2d13f,1777991618462675012,-0.03302317,0.15259902,-0.017843166
sensor_gyroscope,0e44c1a2-1013-499e-b74b-808f97f2d13f,1777991618482710377,-0.12037479,-0.06897582,0.025832644
sensor_gyroscope,0e44c1a2-1013-499e-b74b-808f97f2d13f,1777991618502703449,-0.09480847,-0.20519641,0.042876862
sensor_gyroscope,0e44c1a2-1013-499e-b74b-808f97f2d13f,1777991618522705481,0.026631592,-0.06471477,0.009853689
sensor_gyroscope,0e44c1a2-1013-499e-b74b-808f97f2d13f,1777991618542744074,0.040480018,-7.9894776E-4,-0.027430538
sensor_gyroscope,0e44c1a2-1013-499e-b74b-808f97f2d13f,1777991618562758085,-0.036218964,-0.027430538,0.0087884255
sensor_gyroscope,0e44c1a2-1013-499e-b74b-808f97f2d13f,1777991618582741106,-0.03834949,-0.040213704,0.015180007
sensor_gyroscope,0e44c1a2-1013-499e-b74b-808f97f2d13f,1777991618602746731,0.035153702,0.030093698,0.01624527
sensor_gyroscope,0e44c1a2-1013-499e-b74b-808f97f2d13f,1777991618622768293,0.059654765,0.041811597,0.014114743
sensor_gyroscope,0e44c1a2-1013-499e-b74b-808f97f2d13f,1777991618642775897,0.034088437,0.042876862,-0.0039947387
sensor_gyroscope,0e44c1a2-1013-499e-b74b-808f97f2d13f,1777991618662781783,-0.015978955,0.06418213,0.0077231615
sensor_gyroscope,0e44c1a2-1013-499e-b74b-808f97f2d13f,1777991618682821366,-0.036218964,-0.0018642114,-0.0018642114
sensor_gyroscope,0e44c1a2-1013-499e-b74b-808f97f2d13f,1777991618702796939,-0.008522109,-0.034887385,0.005592634
sensor_gyroscope,0e44c1a2-1013-499e-b74b-808f97f2d13f,1777991618722825949,-0.015978955,-0.052996866,0.006657898
sensor_gyroscope,0e44c1a2-1013-499e-b74b-808f97f2d13f,1777991618742830481,-0.0,-0.029561065,-0.0018642114
sensor_gyroscope,0e44c1a2-1013-499e-b74b-808f97f2d13f,1777991618762847252,-0.020240009,0.030093698,0.0013315795
sensor_gyroscope,0e44c1a2-1013-499e-b74b-808f97f2d13f,1777991618782854752,-0.025566328,0.023702117,0.0087884255
sensor_gyroscope,0e44c1a2-1013-499e-b74b-808f97f2d13f,1777991618802884491,0.0010652636,0.01944106,0.011984216
sensor_gyroscope,0e44c1a2-1013-499e-b74b-808f97f2d13f,1777991618822873762,0.041545283,0.0077231615,-0.002929475
sensor_gyroscope,0e44c1a2-1013-499e-b74b-808f97f2d13f,1777991618842878814,0.026631592,-0.0870853,-0.002929475
sensor_gyroscope,0e44c1a2-1013-499e-b74b-808f97f2d13f,1777991618862887199,0.034088437,-0.028495802,-0.002929475
sensor_gyroscope,0e44c1a2-1013-499e-b74b-808f97f2d13f,1777991618882897877,-0.009587373,-0.048735812,0.0013315795
sensor_gyroscope,0e44c1a2-1013-499e-b74b-808f97f2d13f,1777991618902921106,-0.047936864,-0.049801074,0.009853689
sensor_gyroscope,0e44c1a2-1013-499e-b74b-808f97f2d13f,1777991618922926314,-0.06498108,-0.059388448,0.023702117
sensor_gyroscope,0e44c1a2-1013-499e-b74b-808f97f2d13f,1777991618942931470,-0.012783164,-0.01571264,0.0109189525
sensor_gyroscope,0e44c1a2-1013-499e-b74b-808f97f2d13f,1777991618962945377,-0.008522109,0.032224227,2.663159E-4
sensor_gyroscope,0e44c1a2-1013-499e-b74b-808f97f2d13f,1777991618982968866,-0.0010652636,0.037550543,-0.010386321
sensor_gyroscope,0e44c1a2-1013-499e-b74b-808f97f2d13f,1777991619002976627,-0.0074568456,0.02157159,-0.009321057
sensor_gyroscope,0e44c1a2-1013-499e-b74b-808f97f2d13f,1777991619022978449,-0.0117179,-0.009321057,0.0109189525
sensor_gyroscope,0e44c1a2-1013-499e-b74b-808f97f2d13f,1777991619043011731,-0.03195791,-0.005060002,0.01304948
sensor_gyroscope,0e44c1a2-1013-499e-b74b-808f97f2d13f,1777991619062991887,-0.045806337,-0.009321057,0.01304948
sensor_gyroscope,0e44c1a2-1013-499e-b74b-808f97f2d13f,1777991619083004074,-0.0010652636,0.0077231615,0.0013315795
sensor_gyroscope,0e44c1a2-1013-499e-b74b-808f97f2d13f,1777991619103036939,0.010652636,0.01944106,0.014114743
sensor_gyroscope,0e44c1a2-1013-499e-b74b-808f97f2d13f,1777991619123021470,-0.0074568456,-0.002929475,0.006657898
sensor_gyroscope,0e44c1a2-1013-499e-b74b-808f97f2d13f,1777991619143048137,-0.025566328,0.02476738,0.005592634
sensor_gyroscope,0e44c1a2-1013-499e-b74b-808f97f2d13f,1777991619163037512,-0.021305272,0.03328949,0.003462107
sensor_gyroscope,0e44c1a2-1013-499e-b74b-808f97f2d13f,1777991619183049179,-0.008522109,0.034354754,0.005592634
sensor_gyroscope,0e44c1a2-1013-499e-b74b-808f97f2d13f,1777991619203073033,-0.0021305273,0.052464236,-0.002929475
sensor_gyroscope,0e44c1a2-1013-499e-b74b-808f97f2d13f,1777991619223076939,-0.005326318,0.09187899,0.0077231615
sensor_gyroscope,0e44c1a2-1013-499e-b74b-808f97f2d13f,1777991619243079335,-0.04474107,0.054594763,0.011984216
sensor_gyroscope,0e44c1a2-1013-499e-b74b-808f97f2d13f,1777991619263100845,-0.092677936,-0.05086634,0.0109189525
sensor_gyroscope,0e44c1a2-1013-499e-b74b-808f97f2d13f,1777991619283134908,-0.012783164,-0.054062128,-0.0018642114
sensor_gyroscope,0e44c1a2-1013-499e-b74b-808f97f2d13f,1777991619303111522,0.05219792,-0.008255793,-0.023169484
sensor_gyroscope,0e44c1a2-1013-499e-b74b-808f97f2d13f,1777991619323151262,0.026631592,-0.04234423,-7.9894776E-4
sensor_gyroscope,0e44c1a2-1013-499e-b74b-808f97f2d13f,1777991619343145741,0.021305272,-0.046605285,0.0087884255
sensor_gyroscope,0e44c1a2-1013-499e-b74b-808f97f2d13f,1777991619363148449,0.03834949,-0.002929475,0.0013315795
sensor_gyroscope,0e44c1a2-1013-499e-b74b-808f97f2d13f,1777991619383185429,0.013848428,0.03648528,-0.011451584
sensor_gyroscope,0e44c1a2-1013-499e-b74b-808f97f2d13f,1777991619403169804,-0.03195791,0.023702117,-0.0071905297
sensor_gyroscope,0e44c1a2-1013-499e-b74b-808f97f2d13f,1777991619423183866,-0.019174745,-0.0018642114,0.0023968432
sensor_gyroscope,0e44c1a2-1013-499e-b74b-808f97f2d13f,1777991619443220585,0.0117179,-0.010386321,0.0013315795
sensor_gyroscope,0e44c1a2-1013-499e-b74b-808f97f2d13f,1777991619463202356,0.021305272,0.006657898,0.003462107
sensor_gyroscope,0e44c1a2-1013-499e-b74b-808f97f2d13f,1777991619483365793,-0.0010652636,0.01944106,-0.005060002
sensor_gyroscope,0e44c1a2-1013-499e-b74b-808f97f2d13f,1777991619503378658,0.030892646,0.022636853,2.663159E-4
sensor_gyroscope,0e44c1a2-1013-499e-b74b-808f97f2d13f,1777991619523386887,0.009587373,-0.019973693,0.0109189525
sensor_gyroscope,0e44c1a2-1013-499e-b74b-808f97f2d13f,1777991619543239647,0.0234358,0.003462107,0.018375797
sensor_gyroscope,0e44c1a2-1013-499e-b74b-808f97f2d13f,1777991619563240064,0.029827382,0.011984216,0.0077231615
sensor_gyroscope,0e44c1a2-1013-499e-b74b-808f97f2d13f,1777991619583247199,0.0042610546,0.0087884255,0.003462107
sensor_gyroscope,0e44c1a2-1013-499e-b74b-808f97f2d13f,1777991619603267877,0.006391582,0.017310534,-0.0018642114
sensor_gyroscope,0e44c1a2-1013-499e-b74b-808f97f2d13f,1777991619623274699,0.010652636,0.005592634,0.003462107
sensor_gyroscope,0e44c1a2-1013-499e-b74b-808f97f2d13f,1777991619643284752,0.027696855,0.020506324,0.0023968432
sensor_gyroscope,0e44c1a2-1013-499e-b74b-808f97f2d13f,1777991619663289491,-0.012783164,0.011984216,-0.010386321
sensor_gyroscope,0e44c1a2-1013-499e-b74b-808f97f2d13f,1777991619683335585,-0.03302317,-0.0061252657,2.663159E-4
sensor_gyroscope,0e44c1a2-1013-499e-b74b-808f97f2d13f,1777991619703320533,0.006391582,0.01304948,0.0023968432
sensor_gyroscope,0e44c1a2-1013-499e-b74b-808f97f2d13f,1777991619723328762,0.025566328,0.0013315795,0.0077231615
sensor_gyroscope,0e44c1a2-1013-499e-b74b-808f97f2d13f,1777991619743337772,0.013848428,-0.0018642114,0.0023968432
sensor_gyroscope,0e44c1a2-1013-499e-b74b-808f97f2d13f,1777991619763347668,0.0042610546,0.02476738,2.663159E-4
sensor_gyroscope,0e44c1a2-1013-499e-b74b-808f97f2d13f,1777991619783354387,-0.0,0.009853689,-0.0039947387
sensor_gyroscope,0e44c1a2-1013-499e-b74b-808f97f2d13f,1777991619803399127,-0.0042610546,0.01624527,0.0109189525
sensor_gyroscope,0e44c1a2-1013-499e-b74b-808f97f2d13f,1777991619823399908,-0.019174745,-0.021038957,0.003462107
sensor_gyroscope,0e44c1a2-1013-499e-b74b-808f97f2d13f,1777991619843409752,-0.030892646,-0.034887385,0.0045273704
sensor_gyroscope,0e44c1a2-1013-499e-b74b-808f97f2d13f,1777991619863418606,0.005326318,-0.0071905297,2.663159E-4
sensor_gyroscope,0e44c1a2-1013-499e-b74b-808f97f2d13f,1777991619883421731,0.012783164,0.026897907,-0.005060002
sensor_gyroscope,0e44c1a2-1013-499e-b74b-808f97f2d13f,1777991619903432877,-0.008522109,0.02476738,-0.0018642114
sensor_gyroscope,0e44c1a2-1013-499e-b74b-808f97f2d13f,1777991619923457199,-0.014913691,0.006657898,0.0013315795
sensor_gyroscope,0e44c1a2-1013-499e-b74b-808f97f2d13f,1777991619943463397,-0.0074568456,-0.012516848,0.003462107
sensor_gyroscope,0e44c1a2-1013-499e-b74b-808f97f2d13f,1777991619963467199,0.0021305273,-0.009321057,0.006657898
sensor_gyroscope,0e44c1a2-1013-499e-b74b-808f97f2d13f,1777991619983476991,0.003195791,-0.0018642114,0.011984216
sensor_gyroscope,0e44c1a2-1013-499e-b74b-808f97f2d13f,1777991620003488762,-0.025566328,0.029028434,0.003462107
sensor_gyroscope,0e44c1a2-1013-499e-b74b-808f97f2d13f,1777991620023508449,-0.06498108,0.05672529,-0.0018642114
sensor_gyroscope,0e44c1a2-1013-499e-b74b-808f97f2d13f,1777991620043513866,-0.041545283,0.053529497,-0.0018642114
sensor_gyroscope,0e44c1a2-1013-499e-b74b-808f97f2d13f,1777991620063523137,-0.0234358,0.03648528,-0.0061252657
sensor_gyroscope,0e44c1a2-1013-499e-b74b-808f97f2d13f,1777991620083532564,-0.020240009,0.043942124,-0.005060002
sensor_gyroscope,0e44c1a2-1013-499e-b74b-808f97f2d13f,1777991620103550220,-0.034088437,0.03328949,0.003462107
sensor_gyroscope,0e44c1a2-1013-499e-b74b-808f97f2d13f,1777991620123545324,-0.027696855,0.03648528,-0.002929475
sensor_gyroscope,0e44c1a2-1013-499e-b74b-808f97f2d13f,1777991620143560637,-0.028762119,0.030093698,0.005592634
sensor_gyroscope,0e44c1a2-1013-499e-b74b-808f97f2d13f,1777991620163580845,-0.028762119,0.053529497,-0.0018642114
sensor_gyroscope,0e44c1a2-1013-499e-b74b-808f97f2d13f,1777991620183606002,-0.04367581,0.05779055,2.663159E-4
sensor_gyroscope,0e44c1a2-1013-499e-b74b-808f97f2d13f,1777991620203590324,-0.035153702,0.043942124,0.0013315795
sensor_gyroscope,0e44c1a2-1013-499e-b74b-808f97f2d13f,1777991620223602304,-0.028762119,0.029028434,0.0045273704
sensor_gyroscope,0e44c1a2-1013-499e-b74b-808f97f2d13f,1777991620243615220,-0.013848428,0.003462107,-0.0039947387
sensor_gyroscope,0e44c1a2-1013-499e-b74b-808f97f2d13f,1777991620263632199,0.0042610546,-0.019973693,0.0045273704
sensor_gyroscope,0e44c1a2-1013-499e-b74b-808f97f2d13f,1777991620283809595,0.028762119,-0.025300011,0.020506324
sensor_gyroscope,0e44c1a2-1013-499e-b74b-808f97f2d13f,1777991620303797199,0.018109482,-0.025300011,0.018375797
sensor_gyroscope,0e44c1a2-1013-499e-b74b-808f97f2d13f,1777991620323812252,-0.026631592,-0.029561065,0.01304948
sensor_gyroscope,0e44c1a2-1013-499e-b74b-808f97f2d13f,1777991620343823554,-0.053263184,-0.010386321,-0.002929475
sensor_gyroscope,0e44c1a2-1013-499e-b74b-808f97f2d13f,1777991620363660429,-0.053263184,0.014114743,-7.9894776E-4
sensor_gyroscope,0e44c1a2-1013-499e-b74b-808f97f2d13f,1777991620383669127,-0.014913691,0.05992108,0.005592634
sensor_gyroscope,0e44c1a2-1013-499e-b74b-808f97f2d13f,1777991620403682356,-0.025566328,0.05992108,-7.9894776E-4
sensor_gyroscope,0e44c1a2-1013-499e-b74b-808f97f2d13f,1777991620423693658,-0.024501063,0.08442214,0.0013315795
sensor_gyroscope,0e44c1a2-1013-499e-b74b-808f97f2d13f,1777991620443718918,-0.039414756,0.04820318,0.0045273704
sensor_gyroscope,0e44c1a2-1013-499e-b74b-808f97f2d13f,1777991620463718502,-0.035153702,0.0077231615,0.003462107
sensor_gyroscope,0e44c1a2-1013-499e-b74b-808f97f2d13f,1777991620483720377,-0.03728423,-0.024234748,0.0077231615
sensor_gyroscope,0e44c1a2-1013-499e-b74b-808f97f2d13f,1777991620503734283,-0.03302317,-0.084954776,0.0013315795
sensor_gyroscope,0e44c1a2-1013-499e-b74b-808f97f2d13f,1777991620523741210,0.042610545,-0.055127393,-0.0018642114
sensor_gyroscope,0e44c1a2-1013-499e-b74b-808f97f2d13f,1777991620543757460,0.05006739,-0.034887385,-0.01571264
sensor_gyroscope,0e44c1a2-1013-499e-b74b-808f97f2d13f,1777991620563772356,0.006391582,-0.047670547,-0.002929475
sensor_gyroscope,0e44c1a2-1013-499e-b74b-808f97f2d13f,1777991620583777304,-0.0021305273,-0.027430538,0.003462107
sensor_gyroscope,0e44c1a2-1013-499e-b74b-808f97f2d13f,1777991620603786366,0.022370536,-0.034887385,-0.012516848
sensor_gyroscope,0e44c1a2-1013-499e-b74b-808f97f2d13f,1777991620623828502,0.039414756,-0.012516848,-0.010386321
sensor_gyroscope,0e44c1a2-1013-499e-b74b-808f97f2d13f,1777991620643825897,0.018109482,0.018375797,-0.002929475
sensor_gyroscope,0e44c1a2-1013-499e-b74b-808f97f2d13f,1777991620663838970,-0.0074568456,0.025832644,2.663159E-4
sensor_gyroscope,0e44c1a2-1013-499e-b74b-808f97f2d13f,1777991620683849231,-0.009587373,0.029028434,0.006657898
sensor_gyroscope,0e44c1a2-1013-499e-b74b-808f97f2d13f,1777991620703862772,-0.0021305273,-0.0071905297,0.003462107
sensor_gyroscope,0e44c1a2-1013-499e-b74b-808f97f2d13f,1777991620723866522,0.0021305273,-0.0039947387,0.0045273704
sensor_gyroscope,0e44c1a2-1013-499e-b74b-808f97f2d13f,1777991620743885116,-0.0010652636,-7.9894776E-4,0.0023968432
sensor_gyroscope,0e44c1a2-1013-499e-b74b-808f97f2d13f,1777991620763888189,-0.012783164,-0.013582111,-7.9894776E-4
sensor_gyroscope,0e44c1a2-1013-499e-b74b-808f97f2d13f,1777991620783899752,0.025566328,0.0045273704,0.0077231615
sensor_gyroscope,0e44c1a2-1013-499e-b74b-808f97f2d13f,1777991620803913189,0.03834949,-0.013582111,-0.0061252657
sensor_gyroscope,0e44c1a2-1013-499e-b74b-808f97f2d13f,1777991620823931314,-0.0,-0.016777903,-0.005060002
sensor_gyroscope,0e44c1a2-1013-499e-b74b-808f97f2d13f,1777991620843938449,-0.018109482,-0.005060002,-0.0039947387
sensor_gyroscope,0e44c1a2-1013-499e-b74b-808f97f2d13f,1777991620863943345,-0.006391582,-0.0018642114,-0.0061252657
sensor_gyroscope,0e44c1a2-1013-499e-b74b-808f97f2d13f,1777991620883950272,0.0234358,-0.009321057,-0.016777903
sensor_gyroscope,0e44c1a2-1013-499e-b74b-808f97f2d13f,1777991620903968762,0.028762119,-0.021038957,-0.012516848
sensor_gyroscope,0e44c1a2-1013-499e-b74b-808f97f2d13f,1777991620923989387,0.04367581,-0.008255793,-0.014647375
sensor_gyroscope,0e44c1a2-1013-499e-b74b-808f97f2d13f,1777991620943975377,0.040480018,0.0023968432,-0.017843166
sensor_gyroscope,0e44c1a2-1013-499e-b74b-808f97f2d13f,1777991620963981991,0.035153702,-0.002929475,-0.009321057
sensor_gyroscope,0e44c1a2-1013-499e-b74b-808f97f2d13f,1777991620983999231,0.025566328,-0.012516848,0.0013315795
sensor_gyroscope,0e44c1a2-1013-499e-b74b-808f97f2d13f,1777991621004014127,0.0010652636,0.018375797,-0.0018642114
sensor_gyroscope,0e44c1a2-1013-499e-b74b-808f97f2d13f,1777991621024019647,-0.014913691,0.030093698,0.003462107
sensor_gyroscope,0e44c1a2-1013-499e-b74b-808f97f2d13f,1777991621044050429,-0.010652636,0.01304948,0.003462107
sensor_gyroscope,0e44c1a2-1013-499e-b74b-808f97f2d13f,1777991621064042824,-0.0042610546,-0.013582111,-7.9894776E-4
sensor_gyroscope,0e44c1a2-1013-499e-b74b-808f97f2d13f,1777991621084075272,-0.0042610546,-0.019973693,0.0077231615
sensor_gyroscope,0e44c1a2-1013-499e-b74b-808f97f2d13f,1777991621104065793,-0.006391582,-0.0061252657,0.009853689
sensor_gyroscope,0e44c1a2-1013-499e-b74b-808f97f2d13f,1777991621124072460,-0.015978955,-0.0039947387,0.0045273704
sensor_gyroscope,0e44c1a2-1013-499e-b74b-808f97f2d13f,1777991621144077720,-0.006391582,0.032224227,2.663159E-4
sensor_gyroscope,0e44c1a2-1013-499e-b74b-808f97f2d13f,1777991621164105897,0.003195791,0.03968107,2.663159E-4
sensor_gyroscope,0e44c1a2-1013-499e-b74b-808f97f2d13f,1777991621184098449,0.0010652636,0.003462107,-0.002929475
sensor_gyroscope,0e44c1a2-1013-499e-b74b-808f97f2d13f,1777991621204113762,-0.017044218,-0.035952646,-0.0018642114
sensor_gyroscope,0e44c1a2-1013-499e-b74b-808f97f2d13f,1777991621224131158,-0.035153702,-0.038083173,-0.0061252657
sensor_gyroscope,0e44c1a2-1013-499e-b74b-808f97f2d13f,1777991621244126887,-0.049002126,-0.023169484,-0.013582111
sensor_gyroscope,0e44c1a2-1013-499e-b74b-808f97f2d13f,1777991621264149335,-0.009587373,-7.9894776E-4,-0.028495802
sensor_gyroscope,0e44c1a2-1013-499e-b74b-808f97f2d13f,1777991621284170949,-0.0074568456,0.03328949,-0.031691592
sensor_gyroscope,0e44c1a2-1013-499e-b74b-808f97f2d13f,1777991621304171991,-0.03302317,0.09400952,-0.03382212
sensor_gyroscope,0e44c1a2-1013-499e-b74b-808f97f2d13f,1777991621324178449,0.0117179,0.041811597,-0.027430538
sensor_gyroscope,0e44c1a2-1013-499e-b74b-808f97f2d13f,1777991621344203189,0.10013478,0.018375797,-0.01890843
sensor_gyroscope,0e44c1a2-1013-499e-b74b-808f97f2d13f,1777991621364192199,0.129829,0.040746335,-0.03382212
sensor_gyroscope,0e44c1a2-1013-499e-b74b-808f97f2d13f,1777991621384237252,0.08948214,0.06311687,-0.025300011
sensor_gyroscope,0e44c1a2-1013-499e-b74b-808f97f2d13f,1777991621404229647,0.080960035,0.101466365,-0.010386321
sensor_gyroscope,0e44c1a2-1013-499e-b74b-808f97f2d13f,1777991621424225533,0.04474107,0.14514217,0.0045273704
sensor_gyroscope,0e44c1a2-1013-499e-b74b-808f97f2d13f,1777991621444236314,0.014913691,0.16005586,0.01304948
sensor_gyroscope,0e44c1a2-1013-499e-b74b-808f97f2d13f,1777991621464256835,0.06711161,0.14301164,0.01304948
sensor_gyroscope,0e44c1a2-1013-499e-b74b-808f97f2d13f,1777991621484290064,0.103330575,0.17496955,0.0077231615
sensor_gyroscope,0e44c1a2-1013-499e-b74b-808f97f2d13f,1777991621504280481,0.04474107,0.15579481,0.0013315795
sensor_gyroscope,0e44c1a2-1013-499e-b74b-808f97f2d13f,1777991621524284804,0.051132657,0.08229162,0.006657898
sensor_gyroscope,0e44c1a2-1013-499e-b74b-808f97f2d13f,1777991621544291939,0.07350319,0.04820318,-0.0039947387
sensor_gyroscope,0e44c1a2-1013-499e-b74b-808f97f2d13f,1777991621564324543,0.083090566,0.08229162,0.015180007
sensor_gyroscope,0e44c1a2-1013-499e-b74b-808f97f2d13f,1777991621584310012,0.0010652636,-0.016777903,-0.002929475
sensor_gyroscope,0e44c1a2-1013-499e-b74b-808f97f2d13f,1777991621604323033,-0.029827382,0.01304948,-7.9894776E-4
sensor_gyroscope,0e44c1a2-1013-499e-b74b-808f97f2d13f,1777991621624329231,0.036218964,0.0077231615,-0.052996866
sensor_gyroscope,0e44c1a2-1013-499e-b74b-808f97f2d13f,1777991621644359752,-0.0042610546,0.03648528,-0.023169484
sensor_gyroscope,0e44c1a2-1013-499e-b74b-808f97f2d13f,1777991621664356731,-0.05006739,-0.03382212,-7.9894776E-4
sensor_gyroscope,0e44c1a2-1013-499e-b74b-808f97f2d13f,1777991621684387772,-0.047936864,-0.08069372,0.029028434
sensor_gyroscope,0e44c1a2-1013-499e-b74b-808f97f2d13f,1777991621704382877,-0.03195791,-0.058323186,0.055660024
sensor_gyroscope,0e44c1a2-1013-499e-b74b-808f97f2d13f,1777991621724416314,0.030892646,-0.0018642114,0.05033371
sensor_gyroscope,0e44c1a2-1013-499e-b74b-808f97f2d13f,1777991621744389022,0.08628636,-0.048735812,0.011984216
sensor_gyroscope,0e44c1a2-1013-499e-b74b-808f97f2d13f,1777991621764426731,0.10759163,-0.054062128,-0.008255793
sensor_gyroscope,0e44c1a2-1013-499e-b74b-808f97f2d13f,1777991621784410845,0.06285056,-0.049801074,-0.0061252657
sensor_gyroscope,0e44c1a2-1013-499e-b74b-808f97f2d13f,1777991621804429179,-0.0021305273,0.029028434,-0.011451584
sensor_gyroscope,0e44c1a2-1013-499e-b74b-808f97f2d13f,1777991621824436106,-0.12783164,-0.07430214,-0.027430538
sensor_gyroscope,0e44c1a2-1013-499e-b74b-808f97f2d13f,1777991621844474179,-0.11078742,-0.05619266,-0.023169484
sensor_gyroscope,0e44c1a2-1013-499e-b74b-808f97f2d13f,1777991621864458502,0.036218964,-0.038083173,-0.027430538
sensor_gyroscope,0e44c1a2-1013-499e-b74b-808f97f2d13f,1777991621884479231,0.040480018,-0.083889514,-0.013582111
sensor_gyroscope,0e44c1a2-1013-499e-b74b-808f97f2d13f,1777991621904478085,-0.0,-0.13928322,0.015180007
sensor_gyroscope,0e44c1a2-1013-499e-b74b-808f97f2d13f,1777991621924514127,0.036218964,-0.07004108,0.0045273704
sensor_gyroscope,0e44c1a2-1013-499e-b74b-808f97f2d13f,1777991621944515793,0.0585895,-0.0061252657,-0.011451584
sensor_gyroscope,0e44c1a2-1013-499e-b74b-808f97f2d13f,1777991621964541158,0.0234358,-0.009321057,-0.016777903
sensor_gyroscope,0e44c1a2-1013-499e-b74b-808f97f2d13f,1777991621984547512,-0.0042610546,-0.031691592,-0.002929475
sensor_gyroscope,0e44c1a2-1013-499e-b74b-808f97f2d13f,1777991622004544856,-0.024501063,-0.06897582,0.009853689
sensor_gyroscope,0e44c1a2-1013-499e-b74b-808f97f2d13f,1777991622024544022,-0.047936864,-0.060453713,-0.0039947387
sensor_gyroscope,0e44c1a2-1013-499e-b74b-808f97f2d13f,1777991622044555168,-0.026631592,-0.071106344,-0.009321057
sensor_gyroscope,0e44c1a2-1013-499e-b74b-808f97f2d13f,1777991622064578814,-0.0234358,-0.09134636,-0.008255793
sensor_gyroscope,0e44c1a2-1013-499e-b74b-808f97f2d13f,1777991622084602668,0.008522109,-0.11371689,0.003462107
sensor_gyroscope,0e44c1a2-1013-499e-b74b-808f97f2d13f,1777991622104588293,-0.003195791,-0.07749793,0.005592634
sensor_gyroscope,0e44c1a2-1013-499e-b74b-808f97f2d13f,1777991622124605220,-0.056458972,-0.02210422,0.01304948
sensor_gyroscope,0e44c1a2-1013-499e-b74b-808f97f2d13f,1777991622144614908,-0.059654765,-0.08602004,0.0045273704
sensor_gyroscope,0e44c1a2-1013-499e-b74b-808f97f2d13f,1777991622164620533,-0.015978955,-0.08921583,0.003462107
sensor_gyroscope,0e44c1a2-1013-499e-b74b-808f97f2d13f,1777991622184632199,-0.012783164,-0.14247902,-0.01571264
sensor_gyroscope,0e44c1a2-1013-499e-b74b-808f97f2d13f,1777991622204650897,-0.049002126,-0.12969585,-0.0071905297
sensor_gyroscope,0e44c1a2-1013-499e-b74b-808f97f2d13f,1777991622224655585,-0.0585895,-0.048735812,0.0045273704
sensor_gyroscope,0e44c1a2-1013-499e-b74b-808f97f2d13f,1777991622244682512,-0.08735162,0.014114743,-0.011451584
sensor_gyroscope,0e44c1a2-1013-499e-b74b-808f97f2d13f,1777991622264674908,-0.026631592,0.229298,0.006657898
sensor_gyroscope,0e44c1a2-1013-499e-b74b-808f97f2d13f,1777991622284682199,-0.034088437,0.16964324,-0.008255793
sensor_gyroscope,0e44c1a2-1013-499e-b74b-808f97f2d13f,1777991622304697668,-0.112917945,-0.005060002,0.01304948
sensor_gyroscope,0e44c1a2-1013-499e-b74b-808f97f2d13f,1777991622324709387,-0.051132657,-0.082824245,0.020506324
sensor_gyroscope,0e44c1a2-1013-499e-b74b-808f97f2d13f,1777991622344712877,0.009587373,-0.021038957,-7.9894776E-4
sensor_gyroscope,0e44c1a2-1013-499e-b74b-808f97f2d13f,1777991622364726210,0.0234358,0.10466215,-0.021038957
sensor_gyroscope,0e44c1a2-1013-499e-b74b-808f97f2d13f,1777991622384733606,-0.018109482,0.037550543,0.006657898
sensor_gyroscope,0e44c1a2-1013-499e-b74b-808f97f2d13f,1777991622404750220,-0.0117179,2.663159E-4,0.01624527
sensor_gyroscope,0e44c1a2-1013-499e-b74b-808f97f2d13f,1777991622424757877,0.018109482,0.003462107,0.02796317
sensor_gyroscope,0e44c1a2-1013-499e-b74b-808f97f2d13f,1777991622444772668,0.059654765,0.035420015,0.0087884255
sensor_gyroscope,0e44c1a2-1013-499e-b74b-808f97f2d13f,1777991622464777147,0.035153702,0.0652474,0.006657898
sensor_gyroscope,0e44c1a2-1013-499e-b74b-808f97f2d13f,1777991622484787460,0.034088437,0.06631266,0.009853689
sensor_gyroscope,0e44c1a2-1013-499e-b74b-808f97f2d13f,1777991622504805845,0.013848428,0.05779055,0.02476738
sensor_gyroscope,0e44c1a2-1013-499e-b74b-808f97f2d13f,1777991622524802199,0.035153702,0.058855817,0.032224227
sensor_gyroscope,0e44c1a2-1013-499e-b74b-808f97f2d13f,1777991622544815845,0.07669898,0.08442214,0.041811597
sensor_gyroscope,0e44c1a2-1013-499e-b74b-808f97f2d13f,1777991622564828606,0.049002126,0.19840536,-7.9894776E-4
sensor_gyroscope,0e44c1a2-1013-499e-b74b-808f97f2d13f,1777991622584832877,-0.18535587,0.0077231615,-0.01890843
sensor_gyroscope,0e44c1a2-1013-499e-b74b-808f97f2d13f,1777991622604851106,-0.15659375,-0.08921583,0.01944106
sensor_gyroscope,0e44c1a2-1013-499e-b74b-808f97f2d13f,1777991622624858293,-0.012783164,-0.12863058,-0.002929475
sensor_gyroscope,0e44c1a2-1013-499e-b74b-808f97f2d13f,1777991622644898554,0.03834949,-0.03062633,0.0013315795
sensor_gyroscope,0e44c1a2-1013-499e-b74b-808f97f2d13f,1777991622664875533,-0.070307404,-0.0071905297,-0.029561065
sensor_gyroscope,0e44c1a2-1013-499e-b74b-808f97f2d13f,1777991622684891522,-0.15978955,-0.11371689,0.006657898
sensor_gyroscope,0e44c1a2-1013-499e-b74b-808f97f2d13f,1777991622704904647,-0.034088437,-0.0988032,0.031158961
sensor_gyroscope,0e44c1a2-1013-499e-b74b-808f97f2d13f,1777991622724906418,0.103330575,-0.008255793,0.031158961
sensor_gyroscope,0e44c1a2-1013-499e-b74b-808f97f2d13f,1777991622744929283,0.12343743,0.10679268,2.663159E-4
sensor_gyroscope,0e44c1a2-1013-499e-b74b-808f97f2d13f,1777991622764951574,-0.0010652636,0.018375797,-0.0061252657
sensor_gyroscope,0e44c1a2-1013-499e-b74b-808f97f2d13f,1777991622784963293,-0.13102743,-0.2467417,0.014114743
sensor_gyroscope,0e44c1a2-1013-499e-b74b-808f97f2d13f,1777991622804956887,-0.022370536,-0.19134799,0.005592634
sensor_gyroscope,0e44c1a2-1013-499e-b74b-808f97f2d13f,1777991622824958033,0.053263184,-0.029561065,-0.094542146
sensor_gyroscope,0e44c1a2-1013-499e-b74b-808f97f2d13f,1777991622844979804,-0.05219792,-0.15632744,-0.03062633
sensor_gyroscope,0e44c1a2-1013-499e-b74b-808f97f2d13f,1777991622864995116,-0.022370536,-0.22756694,-0.040213704
sensor_gyroscope,0e44c1a2-1013-499e-b74b-808f97f2d13f,1777991622884988397,0.10226531,-0.23821959,-0.06897582
sensor_gyroscope,0e44c1a2-1013-499e-b74b-808f97f2d13f,1777991622905017720,0.05219792,0.038615808,-0.054062128
sensor_gyroscope,0e44c1a2-1013-499e-b74b-808f97f2d13f,1777991622925020168,-0.10865689,0.26551697,0.011984216
sensor_gyroscope,0e44c1a2-1013-499e-b74b-808f97f2d13f,1777991622945018137,-0.06817687,0.47950178,0.049268443
sensor_gyroscope,0e44c1a2-1013-499e-b74b-808f97f2d13f,1777991622965037564,0.11824426,0.54554814,0.0045273704
sensor_gyroscope,0e44c1a2-1013-499e-b74b-808f97f2d13f,1777991622985050533,-0.07456846,0.15899059,-0.014647375
sensor_gyroscope,0e44c1a2-1013-499e-b74b-808f97f2d13f,1777991623005060324,-0.11078742,0.05139897,-0.0018642114
sensor_gyroscope,0e44c1a2-1013-499e-b74b-808f97f2d13f,1777991623025090897,0.09054741,0.1238369,-0.002929475
sensor_gyroscope,0e44c1a2-1013-499e-b74b-808f97f2d13f,1777991623045077512,0.014913691,-0.06471477,0.011984216
sensor_gyroscope,0e44c1a2-1013-499e-b74b-808f97f2d13f,1777991623065087929,0.080960035,-0.07004108,0.018375797
sensor_gyroscope,0e44c1a2-1013-499e-b74b-808f97f2d13f,1777991623085097199,0.2299638,-0.02210422,0.005592634
sensor_gyroscope,0e44c1a2-1013-499e-b74b-808f97f2d13f,1777991623105121262,0.2587259,0.111053735,-0.0071905297
sensor_gyroscope,0e44c1a2-1013-499e-b74b-808f97f2d13f,1777991623125150429,0.08628636,0.16325165,0.026897907
sensor_gyroscope,0e44c1a2-1013-499e-b74b-808f97f2d13f,1777991623145125897,-0.05539371,0.19520956,0.037550543
sensor_gyroscope,0e44c1a2-1013-499e-b74b-808f97f2d13f,1777991623165143397,-0.11398321,0.05139897,-0.010386321
sensor_gyroscope,0e44c1a2-1013-499e-b74b-808f97f2d13f,1777991623185178918,-0.13209268,-0.0018642114,-0.005060002
sensor_gyroscope,0e44c1a2-1013-499e-b74b-808f97f2d13f,1777991623205157304,0.040480018,-0.010386321,-0.04447476
sensor_gyroscope,0e44c1a2-1013-499e-b74b-808f97f2d13f,1777991623225167252,0.0234358,0.042876862,-0.04554002
sensor_gyroscope,0e44c1a2-1013-499e-b74b-808f97f2d13f,1777991623245209543,-0.05006739,-0.06471477,0.0077231615
sensor_gyroscope,0e44c1a2-1013-499e-b74b-808f97f2d13f,1777991623265197252,-0.036218964,-0.10945584,0.06631266
sensor_gyroscope,0e44c1a2-1013-499e-b74b-808f97f2d13f,1777991623285207199,0.15539533,0.006657898,0.042876862
sensor_gyroscope,0e44c1a2-1013-499e-b74b-808f97f2d13f,1777991623305219074,0.16604798,0.054594763,-0.032756858
sensor_gyroscope,0e44c1a2-1013-499e-b74b-808f97f2d13f,1777991623325249491,0.05219792,0.09294425,-0.005060002
sensor_gyroscope,0e44c1a2-1013-499e-b74b-808f97f2d13f,1777991623345242877,-0.06711161,-0.031691592,0.014114743
sensor_gyroscope,0e44c1a2-1013-499e-b74b-808f97f2d13f,1777991623365275064,-0.17896429,-0.11584742,0.029028434
sensor_gyroscope,0e44c1a2-1013-499e-b74b-808f97f2d13f,1777991623385282356,0.034088437,-0.049801074,-7.9894776E-4
sensor_gyroscope,0e44c1a2-1013-499e-b74b-808f97f2d13f,1777991623405266991,0.18309219,0.108923204,-0.017843166
sensor_gyroscope,0e44c1a2-1013-499e-b74b-808f97f2d13f,1777991623425302356,0.18841851,-0.0039947387,0.014114743
sensor_gyroscope,0e44c1a2-1013-499e-b74b-808f97f2d13f,1777991623445286731,0.23635536,-0.09241162,0.03968107
sensor_gyroscope,0e44c1a2-1013-499e-b74b-808f97f2d13f,1777991623465307199,0.22037642,0.11744532,0.037550543
sensor_gyroscope,0e44c1a2-1013-499e-b74b-808f97f2d13f,1777991623485329543,0.12663321,0.38149753,0.06844319
sensor_gyroscope,0e44c1a2-1013-499e-b74b-808f97f2d13f,1777991623505317824,0.07776424,0.42836913,0.08335688
sensor_gyroscope,0e44c1a2-1013-499e-b74b-808f97f2d13f,1777991623525324387,0.06817687,0.38043228,0.099335834
sensor_gyroscope,0e44c1a2-1013-499e-b74b-808f97f2d13f,1777991623545370533,0.005326318,0.22823274,0.090813726
sensor_gyroscope,0e44c1a2-1013-499e-b74b-808f97f2d13f,1777991623565345585,-0.20453063,0.054594763,0.020506324
sensor_gyroscope,0e44c1a2-1013-499e-b74b-808f97f2d13f,1777991623585356470,-0.41438755,-0.14887059,-0.035952646
sensor_gyroscope,0e44c1a2-1013-499e-b74b-808f97f2d13f,1777991623605367772,-0.16192007,-0.2233059,-0.08175898
sensor_gyroscope,0e44c1a2-1013-499e-b74b-808f97f2d13f,1777991623625406783,-0.0,-0.31491858,-0.07962846
sensor_gyroscope,0e44c1a2-1013-499e-b74b-808f97f2d13f,1777991623645392095,-0.0585895,-0.3958786,2.663159E-4
sensor_gyroscope,0e44c1a2-1013-499e-b74b-808f97f2d13f,1777991623665407616,-0.09480847,-0.3585944,0.0045273704
sensor_gyroscope,0e44c1a2-1013-499e-b74b-808f97f2d13f,1777991623685420481,0.0021305273,-0.27124277,-0.014647375
sensor_gyroscope,0e44c1a2-1013-499e-b74b-808f97f2d13f,1777991623705430845,0.12450269,-0.11584742,-0.026365275
sensor_gyroscope,0e44c1a2-1013-499e-b74b-808f97f2d13f,1777991623725441470,0.09480847,0.042876862,-0.026365275
sensor_gyroscope,0e44c1a2-1013-499e-b74b-808f97f2d13f,1777991623745438033,0.028762119,0.17070849,-0.019973693
sensor_gyroscope,0e44c1a2-1013-499e-b74b-808f97f2d13f,1777991623765457304,-0.0937432,0.06418213,-0.012516848
sensor_gyroscope,0e44c1a2-1013-499e-b74b-808f97f2d13f,1777991623785467877,-0.26738116,-0.14141375,0.023702117
sensor_gyroscope,0e44c1a2-1013-499e-b74b-808f97f2d13f,1777991623805482408,-0.15978955,-0.14674006,-0.0071905297
sensor_gyroscope,0e44c1a2-1013-499e-b74b-808f97f2d13f,1777991623825487981,0.03834949,-0.05619266,-0.03062633
sensor_gyroscope,0e44c1a2-1013-499e-b74b-808f97f2d13f,1777991623845493137,-0.041545283,-0.043409493,0.0087884255
sensor_gyroscope,0e44c1a2-1013-499e-b74b-808f97f2d13f,1777991623865519074,-0.1874864,-0.084954776,0.031158961
sensor_gyroscope,0e44c1a2-1013-499e-b74b-808f97f2d13f,1777991623885522252,-0.06498108,-0.012516848,0.029028434
sensor_gyroscope,0e44c1a2-1013-499e-b74b-808f97f2d13f,1777991623905536835,0.16604798,0.03968107,0.025832644
sensor_gyroscope,0e44c1a2-1013-499e-b74b-808f97f2d13f,1777991623925541522,0.29920593,0.14194638,2.663159E-4
sensor_gyroscope,0e44c1a2-1013-499e-b74b-808f97f2d13f,1777991623945557304,0.11078742,0.043942124,-0.016777903
sensor_gyroscope,0e44c1a2-1013-499e-b74b-808f97f2d13f,1777991623965560585,-0.13315795,-0.14034848,0.005592634
sensor_gyroscope,0e44c1a2-1013-499e-b74b-808f97f2d13f,1777991623985596106,-0.039414756,-0.20413114,-0.0018642114
sensor_gyroscope,0e44c1a2-1013-499e-b74b-808f97f2d13f,1777991624005579908,0.13195953,-0.028495802,-0.06791056
sensor_gyroscope,0e44c1a2-1013-499e-b74b-808f97f2d13f,1777991624025592199,0.021305272,-0.08921583,-0.0039947387
sensor_gyroscope,0e44c1a2-1013-499e-b74b-808f97f2d13f,1777991624045625897,-0.09693899,-0.1849564,0.0013315795
sensor_gyroscope,0e44c1a2-1013-499e-b74b-808f97f2d13f,1777991624065612564,0.06711161,-0.06578003,0.041811597
sensor_gyroscope,0e44c1a2-1013-499e-b74b-808f97f2d13f,1777991624085623345,0.21078904,-0.05086634,0.031158961
sensor_gyroscope,0e44c1a2-1013-499e-b74b-808f97f2d13f,1777991624105631679,0.23635536,0.12490216,-0.0018642114
sensor_gyroscope,0e44c1a2-1013-499e-b74b-808f97f2d13f,1777991624125672304,-0.03834949,-0.116912685,-0.016777903
sensor_gyroscope,0e44c1a2-1013-499e-b74b-808f97f2d13f,1777991624145658085,-0.14061481,-0.21691431,-0.009321057
sensor_gyroscope,0e44c1a2-1013-499e-b74b-808f97f2d13f,1777991624165668814,0.06817687,-0.20519641,-0.03701791
sensor_gyroscope,0e44c1a2-1013-499e-b74b-808f97f2d13f,1777991624185669231,0.15219954,-0.19134799,-0.061518975
sensor_gyroscope,0e44c1a2-1013-499e-b74b-808f97f2d13f,1777991624205689752,0.042610545,-0.231828,-0.017843166
sensor_gyroscope,0e44c1a2-1013-499e-b74b-808f97f2d13f,1777991624225722147,0.0042610546,-0.14567481,0.0045273704
sensor_gyroscope,0e44c1a2-1013-499e-b74b-808f97f2d13f,1777991624245726470,0.03728423,0.10998847,0.006657898
sensor_gyroscope,0e44c1a2-1013-499e-b74b-808f97f2d13f,1777991624265727408,0.09800425,0.14514217,-0.014647375
sensor_gyroscope,0e44c1a2-1013-499e-b74b-808f97f2d13f,1777991624285721991,0.13728586,0.20799273,0.032224227
sensor_gyroscope,0e44c1a2-1013-499e-b74b-808f97f2d13f,1777991624305746106,0.21611536,0.18775272,0.06311687
sensor_gyroscope,0e44c1a2-1013-499e-b74b-808f97f2d13f,1777991624325755220,0.16391744,0.20905799,0.08442214
sensor_gyroscope,0e44c1a2-1013-499e-b74b-808f97f2d13f,1777991624345772408,-0.019174745,0.38469332,0.067377925
sensor_gyroscope,0e44c1a2-1013-499e-b74b-808f97f2d13f,1777991624365766939,-0.07776424,0.5817671,0.04500739
sensor_gyroscope,0e44c1a2-1013-499e-b74b-808f97f2d13f,1777991624385783502,0.053263184,0.6691187,0.020506324
sensor_gyroscope,0e44c1a2-1013-499e-b74b-808f97f2d13f,1777991624405795377,0.2885533,0.6627271,0.03648528
sensor_gyroscope,0e44c1a2-1013-499e-b74b-808f97f2d13f,1777991624425827720,0.36525226,0.34754226,0.049268443
sensor_gyroscope,0e44c1a2-1013-499e-b74b-808f97f2d13f,1777991624445808189,0.27150908,-0.0018642114,0.04820318
sensor_gyroscope,0e44c1a2-1013-499e-b74b-808f97f2d13f,1777991624465827408,0.16924377,-0.071106344,0.067377925
sensor_gyroscope,0e44c1a2-1013-499e-b74b-808f97f2d13f,1777991624485861887,-0.22903168,0.45073968,0.088683195
sensor_gyroscope,0e44c1a2-1013-499e-b74b-808f97f2d13f,1777991624505852199,-0.2631201,0.64142185,0.05033371
sensor_gyroscope,0e44c1a2-1013-499e-b74b-808f97f2d13f,1777991624525852356,-0.117179,0.74368715,0.111053735
sensor_gyroscope,0e44c1a2-1013-499e-b74b-808f97f2d13f,1777991624545878502,0.12037479,0.42304283,0.13875058
sensor_gyroscope,0e44c1a2-1013-499e-b74b-808f97f2d13f,1777991624565872043,0.08415583,-0.24461116,0.04820318
sensor_gyroscope,0e44c1a2-1013-499e-b74b-808f97f2d13f,1777991624585908397,-0.23542327,-0.21797957,-0.07749793
sensor_gyroscope,0e44c1a2-1013-499e-b74b-808f97f2d13f,1777991624605887408,-0.31212226,-0.3372891,-0.26498434
sensor_gyroscope,0e44c1a2-1013-499e-b74b-808f97f2d13f,1777991624625904699,-0.4930839,-0.48536074,-0.26178855
sensor_gyroscope,0e44c1a2-1013-499e-b74b-808f97f2d13f,1777991624645932877,-0.72424614,-0.5567334,-0.13608743
sensor_gyroscope,0e44c1a2-1013-499e-b74b-808f97f2d13f,1777991624665936522,-0.7103977,-0.7249119,-0.103064254
sensor_gyroscope,0e44c1a2-1013-499e-b74b-808f97f2d13f,1777991624685936418,-0.44834283,-0.9464868,-0.058323186
sensor_gyroscope,0e44c1a2-1013-499e-b74b-808f97f2d13f,1777991624705948658,-0.115048476,-0.9155941,-0.083889514
sensor_gyroscope,0e44c1a2-1013-499e-b74b-808f97f2d13f,1777991624725987877,0.08628636,-0.68136925,-0.13395691
sensor_gyroscope,0e44c1a2-1013-499e-b74b-808f97f2d13f,1777991624745995949,0.10439584,-0.39268282,-0.103064254
sensor_gyroscope,0e44c1a2-1013-499e-b74b-808f97f2d13f,1777991624765977356,0.026631592,-0.07217161,-0.029561065
sensor_gyroscope,0e44c1a2-1013-499e-b74b-808f97f2d13f,1777991624785993137,-0.09693899,0.14301164,-0.011451584
sensor_gyroscope,0e44c1a2-1013-499e-b74b-808f97f2d13f,1777991624806012043,-0.13528848,0.19734009,-0.01571264
sensor_gyroscope,0e44c1a2-1013-499e-b74b-808f97f2d13f,1777991624826005585,-0.056458972,0.089748465,0.006657898
sensor_gyroscope,0e44c1a2-1013-499e-b74b-808f97f2d13f,1777991624846039699,0.03302317,-0.021038957,0.011984216
sensor_gyroscope,0e44c1a2-1013-499e-b74b-808f97f2d13f,1777991624866038137,0.08948214,-0.008255793,0.01304948
sensor_gyroscope,0e44c1a2-1013-499e-b74b-808f97f2d13f,1777991624886039595,0.08415583,0.101466365,0.0087884255
sensor_gyroscope,0e44c1a2-1013-499e-b74b-808f97f2d13f,1777991624906050897,0.09906952,0.19840536,-0.002929475
sensor_gyroscope,0e44c1a2-1013-499e-b74b-808f97f2d13f,1777991624926061002,-0.008522109,0.079095826,-0.011451584
sensor_gyroscope,0e44c1a2-1013-499e-b74b-808f97f2d13f,1777991624946094960,0.039414756,0.12490216,-0.0071905297
sensor_gyroscope,0e44c1a2-1013-499e-b74b-808f97f2d13f,1777991624966106106,0.23742063,0.15046848,0.003462107
sensor_gyroscope,0e44c1a2-1013-499e-b74b-808f97f2d13f,1777991624986092043,0.32583752,0.18562219,0.049268443
sensor_gyroscope,0e44c1a2-1013-499e-b74b-808f97f2d13f,1777991625006111366,0.40999335,0.24208117,0.12809795
sensor_gyroscope,0e44c1a2-1013-499e-b74b-808f97f2d13f,1777991625026133970,0.43342915,0.28895277,0.13448954
sensor_gyroscope,0e44c1a2-1013-499e-b74b-808f97f2d13f,1777991625046155949,0.29494488,0.42730388,0.111053735
sensor_gyroscope,0e44c1a2-1013-499e-b74b-808f97f2d13f,1777991625066143449,0.1767006,0.56791866,0.111053735
sensor_gyroscope,0e44c1a2-1013-499e-b74b-808f97f2d13f,1777991625086141210,0.25126907,0.55407023,0.13235901
sensor_gyroscope,0e44c1a2-1013-499e-b74b-808f97f2d13f,1777991625106173502,0.37483963,0.4944155,0.14620744
sensor_gyroscope,0e44c1a2-1013-499e-b74b-808f97f2d13f,1777991625126169127,0.44940808,0.5444829,0.17057534
sensor_gyroscope,0e44c1a2-1013-499e-b74b-808f97f2d13f,1777991625146197772,0.29814067,0.5764408,0.14088112
sensor_gyroscope,0e44c1a2-1013-499e-b74b-808f97f2d13f,1777991625166204960,0.0074568456,0.47950178,0.11531479
sensor_gyroscope,0e44c1a2-1013-499e-b74b-808f97f2d13f,1777991625186209856,-0.10972215,0.29747486,0.11744532
sensor_gyroscope,0e44c1a2-1013-499e-b74b-808f97f2d13f,1777991625206213554,0.028762119,0.12916322,0.11531479
sensor_gyroscope,0e44c1a2-1013-499e-b74b-808f97f2d13f,1777991625226221991,0.010652636,-0.15100113,0.015180007
sensor_gyroscope,0e44c1a2-1013-499e-b74b-808f97f2d13f,1777991625246239647,-0.16831166,-0.23821959,-0.09028109
sensor_gyroscope,0e44c1a2-1013-499e-b74b-808f97f2d13f,1777991625266254074,-0.057524238,-0.45979443,-0.18508956
sensor_gyroscope,0e44c1a2-1013-499e-b74b-808f97f2d13f,1777991625286256522,0.030892646,-0.67923874,-0.122239
sensor_gyroscope,0e44c1a2-1013-499e-b74b-808f97f2d13f,1777991625306269283,0.021305272,-0.8048067,-0.13928322
sensor_gyroscope,0e44c1a2-1013-499e-b74b-808f97f2d13f,1777991625326270741,-0.009587373,-0.88470143,-0.16165376
sensor_gyroscope,0e44c1a2-1013-499e-b74b-808f97f2d13f,1777991625346279856,0.010652636,-1.028512,-0.19893798
sensor_gyroscope,0e44c1a2-1013-499e-b74b-808f97f2d13f,1777991625366297252,-0.054328445,-0.6941524,-0.13502216
sensor_gyroscope,0e44c1a2-1013-499e-b74b-808f97f2d13f,1777991625386306835,-0.054328445,-0.37989965,-0.10945584
sensor_gyroscope,0e44c1a2-1013-499e-b74b-808f97f2d13f,1777991625406318345,-0.015978955,-0.32237542,-0.103064254
sensor_gyroscope,0e44c1a2-1013-499e-b74b-808f97f2d13f,1777991625426327408,-0.020240009,-0.4044007,-0.10945584
sensor_gyroscope,0e44c1a2-1013-499e-b74b-808f97f2d13f,1777991625446345220,-0.054328445,-0.40866175,-0.063649505
sensor_gyroscope,0e44c1a2-1013-499e-b74b-808f97f2d13f,1777991625466357512,-0.07669898,-0.3553986,-0.04554002
sensor_gyroscope,0e44c1a2-1013-499e-b74b-808f97f2d13f,1777991625486358918,-0.11078742,-0.1573927,-0.016777903
sensor_gyroscope,0e44c1a2-1013-499e-b74b-808f97f2d13f,1777991625506362408,0.012783164,-0.06471477,-0.019973693
sensor_gyroscope,0e44c1a2-1013-499e-b74b-808f97f2d13f,1777991625526374491,0.08948214,-0.095607415,-0.002929475
sensor_gyroscope,0e44c1a2-1013-499e-b74b-808f97f2d13f,1777991625546387929,-0.017044218,-0.13182637,-0.008255793
sensor_gyroscope,0e44c1a2-1013-499e-b74b-808f97f2d13f,1777991625566419074,-0.14381059,-0.16058849,0.003462107
sensor_gyroscope,0e44c1a2-1013-499e-b74b-808f97f2d13f,1777991625586431574,-0.2727075,0.14301164,0.06311687
sensor_gyroscope,0e44c1a2-1013-499e-b74b-808f97f2d13f,1777991625606426574,-0.3046654,0.42943442,0.05033371
sensor_gyroscope,0e44c1a2-1013-499e-b74b-808f97f2d13f,1777991625626449647,-0.26844645,0.52743864,0.030093698
sensor_gyroscope,0e44c1a2-1013-499e-b74b-808f97f2d13f,1777991625646457304,-0.27483803,0.30706224,0.05779055
sensor_gyroscope,0e44c1a2-1013-499e-b74b-808f97f2d13f,1777991625666433449,-0.42384177,0.08335688,0.07376951
sensor_gyroscope,0e44c1a2-1013-499e-b74b-808f97f2d13f,1777991625686491054,-0.59215343,0.2996054,0.067377925
sensor_gyroscope,0e44c1a2-1013-499e-b74b-808f97f2d13f,1777991625706475064,-0.5111934,0.47204494,0.043942124
sensor_gyroscope,0e44c1a2-1013-499e-b74b-808f97f2d13f,1777991625726487408,-0.24820642,0.33049804,-0.010386321
sensor_gyroscope,0e44c1a2-1013-499e-b74b-808f97f2d13f,1777991625746505168,-0.060720026,-0.06897582,-0.03382212
sensor_gyroscope,0e44c1a2-1013-499e-b74b-808f97f2d13f,1777991625766525168,0.101200044,-0.52584076,-0.014647375
sensor_gyroscope,0e44c1a2-1013-499e-b74b-808f97f2d13f,1777991625786512304,0.056458972,-0.37457332,0.05992108
sensor_gyroscope,0e44c1a2-1013-499e-b74b-808f97f2d13f,1777991625806532824,-0.10226531,0.12703268,0.037550543
sensor_gyroscope,0e44c1a2-1013-499e-b74b-808f97f2d13f,1777991625826561991,-0.1842906,0.34221596,0.0077231615
sensor_gyroscope,0e44c1a2-1013-499e-b74b-808f97f2d13f,1777991625846555533,-0.21198747,0.29214856,0.0077231615
sensor_gyroscope,0e44c1a2-1013-499e-b74b-808f97f2d13f,1777991625866533502,-0.08841688,-0.08602004,0.030093698
sensor_gyroscope,0e44c1a2-1013-499e-b74b-808f97f2d13f,1777991625886589022,-0.07882951,-0.14567481,0.03648528
sensor_gyroscope,0e44c1a2-1013-499e-b74b-808f97f2d13f,1777991625906587668,-0.17896429,-0.03914844,0.015180007
sensor_gyroscope,0e44c1a2-1013-499e-b74b-808f97f2d13f,1777991625926615949,-0.20879167,-0.03382212,0.01304948
sensor_gyroscope,0e44c1a2-1013-499e-b74b-808f97f2d13f,1777991625946617147,-0.20026956,-0.027430538,0.014114743
sensor_gyroscope,0e44c1a2-1013-499e-b74b-808f97f2d13f,1777991625966615845,-0.08735162,-0.034887385,0.025832644
sensor_gyroscope,0e44c1a2-1013-499e-b74b-808f97f2d13f,1777991625986613449,0.057524238,-0.1105211,0.01944106
sensor_gyroscope,0e44c1a2-1013-499e-b74b-808f97f2d13f,1777991626006640168,0.028762119,-0.15313165,-0.01890843
sensor_gyroscope,0e44c1a2-1013-499e-b74b-808f97f2d13f,1777991626026640897,-0.006391582,-0.1105211,-0.03701791
sensor_gyroscope,0e44c1a2-1013-499e-b74b-808f97f2d13f,1777991626046666366,0.16924377,-0.13608743,-0.029561065
sensor_gyroscope,0e44c1a2-1013-499e-b74b-808f97f2d13f,1777991626066668189,0.14793849,0.031158961,-0.024234748
sensor_gyroscope,0e44c1a2-1013-499e-b74b-808f97f2d13f,1777991626086670897,0.036218964,0.22290641,-0.0071905297
sensor_gyroscope,0e44c1a2-1013-499e-b74b-808f97f2d13f,1777991626106682252,-0.021305272,0.2644517,0.05672529
sensor_gyroscope,0e44c1a2-1013-499e-b74b-808f97f2d13f,1777991626126713345,0.15965639,0.038615808,0.05992108
sensor_gyroscope,0e44c1a2-1013-499e-b74b-808f97f2d13f,1777991626146705637,0.101200044,-0.14141375,-0.002929475
sensor_gyroscope,0e44c1a2-1013-499e-b74b-808f97f2d13f,1777991626166735064,0.06711161,0.06311687,-0.012516848
sensor_gyroscope,0e44c1a2-1013-499e-b74b-808f97f2d13f,1777991626186749022,0.10652637,0.089748465,0.020506324
sensor_gyroscope,0e44c1a2-1013-499e-b74b-808f97f2d13f,1777991626206736574,0.06817687,-0.049801074,0.031158961
sensor_gyroscope,0e44c1a2-1013-499e-b74b-808f97f2d13f,1777991626226769543,0.04474107,0.023702117,0.03648528
sensor_gyroscope,0e44c1a2-1013-499e-b74b-808f97f2d13f,1777991626246773970,0.006391582,0.10359689,0.041811597
sensor_gyroscope,0e44c1a2-1013-499e-b74b-808f97f2d13f,1777991626266767720,-0.09480847,0.2026664,0.08335688
sensor_gyroscope,0e44c1a2-1013-499e-b74b-808f97f2d13f,1777991626286778762,-0.10013478,0.19840536,0.101466365
sensor_gyroscope,0e44c1a2-1013-499e-b74b-808f97f2d13f,1777991626306793554,0.09587373,0.12596743,0.034354754
sensor_gyroscope,0e44c1a2-1013-499e-b74b-808f97f2d13f,1777991626326805220,0.16711323,0.20053588,0.04500739
sensor_gyroscope,0e44c1a2-1013-499e-b74b-808f97f2d13f,1777991626346826627,0.1532648,0.1909485,0.054594763
sensor_gyroscope,0e44c1a2-1013-499e-b74b-808f97f2d13f,1777991626366841158,0.12343743,0.14514217,0.06311687
sensor_gyroscope,0e44c1a2-1013-499e-b74b-808f97f2d13f,1777991626386827199,-0.021305272,-0.04554002,0.02796317
sensor_gyroscope,0e44c1a2-1013-499e-b74b-808f97f2d13f,1777991626406836106,-0.034088437,-0.083889514,-0.012516848
sensor_gyroscope,0e44c1a2-1013-499e-b74b-808f97f2d13f,1777991626426873710,0.07350319,0.07483477,-0.063649505
sensor_gyroscope,0e44c1a2-1013-499e-b74b-808f97f2d13f,1777991626446864804,0.12663321,0.034354754,-0.047670547
sensor_gyroscope,0e44c1a2-1013-499e-b74b-808f97f2d13f,1777991626466871991,0.06817687,-0.024234748,-0.027430538
sensor_gyroscope,0e44c1a2-1013-499e-b74b-808f97f2d13f,1777991626486888970,0.08841688,-0.063649505,-0.03382212
sensor_gyroscope,0e44c1a2-1013-499e-b74b-808f97f2d13f,1777991626506902095,0.16285218,-0.026365275,-0.04554002
sensor_gyroscope,0e44c1a2-1013-499e-b74b-808f97f2d13f,1777991626526901991,0.16711323,0.0972053,-0.038083173
sensor_gyroscope,0e44c1a2-1013-499e-b74b-808f97f2d13f,1777991626546929856,0.09906952,0.13981585,-0.010386321
sensor_gyroscope,0e44c1a2-1013-499e-b74b-808f97f2d13f,1777991626566934127,0.08735162,0.20799273,0.006657898
sensor_gyroscope,0e44c1a2-1013-499e-b74b-808f97f2d13f,1777991626586926991,0.0820253,0.2058622,0.01624527
sensor_gyroscope,0e44c1a2-1013-499e-b74b-808f97f2d13f,1777991626606937356,0.1916143,0.14088112,0.014114743
sensor_gyroscope,0e44c1a2-1013-499e-b74b-808f97f2d13f,1777991626626953397,0.112917945,-0.19028272,-0.0039947387
sensor_gyroscope,0e44c1a2-1013-499e-b74b-808f97f2d13f,1777991626646966939,-0.071372665,-0.231828,0.005592634
sensor_gyroscope,0e44c1a2-1013-499e-b74b-808f97f2d13f,1777991626667021210,-0.047936864,-0.14141375,-0.09667268
sensor_gyroscope,0e44c1a2-1013-499e-b74b-808f97f2d13f,1777991626687002772,0.05006739,-0.17963009,-0.095607415
sensor_gyroscope,0e44c1a2-1013-499e-b74b-808f97f2d13f,1777991626707000585,0.022370536,-0.31598383,-0.04447476
sensor_gyroscope,0e44c1a2-1013-499e-b74b-808f97f2d13f,1777991626727010845,0.005326318,-0.4981439,-0.010386321
sensor_gyroscope,0e44c1a2-1013-499e-b74b-808f97f2d13f,1777991626747012824,-0.14487585,-0.122239,0.038615808
sensor_gyroscope,0e44c1a2-1013-499e-b74b-808f97f2d13f,1777991626767025637,-0.06817687,0.11638005,0.02796317
sensor_gyroscope,0e44c1a2-1013-499e-b74b-808f97f2d13f,1777991626787036627,0.12237216,0.20373167,0.031158961
sensor_gyroscope,0e44c1a2-1013-499e-b74b-808f97f2d13f,1777991626807049283,0.14367743,0.14407691,0.018375797
sensor_gyroscope,0e44c1a2-1013-499e-b74b-808f97f2d13f,1777991626827063606,0.059654765,0.11318426,0.02476738
sensor_gyroscope,0e44c1a2-1013-499e-b74b-808f97f2d13f,1777991626847061835,-0.07350319,0.15899059,0.009853689
sensor_gyroscope,0e44c1a2-1013-499e-b74b-808f97f2d13f,1777991626867070272,-0.117179,0.22397168,0.005592634
sensor_gyroscope,0e44c1a2-1013-499e-b74b-808f97f2d13f,1777991626887092772,-0.022370536,0.13235901,-0.005060002
sensor_gyroscope,0e44c1a2-1013-499e-b74b-808f97f2d13f,1777991626907105897,0.11078742,0.0045273704,0.006657898
sensor_gyroscope,0e44c1a2-1013-499e-b74b-808f97f2d13f,1777991626927115689,0.16604798,0.009853689,0.05033371
sensor_gyroscope,0e44c1a2-1013-499e-b74b-808f97f2d13f,1777991626947122460,0.12237216,-0.09028109,0.035420015
sensor_gyroscope,0e44c1a2-1013-499e-b74b-808f97f2d13f,1777991626967132199,-0.045806337,0.015180007,0.03648528
sensor_gyroscope,0e44c1a2-1013-499e-b74b-808f97f2d13f,1777991626987137616,-0.25246748,0.32836753,0.06418213
sensor_gyroscope,0e44c1a2-1013-499e-b74b-808f97f2d13f,1777991627007155949,-0.14594112,0.08229162,0.023702117
sensor_gyroscope,0e44c1a2-1013-499e-b74b-808f97f2d13f,1777991627027163710,0.0468716,-0.09773794,-0.009321057
sensor_gyroscope,0e44c1a2-1013-499e-b74b-808f97f2d13f,1777991627047171366,0.083090566,-0.24461116,-0.008255793
sensor_gyroscope,0e44c1a2-1013-499e-b74b-808f97f2d13f,1777991627067183137,-0.028762119,-0.20413114,-0.009321057
sensor_gyroscope,0e44c1a2-1013-499e-b74b-808f97f2d13f,1777991627087190481,-0.03302317,-0.09028109,2.663159E-4
sensor_gyroscope,0e44c1a2-1013-499e-b74b-808f97f2d13f,1777991627107210168,0.10652637,0.01624527,-7.9894776E-4
sensor_gyroscope,0e44c1a2-1013-499e-b74b-808f97f2d13f,1777991627127214543,0.117179,0.101466365,0.0013315795
sensor_gyroscope,0e44c1a2-1013-499e-b74b-808f97f2d13f,1777991627147241731,0.03302317,0.067377925,2.663159E-4
sensor_gyroscope,0e44c1a2-1013-499e-b74b-808f97f2d13f,1777991627167249022,-0.03728423,0.040746335,0.0109189525
sensor_gyroscope,0e44c1a2-1013-499e-b74b-808f97f2d13f,1777991627187239908,-0.026631592,-7.9894776E-4,-0.011451584
sensor_gyroscope,0e44c1a2-1013-499e-b74b-808f97f2d13f,1777991627207261418,-0.010652636,0.031158961,-0.012516848
sensor_gyroscope,0e44c1a2-1013-499e-b74b-808f97f2d13f,1777991627227297147,0.04474107,0.032224227,-0.0061252657
sensor_gyroscope,0e44c1a2-1013-499e-b74b-808f97f2d13f,1777991627247279804,-0.07563372,-0.14887059,0.0045273704
sensor_gyroscope,0e44c1a2-1013-499e-b74b-808f97f2d13f,1777991627267263658,-0.028762119,-0.12117374,-0.019973693
sensor_gyroscope,0e44c1a2-1013-499e-b74b-808f97f2d13f,1777991627287302772,0.07350319,-0.038083173,-0.017843166
sensor_gyroscope,0e44c1a2-1013-499e-b74b-808f97f2d13f,1777991627307311783,-0.0,-0.01571264,-0.01571264
sensor_gyroscope,0e44c1a2-1013-499e-b74b-808f97f2d13f,1777991627327317720,-0.06604634,-0.15632744,-0.031691592
sensor_gyroscope,0e44c1a2-1013-499e-b74b-808f97f2d13f,1777991627347336783,-0.035153702,-0.33941963,-0.016777903
sensor_gyroscope,0e44c1a2-1013-499e-b74b-808f97f2d13f,1777991627367368397,0.054328445,-0.30320066,-0.011451584
sensor_gyroscope,0e44c1a2-1013-499e-b74b-808f97f2d13f,1777991627387377929,0.08735162,-0.2201101,-0.012516848
sensor_gyroscope,0e44c1a2-1013-499e-b74b-808f97f2d13f,1777991627407368189,0.019174745,0.04820318,-0.005060002
sensor_gyroscope,0e44c1a2-1013-499e-b74b-808f97f2d13f,1777991627427371262,-0.11824426,0.21544957,-0.011451584
sensor_gyroscope,0e44c1a2-1013-499e-b74b-808f97f2d13f,1777991627447403345,-0.07456846,0.1792306,0.029028434
sensor_gyroscope,0e44c1a2-1013-499e-b74b-808f97f2d13f,1777991627467367772,0.008522109,0.12703268,0.03328949
sensor_gyroscope,0e44c1a2-1013-499e-b74b-808f97f2d13f,1777991627487397043,-0.12996216,-0.084954776,-0.012516848
sensor_gyroscope,0e44c1a2-1013-499e-b74b-808f97f2d13f,1777991627507411314,-0.11824426,0.017310534,-0.021038957
sensor_gyroscope,0e44c1a2-1013-499e-b74b-808f97f2d13f,1777991627527427199,-0.006391582,-0.032756858,-0.028495802
sensor_gyroscope,0e44c1a2-1013-499e-b74b-808f97f2d13f,1777991627547449127,-0.026631592,-0.063649505,-7.9894776E-4
sensor_gyroscope,0e44c1a2-1013-499e-b74b-808f97f2d13f,1777991627567468085,-0.07563372,-0.08069372,0.0023968432
sensor_gyroscope,0e44c1a2-1013-499e-b74b-808f97f2d13f,1777991627587452564,0.010652636,-0.12330426,-0.01890843
sensor_gyroscope,0e44c1a2-1013-499e-b74b-808f97f2d13f,1777991627607471835,-0.0,0.035420015,-0.021038957
sensor_gyroscope,0e44c1a2-1013-499e-b74b-808f97f2d13f,1777991627627506627,-0.06285056,0.108923204,-0.0071905297
sensor_gyroscope,0e44c1a2-1013-499e-b74b-808f97f2d13f,1777991627647501002,-0.003195791,0.24421169,-0.009321057
sensor_gyroscope,0e44c1a2-1013-499e-b74b-808f97f2d13f,1777991627667494752,0.017044218,0.3496728,0.0023968432
sensor_gyroscope,0e44c1a2-1013-499e-b74b-808f97f2d13f,1777991627687528970,0.054328445,0.28256118,-0.0018642114
sensor_gyroscope,0e44c1a2-1013-499e-b74b-808f97f2d13f,1777991627707519074,-0.0820253,-0.0039947387,-0.024234748
sensor_gyroscope,0e44c1a2-1013-499e-b74b-808f97f2d13f,1777991627727554699,-0.0820253,-0.019973693,-0.03062633
sensor_gyroscope,0e44c1a2-1013-499e-b74b-808f97f2d13f,1777991627747553554,0.05006739,-0.029561065,-0.009321057
sensor_gyroscope,0e44c1a2-1013-499e-b74b-808f97f2d13f,1777991627767561366,0.07350319,-0.07856319,0.0045273704
sensor_gyroscope,0e44c1a2-1013-499e-b74b-808f97f2d13f,1777991627787586679,0.026631592,-0.061518975,2.663159E-4
sensor_gyroscope,0e44c1a2-1013-499e-b74b-808f97f2d13f,1777991627807569595,-0.006391582,-0.048735812,-0.005060002
sensor_gyroscope,0e44c1a2-1013-499e-b74b-808f97f2d13f,1777991627827585533,0.08948214,-0.10093373,-0.016777903
sensor_gyroscope,0e44c1a2-1013-499e-b74b-808f97f2d13f,1777991627847603449,0.121306896,-0.10626005,-0.024234748
sensor_gyroscope,0e44c1a2-1013-499e-b74b-808f97f2d13f,1777991627867604752,-0.029827382,-0.103064254,-0.048735812
sensor_gyroscope,0e44c1a2-1013-499e-b74b-808f97f2d13f,1777991627887615793,-0.04367581,-0.1966743,-0.059388448
sensor_gyroscope,0e44c1a2-1013-499e-b74b-808f97f2d13f,1777991627907655064,-0.05219792,-0.0039947387,-0.03062633
sensor_gyroscope,0e44c1a2-1013-499e-b74b-808f97f2d13f,1777991627927628189,-0.021305272,0.15792534,0.003462107
sensor_gyroscope,0e44c1a2-1013-499e-b74b-808f97f2d13f,1777991627947649231,0.005326318,0.22184116,0.01944106
sensor_gyroscope,0e44c1a2-1013-499e-b74b-808f97f2d13f,1777991627967676991,0.029827382,0.1238369,0.011984216
sensor_gyroscope,0e44c1a2-1013-499e-b74b-808f97f2d13f,1777991627987694179,-0.15020217,-0.03062633,-0.027430538
sensor_gyroscope,0e44c1a2-1013-499e-b74b-808f97f2d13f,1777991628007684699,-0.15978955,0.003462107,-0.073236875
sensor_gyroscope,0e44c1a2-1013-499e-b74b-808f97f2d13f,1777991628027711210,-0.039414756,0.0045273704,-0.02210422
sensor_gyroscope,0e44c1a2-1013-499e-b74b-808f97f2d13f,1777991628047711314,0.020240009,-0.1764343,0.022636853
sensor_gyroscope,0e44c1a2-1013-499e-b74b-808f97f2d13f,1777991628067691210,0.09693899,-0.14674006,0.08229162
sensor_gyroscope,0e44c1a2-1013-499e-b74b-808f97f2d13f,1777991628087722095,0.14580797,-0.10199899,0.07057372
sensor_gyroscope,0e44c1a2-1013-499e-b74b-808f97f2d13f,1777991628107737512,0.10013478,-0.07856319,0.112119
sensor_gyroscope,0e44c1a2-1013-499e-b74b-808f97f2d13f,1777991628127752095,-0.019174745,-0.063649505,0.17377113
sensor_gyroscope,0e44c1a2-1013-499e-b74b-808f97f2d13f,1777991628147773554,0.09587373,-0.10626005,0.13235901
sensor_gyroscope,0e44c1a2-1013-499e-b74b-808f97f2d13f,1777991628167755116,0.25979117,0.0013315795,0.06418213
sensor_gyroscope,0e44c1a2-1013-499e-b74b-808f97f2d13f,1777991628187777147,0.20972379,0.12703268,0.062051605
sensor_gyroscope,0e44c1a2-1013-499e-b74b-808f97f2d13f,1777991628207789647,0.115048476,0.23355906,0.014114743
sensor_gyroscope,0e44c1a2-1013-499e-b74b-808f97f2d13f,1777991628227818762,0.06391582,0.4411523,0.0087884255
sensor_gyroscope,0e44c1a2-1013-499e-b74b-808f97f2d13f,1777991628247821522,-0.07456846,0.1355548,0.022636853
sensor_gyroscope,0e44c1a2-1013-499e-b74b-808f97f2d13f,1777991628267785949,-0.13209268,-0.14887059,0.030093698
sensor_gyroscope,0e44c1a2-1013-499e-b74b-808f97f2d13f,1777991628287825168,0.0074568456,-0.14993586,-0.023169484
sensor_gyroscope,0e44c1a2-1013-499e-b74b-808f97f2d13f,1777991628307840793,0.10013478,0.08548741,-0.08602004
sensor_gyroscope,0e44c1a2-1013-499e-b74b-808f97f2d13f,1777991628327855377,-0.0234358,0.19840536,-0.059388448
sensor_gyroscope,0e44c1a2-1013-499e-b74b-808f97f2d13f,1777991628347861887,-0.14168006,0.20479694,-0.026365275
sensor_gyroscope,0e44c1a2-1013-499e-b74b-808f97f2d13f,1777991628367868658,-0.061785292,0.10572742,-0.0061252657
sensor_gyroscope,0e44c1a2-1013-499e-b74b-808f97f2d13f,1777991628387883710,0.10226531,0.06311687,0.020506324
sensor_gyroscope,0e44c1a2-1013-499e-b74b-808f97f2d13f,1777991628407895897,0.16391744,-0.043409493,0.005592634
sensor_gyroscope,0e44c1a2-1013-499e-b74b-808f97f2d13f,1777991628427903606,0.18948378,0.032224227,-0.011451584
sensor_gyroscope,0e44c1a2-1013-499e-b74b-808f97f2d13f,1777991628447910377,0.09906952,0.10572742,0.01304948
sensor_gyroscope,0e44c1a2-1013-499e-b74b-808f97f2d13f,1777991628467912043,-0.027696855,0.17496955,0.0109189525
sensor_gyroscope,0e44c1a2-1013-499e-b74b-808f97f2d13f,1777991628487930533,-0.24394538,-0.052996866,0.006657898
sensor_gyroscope,0e44c1a2-1013-499e-b74b-808f97f2d13f,1777991628507951106,-0.18322535,-0.0519316,-0.02210422
sensor_gyroscope,0e44c1a2-1013-499e-b74b-808f97f2d13f,1777991628527953918,0.028762119,0.017310534,-0.03914844
sensor_gyroscope,0e44c1a2-1013-499e-b74b-808f97f2d13f,1777991628547964908,0.11611374,-0.094542146,-0.017843166
sensor_gyroscope,0e44c1a2-1013-499e-b74b-808f97f2d13f,1777991628567973345,0.080960035,-0.15419692,0.017310534
sensor_gyroscope,0e44c1a2-1013-499e-b74b-808f97f2d13f,1777991628587980637,0.07350319,-0.14354427,0.003462107
sensor_gyroscope,0e44c1a2-1013-499e-b74b-808f97f2d13f,1777991628608010845,0.07456846,-0.016777903,-0.0071905297
sensor_gyroscope,0e44c1a2-1013-499e-b74b-808f97f2d13f,1777991628628032356,0.040480018,-0.02210422,-0.002929475
sensor_gyroscope,0e44c1a2-1013-499e-b74b-808f97f2d13f,1777991628648030533,0.049002126,0.0023968432,-0.0018642114
sensor_gyroscope,0e44c1a2-1013-499e-b74b-808f97f2d13f,1777991628668012668,-0.12250532,-0.17536902,2.663159E-4
sensor_gyroscope,0e44c1a2-1013-499e-b74b-808f97f2d13f,1777991628688061991,-0.091612674,-0.11158637,-0.03382212
sensor_gyroscope,0e44c1a2-1013-499e-b74b-808f97f2d13f,1777991628708045116,-0.0468716,-0.12010848,-0.040213704
sensor_gyroscope,0e44c1a2-1013-499e-b74b-808f97f2d13f,1777991628728058554,-0.12570111,-0.26591644,-0.038083173
sensor_gyroscope,0e44c1a2-1013-499e-b74b-808f97f2d13f,1777991628748081158,-0.26844645,-0.38309544,-0.01890843
sensor_gyroscope,0e44c1a2-1013-499e-b74b-808f97f2d13f,1777991628768092252,-0.1842906,-0.29787433,-0.0071905297
sensor_gyroscope,0e44c1a2-1013-499e-b74b-808f97f2d13f,1777991628788078241,0.027696855,-0.049801074,0.0023968432
sensor_gyroscope,0e44c1a2-1013-499e-b74b-808f97f2d13f,1777991628808092304,0.061785292,0.11638005,-0.009321057
sensor_gyroscope,0e44c1a2-1013-499e-b74b-808f97f2d13f,1777991628828100793,-0.008522109,0.047137916,-0.01890843
sensor_gyroscope,0e44c1a2-1013-499e-b74b-808f97f2d13f,1777991628848130220,-0.028762119,0.032224227,0.01944106
sensor_gyroscope,0e44c1a2-1013-499e-b74b-808f97f2d13f,1777991628868101627,0.006391582,0.049268443,0.038615808
sensor_gyroscope,0e44c1a2-1013-499e-b74b-808f97f2d13f,1777991628888167981,0.0074568456,0.10572742,-7.9894776E-4
sensor_gyroscope,0e44c1a2-1013-499e-b74b-808f97f2d13f,1777991628908145845,-0.11930953,-0.021038957,-0.038083173
sensor_gyroscope,0e44c1a2-1013-499e-b74b-808f97f2d13f,1777991628928178970,-0.083090566,0.08016109,-0.07749793
sensor_gyroscope,0e44c1a2-1013-499e-b74b-808f97f2d13f,1777991628948185637,-0.028762119,0.026897907,-0.059388448
sensor_gyroscope,0e44c1a2-1013-499e-b74b-808f97f2d13f,1777991628968187772,-0.0820253,-0.09028109,-0.04234423
sensor_gyroscope,0e44c1a2-1013-499e-b74b-808f97f2d13f,1777991628988183137,-0.09693899,-0.18176061,-0.07004108
sensor_gyroscope,0e44c1a2-1013-499e-b74b-808f97f2d13f,1777991629008203345,-0.05539371,-0.11797795,-0.08069372
sensor_gyroscope,0e44c1a2-1013-499e-b74b-808f97f2d13f,1777991629028218710,-0.036218964,0.05779055,-0.038083173
sensor_gyroscope,0e44c1a2-1013-499e-b74b-808f97f2d13f,1777991629048231783,0.03834949,0.1824264,-0.03062633
sensor_gyroscope,0e44c1a2-1013-499e-b74b-808f97f2d13f,1777991629068227668,0.053263184,0.33688962,0.02476738
sensor_gyroscope,0e44c1a2-1013-499e-b74b-808f97f2d13f,1777991629088248449,0.0937432,0.35712963,0.054594763
sensor_gyroscope,0e44c1a2-1013-499e-b74b-808f97f2d13f,1777991629108250012,0.034088437,0.111053735,0.0077231615
sensor_gyroscope,0e44c1a2-1013-499e-b74b-808f97f2d13f,1777991629128287772,0.0234358,0.0652474,0.01944106
sensor_gyroscope,0e44c1a2-1013-499e-b74b-808f97f2d13f,1777991629148268970,0.11398321,0.043942124,0.0013315795
sensor_gyroscope,0e44c1a2-1013-499e-b74b-808f97f2d13f,1777991629168308658,0.07989477,0.0045273704,-0.027430538
sensor_gyroscope,0e44c1a2-1013-499e-b74b-808f97f2d13f,1777991629188323658,0.06285056,0.014114743,-0.014647375
sensor_gyroscope,0e44c1a2-1013-499e-b74b-808f97f2d13f,1777991629208315012,0.030892646,0.041811597,-7.9894776E-4
sensor_gyroscope,0e44c1a2-1013-499e-b74b-808f97f2d13f,1777991629228310168,-0.0074568456,0.09614004,0.020506324
sensor_gyroscope,0e44c1a2-1013-499e-b74b-808f97f2d13f,1777991629248341418,0.027696855,0.08122636,0.014114743
sensor_gyroscope,0e44c1a2-1013-499e-b74b-808f97f2d13f,1777991629268307304,0.10972215,0.026897907,0.011984216
sensor_gyroscope,0e44c1a2-1013-499e-b74b-808f97f2d13f,1777991629288346366,0.18309219,0.015180007,0.017310534
sensor_gyroscope,0e44c1a2-1013-499e-b74b-808f97f2d13f,1777991629308356783,0.16391744,0.087617934,0.009853689
sensor_gyroscope,0e44c1a2-1013-499e-b74b-808f97f2d13f,1777991629328378814,-0.07989477,-0.10839058,0.005592634
sensor_gyroscope,0e44c1a2-1013-499e-b74b-808f97f2d13f,1777991629348399543,-0.15659375,-0.046605285,0.017310534
sensor_gyroscope,0e44c1a2-1013-499e-b74b-808f97f2d13f,1777991629368413502,-0.008522109,0.078030564,-0.013582111
sensor_gyroscope,0e44c1a2-1013-499e-b74b-808f97f2d13f,1777991629388395585,0.022370536,0.079095826,-0.02210422
sensor_gyroscope,0e44c1a2-1013-499e-b74b-808f97f2d13f,1777991629408411002,0.0820253,-0.08602004,-7.9894776E-4
sensor_gyroscope,0e44c1a2-1013-499e-b74b-808f97f2d13f,1777991629428415116,0.25553012,-0.20519641,-0.024234748
sensor_gyroscope,0e44c1a2-1013-499e-b74b-808f97f2d13f,1777991629448445220,0.25766066,-0.18921745,-0.04447476
sensor_gyroscope,0e44c1a2-1013-499e-b74b-808f97f2d13f,1777991629468429231,0.15539533,-0.07749793,-0.027430538
sensor_gyroscope,0e44c1a2-1013-499e-b74b-808f97f2d13f,1777991629488445168,-0.039414756,0.24208117,0.032224227
sensor_gyroscope,0e44c1a2-1013-499e-b74b-808f97f2d13f,1777991629508468397,-0.06285056,0.36032543,0.042876862
sensor_gyroscope,0e44c1a2-1013-499e-b74b-808f97f2d13f,1777991629528500324,0.03834949,0.3942807,0.062051605
sensor_gyroscope,0e44c1a2-1013-499e-b74b-808f97f2d13f,1777991629548504231,0.17457008,0.27084327,0.090813726
sensor_gyroscope,0e44c1a2-1013-499e-b74b-808f97f2d13f,1777991629568510585,0.08415583,0.34754226,0.08016109
sensor_gyroscope,0e44c1a2-1013-499e-b74b-808f97f2d13f,1777991629588536679,-0.07350319,0.38788912,0.05033371
sensor_gyroscope,0e44c1a2-1013-499e-b74b-808f97f2d13f,1777991629608511002,-0.092677936,0.25486434,0.0652474
sensor_gyroscope,0e44c1a2-1013-499e-b74b-808f97f2d13f,1777991629628529908,0.003195791,0.09294425,0.062051605
sensor_gyroscope,0e44c1a2-1013-499e-b74b-808f97f2d13f,1777991629648540324,0.06498108,0.003462107,-0.0039947387
sensor_gyroscope,0e44c1a2-1013-499e-b74b-808f97f2d13f,1777991629668548866,0.11078742,-0.07217161,-0.05086634
sensor_gyroscope,0e44c1a2-1013-499e-b74b-808f97f2d13f,1777991629688572147,0.020240009,-0.05086634,-0.040213704
sensor_gyroscope,0e44c1a2-1013-499e-b74b-808f97f2d13f,1777991629708576835,-0.0042610546,-0.105194785,-0.0071905297
sensor_gyroscope,0e44c1a2-1013-499e-b74b-808f97f2d13f,1777991629728609127,0.0010652636,-0.075367406,0.0045273704
sensor_gyroscope,0e44c1a2-1013-499e-b74b-808f97f2d13f,1777991629748599960,0.06604634,-0.024234748,0.01304948
sensor_gyroscope,0e44c1a2-1013-499e-b74b-808f97f2d13f,1777991629768624022,0.18948378,0.14088112,0.006657898
sensor_gyroscope,0e44c1a2-1013-499e-b74b-808f97f2d13f,1777991629788638606,0.1681785,0.12809795,-0.014647375
sensor_gyroscope,0e44c1a2-1013-499e-b74b-808f97f2d13f,1777991629808635168,0.083090566,0.05992108,-0.0018642114
sensor_gyroscope,0e44c1a2-1013-499e-b74b-808f97f2d13f,1777991629828633449,0.069242135,0.08335688,-0.0018642114
sensor_gyroscope,0e44c1a2-1013-499e-b74b-808f97f2d13f,1777991629848644387,-0.045806337,-0.11158637,0.0013315795
sensor_gyroscope,0e44c1a2-1013-499e-b74b-808f97f2d13f,1777991629868617616,-0.09906952,-0.09667268,0.0023968432
sensor_gyroscope,0e44c1a2-1013-499e-b74b-808f97f2d13f,1777991629888667929,-0.024501063,-0.09028109,-0.03914844
sensor_gyroscope,0e44c1a2-1013-499e-b74b-808f97f2d13f,1777991629908678866,-0.061785292,-0.11584742,-0.03062633
sensor_gyroscope,0e44c1a2-1013-499e-b74b-808f97f2d13f,1777991629928693762,-0.09906952,-0.12756532,-0.0061252657
sensor_gyroscope,0e44c1a2-1013-499e-b74b-808f97f2d13f,1777991629948703189,-0.054328445,-0.1966743,-7.9894776E-4
sensor_gyroscope,0e44c1a2-1013-499e-b74b-808f97f2d13f,1777991629968707564,0.05219792,-0.13608743,-0.01571264
sensor_gyroscope,0e44c1a2-1013-499e-b74b-808f97f2d13f,1777991629988716731,0.07563372,-0.14354427,-0.021038957
sensor_gyroscope,0e44c1a2-1013-499e-b74b-808f97f2d13f,1777991630008731783,0.0042610546,-0.15313165,-0.029561065
sensor_gyroscope,0e44c1a2-1013-499e-b74b-808f97f2d13f,1777991630028747877,-0.09906952,-0.15313165,-0.03914844
sensor_gyroscope,0e44c1a2-1013-499e-b74b-808f97f2d13f,1777991630048753397,-0.19707377,-0.13076112,-0.03382212
sensor_gyroscope,0e44c1a2-1013-499e-b74b-808f97f2d13f,1777991630068832877,-0.25992432,-0.12756532,-0.025300011
sensor_gyroscope,0e44c1a2-1013-499e-b74b-808f97f2d13f,1777991630088763033,-0.2961433,-0.10412952,2.663159E-4
sensor_gyroscope,0e44c1a2-1013-499e-b74b-808f97f2d13f,1777991630108788762,-0.25992432,-0.071106344,-0.002929475
sensor_gyroscope,0e44c1a2-1013-499e-b74b-808f97f2d13f,1777991630128797929,-0.18002956,-0.002929475,0.006657898
sensor_gyroscope,0e44c1a2-1013-499e-b74b-808f97f2d13f,1777991630148802981,-0.070307404,-0.014647375,-0.005060002
sensor_gyroscope,0e44c1a2-1013-499e-b74b-808f97f2d13f,1777991630168816939,-0.012783164,-0.07004108,-0.0018642114
sensor_gyroscope,0e44c1a2-1013-499e-b74b-808f97f2d13f,1777991630188846939,-0.010652636,-0.025300011,-0.012516848
sensor_gyroscope,0e44c1a2-1013-499e-b74b-808f97f2d13f,1777991630208829960,-0.05006739,-0.027430538,-0.014647375
sensor_gyroscope,0e44c1a2-1013-499e-b74b-808f97f2d13f,1777991630228847199,-0.07243793,0.011984216,-0.0018642114
sensor_gyroscope,0e44c1a2-1013-499e-b74b-808f97f2d13f,1777991630248869804,-0.07563372,0.01304948,0.006657898
sensor_gyroscope,0e44c1a2-1013-499e-b74b-808f97f2d13f,1777991630268883241,0.0042610546,-0.062584236,-0.008255793
sensor_gyroscope,0e44c1a2-1013-499e-b74b-808f97f2d13f,1777991630288892304,0.06711161,-0.07749793,-0.013582111
sensor_gyroscope,0e44c1a2-1013-499e-b74b-808f97f2d13f,1777991630308884699,0.005326318,-0.05619266,0.005592634
sensor_gyroscope,0e44c1a2-1013-499e-b74b-808f97f2d13f,1777991630328891366,-0.054328445,-0.017843166,2.663159E-4
sensor_gyroscope,0e44c1a2-1013-499e-b74b-808f97f2d13f,1777991630348908970,-0.026631592,0.031158961,-0.014647375
sensor_gyroscope,0e44c1a2-1013-499e-b74b-808f97f2d13f,1777991630368943970,-0.0042610546,0.05672529,-0.016777903
sensor_gyroscope,0e44c1a2-1013-499e-b74b-808f97f2d13f,1777991630388953918,-0.012783164,0.0087884255,2.663159E-4
sensor_gyroscope,0e44c1a2-1013-499e-b74b-808f97f2d13f,1777991630408941679,0.0234358,2.663159E-4,0.0013315795
sensor_gyroscope,0e44c1a2-1013-499e-b74b-808f97f2d13f,1777991630428969543,0.04474107,-0.013582111,-0.0071905297
sensor_gyroscope,0e44c1a2-1013-499e-b74b-808f97f2d13f,1777991630448975377,0.008522109,-0.0018642114,-0.0018642114
sensor_gyroscope,0e44c1a2-1013-499e-b74b-808f97f2d13f,1777991630468963918,-0.030892646,-0.028495802,0.0045273704
sensor_gyroscope,0e44c1a2-1013-499e-b74b-808f97f2d13f,1777991630488975272,0.009587373,-0.005060002,0.011984216
sensor_gyroscope,0e44c1a2-1013-499e-b74b-808f97f2d13f,1777991630508991991,0.041545283,0.041811597,0.0087884255
sensor_gyroscope,0e44c1a2-1013-499e-b74b-808f97f2d13f,1777991630528999543,0.09054741,0.10359689,0.0023968432
sensor_gyroscope,0e44c1a2-1013-499e-b74b-808f97f2d13f,1777991630549017147,0.0074568456,-0.05086634,0.0023968432
sensor_gyroscope,0e44c1a2-1013-499e-b74b-808f97f2d13f,1777991630569043866,-0.060720026,-0.093476884,0.01304948
sensor_gyroscope,0e44c1a2-1013-499e-b74b-808f97f2d13f,1777991630589023189,0.0468716,-0.0061252657,-0.010386321
sensor_gyroscope,0e44c1a2-1013-499e-b74b-808f97f2d13f,1777991630609042981,0.101200044,0.05033371,0.003462107
sensor_gyroscope,0e44c1a2-1013-499e-b74b-808f97f2d13f,1777991630629043502,0.06391582,-0.02210422,0.0077231615
sensor_gyroscope,0e44c1a2-1013-499e-b74b-808f97f2d13f,1777991630649070064,0.08628636,-0.040213704,0.02157159
sensor_gyroscope,0e44c1a2-1013-499e-b74b-808f97f2d13f,1777991630669038814,0.16072164,0.01944106,0.018375797
sensor_gyroscope,0e44c1a2-1013-499e-b74b-808f97f2d13f,1777991630689079908,0.2384859,0.05672529,0.020506324
sensor_gyroscope,0e44c1a2-1013-499e-b74b-808f97f2d13f,1777991630709097929,0.26618275,0.058855817,0.009853689
sensor_gyroscope,0e44c1a2-1013-499e-b74b-808f97f2d13f,1777991630729130533,0.28322697,0.06418213,0.02157159
sensor_gyroscope,0e44c1a2-1013-499e-b74b-808f97f2d13f,1777991630749125064,0.3205112,0.047137916,0.05033371
sensor_gyroscope,0e44c1a2-1013-499e-b74b-808f97f2d13f,1777991630769134127,0.3386207,0.10466215,0.05139897
sensor_gyroscope,0e44c1a2-1013-499e-b74b-808f97f2d13f,1777991630789160897,0.2970754,0.14833796,0.052464236
sensor_gyroscope,0e44c1a2-1013-499e-b74b-808f97f2d13f,1777991630809145168,0.23635536,0.16112113,0.041811597
sensor_gyroscope,0e44c1a2-1013-499e-b74b-808f97f2d13f,1777991630829160012,0.19374482,0.10359689,0.0087884255
sensor_gyroscope,0e44c1a2-1013-499e-b74b-808f97f2d13f,1777991630849182720,0.16285218,0.053529497,-0.008255793
sensor_gyroscope,0e44c1a2-1013-499e-b74b-808f97f2d13f,1777991630869178606,0.13195953,0.0023968432,0.02157159
sensor_gyroscope,0e44c1a2-1013-499e-b74b-808f97f2d13f,1777991630889207095,0.11078742,-0.058323186,0.030093698
sensor_gyroscope,0e44c1a2-1013-499e-b74b-808f97f2d13f,1777991630909204752,0.13622059,0.003462107,0.0045273704
sensor_gyroscope,0e44c1a2-1013-499e-b74b-808f97f2d13f,1777991630929201679,0.15006901,0.041811597,-0.005060002
sensor_gyroscope,0e44c1a2-1013-499e-b74b-808f97f2d13f,1777991630949229908,0.1330248,0.05033371,-0.01890843
sensor_gyroscope,0e44c1a2-1013-499e-b74b-808f97f2d13f,1777991630969224439,0.08735162,0.02796317,-0.012516848
sensor_gyroscope,0e44c1a2-1013-499e-b74b-808f97f2d13f,1777991630989265741,0.053263184,0.026897907,-0.002929475
sensor_gyroscope,0e44c1a2-1013-499e-b74b-808f97f2d13f,1777991631009256210,0.026631592,0.060986344,-0.0018642114
sensor_gyroscope,0e44c1a2-1013-499e-b74b-808f97f2d13f,1777991631029289231,0.040480018,0.088683195,0.003462107
sensor_gyroscope,0e44c1a2-1013-499e-b74b-808f97f2d13f,1777991631049291106,0.09480847,0.16751271,0.02476738
sensor_gyroscope,0e44c1a2-1013-499e-b74b-808f97f2d13f,1777991631069269856,0.12769848,0.23355906,0.038615808
sensor_gyroscope,0e44c1a2-1013-499e-b74b-808f97f2d13f,1777991631089302408,0.10439584,0.19840536,0.054594763
sensor_gyroscope,0e44c1a2-1013-499e-b74b-808f97f2d13f,1777991631109301991,0.03195791,0.17390428,0.069508456
sensor_gyroscope,0e44c1a2-1013-499e-b74b-808f97f2d13f,1777991631129316418,-0.03834949,0.053529497,0.053529497
sensor_gyroscope,0e44c1a2-1013-499e-b74b-808f97f2d13f,1777991631149332668,0.018109482,-0.060453713,0.02157159
sensor_gyroscope,0e44c1a2-1013-499e-b74b-808f97f2d13f,1777991631169355220,0.17350481,-0.055127393,0.0013315795
sensor_gyroscope,0e44c1a2-1013-499e-b74b-808f97f2d13f,1777991631189339960,0.20546272,-0.059388448,0.005592634
