input,session_id,timestamp,x,y,z
sensor_accelerometer,0e44c1a2-1013-499e-b74b-808f97f2d13f,1777991608496811890,-0.9128618,7.1359954,3.923631
sensor_accelerometer,0e44c1a2-1013-499e-b74b-808f97f2d13f,1777991608516910015,-0.7692925,7.2699933,5.5800624
sensor_accelerometer,0e44c1a2-1013-499e-b74b-808f97f2d13f,1777991608537008140,-1.4440684,8.069795,7.304091
sensor_accelerometer,0e44c1a2-1013-499e-b74b-808f97f2d13f,1777991608557106317,-0.6448657,6.8632135,8.352746
sensor_accelerometer,0e44c1a2-1013-499e-b74b-808f97f2d13f,1777991608577204442,-0.5587241,7.073782,7.37109
sensor_accelerometer,0e44c1a2-1013-499e-b74b-808f97f2d13f,1777991608597302567,-0.5922236,7.3322067,5.9970117
sensor_accelerometer,0e44c1a2-1013-499e-b74b-808f97f2d13f,1777991608617400692,0.09750752,6.503692,5.748158
sensor_accelerometer,0e44c1a2-1013-499e-b74b-808f97f2d13f,1777991608637498817,0.57188463,6.7381887,6.518647
sensor_accelerometer,0e44c1a2-1013-499e-b74b-808f97f2d13f,1777991608657651004,0.99302137,7.0354967,6.8303123
sensor_accelerometer,0e44c1a2-1013-499e-b74b-808f97f2d13f,1777991608677589390,1.160519,6.7238317,6.743572
sensor_accelerometer,0e44c1a2-1013-499e-b74b-808f97f2d13f,1777991608697591213,0.64845496,6.71426,5.939584
sensor_accelerometer,0e44c1a2-1013-499e-b74b-808f97f2d13f,1777991608717587723,0.1788635,6.7525454,5.651847
sensor_accelerometer,0e44c1a2-1013-499e-b74b-808f97f2d13f,1777991608737596942,0.6149554,6.719046,6.5282183
sensor_accelerometer,0e44c1a2-1013-499e-b74b-808f97f2d13f,1777991608757607723,1.4333007,6.74776,7.4380894
sensor_accelerometer,0e44c1a2-1013-499e-b74b-808f97f2d13f,1777991608777624338,2.2474587,7.413563,7.198807
sensor_accelerometer,0e44c1a2-1013-499e-b74b-808f97f2d13f,1777991608797631108,1.1078769,7.4853473,6.8015985
sensor_accelerometer,0e44c1a2-1013-499e-b74b-808f97f2d13f,1777991608817649702,0.30329028,6.8967133,6.6478596
sensor_accelerometer,0e44c1a2-1013-499e-b74b-808f97f2d13f,1777991608837651265,0.13579269,6.9541407,6.7292156
sensor_accelerometer,0e44c1a2-1013-499e-b74b-808f97f2d13f,1777991608857660171,-0.046061836,7.9022965,7.1413794
sensor_accelerometer,0e44c1a2-1013-499e-b74b-808f97f2d13f,1777991608877666629,-0.20398813,7.164709,7.160522
sensor_accelerometer,0e44c1a2-1013-499e-b74b-808f97f2d13f,1777991608897689702,0.10707881,7.179066,6.5282183
sensor_accelerometer,0e44c1a2-1013-499e-b74b-808f97f2d13f,1777991608917692358,0.63888365,7.112067,6.2315083
sensor_accelerometer,0e44c1a2-1013-499e-b74b-808f97f2d13f,1777991608937699806,1.012164,7.1886373,6.480362
sensor_accelerometer,0e44c1a2-1013-499e-b74b-808f97f2d13f,1777991608957711369,0.68195444,7.09771,6.667002
sensor_accelerometer,0e44c1a2-1013-499e-b74b-808f97f2d13f,1777991608977726421,0.37507495,7.2556367,6.0975103
sensor_accelerometer,0e44c1a2-1013-499e-b74b-808f97f2d13f,1777991608997730119,0.38464624,7.2412796,5.6327047
sensor_accelerometer,0e44c1a2-1013-499e-b74b-808f97f2d13f,1777991609017749754,0.25543383,7.533204,5.005785
sensor_accelerometer,0e44c1a2-1013-499e-b74b-808f97f2d13f,1777991609037778869,0.030508488,7.4327054,4.2442694
sensor_accelerometer,0e44c1a2-1013-499e-b74b-808f97f2d13f,1777991609057781629,-0.17048861,7.4709907,4.354339
sensor_accelerometer,0e44c1a2-1013-499e-b74b-808f97f2d13f,1777991609077788869,-0.017347964,7.542775,5.0009995
sensor_accelerometer,0e44c1a2-1013-499e-b74b-808f97f2d13f,1777991609097795379,0.09750752,7.4327054,5.599205
sensor_accelerometer,0e44c1a2-1013-499e-b74b-808f97f2d13f,1777991609117801629,0.0735793,7.1742806,5.608776
sensor_accelerometer,0e44c1a2-1013-499e-b74b-808f97f2d13f,1777991609137804754,0.044865426,7.179066,5.0249276
sensor_accelerometer,0e44c1a2-1013-499e-b74b-808f97f2d13f,1777991609157839858,0.2745764,7.346564,4.8526444
sensor_accelerometer,0e44c1a2-1013-499e-b74b-808f97f2d13f,1777991609177828192,0.40378883,7.4470625,5.111069
sensor_accelerometer,0e44c1a2-1013-499e-b74b-808f97f2d13f,1777991609197825379,0.38464624,7.384849,5.383851
sensor_accelerometer,0e44c1a2-1013-499e-b74b-808f97f2d13f,1777991609217864025,0.37986058,7.4709907,5.6853466
sensor_accelerometer,0e44c1a2-1013-499e-b74b-808f97f2d13f,1777991609237857046,0.34157544,7.494919,6.001797
sensor_accelerometer,0e44c1a2-1013-499e-b74b-808f97f2d13f,1777991609257866890,0.20757736,7.542775,6.1357956
sensor_accelerometer,0e44c1a2-1013-499e-b74b-808f97f2d13f,1777991609277900640,0.30329028,7.4422765,6.092725
sensor_accelerometer,0e44c1a2-1013-499e-b74b-808f97f2d13f,1777991609297892827,0.7680961,7.260422,6.126224
sensor_accelerometer,0e44c1a2-1013-499e-b74b-808f97f2d13f,1777991609317908817,0.13100705,6.9684978,5.94437
sensor_accelerometer,0e44c1a2-1013-499e-b74b-808f97f2d13f,1777991609337929546,-0.07956135,7.3609204,6.221937
sensor_accelerometer,0e44c1a2-1013-499e-b74b-808f97f2d13f,1777991609357911942,0.13100705,7.231708,6.518647
sensor_accelerometer,0e44c1a2-1013-499e-b74b-808f97f2d13f,1777991609377922567,0.26979074,7.246065,6.638288
sensor_accelerometer,0e44c1a2-1013-499e-b74b-808f97f2d13f,1777991609397966577,0.48993045,7.2173514,6.5904317
sensor_accelerometer,0e44c1a2-1013-499e-b74b-808f97f2d13f,1777991609417957515,0.35593235,7.0689964,6.298507
sensor_accelerometer,0e44c1a2-1013-499e-b74b-808f97f2d13f,1777991609437983608,0.3272185,7.2556367,5.819943
sensor_accelerometer,0e44c1a2-1013-499e-b74b-808f97f2d13f,1777991609457990119,0.2219343,7.179066,5.608776
sensor_accelerometer,0e44c1a2-1013-499e-b74b-808f97f2d13f,1777991609477999546,0.41336012,7.1072817,5.9874406
sensor_accelerometer,0e44c1a2-1013-499e-b74b-808f97f2d13f,1777991609497993140,0.60059845,6.992426,6.882954
sensor_accelerometer,0e44c1a2-1013-499e-b74b-808f97f2d13f,1777991609518012306,0.45164528,6.901499,7.194021
sensor_accelerometer,0e44c1a2-1013-499e-b74b-808f97f2d13f,1777991609538001160,0.18843478,6.8967133,6.873383
sensor_accelerometer,0e44c1a2-1013-499e-b74b-808f97f2d13f,1777991609558046108,0.32243285,6.949355,6.298507
sensor_accelerometer,0e44c1a2-1013-499e-b74b-808f97f2d13f,1777991609578023973,0.4755735,7.0019975,6.087939
sensor_accelerometer,0e44c1a2-1013-499e-b74b-808f97f2d13f,1777991609598065900,0.4564309,6.8727846,6.3367925
sensor_accelerometer,0e44c1a2-1013-499e-b74b-808f97f2d13f,1777991609618060692,0.53359944,6.925427,6.571289
sensor_accelerometer,0e44c1a2-1013-499e-b74b-808f97f2d13f,1777991609638089025,0.48035914,6.9206414,6.6335025
sensor_accelerometer,0e44c1a2-1013-499e-b74b-808f97f2d13f,1777991609658070327,0.44207397,6.992426,6.494719
sensor_accelerometer,0e44c1a2-1013-499e-b74b-808f97f2d13f,1777991609678109806,0.26021945,6.9302125,6.5138617
sensor_accelerometer,0e44c1a2-1013-499e-b74b-808f97f2d13f,1777991609698087150,0.3367898,6.8727846,6.518647
sensor_accelerometer,0e44c1a2-1013-499e-b74b-808f97f2d13f,1777991609718106942,0.6197411,6.992426,6.3272214
sensor_accelerometer,0e44c1a2-1013-499e-b74b-808f97f2d13f,1777991609738121473,0.37507495,6.9062843,6.7585278
sensor_accelerometer,0e44c1a2-1013-499e-b74b-808f97f2d13f,1777991609758118608,0.293719,6.9684978,6.8111696
sensor_accelerometer,0e44c1a2-1013-499e-b74b-808f97f2d13f,1777991609778163608,0.41336012,7.0546393,6.0975103
sensor_accelerometer,0e44c1a2-1013-499e-b74b-808f97f2d13f,1777991609798168556,0.41336012,7.0546393,5.858228
sensor_accelerometer,0e44c1a2-1013-499e-b74b-808f97f2d13f,1777991609818159806,0.37986058,7.0354967,6.20758
sensor_accelerometer,0e44c1a2-1013-499e-b74b-808f97f2d13f,1777991609838159806,0.34157544,6.9732833,6.6909304
sensor_accelerometer,0e44c1a2-1013-499e-b74b-808f97f2d13f,1777991609858177671,0.15014961,6.901499,7.036095
sensor_accelerometer,0e44c1a2-1013-499e-b74b-808f97f2d13f,1777991609878212463,0.10229317,6.9302125,6.954739
sensor_accelerometer,0e44c1a2-1013-499e-b74b-808f97f2d13f,1777991609898193400,0.35593235,7.016354,6.3272214
sensor_accelerometer,0e44c1a2-1013-499e-b74b-808f97f2d13f,1777991609918204338,0.5479564,7.059425,6.0113688
sensor_accelerometer,0e44c1a2-1013-499e-b74b-808f97f2d13f,1777991609938209858,0.3702893,7.059425,5.6949177
sensor_accelerometer,0e44c1a2-1013-499e-b74b-808f97f2d13f,1777991609958249546,0.1692922,6.8345,5.729016
sensor_accelerometer,0e44c1a2-1013-499e-b74b-808f97f2d13f,1777991609978242775,0.08793623,6.767501,6.389435
sensor_accelerometer,0e44c1a2-1013-499e-b74b-808f97f2d13f,1777991609998279338,0.51864433,7.1838517,6.585646
sensor_accelerometer,0e44c1a2-1013-499e-b74b-808f97f2d13f,1777991610018254494,0.5138587,6.9589267,7.012167
sensor_accelerometer,0e44c1a2-1013-499e-b74b-808f97f2d13f,1777991610038263660,0.19800608,6.867999,6.667002
sensor_accelerometer,0e44c1a2-1013-499e-b74b-808f97f2d13f,1777991610058306681,0.35114673,6.9062843,5.877371
sensor_accelerometer,0e44c1a2-1013-499e-b74b-808f97f2d13f,1777991610078298400,0.54317075,7.112067,5.853442
sensor_accelerometer,0e44c1a2-1013-499e-b74b-808f97f2d13f,1777991610098316369,0.39421752,6.91107,6.3942204
sensor_accelerometer,0e44c1a2-1013-499e-b74b-808f97f2d13f,1777991610118312202,0.2745764,6.9206414,7.2179494
sensor_accelerometer,0e44c1a2-1013-499e-b74b-808f97f2d13f,1777991610138334077,0.20279172,6.9589267,7.4715886
sensor_accelerometer,0e44c1a2-1013-499e-b74b-808f97f2d13f,1777991610158338973,0.22671995,6.9062843,6.9020967
sensor_accelerometer,0e44c1a2-1013-499e-b74b-808f97f2d13f,1777991610178346525,0.53359944,6.9541407,5.704489
sensor_accelerometer,0e44c1a2-1013-499e-b74b-808f97f2d13f,1777991610198358296,0.5623133,6.719046,5.3982077
sensor_accelerometer,0e44c1a2-1013-499e-b74b-808f97f2d13f,1777991610218371317,0.34157544,6.8201427,6.5808606
sensor_accelerometer,0e44c1a2-1013-499e-b74b-808f97f2d13f,1777991610238386213,0.15972091,6.8919272,7.088737
sensor_accelerometer,0e44c1a2-1013-499e-b74b-808f97f2d13f,1777991610258384963,0.42771706,7.1168528,7.021738
sensor_accelerometer,0e44c1a2-1013-499e-b74b-808f97f2d13f,1777991610278397306,0.48035914,6.7818575,6.044868
sensor_accelerometer,0e44c1a2-1013-499e-b74b-808f97f2d13f,1777991610298415067,0.50428736,7.1599236,5.9970117
sensor_accelerometer,0e44c1a2-1013-499e-b74b-808f97f2d13f,1777991610318417671,0.14536397,6.925427,6.50429
sensor_accelerometer,0e44c1a2-1013-499e-b74b-808f97f2d13f,1777991610338445692,0.32243285,6.939784,7.055238
sensor_accelerometer,0e44c1a2-1013-499e-b74b-808f97f2d13f,1777991610358453140,0.45164528,7.0642104,7.198807
sensor_accelerometer,0e44c1a2-1013-499e-b74b-808f97f2d13f,1777991610378440171,0.34636107,6.8919272,7.0504518
sensor_accelerometer,0e44c1a2-1013-499e-b74b-808f97f2d13f,1777991610398450692,0.31286156,6.791429,6.3511496
sensor_accelerometer,0e44c1a2-1013-499e-b74b-808f97f2d13f,1777991610418466160,0.22671995,6.8967133,5.666204
sensor_accelerometer,0e44c1a2-1013-499e-b74b-808f97f2d13f,1777991610438503088,0.38464624,6.978069,5.6183476
sensor_accelerometer,0e44c1a2-1013-499e-b74b-808f97f2d13f,1777991610458485171,0.5240282,7.0929246,6.0783677
sensor_accelerometer,0e44c1a2-1013-499e-b74b-808f97f2d13f,1777991610478525015,0.6197411,6.9541407,6.0783677
sensor_accelerometer,0e44c1a2-1013-499e-b74b-808f97f2d13f,1777991610498503921,0.0735793,6.6281185,6.24108
sensor_accelerometer,0e44c1a2-1013-499e-b74b-808f97f2d13f,1777991610518538348,0.14057833,6.661618,6.150152
sensor_accelerometer,0e44c1a2-1013-499e-b74b-808f97f2d13f,1777991610538524181,0.4660022,6.7094746,6.983453
sensor_accelerometer,0e44c1a2-1013-499e-b74b-808f97f2d13f,1777991610558565067,0.5383851,7.4997044,7.3902326
sensor_accelerometer,0e44c1a2-1013-499e-b74b-808f97f2d13f,1777991610578574233,0.26979074,7.1455665,7.146165
sensor_accelerometer,0e44c1a2-1013-499e-b74b-808f97f2d13f,1777991610598556890,0.55752766,7.0115685,6.2027946
sensor_accelerometer,0e44c1a2-1013-499e-b74b-808f97f2d13f,1777991610618580796,0.60059845,7.0642104,5.517849
sensor_accelerometer,0e44c1a2-1013-499e-b74b-808f97f2d13f,1777991610638580275,0.49950173,7.006783,5.953941
sensor_accelerometer,0e44c1a2-1013-499e-b74b-808f97f2d13f,1777991610658624233,0.40857446,6.9732833,6.494719
sensor_accelerometer,0e44c1a2-1013-499e-b74b-808f97f2d13f,1777991610678627202,0.22671995,6.7818575,6.710073
sensor_accelerometer,0e44c1a2-1013-499e-b74b-808f97f2d13f,1777991610698619650,0.26979074,7.030711,6.849455
sensor_accelerometer,0e44c1a2-1013-499e-b74b-808f97f2d13f,1777991610718628869,0.23629123,6.8249283,6.768099
sensor_accelerometer,0e44c1a2-1013-499e-b74b-808f97f2d13f,1777991610738633088,0.2745764,6.9732833,6.6000032
sensor_accelerometer,0e44c1a2-1013-499e-b74b-808f97f2d13f,1777991610758652983,0.39421752,7.0450683,6.4325056
sensor_accelerometer,0e44c1a2-1013-499e-b74b-808f97f2d13f,1777991610778684181,0.4851448,7.0211396,6.480362
sensor_accelerometer,0e44c1a2-1013-499e-b74b-808f97f2d13f,1777991610798692515,0.4851448,6.704689,6.782456
sensor_accelerometer,0e44c1a2-1013-499e-b74b-808f97f2d13f,1777991610818685483,0.42771706,6.704689,6.619146
sensor_accelerometer,0e44c1a2-1013-499e-b74b-808f97f2d13f,1777991610838690223,0.35114673,6.978069,6.001797
sensor_accelerometer,0e44c1a2-1013-499e-b74b-808f97f2d13f,1777991610858722931,0.38464624,6.8632135,5.6279187
sensor_accelerometer,0e44c1a2-1013-499e-b74b-808f97f2d13f,1777991610878736838,0.3702893,6.9972115,6.140581
sensor_accelerometer,0e44c1a2-1013-499e-b74b-808f97f2d13f,1777991610898714910,0.5814559,6.978069,6.7728844
sensor_accelerometer,0e44c1a2-1013-499e-b74b-808f97f2d13f,1777991610918726369,0.715454,6.925427,6.9738817
sensor_accelerometer,0e44c1a2-1013-499e-b74b-808f97f2d13f,1777991610938745067,0.360718,7.0354967,6.9020967
sensor_accelerometer,0e44c1a2-1013-499e-b74b-808f97f2d13f,1777991610958775223,0.40378883,7.236494,6.341578
sensor_accelerometer,0e44c1a2-1013-499e-b74b-808f97f2d13f,1777991610978788504,0.60059845,7.0402822,5.9300127
sensor_accelerometer,0e44c1a2-1013-499e-b74b-808f97f2d13f,1777991610998799025,0.57188463,6.719046,5.992226
sensor_accelerometer,0e44c1a2-1013-499e-b74b-808f97f2d13f,1777991611018776421,0.715454,7.073782,6.150152
sensor_accelerometer,0e44c1a2-1013-499e-b74b-808f97f2d13f,1777991611038788713,0.61016977,7.0785675,6.6335025
sensor_accelerometer,0e44c1a2-1013-499e-b74b-808f97f2d13f,1777991611058804129,0.41336012,6.949355,6.3607206
sensor_accelerometer,0e44c1a2-1013-499e-b74b-808f97f2d13f,1777991611078836160,0.32243285,6.801,5.8343
sensor_accelerometer,0e44c1a2-1013-499e-b74b-808f97f2d13f,1777991611098840900,0.5623133,7.112067,5.6470613
sensor_accelerometer,0e44c1a2-1013-499e-b74b-808f97f2d13f,1777991611118842723,0.4660022,7.13121,6.3607206
sensor_accelerometer,0e44c1a2-1013-499e-b74b-808f97f2d13f,1777991611138844910,0.48035914,6.8967133,7.4237323
sensor_accelerometer,0e44c1a2-1013-499e-b74b-808f97f2d13f,1777991611158881108,0.34157544,6.858428,7.7347994
sensor_accelerometer,0e44c1a2-1013-499e-b74b-808f97f2d13f,1777991611178886994,0.31764722,6.8919272,7.064809
sensor_accelerometer,0e44c1a2-1013-499e-b74b-808f97f2d13f,1777991611198876317,0.27936205,6.9589267,6.174081
sensor_accelerometer,0e44c1a2-1013-499e-b74b-808f97f2d13f,1777991611218910535,0.25543383,6.8345,5.805586
sensor_accelerometer,0e44c1a2-1013-499e-b74b-808f97f2d13f,1777991611238906421,0.6867401,6.8775706,5.8917274
sensor_accelerometer,0e44c1a2-1013-499e-b74b-808f97f2d13f,1777991611258917879,0.55752766,6.815357,6.5569324
sensor_accelerometer,0e44c1a2-1013-499e-b74b-808f97f2d13f,1777991611278945015,0.04965107,6.8919272,7.1222367
sensor_accelerometer,0e44c1a2-1013-499e-b74b-808f97f2d13f,1777991611298946994,0.044865426,6.963712,7.031309
sensor_accelerometer,0e44c1a2-1013-499e-b74b-808f97f2d13f,1777991611318961733,0.28414768,7.016354,6.140581
sensor_accelerometer,0e44c1a2-1013-499e-b74b-808f97f2d13f,1777991611338943869,0.48993045,6.925427,5.666204
sensor_accelerometer,0e44c1a2-1013-499e-b74b-808f97f2d13f,1777991611358968556,0.5383851,6.8057857,5.7720866
sensor_accelerometer,0e44c1a2-1013-499e-b74b-808f97f2d13f,1777991611378999285,0.64845496,6.7573314,6.8111696
sensor_accelerometer,0e44c1a2-1013-499e-b74b-808f97f2d13f,1777991611399006681,0.41814575,7.0211396,7.179664
sensor_accelerometer,0e44c1a2-1013-499e-b74b-808f97f2d13f,1777991611418999390,0.47078785,6.8727846,7.0600233
sensor_accelerometer,0e44c1a2-1013-499e-b74b-808f97f2d13f,1777991611439002827,0.29850462,6.8536425,6.6574306
sensor_accelerometer,0e44c1a2-1013-499e-b74b-808f97f2d13f,1777991611459011056,0.3080759,6.8727846,5.9874406
sensor_accelerometer,0e44c1a2-1013-499e-b74b-808f97f2d13f,1777991611479019025,0.4229314,6.6185474,5.9204416
sensor_accelerometer,0e44c1a2-1013-499e-b74b-808f97f2d13f,1777991611499041629,0.48035914,6.925427,6.8925257
sensor_accelerometer,0e44c1a2-1013-499e-b74b-808f97f2d13f,1777991611519042254,0.22671995,6.963712,7.4476604
sensor_accelerometer,0e44c1a2-1013-499e-b74b-808f97f2d13f,1777991611539065275,0.22671995,6.91107,7.251449
sensor_accelerometer,0e44c1a2-1013-499e-b74b-808f97f2d13f,1777991611559062931,0.5138587,6.9206414,6.3128643
sensor_accelerometer,0e44c1a2-1013-499e-b74b-808f97f2d13f,1777991611579074338,0.62452674,7.083353,5.5130634
sensor_accelerometer,0e44c1a2-1013-499e-b74b-808f97f2d13f,1777991611599086681,0.34157544,6.9589267,5.896513
sensor_accelerometer,0e44c1a2-1013-499e-b74b-808f97f2d13f,1777991611619125067,0.14536397,6.786643,6.643074
sensor_accelerometer,0e44c1a2-1013-499e-b74b-808f97f2d13f,1777991611639105535,0.35114673,6.858428,6.6095743
sensor_accelerometer,0e44c1a2-1013-499e-b74b-808f97f2d13f,1777991611659120171,0.39421752,6.982855,6.174081
sensor_accelerometer,0e44c1a2-1013-499e-b74b-808f97f2d13f,1777991611679123192,0.6723832,6.9302125,6.3272214
sensor_accelerometer,0e44c1a2-1013-499e-b74b-808f97f2d13f,1777991611699146942,0.701097,6.91107,6.9499536
sensor_accelerometer,0e44c1a2-1013-499e-b74b-808f97f2d13f,1777991611719151421,0.1788635,6.9541407,6.9595246
sensor_accelerometer,0e44c1a2-1013-499e-b74b-808f97f2d13f,1777991611739162567,0.12143575,6.963712,6.6335025
sensor_accelerometer,0e44c1a2-1013-499e-b74b-808f97f2d13f,1777991611759167983,0.36550367,6.844071,6.092725
sensor_accelerometer,0e44c1a2-1013-499e-b74b-808f97f2d13f,1777991611779184442,0.5383851,6.666404,6.025726
sensor_accelerometer,0e44c1a2-1013-499e-b74b-808f97f2d13f,1777991611799219858,0.70588267,6.9541407,6.681359
sensor_accelerometer,0e44c1a2-1013-499e-b74b-808f97f2d13f,1777991611819210483,0.61016977,7.0402822,7.375876
sensor_accelerometer,0e44c1a2-1013-499e-b74b-808f97f2d13f,1777991611839208556,0.40857446,7.0450683,6.849455
sensor_accelerometer,0e44c1a2-1013-499e-b74b-808f97f2d13f,1777991611859222046,0.44685963,7.088139,5.651847
sensor_accelerometer,0e44c1a2-1013-499e-b74b-808f97f2d13f,1777991611879251525,0.31764722,6.9972115,4.9196434
sensor_accelerometer,0e44c1a2-1013-499e-b74b-808f97f2d13f,1777991611899246004,0.51864433,6.9302125,5.407779
sensor_accelerometer,0e44c1a2-1013-499e-b74b-808f97f2d13f,1777991611919260483,0.4325027,6.6329045,6.8303123
sensor_accelerometer,0e44c1a2-1013-499e-b74b-808f97f2d13f,1777991611939288817,0.23150559,6.8967133,7.55773
sensor_accelerometer,0e44c1a2-1013-499e-b74b-808f97f2d13f,1777991611959275952,0.10707881,6.8775706,7.5673018
sensor_accelerometer,0e44c1a2-1013-499e-b74b-808f97f2d13f,1777991611979305952,-0.10827523,7.1455665,6.7872415
sensor_accelerometer,0e44c1a2-1013-499e-b74b-808f97f2d13f,1777991611999319025,0.32243285,7.049854,6.5569324
sensor_accelerometer,0e44c1a2-1013-499e-b74b-808f97f2d13f,1777991612019333400,0.40378883,7.198209,7.055238
sensor_accelerometer,0e44c1a2-1013-499e-b74b-808f97f2d13f,1777991612039317463,0.5138587,7.083353,6.7728844
sensor_accelerometer,0e44c1a2-1013-499e-b74b-808f97f2d13f,1777991612059333088,0.47078785,6.556334,6.6622167
sensor_accelerometer,0e44c1a2-1013-499e-b74b-808f97f2d13f,1777991612079359390,0.6771688,6.6711893,6.3655066
sensor_accelerometer,0e44c1a2-1013-499e-b74b-808f97f2d13f,1777991612099361213,0.5383851,6.8249283,5.796015
sensor_accelerometer,0e44c1a2-1013-499e-b74b-808f97f2d13f,1777991612119365119,0.4755735,6.8775706,5.6997037
sensor_accelerometer,0e44c1a2-1013-499e-b74b-808f97f2d13f,1777991612139383348,0.5288138,6.7962146,5.9300127
sensor_accelerometer,0e44c1a2-1013-499e-b74b-808f97f2d13f,1777991612159404181,0.33200413,6.844071,5.8008003
sensor_accelerometer,0e44c1a2-1013-499e-b74b-808f97f2d13f,1777991612179412046,0.48035914,7.198209,6.5090756
sensor_accelerometer,0e44c1a2-1013-499e-b74b-808f97f2d13f,1777991612199427150,0.54317075,7.0450683,7.036095
sensor_accelerometer,0e44c1a2-1013-499e-b74b-808f97f2d13f,1777991612219437824,0.8542377,6.580262,6.533004
sensor_accelerometer,0e44c1a2-1013-499e-b74b-808f97f2d13f,1777991612239446418,0.27936205,7.030711,5.8821564
sensor_accelerometer,0e44c1a2-1013-499e-b74b-808f97f2d13f,1777991612259437564,0.15972091,7.2556367,5.977869
sensor_accelerometer,0e44c1a2-1013-499e-b74b-808f97f2d13f,1777991612279462720,0.068793654,7.0546393,7.07438
sensor_accelerometer,0e44c1a2-1013-499e-b74b-808f97f2d13f,1777991612299481002,0.25543383,7.126424,7.2897344
sensor_accelerometer,0e44c1a2-1013-499e-b74b-808f97f2d13f,1777991612319462824,0.22671995,6.9541407,6.719644
sensor_accelerometer,0e44c1a2-1013-499e-b74b-808f97f2d13f,1777991612339499960,0.27936205,6.949355,5.9300127
sensor_accelerometer,0e44c1a2-1013-499e-b74b-808f97f2d13f,1777991612359508189,0.44685963,6.963712,5.302495
sensor_accelerometer,0e44c1a2-1013-499e-b74b-808f97f2d13f,1777991612379487460,0.39421752,7.030711,5.738587
sensor_accelerometer,0e44c1a2-1013-499e-b74b-808f97f2d13f,1777991612399532199,0.5814559,6.949355,6.6478596
sensor_accelerometer,0e44c1a2-1013-499e-b74b-808f97f2d13f,1777991612419537460,0.6053841,6.6759753,6.8255267
sensor_accelerometer,0e44c1a2-1013-499e-b74b-808f97f2d13f,1777991612439521731,0.14536397,7.0019975,6.667002
sensor_accelerometer,0e44c1a2-1013-499e-b74b-808f97f2d13f,1777991612459560533,0.33200413,7.20778,6.470791
sensor_accelerometer,0e44c1a2-1013-499e-b74b-808f97f2d13f,1777991612479572929,0.4564309,7.083353,6.5138617
sensor_accelerometer,0e44c1a2-1013-499e-b74b-808f97f2d13f,1777991612499550533,0.4564309,6.91107,6.7633133
sensor_accelerometer,0e44c1a2-1013-499e-b74b-808f97f2d13f,1777991612519565897,0.4229314,6.8201427,6.686145
sensor_accelerometer,0e44c1a2-1013-499e-b74b-808f97f2d13f,1777991612539572199,0.47078785,6.844071,6.3655066
sensor_accelerometer,0e44c1a2-1013-499e-b74b-808f97f2d13f,1777991612559596106,0.66759753,6.949355,6.236294
sensor_accelerometer,0e44c1a2-1013-499e-b74b-808f97f2d13f,1777991612579626991,0.48993045,7.2029943,5.5800624
sensor_accelerometer,0e44c1a2-1013-499e-b74b-808f97f2d13f,1777991612599632720,0.4325027,6.9158554,6.4181485
sensor_accelerometer,0e44c1a2-1013-499e-b74b-808f97f2d13f,1777991612619618241,0.33200413,6.815357,7.4715886
sensor_accelerometer,0e44c1a2-1013-499e-b74b-808f97f2d13f,1777991612639653502,0.39421752,6.777072,7.2323065
sensor_accelerometer,0e44c1a2-1013-499e-b74b-808f97f2d13f,1777991612659633085,0.4564309,7.3609204,5.656633
sensor_accelerometer,0e44c1a2-1013-499e-b74b-808f97f2d13f,1777991612679671366,0.26979074,7.083353,5.532206
sensor_accelerometer,0e44c1a2-1013-499e-b74b-808f97f2d13f,1777991612699657929,0.40378883,6.9302125,6.585646
sensor_accelerometer,0e44c1a2-1013-499e-b74b-808f97f2d13f,1777991612719701418,0.6149554,6.7094746,7.7156568
sensor_accelerometer,0e44c1a2-1013-499e-b74b-808f97f2d13f,1777991612739714804,0.31764722,7.030711,7.198807
sensor_accelerometer,0e44c1a2-1013-499e-b74b-808f97f2d13f,1777991612759689387,0.3272185,7.1934233,5.7673006
sensor_accelerometer,0e44c1a2-1013-499e-b74b-808f97f2d13f,1777991612779730064,0.24107689,6.949355,5.2642097
sensor_accelerometer,0e44c1a2-1013-499e-b74b-808f97f2d13f,1777991612799732824,0.5138587,6.599405,5.729016
sensor_accelerometer,0e44c1a2-1013-499e-b74b-808f97f2d13f,1777991612819717147,1.0360922,6.939784,6.518647
sensor_accelerometer,0e44c1a2-1013-499e-b74b-808f97f2d13f,1777991612839725220,0.34636107,7.1024957,7.0600233
sensor_accelerometer,0e44c1a2-1013-499e-b74b-808f97f2d13f,1777991612859752564,0.04007978,7.126424,7.0504518
sensor_accelerometer,0e44c1a2-1013-499e-b74b-808f97f2d13f,1777991612879757564,0.24107689,7.13121,6.7872415
sensor_accelerometer,0e44c1a2-1013-499e-b74b-808f97f2d13f,1777991612899767877,0.28414768,6.8967133,5.9730835
sensor_accelerometer,0e44c1a2-1013-499e-b74b-808f97f2d13f,1777991612919776366,0.5383851,6.939784,5.738587
sensor_accelerometer,0e44c1a2-1013-499e-b74b-808f97f2d13f,1777991612939795220,0.567099,6.815357,6.494719
sensor_accelerometer,0e44c1a2-1013-499e-b74b-808f97f2d13f,1777991612959803397,0.39421752,6.9972115,6.9212394
sensor_accelerometer,0e44c1a2-1013-499e-b74b-808f97f2d13f,1777991612979811314,0.3894319,6.9876404,6.6335025
sensor_accelerometer,0e44c1a2-1013-499e-b74b-808f97f2d13f,1777991612999818970,0.38464624,7.016354,6.2458653
sensor_accelerometer,0e44c1a2-1013-499e-b74b-808f97f2d13f,1777991613019831939,0.41336012,6.978069,6.2171516
sensor_accelerometer,0e44c1a2-1013-499e-b74b-808f97f2d13f,1777991613039840533,0.41336012,6.777072,5.6614184
sensor_accelerometer,0e44c1a2-1013-499e-b74b-808f97f2d13f,1777991613059847408,0.45164528,6.6711893,6.494719
sensor_accelerometer,0e44c1a2-1013-499e-b74b-808f97f2d13f,1777991613079855949,0.47078785,7.155138,6.9930243
sensor_accelerometer,0e44c1a2-1013-499e-b74b-808f97f2d13f,1777991613099884647,0.18843478,7.0450683,6.8781686
sensor_accelerometer,0e44c1a2-1013-499e-b74b-808f97f2d13f,1777991613119884960,0.10229317,6.8871417,6.561718
sensor_accelerometer,0e44c1a2-1013-499e-b74b-808f97f2d13f,1777991613139892512,0.5910272,7.09771,6.035297
sensor_accelerometer,0e44c1a2-1013-499e-b74b-808f97f2d13f,1777991613159903866,0.4564309,7.0211396,6.049654
sensor_accelerometer,0e44c1a2-1013-499e-b74b-808f97f2d13f,1777991613179913814,0.48035914,6.9158554,6.5904317
sensor_accelerometer,0e44c1a2-1013-499e-b74b-808f97f2d13f,1777991613199947981,0.50428736,6.8345,6.96431
sensor_accelerometer,0e44c1a2-1013-499e-b74b-808f97f2d13f,1777991613219937929,0.32243285,6.9684978,6.466005
sensor_accelerometer,0e44c1a2-1013-499e-b74b-808f97f2d13f,1777991613239949960,0.1692922,6.925427,6.1118674
sensor_accelerometer,0e44c1a2-1013-499e-b74b-808f97f2d13f,1777991613259953345,0.25064817,6.858428,6.4037914
sensor_accelerometer,0e44c1a2-1013-499e-b74b-808f97f2d13f,1777991613279989283,0.50428736,7.1072817,6.3367925
sensor_accelerometer,0e44c1a2-1013-499e-b74b-808f97f2d13f,1777991613299976314,0.39421752,7.1599236,6.31765
sensor_accelerometer,0e44c1a2-1013-499e-b74b-808f97f2d13f,1777991613320012043,0.2650051,6.949355,6.470791
sensor_accelerometer,0e44c1a2-1013-499e-b74b-808f97f2d13f,1777991613340019595,0.3894319,6.963712,6.399006
sensor_accelerometer,0e44c1a2-1013-499e-b74b-808f97f2d13f,1777991613360013606,0.40857446,6.982855,6.370292
sensor_accelerometer,0e44c1a2-1013-499e-b74b-808f97f2d13f,1777991613380010272,0.0017946169,6.9972115,6.0975103
sensor_accelerometer,0e44c1a2-1013-499e-b74b-808f97f2d13f,1777991613400052929,0.12143575,6.9732833,6.02094
sensor_accelerometer,0e44c1a2-1013-499e-b74b-808f97f2d13f,1777991613420062512,0.2650051,7.0211396,6.413363
sensor_accelerometer,0e44c1a2-1013-499e-b74b-808f97f2d13f,1777991613440077199,0.37986058,6.9206414,6.489933
sensor_accelerometer,0e44c1a2-1013-499e-b74b-808f97f2d13f,1777991613460084856,0.4564309,6.9062843,6.619146
sensor_accelerometer,0e44c1a2-1013-499e-b74b-808f97f2d13f,1777991613480091054,0.2745764,7.0019975,6.7005014
sensor_accelerometer,0e44c1a2-1013-499e-b74b-808f97f2d13f,1777991613500073449,0.1692922,7.0785675,6.4037914
sensor_accelerometer,0e44c1a2-1013-499e-b74b-808f97f2d13f,1777991613520120377,0.36550367,7.0450683,6.322436
sensor_accelerometer,0e44c1a2-1013-499e-b74b-808f97f2d13f,1777991613540125064,0.41814575,7.016354,6.561718
sensor_accelerometer,0e44c1a2-1013-499e-b74b-808f97f2d13f,1777991613560136158,0.34636107,6.934998,6.6574306
sensor_accelerometer,0e44c1a2-1013-499e-b74b-808f97f2d13f,1777991613580138189,0.24107689,6.9158554,5.829514
sensor_accelerometer,0e44c1a2-1013-499e-b74b-808f97f2d13f,1777991613600160116,0.54317075,6.6855464,5.680561
sensor_accelerometer,0e44c1a2-1013-499e-b74b-808f97f2d13f,1777991613620160845,0.46121657,6.8249283,6.643074
sensor_accelerometer,0e44c1a2-1013-499e-b74b-808f97f2d13f,1777991613640148189,0.3080759,7.1694946,6.8015985
sensor_accelerometer,0e44c1a2-1013-499e-b74b-808f97f2d13f,1777991613660190481,0.24107689,6.963712,5.896513
sensor_accelerometer,0e44c1a2-1013-499e-b74b-808f97f2d13f,1777991613680195689,0.5288138,6.9206414,5.4029937
sensor_accelerometer,0e44c1a2-1013-499e-b74b-808f97f2d13f,1777991613700203970,0.5814559,6.647261,6.140581
sensor_accelerometer,0e44c1a2-1013-499e-b74b-808f97f2d13f,1777991613720205845,0.34636107,6.690332,7.5433736
sensor_accelerometer,0e44c1a2-1013-499e-b74b-808f97f2d13f,1777991613740231158,0.24107689,6.801,8.099107
sensor_accelerometer,0e44c1a2-1013-499e-b74b-808f97f2d13f,1777991613760243710,0.28414768,6.7573314,7.500303
sensor_accelerometer,0e44c1a2-1013-499e-b74b-808f97f2d13f,1777991613780255220,0.39421752,6.5515485,6.9930243
sensor_accelerometer,0e44c1a2-1013-499e-b74b-808f97f2d13f,1777991613800259022,0.48993045,6.422336,6.916454
sensor_accelerometer,0e44c1a2-1013-499e-b74b-808f97f2d13f,1777991613820265897,0.54317075,6.6711893,6.4277196
sensor_accelerometer,0e44c1a2-1013-499e-b74b-808f97f2d13f,1777991613840283970,0.40378883,6.8536425,6.518647
sensor_accelerometer,0e44c1a2-1013-499e-b74b-808f97f2d13f,1777991613860274856,0.4660022,6.5898337,7.2418776
sensor_accelerometer,0e44c1a2-1013-499e-b74b-808f97f2d13f,1777991613880307199,0.70588267,6.431907,7.351948
sensor_accelerometer,0e44c1a2-1013-499e-b74b-808f97f2d13f,1777991613900286054,0.6580262,6.719046,6.7387867
sensor_accelerometer,0e44c1a2-1013-499e-b74b-808f97f2d13f,1777991613920306679,0.3894319,6.728617,6.4612193
sensor_accelerometer,0e44c1a2-1013-499e-b74b-808f97f2d13f,1777991613940302668,0.39421752,6.777072,6.399006
sensor_accelerometer,0e44c1a2-1013-499e-b74b-808f97f2d13f,1777991613960324439,0.5910272,6.7094746,6.604789
sensor_accelerometer,0e44c1a2-1013-499e-b74b-808f97f2d13f,1777991613980325793,0.5138587,6.719046,6.99781
sensor_accelerometer,0e44c1a2-1013-499e-b74b-808f97f2d13f,1777991614000369439,0.5623133,6.6999035,6.940382
sensor_accelerometer,0e44c1a2-1013-499e-b74b-808f97f2d13f,1777991614020361522,0.4851448,6.6568327,6.638288
sensor_accelerometer,0e44c1a2-1013-499e-b74b-808f97f2d13f,1777991614040356783,0.51864433,6.6711893,6.4325056
sensor_accelerometer,0e44c1a2-1013-499e-b74b-808f97f2d13f,1777991614060378033,0.42771706,6.6568327,6.5425754
sensor_accelerometer,0e44c1a2-1013-499e-b74b-808f97f2d13f,1777991614080409387,0.567099,6.767501,6.5521464
sensor_accelerometer,0e44c1a2-1013-499e-b74b-808f97f2d13f,1777991614100402356,0.509073,6.6711893,6.604789
sensor_accelerometer,0e44c1a2-1013-499e-b74b-808f97f2d13f,1777991614120409908,0.4325027,6.6711893,6.638288
sensor_accelerometer,0e44c1a2-1013-499e-b74b-808f97f2d13f,1777991614140441835,0.49950173,6.6855464,6.8685975
sensor_accelerometer,0e44c1a2-1013-499e-b74b-808f97f2d13f,1777991614160466887,0.37986058,6.728617,6.9930243
sensor_accelerometer,0e44c1a2-1013-499e-b74b-808f97f2d13f,1777991614180462564,0.40378883,6.74776,6.792027
sensor_accelerometer,0e44c1a2-1013-499e-b74b-808f97f2d13f,1777991614200475429,0.48035914,6.7334027,6.4755764
sensor_accelerometer,0e44c1a2-1013-499e-b74b-808f97f2d13f,1777991614220472772,0.509073,6.623333,6.5521464
sensor_accelerometer,0e44c1a2-1013-499e-b74b-808f97f2d13f,1777991614240470220,0.43728834,6.6568327,6.8015985
sensor_accelerometer,0e44c1a2-1013-499e-b74b-808f97f2d13f,1777991614260484543,0.35593235,6.652047,6.9355965
sensor_accelerometer,0e44c1a2-1013-499e-b74b-808f97f2d13f,1777991614280484804,0.34157544,6.74776,6.835098
sensor_accelerometer,0e44c1a2-1013-499e-b74b-808f97f2d13f,1777991614300495689,0.4755735,6.728617,6.652645
sensor_accelerometer,0e44c1a2-1013-499e-b74b-808f97f2d13f,1777991614320529179,0.3894319,6.690332,6.5808606
sensor_accelerometer,0e44c1a2-1013-499e-b74b-808f97f2d13f,1777991614340526574,0.45164528,6.652047,6.7537417
sensor_accelerometer,0e44c1a2-1013-499e-b74b-808f97f2d13f,1777991614360535377,0.38464624,6.6759753,6.7872415
sensor_accelerometer,0e44c1a2-1013-499e-b74b-808f97f2d13f,1777991614380550116,0.35593235,6.652047,6.916454
sensor_accelerometer,0e44c1a2-1013-499e-b74b-808f97f2d13f,1777991614400552199,0.3894319,6.7381887,6.6000032
sensor_accelerometer,0e44c1a2-1013-499e-b74b-808f97f2d13f,1777991614420567147,0.45164528,6.74776,6.6622167
sensor_accelerometer,0e44c1a2-1013-499e-b74b-808f97f2d13f,1777991614440576418,0.42771706,6.6855464,6.7148585
sensor_accelerometer,0e44c1a2-1013-499e-b74b-808f97f2d13f,1777991614460589127,0.37986058,6.6759753,6.8398833
sensor_accelerometer,0e44c1a2-1013-499e-b74b-808f97f2d13f,1777991614480593502,0.35593235,6.661618,6.8303123
sensor_accelerometer,0e44c1a2-1013-499e-b74b-808f97f2d13f,1777991614500610897,0.360718,6.6999035,6.734001
sensor_accelerometer,0e44c1a2-1013-499e-b74b-808f97f2d13f,1777991614520620585,0.42771706,6.680761,6.6335025
sensor_accelerometer,0e44c1a2-1013-499e-b74b-808f97f2d13f,1777991614540636574,0.37507495,6.704689,6.6000032
sensor_accelerometer,0e44c1a2-1013-499e-b74b-808f97f2d13f,1777991614560658918,0.39421752,6.666404,6.820741
sensor_accelerometer,0e44c1a2-1013-499e-b74b-808f97f2d13f,1777991614580652772,0.3894319,6.7238317,6.6478596
sensor_accelerometer,0e44c1a2-1013-499e-b74b-808f97f2d13f,1777991614600681262,0.35114673,6.6711893,6.6478596
sensor_accelerometer,0e44c1a2-1013-499e-b74b-808f97f2d13f,1777991614620693814,0.29850462,6.6568327,6.9930243
sensor_accelerometer,0e44c1a2-1013-499e-b74b-808f97f2d13f,1777991614640671002,0.32243285,6.8249283,6.926025
sensor_accelerometer,0e44c1a2-1013-499e-b74b-808f97f2d13f,1777991614660691522,0.4851448,6.791429,6.2554364
sensor_accelerometer,0e44c1a2-1013-499e-b74b-808f97f2d13f,1777991614680720845,0.29850462,6.767501,6.389435
sensor_accelerometer,0e44c1a2-1013-499e-b74b-808f97f2d13f,1777991614700706054,0.4325027,6.6855464,6.806384
sensor_accelerometer,0e44c1a2-1013-499e-b74b-808f97f2d13f,1777991614720714856,0.35593235,6.7094746,6.9738817
sensor_accelerometer,0e44c1a2-1013-499e-b74b-808f97f2d13f,1777991614740721679,0.33200413,6.719046,6.782456
sensor_accelerometer,0e44c1a2-1013-499e-b74b-808f97f2d13f,1777991614760740949,0.28893334,6.680761,6.3655066
sensor_accelerometer,0e44c1a2-1013-499e-b74b-808f97f2d13f,1777991614780752199,0.35593235,6.7238317,6.346364
sensor_accelerometer,0e44c1a2-1013-499e-b74b-808f97f2d13f,1777991614800751835,0.2650051,6.6329045,6.815955
sensor_accelerometer,0e44c1a2-1013-499e-b74b-808f97f2d13f,1777991614820766418,0.31764722,6.695118,7.0504518
sensor_accelerometer,0e44c1a2-1013-499e-b74b-808f97f2d13f,1777991614840774127,0.34636107,6.8105717,6.7633133
sensor_accelerometer,0e44c1a2-1013-499e-b74b-808f97f2d13f,1777991614860810168,0.33200413,6.71426,6.652645
sensor_accelerometer,0e44c1a2-1013-499e-b74b-808f97f2d13f,1777991614880956314,0.3080759,6.7573314,6.604789
sensor_accelerometer,0e44c1a2-1013-499e-b74b-808f97f2d13f,1777991614900995064,0.37507495,6.7573314,6.643074
sensor_accelerometer,0e44c1a2-1013-499e-b74b-808f97f2d13f,1777991614920982564,0.2745764,6.63769,6.859026
sensor_accelerometer,0e44c1a2-1013-499e-b74b-808f97f2d13f,1777991614940992668,0.30329028,6.7525454,6.748956
sensor_accelerometer,0e44c1a2-1013-499e-b74b-808f97f2d13f,1777991614960840533,0.3367898,6.7334027,6.710073
sensor_accelerometer,0e44c1a2-1013-499e-b74b-808f97f2d13f,1777991614980838554,0.26021945,6.7094746,6.719644
sensor_accelerometer,0e44c1a2-1013-499e-b74b-808f97f2d13f,1777991615000854335,0.3367898,6.690332,6.571289
sensor_accelerometer,0e44c1a2-1013-499e-b74b-808f97f2d13f,1777991615020878345,0.34157544,6.728617,6.595217
sensor_accelerometer,0e44c1a2-1013-499e-b74b-808f97f2d13f,1777991615040872043,0.33200413,6.695118,6.61436
sensor_accelerometer,0e44c1a2-1013-499e-b74b-808f97f2d13f,1777991615060898189,0.293719,6.728617,6.6909304
sensor_accelerometer,0e44c1a2-1013-499e-b74b-808f97f2d13f,1777991615080889439,0.24586253,6.7429743,6.8255267
sensor_accelerometer,0e44c1a2-1013-499e-b74b-808f97f2d13f,1777991615100920220,0.33200413,6.71426,6.5904317
sensor_accelerometer,0e44c1a2-1013-499e-b74b-808f97f2d13f,1777991615120926939,0.31286156,6.728617,6.6717877
sensor_accelerometer,0e44c1a2-1013-499e-b74b-808f97f2d13f,1777991615140923970,0.28414768,6.6999035,6.7148585
sensor_accelerometer,0e44c1a2-1013-499e-b74b-808f97f2d13f,1777991615160934127,0.28414768,6.74776,6.719644
sensor_accelerometer,0e44c1a2-1013-499e-b74b-808f97f2d13f,1777991615180941522,0.2745764,6.7381887,6.734001
sensor_accelerometer,0e44c1a2-1013-499e-b74b-808f97f2d13f,1777991615200972877,0.28893334,6.7094746,6.6335025
sensor_accelerometer,0e44c1a2-1013-499e-b74b-808f97f2d13f,1777991615221005949,0.3367898,6.71426,6.710073
sensor_accelerometer,0e44c1a2-1013-499e-b74b-808f97f2d13f,1777991615240992460,0.3080759,6.704689,6.667002
sensor_accelerometer,0e44c1a2-1013-499e-b74b-808f97f2d13f,1777991615261005533,0.293719,6.7429743,6.5425754
sensor_accelerometer,0e44c1a2-1013-499e-b74b-808f97f2d13f,1777991615281013345,0.25064817,6.7381887,6.5090756
sensor_accelerometer,0e44c1a2-1013-499e-b74b-808f97f2d13f,1777991615301020324,0.25064817,6.7094746,6.5904317
sensor_accelerometer,0e44c1a2-1013-499e-b74b-808f97f2d13f,1777991615321044491,0.26021945,6.63769,6.7872415
sensor_accelerometer,0e44c1a2-1013-499e-b74b-808f97f2d13f,1777991615341043762,0.17407785,6.7573314,6.88774
sensor_accelerometer,0e44c1a2-1013-499e-b74b-808f97f2d13f,1777991615361053241,0.40378883,6.901499,6.835098
sensor_accelerometer,0e44c1a2-1013-499e-b74b-808f97f2d13f,1777991615381071054,0.45164528,6.8392854,6.8255267
sensor_accelerometer,0e44c1a2-1013-499e-b74b-808f97f2d13f,1777991615401073502,0.23150559,6.7334027,6.595217
sensor_accelerometer,0e44c1a2-1013-499e-b74b-808f97f2d13f,1777991615421102095,0.09750752,6.8392854,6.6909304
sensor_accelerometer,0e44c1a2-1013-499e-b74b-808f97f2d13f,1777991615441098293,0.25064817,6.777072,6.8925257
sensor_accelerometer,0e44c1a2-1013-499e-b74b-808f97f2d13f,1777991615461112772,0.25543383,6.71426,6.882954
sensor_accelerometer,0e44c1a2-1013-499e-b74b-808f97f2d13f,1777991615481119960,0.27936205,6.7381887,6.571289
sensor_accelerometer,0e44c1a2-1013-499e-b74b-808f97f2d13f,1777991615501136470,0.34157544,6.7429743,6.384649
sensor_accelerometer,0e44c1a2-1013-499e-b74b-808f97f2d13f,1777991615521162252,0.28414768,6.8488564,6.3128643
sensor_accelerometer,0e44c1a2-1013-499e-b74b-808f97f2d13f,1777991615541157408,0.34636107,6.791429,6.628717
sensor_accelerometer,0e44c1a2-1013-499e-b74b-808f97f2d13f,1777991615561161314,0.37986058,6.580262,7.079166
sensor_accelerometer,0e44c1a2-1013-499e-b74b-808f97f2d13f,1777991615581351158,0.20279172,6.7334027,6.792027
sensor_accelerometer,0e44c1a2-1013-499e-b74b-808f97f2d13f,1777991615601322981,0.19322042,6.801,6.3750777
sensor_accelerometer,0e44c1a2-1013-499e-b74b-808f97f2d13f,1777991615621362720,0.29850462,6.8057857,6.518647
sensor_accelerometer,0e44c1a2-1013-499e-b74b-808f97f2d13f,1777991615641371783,0.293719,7.1216383,6.3798633
sensor_accelerometer,0e44c1a2-1013-499e-b74b-808f97f2d13f,1777991615661195116,0.3702893,6.8249283,6.5904317
sensor_accelerometer,0e44c1a2-1013-499e-b74b-808f97f2d13f,1777991615681210272,0.3367898,6.7722864,6.643074
sensor_accelerometer,0e44c1a2-1013-499e-b74b-808f97f2d13f,1777991615701224387,0.4660022,6.690332,6.341578
sensor_accelerometer,0e44c1a2-1013-499e-b74b-808f97f2d13f,1777991615721223814,0.35114673,6.8105717,5.776872
sensor_accelerometer,0e44c1a2-1013-499e-b74b-808f97f2d13f,1777991615741238033,0.28893334,6.9206414,6.3128643
sensor_accelerometer,0e44c1a2-1013-499e-b74b-808f97f2d13f,1777991615761245741,0.50428736,6.7381887,7.117451
sensor_accelerometer,0e44c1a2-1013-499e-b74b-808f97f2d13f,1777991615781254595,0.41814575,6.728617,7.0408807
sensor_accelerometer,0e44c1a2-1013-499e-b74b-808f97f2d13f,1777991615801273085,0.15972091,7.006783,6.50429
sensor_accelerometer,0e44c1a2-1013-499e-b74b-808f97f2d13f,1777991615821282408,0.17407785,6.9972115,6.446862
sensor_accelerometer,0e44c1a2-1013-499e-b74b-808f97f2d13f,1777991615841322199,0.28414768,7.0115685,6.734001
sensor_accelerometer,0e44c1a2-1013-499e-b74b-808f97f2d13f,1777991615861299804,0.34636107,6.8057857,7.007381
sensor_accelerometer,0e44c1a2-1013-499e-b74b-808f97f2d13f,1777991615881317772,0.38464624,6.690332,6.6335025
sensor_accelerometer,0e44c1a2-1013-499e-b74b-808f97f2d13f,1777991615901325012,0.31764722,6.801,5.9060845
sensor_accelerometer,0e44c1a2-1013-499e-b74b-808f97f2d13f,1777991615921336522,0.2650051,7.059425,6.1788664
sensor_accelerometer,0e44c1a2-1013-499e-b74b-808f97f2d13f,1777991615941358918,0.552742,6.829714,6.768099
sensor_accelerometer,0e44c1a2-1013-499e-b74b-808f97f2d13f,1777991615961367616,0.7920243,6.599405,6.4420767
sensor_accelerometer,0e44c1a2-1013-499e-b74b-808f97f2d13f,1777991615981390637,0.030508488,6.8392854,6.547361
sensor_accelerometer,0e44c1a2-1013-499e-b74b-808f97f2d13f,1777991616001392095,0.09272188,6.982855,6.5904317
sensor_accelerometer,0e44c1a2-1013-499e-b74b-808f97f2d13f,1777991616021402616,0.2745764,6.934998,6.667002
sensor_accelerometer,0e44c1a2-1013-499e-b74b-808f97f2d13f,1777991616041416522,0.23629123,6.8488564,6.5569324
sensor_accelerometer,0e44c1a2-1013-499e-b74b-808f97f2d13f,1777991616061431470,0.3272185,6.9062843,6.183652
sensor_accelerometer,0e44c1a2-1013-499e-b74b-808f97f2d13f,1777991616081432408,0.31764722,7.049854,5.786443
sensor_accelerometer,0e44c1a2-1013-499e-b74b-808f97f2d13f,1777991616101435741,0.2745764,7.0115685,5.9156556
sensor_accelerometer,0e44c1a2-1013-499e-b74b-808f97f2d13f,1777991616121451418,0.3080759,7.016354,6.332007
sensor_accelerometer,0e44c1a2-1013-499e-b74b-808f97f2d13f,1777991616141471783,0.116650105,6.901499,6.7968125
sensor_accelerometer,0e44c1a2-1013-499e-b74b-808f97f2d13f,1777991616161472356,0.34157544,6.8727846,6.9786673
sensor_accelerometer,0e44c1a2-1013-499e-b74b-808f97f2d13f,1777991616181485793,0.30329028,6.829714,7.079166
sensor_accelerometer,0e44c1a2-1013-499e-b74b-808f97f2d13f,1777991616201496002,0.12143575,6.882356,6.341578
sensor_accelerometer,0e44c1a2-1013-499e-b74b-808f97f2d13f,1777991616221505689,0.016151553,7.1024957,5.8247285
sensor_accelerometer,0e44c1a2-1013-499e-b74b-808f97f2d13f,1777991616241523554,0.4564309,7.0642104,6.288936
sensor_accelerometer,0e44c1a2-1013-499e-b74b-808f97f2d13f,1777991616261531522,0.41814575,6.982855,7.0025954
sensor_accelerometer,0e44c1a2-1013-499e-b74b-808f97f2d13f,1777991616281557824,0.23150559,6.6424756,7.3136625
sensor_accelerometer,0e44c1a2-1013-499e-b74b-808f97f2d13f,1777991616301537564,0.2745764,6.7722864,6.7872415
sensor_accelerometer,0e44c1a2-1013-499e-b74b-808f97f2d13f,1777991616321584335,0.44685963,6.963712,5.896513
sensor_accelerometer,0e44c1a2-1013-499e-b74b-808f97f2d13f,1777991616341568137,0.40857446,6.982855,6.1070814
sensor_accelerometer,0e44c1a2-1013-499e-b74b-808f97f2d13f,1777991616361606106,0.37507495,6.925427,6.604789
sensor_accelerometer,0e44c1a2-1013-499e-b74b-808f97f2d13f,1777991616381584335,0.4660022,6.801,6.7585278
sensor_accelerometer,0e44c1a2-1013-499e-b74b-808f97f2d13f,1777991616401627512,0.31286156,6.801,6.815955
sensor_accelerometer,0e44c1a2-1013-499e-b74b-808f97f2d13f,1777991616421608606,0.26979074,6.867999,6.183652
sensor_accelerometer,0e44c1a2-1013-499e-b74b-808f97f2d13f,1777991616441642252,0.44685963,6.882356,5.9587264
sensor_accelerometer,0e44c1a2-1013-499e-b74b-808f97f2d13f,1777991616461623293,0.49471608,6.786643,6.743572
sensor_accelerometer,0e44c1a2-1013-499e-b74b-808f97f2d13f,1777991616481661106,0.44685963,6.8536425,7.1413794
sensor_accelerometer,0e44c1a2-1013-499e-b74b-808f97f2d13f,1777991616501645272,0.38464624,7.006783,6.6717877
sensor_accelerometer,0e44c1a2-1013-499e-b74b-808f97f2d13f,1777991616521654908,0.18843478,6.9972115,5.9156556
sensor_accelerometer,0e44c1a2-1013-499e-b74b-808f97f2d13f,1777991616541663658,0.41336012,6.901499,5.94437
sensor_accelerometer,0e44c1a2-1013-499e-b74b-808f97f2d13f,1777991616561707199,0.42771706,6.901499,6.494719
sensor_accelerometer,0e44c1a2-1013-499e-b74b-808f97f2d13f,1777991616581707356,0.37507495,6.767501,7.328019
sensor_accelerometer,0e44c1a2-1013-499e-b74b-808f97f2d13f,1777991616601732616,0.34636107,6.882356,7.6630144
sensor_accelerometer,0e44c1a2-1013-499e-b74b-808f97f2d13f,1777991616621705481,0.38464624,6.844071,6.6622167
sensor_accelerometer,0e44c1a2-1013-499e-b74b-808f97f2d13f,1777991616641720897,0.22671995,6.7429743,5.4699926
sensor_accelerometer,0e44c1a2-1013-499e-b74b-808f97f2d13f,1777991616661727616,0.5288138,6.570691,5.4029937
sensor_accelerometer,0e44c1a2-1013-499e-b74b-808f97f2d13f,1777991616681773606,0.6580262,6.829714,6.863812
sensor_accelerometer,0e44c1a2-1013-499e-b74b-808f97f2d13f,1777991616701763085,0.14057833,6.882356,7.5433736
sensor_accelerometer,0e44c1a2-1013-499e-b74b-808f97f2d13f,1777991616721792512,0.016151553,6.7818575,7.0504518
sensor_accelerometer,0e44c1a2-1013-499e-b74b-808f97f2d13f,1777991616741798189,0.293719,6.925427,6.2315083
sensor_accelerometer,0e44c1a2-1013-499e-b74b-808f97f2d13f,1777991616761790168,0.42771706,6.8775706,6.140581
sensor_accelerometer,0e44c1a2-1013-499e-b74b-808f97f2d13f,1777991616781821314,0.34636107,6.8105717,6.399006
sensor_accelerometer,0e44c1a2-1013-499e-b74b-808f97f2d13f,1777991616801829127,0.53359944,6.9062843,6.695716
sensor_accelerometer,0e44c1a2-1013-499e-b74b-808f97f2d13f,1777991616821814699,0.17407785,6.8105717,7.007381
sensor_accelerometer,0e44c1a2-1013-499e-b74b-808f97f2d13f,1777991616841821991,0.19800608,6.829714,6.9451675
sensor_accelerometer,0e44c1a2-1013-499e-b74b-808f97f2d13f,1777991616861839074,0.24586253,6.8919272,6.5808606
sensor_accelerometer,0e44c1a2-1013-499e-b74b-808f97f2d13f,1777991616881879491,0.3894319,6.829714,6.5569324
sensor_accelerometer,0e44c1a2-1013-499e-b74b-808f97f2d13f,1777991616901862668,0.16450655,6.801,6.1453667
sensor_accelerometer,0e44c1a2-1013-499e-b74b-808f97f2d13f,1777991616921894439,0.31764722,6.5850477,6.140581
sensor_accelerometer,0e44c1a2-1013-499e-b74b-808f97f2d13f,1777991616941871939,0.5623133,6.7525454,6.7728844
sensor_accelerometer,0e44c1a2-1013-499e-b74b-808f97f2d13f,1777991616961888970,0.24107689,6.5611196,7.3567333
sensor_accelerometer,0e44c1a2-1013-499e-b74b-808f97f2d13f,1777991616981898137,-0.06520442,6.8967133,6.6239314
sensor_accelerometer,0e44c1a2-1013-499e-b74b-808f97f2d13f,1777991617001937668,0.31764722,6.829714,6.0687966
sensor_accelerometer,0e44c1a2-1013-499e-b74b-808f97f2d13f,1777991617021948397,0.34157544,6.8392854,5.992226
sensor_accelerometer,0e44c1a2-1013-499e-b74b-808f97f2d13f,1777991617041959543,0.360718,6.7573314,6.9786673
sensor_accelerometer,0e44c1a2-1013-499e-b74b-808f97f2d13f,1777991617061947460,0.4325027,6.858428,7.4715886
sensor_accelerometer,0e44c1a2-1013-499e-b74b-808f97f2d13f,1777991617081977981,0.567099,6.503692,6.77767
sensor_accelerometer,0e44c1a2-1013-499e-b74b-808f97f2d13f,1777991617101975429,0.12622139,6.8249283,6.466005
sensor_accelerometer,0e44c1a2-1013-499e-b74b-808f97f2d13f,1777991617121993658,0.18843478,6.8871417,6.7537417
sensor_accelerometer,0e44c1a2-1013-499e-b74b-808f97f2d13f,1777991617142015116,0.44685963,6.7381887,6.8398833
sensor_accelerometer,0e44c1a2-1013-499e-b74b-808f97f2d13f,1777991617161995689,0.34157544,6.690332,6.5138617
sensor_accelerometer,0e44c1a2-1013-499e-b74b-808f97f2d13f,1777991617182014595,0.4229314,6.858428,6.183652
sensor_accelerometer,0e44c1a2-1013-499e-b74b-808f97f2d13f,1777991617202010012,0.3894319,6.7818575,6.384649
sensor_accelerometer,0e44c1a2-1013-499e-b74b-808f97f2d13f,1777991617222056679,0.31764722,6.7722864,6.5425754
sensor_accelerometer,0e44c1a2-1013-499e-b74b-808f97f2d13f,1777991617242032199,0.48035914,6.680761,6.873383
sensor_accelerometer,0e44c1a2-1013-499e-b74b-808f97f2d13f,1777991617262052720,0.51864433,6.6855464,6.873383
sensor_accelerometer,0e44c1a2-1013-499e-b74b-808f97f2d13f,1777991617282082772,0.4851448,6.74776,6.619146
sensor_accelerometer,0e44c1a2-1013-499e-b74b-808f97f2d13f,1777991617302067356,0.04007978,6.7334027,6.7244296
sensor_accelerometer,0e44c1a2-1013-499e-b74b-808f97f2d13f,1777991617322086470,0.36550367,6.570691,6.9882383
sensor_accelerometer,0e44c1a2-1013-499e-b74b-808f97f2d13f,1777991617342095741,0.3702893,6.8105717,7.0504518
sensor_accelerometer,0e44c1a2-1013-499e-b74b-808f97f2d13f,1777991617362109491,0.3367898,6.9158554,6.274579
sensor_accelerometer,0e44c1a2-1013-499e-b74b-808f97f2d13f,1777991617382125377,0.552742,6.815357,6.2315083
sensor_accelerometer,0e44c1a2-1013-499e-b74b-808f97f2d13f,1777991617402139543,0.41336012,6.7334027,6.5090756
sensor_accelerometer,0e44c1a2-1013-499e-b74b-808f97f2d13f,1777991617422133866,0.2745764,6.767501,6.667002
sensor_accelerometer,0e44c1a2-1013-499e-b74b-808f97f2d13f,1777991617442145272,0.3272185,6.8919272,6.585646
sensor_accelerometer,0e44c1a2-1013-499e-b74b-808f97f2d13f,1777991617462164595,0.16450655,6.570691,6.456434
sensor_accelerometer,0e44c1a2-1013-499e-b74b-808f97f2d13f,1777991617482162512,0.24107689,6.431907,6.873383
sensor_accelerometer,0e44c1a2-1013-499e-b74b-808f97f2d13f,1777991617502188866,0.2219343,7.274779,6.940382
sensor_accelerometer,0e44c1a2-1013-499e-b74b-808f97f2d13f,1777991617522192981,0.054436713,6.8488564,7.194021
sensor_accelerometer,0e44c1a2-1013-499e-b74b-808f97f2d13f,1777991617542199127,0.34157544,6.74776,7.0935225
sensor_accelerometer,0e44c1a2-1013-499e-b74b-808f97f2d13f,1777991617562210897,0.3702893,6.6329045,6.4612193
sensor_accelerometer,0e44c1a2-1013-499e-b74b-808f97f2d13f,1777991617582230897,0.17407785,6.777072,5.729016
sensor_accelerometer,0e44c1a2-1013-499e-b74b-808f97f2d13f,1777991617602238449,0.07836494,7.049854,5.623133
sensor_accelerometer,0e44c1a2-1013-499e-b74b-808f97f2d13f,1777991617622240949,0.17407785,6.7429743,6.3367925
sensor_accelerometer,0e44c1a2-1013-499e-b74b-808f97f2d13f,1777991617642251002,-0.04127619,6.858428,6.820741
sensor_accelerometer,0e44c1a2-1013-499e-b74b-808f97f2d13f,1777991617662257043,0.212363,6.9541407,6.8781686
sensor_accelerometer,0e44c1a2-1013-499e-b74b-808f97f2d13f,1777991617682292356,0.08793623,7.0642104,6.5234327
sensor_accelerometer,0e44c1a2-1013-499e-b74b-808f97f2d13f,1777991617702280481,0.054436713,7.0929246,6.782456
sensor_accelerometer,0e44c1a2-1013-499e-b74b-808f97f2d13f,1777991617722284074,0.360718,7.112067,6.7244296
sensor_accelerometer,0e44c1a2-1013-499e-b74b-808f97f2d13f,1777991617742293397,0.47078785,6.474978,6.768099
sensor_accelerometer,0e44c1a2-1013-499e-b74b-808f97f2d13f,1777991617762314804,0.08315059,6.623333,6.298507
sensor_accelerometer,0e44c1a2-1013-499e-b74b-808f97f2d13f,1777991617782332512,0.13100705,6.9302125,5.729016
sensor_accelerometer,0e44c1a2-1013-499e-b74b-808f97f2d13f,1777991617802361158,-0.036490545,6.934998,5.6757755
sensor_accelerometer,0e44c1a2-1013-499e-b74b-808f97f2d13f,1777991617822337824,0.020937199,6.925427,6.470791
sensor_accelerometer,0e44c1a2-1013-499e-b74b-808f97f2d13f,1777991617842345793,0.2745764,6.9876404,6.9930243
sensor_accelerometer,0e44c1a2-1013-499e-b74b-808f97f2d13f,1777991617862362043,0.4229314,6.7962146,6.815955
sensor_accelerometer,0e44c1a2-1013-499e-b74b-808f97f2d13f,1777991617882393658,0.16450655,6.978069,6.7244296
sensor_accelerometer,0e44c1a2-1013-499e-b74b-808f97f2d13f,1777991617902391158,0.15972091,7.0402822,6.96431
sensor_accelerometer,0e44c1a2-1013-499e-b74b-808f97f2d13f,1777991617922423033,0.293719,6.8871417,6.863812
sensor_accelerometer,0e44c1a2-1013-499e-b74b-808f97f2d13f,1777991617942433397,0.19322042,6.8057857,6.1597238
sensor_accelerometer,0e44c1a2-1013-499e-b74b-808f97f2d13f,1777991617962411002,0.116650105,6.978069,5.776872
sensor_accelerometer,0e44c1a2-1013-499e-b74b-808f97f2d13f,1777991617982447877,0.24586253,7.09771,5.56092
sensor_accelerometer,0e44c1a2-1013-499e-b74b-808f97f2d13f,1777991618002436106,0.2745764,6.925427,5.9970117
sensor_accelerometer,0e44c1a2-1013-499e-b74b-808f97f2d13f,1777991618022444752,0.111864455,6.8105717,6.3367925
sensor_accelerometer,0e44c1a2-1013-499e-b74b-808f97f2d13f,1777991618042486627,0.054436713,6.978069,6.0975103
sensor_accelerometer,0e44c1a2-1013-499e-b74b-808f97f2d13f,1777991618062465272,0.12143575,7.088139,6.140581
sensor_accelerometer,0e44c1a2-1013-499e-b74b-808f97f2d13f,1777991618082501887,0.08315059,6.978069,6.6717877
sensor_accelerometer,0e44c1a2-1013-499e-b74b-808f97f2d13f,1777991618102515533,-0.38584265,7.289136,7.2753773
sensor_accelerometer,0e44c1a2-1013-499e-b74b-808f97f2d13f,1777991618122526262,-0.0077766734,6.9158554,7.160522
sensor_accelerometer,0e44c1a2-1013-499e-b74b-808f97f2d13f,1777991618142538762,-0.098703936,7.274779,6.571289
sensor_accelerometer,0e44c1a2-1013-499e-b74b-808f97f2d13f,1777991618162550429,-0.012562319,7.0354967,6.4085774
sensor_accelerometer,0e44c1a2-1013-499e-b74b-808f97f2d13f,1777991618182556262,0.18843478,6.8967133,6.8781686
sensor_accelerometer,0e44c1a2-1013-499e-b74b-808f97f2d13f,1777991618202551887,0.2745764,6.7381887,7.26102
sensor_accelerometer,0e44c1a2-1013-499e-b74b-808f97f2d13f,1777991618222579074,0.28414768,6.6999035,6.7728844
sensor_accelerometer,0e44c1a2-1013-499e-b74b-808f97f2d13f,1777991618242588293,0.2650051,6.963712,5.6183476
sensor_accelerometer,0e44c1a2-1013-499e-b74b-808f97f2d13f,1777991618262575012,0.23150559,6.9876404,5.3982077
sensor_accelerometer,0e44c1a2-1013-499e-b74b-808f97f2d13f,1777991618282610429,0.14057833,6.963712,5.709873
sensor_accelerometer,0e44c1a2-1013-499e-b74b-808f97f2d13f,1777991618302600116,0.25064817,6.9302125,6.4181485
sensor_accelerometer,0e44c1a2-1013-499e-b74b-808f97f2d13f,1777991618322598866,0.2745764,6.8249283,7.0983086
sensor_accelerometer,0e44c1a2-1013-499e-b74b-808f97f2d13f,1777991618342639127,0.40378883,6.777072,7.2083783
sensor_accelerometer,0e44c1a2-1013-499e-b74b-808f97f2d13f,1777991618362622929,0.34636107,6.939784,6.897311
sensor_accelerometer,0e44c1a2-1013-499e-b74b-808f97f2d13f,1777991618382632564,0.51864433,6.867999,6.4612193
sensor_accelerometer,0e44c1a2-1013-499e-b74b-808f97f2d13f,1777991618402655897,0.6053841,6.8727846,6.3511496
sensor_accelerometer,0e44c1a2-1013-499e-b74b-808f97f2d13f,1777991618422655949,0.47078785,6.666404,6.494719
sensor_accelerometer,0e44c1a2-1013-499e-b74b-808f97f2d13f,1777991618442697981,0.49471608,6.5898337,6.250651
sensor_accelerometer,0e44c1a2-1013-499e-b74b-808f97f2d13f,1777991618462675012,0.1692922,6.992426,6.3128643
sensor_accelerometer,0e44c1a2-1013-499e-b74b-808f97f2d13f,1777991618482710377,0.13579269,6.8775706,6.7148585
sensor_accelerometer,0e44c1a2-1013-499e-b74b-808f97f2d13f,1777991618502703449,0.4564309,6.8488564,6.9738817
sensor_accelerometer,0e44c1a2-1013-499e-b74b-808f97f2d13f,1777991618522705481,0.6197411,6.4414787,6.595217
sensor_accelerometer,0e44c1a2-1013-499e-b74b-808f97f2d13f,1777991618542744074,0.23629123,6.9445696,6.50429
sensor_accelerometer,0e44c1a2-1013-499e-b74b-808f97f2d13f,1777991618562758085,0.31764722,6.9206414,6.5138617
sensor_accelerometer,0e44c1a2-1013-499e-b74b-808f97f2d13f,1777991618582741106,0.46121657,6.829714,6.9020967
sensor_accelerometer,0e44c1a2-1013-499e-b74b-808f97f2d13f,1777991618602746731,0.35114673,6.7722864,6.815955
sensor_accelerometer,0e44c1a2-1013-499e-b74b-808f97f2d13f,1777991618622768293,0.36550367,6.71426,6.595217
sensor_accelerometer,0e44c1a2-1013-499e-b74b-808f97f2d13f,1777991618642775897,0.41336012,6.8345,6.2697935
sensor_accelerometer,0e44c1a2-1013-499e-b74b-808f97f2d13f,1777991618662781783,0.360718,6.74776,6.3607206
sensor_accelerometer,0e44c1a2-1013-499e-b74b-808f97f2d13f,1777991618682821366,0.3272185,6.8201427,6.638288
sensor_accelerometer,0e44c1a2-1013-499e-b74b-808f97f2d13f,1777991618702796939,0.41336012,6.74776,6.7005014
sensor_accelerometer,0e44c1a2-1013-499e-b74b-808f97f2d13f,1777991618722825949,0.35593235,6.829714,6.6717877
sensor_accelerometer,0e44c1a2-1013-499e-b74b-808f97f2d13f,1777991618742830481,0.41814575,6.7722864,6.643074
sensor_accelerometer,0e44c1a2-1013-499e-b74b-808f97f2d13f,1777991618762847252,0.35114673,6.8057857,6.518647
sensor_accelerometer,0e44c1a2-1013-499e-b74b-808f97f2d13f,1777991618782854752,0.3702893,6.8727846,6.7387867
sensor_accelerometer,0e44c1a2-1013-499e-b74b-808f97f2d13f,1777991618802884491,0.4229314,6.786643,6.748956
sensor_accelerometer,0e44c1a2-1013-499e-b74b-808f97f2d13f,1777991618822873762,0.37507495,6.767501,6.8015985
sensor_accelerometer,0e44c1a2-1013-499e-b74b-808f97f2d13f,1777991618842878814,0.293719,6.8392854,6.5665035
sensor_accelerometer,0e44c1a2-1013-499e-b74b-808f97f2d13f,1777991618862887199,0.41814575,6.8105717,6.355935
sensor_accelerometer,0e44c1a2-1013-499e-b74b-808f97f2d13f,1777991618882897877,0.39900318,6.8871417,6.399006
sensor_accelerometer,0e44c1a2-1013-499e-b74b-808f97f2d13f,1777991618902921106,0.30329028,6.7525454,6.494719
sensor_accelerometer,0e44c1a2-1013-499e-b74b-808f97f2d13f,1777991618922926314,0.43728834,6.867999,6.768099
sensor_accelerometer,0e44c1a2-1013-499e-b74b-808f97f2d13f,1777991618942931470,0.5479564,6.728617,6.7005014
sensor_accelerometer,0e44c1a2-1013-499e-b74b-808f97f2d13f,1777991618962945377,0.36550367,6.7722864,6.6000032
sensor_accelerometer,0e44c1a2-1013-499e-b74b-808f97f2d13f,1777991618982968866,0.3894319,6.719046,6.6909304
sensor_accelerometer,0e44c1a2-1013-499e-b74b-808f97f2d13f,1777991619002976627,0.44685963,6.8392854,6.5760746
sensor_accelerometer,0e44c1a2-1013-499e-b74b-808f97f2d13f,1777991619022978449,0.3272185,6.8488564,6.5090756
sensor_accelerometer,0e44c1a2-1013-499e-b74b-808f97f2d13f,1777991619043011731,0.41814575,6.762715,6.571289
sensor_accelerometer,0e44c1a2-1013-499e-b74b-808f97f2d13f,1777991619062991887,0.37986058,6.74776,6.695716
sensor_accelerometer,0e44c1a2-1013-499e-b74b-808f97f2d13f,1777991619083004074,0.4229314,6.71426,6.7633133
sensor_accelerometer,0e44c1a2-1013-499e-b74b-808f97f2d13f,1777991619103036939,0.3894319,6.858428,6.6574306
sensor_accelerometer,0e44c1a2-1013-499e-b74b-808f97f2d13f,1777991619123021470,0.4660022,6.844071,6.5665035
sensor_accelerometer,0e44c1a2-1013-499e-b74b-808f97f2d13f,1777991619143048137,0.43728834,6.7525454,6.5760746
sensor_accelerometer,0e44c1a2-1013-499e-b74b-808f97f2d13f,1777991619163037512,0.34636107,6.7429743,6.6478596
sensor_accelerometer,0e44c1a2-1013-499e-b74b-808f97f2d13f,1777991619183049179,0.4325027,6.7334027,6.5665035
sensor_accelerometer,0e44c1a2-1013-499e-b74b-808f97f2d13f,1777991619203073033,0.34636107,6.728617,6.494719
sensor_accelerometer,0e44c1a2-1013-499e-b74b-808f97f2d13f,1777991619223076939,0.36550367,6.8488564,6.533004
sensor_accelerometer,0e44c1a2-1013-499e-b74b-808f97f2d13f,1777991619243079335,0.4229314,6.777072,6.652645
sensor_accelerometer,0e44c1a2-1013-499e-b74b-808f97f2d13f,1777991619263100845,0.44207397,6.7573314,6.969096
sensor_accelerometer,0e44c1a2-1013-499e-b74b-808f97f2d13f,1777991619283134908,0.4564309,6.680761,6.873383
sensor_accelerometer,0e44c1a2-1013-499e-b74b-808f97f2d13f,1777991619303111522,0.39421752,6.8392854,6.7005014
sensor_accelerometer,0e44c1a2-1013-499e-b74b-808f97f2d13f,1777991619323151262,0.2650051,6.791429,6.604789
sensor_accelerometer,0e44c1a2-1013-499e-b74b-808f97f2d13f,1777991619343145741,0.42771706,6.762715,6.6765733
sensor_accelerometer,0e44c1a2-1013-499e-b74b-808f97f2d13f,1777991619363148449,0.4325027,6.6999035,6.547361
sensor_accelerometer,0e44c1a2-1013-499e-b74b-808f97f2d13f,1777991619383185429,0.40857446,6.690332,6.4325056
sensor_accelerometer,0e44c1a2-1013-499e-b74b-808f97f2d13f,1777991619403169804,0.3702893,6.777072,6.571289
sensor_accelerometer,0e44c1a2-1013-499e-b74b-808f97f2d13f,1777991619423183866,0.4229314,6.791429,6.77767
sensor_accelerometer,0e44c1a2-1013-499e-b74b-808f97f2d13f,1777991619443220585,0.3702893,6.786643,6.743572
sensor_accelerometer,0e44c1a2-1013-499e-b74b-808f97f2d13f,1777991619463202356,0.44685963,6.7818575,6.628717
sensor_accelerometer,0e44c1a2-1013-499e-b74b-808f97f2d13f,1777991619483365793,0.39900318,6.767501,6.695716
sensor_accelerometer,0e44c1a2-1013-499e-b74b-808f97f2d13f,1777991619503378658,0.38464624,6.8057857,6.710073
sensor_accelerometer,0e44c1a2-1013-499e-b74b-808f97f2d13f,1777991619523386887,0.30329028,6.801,6.585646
sensor_accelerometer,0e44c1a2-1013-499e-b74b-808f97f2d13f,1777991619543239647,0.46121657,6.7525454,6.638288
sensor_accelerometer,0e44c1a2-1013-499e-b74b-808f97f2d13f,1777991619563240064,0.41336012,6.7525454,6.480362
sensor_accelerometer,0e44c1a2-1013-499e-b74b-808f97f2d13f,1777991619583247199,0.40857446,6.762715,6.547361
sensor_accelerometer,0e44c1a2-1013-499e-b74b-808f97f2d13f,1777991619603267877,0.36550367,6.7334027,6.638288
sensor_accelerometer,0e44c1a2-1013-499e-b74b-808f97f2d13f,1777991619623274699,0.32243285,6.8057857,6.7148585
sensor_accelerometer,0e44c1a2-1013-499e-b74b-808f97f2d13f,1777991619643284752,0.44207397,6.7722864,6.5569324
sensor_accelerometer,0e44c1a2-1013-499e-b74b-808f97f2d13f,1777991619663289491,0.35593235,6.7962146,6.595217
sensor_accelerometer,0e44c1a2-1013-499e-b74b-808f97f2d13f,1777991619683335585,0.38464624,6.786643,6.743572
sensor_accelerometer,0e44c1a2-1013-499e-b74b-808f97f2d13f,1777991619703320533,0.3894319,6.801,6.7872415
sensor_accelerometer,0e44c1a2-1013-499e-b74b-808f97f2d13f,1777991619723328762,0.41336012,6.8392854,6.643074
sensor_accelerometer,0e44c1a2-1013-499e-b74b-808f97f2d13f,1777991619743337772,0.38464624,6.7722864,6.595217
sensor_accelerometer,0e44c1a2-1013-499e-b74b-808f97f2d13f,1777991619763347668,0.41814575,6.801,6.5425754
sensor_accelerometer,0e44c1a2-1013-499e-b74b-808f97f2d13f,1777991619783354387,0.31286156,6.8201427,6.518647
sensor_accelerometer,0e44c1a2-1013-499e-b74b-808f97f2d13f,1777991619803399127,0.3702893,6.7525454,6.5090756
sensor_accelerometer,0e44c1a2-1013-499e-b74b-808f97f2d13f,1777991619823399908,0.36550367,6.7525454,6.5425754
sensor_accelerometer,0e44c1a2-1013-499e-b74b-808f97f2d13f,1777991619843409752,0.34636107,6.7722864,6.768099
sensor_accelerometer,0e44c1a2-1013-499e-b74b-808f97f2d13f,1777991619863418606,0.47078785,6.791429,6.743572
sensor_accelerometer,0e44c1a2-1013-499e-b74b-808f97f2d13f,1777991619883421731,0.37507495,6.8105717,6.571289
sensor_accelerometer,0e44c1a2-1013-499e-b74b-808f97f2d13f,1777991619903432877,0.40857446,6.7818575,6.628717
sensor_accelerometer,0e44c1a2-1013-499e-b74b-808f97f2d13f,1777991619923457199,0.37507495,6.8201427,6.6717877
sensor_accelerometer,0e44c1a2-1013-499e-b74b-808f97f2d13f,1777991619943463397,0.3894319,6.7381887,6.686145
sensor_accelerometer,0e44c1a2-1013-499e-b74b-808f97f2d13f,1777991619963467199,0.3272185,6.767501,6.638288
sensor_accelerometer,0e44c1a2-1013-499e-b74b-808f97f2d13f,1777991619983476991,0.41336012,6.7818575,6.53779
sensor_accelerometer,0e44c1a2-1013-499e-b74b-808f97f2d13f,1777991620003488762,0.40857446,6.815357,6.4181485
sensor_accelerometer,0e44c1a2-1013-499e-b74b-808f97f2d13f,1777991620023508449,0.34157544,6.7381887,6.5760746
sensor_accelerometer,0e44c1a2-1013-499e-b74b-808f97f2d13f,1777991620043513866,0.34636107,6.7818575,6.8015985
sensor_accelerometer,0e44c1a2-1013-499e-b74b-808f97f2d13f,1777991620063523137,0.38464624,6.74776,6.710073
sensor_accelerometer,0e44c1a2-1013-499e-b74b-808f97f2d13f,1777991620083532564,0.35114673,6.791429,6.571289
sensor_accelerometer,0e44c1a2-1013-499e-b74b-808f97f2d13f,1777991620103550220,0.40378883,6.786643,6.681359
sensor_accelerometer,0e44c1a2-1013-499e-b74b-808f97f2d13f,1777991620123545324,0.3272185,6.7722864,6.652645
sensor_accelerometer,0e44c1a2-1013-499e-b74b-808f97f2d13f,1777991620143560637,0.33200413,6.7238317,6.6478596
sensor_accelerometer,0e44c1a2-1013-499e-b74b-808f97f2d13f,1777991620163580845,0.3367898,6.728617,6.5569324
sensor_accelerometer,0e44c1a2-1013-499e-b74b-808f97f2d13f,1777991620183606002,0.33200413,6.7238317,6.643074
sensor_accelerometer,0e44c1a2-1013-499e-b74b-808f97f2d13f,1777991620203590324,0.31764722,6.7334027,6.7005014
sensor_accelerometer,0e44c1a2-1013-499e-b74b-808f97f2d13f,1777991620223602304,0.3367898,6.7094746,6.77767
sensor_accelerometer,0e44c1a2-1013-499e-b74b-808f97f2d13f,1777991620243615220,0.2650051,6.704689,6.9451675
sensor_accelerometer,0e44c1a2-1013-499e-b74b-808f97f2d13f,1777991620263632199,0.20757736,6.74776,6.9499536
sensor_accelerometer,0e44c1a2-1013-499e-b74b-808f97f2d13f,1777991620283809595,0.34157544,6.8201427,6.8398833
sensor_accelerometer,0e44c1a2-1013-499e-b74b-808f97f2d13f,1777991620303797199,0.3702893,6.7334027,6.6095743
sensor_accelerometer,0e44c1a2-1013-499e-b74b-808f97f2d13f,1777991620323812252,0.37986058,6.786643,6.5425754
sensor_accelerometer,0e44c1a2-1013-499e-b74b-808f97f2d13f,1777991620343823554,0.34636107,6.647261,6.604789
sensor_accelerometer,0e44c1a2-1013-499e-b74b-808f97f2d13f,1777991620363660429,0.31286156,6.666404,6.7148585
sensor_accelerometer,0e44c1a2-1013-499e-b74b-808f97f2d13f,1777991620383669127,0.39421752,6.777072,6.6000032
sensor_accelerometer,0e44c1a2-1013-499e-b74b-808f97f2d13f,1777991620403682356,0.34636107,6.719046,6.4085774
sensor_accelerometer,0e44c1a2-1013-499e-b74b-808f97f2d13f,1777991620423693658,0.27936205,6.63769,6.4612193
sensor_accelerometer,0e44c1a2-1013-499e-b74b-808f97f2d13f,1777991620443718918,0.34157544,6.647261,6.686145
sensor_accelerometer,0e44c1a2-1013-499e-b74b-808f97f2d13f,1777991620463718502,0.2745764,6.695118,6.7968125
sensor_accelerometer,0e44c1a2-1013-499e-b74b-808f97f2d13f,1777991620483720377,0.3702893,6.666404,6.96431
sensor_accelerometer,0e44c1a2-1013-499e-b74b-808f97f2d13f,1777991620503734283,0.35593235,6.7238317,7.0408807
sensor_accelerometer,0e44c1a2-1013-499e-b74b-808f97f2d13f,1777991620523741210,0.41814575,6.6281185,6.792027
sensor_accelerometer,0e44c1a2-1013-499e-b74b-808f97f2d13f,1777991620543757460,0.31764722,6.728617,6.6239314
sensor_accelerometer,0e44c1a2-1013-499e-b74b-808f97f2d13f,1777991620563772356,0.23629123,6.777072,6.5569324
sensor_accelerometer,0e44c1a2-1013-499e-b74b-808f97f2d13f,1777991620583777304,0.39900318,6.666404,6.792027
sensor_accelerometer,0e44c1a2-1013-499e-b74b-808f97f2d13f,1777991620603786366,0.2650051,6.623333,6.792027
sensor_accelerometer,0e44c1a2-1013-499e-b74b-808f97f2d13f,1777991620623828502,0.3272185,6.6759753,6.5760746
sensor_accelerometer,0e44c1a2-1013-499e-b74b-808f97f2d13f,1777991620643825897,0.42771706,6.7525454,6.480362
sensor_accelerometer,0e44c1a2-1013-499e-b74b-808f97f2d13f,1777991620663838970,0.3702893,6.74776,6.61436
sensor_accelerometer,0e44c1a2-1013-499e-b74b-808f97f2d13f,1777991620683849231,0.34636107,6.690332,6.77767
sensor_accelerometer,0e44c1a2-1013-499e-b74b-808f97f2d13f,1777991620703862772,0.31764722,6.690332,6.8685975
sensor_accelerometer,0e44c1a2-1013-499e-b74b-808f97f2d13f,1777991620723866522,0.35593235,6.74776,6.743572
sensor_accelerometer,0e44c1a2-1013-499e-b74b-808f97f2d13f,1777991620743885116,0.31764722,6.7094746,6.7005014
sensor_accelerometer,0e44c1a2-1013-499e-b74b-808f97f2d13f,1777991620763888189,0.29850462,6.767501,6.7872415
sensor_accelerometer,0e44c1a2-1013-499e-b74b-808f97f2d13f,1777991620783899752,0.40857446,6.6759753,6.8111696
sensor_accelerometer,0e44c1a2-1013-499e-b74b-808f97f2d13f,1777991620803913189,0.3272185,6.695118,6.5904317
sensor_accelerometer,0e44c1a2-1013-499e-b74b-808f97f2d13f,1777991620823931314,0.2745764,6.704689,6.494719
sensor_accelerometer,0e44c1a2-1013-499e-b74b-808f97f2d13f,1777991620843938449,0.36550367,6.7094746,6.6622167
sensor_accelerometer,0e44c1a2-1013-499e-b74b-808f97f2d13f,1777991620863943345,0.40857446,6.690332,6.820741
sensor_accelerometer,0e44c1a2-1013-499e-b74b-808f97f2d13f,1777991620883950272,0.3367898,6.7238317,6.8303123
sensor_accelerometer,0e44c1a2-1013-499e-b74b-808f97f2d13f,1777991620903968762,0.293719,6.74776,6.8015985
sensor_accelerometer,0e44c1a2-1013-499e-b74b-808f97f2d13f,1777991620923989387,0.360718,6.7381887,6.7633133
sensor_accelerometer,0e44c1a2-1013-499e-b74b-808f97f2d13f,1777991620943975377,0.39900318,6.728617,6.6765733
sensor_accelerometer,0e44c1a2-1013-499e-b74b-808f97f2d13f,1777991620963981991,0.23629123,6.695118,6.652645
sensor_accelerometer,0e44c1a2-1013-499e-b74b-808f97f2d13f,1777991620983999231,0.39421752,6.7238317,6.5425754
sensor_accelerometer,0e44c1a2-1013-499e-b74b-808f97f2d13f,1777991621004014127,0.360718,6.74776,6.446862
sensor_accelerometer,0e44c1a2-1013-499e-b74b-808f97f2d13f,1777991621024019647,0.32243285,6.7525454,6.5904317
sensor_accelerometer,0e44c1a2-1013-499e-b74b-808f97f2d13f,1777991621044050429,0.3272185,6.74776,6.734001
sensor_accelerometer,0e44c1a2-1013-499e-b74b-808f97f2d13f,1777991621064042824,0.28893334,6.74776,6.77767
sensor_accelerometer,0e44c1a2-1013-499e-b74b-808f97f2d13f,1777991621084075272,0.35593235,6.7818575,6.6574306
sensor_accelerometer,0e44c1a2-1013-499e-b74b-808f97f2d13f,1777991621104065793,0.35593235,6.7722864,6.628717
sensor_accelerometer,0e44c1a2-1013-499e-b74b-808f97f2d13f,1777991621124072460,0.37986058,6.6999035,6.686145
sensor_accelerometer,0e44c1a2-1013-499e-b74b-808f97f2d13f,1777991621144077720,0.32243285,6.666404,6.686145
sensor_accelerometer,0e44c1a2-1013-499e-b74b-808f97f2d13f,1777991621164105897,0.34157544,6.7525454,6.6909304
sensor_accelerometer,0e44c1a2-1013-499e-b74b-808f97f2d13f,1777991621184098449,0.31286156,6.7818575,6.585646
sensor_accelerometer,0e44c1a2-1013-499e-b74b-808f97f2d13f,1777991621204113762,0.3080759,6.7381887,6.4995046
sensor_accelerometer,0e44c1a2-1013-499e-b74b-808f97f2d13f,1777991621224131158,0.33200413,6.6424756,6.595217
sensor_accelerometer,0e44c1a2-1013-499e-b74b-808f97f2d13f,1777991621244126887,0.47078785,6.5946193,6.7585278
sensor_accelerometer,0e44c1a2-1013-499e-b74b-808f97f2d13f,1777991621264149335,0.4325027,6.690332,6.8111696
sensor_accelerometer,0e44c1a2-1013-499e-b74b-808f97f2d13f,1777991621284170949,0.36550367,6.8392854,6.61436
sensor_accelerometer,0e44c1a2-1013-499e-b74b-808f97f2d13f,1777991621304171991,0.28414768,6.7381887,6.782456
sensor_accelerometer,0e44c1a2-1013-499e-b74b-808f97f2d13f,1777991621324178449,0.1692922,6.690332,7.1892357
sensor_accelerometer,0e44c1a2-1013-499e-b74b-808f97f2d13f,1777991621344203189,0.28414768,6.661618,6.906883
sensor_accelerometer,0e44c1a2-1013-499e-b74b-808f97f2d13f,1777991621364192199,0.34636107,6.767501,6.5808606
sensor_accelerometer,0e44c1a2-1013-499e-b74b-808f97f2d13f,1777991621384237252,0.31764722,6.8201427,6.494719
sensor_accelerometer,0e44c1a2-1013-499e-b74b-808f97f2d13f,1777991621404229647,0.2745764,6.7818575,6.470791
sensor_accelerometer,0e44c1a2-1013-499e-b74b-808f97f2d13f,1777991621424225533,0.28414768,6.791429,6.4085774
sensor_accelerometer,0e44c1a2-1013-499e-b74b-808f97f2d13f,1777991621444236314,0.23150559,6.815357,6.628717
sensor_accelerometer,0e44c1a2-1013-499e-b74b-808f97f2d13f,1777991621464256835,0.22671995,6.719046,6.7537417
sensor_accelerometer,0e44c1a2-1013-499e-b74b-808f97f2d13f,1777991621484290064,0.20279172,6.7094746,6.4181485
sensor_accelerometer,0e44c1a2-1013-499e-b74b-808f97f2d13f,1777991621504280481,0.05922236,6.7334027,6.50429
sensor_accelerometer,0e44c1a2-1013-499e-b74b-808f97f2d13f,1777991621524284804,0.14536397,6.815357,6.7872415
sensor_accelerometer,0e44c1a2-1013-499e-b74b-808f97f2d13f,1777991621544291939,0.064008005,6.8967133,6.667002
sensor_accelerometer,0e44c1a2-1013-499e-b74b-808f97f2d13f,1777991621564324543,0.22671995,6.858428,6.4420767
sensor_accelerometer,0e44c1a2-1013-499e-b74b-808f97f2d13f,1777991621584310012,0.0735793,6.978069,6.6239314
sensor_accelerometer,0e44c1a2-1013-499e-b74b-808f97f2d13f,1777991621604323033,0.15493527,6.8201427,6.681359
sensor_accelerometer,0e44c1a2-1013-499e-b74b-808f97f2d13f,1777991621624329231,0.08315059,6.7525454,6.719644
sensor_accelerometer,0e44c1a2-1013-499e-b74b-808f97f2d13f,1777991621644359752,0.05922236,6.8967133,6.355935
sensor_accelerometer,0e44c1a2-1013-499e-b74b-808f97f2d13f,1777991621664356731,0.030508488,6.8201427,6.494719
sensor_accelerometer,0e44c1a2-1013-499e-b74b-808f97f2d13f,1777991621684387772,0.1788635,6.9062843,6.6717877
sensor_accelerometer,0e44c1a2-1013-499e-b74b-808f97f2d13f,1777991621704382877,0.19322042,6.8727846,6.6335025
sensor_accelerometer,0e44c1a2-1013-499e-b74b-808f97f2d13f,1777991621724416314,0.23629123,6.666404,6.7005014
sensor_accelerometer,0e44c1a2-1013-499e-b74b-808f97f2d13f,1777991621744389022,0.05922236,6.6999035,6.6909304
sensor_accelerometer,0e44c1a2-1013-499e-b74b-808f97f2d13f,1777991621764426731,0.13100705,6.8727846,6.389435
sensor_accelerometer,0e44c1a2-1013-499e-b74b-808f97f2d13f,1777991621784410845,0.23150559,6.8632135,6.1597238
sensor_accelerometer,0e44c1a2-1013-499e-b74b-808f97f2d13f,1777991621804429179,0.17407785,6.7429743,5.9204416
sensor_accelerometer,0e44c1a2-1013-499e-b74b-808f97f2d13f,1777991621824436106,0.13100705,6.8775706,6.7005014
sensor_accelerometer,0e44c1a2-1013-499e-b74b-808f97f2d13f,1777991621844474179,0.15972091,6.925427,7.088737
sensor_accelerometer,0e44c1a2-1013-499e-b74b-808f97f2d13f,1777991621864458502,0.24107689,6.815357,6.9930243
sensor_accelerometer,0e44c1a2-1013-499e-b74b-808f97f2d13f,1777991621884479231,0.10229317,6.901499,6.7005014
sensor_accelerometer,0e44c1a2-1013-499e-b74b-808f97f2d13f,1777991621904478085,0.25543383,6.9541407,6.695716
sensor_accelerometer,0e44c1a2-1013-499e-b74b-808f97f2d13f,1777991621924514127,0.3367898,6.719046,6.628717
sensor_accelerometer,0e44c1a2-1013-499e-b74b-808f97f2d13f,1777991621944515793,0.1788635,6.7334027,6.3942204
sensor_accelerometer,0e44c1a2-1013-499e-b74b-808f97f2d13f,1777991621964541158,0.13579269,6.7722864,6.3367925
sensor_accelerometer,0e44c1a2-1013-499e-b74b-808f97f2d13f,1777991621984547512,0.16450655,6.8345,6.341578
sensor_accelerometer,0e44c1a2-1013-499e-b74b-808f97f2d13f,1777991622004544856,0.25543383,6.9206414,6.4995046
sensor_accelerometer,0e44c1a2-1013-499e-b74b-808f97f2d13f,1777991622024544022,0.23629123,6.844071,6.595217
sensor_accelerometer,0e44c1a2-1013-499e-b74b-808f97f2d13f,1777991622044555168,0.26021945,6.882356,6.695716
sensor_accelerometer,0e44c1a2-1013-499e-b74b-808f97f2d13f,1777991622064578814,0.22671995,6.8871417,6.7633133
sensor_accelerometer,0e44c1a2-1013-499e-b74b-808f97f2d13f,1777991622084602668,0.27936205,6.8345,6.6478596
sensor_accelerometer,0e44c1a2-1013-499e-b74b-808f97f2d13f,1777991622104588293,0.293719,6.858428,6.3607206
sensor_accelerometer,0e44c1a2-1013-499e-b74b-808f97f2d13f,1777991622124605220,0.31286156,6.786643,6.422934
sensor_accelerometer,0e44c1a2-1013-499e-b74b-808f97f2d13f,1777991622144614908,0.293719,6.829714,6.710073
sensor_accelerometer,0e44c1a2-1013-499e-b74b-808f97f2d13f,1777991622164620533,0.26979074,6.777072,6.6909304
sensor_accelerometer,0e44c1a2-1013-499e-b74b-808f97f2d13f,1777991622184632199,0.31764722,6.777072,6.547361
sensor_accelerometer,0e44c1a2-1013-499e-b74b-808f97f2d13f,1777991622204650897,0.31286156,6.8536425,6.451648
sensor_accelerometer,0e44c1a2-1013-499e-b74b-808f97f2d13f,1777991622224655585,0.44207397,6.7525454,6.518647
sensor_accelerometer,0e44c1a2-1013-499e-b74b-808f97f2d13f,1777991622244682512,0.36550367,6.791429,6.466005
sensor_accelerometer,0e44c1a2-1013-499e-b74b-808f97f2d13f,1777991622264674908,0.46121657,6.6711893,6.2267227
sensor_accelerometer,0e44c1a2-1013-499e-b74b-808f97f2d13f,1777991622284682199,0.22671995,6.858428,6.734001
sensor_accelerometer,0e44c1a2-1013-499e-b74b-808f97f2d13f,1777991622304697668,0.30329028,6.7429743,6.99781
sensor_accelerometer,0e44c1a2-1013-499e-b74b-808f97f2d13f,1777991622324709387,0.45164528,6.858428,7.0839515
sensor_accelerometer,0e44c1a2-1013-499e-b74b-808f97f2d13f,1777991622344712877,0.39900318,6.5371914,6.585646
sensor_accelerometer,0e44c1a2-1013-499e-b74b-808f97f2d13f,1777991622364726210,0.2650051,6.8871417,6.5282183
sensor_accelerometer,0e44c1a2-1013-499e-b74b-808f97f2d13f,1777991622384733606,0.21714866,6.829714,6.6574306
sensor_accelerometer,0e44c1a2-1013-499e-b74b-808f97f2d13f,1777991622404750220,0.31286156,6.858428,6.7292156
sensor_accelerometer,0e44c1a2-1013-499e-b74b-808f97f2d13f,1777991622424757877,0.30329028,6.661618,6.7244296
sensor_accelerometer,0e44c1a2-1013-499e-b74b-808f97f2d13f,1777991622444772668,0.34157544,6.695118,6.5425754
sensor_accelerometer,0e44c1a2-1013-499e-b74b-808f97f2d13f,1777991622464777147,0.25543383,6.7381887,6.480362
sensor_accelerometer,0e44c1a2-1013-499e-b74b-808f97f2d13f,1777991622484787460,0.32243285,6.815357,6.561718
sensor_accelerometer,0e44c1a2-1013-499e-b74b-808f97f2d13f,1777991622504805845,0.32243285,6.8345,6.6765733
sensor_accelerometer,0e44c1a2-1013-499e-b74b-808f97f2d13f,1777991622524802199,0.24586253,6.74776,6.7872415
sensor_accelerometer,0e44c1a2-1013-499e-b74b-808f97f2d13f,1777991622544815845,0.26979074,6.8345,6.480362
sensor_accelerometer,0e44c1a2-1013-499e-b74b-808f97f2d13f,1777991622564828606,0.44685963,6.541977,5.8821564
sensor_accelerometer,0e44c1a2-1013-499e-b74b-808f97f2d13f,1777991622584832877,0.04007978,6.934998,6.4325056
sensor_accelerometer,0e44c1a2-1013-499e-b74b-808f97f2d13f,1777991622604851106,0.25543383,6.7818575,7.3663044
sensor_accelerometer,0e44c1a2-1013-499e-b74b-808f97f2d13f,1777991622624858293,0.2745764,6.9158554,7.2179494
sensor_accelerometer,0e44c1a2-1013-499e-b74b-808f97f2d13f,1777991622644898554,0.37507495,6.532406,6.322436
sensor_accelerometer,0e44c1a2-1013-499e-b74b-808f97f2d13f,1777991622664875533,0.26979074,6.91107,6.389435
sensor_accelerometer,0e44c1a2-1013-499e-b74b-808f97f2d13f,1777991622684891522,0.12622139,6.925427,6.954739
sensor_accelerometer,0e44c1a2-1013-499e-b74b-808f97f2d13f,1777991622704904647,0.29850462,6.623333,7.2897344
sensor_accelerometer,0e44c1a2-1013-499e-b74b-808f97f2d13f,1777991622724906418,0.32243285,6.6329045,6.695716
sensor_accelerometer,0e44c1a2-1013-499e-b74b-808f97f2d13f,1777991622744929283,0.4229314,6.4845495,5.9730835
sensor_accelerometer,0e44c1a2-1013-499e-b74b-808f97f2d13f,1777991622764951574,0.09750752,7.126424,6.3272214
sensor_accelerometer,0e44c1a2-1013-499e-b74b-808f97f2d13f,1777991622784963293,0.20279172,6.8727846,6.969096
sensor_accelerometer,0e44c1a2-1013-499e-b74b-808f97f2d13f,1777991622804956887,0.96430755,6.2931237,6.8398833
sensor_accelerometer,0e44c1a2-1013-499e-b74b-808f97f2d13f,1777991622824958033,0.35593235,6.786643,6.50429
sensor_accelerometer,0e44c1a2-1013-499e-b74b-808f97f2d13f,1777991622844979804,0.07836494,6.647261,6.77767
sensor_accelerometer,0e44c1a2-1013-499e-b74b-808f97f2d13f,1777991622864995116,0.40378883,6.3601227,7.198807
sensor_accelerometer,0e44c1a2-1013-499e-b74b-808f97f2d13f,1777991622884988397,0.54317075,6.8057857,6.9595246
sensor_accelerometer,0e44c1a2-1013-499e-b74b-808f97f2d13f,1777991622905017720,0.41814575,7.2939215,5.5657053
sensor_accelerometer,0e44c1a2-1013-499e-b74b-808f97f2d13f,1777991622925020168,0.43728834,6.777072,6.193223
sensor_accelerometer,0e44c1a2-1013-499e-b74b-808f97f2d13f,1777991622945018137,0.567099,6.7525454,6.5282183
sensor_accelerometer,0e44c1a2-1013-499e-b74b-808f97f2d13f,1777991622965037564,0.24586253,6.6711893,6.7052875
sensor_accelerometer,0e44c1a2-1013-499e-b74b-808f97f2d13f,1777991622985050533,0.030508488,6.498906,6.7872415
sensor_accelerometer,0e44c1a2-1013-499e-b74b-808f97f2d13f,1777991623005060324,0.09750752,6.096912,7.155736
sensor_accelerometer,0e44c1a2-1013-499e-b74b-808f97f2d13f,1777991623025090897,0.12143575,7.3992057,6.9355965
sensor_accelerometer,0e44c1a2-1013-499e-b74b-808f97f2d13f,1777991623045077512,0.1788635,6.767501,7.0839515
sensor_accelerometer,0e44c1a2-1013-499e-b74b-808f97f2d13f,1777991623065087929,0.25543383,6.71426,7.280163
sensor_accelerometer,0e44c1a2-1013-499e-b74b-808f97f2d13f,1777991623085097199,0.35593235,6.71426,6.906883
sensor_accelerometer,0e44c1a2-1013-499e-b74b-808f97f2d13f,1777991623105121262,0.17407785,6.7573314,6.044868
sensor_accelerometer,0e44c1a2-1013-499e-b74b-808f97f2d13f,1777991623125150429,0.13100705,6.815357,5.503492
sensor_accelerometer,0e44c1a2-1013-499e-b74b-808f97f2d13f,1777991623145125897,0.35114673,6.719046,5.968298
sensor_accelerometer,0e44c1a2-1013-499e-b74b-808f97f2d13f,1777991623165143397,0.15014961,6.719046,6.7585278
sensor_accelerometer,0e44c1a2-1013-499e-b74b-808f97f2d13f,1777991623185178918,-0.02213361,6.815357,6.983453
sensor_accelerometer,0e44c1a2-1013-499e-b74b-808f97f2d13f,1777991623205157304,0.15493527,6.829714,7.031309
sensor_accelerometer,0e44c1a2-1013-499e-b74b-808f97f2d13f,1777991623225167252,-0.012562319,6.9589267,6.5665035
sensor_accelerometer,0e44c1a2-1013-499e-b74b-808f97f2d13f,1777991623245209543,0.09272188,6.992426,6.9020967
sensor_accelerometer,0e44c1a2-1013-499e-b74b-808f97f2d13f,1777991623265197252,0.2650051,6.91107,7.203593
sensor_accelerometer,0e44c1a2-1013-499e-b74b-808f97f2d13f,1777991623285207199,0.39421752,6.2404814,6.906883
sensor_accelerometer,0e44c1a2-1013-499e-b74b-808f97f2d13f,1777991623305219074,0.044865426,6.767501,5.953941
sensor_accelerometer,0e44c1a2-1013-499e-b74b-808f97f2d13f,1777991623325249491,0.035294134,6.8919272,5.426922
sensor_accelerometer,0e44c1a2-1013-499e-b74b-808f97f2d13f,1777991623345242877,-0.017347964,6.9206414,6.1597238
sensor_accelerometer,0e44c1a2-1013-499e-b74b-808f97f2d13f,1777991623365275064,0.2745764,6.801,7.088737
sensor_accelerometer,0e44c1a2-1013-499e-b74b-808f97f2d13f,1777991623385282356,0.40378883,6.704689,7.385447
sensor_accelerometer,0e44c1a2-1013-499e-b74b-808f97f2d13f,1777991623405266991,0.29850462,6.801,6.7537417
sensor_accelerometer,0e44c1a2-1013-499e-b74b-808f97f2d13f,1777991623425302356,0.016151553,6.939784,6.710073
sensor_accelerometer,0e44c1a2-1013-499e-b74b-808f97f2d13f,1777991623445286731,0.18843478,6.786643,6.5138617
sensor_accelerometer,0e44c1a2-1013-499e-b74b-808f97f2d13f,1777991623465307199,0.18843478,6.815357,6.0975103
sensor_accelerometer,0e44c1a2-1013-499e-b74b-808f97f2d13f,1777991623485329543,0.293719,7.0642104,5.843871
sensor_accelerometer,0e44c1a2-1013-499e-b74b-808f97f2d13f,1777991623505317824,0.111864455,6.9684978,6.1597238
sensor_accelerometer,0e44c1a2-1013-499e-b74b-808f97f2d13f,1777991623525324387,-0.055633128,6.6424756,6.2027946
sensor_accelerometer,0e44c1a2-1013-499e-b74b-808f97f2d13f,1777991623545370533,0.15972091,7.0929246,5.6997037
sensor_accelerometer,0e44c1a2-1013-499e-b74b-808f97f2d13f,1777991623565345585,0.13579269,6.8871417,6.236294
sensor_accelerometer,0e44c1a2-1013-499e-b74b-808f97f2d13f,1777991623585356470,-0.32841492,7.1694946,7.308877
sensor_accelerometer,0e44c1a2-1013-499e-b74b-808f97f2d13f,1777991623605367772,0.025722843,6.767501,7.9555373
sensor_accelerometer,0e44c1a2-1013-499e-b74b-808f97f2d13f,1777991623625406783,-0.26620153,7.1886373,7.079166
sensor_accelerometer,0e44c1a2-1013-499e-b74b-808f97f2d13f,1777991623645392095,0.030508488,7.073782,6.8446693
sensor_accelerometer,0e44c1a2-1013-499e-b74b-808f97f2d13f,1777991623665407616,0.34636107,6.8632135,6.734001
sensor_accelerometer,0e44c1a2-1013-499e-b74b-808f97f2d13f,1777991623685420481,0.3080759,6.6568327,6.7872415
sensor_accelerometer,0e44c1a2-1013-499e-b74b-808f97f2d13f,1777991623705430845,0.32243285,6.6711893,6.2554364
sensor_accelerometer,0e44c1a2-1013-499e-b74b-808f97f2d13f,1777991623725441470,0.2650051,6.690332,5.608776
sensor_accelerometer,0e44c1a2-1013-499e-b74b-808f97f2d13f,1777991623745438033,0.293719,6.695118,5.355137
sensor_accelerometer,0e44c1a2-1013-499e-b74b-808f97f2d13f,1777991623765457304,0.05922236,6.939784,5.9970117
sensor_accelerometer,0e44c1a2-1013-499e-b74b-808f97f2d13f,1777991623785467877,0.24107689,6.7238317,6.940382
sensor_accelerometer,0e44c1a2-1013-499e-b74b-808f97f2d13f,1777991623805482408,0.26021945,6.8345,7.3806615
sensor_accelerometer,0e44c1a2-1013-499e-b74b-808f97f2d13f,1777991623825487981,0.12622139,6.8488564,6.7728844
sensor_accelerometer,0e44c1a2-1013-499e-b74b-808f97f2d13f,1777991623845493137,0.3080759,7.1216383,6.446862
sensor_accelerometer,0e44c1a2-1013-499e-b74b-808f97f2d13f,1777991623865519074,0.26979074,6.925427,6.859026
sensor_accelerometer,0e44c1a2-1013-499e-b74b-808f97f2d13f,1777991623885522252,0.19800608,6.6281185,7.5050883
sensor_accelerometer,0e44c1a2-1013-499e-b74b-808f97f2d13f,1777991623905536835,0.26021945,6.6999035,7.170093
sensor_accelerometer,0e44c1a2-1013-499e-b74b-808f97f2d13f,1777991623925541522,0.3702893,6.5084777,5.8390856
sensor_accelerometer,0e44c1a2-1013-499e-b74b-808f97f2d13f,1777991623945557304,0.1692922,7.1503525,5.7720866
sensor_accelerometer,0e44c1a2-1013-499e-b74b-808f97f2d13f,1777991623965560585,0.16450655,6.829714,6.5090756
sensor_accelerometer,0e44c1a2-1013-499e-b74b-808f97f2d13f,1777991623985596106,0.6197411,6.3074803,7.1270223
sensor_accelerometer,0e44c1a2-1013-499e-b74b-808f97f2d13f,1777991624005579908,0.3272185,6.978069,6.3750777
sensor_accelerometer,0e44c1a2-1013-499e-b74b-808f97f2d13f,1777991624025592199,0.068793654,6.934998,6.2267227
sensor_accelerometer,0e44c1a2-1013-499e-b74b-808f97f2d13f,1777991624045625897,0.3080759,7.0115685,6.9786673
sensor_accelerometer,0e44c1a2-1013-499e-b74b-808f97f2d13f,1777991624065612564,0.26021945,6.8536425,7.170093
sensor_accelerometer,0e44c1a2-1013-499e-b74b-808f97f2d13f,1777991624085623345,0.33200413,6.7334027,6.8255267
sensor_accelerometer,0e44c1a2-1013-499e-b74b-808f97f2d13f,1777991624105631679,0.37986058,6.74776,5.6327047
sensor_accelerometer,0e44c1a2-1013-499e-b74b-808f97f2d13f,1777991624125672304,0.27936205,7.0546393,6.0113688
sensor_accelerometer,0e44c1a2-1013-499e-b74b-808f97f2d13f,1777991624145658085,0.41814575,6.8727846,7.088737
sensor_accelerometer,0e44c1a2-1013-499e-b74b-808f97f2d13f,1777991624165668814,0.552742,6.661618,7.055238
sensor_accelerometer,0e44c1a2-1013-499e-b74b-808f97f2d13f,1777991624185669231,0.3367898,7.0354967,6.322436
sensor_accelerometer,0e44c1a2-1013-499e-b74b-808f97f2d13f,1777991624205689752,0.41336012,7.1072817,5.953941
sensor_accelerometer,0e44c1a2-1013-499e-b74b-808f97f2d13f,1777991624225722147,0.552742,6.661618,6.5282183
sensor_accelerometer,0e44c1a2-1013-499e-b74b-808f97f2d13f,1777991624245726470,0.39900318,6.762715,6.710073
sensor_accelerometer,0e44c1a2-1013-499e-b74b-808f97f2d13f,1777991624265727408,0.3367898,6.9062843,6.7148585
sensor_accelerometer,0e44c1a2-1013-499e-b74b-808f97f2d13f,1777991624285721991,0.31764722,6.8201427,6.5760746
sensor_accelerometer,0e44c1a2-1013-499e-b74b-808f97f2d13f,1777991624305746106,0.49471608,6.9876404,6.24108
sensor_accelerometer,0e44c1a2-1013-499e-b74b-808f97f2d13f,1777991624325755220,0.6723832,7.1934233,5.5800624
sensor_accelerometer,0e44c1a2-1013-499e-b74b-808f97f2d13f,1777991624345772408,0.61016977,7.0211396,5.858228
sensor_accelerometer,0e44c1a2-1013-499e-b74b-808f97f2d13f,1777991624365766939,0.29850462,6.882356,6.585646
sensor_accelerometer,0e44c1a2-1013-499e-b74b-808f97f2d13f,1777991624385783502,0.21714866,6.7094746,7.2323065
sensor_accelerometer,0e44c1a2-1013-499e-b74b-808f97f2d13f,1777991624405795377,0.16450655,6.9541407,7.0600233
sensor_accelerometer,0e44c1a2-1013-499e-b74b-808f97f2d13f,1777991624425827720,0.035294134,7.3417783,6.0544395
sensor_accelerometer,0e44c1a2-1013-499e-b74b-808f97f2d13f,1777991624445808189,-0.06520442,7.0115685,5.1732826
sensor_accelerometer,0e44c1a2-1013-499e-b74b-808f97f2d13f,1777991624465827408,-0.012562319,6.8345,4.7856455
sensor_accelerometer,0e44c1a2-1013-499e-b74b-808f97f2d13f,1777991624485861887,0.360718,7.0115685,5.729016
sensor_accelerometer,0e44c1a2-1013-499e-b74b-808f97f2d13f,1777991624505852199,0.035294134,7.126424,6.99781
sensor_accelerometer,0e44c1a2-1013-499e-b74b-808f97f2d13f,1777991624525852356,-0.39541394,7.1934233,7.5433736
sensor_accelerometer,0e44c1a2-1013-499e-b74b-808f97f2d13f,1777991624545878502,-0.4001996,7.2269225,6.863812
sensor_accelerometer,0e44c1a2-1013-499e-b74b-808f97f2d13f,1777991624565872043,-0.3475575,7.346564,6.0975103
sensor_accelerometer,0e44c1a2-1013-499e-b74b-808f97f2d13f,1777991624585908397,0.044865426,7.1168528,5.9300127
sensor_accelerometer,0e44c1a2-1013-499e-b74b-808f97f2d13f,1777991624605887408,-0.2757728,6.9302125,6.198009
sensor_accelerometer,0e44c1a2-1013-499e-b74b-808f97f2d13f,1777991624625904699,-0.587438,7.016354,5.5513487
sensor_accelerometer,0e44c1a2-1013-499e-b74b-808f97f2d13f,1777991624645932877,-0.18005991,7.1072817,5.94437
sensor_accelerometer,0e44c1a2-1013-499e-b74b-808f97f2d13f,1777991624665936522,-0.060418773,6.695118,7.1222367
sensor_accelerometer,0e44c1a2-1013-499e-b74b-808f97f2d13f,1777991624685936418,0.32243285,6.498906,8.218747
sensor_accelerometer,0e44c1a2-1013-499e-b74b-808f97f2d13f,1777991624705948658,0.5383851,6.695118,7.811968
sensor_accelerometer,0e44c1a2-1013-499e-b74b-808f97f2d13f,1777991624725987877,0.34157544,6.422336,6.99781
sensor_accelerometer,0e44c1a2-1013-499e-b74b-808f97f2d13f,1777991624745995949,0.4325027,6.6329045,6.1645093
sensor_accelerometer,0e44c1a2-1013-499e-b74b-808f97f2d13f,1777991624765977356,0.72502524,6.7525454,5.953941
sensor_accelerometer,0e44c1a2-1013-499e-b74b-808f97f2d13f,1777991624785993137,0.6053841,6.7238317,6.288936
sensor_accelerometer,0e44c1a2-1013-499e-b74b-808f97f2d13f,1777991624806012043,0.31286156,6.661618,6.969096
sensor_accelerometer,0e44c1a2-1013-499e-b74b-808f97f2d13f,1777991624826005585,0.29850462,6.8105717,7.2849483
sensor_accelerometer,0e44c1a2-1013-499e-b74b-808f97f2d13f,1777991624846039699,0.32243285,6.71426,7.103094
sensor_accelerometer,0e44c1a2-1013-499e-b74b-808f97f2d13f,1777991624866038137,0.3367898,6.5611196,6.734001
sensor_accelerometer,0e44c1a2-1013-499e-b74b-808f97f2d13f,1777991624886039595,0.39900318,6.6281185,6.20758
sensor_accelerometer,0e44c1a2-1013-499e-b74b-808f97f2d13f,1777991624906050897,0.39900318,6.623333,6.547361
sensor_accelerometer,0e44c1a2-1013-499e-b74b-808f97f2d13f,1777991624926061002,0.20757736,6.652047,6.748956
sensor_accelerometer,0e44c1a2-1013-499e-b74b-808f97f2d13f,1777991624946094960,0.34636107,6.513263,7.203593
sensor_accelerometer,0e44c1a2-1013-499e-b74b-808f97f2d13f,1777991624966106106,0.36550367,6.939784,6.96431
sensor_accelerometer,0e44c1a2-1013-499e-b74b-808f97f2d13f,1777991624986092043,0.20279172,6.7573314,6.7585278
sensor_accelerometer,0e44c1a2-1013-499e-b74b-808f97f2d13f,1777991625006111366,0.30329028,6.8249283,6.7292156
sensor_accelerometer,0e44c1a2-1013-499e-b74b-808f97f2d13f,1777991625026133970,0.5288138,6.963712,6.399006
sensor_accelerometer,0e44c1a2-1013-499e-b74b-808f97f2d13f,1777991625046155949,0.5288138,6.9445696,5.6614184
sensor_accelerometer,0e44c1a2-1013-499e-b74b-808f97f2d13f,1777991625066143449,0.36550367,6.7381887,6.049654
sensor_accelerometer,0e44c1a2-1013-499e-b74b-808f97f2d13f,1777991625086141210,-0.0077766734,6.7573314,6.806384
sensor_accelerometer,0e44c1a2-1013-499e-b74b-808f97f2d13f,1777991625106173502,-0.055633128,6.925427,6.734001
sensor_accelerometer,0e44c1a2-1013-499e-b74b-808f97f2d13f,1777991625126169127,-0.050847482,7.0450683,6.102296
sensor_accelerometer,0e44c1a2-1013-499e-b74b-808f97f2d13f,1777991625146197772,0.12622139,7.1455665,5.359923
sensor_accelerometer,0e44c1a2-1013-499e-b74b-808f97f2d13f,1777991625166204960,-0.23748764,7.1455665,5.6279187
sensor_accelerometer,0e44c1a2-1013-499e-b74b-808f97f2d13f,1777991625186209856,-0.37627137,7.2987075,6.3798633
sensor_accelerometer,0e44c1a2-1013-499e-b74b-808f97f2d13f,1777991625206213554,-0.16091733,7.1934233,6.561718
sensor_accelerometer,0e44c1a2-1013-499e-b74b-808f97f2d13f,1777991625226221991,-0.3044867,7.2125654,6.4181485
sensor_accelerometer,0e44c1a2-1013-499e-b74b-808f97f2d13f,1777991625246239647,-0.29491538,7.3082786,6.61436
sensor_accelerometer,0e44c1a2-1013-499e-b74b-808f97f2d13f,1777991625266254074,-0.6113662,7.1503525,7.0504518
sensor_accelerometer,0e44c1a2-1013-499e-b74b-808f97f2d13f,1777991625286256522,-0.24705894,7.4327054,6.695716
sensor_accelerometer,0e44c1a2-1013-499e-b74b-808f97f2d13f,1777991625306269283,0.10229317,7.155138,6.2937217
sensor_accelerometer,0e44c1a2-1013-499e-b74b-808f97f2d13f,1777991625326270741,0.3272185,7.0019975,6.1645093
sensor_accelerometer,0e44c1a2-1013-499e-b74b-808f97f2d13f,1777991625346279856,0.2219343,7.0402822,6.0113688
sensor_accelerometer,0e44c1a2-1013-499e-b74b-808f97f2d13f,1777991625366297252,0.35114673,6.939784,5.9874406
sensor_accelerometer,0e44c1a2-1013-499e-b74b-808f97f2d13f,1777991625386306835,0.48993045,6.963712,6.4037914
sensor_accelerometer,0e44c1a2-1013-499e-b74b-808f97f2d13f,1777991625406318345,0.26979074,7.0785675,6.456434
sensor_accelerometer,0e44c1a2-1013-499e-b74b-808f97f2d13f,1777991625426327408,0.30329028,7.1359954,6.126224
sensor_accelerometer,0e44c1a2-1013-499e-b74b-808f97f2d13f,1777991625446345220,0.53359944,7.2412796,6.006583
sensor_accelerometer,0e44c1a2-1013-499e-b74b-808f97f2d13f,1777991625466357512,0.552742,7.222137,5.992226
sensor_accelerometer,0e44c1a2-1013-499e-b74b-808f97f2d13f,1777991625486358918,0.85902333,7.016354,6.494719
sensor_accelerometer,0e44c1a2-1013-499e-b74b-808f97f2d13f,1777991625506362408,0.6867401,6.939784,6.8255267
sensor_accelerometer,0e44c1a2-1013-499e-b74b-808f97f2d13f,1777991625526374491,0.55752766,7.140781,6.140581
sensor_accelerometer,0e44c1a2-1013-499e-b74b-808f97f2d13f,1777991625546387929,0.48035914,7.1599236,5.45085
sensor_accelerometer,0e44c1a2-1013-499e-b74b-808f97f2d13f,1777991625566419074,0.42771706,7.0211396,5.278567
sensor_accelerometer,0e44c1a2-1013-499e-b74b-808f97f2d13f,1777991625586431574,0.6436693,6.786643,6.0161543
sensor_accelerometer,0e44c1a2-1013-499e-b74b-808f97f2d13f,1777991625606426574,0.76331043,6.9732833,6.6239314
sensor_accelerometer,0e44c1a2-1013-499e-b74b-808f97f2d13f,1777991625626449647,0.48035914,7.0354967,6.61436
sensor_accelerometer,0e44c1a2-1013-499e-b74b-808f97f2d13f,1777991625646457304,0.13100705,7.1838517,6.150152
sensor_accelerometer,0e44c1a2-1013-499e-b74b-808f97f2d13f,1777991625666433449,0.4325027,7.016354,5.7673006
sensor_accelerometer,0e44c1a2-1013-499e-b74b-808f97f2d13f,1777991625686491054,0.6197411,6.8105717,6.667002
sensor_accelerometer,0e44c1a2-1013-499e-b74b-808f97f2d13f,1777991625706475064,0.60059845,6.652047,7.8981094
sensor_accelerometer,0e44c1a2-1013-499e-b74b-808f97f2d13f,1777991625726487408,0.27936205,6.801,8.032107
sensor_accelerometer,0e44c1a2-1013-499e-b74b-808f97f2d13f,1777991625746505168,-0.084346995,6.541977,7.170093
sensor_accelerometer,0e44c1a2-1013-499e-b74b-808f97f2d13f,1777991625766525168,-0.06520442,6.3361945,6.6239314
sensor_accelerometer,0e44c1a2-1013-499e-b74b-808f97f2d13f,1777991625786512304,0.567099,6.4701924,5.8343
sensor_accelerometer,0e44c1a2-1013-499e-b74b-808f97f2d13f,1777991625806532824,0.8255238,6.5371914,6.518647
sensor_accelerometer,0e44c1a2-1013-499e-b74b-808f97f2d13f,1777991625826561991,0.3080759,6.858428,6.7537417
sensor_accelerometer,0e44c1a2-1013-499e-b74b-808f97f2d13f,1777991625846555533,0.2219343,6.7381887,6.9499536
sensor_accelerometer,0e44c1a2-1013-499e-b74b-808f97f2d13f,1777991625866533502,0.14057833,6.4558353,6.954739
sensor_accelerometer,0e44c1a2-1013-499e-b74b-808f97f2d13f,1777991625886589022,0.45164528,6.599405,6.5425754
sensor_accelerometer,0e44c1a2-1013-499e-b74b-808f97f2d13f,1777991625906587668,0.42771706,6.4031935,6.585646
sensor_accelerometer,0e44c1a2-1013-499e-b74b-808f97f2d13f,1777991625926615949,0.3894319,6.5946193,6.7052875
sensor_accelerometer,0e44c1a2-1013-499e-b74b-808f97f2d13f,1777991625946617147,0.5288138,6.503692,7.1748786
sensor_accelerometer,0e44c1a2-1013-499e-b74b-808f97f2d13f,1777991625966615845,0.45164528,6.532406,7.658229
sensor_accelerometer,0e44c1a2-1013-499e-b74b-808f97f2d13f,1777991625986613449,0.5240282,6.570691,7.2849483
sensor_accelerometer,0e44c1a2-1013-499e-b74b-808f97f2d13f,1777991626006640168,0.4851448,6.5946193,6.835098
sensor_accelerometer,0e44c1a2-1013-499e-b74b-808f97f2d13f,1777991626026640897,0.35114673,6.45105,7.117451
sensor_accelerometer,0e44c1a2-1013-499e-b74b-808f97f2d13f,1777991626046666366,0.39421752,6.5084777,7.155736
sensor_accelerometer,0e44c1a2-1013-499e-b74b-808f97f2d13f,1777991626066668189,0.6723832,6.5515485,6.547361
sensor_accelerometer,0e44c1a2-1013-499e-b74b-808f97f2d13f,1777991626086670897,0.30329028,6.5754766,6.547361
sensor_accelerometer,0e44c1a2-1013-499e-b74b-808f97f2d13f,1777991626106682252,0.27936205,6.513263,6.8685975
sensor_accelerometer,0e44c1a2-1013-499e-b74b-808f97f2d13f,1777991626126713345,0.567099,6.465407,7.2849483
sensor_accelerometer,0e44c1a2-1013-499e-b74b-808f97f2d13f,1777991626146705637,0.48035914,6.7334027,6.518647
sensor_accelerometer,0e44c1a2-1013-499e-b74b-808f97f2d13f,1777991626166735064,0.28414768,6.5754766,6.8925257
sensor_accelerometer,0e44c1a2-1013-499e-b74b-808f97f2d13f,1777991626186749022,0.4229314,6.652047,6.9930243
sensor_accelerometer,0e44c1a2-1013-499e-b74b-808f97f2d13f,1777991626206736574,0.30329028,6.546763,6.88774
sensor_accelerometer,0e44c1a2-1013-499e-b74b-808f97f2d13f,1777991626226769543,0.5240282,6.652047,6.6717877
sensor_accelerometer,0e44c1a2-1013-499e-b74b-808f97f2d13f,1777991626246773970,0.4325027,6.815357,6.5282183
sensor_accelerometer,0e44c1a2-1013-499e-b74b-808f97f2d13f,1777991626266767720,0.58624154,6.882356,6.322436
sensor_accelerometer,0e44c1a2-1013-499e-b74b-808f97f2d13f,1777991626286778762,0.48035914,6.3122663,7.0935225
sensor_accelerometer,0e44c1a2-1013-499e-b74b-808f97f2d13f,1777991626306793554,0.13100705,6.3361945,7.2897344
sensor_accelerometer,0e44c1a2-1013-499e-b74b-808f97f2d13f,1777991626326805220,0.13100705,6.5850477,6.480362
sensor_accelerometer,0e44c1a2-1013-499e-b74b-808f97f2d13f,1777991626346826627,0.14536397,6.518049,6.686145
sensor_accelerometer,0e44c1a2-1013-499e-b74b-808f97f2d13f,1777991626366841158,0.41336012,6.74776,6.389435
sensor_accelerometer,0e44c1a2-1013-499e-b74b-808f97f2d13f,1777991626386827199,0.6436693,6.829714,6.820741
sensor_accelerometer,0e44c1a2-1013-499e-b74b-808f97f2d13f,1777991626406836106,0.6723832,6.704689,7.1509504
sensor_accelerometer,0e44c1a2-1013-499e-b74b-808f97f2d13f,1777991626426873710,0.53359944,6.422336,6.9595246
sensor_accelerometer,0e44c1a2-1013-499e-b74b-808f97f2d13f,1777991626446864804,0.020937199,6.7094746,6.7585278
sensor_accelerometer,0e44c1a2-1013-499e-b74b-808f97f2d13f,1777991626466871991,0.27936205,6.7381887,6.6335025
sensor_accelerometer,0e44c1a2-1013-499e-b74b-808f97f2d13f,1777991626486888970,0.2745764,6.6089764,6.9212394
sensor_accelerometer,0e44c1a2-1013-499e-b74b-808f97f2d13f,1777991626506902095,0.3080759,6.7094746,6.619146
sensor_accelerometer,0e44c1a2-1013-499e-b74b-808f97f2d13f,1777991626526901991,0.1788635,6.7818575,6.3607206
sensor_accelerometer,0e44c1a2-1013-499e-b74b-808f97f2d13f,1777991626546929856,0.33200413,6.8105717,6.3607206
sensor_accelerometer,0e44c1a2-1013-499e-b74b-808f97f2d13f,1777991626566934127,0.43728834,6.8345,6.5808606
sensor_accelerometer,0e44c1a2-1013-499e-b74b-808f97f2d13f,1777991626586926991,0.25543383,6.7525454,6.6095743
sensor_accelerometer,0e44c1a2-1013-499e-b74b-808f97f2d13f,1777991626606937356,0.21714866,6.613762,6.681359
sensor_accelerometer,0e44c1a2-1013-499e-b74b-808f97f2d13f,1777991626626953397,-0.046061836,7.0642104,6.437291
sensor_accelerometer,0e44c1a2-1013-499e-b74b-808f97f2d13f,1777991626646966939,0.37986058,6.963712,6.3511496
sensor_accelerometer,0e44c1a2-1013-499e-b74b-808f97f2d13f,1777991626667021210,0.39421752,6.767501,6.9738817
sensor_accelerometer,0e44c1a2-1013-499e-b74b-808f97f2d13f,1777991626687002772,-0.050847482,6.7525454,6.681359
sensor_accelerometer,0e44c1a2-1013-499e-b74b-808f97f2d13f,1777991626707000585,-0.07956135,6.949355,6.322436
sensor_accelerometer,0e44c1a2-1013-499e-b74b-808f97f2d13f,1777991626727010845,0.3702893,6.762715,6.0783677
sensor_accelerometer,0e44c1a2-1013-499e-b74b-808f97f2d13f,1777991626747012824,0.61016977,6.762715,6.6622167
sensor_accelerometer,0e44c1a2-1013-499e-b74b-808f97f2d13f,1777991626767025637,0.61016977,6.71426,7.533802
sensor_accelerometer,0e44c1a2-1013-499e-b74b-808f97f2d13f,1777991626787036627,0.3367898,6.8201427,7.112665
sensor_accelerometer,0e44c1a2-1013-499e-b74b-808f97f2d13f,1777991626807049283,0.24586253,6.791429,6.4325056
sensor_accelerometer,0e44c1a2-1013-499e-b74b-808f97f2d13f,1777991626827063606,0.28893334,6.9589267,6.049654
sensor_accelerometer,0e44c1a2-1013-499e-b74b-808f97f2d13f,1777991626847061835,0.360718,6.7962146,6.1788664
sensor_accelerometer,0e44c1a2-1013-499e-b74b-808f97f2d13f,1777991626867070272,0.35114673,6.9206414,6.719644
sensor_accelerometer,0e44c1a2-1013-499e-b74b-808f97f2d13f,1777991626887092772,0.34157544,6.8392854,7.0695944
sensor_accelerometer,0e44c1a2-1013-499e-b74b-808f97f2d13f,1777991626907105897,0.24586253,6.7238317,6.643074
sensor_accelerometer,0e44c1a2-1013-499e-b74b-808f97f2d13f,1777991626927115689,0.37986058,6.7429743,6.2697935
sensor_accelerometer,0e44c1a2-1013-499e-b74b-808f97f2d13f,1777991626947122460,0.3080759,7.155138,5.503492
sensor_accelerometer,0e44c1a2-1013-499e-b74b-808f97f2d13f,1777991626967132199,0.24586253,6.613762,5.532206
sensor_accelerometer,0e44c1a2-1013-499e-b74b-808f97f2d13f,1777991626987137616,0.26021945,6.719046,6.940382
sensor_accelerometer,0e44c1a2-1013-499e-b74b-808f97f2d13f,1777991627007155949,0.16450655,6.925427,8.041678
sensor_accelerometer,0e44c1a2-1013-499e-b74b-808f97f2d13f,1777991627027163710,0.16450655,6.9445696,7.4715886
sensor_accelerometer,0e44c1a2-1013-499e-b74b-808f97f2d13f,1777991627047171366,0.044865426,7.1503525,6.585646
sensor_accelerometer,0e44c1a2-1013-499e-b74b-808f97f2d13f,1777991627067183137,0.4755735,6.9206414,6.5569324
sensor_accelerometer,0e44c1a2-1013-499e-b74b-808f97f2d13f,1777991627087190481,0.509073,6.815357,6.806384
sensor_accelerometer,0e44c1a2-1013-499e-b74b-808f97f2d13f,1777991627107210168,0.41814575,6.613762,6.643074
sensor_accelerometer,0e44c1a2-1013-499e-b74b-808f97f2d13f,1777991627127214543,0.35114673,6.762715,5.91087
sensor_accelerometer,0e44c1a2-1013-499e-b74b-808f97f2d13f,1777991627147241731,0.293719,6.8632135,5.896513
sensor_accelerometer,0e44c1a2-1013-499e-b74b-808f97f2d13f,1777991627167249022,0.31764722,6.7962146,6.3367925
sensor_accelerometer,0e44c1a2-1013-499e-b74b-808f97f2d13f,1777991627187239908,0.25064817,6.7238317,6.681359
sensor_accelerometer,0e44c1a2-1013-499e-b74b-808f97f2d13f,1777991627207261418,0.20279172,6.8488564,6.413363
sensor_accelerometer,0e44c1a2-1013-499e-b74b-808f97f2d13f,1777991627227297147,0.2650051,6.7962146,6.571289
sensor_accelerometer,0e44c1a2-1013-499e-b74b-808f97f2d13f,1777991627247279804,0.42771706,6.982855,6.782456
sensor_accelerometer,0e44c1a2-1013-499e-b74b-808f97f2d13f,1777991627267263658,0.37986058,6.8967133,7.0265236
sensor_accelerometer,0e44c1a2-1013-499e-b74b-808f97f2d13f,1777991627287302772,0.39900318,6.786643,6.5138617
sensor_accelerometer,0e44c1a2-1013-499e-b74b-808f97f2d13f,1777991627307311783,0.29850462,6.901499,6.456434
sensor_accelerometer,0e44c1a2-1013-499e-b74b-808f97f2d13f,1777991627327317720,0.1788635,6.9302125,6.897311
sensor_accelerometer,0e44c1a2-1013-499e-b74b-808f97f2d13f,1777991627347336783,0.36550367,7.0450683,6.8542404
sensor_accelerometer,0e44c1a2-1013-499e-b74b-808f97f2d13f,1777991627367368397,0.4660022,6.63769,6.4851475
sensor_accelerometer,0e44c1a2-1013-499e-b74b-808f97f2d13f,1777991627387377929,0.4660022,6.5898337,5.9635124
sensor_accelerometer,0e44c1a2-1013-499e-b74b-808f97f2d13f,1777991627407368189,0.57188463,6.7429743,5.8486567
sensor_accelerometer,0e44c1a2-1013-499e-b74b-808f97f2d13f,1777991627427371262,0.35593235,6.9206414,6.4085774
sensor_accelerometer,0e44c1a2-1013-499e-b74b-808f97f2d13f,1777991627447403345,0.27936205,6.9876404,6.652645
sensor_accelerometer,0e44c1a2-1013-499e-b74b-808f97f2d13f,1777991627467367772,0.49471608,6.690332,6.489933
sensor_accelerometer,0e44c1a2-1013-499e-b74b-808f97f2d13f,1777991627487397043,0.49950173,6.882356,6.686145
sensor_accelerometer,0e44c1a2-1013-499e-b74b-808f97f2d13f,1777991627507411314,0.41814575,6.801,6.969096
sensor_accelerometer,0e44c1a2-1013-499e-b74b-808f97f2d13f,1777991627527427199,0.30329028,6.949355,7.0025954
sensor_accelerometer,0e44c1a2-1013-499e-b74b-808f97f2d13f,1777991627547449127,0.3367898,6.7573314,6.6335025
sensor_accelerometer,0e44c1a2-1013-499e-b74b-808f97f2d13f,1777991627567468085,0.3272185,6.6568327,6.7872415
sensor_accelerometer,0e44c1a2-1013-499e-b74b-808f97f2d13f,1777991627587452564,0.41814575,6.801,6.983453
sensor_accelerometer,0e44c1a2-1013-499e-b74b-808f97f2d13f,1777991627607471835,0.60059845,6.9445696,6.2171516
sensor_accelerometer,0e44c1a2-1013-499e-b74b-808f97f2d13f,1777991627627506627,0.41814575,6.8727846,6.5425754
sensor_accelerometer,0e44c1a2-1013-499e-b74b-808f97f2d13f,1777991627647501002,0.62452674,6.728617,6.5521464
sensor_accelerometer,0e44c1a2-1013-499e-b74b-808f97f2d13f,1777991627667494752,0.34157544,6.762715,6.346364
sensor_accelerometer,0e44c1a2-1013-499e-b74b-808f97f2d13f,1777991627687528970,0.25543383,6.7334027,6.5138617
sensor_accelerometer,0e44c1a2-1013-499e-b74b-808f97f2d13f,1777991627707519074,0.10707881,6.791429,6.604789
sensor_accelerometer,0e44c1a2-1013-499e-b74b-808f97f2d13f,1777991627727554699,0.19800608,6.599405,7.055238
sensor_accelerometer,0e44c1a2-1013-499e-b74b-808f97f2d13f,1777991627747553554,0.17407785,6.8392854,6.906883
sensor_accelerometer,0e44c1a2-1013-499e-b74b-808f97f2d13f,1777991627767561366,0.2745764,6.9158554,6.743572
sensor_accelerometer,0e44c1a2-1013-499e-b74b-808f97f2d13f,1777991627787586679,0.41814575,6.925427,6.638288
sensor_accelerometer,0e44c1a2-1013-499e-b74b-808f97f2d13f,1777991627807569595,0.3080759,6.791429,6.930811
sensor_accelerometer,0e44c1a2-1013-499e-b74b-808f97f2d13f,1777991627827585533,0.26979074,6.661618,6.835098
sensor_accelerometer,0e44c1a2-1013-499e-b74b-808f97f2d13f,1777991627847603449,0.37507495,6.6999035,6.073582
sensor_accelerometer,0e44c1a2-1013-499e-b74b-808f97f2d13f,1777991627867604752,0.2745764,6.6568327,6.006583
sensor_accelerometer,0e44c1a2-1013-499e-b74b-808f97f2d13f,1777991627887615793,0.35114673,6.7722864,6.3655066
sensor_accelerometer,0e44c1a2-1013-499e-b74b-808f97f2d13f,1777991627907655064,0.3894319,6.801,6.604789
sensor_accelerometer,0e44c1a2-1013-499e-b74b-808f97f2d13f,1777991627927628189,0.3272185,6.91107,6.8303123
sensor_accelerometer,0e44c1a2-1013-499e-b74b-808f97f2d13f,1777991627947649231,0.29850462,6.8345,6.4995046
sensor_accelerometer,0e44c1a2-1013-499e-b74b-808f97f2d13f,1777991627967676991,0.3367898,6.666404,6.518647
sensor_accelerometer,0e44c1a2-1013-499e-b74b-808f97f2d13f,1777991627987694179,0.3894319,6.8201427,6.288936
sensor_accelerometer,0e44c1a2-1013-499e-b74b-808f97f2d13f,1777991628007684699,0.24107689,6.7962146,7.0504518
sensor_accelerometer,0e44c1a2-1013-499e-b74b-808f97f2d13f,1777991628027711210,0.12143575,6.8632135,7.170093
sensor_accelerometer,0e44c1a2-1013-499e-b74b-808f97f2d13f,1777991628047711314,-0.017347964,6.858428,7.385447
sensor_accelerometer,0e44c1a2-1013-499e-b74b-808f97f2d13f,1777991628067691210,0.31286156,6.939784,6.9020967
sensor_accelerometer,0e44c1a2-1013-499e-b74b-808f97f2d13f,1777991628087722095,0.34636107,6.791429,6.6335025
sensor_accelerometer,0e44c1a2-1013-499e-b74b-808f97f2d13f,1777991628107737512,0.21714866,7.13121,6.2841506
sensor_accelerometer,0e44c1a2-1013-499e-b74b-808f97f2d13f,1777991628127752095,0.63888365,6.8632135,6.3655066
sensor_accelerometer,0e44c1a2-1013-499e-b74b-808f97f2d13f,1777991628147773554,0.552742,6.192625,7.328019
sensor_accelerometer,0e44c1a2-1013-499e-b74b-808f97f2d13f,1777991628167755116,0.26979074,6.91107,6.4277196
sensor_accelerometer,0e44c1a2-1013-499e-b74b-808f97f2d13f,1777991628187777147,0.57188463,6.5659056,5.748158
sensor_accelerometer,0e44c1a2-1013-499e-b74b-808f97f2d13f,1777991628207789647,0.5138587,6.9158554,5.704489
sensor_accelerometer,0e44c1a2-1013-499e-b74b-808f97f2d13f,1777991628227818762,0.4851448,6.680761,5.843871
sensor_accelerometer,0e44c1a2-1013-499e-b74b-808f97f2d13f,1777991628247821522,0.32243285,7.016354,6.5665035
sensor_accelerometer,0e44c1a2-1013-499e-b74b-808f97f2d13f,1777991628267785949,0.49950173,6.791429,7.222735
sensor_accelerometer,0e44c1a2-1013-499e-b74b-808f97f2d13f,1777991628287825168,0.6771688,6.570691,7.194021
sensor_accelerometer,0e44c1a2-1013-499e-b74b-808f97f2d13f,1777991628307840793,0.5138587,6.801,6.1884375
sensor_accelerometer,0e44c1a2-1013-499e-b74b-808f97f2d13f,1777991628327855377,0.18843478,7.1503525,5.939584
sensor_accelerometer,0e44c1a2-1013-499e-b74b-808f97f2d13f,1777991628347861887,0.28414768,7.0450683,6.518647
sensor_accelerometer,0e44c1a2-1013-499e-b74b-808f97f2d13f,1777991628367868658,0.044865426,6.9062843,7.308877
sensor_accelerometer,0e44c1a2-1013-499e-b74b-808f97f2d13f,1777991628387883710,0.15493527,6.8536425,6.9882383
sensor_accelerometer,0e44c1a2-1013-499e-b74b-808f97f2d13f,1777991628407895897,0.31286156,6.7381887,6.681359
sensor_accelerometer,0e44c1a2-1013-499e-b74b-808f97f2d13f,1777991628427903606,0.34157544,6.9158554,6.0783677
sensor_accelerometer,0e44c1a2-1013-499e-b74b-808f97f2d13f,1777991628447910377,0.34157544,7.1216383,5.599205
sensor_accelerometer,0e44c1a2-1013-499e-b74b-808f97f2d13f,1777991628467912043,0.21714866,6.728617,5.7146587
sensor_accelerometer,0e44c1a2-1013-499e-b74b-808f97f2d13f,1777991628487930533,0.27936205,6.8775706,6.6909304
sensor_accelerometer,0e44c1a2-1013-499e-b74b-808f97f2d13f,1777991628507951106,0.37986058,6.8775706,7.3136625
sensor_accelerometer,0e44c1a2-1013-499e-b74b-808f97f2d13f,1777991628527953918,0.2650051,6.858428,7.213164
sensor_accelerometer,0e44c1a2-1013-499e-b74b-808f97f2d13f,1777991628547964908,-0.06520442,7.088139,6.897311
sensor_accelerometer,0e44c1a2-1013-499e-b74b-808f97f2d13f,1777991628567973345,0.1788635,6.992426,6.571289
sensor_accelerometer,0e44c1a2-1013-499e-b74b-808f97f2d13f,1777991628587980637,0.31286156,6.858428,6.355935
sensor_accelerometer,0e44c1a2-1013-499e-b74b-808f97f2d13f,1777991628608010845,0.42771706,6.8201427,6.183652
sensor_accelerometer,0e44c1a2-1013-499e-b74b-808f97f2d13f,1777991628628032356,0.21714866,6.8345,6.1357956
sensor_accelerometer,0e44c1a2-1013-499e-b74b-808f97f2d13f,1777991628648030533,0.4325027,6.7962146,5.91087
sensor_accelerometer,0e44c1a2-1013-499e-b74b-808f97f2d13f,1777991628668012668,0.44207397,6.9732833,6.2123656
sensor_accelerometer,0e44c1a2-1013-499e-b74b-808f97f2d13f,1777991628688061991,0.45164528,6.8967133,6.6335025
sensor_accelerometer,0e44c1a2-1013-499e-b74b-808f97f2d13f,1777991628708045116,0.31764722,6.939784,6.53779
sensor_accelerometer,0e44c1a2-1013-499e-b74b-808f97f2d13f,1777991628728058554,0.24107689,7.0546393,6.13101
sensor_accelerometer,0e44c1a2-1013-499e-b74b-808f97f2d13f,1777991628748081158,0.3367898,6.829714,6.494719
sensor_accelerometer,0e44c1a2-1013-499e-b74b-808f97f2d13f,1777991628768092252,0.50428736,6.623333,7.1892357
sensor_accelerometer,0e44c1a2-1013-499e-b74b-808f97f2d13f,1777991628788078241,0.5240282,6.786643,7.0839515
sensor_accelerometer,0e44c1a2-1013-499e-b74b-808f97f2d13f,1777991628808092304,0.51864433,6.9541407,6.5521464
sensor_accelerometer,0e44c1a2-1013-499e-b74b-808f97f2d13f,1777991628828100793,0.25543383,6.9158554,6.5904317
sensor_accelerometer,0e44c1a2-1013-499e-b74b-808f97f2d13f,1777991628848130220,0.360718,6.7962146,6.61436
sensor_accelerometer,0e44c1a2-1013-499e-b74b-808f97f2d13f,1777991628868101627,0.41814575,6.8632135,6.4420767
sensor_accelerometer,0e44c1a2-1013-499e-b74b-808f97f2d13f,1777991628888167981,0.5910272,6.7334027,6.547361
sensor_accelerometer,0e44c1a2-1013-499e-b74b-808f97f2d13f,1777991628908145845,0.567099,6.7962146,6.5521464
sensor_accelerometer,0e44c1a2-1013-499e-b74b-808f97f2d13f,1777991628928178970,0.58624154,6.7094746,6.6239314
sensor_accelerometer,0e44c1a2-1013-499e-b74b-808f97f2d13f,1777991628948185637,0.2219343,6.8632135,6.652645
sensor_accelerometer,0e44c1a2-1013-499e-b74b-808f97f2d13f,1777991628968187772,0.36550367,6.6089764,6.6239314
sensor_accelerometer,0e44c1a2-1013-499e-b74b-808f97f2d13f,1777991628988183137,0.24586253,6.422336,6.9355965
sensor_accelerometer,0e44c1a2-1013-499e-b74b-808f97f2d13f,1777991629008203345,0.39900318,7.0929246,6.494719
sensor_accelerometer,0e44c1a2-1013-499e-b74b-808f97f2d13f,1777991629028218710,0.63888365,6.8392854,6.710073
sensor_accelerometer,0e44c1a2-1013-499e-b74b-808f97f2d13f,1777991629048231783,0.37986058,6.91107,6.6717877
sensor_accelerometer,0e44c1a2-1013-499e-b74b-808f97f2d13f,1777991629068227668,0.2745764,6.791429,6.6239314
sensor_accelerometer,0e44c1a2-1013-499e-b74b-808f97f2d13f,1777991629088248449,0.39421752,6.7818575,6.686145
sensor_accelerometer,0e44c1a2-1013-499e-b74b-808f97f2d13f,1777991629108250012,0.14536397,6.8249283,6.820741
sensor_accelerometer,0e44c1a2-1013-499e-b74b-808f97f2d13f,1777991629128287772,0.212363,6.786643,6.897311
sensor_accelerometer,0e44c1a2-1013-499e-b74b-808f97f2d13f,1777991629148268970,0.34157544,6.867999,6.748956
sensor_accelerometer,0e44c1a2-1013-499e-b74b-808f97f2d13f,1777991629168308658,0.30329028,6.791429,6.5425754
sensor_accelerometer,0e44c1a2-1013-499e-b74b-808f97f2d13f,1777991629188323658,0.2219343,6.9541407,6.518647
sensor_accelerometer,0e44c1a2-1013-499e-b74b-808f97f2d13f,1777991629208315012,0.27936205,6.9302125,6.384649
sensor_accelerometer,0e44c1a2-1013-499e-b74b-808f97f2d13f,1777991629228310168,0.28893334,6.8105717,6.3798633
sensor_accelerometer,0e44c1a2-1013-499e-b74b-808f97f2d13f,1777991629248341418,0.3367898,6.570691,6.6335025
sensor_accelerometer,0e44c1a2-1013-499e-b74b-808f97f2d13f,1777991629268307304,-0.0029910284,6.74776,6.686145
sensor_accelerometer,0e44c1a2-1013-499e-b74b-808f97f2d13f,1777991629288346366,0.15014961,6.777072,6.346364
sensor_accelerometer,0e44c1a2-1013-499e-b74b-808f97f2d13f,1777991629308356783,0.33200413,6.74776,5.7433724
sensor_accelerometer,0e44c1a2-1013-499e-b74b-808f97f2d13f,1777991629328378814,0.22671995,7.059425,6.1884375
sensor_accelerometer,0e44c1a2-1013-499e-b74b-808f97f2d13f,1777991629348399543,0.36550367,7.006783,6.906883
sensor_accelerometer,0e44c1a2-1013-499e-b74b-808f97f2d13f,1777991629368413502,0.48035914,6.777072,6.8446693
sensor_accelerometer,0e44c1a2-1013-499e-b74b-808f97f2d13f,1777991629388395585,0.0065802624,6.8488564,7.031309
sensor_accelerometer,0e44c1a2-1013-499e-b74b-808f97f2d13f,1777991629408411002,0.19322042,7.006783,7.2083783
sensor_accelerometer,0e44c1a2-1013-499e-b74b-808f97f2d13f,1777991629428415116,0.36550367,6.939784,6.5760746
sensor_accelerometer,0e44c1a2-1013-499e-b74b-808f97f2d13f,1777991629448445220,0.35593235,6.719046,5.6614184
sensor_accelerometer,0e44c1a2-1013-499e-b74b-808f97f2d13f,1777991629468429231,0.13100705,6.829714,5.2833524
sensor_accelerometer,0e44c1a2-1013-499e-b74b-808f97f2d13f,1777991629488445168,0.31286156,6.9589267,5.8486567
sensor_accelerometer,0e44c1a2-1013-499e-b74b-808f97f2d13f,1777991629508468397,0.30329028,6.8775706,6.667002
sensor_accelerometer,0e44c1a2-1013-499e-b74b-808f97f2d13f,1777991629528500324,0.10229317,6.8967133,7.0839515
sensor_accelerometer,0e44c1a2-1013-499e-b74b-808f97f2d13f,1777991629548504231,0.10707881,6.9684978,6.5760746
sensor_accelerometer,0e44c1a2-1013-499e-b74b-808f97f2d13f,1777991629568510585,0.39900318,7.2173514,6.0640106
sensor_accelerometer,0e44c1a2-1013-499e-b74b-808f97f2d13f,1777991629588536679,0.19800608,7.1072817,6.422934
sensor_accelerometer,0e44c1a2-1013-499e-b74b-808f97f2d13f,1777991629608511002,-0.10348958,7.073782,6.9212394
sensor_accelerometer,0e44c1a2-1013-499e-b74b-808f97f2d13f,1777991629628529908,0.09750752,7.088139,6.863812
sensor_accelerometer,0e44c1a2-1013-499e-b74b-808f97f2d13f,1777991629648540324,-0.0317049,6.8392854,6.533004
sensor_accelerometer,0e44c1a2-1013-499e-b74b-808f97f2d13f,1777991629668548866,-0.18484555,6.767501,6.20758
sensor_accelerometer,0e44c1a2-1013-499e-b74b-808f97f2d13f,1777991629688572147,-0.07956135,7.059425,6.1884375
sensor_accelerometer,0e44c1a2-1013-499e-b74b-808f97f2d13f,1777991629708576835,0.111864455,7.2269225,6.4995046
sensor_accelerometer,0e44c1a2-1013-499e-b74b-808f97f2d13f,1777991629728609127,0.21714866,7.13121,6.61436
sensor_accelerometer,0e44c1a2-1013-499e-b74b-808f97f2d13f,1777991629748599960,0.24107689,6.934998,6.7292156
sensor_accelerometer,0e44c1a2-1013-499e-b74b-808f97f2d13f,1777991629768624022,0.12143575,6.815357,6.250651
sensor_accelerometer,0e44c1a2-1013-499e-b74b-808f97f2d13f,1777991629788638606,0.025722843,6.9732833,5.94437
sensor_accelerometer,0e44c1a2-1013-499e-b74b-808f97f2d13f,1777991629808635168,-0.093918286,7.030711,5.8390856
sensor_accelerometer,0e44c1a2-1013-499e-b74b-808f97f2d13f,1777991629828633449,0.016151553,6.992426,5.8917274
sensor_accelerometer,0e44c1a2-1013-499e-b74b-808f97f2d13f,1777991629848644387,-0.11306087,7.0450683,6.265008
sensor_accelerometer,0e44c1a2-1013-499e-b74b-808f97f2d13f,1777991629868617616,0.20279172,7.09771,6.53779
sensor_accelerometer,0e44c1a2-1013-499e-b74b-808f97f2d13f,1777991629888667929,0.054436713,7.0546393,6.4612193
sensor_accelerometer,0e44c1a2-1013-499e-b74b-808f97f2d13f,1777991629908678866,-0.089132644,7.112067,6.437291
sensor_accelerometer,0e44c1a2-1013-499e-b74b-808f97f2d13f,1777991629928693762,0.054436713,7.1886373,6.6478596
sensor_accelerometer,0e44c1a2-1013-499e-b74b-808f97f2d13f,1777991629948703189,0.293719,7.0689964,6.7728844
sensor_accelerometer,0e44c1a2-1013-499e-b74b-808f97f2d13f,1777991629968707564,0.08315059,6.9302125,6.466005
sensor_accelerometer,0e44c1a2-1013-499e-b74b-808f97f2d13f,1777991629988716731,0.10707881,6.9589267,5.953941
sensor_accelerometer,0e44c1a2-1013-499e-b74b-808f97f2d13f,1777991630008731783,0.18364914,6.982855,5.6997037
sensor_accelerometer,0e44c1a2-1013-499e-b74b-808f97f2d13f,1777991630028747877,0.15493527,6.9589267,5.7146587
sensor_accelerometer,0e44c1a2-1013-499e-b74b-808f97f2d13f,1777991630048753397,0.09750752,6.901499,5.968298
sensor_accelerometer,0e44c1a2-1013-499e-b74b-808f97f2d13f,1777991630068832877,0.20279172,7.0546393,6.2171516
sensor_accelerometer,0e44c1a2-1013-499e-b74b-808f97f2d13f,1777991630088763033,0.28414768,7.016354,6.4851475
sensor_accelerometer,0e44c1a2-1013-499e-b74b-808f97f2d13f,1777991630108788762,0.293719,6.91107,6.8111696
sensor_accelerometer,0e44c1a2-1013-499e-b74b-808f97f2d13f,1777991630128797929,0.34636107,6.8727846,7.0169525
sensor_accelerometer,0e44c1a2-1013-499e-b74b-808f97f2d13f,1777991630148802981,0.09750752,6.8727846,7.0504518
sensor_accelerometer,0e44c1a2-1013-499e-b74b-808f97f2d13f,1777991630168816939,0.13579269,6.9062843,6.768099
sensor_accelerometer,0e44c1a2-1013-499e-b74b-808f97f2d13f,1777991630188846939,0.25064817,6.8775706,6.451648
sensor_accelerometer,0e44c1a2-1013-499e-b74b-808f97f2d13f,1777991630208829960,0.22671995,6.8775706,6.3272214
sensor_accelerometer,0e44c1a2-1013-499e-b74b-808f97f2d13f,1777991630228847199,0.24586253,6.829714,6.3607206
sensor_accelerometer,0e44c1a2-1013-499e-b74b-808f97f2d13f,1777991630248869804,0.30329028,6.74776,6.652645
sensor_accelerometer,0e44c1a2-1013-499e-b74b-808f97f2d13f,1777991630268883241,0.19322042,6.719046,6.906883
sensor_accelerometer,0e44c1a2-1013-499e-b74b-808f97f2d13f,1777991630288892304,0.111864455,6.7962146,6.695716
sensor_accelerometer,0e44c1a2-1013-499e-b74b-808f97f2d13f,1777991630308884699,0.26021945,7.016354,6.4085774
sensor_accelerometer,0e44c1a2-1013-499e-b74b-808f97f2d13f,1777991630328891366,0.38464624,6.9302125,6.5808606
sensor_accelerometer,0e44c1a2-1013-499e-b74b-808f97f2d13f,1777991630348908970,0.3272185,6.762715,6.748956
sensor_accelerometer,0e44c1a2-1013-499e-b74b-808f97f2d13f,1777991630368943970,0.25064817,6.8057857,6.480362
sensor_accelerometer,0e44c1a2-1013-499e-b74b-808f97f2d13f,1777991630388953918,0.23150559,6.815357,6.5521464
sensor_accelerometer,0e44c1a2-1013-499e-b74b-808f97f2d13f,1777991630408941679,0.28414768,6.777072,6.61436
sensor_accelerometer,0e44c1a2-1013-499e-b74b-808f97f2d13f,1777991630428969543,0.22671995,6.762715,6.4277196
sensor_accelerometer,0e44c1a2-1013-499e-b74b-808f97f2d13f,1777991630448975377,0.2219343,6.844071,6.332007
sensor_accelerometer,0e44c1a2-1013-499e-b74b-808f97f2d13f,1777991630468963918,0.21714866,6.939784,6.6574306
sensor_accelerometer,0e44c1a2-1013-499e-b74b-808f97f2d13f,1777991630488975272,0.23629123,6.829714,6.77767
sensor_accelerometer,0e44c1a2-1013-499e-b74b-808f97f2d13f,1777991630508991991,0.22671995,6.8727846,6.5138617
sensor_accelerometer,0e44c1a2-1013-499e-b74b-808f97f2d13f,1777991630528999543,0.21714866,6.7525454,6.3942204
sensor_accelerometer,0e44c1a2-1013-499e-b74b-808f97f2d13f,1777991630549017147,0.28893334,6.829714,6.5234327
sensor_accelerometer,0e44c1a2-1013-499e-b74b-808f97f2d13f,1777991630569043866,0.23150559,6.8536425,6.6574306
sensor_accelerometer,0e44c1a2-1013-499e-b74b-808f97f2d13f,1777991630589023189,0.34636107,6.7818575,6.77767
sensor_accelerometer,0e44c1a2-1013-499e-b74b-808f97f2d13f,1777991630609042981,0.28414768,6.9876404,6.585646
sensor_accelerometer,0e44c1a2-1013-499e-b74b-808f97f2d13f,1777991630629043502,0.08793623,6.8345,6.6239314
sensor_accelerometer,0e44c1a2-1013-499e-b74b-808f97f2d13f,1777991630649070064,0.22671995,6.9589267,6.8542404
sensor_accelerometer,0e44c1a2-1013-499e-b74b-808f97f2d13f,1777991630669038814,0.31286156,6.9302125,6.7537417
sensor_accelerometer,0e44c1a2-1013-499e-b74b-808f97f2d13f,1777991630689079908,0.34157544,6.8727846,6.4612193
sensor_accelerometer,0e44c1a2-1013-499e-b74b-808f97f2d13f,1777991630709097929,0.2650051,6.9206414,6.399006
sensor_accelerometer,0e44c1a2-1013-499e-b74b-808f97f2d13f,1777991630729130533,0.20279172,6.978069,6.399006
sensor_accelerometer,0e44c1a2-1013-499e-b74b-808f97f2d13f,1777991630749125064,0.25543383,7.0115685,6.4420767
sensor_accelerometer,0e44c1a2-1013-499e-b74b-808f97f2d13f,1777991630769134127,0.41336012,7.1455665,6.265008
sensor_accelerometer,0e44c1a2-1013-499e-b74b-808f97f2d13f,1777991630789160897,0.2650051,7.0259256,5.977869
sensor_accelerometer,0e44c1a2-1013-499e-b74b-808f97f2d13f,1777991630809145168,0.16450655,7.0450683,6.0783677
sensor_accelerometer,0e44c1a2-1013-499e-b74b-808f97f2d13f,1777991630829160012,0.15493527,7.13121,6.2027946
sensor_accelerometer,0e44c1a2-1013-499e-b74b-808f97f2d13f,1777991630849182720,0.0065802624,7.2556367,6.0975103
sensor_accelerometer,0e44c1a2-1013-499e-b74b-808f97f2d13f,1777991630869178606,0.068793654,7.3082786,5.9730835
sensor_accelerometer,0e44c1a2-1013-499e-b74b-808f97f2d13f,1777991630889207095,0.28893334,7.2556367,6.116653
sensor_accelerometer,0e44c1a2-1013-499e-b74b-808f97f2d13f,1777991630909204752,0.3080759,7.13121,6.1357956
sensor_accelerometer,0e44c1a2-1013-499e-b74b-808f97f2d13f,1777991630929201679,0.24586253,7.1934233,6.0640106
sensor_accelerometer,0e44c1a2-1013-499e-b74b-808f97f2d13f,1777991630949229908,0.26021945,7.2843504,5.9491553
sensor_accelerometer,0e44c1a2-1013-499e-b74b-808f97f2d13f,1777991630969224439,0.14536397,7.3609204,5.843871
sensor_accelerometer,0e44c1a2-1013-499e-b74b-808f97f2d13f,1777991630989265741,0.16450655,7.3417783,5.872585
sensor_accelerometer,0e44c1a2-1013-499e-b74b-808f97f2d13f,1777991631009256210,0.18843478,7.3752775,6.001797
sensor_accelerometer,0e44c1a2-1013-499e-b74b-808f97f2d13f,1777991631029289231,0.08315059,7.2699933,6.0975103
sensor_accelerometer,0e44c1a2-1013-499e-b74b-808f97f2d13f,1777991631049291106,0.15014961,7.3369923,6.087939
sensor_accelerometer,0e44c1a2-1013-499e-b74b-808f97f2d13f,1777991631069269856,0.21714866,7.3082786,5.776872
sensor_accelerometer,0e44c1a2-1013-499e-b74b-808f97f2d13f,1777991631089302408,0.13579269,7.2939215,5.5704913
sensor_accelerometer,0e44c1a2-1013-499e-b74b-808f97f2d13f,1777991631109301991,0.12622139,7.3369923,5.4460645
sensor_accelerometer,0e44c1a2-1013-499e-b74b-808f97f2d13f,1777991631129316418,0.111864455,7.231708,6.02094
sensor_accelerometer,0e44c1a2-1013-499e-b74b-808f97f2d13f,1777991631149332668,0.36550367,7.1168528,6.341578
sensor_accelerometer,0e44c1a2-1013-499e-b74b-808f97f2d13f,1777991631169355220,0.15493527,7.3082786,6.092725
sensor_accelerometer,0e44c1a2-1013-499e-b74b-808f97f2d13f,1777991631189339960,0.0017946169,7.5475607,5.5944195
