UserId,RoundId,TimestampAfterNs,TimestampBeforeNs,ContentLengthBefore,ActionType,KeyChar,CursorPosition,InputContent
LaWWukYn6xeN1jsWRIBI8QB2PvV2,1,1772472883336755000,1772472883289957000,0,Insert,D,1,D
LaWWukYn6xeN1jsWRIBI8QB2PvV2,1,1772472883463050000,1772472883454773000,1,Insert,n,2,Dn
LaWWukYn6xeN1jsWRIBI8QB2PvV2,1,1772472883610753000,1772472883603661000,2,Insert,e,3,Dne
LaWWukYn6xeN1jsWRIBI8QB2PvV2,1,1772472883877008000,1772472883873412000,3,Insert,s,4,Dnes
LaWWukYn6xeN1jsWRIBI8QB2PvV2,1,1772472884759871000,1772472884749214000,4,Insert, ,5,Dnes 
LaWWukYn6xeN1jsWRIBI8QB2PvV2,1,1772472884999010000,1772472884990025000,5,Insert,j,6,Dnes j
LaWWukYn6xeN1jsWRIBI8QB2PvV2,1,1772472885103874000,1772472885100575000,6,Insert,e,7,Dnes je
LaWWukYn6xeN1jsWRIBI8QB2PvV2,1,1772472885341389000,1772472885331778000,7,Insert, ,8,Dnes je 
LaWWukYn6xeN1jsWRIBI8QB2PvV2,1,1772472885557384000,1772472885552656000,8,Insert,v,9,Dnes je v
LaWWukYn6xeN1jsWRIBI8QB2PvV2,1,1772472885676017000,1772472885668435000,9,Insert,o,10,Dnes je vo
LaWWukYn6xeN1jsWRIBI8QB2PvV2,1,1772472885894960000,1772472885890332000,10,Insert,n,11,Dnes je von
LaWWukYn6xeN1jsWRIBI8QB2PvV2,1,1772472886070016000,1772472886065255000,11,Insert,k,12,Dnes je vonk
LaWWukYn6xeN1jsWRIBI8QB2PvV2,1,1772472886236487000,1772472886231789000,12,Insert,u,13,Dnes je vonku
LaWWukYn6xeN1jsWRIBI8QB2PvV2,1,1772472886392172000,1772472886385641000,13,Insert, ,14,Dnes je vonku 
LaWWukYn6xeN1jsWRIBI8QB2PvV2,1,1772472887287365000,1772472887282872000,14,Insert,p,15,Dnes je vonku p
LaWWukYn6xeN1jsWRIBI8QB2PvV2,1,1772472887433977000,1772472887429488000,15,Insert,e,16,Dnes je vonku pe
LaWWukYn6xeN1jsWRIBI8QB2PvV2,1,1772472887568603000,1772472887559256000,16,Insert,k,17,Dnes je vonku pek
LaWWukYn6xeN1jsWRIBI8QB2PvV2,1,1772472887710328000,1772472887705281000,17,Insert,n,18,Dnes je vonku pekn
LaWWukYn6xeN1jsWRIBI8QB2PvV2,1,1772472887774135000,1772472887769612000,18,Insert,e,19,Dnes je vonku pekne
LaWWukYn6xeN1jsWRIBI8QB2PvV2,1,1772472889807978000,1772472889803138000,19,Insert,",",20,"Dnes je vonku pekne,"
LaWWukYn6xeN1jsWRIBI8QB2PvV2,1,1772472890699237000,1772472890687138000,20,Insert, ,21,"Dnes je vonku pekne, "
LaWWukYn6xeN1jsWRIBI8QB2PvV2,1,1772472891281863000,1772472891277074000,21,Insert,i,22,"Dnes je vonku pekne, i"
LaWWukYn6xeN1jsWRIBI8QB2PvV2,1,1772472891398065000,1772472891393558000,22,Insert,d,23,"Dnes je vonku pekne, id"
LaWWukYn6xeN1jsWRIBI8QB2PvV2,1,1772472891578049000,1772472891572879000,23,Insert,e,24,"Dnes je vonku pekne, ide"
LaWWukYn6xeN1jsWRIBI8QB2PvV2,1,1772472891663349000,1772472891658588000,24,Insert,m,25,"Dnes je vonku pekne, idem"
LaWWukYn6xeN1jsWRIBI8QB2PvV2,1,1772472891849482000,1772472891844609000,25,Insert, ,26,"Dnes je vonku pekne, idem "
LaWWukYn6xeN1jsWRIBI8QB2PvV2,1,1772472892122871000,1772472892118404000,26,Insert,v,27,"Dnes je vonku pekne, idem v"
LaWWukYn6xeN1jsWRIBI8QB2PvV2,1,1772472892241744000,1772472892237264000,27,Insert,o,28,"Dnes je vonku pekne, idem vo"
LaWWukYn6xeN1jsWRIBI8QB2PvV2,1,1772472892488650000,1772472892480332000,28,Insert,n,29,"Dnes je vonku pekne, idem von"
LaWWukYn6xeN1jsWRIBI8QB2PvV2,1,1772472893040963000,1772472893034738000,29,Insert, ,30,"Dnes je vonku pekne, idem von "
LaWWukYn6xeN1jsWRIBI8QB2PvV2,1,1772472893384880000,1772472893378025000,30,Insert,s,31,"Dnes je vonku pekne, idem von s"
LaWWukYn6xeN1jsWRIBI8QB2PvV2,1,1772472893470001000,1772472893465170000,31,Insert,o,32,"Dnes je vonku pekne, idem von so"
LaWWukYn6xeN1jsWRIBI8QB2PvV2,1,1772472893648562000,1772472893643644000,32,Insert, ,33,"Dnes je vonku pekne, idem von so "
LaWWukYn6xeN1jsWRIBI8QB2PvV2,1,1772472893783236000,1772472893778412000,33,Insert,p,34,"Dnes je vonku pekne, idem von so p"
LaWWukYn6xeN1jsWRIBI8QB2PvV2,1,1772472893873963000,1772472893869336000,34,Insert,r,35,"Dnes je vonku pekne, idem von so pr"
LaWWukYn6xeN1jsWRIBI8QB2PvV2,1,1772472894005495000,1772472894000426000,35,Insert,o,36,"Dnes je vonku pekne, idem von so pro"
LaWWukYn6xeN1jsWRIBI8QB2PvV2,1,1772472894080684000,1772472894075763000,36,Insert,s,37,"Dnes je vonku pekne, idem von so pros"
LaWWukYn6xeN1jsWRIBI8QB2PvV2,1,1772472894597227000,1772472894587567000,37,Delete,s,36,"Dnes je vonku pekne, idem von so pro"
LaWWukYn6xeN1jsWRIBI8QB2PvV2,1,1772472894745759000,1772472894739127000,36,Delete,o,35,"Dnes je vonku pekne, idem von so pr"
LaWWukYn6xeN1jsWRIBI8QB2PvV2,1,1772472894904342000,1772472894901641000,35,Delete,r,34,"Dnes je vonku pekne, idem von so p"
LaWWukYn6xeN1jsWRIBI8QB2PvV2,1,1772472894975366000,1772472894970514000,34,Insert,s,35,"Dnes je vonku pekne, idem von so ps"
LaWWukYn6xeN1jsWRIBI8QB2PvV2,1,1772472895129867000,1772472895124345000,35,Insert,o,36,"Dnes je vonku pekne, idem von so pso"
LaWWukYn6xeN1jsWRIBI8QB2PvV2,1,1772472895520535000,1772472895515840000,36,Insert,m,37,"Dnes je vonku pekne, idem von so psom"
LaWWukYn6xeN1jsWRIBI8QB2PvV2,1,1772472895750450000,1772472895744742000,37,Insert, ,38,"Dnes je vonku pekne, idem von so psom "
LaWWukYn6xeN1jsWRIBI8QB2PvV2,1,1772472896090244000,1772472896085297000,38,Insert,n,39,"Dnes je vonku pekne, idem von so psom n"
LaWWukYn6xeN1jsWRIBI8QB2PvV2,1,1772472896185093000,1772472896175548000,39,Insert,a,40,"Dnes je vonku pekne, idem von so psom na"
LaWWukYn6xeN1jsWRIBI8QB2PvV2,1,1772472896452096000,1772472896448816000,40,Insert, ,41,"Dnes je vonku pekne, idem von so psom na "
LaWWukYn6xeN1jsWRIBI8QB2PvV2,1,1772472896920935000,1772472896916440000,41,Insert,d,42,"Dnes je vonku pekne, idem von so psom na d"
LaWWukYn6xeN1jsWRIBI8QB2PvV2,1,1772472897152832000,1772472897147564000,42,Insert,v,43,"Dnes je vonku pekne, idem von so psom na dv"
LaWWukYn6xeN1jsWRIBI8QB2PvV2,1,1772472897281226000,1772472897276144000,43,Insert,o,44,"Dnes je vonku pekne, idem von so psom na dvo"
LaWWukYn6xeN1jsWRIBI8QB2PvV2,1,1772472897372484000,1772472897367465000,44,Insert,r,45,"Dnes je vonku pekne, idem von so psom na dvor"
LaWWukYn6xeN1jsWRIBI8QB2PvV2,1,1772472898310735000,1772472898307615000,45,Insert, ,46,"Dnes je vonku pekne, idem von so psom na dvor "
LaWWukYn6xeN1jsWRIBI8QB2PvV2,1,1772472898590503000,1772472898585534000,46,Insert,a,47,"Dnes je vonku pekne, idem von so psom na dvor a"
LaWWukYn6xeN1jsWRIBI8QB2PvV2,1,1772472898805082000,1772472898796372000,47,Insert, ,48,"Dnes je vonku pekne, idem von so psom na dvor a "
LaWWukYn6xeN1jsWRIBI8QB2PvV2,1,1772472899047406000,1772472899039071000,48,Insert,b,49,"Dnes je vonku pekne, idem von so psom na dvor a b"
LaWWukYn6xeN1jsWRIBI8QB2PvV2,1,1772472899213375000,1772472899207207000,49,Insert,u,50,"Dnes je vonku pekne, idem von so psom na dvor a bu"
LaWWukYn6xeN1jsWRIBI8QB2PvV2,2,1772472910923742000,1772472910919199000,0,Insert,D,1,D
LaWWukYn6xeN1jsWRIBI8QB2PvV2,2,1772472911033659000,1772472911029521000,1,Insert,n,2,Dn
LaWWukYn6xeN1jsWRIBI8QB2PvV2,2,1772472911134363000,1772472911130134000,2,Insert,e,3,Dne
LaWWukYn6xeN1jsWRIBI8QB2PvV2,2,1772472911278348000,1772472911273957000,3,Insert,s,4,Dnes
LaWWukYn6xeN1jsWRIBI8QB2PvV2,2,1772472911510260000,1772472911507042000,4,Insert, ,5,Dnes 
LaWWukYn6xeN1jsWRIBI8QB2PvV2,2,1772472911686731000,1772472911682589000,5,Insert,j,6,Dnes j
LaWWukYn6xeN1jsWRIBI8QB2PvV2,2,1772472911781961000,1772472911776914000,6,Insert,e,7,Dnes je
LaWWukYn6xeN1jsWRIBI8QB2PvV2,2,1772472911981216000,1772472911976555000,7,Insert, ,8,Dnes je 
LaWWukYn6xeN1jsWRIBI8QB2PvV2,2,1772472912130100000,1772472912125661000,8,Insert,v,9,Dnes je v
LaWWukYn6xeN1jsWRIBI8QB2PvV2,2,1772472912215554000,1772472912211071000,9,Insert,i,10,Dnes je vi
LaWWukYn6xeN1jsWRIBI8QB2PvV2,2,1772472912415277000,1772472912410425000,10,Insert,n,11,Dnes je vin
LaWWukYn6xeN1jsWRIBI8QB2PvV2,2,1772472912598115000,1772472912592432000,11,Insert,k,12,Dnes je vink
LaWWukYn6xeN1jsWRIBI8QB2PvV2,2,1772472912767793000,1772472912763232000,12,Insert,u,13,Dnes je vinku
LaWWukYn6xeN1jsWRIBI8QB2PvV2,2,1772472913596412000,1772472913591763000,13,Delete,u,12,Dnes je vink
LaWWukYn6xeN1jsWRIBI8QB2PvV2,2,1772472913777239000,1772472913774240000,12,Delete,k,11,Dnes je vin
LaWWukYn6xeN1jsWRIBI8QB2PvV2,2,1772472913959495000,1772472913949440000,11,Delete,n,10,Dnes je vi
LaWWukYn6xeN1jsWRIBI8QB2PvV2,2,1772472914134345000,1772472914131725000,10,Delete,i,9,Dnes je v
LaWWukYn6xeN1jsWRIBI8QB2PvV2,2,1772472914484331000,1772472914476289000,9,Insert,o,10,Dnes je vo
LaWWukYn6xeN1jsWRIBI8QB2PvV2,2,1772472914736326000,1772472914729483000,10,Insert,n,11,Dnes je von
LaWWukYn6xeN1jsWRIBI8QB2PvV2,2,1772472914943167000,1772472914934792000,11,Insert,k,12,Dnes je vonk
LaWWukYn6xeN1jsWRIBI8QB2PvV2,2,1772472915120187000,1772472915115992000,12,Insert,u,13,Dnes je vonku
LaWWukYn6xeN1jsWRIBI8QB2PvV2,2,1772472915248582000,1772472915238606000,13,Insert, ,14,Dnes je vonku 
LaWWukYn6xeN1jsWRIBI8QB2PvV2,2,1772472915914222000,1772472915895868000,14,Insert,p,15,Dnes je vonku p
LaWWukYn6xeN1jsWRIBI8QB2PvV2,2,1772472915982539000,1772472915978195000,15,Insert,e,16,Dnes je vonku pe
LaWWukYn6xeN1jsWRIBI8QB2PvV2,2,1772472916134388000,1772472916130007000,16,Insert,k,17,Dnes je vonku pek
LaWWukYn6xeN1jsWRIBI8QB2PvV2,2,1772472916310551000,1772472916305975000,17,Insert,n,18,Dnes je vonku pekn
LaWWukYn6xeN1jsWRIBI8QB2PvV2,2,1772472916403465000,1772472916399108000,18,Insert,e,19,Dnes je vonku pekne
LaWWukYn6xeN1jsWRIBI8QB2PvV2,2,1772472917414926000,1772472917404905000,19,Insert,",",20,"Dnes je vonku pekne,"
LaWWukYn6xeN1jsWRIBI8QB2PvV2,2,1772472917768950000,1772472917763284000,20,Insert, ,21,"Dnes je vonku pekne, "
LaWWukYn6xeN1jsWRIBI8QB2PvV2,2,1772472918167962000,1772472918161155000,21,Insert,i,22,"Dnes je vonku pekne, i"
LaWWukYn6xeN1jsWRIBI8QB2PvV2,2,1772472918285121000,1772472918280898000,22,Insert,d,23,"Dnes je vonku pekne, id"
LaWWukYn6xeN1jsWRIBI8QB2PvV2,2,1772472918459100000,1772472918454877000,23,Insert,e,24,"Dnes je vonku pekne, ide"
LaWWukYn6xeN1jsWRIBI8QB2PvV2,2,1772472918537948000,1772472918533626000,24,Insert,m,25,"Dnes je vonku pekne, idem"
LaWWukYn6xeN1jsWRIBI8QB2PvV2,2,1772472918680165000,1772472918675722000,25,Insert, ,26,"Dnes je vonku pekne, idem "
LaWWukYn6xeN1jsWRIBI8QB2PvV2,2,1772472918886114000,1772472918879272000,26,Insert,b,27,"Dnes je vonku pekne, idem b"
LaWWukYn6xeN1jsWRIBI8QB2PvV2,2,1772472919054404000,1772472919049632000,27,Insert,o,28,"Dnes je vonku pekne, idem bo"
LaWWukYn6xeN1jsWRIBI8QB2PvV2,2,1772472919287299000,1772472919279825000,28,Insert,n,29,"Dnes je vonku pekne, idem bon"
LaWWukYn6xeN1jsWRIBI8QB2PvV2,2,1772472919666903000,1772472919661853000,29,Delete,n,28,"Dnes je vonku pekne, idem bo"
LaWWukYn6xeN1jsWRIBI8QB2PvV2,2,1772472919820349000,1772472919817185000,28,Delete,o,27,"Dnes je vonku pekne, idem b"
LaWWukYn6xeN1jsWRIBI8QB2PvV2,2,1772472919997601000,1772472919994881000,27,Delete,b,26,"Dnes je vonku pekne, idem "
LaWWukYn6xeN1jsWRIBI8QB2PvV2,2,1772472920061067000,1772472920056344000,26,Insert,v,27,"Dnes je vonku pekne, idem v"
LaWWukYn6xeN1jsWRIBI8QB2PvV2,2,1772472920246845000,1772472920242032000,27,Insert,o,28,"Dnes je vonku pekne, idem vo"
LaWWukYn6xeN1jsWRIBI8QB2PvV2,2,1772472920503729000,1772472920495424000,28,Insert,n,29,"Dnes je vonku pekne, idem von"
LaWWukYn6xeN1jsWRIBI8QB2PvV2,2,1772472921235085000,1772472921227572000,29,Insert, ,30,"Dnes je vonku pekne, idem von "
LaWWukYn6xeN1jsWRIBI8QB2PvV2,2,1772472923524638000,1772472923519940000,30,Insert,s,31,"Dnes je vonku pekne, idem von s"
LaWWukYn6xeN1jsWRIBI8QB2PvV2,2,1772472923615849000,1772472923611153000,31,Insert,o,32,"Dnes je vonku pekne, idem von so"
LaWWukYn6xeN1jsWRIBI8QB2PvV2,2,1772472923769538000,1772472923764938000,32,Insert, ,33,"Dnes je vonku pekne, idem von so "
LaWWukYn6xeN1jsWRIBI8QB2PvV2,2,1772472923942484000,1772472923938139000,33,Insert,p,34,"Dnes je vonku pekne, idem von so p"
LaWWukYn6xeN1jsWRIBI8QB2PvV2,2,1772472924120643000,1772472924114959000,34,Insert,s,35,"Dnes je vonku pekne, idem von so ps"
LaWWukYn6xeN1jsWRIBI8QB2PvV2,2,1772472924396168000,1772472924389174000,35,Insert,o,36,"Dnes je vonku pekne, idem von so pso"
LaWWukYn6xeN1jsWRIBI8QB2PvV2,2,1772472924612322000,1772472924607979000,36,Insert,m,37,"Dnes je vonku pekne, idem von so psom"
LaWWukYn6xeN1jsWRIBI8QB2PvV2,2,1772472925504191000,1772472925494076000,37,Insert, ,38,"Dnes je vonku pekne, idem von so psom "
LaWWukYn6xeN1jsWRIBI8QB2PvV2,2,1772472925654646000,1772472925645899000,38,Insert,n,39,"Dnes je vonku pekne, idem von so psom n"
LaWWukYn6xeN1jsWRIBI8QB2PvV2,2,1772472925747902000,1772472925743339000,39,Insert,a,40,"Dnes je vonku pekne, idem von so psom na"
LaWWukYn6xeN1jsWRIBI8QB2PvV2,2,1772472925954265000,1772472925945665000,40,Insert, ,41,"Dnes je vonku pekne, idem von so psom na "
LaWWukYn6xeN1jsWRIBI8QB2PvV2,2,1772472926130947000,1772472926125164000,41,Insert,d,42,"Dnes je vonku pekne, idem von so psom na d"
LaWWukYn6xeN1jsWRIBI8QB2PvV2,2,1772472926339878000,1772472926331810000,42,Insert,v,43,"Dnes je vonku pekne, idem von so psom na dv"
LaWWukYn6xeN1jsWRIBI8QB2PvV2,2,1772472926447365000,1772472926442529000,43,Insert,o,44,"Dnes je vonku pekne, idem von so psom na dvo"
LaWWukYn6xeN1jsWRIBI8QB2PvV2,2,1772472926560062000,1772472926554630000,44,Insert,r,45,"Dnes je vonku pekne, idem von so psom na dvor"
LaWWukYn6xeN1jsWRIBI8QB2PvV2,2,1772472927495754000,1772472927489869000,45,Insert, ,46,"Dnes je vonku pekne, idem von so psom na dvor "
LaWWukYn6xeN1jsWRIBI8QB2PvV2,2,1772472927737451000,1772472927729942000,46,Insert,a,47,"Dnes je vonku pekne, idem von so psom na dvor a"
LaWWukYn6xeN1jsWRIBI8QB2PvV2,2,1772472927947336000,1772472927941668000,47,Insert, ,48,"Dnes je vonku pekne, idem von so psom na dvor a "
LaWWukYn6xeN1jsWRIBI8QB2PvV2,2,1772472928144587000,1772472928140247000,48,Insert,b,49,"Dnes je vonku pekne, idem von so psom na dvor a b"
LaWWukYn6xeN1jsWRIBI8QB2PvV2,2,1772472928326584000,1772472928322266000,49,Insert,u,50,"Dnes je vonku pekne, idem von so psom na dvor a bu"
LaWWukYn6xeN1jsWRIBI8QB2PvV2,3,1772472940865404000,1772472940861099000,0,Insert,D,1,D
LaWWukYn6xeN1jsWRIBI8QB2PvV2,3,1772472941021575000,1772472941017391000,1,Insert,n,2,Dn
LaWWukYn6xeN1jsWRIBI8QB2PvV2,3,1772472941102482000,1772472941098391000,2,Insert,e,3,Dne
LaWWukYn6xeN1jsWRIBI8QB2PvV2,3,1772472941261697000,1772472941257583000,3,Insert,s,4,Dnes
LaWWukYn6xeN1jsWRIBI8QB2PvV2,3,1772472941537093000,1772472941530179000,4,Insert, ,5,Dnes 
LaWWukYn6xeN1jsWRIBI8QB2PvV2,3,1772472941792356000,1772472941785655000,5,Insert,j,6,Dnes j
LaWWukYn6xeN1jsWRIBI8QB2PvV2,3,1772472941883167000,1772472941878977000,6,Insert,e,7,Dnes je
LaWWukYn6xeN1jsWRIBI8QB2PvV2,3,1772472942112927000,1772472942106156000,7,Insert, ,8,Dnes je 
LaWWukYn6xeN1jsWRIBI8QB2PvV2,3,1772472942519790000,1772472942515549000,8,Insert,v,9,Dnes je v
LaWWukYn6xeN1jsWRIBI8QB2PvV2,3,1772472942630648000,1772472942625459000,9,Insert,o,10,Dnes je vo
LaWWukYn6xeN1jsWRIBI8QB2PvV2,3,1772472942851700000,1772472942844978000,10,Insert,n,11,Dnes je von
LaWWukYn6xeN1jsWRIBI8QB2PvV2,3,1772472943032029000,1772472943027945000,11,Insert,k,12,Dnes je vonk
LaWWukYn6xeN1jsWRIBI8QB2PvV2,3,1772472943215050000,1772472943209324000,12,Insert,u,13,Dnes je vonku
LaWWukYn6xeN1jsWRIBI8QB2PvV2,3,1772472943377651000,1772472943371735000,13,Insert, ,14,Dnes je vonku 
LaWWukYn6xeN1jsWRIBI8QB2PvV2,3,1772472944128627000,1772472944117966000,14,Insert,p,15,Dnes je vonku p
LaWWukYn6xeN1jsWRIBI8QB2PvV2,3,1772472944241341000,1772472944237132000,15,Insert,e,16,Dnes je vonku pe
LaWWukYn6xeN1jsWRIBI8QB2PvV2,3,1772472944423078000,1772472944418442000,16,Insert,k,17,Dnes je vonku pek
LaWWukYn6xeN1jsWRIBI8QB2PvV2,3,1772472944595370000,1772472944591095000,17,Insert,n,18,Dnes je vonku pekn
LaWWukYn6xeN1jsWRIBI8QB2PvV2,3,1772472944665908000,1772472944661732000,18,Insert,e,19,Dnes je vonku pekne
LaWWukYn6xeN1jsWRIBI8QB2PvV2,3,1772472945820295000,1772472945811671000,19,Insert,",",20,"Dnes je vonku pekne,"
LaWWukYn6xeN1jsWRIBI8QB2PvV2,3,1772472946097414000,1772472946093132000,20,Insert, ,21,"Dnes je vonku pekne, "
LaWWukYn6xeN1jsWRIBI8QB2PvV2,3,1772472946268647000,1772472946264354000,21,Insert,i,22,"Dnes je vonku pekne, i"
LaWWukYn6xeN1jsWRIBI8QB2PvV2,3,1772472946396841000,1772472946392617000,22,Insert,d,23,"Dnes je vonku pekne, id"
LaWWukYn6xeN1jsWRIBI8QB2PvV2,3,1772472946571492000,1772472946566454000,23,Insert,e,24,"Dnes je vonku pekne, ide"
LaWWukYn6xeN1jsWRIBI8QB2PvV2,3,1772472946655112000,1772472946650485000,24,Insert,m,25,"Dnes je vonku pekne, idem"
LaWWukYn6xeN1jsWRIBI8QB2PvV2,3,1772472946802348000,1772472946797925000,25,Insert, ,26,"Dnes je vonku pekne, idem "
LaWWukYn6xeN1jsWRIBI8QB2PvV2,3,1772472946961733000,1772472946957392000,26,Insert,b,27,"Dnes je vonku pekne, idem b"
LaWWukYn6xeN1jsWRIBI8QB2PvV2,3,1772472947060535000,1772472947055466000,27,Insert,o,28,"Dnes je vonku pekne, idem bo"
LaWWukYn6xeN1jsWRIBI8QB2PvV2,3,1772472947285311000,1772472947277922000,28,Insert,n,29,"Dnes je vonku pekne, idem bon"
LaWWukYn6xeN1jsWRIBI8QB2PvV2,3,1772472947708393000,1772472947705384000,29,Delete,n,28,"Dnes je vonku pekne, idem bo"
LaWWukYn6xeN1jsWRIBI8QB2PvV2,3,1772472947865027000,1772472947862278000,28,Delete,o,27,"Dnes je vonku pekne, idem b"
LaWWukYn6xeN1jsWRIBI8QB2PvV2,3,1772472948037925000,1772472948033236000,27,Delete,b,26,"Dnes je vonku pekne, idem "
LaWWukYn6xeN1jsWRIBI8QB2PvV2,3,1772472948134978000,1772472948129556000,26,Insert,v,27,"Dnes je vonku pekne, idem v"
LaWWukYn6xeN1jsWRIBI8QB2PvV2,3,1772472948260660000,1772472948252284000,27,Insert,o,28,"Dnes je vonku pekne, idem vo"
LaWWukYn6xeN1jsWRIBI8QB2PvV2,3,1772472948450473000,1772472948446083000,28,Insert,n,29,"Dnes je vonku pekne, idem von"
LaWWukYn6xeN1jsWRIBI8QB2PvV2,3,1772472948713195000,1772472948706334000,29,Insert, ,30,"Dnes je vonku pekne, idem von "
LaWWukYn6xeN1jsWRIBI8QB2PvV2,3,1772472949102501000,1772472949096285000,30,Insert,a,31,"Dnes je vonku pekne, idem von a"
LaWWukYn6xeN1jsWRIBI8QB2PvV2,3,1772472949505925000,1772472949502052000,31,Delete,a,30,"Dnes je vonku pekne, idem von "
LaWWukYn6xeN1jsWRIBI8QB2PvV2,3,1772472949604046000,1772472949599763000,30,Insert,s,31,"Dnes je vonku pekne, idem von s"
LaWWukYn6xeN1jsWRIBI8QB2PvV2,3,1772472949749104000,1772472949745195000,31,Insert,o,32,"Dnes je vonku pekne, idem von so"
LaWWukYn6xeN1jsWRIBI8QB2PvV2,3,1772472949945758000,1772472949937828000,32,Insert, ,33,"Dnes je vonku pekne, idem von so "
LaWWukYn6xeN1jsWRIBI8QB2PvV2,3,1772472950632302000,1772472950625054000,33,Insert,p,34,"Dnes je vonku pekne, idem von so p"
LaWWukYn6xeN1jsWRIBI8QB2PvV2,3,1772472950999607000,1772472950992899000,34,Insert,s,35,"Dnes je vonku pekne, idem von so ps"
LaWWukYn6xeN1jsWRIBI8QB2PvV2,3,1772472951099955000,1772472951095858000,35,Insert,o,36,"Dnes je vonku pekne, idem von so pso"
LaWWukYn6xeN1jsWRIBI8QB2PvV2,3,1772472951355746000,1772472951351627000,36,Insert,m,37,"Dnes je vonku pekne, idem von so psom"
LaWWukYn6xeN1jsWRIBI8QB2PvV2,3,1772472951556637000,1772472951549395000,37,Insert, ,38,"Dnes je vonku pekne, idem von so psom "
LaWWukYn6xeN1jsWRIBI8QB2PvV2,3,1772472951937297000,1772472951930882000,38,Insert,n,39,"Dnes je vonku pekne, idem von so psom n"
LaWWukYn6xeN1jsWRIBI8QB2PvV2,3,1772472952036203000,1772472952026747000,39,Insert,a,40,"Dnes je vonku pekne, idem von so psom na"
LaWWukYn6xeN1jsWRIBI8QB2PvV2,3,1772472952282441000,1772472952275676000,40,Insert, ,41,"Dnes je vonku pekne, idem von so psom na "
LaWWukYn6xeN1jsWRIBI8QB2PvV2,3,1772472952846486000,1772472952841487000,41,Insert,d,42,"Dnes je vonku pekne, idem von so psom na d"
LaWWukYn6xeN1jsWRIBI8QB2PvV2,3,1772472953079175000,1772472953072679000,42,Insert,v,43,"Dnes je vonku pekne, idem von so psom na dv"
LaWWukYn6xeN1jsWRIBI8QB2PvV2,3,1772472953204235000,1772472953197738000,43,Insert,o,44,"Dnes je vonku pekne, idem von so psom na dvo"
LaWWukYn6xeN1jsWRIBI8QB2PvV2,3,1772472953324443000,1772472953319034000,44,Insert,r,45,"Dnes je vonku pekne, idem von so psom na dvor"
LaWWukYn6xeN1jsWRIBI8QB2PvV2,3,1772472953564093000,1772472953557084000,45,Insert, ,46,"Dnes je vonku pekne, idem von so psom na dvor "
LaWWukYn6xeN1jsWRIBI8QB2PvV2,3,1772472953823489000,1772472953817212000,46,Insert,a,47,"Dnes je vonku pekne, idem von so psom na dvor a"
LaWWukYn6xeN1jsWRIBI8QB2PvV2,3,1772472954041228000,1772472954032471000,47,Insert, ,48,"Dnes je vonku pekne, idem von so psom na dvor a "
LaWWukYn6xeN1jsWRIBI8QB2PvV2,3,1772472954288802000,1772472954281334000,48,Insert,b,49,"Dnes je vonku pekne, idem von so psom na dvor a b"
LaWWukYn6xeN1jsWRIBI8QB2PvV2,3,1772472954487969000,1772472954483211000,49,Insert,u,50,"Dnes je vonku pekne, idem von so psom na dvor a bu"
LaWWukYn6xeN1jsWRIBI8QB2PvV2,4,1772472967051099000,1772472967045935000,0,Insert,D,1,D
LaWWukYn6xeN1jsWRIBI8QB2PvV2,4,1772472967158974000,1772472967154989000,1,Insert,n,2,Dn
LaWWukYn6xeN1jsWRIBI8QB2PvV2,4,1772472967260302000,1772472967256338000,2,Insert,e,3,Dne
LaWWukYn6xeN1jsWRIBI8QB2PvV2,4,1772472967411591000,1772472967407306000,3,Insert,s,4,Dnes
LaWWukYn6xeN1jsWRIBI8QB2PvV2,4,1772472967658726000,1772472967652112000,4,Insert, ,5,Dnes 
LaWWukYn6xeN1jsWRIBI8QB2PvV2,4,1772472967794441000,1772472967790327000,5,Insert,j,6,Dnes j
LaWWukYn6xeN1jsWRIBI8QB2PvV2,4,1772472967878380000,1772472967874405000,6,Insert,e,7,Dnes je
LaWWukYn6xeN1jsWRIBI8QB2PvV2,4,1772472968079612000,1772472968071576000,7,Insert, ,8,Dnes je 
LaWWukYn6xeN1jsWRIBI8QB2PvV2,4,1772472968241896000,1772472968237910000,8,Insert,b,9,Dnes je b
LaWWukYn6xeN1jsWRIBI8QB2PvV2,4,1772472968320337000,1772472968316081000,9,Insert,o,10,Dnes je bo
LaWWukYn6xeN1jsWRIBI8QB2PvV2,4,1772472968550063000,1772472968543388000,10,Insert,n,11,Dnes je bon
LaWWukYn6xeN1jsWRIBI8QB2PvV2,4,1772472968727928000,1772472968723982000,11,Insert,k,12,Dnes je bonk
LaWWukYn6xeN1jsWRIBI8QB2PvV2,4,1772472969114266000,1772472969110095000,12,Delete,k,11,Dnes je bon
LaWWukYn6xeN1jsWRIBI8QB2PvV2,4,1772472969279473000,1772472969276594000,11,Delete,n,10,Dnes je bo
LaWWukYn6xeN1jsWRIBI8QB2PvV2,4,1772472969450078000,1772472969447635000,10,Delete,o,9,Dnes je b
LaWWukYn6xeN1jsWRIBI8QB2PvV2,4,1772472969608047000,1772472969605506000,9,Delete,b,8,Dnes je 
LaWWukYn6xeN1jsWRIBI8QB2PvV2,4,1772472969775561000,1772472969773118000,8,Delete, ,7,Dnes je
LaWWukYn6xeN1jsWRIBI8QB2PvV2,4,1772472969888952000,1772472969883538000,7,Insert,v,8,Dnes jev
LaWWukYn6xeN1jsWRIBI8QB2PvV2,4,1772472970013862000,1772472970009620000,8,Insert,o,9,Dnes jevo
LaWWukYn6xeN1jsWRIBI8QB2PvV2,4,1772472970231060000,1772472970224500000,9,Insert,n,10,Dnes jevon
LaWWukYn6xeN1jsWRIBI8QB2PvV2,4,1772472970406030000,1772472970401839000,10,Insert,k,11,Dnes jevonk
LaWWukYn6xeN1jsWRIBI8QB2PvV2,4,1772472970582044000,1772472970577788000,11,Insert,u,12,Dnes jevonku
LaWWukYn6xeN1jsWRIBI8QB2PvV2,4,1772472972082482000,1772472972039084000,12,Insert, ,13,Dnes je vonku
LaWWukYn6xeN1jsWRIBI8QB2PvV2,4,1772472973008443000,1772472972989382000,13,Insert, ,14,Dnes je vonku 
LaWWukYn6xeN1jsWRIBI8QB2PvV2,4,1772472973249304000,1772472973241264000,14,Insert,p,15,Dnes je vonku p
LaWWukYn6xeN1jsWRIBI8QB2PvV2,4,1772472973336431000,1772472973331615000,15,Insert,e,16,Dnes je vonku pe
LaWWukYn6xeN1jsWRIBI8QB2PvV2,4,1772472973487674000,1772472973482819000,16,Insert,k,17,Dnes je vonku pek
LaWWukYn6xeN1jsWRIBI8QB2PvV2,4,1772472973651692000,1772472973647429000,17,Insert,n,18,Dnes je vonku pekn
LaWWukYn6xeN1jsWRIBI8QB2PvV2,4,1772472973752812000,1772472973748267000,18,Insert,e,19,Dnes je vonku pekne
LaWWukYn6xeN1jsWRIBI8QB2PvV2,4,1772472974840801000,1772472974833907000,19,Insert,",",20,"Dnes je vonku pekne,"
LaWWukYn6xeN1jsWRIBI8QB2PvV2,4,1772472975309988000,1772472975300476000,20,Insert, ,21,"Dnes je vonku pekne, "
LaWWukYn6xeN1jsWRIBI8QB2PvV2,4,1772472975697195000,1772472975687714000,21,Insert,i,22,"Dnes je vonku pekne, i"
LaWWukYn6xeN1jsWRIBI8QB2PvV2,4,1772472975859241000,1772472975854947000,22,Insert,d,23,"Dnes je vonku pekne, id"
LaWWukYn6xeN1jsWRIBI8QB2PvV2,4,1772472976017994000,1772472976013675000,23,Insert,e,24,"Dnes je vonku pekne, ide"
LaWWukYn6xeN1jsWRIBI8QB2PvV2,4,1772472976144954000,1772472976140031000,24,Insert,m,25,"Dnes je vonku pekne, idem"
LaWWukYn6xeN1jsWRIBI8QB2PvV2,4,1772472976325767000,1772472976321865000,25,Insert, ,26,"Dnes je vonku pekne, idem "
LaWWukYn6xeN1jsWRIBI8QB2PvV2,4,1772472976518101000,1772472976515083000,26,Insert,b,27,"Dnes je vonku pekne, idem b"
LaWWukYn6xeN1jsWRIBI8QB2PvV2,4,1772472976645382000,1772472976641743000,27,Insert,o,28,"Dnes je vonku pekne, idem bo"
LaWWukYn6xeN1jsWRIBI8QB2PvV2,4,1772472976894450000,1772472976889673000,28,Insert,n,29,"Dnes je vonku pekne, idem bon"
LaWWukYn6xeN1jsWRIBI8QB2PvV2,4,1772472977319204000,1772472977316498000,29,Delete,n,28,"Dnes je vonku pekne, idem bo"
LaWWukYn6xeN1jsWRIBI8QB2PvV2,4,1772472977493012000,1772472977489266000,28,Delete,o,27,"Dnes je vonku pekne, idem b"
LaWWukYn6xeN1jsWRIBI8QB2PvV2,4,1772472977668893000,1772472977664951000,27,Delete,b,26,"Dnes je vonku pekne, idem "
LaWWukYn6xeN1jsWRIBI8QB2PvV2,4,1772472978061819000,1772472978055276000,26,Insert,v,27,"Dnes je vonku pekne, idem v"
LaWWukYn6xeN1jsWRIBI8QB2PvV2,4,1772472978262555000,1772472978259130000,27,Insert,o,28,"Dnes je vonku pekne, idem vo"
LaWWukYn6xeN1jsWRIBI8QB2PvV2,4,1772472978535089000,1772472978524789000,28,Insert,n,29,"Dnes je vonku pekne, idem von"
LaWWukYn6xeN1jsWRIBI8QB2PvV2,4,1772472978794545000,1772472978789649000,29,Insert, ,30,"Dnes je vonku pekne, idem von "
LaWWukYn6xeN1jsWRIBI8QB2PvV2,4,1772472979619675000,1772472979614121000,30,Insert,s,31,"Dnes je vonku pekne, idem von s"
LaWWukYn6xeN1jsWRIBI8QB2PvV2,4,1772472979744675000,1772472979739825000,31,Insert,o,32,"Dnes je vonku pekne, idem von so"
LaWWukYn6xeN1jsWRIBI8QB2PvV2,4,1772472979907951000,1772472979901795000,32,Insert, ,33,"Dnes je vonku pekne, idem von so "
LaWWukYn6xeN1jsWRIBI8QB2PvV2,4,1772472980058259000,1772472980052653000,33,Insert,p,34,"Dnes je vonku pekne, idem von so p"
LaWWukYn6xeN1jsWRIBI8QB2PvV2,4,1772472980201682000,1772472980196239000,34,Insert,s,35,"Dnes je vonku pekne, idem von so ps"
LaWWukYn6xeN1jsWRIBI8QB2PvV2,4,1772472980340121000,1772472980335343000,35,Insert,o,36,"Dnes je vonku pekne, idem von so pso"
LaWWukYn6xeN1jsWRIBI8QB2PvV2,4,1772472980548591000,1772472980542770000,36,Insert,m,37,"Dnes je vonku pekne, idem von so psom"
LaWWukYn6xeN1jsWRIBI8QB2PvV2,4,1772472981031513000,1772472981026784000,37,Insert, ,38,"Dnes je vonku pekne, idem von so psom "
LaWWukYn6xeN1jsWRIBI8QB2PvV2,4,1772472981442900000,1772472981435936000,38,Insert,n,39,"Dnes je vonku pekne, idem von so psom n"
LaWWukYn6xeN1jsWRIBI8QB2PvV2,4,1772472981527667000,1772472981522392000,39,Insert,a,40,"Dnes je vonku pekne, idem von so psom na"
LaWWukYn6xeN1jsWRIBI8QB2PvV2,4,1772472981761015000,1772472981753578000,40,Insert, ,41,"Dnes je vonku pekne, idem von so psom na "
LaWWukYn6xeN1jsWRIBI8QB2PvV2,4,1772472981951965000,1772472981947717000,41,Insert,f,42,"Dnes je vonku pekne, idem von so psom na f"
LaWWukYn6xeN1jsWRIBI8QB2PvV2,4,1772472982147230000,1772472982138852000,42,Insert,b,43,"Dnes je vonku pekne, idem von so psom na fb"
LaWWukYn6xeN1jsWRIBI8QB2PvV2,4,1772472982271292000,1772472982265249000,43,Insert,o,44,"Dnes je vonku pekne, idem von so psom na fbo"
LaWWukYn6xeN1jsWRIBI8QB2PvV2,4,1772472982359574000,1772472982354472000,44,Insert,r,45,"Dnes je vonku pekne, idem von so psom na fbor"
LaWWukYn6xeN1jsWRIBI8QB2PvV2,4,1772472982705182000,1772472982700330000,45,Delete,r,44,"Dnes je vonku pekne, idem von so psom na fbo"
LaWWukYn6xeN1jsWRIBI8QB2PvV2,4,1772472982888040000,1772472982883565000,44,Delete,o,43,"Dnes je vonku pekne, idem von so psom na fb"
LaWWukYn6xeN1jsWRIBI8QB2PvV2,4,1772472983055809000,1772472983051251000,43,Delete,b,42,"Dnes je vonku pekne, idem von so psom na f"
LaWWukYn6xeN1jsWRIBI8QB2PvV2,4,1772472983223322000,1772472983221452000,42,Delete,f,41,"Dnes je vonku pekne, idem von so psom na "
LaWWukYn6xeN1jsWRIBI8QB2PvV2,4,1772472983809466000,1772472983801083000,41,Insert,d,42,"Dnes je vonku pekne, idem von so psom na d"
LaWWukYn6xeN1jsWRIBI8QB2PvV2,4,1772472984059090000,1772472984051170000,42,Insert,v,43,"Dnes je vonku pekne, idem von so psom na dv"
LaWWukYn6xeN1jsWRIBI8QB2PvV2,4,1772472984189552000,1772472984184472000,43,Insert,o,44,"Dnes je vonku pekne, idem von so psom na dvo"
LaWWukYn6xeN1jsWRIBI8QB2PvV2,4,1772472984330484000,1772472984324275000,44,Insert,r,45,"Dnes je vonku pekne, idem von so psom na dvor"
LaWWukYn6xeN1jsWRIBI8QB2PvV2,4,1772472985063033000,1772472985053117000,45,Insert, ,46,"Dnes je vonku pekne, idem von so psom na dvor "
LaWWukYn6xeN1jsWRIBI8QB2PvV2,4,1772472985327927000,1772472985319816000,46,Insert,a,47,"Dnes je vonku pekne, idem von so psom na dvor a"
LaWWukYn6xeN1jsWRIBI8QB2PvV2,4,1772472985546801000,1772472985539296000,47,Insert, ,48,"Dnes je vonku pekne, idem von so psom na dvor a "
LaWWukYn6xeN1jsWRIBI8QB2PvV2,4,1772472985729407000,1772472985721343000,48,Insert,b,49,"Dnes je vonku pekne, idem von so psom na dvor a b"
LaWWukYn6xeN1jsWRIBI8QB2PvV2,4,1772472985908766000,1772472985901306000,49,Insert,u,50,"Dnes je vonku pekne, idem von so psom na dvor a bu"
LaWWukYn6xeN1jsWRIBI8QB2PvV2,5,1772472995553195000,1772472995549018000,0,Insert,D,1,D
LaWWukYn6xeN1jsWRIBI8QB2PvV2,5,1772472995657504000,1772472995653246000,1,Insert,n,2,Dn
LaWWukYn6xeN1jsWRIBI8QB2PvV2,5,1772472995744159000,1772472995740146000,2,Insert,e,3,Dne
LaWWukYn6xeN1jsWRIBI8QB2PvV2,5,1772472995889537000,1772472995885143000,3,Insert,s,4,Dnes
LaWWukYn6xeN1jsWRIBI8QB2PvV2,5,1772472996127397000,1772472996118051000,4,Insert, ,5,Dnes 
LaWWukYn6xeN1jsWRIBI8QB2PvV2,5,1772472996266186000,1772472996262163000,5,Insert,j,6,Dnes j
LaWWukYn6xeN1jsWRIBI8QB2PvV2,5,1772472996344802000,1772472996340597000,6,Insert,e,7,Dnes je
LaWWukYn6xeN1jsWRIBI8QB2PvV2,5,1772472996547064000,1772472996539988000,7,Insert, ,8,Dnes je 
LaWWukYn6xeN1jsWRIBI8QB2PvV2,5,1772472996685962000,1772472996681182000,8,Insert,v,9,Dnes je v
LaWWukYn6xeN1jsWRIBI8QB2PvV2,5,1772472996791434000,1772472996787229000,9,Insert,i,10,Dnes je vi
LaWWukYn6xeN1jsWRIBI8QB2PvV2,5,1772472997016033000,1772472997008499000,10,Insert,n,11,Dnes je vin
LaWWukYn6xeN1jsWRIBI8QB2PvV2,5,1772472997203627000,1772472997199474000,11,Insert,k,12,Dnes je vink
LaWWukYn6xeN1jsWRIBI8QB2PvV2,5,1772472997464828000,1772472997460585000,12,Delete,k,11,Dnes je vin
LaWWukYn6xeN1jsWRIBI8QB2PvV2,5,1772472997639028000,1772472997635773000,11,Delete,n,10,Dnes je vi
LaWWukYn6xeN1jsWRIBI8QB2PvV2,5,1772472997807776000,1772472997803794000,10,Delete,i,9,Dnes je v
LaWWukYn6xeN1jsWRIBI8QB2PvV2,5,1772472997971330000,1772472997967908000,9,Delete,v,8,Dnes je 
LaWWukYn6xeN1jsWRIBI8QB2PvV2,5,1772472998187577000,1772472998180557000,8,Insert,o,9,Dnes je o
LaWWukYn6xeN1jsWRIBI8QB2PvV2,5,1772472998405179000,1772472998400863000,9,Insert,n,10,Dnes je on
LaWWukYn6xeN1jsWRIBI8QB2PvV2,5,1772472998585672000,1772472998581220000,10,Insert,k,11,Dnes je onk
LaWWukYn6xeN1jsWRIBI8QB2PvV2,5,1772472998754627000,1772472998750306000,11,Insert,u,12,Dnes je onku
LaWWukYn6xeN1jsWRIBI8QB2PvV2,5,1772472998892581000,1772472998887991000,12,Insert, ,13,Dnes je onku 
LaWWukYn6xeN1jsWRIBI8QB2PvV2,5,1772472999530040000,1772472999526025000,13,Delete, ,12,Dnes je onku
LaWWukYn6xeN1jsWRIBI8QB2PvV2,5,1772472999581184000,1772472999578259000,12,Delete,u,11,Dnes je onk
LaWWukYn6xeN1jsWRIBI8QB2PvV2,5,1772472999633736000,1772472999630625000,11,Delete,k,10,Dnes je on
LaWWukYn6xeN1jsWRIBI8QB2PvV2,5,1772472999686302000,1772472999683258000,10,Delete,n,9,Dnes je o
LaWWukYn6xeN1jsWRIBI8QB2PvV2,5,1772472999892145000,1772472999888232000,9,Delete,o,8,Dnes je 
LaWWukYn6xeN1jsWRIBI8QB2PvV2,5,1772473000530263000,1772473000525756000,8,Insert,v,9,Dnes je v
LaWWukYn6xeN1jsWRIBI8QB2PvV2,5,1772473000631140000,1772473000624793000,9,Insert,o,10,Dnes je vo
LaWWukYn6xeN1jsWRIBI8QB2PvV2,5,1772473000876680000,1772473000868807000,10,Insert,n,11,Dnes je von
LaWWukYn6xeN1jsWRIBI8QB2PvV2,5,1772473001074541000,1772473001070358000,11,Insert,k,12,Dnes je vonk
LaWWukYn6xeN1jsWRIBI8QB2PvV2,5,1772473001276049000,1772473001268563000,12,Insert,u,13,Dnes je vonku
LaWWukYn6xeN1jsWRIBI8QB2PvV2,5,1772473001407355000,1772473001402978000,13,Insert, ,14,Dnes je vonku 
LaWWukYn6xeN1jsWRIBI8QB2PvV2,5,1772473001659711000,1772473001653095000,14,Insert,p,15,Dnes je vonku p
LaWWukYn6xeN1jsWRIBI8QB2PvV2,5,1772473001808740000,1772473001804566000,15,Insert,e,16,Dnes je vonku pe
LaWWukYn6xeN1jsWRIBI8QB2PvV2,5,1772473001957184000,1772473001950813000,16,Insert,k,17,Dnes je vonku pek
LaWWukYn6xeN1jsWRIBI8QB2PvV2,5,1772473002143306000,1772473002139126000,17,Insert,n,18,Dnes je vonku pekn
LaWWukYn6xeN1jsWRIBI8QB2PvV2,5,1772473002244847000,1772473002240269000,18,Insert,e,19,Dnes je vonku pekne
LaWWukYn6xeN1jsWRIBI8QB2PvV2,5,1772473003009690000,1772473002998506000,19,Insert,",",20,"Dnes je vonku pekne,"
LaWWukYn6xeN1jsWRIBI8QB2PvV2,5,1772473003382915000,1772473003375582000,20,Insert, ,21,"Dnes je vonku pekne, "
LaWWukYn6xeN1jsWRIBI8QB2PvV2,5,1772473003611008000,1772473003604873000,21,Insert,i,22,"Dnes je vonku pekne, i"
LaWWukYn6xeN1jsWRIBI8QB2PvV2,5,1772473003702587000,1772473003697950000,22,Insert,d,23,"Dnes je vonku pekne, id"
LaWWukYn6xeN1jsWRIBI8QB2PvV2,5,1772473003876235000,1772473003871314000,23,Insert,e,24,"Dnes je vonku pekne, ide"
LaWWukYn6xeN1jsWRIBI8QB2PvV2,5,1772473004010306000,1772473004005809000,24,Insert,m,25,"Dnes je vonku pekne, idem"
LaWWukYn6xeN1jsWRIBI8QB2PvV2,5,1772473004126885000,1772473004121725000,25,Insert, ,26,"Dnes je vonku pekne, idem "
LaWWukYn6xeN1jsWRIBI8QB2PvV2,5,1772473004293512000,1772473004288545000,26,Insert,v,27,"Dnes je vonku pekne, idem v"
LaWWukYn6xeN1jsWRIBI8QB2PvV2,5,1772473004389050000,1772473004384576000,27,Insert,o,28,"Dnes je vonku pekne, idem vo"
LaWWukYn6xeN1jsWRIBI8QB2PvV2,5,1772473004611635000,1772473004604955000,28,Insert,n,29,"Dnes je vonku pekne, idem von"
LaWWukYn6xeN1jsWRIBI8QB2PvV2,5,1772473005134414000,1772473005128435000,29,Insert, ,30,"Dnes je vonku pekne, idem von "
LaWWukYn6xeN1jsWRIBI8QB2PvV2,5,1772473005412473000,1772473005405444000,30,Insert,s,31,"Dnes je vonku pekne, idem von s"
LaWWukYn6xeN1jsWRIBI8QB2PvV2,5,1772473005522396000,1772473005517687000,31,Insert,o,32,"Dnes je vonku pekne, idem von so"
LaWWukYn6xeN1jsWRIBI8QB2PvV2,5,1772473005671710000,1772473005666563000,32,Insert, ,33,"Dnes je vonku pekne, idem von so "
LaWWukYn6xeN1jsWRIBI8QB2PvV2,5,1772473005814553000,1772473005811551000,33,Insert,p,34,"Dnes je vonku pekne, idem von so p"
LaWWukYn6xeN1jsWRIBI8QB2PvV2,5,1772473005932490000,1772473005929629000,34,Insert,s,35,"Dnes je vonku pekne, idem von so ps"
LaWWukYn6xeN1jsWRIBI8QB2PvV2,5,1772473006086569000,1772473006081760000,35,Insert,o,36,"Dnes je vonku pekne, idem von so pso"
LaWWukYn6xeN1jsWRIBI8QB2PvV2,5,1772473006304049000,1772473006297028000,36,Insert,m,37,"Dnes je vonku pekne, idem von so psom"
LaWWukYn6xeN1jsWRIBI8QB2PvV2,5,1772473006585738000,1772473006577828000,37,Insert, ,38,"Dnes je vonku pekne, idem von so psom "
LaWWukYn6xeN1jsWRIBI8QB2PvV2,5,1772473007122003000,1772473007117711000,38,Insert,n,39,"Dnes je vonku pekne, idem von so psom n"
LaWWukYn6xeN1jsWRIBI8QB2PvV2,5,1772473007225485000,1772473007219851000,39,Insert,a,40,"Dnes je vonku pekne, idem von so psom na"
LaWWukYn6xeN1jsWRIBI8QB2PvV2,5,1772473007442084000,1772473007433651000,40,Insert, ,41,"Dnes je vonku pekne, idem von so psom na "
LaWWukYn6xeN1jsWRIBI8QB2PvV2,5,1772473007611597000,1772473007607072000,41,Insert,f,42,"Dnes je vonku pekne, idem von so psom na f"
LaWWukYn6xeN1jsWRIBI8QB2PvV2,5,1772473007798070000,1772473007793542000,42,Insert,b,43,"Dnes je vonku pekne, idem von so psom na fb"
LaWWukYn6xeN1jsWRIBI8QB2PvV2,5,1772473007902433000,1772473007896777000,43,Insert,o,44,"Dnes je vonku pekne, idem von so psom na fbo"
LaWWukYn6xeN1jsWRIBI8QB2PvV2,5,1772473008006968000,1772473008002176000,44,Insert,r,45,"Dnes je vonku pekne, idem von so psom na fbor"
LaWWukYn6xeN1jsWRIBI8QB2PvV2,5,1772473008404256000,1772473008399862000,45,Delete,r,44,"Dnes je vonku pekne, idem von so psom na fbo"
LaWWukYn6xeN1jsWRIBI8QB2PvV2,5,1772473008573412000,1772473008570525000,44,Delete,o,43,"Dnes je vonku pekne, idem von so psom na fb"
LaWWukYn6xeN1jsWRIBI8QB2PvV2,5,1772473008741309000,1772473008737887000,43,Delete,b,42,"Dnes je vonku pekne, idem von so psom na f"
LaWWukYn6xeN1jsWRIBI8QB2PvV2,5,1772473008902572000,1772473008897153000,42,Delete,f,41,"Dnes je vonku pekne, idem von so psom na "
LaWWukYn6xeN1jsWRIBI8QB2PvV2,5,1772473009455239000,1772473009450989000,41,Insert,d,42,"Dnes je vonku pekne, idem von so psom na d"
LaWWukYn6xeN1jsWRIBI8QB2PvV2,5,1772473009641720000,1772473009639068000,42,Insert,v,43,"Dnes je vonku pekne, idem von so psom na dv"
LaWWukYn6xeN1jsWRIBI8QB2PvV2,5,1772473009780405000,1772473009776102000,43,Insert,o,44,"Dnes je vonku pekne, idem von so psom na dvo"
LaWWukYn6xeN1jsWRIBI8QB2PvV2,5,1772473009895802000,1772473009891612000,44,Insert,r,45,"Dnes je vonku pekne, idem von so psom na dvor"
LaWWukYn6xeN1jsWRIBI8QB2PvV2,5,1772473010615965000,1772473010609343000,45,Insert, ,46,"Dnes je vonku pekne, idem von so psom na dvor "
LaWWukYn6xeN1jsWRIBI8QB2PvV2,5,1772473010819163000,1772473010811777000,46,Insert,a,47,"Dnes je vonku pekne, idem von so psom na dvor a"
LaWWukYn6xeN1jsWRIBI8QB2PvV2,5,1772473011003481000,1772473010997983000,47,Insert, ,48,"Dnes je vonku pekne, idem von so psom na dvor a "
LaWWukYn6xeN1jsWRIBI8QB2PvV2,5,1772473011159957000,1772473011151547000,48,Insert,b,49,"Dnes je vonku pekne, idem von so psom na dvor a b"
LaWWukYn6xeN1jsWRIBI8QB2PvV2,5,1772473011329752000,1772473011323986000,49,Insert,u,50,"Dnes je vonku pekne, idem von so psom na dvor a bu"
LaWWukYn6xeN1jsWRIBI8QB2PvV2,6,1772473021703423000,1772473021694412000,0,Insert,D,1,D
LaWWukYn6xeN1jsWRIBI8QB2PvV2,6,1772473021826797000,1772473021821697000,1,Insert,n,2,Dn
LaWWukYn6xeN1jsWRIBI8QB2PvV2,6,1772473021895017000,1772473021890575000,2,Insert,e,3,Dne
LaWWukYn6xeN1jsWRIBI8QB2PvV2,6,1772473022050165000,1772473022046196000,3,Insert,s,4,Dnes
LaWWukYn6xeN1jsWRIBI8QB2PvV2,6,1772473022251990000,1772473022247079000,4,Insert, ,5,Dnes 
LaWWukYn6xeN1jsWRIBI8QB2PvV2,6,1772473022418478000,1772473022413456000,5,Insert,j,6,Dnes j
LaWWukYn6xeN1jsWRIBI8QB2PvV2,6,1772473022514069000,1772473022510143000,6,Insert,e,7,Dnes je
LaWWukYn6xeN1jsWRIBI8QB2PvV2,6,1772473022712422000,1772473022705168000,7,Insert, ,8,Dnes je 
LaWWukYn6xeN1jsWRIBI8QB2PvV2,6,1772473022867335000,1772473022862895000,8,Insert,b,9,Dnes je b
LaWWukYn6xeN1jsWRIBI8QB2PvV2,6,1772473022981521000,1772473022977433000,9,Insert,o,10,Dnes je bo
LaWWukYn6xeN1jsWRIBI8QB2PvV2,6,1772473023178761000,1772473023170039000,10,Insert,n,11,Dnes je bon
LaWWukYn6xeN1jsWRIBI8QB2PvV2,6,1772473023539175000,1772473023533209000,11,Delete,n,10,Dnes je bo
LaWWukYn6xeN1jsWRIBI8QB2PvV2,6,1772473023690854000,1772473023687828000,10,Delete,o,9,Dnes je b
LaWWukYn6xeN1jsWRIBI8QB2PvV2,6,1772473023878940000,1772473023876169000,9,Delete,b,8,Dnes je 
LaWWukYn6xeN1jsWRIBI8QB2PvV2,6,1772473023995863000,1772473023991986000,8,Insert,v,9,Dnes je v
LaWWukYn6xeN1jsWRIBI8QB2PvV2,6,1772473024102618000,1772473024098368000,9,Insert,o,10,Dnes je vo
LaWWukYn6xeN1jsWRIBI8QB2PvV2,6,1772473024307140000,1772473024300531000,10,Insert,n,11,Dnes je von
LaWWukYn6xeN1jsWRIBI8QB2PvV2,6,1772473024482458000,1772473024478506000,11,Insert,k,12,Dnes je vonk
LaWWukYn6xeN1jsWRIBI8QB2PvV2,6,1772473024642211000,1772473024638112000,12,Insert,u,13,Dnes je vonku
LaWWukYn6xeN1jsWRIBI8QB2PvV2,6,1772473024765379000,1772473024760636000,13,Insert, ,14,Dnes je vonku 
LaWWukYn6xeN1jsWRIBI8QB2PvV2,6,1772473024934955000,1772473024930835000,14,Insert,p,15,Dnes je vonku p
LaWWukYn6xeN1jsWRIBI8QB2PvV2,6,1772473025048563000,1772473025044413000,15,Insert,e,16,Dnes je vonku pe
LaWWukYn6xeN1jsWRIBI8QB2PvV2,6,1772473025176221000,1772473025171615000,16,Insert,k,17,Dnes je vonku pek
LaWWukYn6xeN1jsWRIBI8QB2PvV2,6,1772473025352345000,1772473025348214000,17,Insert,n,18,Dnes je vonku pekn
LaWWukYn6xeN1jsWRIBI8QB2PvV2,6,1772473025426389000,1772473025421983000,18,Insert,e,19,Dnes je vonku pekne
LaWWukYn6xeN1jsWRIBI8QB2PvV2,6,1772473026099875000,1772473026089884000,19,Insert,",",20,"Dnes je vonku pekne,"
LaWWukYn6xeN1jsWRIBI8QB2PvV2,6,1772473026370275000,1772473026363032000,20,Insert, ,21,"Dnes je vonku pekne, "
LaWWukYn6xeN1jsWRIBI8QB2PvV2,6,1772473026562920000,1772473026558859000,21,Insert,i,22,"Dnes je vonku pekne, i"
LaWWukYn6xeN1jsWRIBI8QB2PvV2,6,1772473026680700000,1772473026676580000,22,Insert,d,23,"Dnes je vonku pekne, id"
LaWWukYn6xeN1jsWRIBI8QB2PvV2,6,1772473026854572000,1772473026850306000,23,Insert,e,24,"Dnes je vonku pekne, ide"
LaWWukYn6xeN1jsWRIBI8QB2PvV2,6,1772473026960238000,1772473026955916000,24,Insert,m,25,"Dnes je vonku pekne, idem"
LaWWukYn6xeN1jsWRIBI8QB2PvV2,6,1772473027086495000,1772473027081707000,25,Insert, ,26,"Dnes je vonku pekne, idem "
LaWWukYn6xeN1jsWRIBI8QB2PvV2,6,1772473027248261000,1772473027243245000,26,Insert,v,27,"Dnes je vonku pekne, idem v"
LaWWukYn6xeN1jsWRIBI8QB2PvV2,6,1772473027347986000,1772473027343873000,27,Insert,o,28,"Dnes je vonku pekne, idem vo"
LaWWukYn6xeN1jsWRIBI8QB2PvV2,6,1772473027570178000,1772473027563831000,28,Insert,n,29,"Dnes je vonku pekne, idem von"
LaWWukYn6xeN1jsWRIBI8QB2PvV2,6,1772473027716319000,1772473027711685000,29,Insert, ,30,"Dnes je vonku pekne, idem von "
LaWWukYn6xeN1jsWRIBI8QB2PvV2,6,1772473028405907000,1772473028398194000,30,Insert,s,31,"Dnes je vonku pekne, idem von s"
LaWWukYn6xeN1jsWRIBI8QB2PvV2,6,1772473028551919000,1772473028547152000,31,Insert,o,32,"Dnes je vonku pekne, idem von so"
LaWWukYn6xeN1jsWRIBI8QB2PvV2,6,1772473028706522000,1772473028701559000,32,Insert, ,33,"Dnes je vonku pekne, idem von so "
LaWWukYn6xeN1jsWRIBI8QB2PvV2,6,1772473028867195000,1772473028863085000,33,Insert,p,34,"Dnes je vonku pekne, idem von so p"
LaWWukYn6xeN1jsWRIBI8QB2PvV2,6,1772473028991823000,1772473028987160000,34,Insert,s,35,"Dnes je vonku pekne, idem von so ps"
LaWWukYn6xeN1jsWRIBI8QB2PvV2,6,1772473029112938000,1772473029108309000,35,Insert,o,36,"Dnes je vonku pekne, idem von so pso"
LaWWukYn6xeN1jsWRIBI8QB2PvV2,6,1772473029333110000,1772473029327232000,36,Insert,m,37,"Dnes je vonku pekne, idem von so psom"
LaWWukYn6xeN1jsWRIBI8QB2PvV2,6,1772473029961925000,1772473029949872000,37,Insert, ,38,"Dnes je vonku pekne, idem von so psom "
LaWWukYn6xeN1jsWRIBI8QB2PvV2,6,1772473030269650000,1772473030262512000,38,Insert,n,39,"Dnes je vonku pekne, idem von so psom n"
LaWWukYn6xeN1jsWRIBI8QB2PvV2,6,1772473030373082000,1772473030365311000,39,Insert,a,40,"Dnes je vonku pekne, idem von so psom na"
LaWWukYn6xeN1jsWRIBI8QB2PvV2,6,1772473030590766000,1772473030583889000,40,Insert, ,41,"Dnes je vonku pekne, idem von so psom na "
LaWWukYn6xeN1jsWRIBI8QB2PvV2,6,1772473030763927000,1772473030759141000,41,Insert,d,42,"Dnes je vonku pekne, idem von so psom na d"
LaWWukYn6xeN1jsWRIBI8QB2PvV2,6,1772473030944428000,1772473030939681000,42,Insert,v,43,"Dnes je vonku pekne, idem von so psom na dv"
LaWWukYn6xeN1jsWRIBI8QB2PvV2,6,1772473031057896000,1772473031051873000,43,Insert,o,44,"Dnes je vonku pekne, idem von so psom na dvo"
LaWWukYn6xeN1jsWRIBI8QB2PvV2,6,1772473031160354000,1772473031150244000,44,Insert,r,45,"Dnes je vonku pekne, idem von so psom na dvor"
LaWWukYn6xeN1jsWRIBI8QB2PvV2,6,1772473031741661000,1772473031729576000,45,Insert, ,46,"Dnes je vonku pekne, idem von so psom na dvor "
LaWWukYn6xeN1jsWRIBI8QB2PvV2,6,1772473031974367000,1772473031967549000,46,Insert,a,47,"Dnes je vonku pekne, idem von so psom na dvor a"
LaWWukYn6xeN1jsWRIBI8QB2PvV2,6,1772473032150594000,1772473032143970000,47,Insert, ,48,"Dnes je vonku pekne, idem von so psom na dvor a "
LaWWukYn6xeN1jsWRIBI8QB2PvV2,6,1772473032291410000,1772473032285870000,48,Insert,b,49,"Dnes je vonku pekne, idem von so psom na dvor a b"
LaWWukYn6xeN1jsWRIBI8QB2PvV2,6,1772473032467839000,1772473032460907000,49,Insert,u,50,"Dnes je vonku pekne, idem von so psom na dvor a bu"
LaWWukYn6xeN1jsWRIBI8QB2PvV2,7,1772473044609815000,1772473044600832000,0,Insert,D,1,D
LaWWukYn6xeN1jsWRIBI8QB2PvV2,7,1772473044720365000,1772473044715888000,1,Insert,n,2,Dn
LaWWukYn6xeN1jsWRIBI8QB2PvV2,7,1772473044828801000,1772473044824746000,2,Insert,e,3,Dne
LaWWukYn6xeN1jsWRIBI8QB2PvV2,7,1772473044976106000,1772473044972222000,3,Insert,s,4,Dnes
LaWWukYn6xeN1jsWRIBI8QB2PvV2,7,1772473045200605000,1772473045193456000,4,Insert, ,5,Dnes 
LaWWukYn6xeN1jsWRIBI8QB2PvV2,7,1772473045323021000,1772473045319162000,5,Insert,j,6,Dnes j
LaWWukYn6xeN1jsWRIBI8QB2PvV2,7,1772473045407281000,1772473045401752000,6,Insert,e,7,Dnes je
LaWWukYn6xeN1jsWRIBI8QB2PvV2,7,1772473045624462000,1772473045617085000,7,Insert, ,8,Dnes je 
LaWWukYn6xeN1jsWRIBI8QB2PvV2,7,1772473045781655000,1772473045777784000,8,Insert,v,9,Dnes je v
LaWWukYn6xeN1jsWRIBI8QB2PvV2,7,1772473045911963000,1772473045907888000,9,Insert,o,10,Dnes je vo
LaWWukYn6xeN1jsWRIBI8QB2PvV2,7,1772473046142711000,1772473046136206000,10,Insert,n,11,Dnes je von
LaWWukYn6xeN1jsWRIBI8QB2PvV2,7,1772473046365193000,1772473046360273000,11,Insert,k,12,Dnes je vonk
LaWWukYn6xeN1jsWRIBI8QB2PvV2,7,1772473046550906000,1772473046546859000,12,Insert,u,13,Dnes je vonku
LaWWukYn6xeN1jsWRIBI8QB2PvV2,7,1772473046710657000,1772473046706282000,13,Insert, ,14,Dnes je vonku 
LaWWukYn6xeN1jsWRIBI8QB2PvV2,7,1772473047482562000,1772473047475232000,14,Insert,p,15,Dnes je vonku p
LaWWukYn6xeN1jsWRIBI8QB2PvV2,7,1772473047581091000,1772473047577023000,15,Insert,e,16,Dnes je vonku pe
LaWWukYn6xeN1jsWRIBI8QB2PvV2,7,1772473047738527000,1772473047734433000,16,Insert,k,17,Dnes je vonku pek
LaWWukYn6xeN1jsWRIBI8QB2PvV2,7,1772473047929738000,1772473047925448000,17,Insert,n,18,Dnes je vonku pekn
LaWWukYn6xeN1jsWRIBI8QB2PvV2,7,1772473048000146000,1772473047996185000,18,Insert,e,19,Dnes je vonku pekne
LaWWukYn6xeN1jsWRIBI8QB2PvV2,7,1772473048743465000,1772473048730475000,19,Insert,",",20,"Dnes je vonku pekne,"
LaWWukYn6xeN1jsWRIBI8QB2PvV2,7,1772473048987229000,1772473048980120000,20,Insert, ,21,"Dnes je vonku pekne, "
LaWWukYn6xeN1jsWRIBI8QB2PvV2,7,1772473049133906000,1772473049129777000,21,Insert,i,22,"Dnes je vonku pekne, i"
LaWWukYn6xeN1jsWRIBI8QB2PvV2,7,1772473049282600000,1772473049278183000,22,Insert,d,23,"Dnes je vonku pekne, id"
LaWWukYn6xeN1jsWRIBI8QB2PvV2,7,1772473049449051000,1772473049443828000,23,Insert,e,24,"Dnes je vonku pekne, ide"
LaWWukYn6xeN1jsWRIBI8QB2PvV2,7,1772473049559028000,1772473049554575000,24,Insert,m,25,"Dnes je vonku pekne, idem"
LaWWukYn6xeN1jsWRIBI8QB2PvV2,7,1772473049777696000,1772473049769612000,25,Insert, ,26,"Dnes je vonku pekne, idem "
LaWWukYn6xeN1jsWRIBI8QB2PvV2,7,1772473050174470000,1772473050170462000,26,Insert,b,27,"Dnes je vonku pekne, idem b"
LaWWukYn6xeN1jsWRIBI8QB2PvV2,7,1772473050297575000,1772473050293403000,27,Insert,o,28,"Dnes je vonku pekne, idem bo"
LaWWukYn6xeN1jsWRIBI8QB2PvV2,7,1772473050535312000,1772473050527941000,28,Insert,n,29,"Dnes je vonku pekne, idem bon"
LaWWukYn6xeN1jsWRIBI8QB2PvV2,7,1772473050863810000,1772473050860820000,29,Delete,n,28,"Dnes je vonku pekne, idem bo"
LaWWukYn6xeN1jsWRIBI8QB2PvV2,7,1772473051039351000,1772473051036060000,28,Delete,o,27,"Dnes je vonku pekne, idem b"
LaWWukYn6xeN1jsWRIBI8QB2PvV2,7,1772473051213210000,1772473051210257000,27,Delete,b,26,"Dnes je vonku pekne, idem "
LaWWukYn6xeN1jsWRIBI8QB2PvV2,7,1772473051318281000,1772473051314024000,26,Insert,v,27,"Dnes je vonku pekne, idem v"
LaWWukYn6xeN1jsWRIBI8QB2PvV2,7,1772473051466845000,1772473051462593000,27,Insert,o,28,"Dnes je vonku pekne, idem vo"
LaWWukYn6xeN1jsWRIBI8QB2PvV2,7,1772473051701237000,1772473051694511000,28,Insert,n,29,"Dnes je vonku pekne, idem von"
LaWWukYn6xeN1jsWRIBI8QB2PvV2,7,1772473051855857000,1772473051850951000,29,Insert, ,30,"Dnes je vonku pekne, idem von "
LaWWukYn6xeN1jsWRIBI8QB2PvV2,7,1772473052680355000,1772473052669325000,30,Insert,s,31,"Dnes je vonku pekne, idem von s"
LaWWukYn6xeN1jsWRIBI8QB2PvV2,7,1772473052781974000,1772473052777408000,31,Insert,o,32,"Dnes je vonku pekne, idem von so"
LaWWukYn6xeN1jsWRIBI8QB2PvV2,7,1772473052945265000,1772473052940059000,32,Insert, ,33,"Dnes je vonku pekne, idem von so "
LaWWukYn6xeN1jsWRIBI8QB2PvV2,7,1772473053123054000,1772473053118298000,33,Insert,p,34,"Dnes je vonku pekne, idem von so p"
LaWWukYn6xeN1jsWRIBI8QB2PvV2,7,1772473053298332000,1772473053294132000,34,Insert,s,35,"Dnes je vonku pekne, idem von so ps"
LaWWukYn6xeN1jsWRIBI8QB2PvV2,7,1772473053397904000,1772473053393729000,35,Insert,o,36,"Dnes je vonku pekne, idem von so pso"
LaWWukYn6xeN1jsWRIBI8QB2PvV2,7,1772473053607104000,1772473053600492000,36,Insert,m,37,"Dnes je vonku pekne, idem von so psom"
LaWWukYn6xeN1jsWRIBI8QB2PvV2,7,1772473053744132000,1772473053738607000,37,Insert, ,38,"Dnes je vonku pekne, idem von so psom "
LaWWukYn6xeN1jsWRIBI8QB2PvV2,7,1772473054232146000,1772473054226706000,38,Insert,n,39,"Dnes je vonku pekne, idem von so psom n"
LaWWukYn6xeN1jsWRIBI8QB2PvV2,7,1772473054324180000,1772473054319979000,39,Insert,a,40,"Dnes je vonku pekne, idem von so psom na"
LaWWukYn6xeN1jsWRIBI8QB2PvV2,7,1772473054539840000,1772473054529231000,40,Insert, ,41,"Dnes je vonku pekne, idem von so psom na "
LaWWukYn6xeN1jsWRIBI8QB2PvV2,7,1772473054747025000,1772473054742109000,41,Insert,f,42,"Dnes je vonku pekne, idem von so psom na f"
LaWWukYn6xeN1jsWRIBI8QB2PvV2,7,1772473054934126000,1772473054929702000,42,Insert,v,43,"Dnes je vonku pekne, idem von so psom na fv"
LaWWukYn6xeN1jsWRIBI8QB2PvV2,7,1772473055071557000,1772473055066082000,43,Insert,o,44,"Dnes je vonku pekne, idem von so psom na fvo"
LaWWukYn6xeN1jsWRIBI8QB2PvV2,7,1772473055154536000,1772473055149414000,44,Insert,r,45,"Dnes je vonku pekne, idem von so psom na fvor"
LaWWukYn6xeN1jsWRIBI8QB2PvV2,7,1772473055661345000,1772473055657964000,45,Delete,r,44,"Dnes je vonku pekne, idem von so psom na fvo"
LaWWukYn6xeN1jsWRIBI8QB2PvV2,7,1772473055843497000,1772473055840535000,44,Delete,o,43,"Dnes je vonku pekne, idem von so psom na fv"
LaWWukYn6xeN1jsWRIBI8QB2PvV2,7,1772473056015096000,1772473056011821000,43,Delete,v,42,"Dnes je vonku pekne, idem von so psom na f"
LaWWukYn6xeN1jsWRIBI8QB2PvV2,7,1772473056161060000,1772473056158203000,42,Delete,f,41,"Dnes je vonku pekne, idem von so psom na "
LaWWukYn6xeN1jsWRIBI8QB2PvV2,7,1772473056235112000,1772473056230955000,41,Insert,d,42,"Dnes je vonku pekne, idem von so psom na d"
LaWWukYn6xeN1jsWRIBI8QB2PvV2,7,1772473056448743000,1772473056441548000,42,Insert,v,43,"Dnes je vonku pekne, idem von so psom na dv"
LaWWukYn6xeN1jsWRIBI8QB2PvV2,7,1772473056579695000,1772473056575331000,43,Insert,o,44,"Dnes je vonku pekne, idem von so psom na dvo"
LaWWukYn6xeN1jsWRIBI8QB2PvV2,7,1772473056693495000,1772473056689315000,44,Insert,r,45,"Dnes je vonku pekne, idem von so psom na dvor"
LaWWukYn6xeN1jsWRIBI8QB2PvV2,7,1772473057451665000,1772473057442489000,45,Insert, ,46,"Dnes je vonku pekne, idem von so psom na dvor "
LaWWukYn6xeN1jsWRIBI8QB2PvV2,7,1772473057681561000,1772473057675986000,46,Insert,a,47,"Dnes je vonku pekne, idem von so psom na dvor a"
LaWWukYn6xeN1jsWRIBI8QB2PvV2,7,1772473057861805000,1772473057854537000,47,Insert, ,48,"Dnes je vonku pekne, idem von so psom na dvor a "
LaWWukYn6xeN1jsWRIBI8QB2PvV2,7,1772473057990343000,1772473057983992000,48,Insert,b,49,"Dnes je vonku pekne, idem von so psom na dvor a b"
LaWWukYn6xeN1jsWRIBI8QB2PvV2,7,1772473058177440000,1772473058171129000,49,Insert,u,50,"Dnes je vonku pekne, idem von so psom na dvor a bu"
LaWWukYn6xeN1jsWRIBI8QB2PvV2,8,1772473070728695000,1772473070719822000,0,Insert,D,1,D
LaWWukYn6xeN1jsWRIBI8QB2PvV2,8,1772473070837418000,1772473070830791000,1,Insert,n,2,Dn
LaWWukYn6xeN1jsWRIBI8QB2PvV2,8,1772473070952824000,1772473070948658000,2,Insert,e,3,Dne
LaWWukYn6xeN1jsWRIBI8QB2PvV2,8,1772473071141900000,1772473071137696000,3,Insert,s,4,Dnes
LaWWukYn6xeN1jsWRIBI8QB2PvV2,8,1772473071364705000,1772473071357907000,4,Insert, ,5,Dnes 
LaWWukYn6xeN1jsWRIBI8QB2PvV2,8,1772473071474721000,1772473071470822000,5,Insert,j,6,Dnes j
LaWWukYn6xeN1jsWRIBI8QB2PvV2,8,1772473071572134000,1772473071568175000,6,Insert,e,7,Dnes je
LaWWukYn6xeN1jsWRIBI8QB2PvV2,8,1772473071777759000,1772473071770858000,7,Insert, ,8,Dnes je 
LaWWukYn6xeN1jsWRIBI8QB2PvV2,8,1772473071932441000,1772473071928541000,8,Insert,v,9,Dnes je v
LaWWukYn6xeN1jsWRIBI8QB2PvV2,8,1772473072027611000,1772473072023339000,9,Insert,o,10,Dnes je vo
LaWWukYn6xeN1jsWRIBI8QB2PvV2,8,1772473072419873000,1772473072410791000,10,Insert,n,11,Dnes je von
LaWWukYn6xeN1jsWRIBI8QB2PvV2,8,1772473072756825000,1772473072749846000,11,Insert,k,12,Dnes je vonk
LaWWukYn6xeN1jsWRIBI8QB2PvV2,8,1772473072949626000,1772473072945544000,12,Insert,u,13,Dnes je vonku
LaWWukYn6xeN1jsWRIBI8QB2PvV2,8,1772473073080255000,1772473073075566000,13,Insert, ,14,Dnes je vonku 
LaWWukYn6xeN1jsWRIBI8QB2PvV2,8,1772473073291076000,1772473073284827000,14,Insert,o,15,Dnes je vonku o
LaWWukYn6xeN1jsWRIBI8QB2PvV2,8,1772473073417533000,1772473073413301000,15,Insert,e,16,Dnes je vonku oe
LaWWukYn6xeN1jsWRIBI8QB2PvV2,8,1772473073534293000,1772473073530040000,16,Insert,k,17,Dnes je vonku oek
LaWWukYn6xeN1jsWRIBI8QB2PvV2,8,1772473073716090000,1772473073711957000,17,Insert,n,18,Dnes je vonku oekn
LaWWukYn6xeN1jsWRIBI8QB2PvV2,8,1772473073810479000,1772473073806418000,18,Insert,e,19,Dnes je vonku oekne
LaWWukYn6xeN1jsWRIBI8QB2PvV2,8,1772473074284044000,1772473074281095000,19,Delete,e,18,Dnes je vonku oekn
LaWWukYn6xeN1jsWRIBI8QB2PvV2,8,1772473074451556000,1772473074448716000,18,Delete,n,17,Dnes je vonku oek
LaWWukYn6xeN1jsWRIBI8QB2PvV2,8,1772473074638950000,1772473074636158000,17,Delete,k,16,Dnes je vonku oe
LaWWukYn6xeN1jsWRIBI8QB2PvV2,8,1772473074811752000,1772473074809026000,16,Delete,e,15,Dnes je vonku o
LaWWukYn6xeN1jsWRIBI8QB2PvV2,8,1772473074999009000,1772473074996298000,15,Delete,o,14,Dnes je vonku 
LaWWukYn6xeN1jsWRIBI8QB2PvV2,8,1772473075269542000,1772473075261229000,14,Insert,p,15,Dnes je vonku p
LaWWukYn6xeN1jsWRIBI8QB2PvV2,8,1772473075421317000,1772473075417297000,15,Insert,e,16,Dnes je vonku pe
LaWWukYn6xeN1jsWRIBI8QB2PvV2,8,1772473075537264000,1772473075533205000,16,Insert,k,17,Dnes je vonku pek
LaWWukYn6xeN1jsWRIBI8QB2PvV2,8,1772473075709533000,1772473075704912000,17,Insert,n,18,Dnes je vonku pekn
LaWWukYn6xeN1jsWRIBI8QB2PvV2,8,1772473075786987000,1772473075782446000,18,Insert,e,19,Dnes je vonku pekne
LaWWukYn6xeN1jsWRIBI8QB2PvV2,8,1772473076649014000,1772473076638884000,19,Insert,",",20,"Dnes je vonku pekne,"
LaWWukYn6xeN1jsWRIBI8QB2PvV2,8,1772473076933255000,1772473076926638000,20,Insert, ,21,"Dnes je vonku pekne, "
LaWWukYn6xeN1jsWRIBI8QB2PvV2,8,1772473077072638000,1772473077068459000,21,Insert,i,22,"Dnes je vonku pekne, i"
LaWWukYn6xeN1jsWRIBI8QB2PvV2,8,1772473077208711000,1772473077204401000,22,Insert,d,23,"Dnes je vonku pekne, id"
LaWWukYn6xeN1jsWRIBI8QB2PvV2,8,1772473077372324000,1772473077368367000,23,Insert,e,24,"Dnes je vonku pekne, ide"
LaWWukYn6xeN1jsWRIBI8QB2PvV2,8,1772473077522585000,1772473077518519000,24,Insert,m,25,"Dnes je vonku pekne, idem"
LaWWukYn6xeN1jsWRIBI8QB2PvV2,8,1772473077660253000,1772473077655915000,25,Insert, ,26,"Dnes je vonku pekne, idem "
LaWWukYn6xeN1jsWRIBI8QB2PvV2,8,1772473077812717000,1772473077808002000,26,Insert,b,27,"Dnes je vonku pekne, idem b"
LaWWukYn6xeN1jsWRIBI8QB2PvV2,8,1772473077900751000,1772473077896678000,27,Insert,o,28,"Dnes je vonku pekne, idem bo"
LaWWukYn6xeN1jsWRIBI8QB2PvV2,8,1772473078109561000,1772473078102394000,28,Insert,n,29,"Dnes je vonku pekne, idem bon"
LaWWukYn6xeN1jsWRIBI8QB2PvV2,8,1772473078511728000,1772473078506006000,29,Delete,n,28,"Dnes je vonku pekne, idem bo"
LaWWukYn6xeN1jsWRIBI8QB2PvV2,8,1772473078666428000,1772473078663270000,28,Delete,o,27,"Dnes je vonku pekne, idem b"
LaWWukYn6xeN1jsWRIBI8QB2PvV2,8,1772473078839199000,1772473078836365000,27,Delete,b,26,"Dnes je vonku pekne, idem "
LaWWukYn6xeN1jsWRIBI8QB2PvV2,8,1772473079171020000,1772473079165475000,26,Insert,b,27,"Dnes je vonku pekne, idem b"
LaWWukYn6xeN1jsWRIBI8QB2PvV2,8,1772473079354621000,1772473079349938000,27,Insert,o,28,"Dnes je vonku pekne, idem bo"
LaWWukYn6xeN1jsWRIBI8QB2PvV2,8,1772473079546162000,1772473079541641000,28,Insert,n,29,"Dnes je vonku pekne, idem bon"
LaWWukYn6xeN1jsWRIBI8QB2PvV2,8,1772473079854759000,1772473079850290000,29,Delete,n,28,"Dnes je vonku pekne, idem bo"
LaWWukYn6xeN1jsWRIBI8QB2PvV2,8,1772473080025885000,1772473080022866000,28,Delete,o,27,"Dnes je vonku pekne, idem b"
LaWWukYn6xeN1jsWRIBI8QB2PvV2,8,1772473080197233000,1772473080192110000,27,Delete,b,26,"Dnes je vonku pekne, idem "
LaWWukYn6xeN1jsWRIBI8QB2PvV2,8,1772473080251585000,1772473080246901000,26,Insert,v,27,"Dnes je vonku pekne, idem v"
LaWWukYn6xeN1jsWRIBI8QB2PvV2,8,1772473080409455000,1772473080405298000,27,Insert,o,28,"Dnes je vonku pekne, idem vo"
LaWWukYn6xeN1jsWRIBI8QB2PvV2,8,1772473080659349000,1772473080652244000,28,Insert,n,29,"Dnes je vonku pekne, idem von"
LaWWukYn6xeN1jsWRIBI8QB2PvV2,8,1772473081088503000,1772473081081056000,29,Insert, ,30,"Dnes je vonku pekne, idem von "
LaWWukYn6xeN1jsWRIBI8QB2PvV2,8,1772473081528679000,1772473081519740000,30,Insert,s,31,"Dnes je vonku pekne, idem von s"
LaWWukYn6xeN1jsWRIBI8QB2PvV2,8,1772473081658786000,1772473081652777000,31,Insert,o,32,"Dnes je vonku pekne, idem von so"
LaWWukYn6xeN1jsWRIBI8QB2PvV2,8,1772473081925407000,1772473081918212000,32,Insert, ,33,"Dnes je vonku pekne, idem von so "
LaWWukYn6xeN1jsWRIBI8QB2PvV2,8,1772473082102821000,1772473082097754000,33,Insert,p,34,"Dnes je vonku pekne, idem von so p"
LaWWukYn6xeN1jsWRIBI8QB2PvV2,8,1772473082247502000,1772473082242839000,34,Insert,s,35,"Dnes je vonku pekne, idem von so ps"
LaWWukYn6xeN1jsWRIBI8QB2PvV2,8,1772473082386405000,1772473082381336000,35,Insert,o,36,"Dnes je vonku pekne, idem von so pso"
LaWWukYn6xeN1jsWRIBI8QB2PvV2,8,1772473082621783000,1772473082614515000,36,Insert,m,37,"Dnes je vonku pekne, idem von so psom"
LaWWukYn6xeN1jsWRIBI8QB2PvV2,8,1772473082850050000,1772473082843708000,37,Insert, ,38,"Dnes je vonku pekne, idem von so psom "
LaWWukYn6xeN1jsWRIBI8QB2PvV2,8,1772473083069082000,1772473083061450000,38,Insert,n,39,"Dnes je vonku pekne, idem von so psom n"
LaWWukYn6xeN1jsWRIBI8QB2PvV2,8,1772473083163703000,1772473083159056000,39,Insert,a,40,"Dnes je vonku pekne, idem von so psom na"
LaWWukYn6xeN1jsWRIBI8QB2PvV2,8,1772473083389552000,1772473083381727000,40,Insert, ,41,"Dnes je vonku pekne, idem von so psom na "
LaWWukYn6xeN1jsWRIBI8QB2PvV2,8,1772473083575423000,1772473083571384000,41,Insert,f,42,"Dnes je vonku pekne, idem von so psom na f"
LaWWukYn6xeN1jsWRIBI8QB2PvV2,8,1772473083783552000,1772473083776080000,42,Insert,v,43,"Dnes je vonku pekne, idem von so psom na fv"
LaWWukYn6xeN1jsWRIBI8QB2PvV2,8,1772473083909955000,1772473083905036000,43,Insert,o,44,"Dnes je vonku pekne, idem von so psom na fvo"
LaWWukYn6xeN1jsWRIBI8QB2PvV2,8,1772473084036108000,1772473084032036000,44,Insert,r,45,"Dnes je vonku pekne, idem von so psom na fvor"
LaWWukYn6xeN1jsWRIBI8QB2PvV2,8,1772473084345606000,1772473084342254000,45,Delete,r,44,"Dnes je vonku pekne, idem von so psom na fvo"
LaWWukYn6xeN1jsWRIBI8QB2PvV2,8,1772473084511913000,1772473084509000000,44,Delete,o,43,"Dnes je vonku pekne, idem von so psom na fv"
LaWWukYn6xeN1jsWRIBI8QB2PvV2,8,1772473084681395000,1772473084678313000,43,Delete,v,42,"Dnes je vonku pekne, idem von so psom na f"
LaWWukYn6xeN1jsWRIBI8QB2PvV2,8,1772473084843657000,1772473084840368000,42,Delete,f,41,"Dnes je vonku pekne, idem von so psom na "
LaWWukYn6xeN1jsWRIBI8QB2PvV2,8,1772473085111933000,1772473085105144000,41,Insert,d,42,"Dnes je vonku pekne, idem von so psom na d"
LaWWukYn6xeN1jsWRIBI8QB2PvV2,8,1772473085385946000,1772473085378989000,42,Insert,v,43,"Dnes je vonku pekne, idem von so psom na dv"
LaWWukYn6xeN1jsWRIBI8QB2PvV2,8,1772473085524528000,1772473085520315000,43,Insert,o,44,"Dnes je vonku pekne, idem von so psom na dvo"
LaWWukYn6xeN1jsWRIBI8QB2PvV2,8,1772473085655988000,1772473085648712000,44,Insert,r,45,"Dnes je vonku pekne, idem von so psom na dvor"
LaWWukYn6xeN1jsWRIBI8QB2PvV2,8,1772473085863227000,1772473085855738000,45,Insert, ,46,"Dnes je vonku pekne, idem von so psom na dvor "
LaWWukYn6xeN1jsWRIBI8QB2PvV2,8,1772473086100087000,1772473086095784000,46,Insert,a,47,"Dnes je vonku pekne, idem von so psom na dvor a"
LaWWukYn6xeN1jsWRIBI8QB2PvV2,8,1772473086296165000,1772473086291505000,47,Insert, ,48,"Dnes je vonku pekne, idem von so psom na dvor a "
LaWWukYn6xeN1jsWRIBI8QB2PvV2,8,1772473086477116000,1772473086472130000,48,Insert,b,49,"Dnes je vonku pekne, idem von so psom na dvor a b"
LaWWukYn6xeN1jsWRIBI8QB2PvV2,8,1772473086670648000,1772473086663852000,49,Insert,u,50,"Dnes je vonku pekne, idem von so psom na dvor a bu"
LaWWukYn6xeN1jsWRIBI8QB2PvV2,9,1772473095107313000,1772473095100960000,0,Insert,D,1,D
LaWWukYn6xeN1jsWRIBI8QB2PvV2,9,1772473095249268000,1772473095245445000,1,Insert,n,2,Dn
LaWWukYn6xeN1jsWRIBI8QB2PvV2,9,1772473095333415000,1772473095331167000,2,Insert,e,3,Dne
LaWWukYn6xeN1jsWRIBI8QB2PvV2,9,1772473095524107000,1772473095520059000,3,Insert,s,4,Dnes
LaWWukYn6xeN1jsWRIBI8QB2PvV2,9,1772473095799037000,1772473095794307000,4,Insert, ,5,Dnes 
LaWWukYn6xeN1jsWRIBI8QB2PvV2,9,1772473095942455000,1772473095938630000,5,Insert,j,6,Dnes j
LaWWukYn6xeN1jsWRIBI8QB2PvV2,9,1772473096048523000,1772473096044359000,6,Insert,e,7,Dnes je
LaWWukYn6xeN1jsWRIBI8QB2PvV2,9,1772473096261162000,1772473096253250000,7,Insert, ,8,Dnes je 
LaWWukYn6xeN1jsWRIBI8QB2PvV2,9,1772473096413791000,1772473096409895000,8,Insert,v,9,Dnes je v
LaWWukYn6xeN1jsWRIBI8QB2PvV2,9,1772473096548080000,1772473096543859000,9,Insert,o,10,Dnes je vo
LaWWukYn6xeN1jsWRIBI8QB2PvV2,9,1772473096785518000,1772473096779260000,10,Insert,n,11,Dnes je von
LaWWukYn6xeN1jsWRIBI8QB2PvV2,9,1772473096983407000,1772473096979441000,11,Insert,k,12,Dnes je vonk
LaWWukYn6xeN1jsWRIBI8QB2PvV2,9,1772473097164651000,1772473097160818000,12,Insert,u,13,Dnes je vonku
LaWWukYn6xeN1jsWRIBI8QB2PvV2,9,1772473097371783000,1772473097365772000,13,Insert, ,14,Dnes je vonku 
LaWWukYn6xeN1jsWRIBI8QB2PvV2,9,1772473097600020000,1772473097593052000,14,Insert,p,15,Dnes je vonku p
LaWWukYn6xeN1jsWRIBI8QB2PvV2,9,1772473097689284000,1772473097685192000,15,Insert,e,16,Dnes je vonku pe
LaWWukYn6xeN1jsWRIBI8QB2PvV2,9,1772473097942322000,1772473097935493000,16,Insert,k,17,Dnes je vonku pek
LaWWukYn6xeN1jsWRIBI8QB2PvV2,9,1772473098120478000,1772473098116056000,17,Insert,n,18,Dnes je vonku pekn
LaWWukYn6xeN1jsWRIBI8QB2PvV2,9,1772473098228096000,1772473098223970000,18,Insert,e,19,Dnes je vonku pekne
LaWWukYn6xeN1jsWRIBI8QB2PvV2,9,1772473098735575000,1772473098728597000,19,Insert,",",20,"Dnes je vonku pekne,"
LaWWukYn6xeN1jsWRIBI8QB2PvV2,9,1772473099080056000,1772473099075917000,20,Insert, ,21,"Dnes je vonku pekne, "
LaWWukYn6xeN1jsWRIBI8QB2PvV2,9,1772473099303312000,1772473099296242000,21,Insert,i,22,"Dnes je vonku pekne, i"
LaWWukYn6xeN1jsWRIBI8QB2PvV2,9,1772473099419251000,1772473099412730000,22,Insert,d,23,"Dnes je vonku pekne, id"
LaWWukYn6xeN1jsWRIBI8QB2PvV2,9,1772473099596921000,1772473099592733000,23,Insert,e,24,"Dnes je vonku pekne, ide"
LaWWukYn6xeN1jsWRIBI8QB2PvV2,9,1772473099713251000,1772473099709166000,24,Insert,m,25,"Dnes je vonku pekne, idem"
LaWWukYn6xeN1jsWRIBI8QB2PvV2,9,1772473099847033000,1772473099842849000,25,Insert, ,26,"Dnes je vonku pekne, idem "
LaWWukYn6xeN1jsWRIBI8QB2PvV2,9,1772473100029326000,1772473100024912000,26,Insert,v,27,"Dnes je vonku pekne, idem v"
LaWWukYn6xeN1jsWRIBI8QB2PvV2,9,1772473100127326000,1772473100123004000,27,Insert,o,28,"Dnes je vonku pekne, idem vo"
LaWWukYn6xeN1jsWRIBI8QB2PvV2,9,1772473100336520000,1772473100330115000,28,Insert,n,29,"Dnes je vonku pekne, idem von"
LaWWukYn6xeN1jsWRIBI8QB2PvV2,9,1772473100755510000,1772473100748548000,29,Insert, ,30,"Dnes je vonku pekne, idem von "
LaWWukYn6xeN1jsWRIBI8QB2PvV2,9,1772473101236465000,1772473101229591000,30,Insert,s,31,"Dnes je vonku pekne, idem von s"
LaWWukYn6xeN1jsWRIBI8QB2PvV2,9,1772473101361801000,1772473101357695000,31,Insert,o,32,"Dnes je vonku pekne, idem von so"
LaWWukYn6xeN1jsWRIBI8QB2PvV2,9,1772473101548914000,1772473101544514000,32,Insert, ,33,"Dnes je vonku pekne, idem von so "
LaWWukYn6xeN1jsWRIBI8QB2PvV2,9,1772473101761806000,1772473101754079000,33,Insert,p,34,"Dnes je vonku pekne, idem von so p"
LaWWukYn6xeN1jsWRIBI8QB2PvV2,9,1772473101873627000,1772473101867410000,34,Insert,s,35,"Dnes je vonku pekne, idem von so ps"
LaWWukYn6xeN1jsWRIBI8QB2PvV2,9,1772473102063226000,1772473102058389000,35,Insert,o,36,"Dnes je vonku pekne, idem von so pso"
LaWWukYn6xeN1jsWRIBI8QB2PvV2,9,1772473102273682000,1772473102266959000,36,Insert,m,37,"Dnes je vonku pekne, idem von so psom"
LaWWukYn6xeN1jsWRIBI8QB2PvV2,9,1772473102728491000,1772473102720700000,37,Insert, ,38,"Dnes je vonku pekne, idem von so psom "
LaWWukYn6xeN1jsWRIBI8QB2PvV2,9,1772473102906790000,1772473102902220000,38,Insert,n,39,"Dnes je vonku pekne, idem von so psom n"
LaWWukYn6xeN1jsWRIBI8QB2PvV2,9,1772473103004830000,1772473103000048000,39,Insert,a,40,"Dnes je vonku pekne, idem von so psom na"
LaWWukYn6xeN1jsWRIBI8QB2PvV2,9,1772473103217795000,1772473103210556000,40,Insert, ,41,"Dnes je vonku pekne, idem von so psom na "
LaWWukYn6xeN1jsWRIBI8QB2PvV2,9,1772473103414220000,1772473103409689000,41,Insert,f,42,"Dnes je vonku pekne, idem von so psom na f"
LaWWukYn6xeN1jsWRIBI8QB2PvV2,9,1772473103605084000,1772473103600438000,42,Insert,v,43,"Dnes je vonku pekne, idem von so psom na fv"
LaWWukYn6xeN1jsWRIBI8QB2PvV2,9,1772473103739430000,1772473103735299000,43,Insert,o,44,"Dnes je vonku pekne, idem von so psom na fvo"
LaWWukYn6xeN1jsWRIBI8QB2PvV2,9,1772473103867586000,1772473103862347000,44,Insert,r,45,"Dnes je vonku pekne, idem von so psom na fvor"
LaWWukYn6xeN1jsWRIBI8QB2PvV2,9,1772473104154463000,1772473104148857000,45,Delete,r,44,"Dnes je vonku pekne, idem von so psom na fvo"
LaWWukYn6xeN1jsWRIBI8QB2PvV2,9,1772473104315257000,1772473104312387000,44,Delete,o,43,"Dnes je vonku pekne, idem von so psom na fv"
LaWWukYn6xeN1jsWRIBI8QB2PvV2,9,1772473104490132000,1772473104487253000,43,Delete,v,42,"Dnes je vonku pekne, idem von so psom na f"
LaWWukYn6xeN1jsWRIBI8QB2PvV2,9,1772473104671600000,1772473104668717000,42,Delete,f,41,"Dnes je vonku pekne, idem von so psom na "
LaWWukYn6xeN1jsWRIBI8QB2PvV2,9,1772473104776793000,1772473104772008000,41,Insert,d,42,"Dnes je vonku pekne, idem von so psom na d"
LaWWukYn6xeN1jsWRIBI8QB2PvV2,9,1772473104988045000,1772473104979833000,42,Insert,v,43,"Dnes je vonku pekne, idem von so psom na dv"
LaWWukYn6xeN1jsWRIBI8QB2PvV2,9,1772473105171148000,1772473105166877000,43,Insert,o,44,"Dnes je vonku pekne, idem von so psom na dvo"
LaWWukYn6xeN1jsWRIBI8QB2PvV2,9,1772473105298502000,1772473105292272000,44,Insert,r,45,"Dnes je vonku pekne, idem von so psom na dvor"
LaWWukYn6xeN1jsWRIBI8QB2PvV2,9,1772473106113635000,1772473106103449000,45,Insert, ,46,"Dnes je vonku pekne, idem von so psom na dvor "
LaWWukYn6xeN1jsWRIBI8QB2PvV2,9,1772473106355261000,1772473106348430000,46,Insert,a,47,"Dnes je vonku pekne, idem von so psom na dvor a"
LaWWukYn6xeN1jsWRIBI8QB2PvV2,9,1772473106527522000,1772473106522871000,47,Insert, ,48,"Dnes je vonku pekne, idem von so psom na dvor a "
LaWWukYn6xeN1jsWRIBI8QB2PvV2,9,1772473106678456000,1772473106673960000,48,Insert,b,49,"Dnes je vonku pekne, idem von so psom na dvor a b"
LaWWukYn6xeN1jsWRIBI8QB2PvV2,9,1772473106859510000,1772473106854893000,49,Insert,u,50,"Dnes je vonku pekne, idem von so psom na dvor a bu"
LaWWukYn6xeN1jsWRIBI8QB2PvV2,10,1772473115814742000,1772473115808920000,0,Insert,D,1,D
LaWWukYn6xeN1jsWRIBI8QB2PvV2,10,1772473115940629000,1772473115936737000,1,Insert,n,2,Dn
LaWWukYn6xeN1jsWRIBI8QB2PvV2,10,1772473116036673000,1772473116032864000,2,Insert,e,3,Dne
LaWWukYn6xeN1jsWRIBI8QB2PvV2,10,1772473116195919000,1772473116191841000,3,Insert,s,4,Dnes
LaWWukYn6xeN1jsWRIBI8QB2PvV2,10,1772473116423295000,1772473116419184000,4,Insert, ,5,Dnes 
LaWWukYn6xeN1jsWRIBI8QB2PvV2,10,1772473116554510000,1772473116550505000,5,Insert,j,6,Dnes j
LaWWukYn6xeN1jsWRIBI8QB2PvV2,10,1772473116654623000,1772473116650821000,6,Insert,e,7,Dnes je
LaWWukYn6xeN1jsWRIBI8QB2PvV2,10,1772473116849123000,1772473116844857000,7,Insert, ,8,Dnes je 
LaWWukYn6xeN1jsWRIBI8QB2PvV2,10,1772473117010330000,1772473117006290000,8,Insert,v,9,Dnes je v
LaWWukYn6xeN1jsWRIBI8QB2PvV2,10,1772473117124905000,1772473117120851000,9,Insert,o,10,Dnes je vo
LaWWukYn6xeN1jsWRIBI8QB2PvV2,10,1772473117343431000,1772473117336940000,10,Insert,n,11,Dnes je von
LaWWukYn6xeN1jsWRIBI8QB2PvV2,10,1772473117539068000,1772473117535144000,11,Insert,k,12,Dnes je vonk
LaWWukYn6xeN1jsWRIBI8QB2PvV2,10,1772473117715500000,1772473117711501000,12,Insert,u,13,Dnes je vonku
LaWWukYn6xeN1jsWRIBI8QB2PvV2,10,1772473117861213000,1772473117857018000,13,Insert, ,14,Dnes je vonku 
LaWWukYn6xeN1jsWRIBI8QB2PvV2,10,1772473118009118000,1772473118005025000,14,Insert,p,15,Dnes je vonku p
LaWWukYn6xeN1jsWRIBI8QB2PvV2,10,1772473118154649000,1772473118150602000,15,Insert,e,16,Dnes je vonku pe
LaWWukYn6xeN1jsWRIBI8QB2PvV2,10,1772473118283634000,1772473118278648000,16,Insert,k,17,Dnes je vonku pek
LaWWukYn6xeN1jsWRIBI8QB2PvV2,10,1772473118457448000,1772473118453453000,17,Insert,n,18,Dnes je vonku pekn
LaWWukYn6xeN1jsWRIBI8QB2PvV2,10,1772473118581902000,1772473118575621000,18,Insert,e,19,Dnes je vonku pekne
LaWWukYn6xeN1jsWRIBI8QB2PvV2,10,1772473118959742000,1772473118952190000,19,Insert,",",20,"Dnes je vonku pekne,"
LaWWukYn6xeN1jsWRIBI8QB2PvV2,10,1772473119240980000,1772473119233331000,20,Insert, ,21,"Dnes je vonku pekne, "
LaWWukYn6xeN1jsWRIBI8QB2PvV2,10,1772473119377896000,1772473119374642000,21,Insert,i,22,"Dnes je vonku pekne, i"
LaWWukYn6xeN1jsWRIBI8QB2PvV2,10,1772473119503939000,1772473119501464000,22,Insert,d,23,"Dnes je vonku pekne, id"
LaWWukYn6xeN1jsWRIBI8QB2PvV2,10,1772473119678745000,1772473119674371000,23,Insert,e,24,"Dnes je vonku pekne, ide"
LaWWukYn6xeN1jsWRIBI8QB2PvV2,10,1772473119813822000,1772473119809551000,24,Insert,m,25,"Dnes je vonku pekne, idem"
LaWWukYn6xeN1jsWRIBI8QB2PvV2,10,1772473119944632000,1772473119939825000,25,Insert, ,26,"Dnes je vonku pekne, idem "
LaWWukYn6xeN1jsWRIBI8QB2PvV2,10,1772473120102222000,1772473120098142000,26,Insert,v,27,"Dnes je vonku pekne, idem v"
LaWWukYn6xeN1jsWRIBI8QB2PvV2,10,1772473120213182000,1772473120208464000,27,Insert,o,28,"Dnes je vonku pekne, idem vo"
LaWWukYn6xeN1jsWRIBI8QB2PvV2,10,1772473120434134000,1772473120427546000,28,Insert,n,29,"Dnes je vonku pekne, idem von"
LaWWukYn6xeN1jsWRIBI8QB2PvV2,10,1772473120636843000,1772473120629019000,29,Insert, ,30,"Dnes je vonku pekne, idem von "
LaWWukYn6xeN1jsWRIBI8QB2PvV2,10,1772473121139086000,1772473121132530000,30,Insert,a,31,"Dnes je vonku pekne, idem von a"
LaWWukYn6xeN1jsWRIBI8QB2PvV2,10,1772473121420532000,1772473121416270000,31,Delete,a,30,"Dnes je vonku pekne, idem von "
LaWWukYn6xeN1jsWRIBI8QB2PvV2,10,1772473121535891000,1772473121531067000,30,Insert,s,31,"Dnes je vonku pekne, idem von s"
LaWWukYn6xeN1jsWRIBI8QB2PvV2,10,1772473121724485000,1772473121720505000,31,Insert,o,32,"Dnes je vonku pekne, idem von so"
LaWWukYn6xeN1jsWRIBI8QB2PvV2,10,1772473121897081000,1772473121892957000,32,Insert, ,33,"Dnes je vonku pekne, idem von so "
LaWWukYn6xeN1jsWRIBI8QB2PvV2,10,1772473122120174000,1772473122113818000,33,Insert,p,34,"Dnes je vonku pekne, idem von so p"
LaWWukYn6xeN1jsWRIBI8QB2PvV2,10,1772473122243122000,1772473122238654000,34,Insert,s,35,"Dnes je vonku pekne, idem von so ps"
LaWWukYn6xeN1jsWRIBI8QB2PvV2,10,1772473122385154000,1772473122380629000,35,Insert,o,36,"Dnes je vonku pekne, idem von so pso"
LaWWukYn6xeN1jsWRIBI8QB2PvV2,10,1772473122584228000,1772473122579634000,36,Insert,m,37,"Dnes je vonku pekne, idem von so psom"
LaWWukYn6xeN1jsWRIBI8QB2PvV2,10,1772473122731886000,1772473122727390000,37,Insert, ,38,"Dnes je vonku pekne, idem von so psom "
LaWWukYn6xeN1jsWRIBI8QB2PvV2,10,1772473123174292000,1772473123169534000,38,Insert,n,39,"Dnes je vonku pekne, idem von so psom n"
LaWWukYn6xeN1jsWRIBI8QB2PvV2,10,1772473123259974000,1772473123255505000,39,Insert,a,40,"Dnes je vonku pekne, idem von so psom na"
LaWWukYn6xeN1jsWRIBI8QB2PvV2,10,1772473123497298000,1772473123489492000,40,Insert, ,41,"Dnes je vonku pekne, idem von so psom na "
LaWWukYn6xeN1jsWRIBI8QB2PvV2,10,1772473123677152000,1772473123672283000,41,Insert,d,42,"Dnes je vonku pekne, idem von so psom na d"
LaWWukYn6xeN1jsWRIBI8QB2PvV2,10,1772473123865728000,1772473123860957000,42,Insert,v,43,"Dnes je vonku pekne, idem von so psom na dv"
LaWWukYn6xeN1jsWRIBI8QB2PvV2,10,1772473123965074000,1772473123960962000,43,Insert,o,44,"Dnes je vonku pekne, idem von so psom na dvo"
LaWWukYn6xeN1jsWRIBI8QB2PvV2,10,1772473124108023000,1772473124103324000,44,Insert,r,45,"Dnes je vonku pekne, idem von so psom na dvor"
LaWWukYn6xeN1jsWRIBI8QB2PvV2,10,1772473124366300000,1772473124358413000,45,Insert, ,46,"Dnes je vonku pekne, idem von so psom na dvor "
LaWWukYn6xeN1jsWRIBI8QB2PvV2,10,1772473125673353000,1772473125666556000,46,Insert,a,47,"Dnes je vonku pekne, idem von so psom na dvor a"
LaWWukYn6xeN1jsWRIBI8QB2PvV2,10,1772473125941237000,1772473125936016000,47,Insert, ,48,"Dnes je vonku pekne, idem von so psom na dvor a "
LaWWukYn6xeN1jsWRIBI8QB2PvV2,10,1772473126115196000,1772473126110252000,48,Insert,b,49,"Dnes je vonku pekne, idem von so psom na dvor a b"
LaWWukYn6xeN1jsWRIBI8QB2PvV2,10,1772473126292469000,1772473126288151000,49,Insert,u,50,"Dnes je vonku pekne, idem von so psom na dvor a bu"
LaWWukYn6xeN1jsWRIBI8QB2PvV2,11,1772473134292637000,1772473134287024000,0,Insert,D,1,D
LaWWukYn6xeN1jsWRIBI8QB2PvV2,11,1772473134386969000,1772473134380365000,1,Insert,n,2,Dn
LaWWukYn6xeN1jsWRIBI8QB2PvV2,11,1772473134499452000,1772473134495639000,2,Insert,e,3,Dne
LaWWukYn6xeN1jsWRIBI8QB2PvV2,11,1772473134636433000,1772473134631104000,3,Insert,s,4,Dnes
LaWWukYn6xeN1jsWRIBI8QB2PvV2,11,1772473134845906000,1772473134838546000,4,Insert, ,5,Dnes 
LaWWukYn6xeN1jsWRIBI8QB2PvV2,11,1772473134968544000,1772473134964740000,5,Insert,j,6,Dnes j
LaWWukYn6xeN1jsWRIBI8QB2PvV2,11,1772473135062321000,1772473135058477000,6,Insert,e,7,Dnes je
LaWWukYn6xeN1jsWRIBI8QB2PvV2,11,1772473135252117000,1772473135247518000,7,Insert, ,8,Dnes je 
LaWWukYn6xeN1jsWRIBI8QB2PvV2,11,1772473135413183000,1772473135409227000,8,Insert,v,9,Dnes je v
LaWWukYn6xeN1jsWRIBI8QB2PvV2,11,1772473135520013000,1772473135515315000,9,Insert,o,10,Dnes je vo
LaWWukYn6xeN1jsWRIBI8QB2PvV2,11,1772473135739695000,1772473135733043000,10,Insert,n,11,Dnes je von
LaWWukYn6xeN1jsWRIBI8QB2PvV2,11,1772473135914409000,1772473135910461000,11,Insert,k,12,Dnes je vonk
LaWWukYn6xeN1jsWRIBI8QB2PvV2,11,1772473136090406000,1772473136086027000,12,Insert,u,13,Dnes je vonku
LaWWukYn6xeN1jsWRIBI8QB2PvV2,11,1772473136227501000,1772473136223275000,13,Insert, ,14,Dnes je vonku 
LaWWukYn6xeN1jsWRIBI8QB2PvV2,11,1772473136360448000,1772473136356568000,14,Insert,o,15,Dnes je vonku o
LaWWukYn6xeN1jsWRIBI8QB2PvV2,11,1772473136495694000,1772473136491871000,15,Insert,e,16,Dnes je vonku oe
LaWWukYn6xeN1jsWRIBI8QB2PvV2,11,1772473136609334000,1772473136605193000,16,Insert,k,17,Dnes je vonku oek
LaWWukYn6xeN1jsWRIBI8QB2PvV2,11,1772473136795768000,1772473136791853000,17,Insert,n,18,Dnes je vonku oekn
LaWWukYn6xeN1jsWRIBI8QB2PvV2,11,1772473136889271000,1772473136885183000,18,Insert,e,19,Dnes je vonku oekne
LaWWukYn6xeN1jsWRIBI8QB2PvV2,11,1772473137417135000,1772473137414397000,19,Delete,e,18,Dnes je vonku oekn
LaWWukYn6xeN1jsWRIBI8QB2PvV2,11,1772473137583397000,1772473137580599000,18,Delete,n,17,Dnes je vonku oek
LaWWukYn6xeN1jsWRIBI8QB2PvV2,11,1772473137749090000,1772473137745794000,17,Delete,k,16,Dnes je vonku oe
LaWWukYn6xeN1jsWRIBI8QB2PvV2,11,1772473137916533000,1772473137913859000,16,Delete,e,15,Dnes je vonku o
LaWWukYn6xeN1jsWRIBI8QB2PvV2,11,1772473138104325000,1772473138101526000,15,Delete,o,14,Dnes je vonku 
LaWWukYn6xeN1jsWRIBI8QB2PvV2,11,1772473138393166000,1772473138389188000,14,Insert,p,15,Dnes je vonku p
LaWWukYn6xeN1jsWRIBI8QB2PvV2,11,1772473138519848000,1772473138515867000,15,Insert,e,16,Dnes je vonku pe
LaWWukYn6xeN1jsWRIBI8QB2PvV2,11,1772473138695080000,1772473138690552000,16,Insert,k,17,Dnes je vonku pek
LaWWukYn6xeN1jsWRIBI8QB2PvV2,11,1772473138890135000,1772473138886243000,17,Insert,n,18,Dnes je vonku pekn
LaWWukYn6xeN1jsWRIBI8QB2PvV2,11,1772473138984772000,1772473138980756000,18,Insert,e,19,Dnes je vonku pekne
LaWWukYn6xeN1jsWRIBI8QB2PvV2,11,1772473139819612000,1772473139810396000,19,Insert,",",20,"Dnes je vonku pekne,"
LaWWukYn6xeN1jsWRIBI8QB2PvV2,11,1772473140239654000,1772473140229088000,20,Insert, ,21,"Dnes je vonku pekne, "
LaWWukYn6xeN1jsWRIBI8QB2PvV2,11,1772473140879123000,1772473140874845000,21,Insert,i,22,"Dnes je vonku pekne, i"
LaWWukYn6xeN1jsWRIBI8QB2PvV2,11,1772473140970083000,1772473140966074000,22,Insert,d,23,"Dnes je vonku pekne, id"
LaWWukYn6xeN1jsWRIBI8QB2PvV2,11,1772473141163139000,1772473141158835000,23,Insert,e,24,"Dnes je vonku pekne, ide"
LaWWukYn6xeN1jsWRIBI8QB2PvV2,11,1772473141293844000,1772473141289817000,24,Insert,m,25,"Dnes je vonku pekne, idem"
LaWWukYn6xeN1jsWRIBI8QB2PvV2,11,1772473143085207000,1772473143078315000,25,Insert, ,26,"Dnes je vonku pekne, idem "
LaWWukYn6xeN1jsWRIBI8QB2PvV2,11,1772473144092121000,1772473144083553000,26,Insert,v,27,"Dnes je vonku pekne, idem v"
LaWWukYn6xeN1jsWRIBI8QB2PvV2,11,1772473144196500000,1772473144188063000,27,Insert,o,28,"Dnes je vonku pekne, idem vo"
LaWWukYn6xeN1jsWRIBI8QB2PvV2,11,1772473144396017000,1772473144388470000,28,Insert,n,29,"Dnes je vonku pekne, idem von"
LaWWukYn6xeN1jsWRIBI8QB2PvV2,11,1772473144514345000,1772473144507706000,29,Insert, ,30,"Dnes je vonku pekne, idem von "
LaWWukYn6xeN1jsWRIBI8QB2PvV2,11,1772473150012572000,1772473150002621000,30,Insert,s,31,"Dnes je vonku pekne, idem von s"
LaWWukYn6xeN1jsWRIBI8QB2PvV2,11,1772473150096412000,1772473150092004000,31,Insert,o,32,"Dnes je vonku pekne, idem von so"
LaWWukYn6xeN1jsWRIBI8QB2PvV2,11,1772473150264744000,1772473150260177000,32,Insert, ,33,"Dnes je vonku pekne, idem von so "
LaWWukYn6xeN1jsWRIBI8QB2PvV2,11,1772473150400676000,1772473150396734000,33,Insert,p,34,"Dnes je vonku pekne, idem von so p"
LaWWukYn6xeN1jsWRIBI8QB2PvV2,11,1772473150558996000,1772473150554284000,34,Insert,s,35,"Dnes je vonku pekne, idem von so ps"
LaWWukYn6xeN1jsWRIBI8QB2PvV2,11,1772473150724238000,1772473150719588000,35,Insert,o,36,"Dnes je vonku pekne, idem von so pso"
LaWWukYn6xeN1jsWRIBI8QB2PvV2,11,1772473150978236000,1772473150971852000,36,Insert,m,37,"Dnes je vonku pekne, idem von so psom"
LaWWukYn6xeN1jsWRIBI8QB2PvV2,11,1772473151086304000,1772473151081545000,37,Insert, ,38,"Dnes je vonku pekne, idem von so psom "
LaWWukYn6xeN1jsWRIBI8QB2PvV2,11,1772473151227911000,1772473151222952000,38,Insert,n,39,"Dnes je vonku pekne, idem von so psom n"
LaWWukYn6xeN1jsWRIBI8QB2PvV2,11,1772473151320440000,1772473151316227000,39,Insert,a,40,"Dnes je vonku pekne, idem von so psom na"
LaWWukYn6xeN1jsWRIBI8QB2PvV2,11,1772473151525829000,1772473151519024000,40,Insert, ,41,"Dnes je vonku pekne, idem von so psom na "
LaWWukYn6xeN1jsWRIBI8QB2PvV2,11,1772473151690161000,1772473151685356000,41,Insert,f,42,"Dnes je vonku pekne, idem von so psom na f"
LaWWukYn6xeN1jsWRIBI8QB2PvV2,11,1772473151878545000,1772473151872174000,42,Insert,v,43,"Dnes je vonku pekne, idem von so psom na fv"
LaWWukYn6xeN1jsWRIBI8QB2PvV2,11,1772473151991548000,1772473151987070000,43,Insert,o,44,"Dnes je vonku pekne, idem von so psom na fvo"
LaWWukYn6xeN1jsWRIBI8QB2PvV2,11,1772473152113525000,1772473152108706000,44,Insert,r,45,"Dnes je vonku pekne, idem von so psom na fvor"
LaWWukYn6xeN1jsWRIBI8QB2PvV2,11,1772473152947677000,1772473152937701000,45,Delete,r,44,"Dnes je vonku pekne, idem von so psom na fvo"
LaWWukYn6xeN1jsWRIBI8QB2PvV2,11,1772473153092354000,1772473153089106000,44,Delete,o,43,"Dnes je vonku pekne, idem von so psom na fv"
LaWWukYn6xeN1jsWRIBI8QB2PvV2,11,1772473153277223000,1772473153274287000,43,Delete,v,42,"Dnes je vonku pekne, idem von so psom na f"
LaWWukYn6xeN1jsWRIBI8QB2PvV2,11,1772473153421252000,1772473153418320000,42,Delete,f,41,"Dnes je vonku pekne, idem von so psom na "
LaWWukYn6xeN1jsWRIBI8QB2PvV2,11,1772473153769819000,1772473153763472000,41,Insert,d,42,"Dnes je vonku pekne, idem von so psom na d"
LaWWukYn6xeN1jsWRIBI8QB2PvV2,11,1772473154063698000,1772473154057014000,42,Insert,b,43,"Dnes je vonku pekne, idem von so psom na db"
LaWWukYn6xeN1jsWRIBI8QB2PvV2,11,1772473154205910000,1772473154200281000,43,Insert,o,44,"Dnes je vonku pekne, idem von so psom na dbo"
LaWWukYn6xeN1jsWRIBI8QB2PvV2,11,1772473154345508000,1772473154341298000,44,Insert,r,45,"Dnes je vonku pekne, idem von so psom na dbor"
LaWWukYn6xeN1jsWRIBI8QB2PvV2,11,1772473154773557000,1772473154770607000,45,Delete,r,44,"Dnes je vonku pekne, idem von so psom na dbo"
LaWWukYn6xeN1jsWRIBI8QB2PvV2,11,1772473154937214000,1772473154934448000,44,Delete,o,43,"Dnes je vonku pekne, idem von so psom na db"
LaWWukYn6xeN1jsWRIBI8QB2PvV2,11,1772473155156505000,1772473155152517000,43,Delete,b,42,"Dnes je vonku pekne, idem von so psom na d"
LaWWukYn6xeN1jsWRIBI8QB2PvV2,11,1772473155277894000,1772473155273698000,42,Insert,v,43,"Dnes je vonku pekne, idem von so psom na dv"
LaWWukYn6xeN1jsWRIBI8QB2PvV2,11,1772473155419105000,1772473155414825000,43,Insert,o,44,"Dnes je vonku pekne, idem von so psom na dvo"
LaWWukYn6xeN1jsWRIBI8QB2PvV2,11,1772473155548438000,1772473155543776000,44,Insert,r,45,"Dnes je vonku pekne, idem von so psom na dvor"
LaWWukYn6xeN1jsWRIBI8QB2PvV2,11,1772473156115102000,1772473156106887000,45,Insert, ,46,"Dnes je vonku pekne, idem von so psom na dvor "
LaWWukYn6xeN1jsWRIBI8QB2PvV2,11,1772473156539914000,1772473156529985000,46,Insert,a,47,"Dnes je vonku pekne, idem von so psom na dvor a"
LaWWukYn6xeN1jsWRIBI8QB2PvV2,11,1772473156746029000,1772473156740672000,47,Insert, ,48,"Dnes je vonku pekne, idem von so psom na dvor a "
LaWWukYn6xeN1jsWRIBI8QB2PvV2,11,1772473156934971000,1772473156930411000,48,Insert,b,49,"Dnes je vonku pekne, idem von so psom na dvor a b"
LaWWukYn6xeN1jsWRIBI8QB2PvV2,11,1772473157109578000,1772473157103149000,49,Insert,u,50,"Dnes je vonku pekne, idem von so psom na dvor a bu"
LaWWukYn6xeN1jsWRIBI8QB2PvV2,12,1772473164747005000,1772473164726267000,0,Insert,D,1,D
LaWWukYn6xeN1jsWRIBI8QB2PvV2,12,1772473164813450000,1772473164809292000,1,Insert,n,2,Dn
LaWWukYn6xeN1jsWRIBI8QB2PvV2,12,1772473164963879000,1772473164956023000,2,Insert,e,3,Dne
LaWWukYn6xeN1jsWRIBI8QB2PvV2,12,1772473165123568000,1772473165119537000,3,Insert,s,4,Dnes
LaWWukYn6xeN1jsWRIBI8QB2PvV2,12,1772473165338413000,1772473165331045000,4,Insert, ,5,Dnes 
LaWWukYn6xeN1jsWRIBI8QB2PvV2,12,1772473165469599000,1772473165465103000,5,Insert,j,6,Dnes j
LaWWukYn6xeN1jsWRIBI8QB2PvV2,12,1772473165549624000,1772473165545381000,6,Insert,e,7,Dnes je
LaWWukYn6xeN1jsWRIBI8QB2PvV2,12,1772473165734839000,1772473165724121000,7,Insert, ,8,Dnes je 
LaWWukYn6xeN1jsWRIBI8QB2PvV2,12,1772473165874313000,1772473165870355000,8,Insert,v,9,Dnes je v
LaWWukYn6xeN1jsWRIBI8QB2PvV2,12,1772473165981355000,1772473165977347000,9,Insert,o,10,Dnes je vo
LaWWukYn6xeN1jsWRIBI8QB2PvV2,12,1772473166185760000,1772473166180638000,10,Insert,n,11,Dnes je von
LaWWukYn6xeN1jsWRIBI8QB2PvV2,12,1772473166366043000,1772473166358066000,11,Insert,k,12,Dnes je vonk
LaWWukYn6xeN1jsWRIBI8QB2PvV2,12,1772473166527392000,1772473166523474000,12,Insert,u,13,Dnes je vonku
LaWWukYn6xeN1jsWRIBI8QB2PvV2,12,1772473166628753000,1772473166624611000,13,Insert, ,14,Dnes je vonku 
LaWWukYn6xeN1jsWRIBI8QB2PvV2,12,1772473166795653000,1772473166791652000,14,Insert,p,15,Dnes je vonku p
LaWWukYn6xeN1jsWRIBI8QB2PvV2,12,1772473166909254000,1772473166905066000,15,Insert,e,16,Dnes je vonku pe
LaWWukYn6xeN1jsWRIBI8QB2PvV2,12,1772473167001871000,1772473166997981000,16,Insert,k,17,Dnes je vonku pek
LaWWukYn6xeN1jsWRIBI8QB2PvV2,12,1772473167168563000,1772473167164558000,17,Insert,n,18,Dnes je vonku pekn
LaWWukYn6xeN1jsWRIBI8QB2PvV2,12,1772473167250824000,1772473167246856000,18,Insert,e,19,Dnes je vonku pekne
LaWWukYn6xeN1jsWRIBI8QB2PvV2,12,1772473167828533000,1772473167824209000,19,Insert,",",20,"Dnes je vonku pekne,"
LaWWukYn6xeN1jsWRIBI8QB2PvV2,12,1772473168088055000,1772473168080836000,20,Insert, ,21,"Dnes je vonku pekne, "
LaWWukYn6xeN1jsWRIBI8QB2PvV2,12,1772473168236717000,1772473168232733000,21,Insert,i,22,"Dnes je vonku pekne, i"
LaWWukYn6xeN1jsWRIBI8QB2PvV2,12,1772473168354109000,1772473168350143000,22,Insert,d,23,"Dnes je vonku pekne, id"
LaWWukYn6xeN1jsWRIBI8QB2PvV2,12,1772473168524819000,1772473168520978000,23,Insert,e,24,"Dnes je vonku pekne, ide"
LaWWukYn6xeN1jsWRIBI8QB2PvV2,12,1772473168615017000,1772473168611079000,24,Insert,m,25,"Dnes je vonku pekne, idem"
LaWWukYn6xeN1jsWRIBI8QB2PvV2,12,1772473168748888000,1772473168744860000,25,Insert, ,26,"Dnes je vonku pekne, idem "
LaWWukYn6xeN1jsWRIBI8QB2PvV2,12,1772473168927496000,1772473168923587000,26,Insert,v,27,"Dnes je vonku pekne, idem v"
LaWWukYn6xeN1jsWRIBI8QB2PvV2,12,1772473169013567000,1772473169009340000,27,Insert,o,28,"Dnes je vonku pekne, idem vo"
LaWWukYn6xeN1jsWRIBI8QB2PvV2,12,1772473169215333000,1772473169210626000,28,Insert,n,29,"Dnes je vonku pekne, idem von"
LaWWukYn6xeN1jsWRIBI8QB2PvV2,12,1772473169435599000,1772473169428686000,29,Insert, ,30,"Dnes je vonku pekne, idem von "
LaWWukYn6xeN1jsWRIBI8QB2PvV2,12,1772473169706462000,1772473169698572000,30,Insert,a,31,"Dnes je vonku pekne, idem von a"
LaWWukYn6xeN1jsWRIBI8QB2PvV2,12,1772473170009502000,1772473170004172000,31,Delete,a,30,"Dnes je vonku pekne, idem von "
LaWWukYn6xeN1jsWRIBI8QB2PvV2,12,1772473170109913000,1772473170105717000,30,Insert,s,31,"Dnes je vonku pekne, idem von s"
LaWWukYn6xeN1jsWRIBI8QB2PvV2,12,1772473170294323000,1772473170290029000,31,Insert,o,32,"Dnes je vonku pekne, idem von so"
LaWWukYn6xeN1jsWRIBI8QB2PvV2,12,1772473170441503000,1772473170437320000,32,Insert, ,33,"Dnes je vonku pekne, idem von so "
LaWWukYn6xeN1jsWRIBI8QB2PvV2,12,1772473170607849000,1772473170603730000,33,Insert,p,34,"Dnes je vonku pekne, idem von so p"
LaWWukYn6xeN1jsWRIBI8QB2PvV2,12,1772473170759851000,1772473170755315000,34,Insert,s,35,"Dnes je vonku pekne, idem von so ps"
LaWWukYn6xeN1jsWRIBI8QB2PvV2,12,1772473170912025000,1772473170907775000,35,Insert,o,36,"Dnes je vonku pekne, idem von so pso"
LaWWukYn6xeN1jsWRIBI8QB2PvV2,12,1772473171123351000,1772473171114975000,36,Insert,m,37,"Dnes je vonku pekne, idem von so psom"
LaWWukYn6xeN1jsWRIBI8QB2PvV2,12,1772473171509789000,1772473171502913000,37,Insert, ,38,"Dnes je vonku pekne, idem von so psom "
LaWWukYn6xeN1jsWRIBI8QB2PvV2,12,1772473171684259000,1772473171679701000,38,Insert,n,39,"Dnes je vonku pekne, idem von so psom n"
LaWWukYn6xeN1jsWRIBI8QB2PvV2,12,1772473171998100000,1772473171991557000,39,Insert,a,40,"Dnes je vonku pekne, idem von so psom na"
LaWWukYn6xeN1jsWRIBI8QB2PvV2,12,1772473172229073000,1772473172221073000,40,Insert, ,41,"Dnes je vonku pekne, idem von so psom na "
LaWWukYn6xeN1jsWRIBI8QB2PvV2,12,1772473172439617000,1772473172432920000,41,Insert,d,42,"Dnes je vonku pekne, idem von so psom na d"
LaWWukYn6xeN1jsWRIBI8QB2PvV2,12,1772473172621765000,1772473172616904000,42,Insert,v,43,"Dnes je vonku pekne, idem von so psom na dv"
LaWWukYn6xeN1jsWRIBI8QB2PvV2,12,1772473172765302000,1772473172760152000,43,Insert,o,44,"Dnes je vonku pekne, idem von so psom na dvo"
LaWWukYn6xeN1jsWRIBI8QB2PvV2,12,1772473172870171000,1772473172866163000,44,Insert,r,45,"Dnes je vonku pekne, idem von so psom na dvor"
LaWWukYn6xeN1jsWRIBI8QB2PvV2,12,1772473173849688000,1772473173842292000,45,Insert, ,46,"Dnes je vonku pekne, idem von so psom na dvor "
LaWWukYn6xeN1jsWRIBI8QB2PvV2,12,1772473174093064000,1772473174087059000,46,Insert,a,47,"Dnes je vonku pekne, idem von so psom na dvor a"
LaWWukYn6xeN1jsWRIBI8QB2PvV2,12,1772473174275661000,1772473174270233000,47,Insert, ,48,"Dnes je vonku pekne, idem von so psom na dvor a "
LaWWukYn6xeN1jsWRIBI8QB2PvV2,12,1772473174439064000,1772473174434325000,48,Insert,b,49,"Dnes je vonku pekne, idem von so psom na dvor a b"
LaWWukYn6xeN1jsWRIBI8QB2PvV2,12,1772473174624293000,1772473174619513000,49,Insert,u,50,"Dnes je vonku pekne, idem von so psom na dvor a bu"
LaWWukYn6xeN1jsWRIBI8QB2PvV2,13,1772473184740883000,1772473184736296000,0,Insert,D,1,D
LaWWukYn6xeN1jsWRIBI8QB2PvV2,13,1772473184837665000,1772473184833695000,1,Insert,n,2,Dn
LaWWukYn6xeN1jsWRIBI8QB2PvV2,13,1772473184950375000,1772473184946184000,2,Insert,e,3,Dne
LaWWukYn6xeN1jsWRIBI8QB2PvV2,13,1772473185086508000,1772473185082614000,3,Insert,s,4,Dnes
LaWWukYn6xeN1jsWRIBI8QB2PvV2,13,1772473185287758000,1772473185281643000,4,Insert, ,5,Dnes 
LaWWukYn6xeN1jsWRIBI8QB2PvV2,13,1772473185389488000,1772473185385588000,5,Insert,j,6,Dnes j
LaWWukYn6xeN1jsWRIBI8QB2PvV2,13,1772473185495473000,1772473185491428000,6,Insert,e,7,Dnes je
LaWWukYn6xeN1jsWRIBI8QB2PvV2,13,1772473185689621000,1772473185686146000,7,Insert, ,8,Dnes je 
LaWWukYn6xeN1jsWRIBI8QB2PvV2,13,1772473185819228000,1772473185815167000,8,Insert,v,9,Dnes je v
LaWWukYn6xeN1jsWRIBI8QB2PvV2,13,1772473185952061000,1772473185947942000,9,Insert,o,10,Dnes je vo
LaWWukYn6xeN1jsWRIBI8QB2PvV2,13,1772473186149815000,1772473186145881000,10,Insert,n,11,Dnes je von
LaWWukYn6xeN1jsWRIBI8QB2PvV2,13,1772473186336822000,1772473186332273000,11,Insert,k,12,Dnes je vonk
LaWWukYn6xeN1jsWRIBI8QB2PvV2,13,1772473186517810000,1772473186514046000,12,Insert,u,13,Dnes je vonku
LaWWukYn6xeN1jsWRIBI8QB2PvV2,13,1772473186647034000,1772473186643058000,13,Insert, ,14,Dnes je vonku 
LaWWukYn6xeN1jsWRIBI8QB2PvV2,13,1772473186773491000,1772473186769647000,14,Insert,o,15,Dnes je vonku o
LaWWukYn6xeN1jsWRIBI8QB2PvV2,13,1772473186923150000,1772473186920579000,15,Insert,e,16,Dnes je vonku oe
LaWWukYn6xeN1jsWRIBI8QB2PvV2,13,1772473187013845000,1772473187010919000,16,Insert,k,17,Dnes je vonku oek
LaWWukYn6xeN1jsWRIBI8QB2PvV2,13,1772473187197545000,1772473187191840000,17,Insert,n,18,Dnes je vonku oekn
LaWWukYn6xeN1jsWRIBI8QB2PvV2,13,1772473187281039000,1772473187276778000,18,Insert,e,19,Dnes je vonku oekne
LaWWukYn6xeN1jsWRIBI8QB2PvV2,13,1772473187747760000,1772473187744032000,19,Delete,e,18,Dnes je vonku oekn
LaWWukYn6xeN1jsWRIBI8QB2PvV2,13,1772473187909626000,1772473187906507000,18,Delete,n,17,Dnes je vonku oek
LaWWukYn6xeN1jsWRIBI8QB2PvV2,13,1772473188079519000,1772473188076695000,17,Delete,k,16,Dnes je vonku oe
LaWWukYn6xeN1jsWRIBI8QB2PvV2,13,1772473188246306000,1772473188243203000,16,Delete,e,15,Dnes je vonku o
LaWWukYn6xeN1jsWRIBI8QB2PvV2,13,1772473188428182000,1772473188425146000,15,Delete,o,14,Dnes je vonku 
LaWWukYn6xeN1jsWRIBI8QB2PvV2,13,1772473188685294000,1772473188676356000,14,Insert,p,15,Dnes je vonku p
LaWWukYn6xeN1jsWRIBI8QB2PvV2,13,1772473188803727000,1772473188799650000,15,Insert,r,16,Dnes je vonku pr
LaWWukYn6xeN1jsWRIBI8QB2PvV2,13,1772473188970372000,1772473188963277000,16,Insert,k,17,Dnes je vonku prk
LaWWukYn6xeN1jsWRIBI8QB2PvV2,13,1772473189142115000,1772473189137345000,17,Insert,n,18,Dnes je vonku prkn
LaWWukYn6xeN1jsWRIBI8QB2PvV2,13,1772473189210539000,1772473189206371000,18,Insert,e,19,Dnes je vonku prkne
LaWWukYn6xeN1jsWRIBI8QB2PvV2,13,1772473190551148000,1772473190526865000,19,Delete,r,18,Dnes je vonku pkne
LaWWukYn6xeN1jsWRIBI8QB2PvV2,13,1772473190654830000,1772473190650641000,18,Insert,e,19,Dnes je vonku pekne
LaWWukYn6xeN1jsWRIBI8QB2PvV2,13,1772473192144142000,1772473192120090000,19,Insert,",",20,"Dnes je vonku pekne,"
LaWWukYn6xeN1jsWRIBI8QB2PvV2,13,1772473192350336000,1772473192346199000,20,Insert, ,21,"Dnes je vonku pekne, "
LaWWukYn6xeN1jsWRIBI8QB2PvV2,13,1772473192521172000,1772473192516014000,21,Insert,i,22,"Dnes je vonku pekne, i"
LaWWukYn6xeN1jsWRIBI8QB2PvV2,13,1772473192645203000,1772473192641291000,22,Insert,d,23,"Dnes je vonku pekne, id"
LaWWukYn6xeN1jsWRIBI8QB2PvV2,13,1772473192817101000,1772473192813042000,23,Insert,e,24,"Dnes je vonku pekne, ide"
LaWWukYn6xeN1jsWRIBI8QB2PvV2,13,1772473192939093000,1772473192934160000,24,Insert,m,25,"Dnes je vonku pekne, idem"
LaWWukYn6xeN1jsWRIBI8QB2PvV2,13,1772473193047057000,1772473193042641000,25,Insert, ,26,"Dnes je vonku pekne, idem "
LaWWukYn6xeN1jsWRIBI8QB2PvV2,13,1772473193210076000,1772473193205665000,26,Insert,b,27,"Dnes je vonku pekne, idem b"
LaWWukYn6xeN1jsWRIBI8QB2PvV2,13,1772473193304188000,1772473193300072000,27,Insert,o,28,"Dnes je vonku pekne, idem bo"
LaWWukYn6xeN1jsWRIBI8QB2PvV2,13,1772473193508768000,1772473193502008000,28,Insert,n,29,"Dnes je vonku pekne, idem bon"
LaWWukYn6xeN1jsWRIBI8QB2PvV2,13,1772473193929345000,1772473193926357000,29,Delete,n,28,"Dnes je vonku pekne, idem bo"
LaWWukYn6xeN1jsWRIBI8QB2PvV2,13,1772473194091723000,1772473194088560000,28,Delete,o,27,"Dnes je vonku pekne, idem b"
LaWWukYn6xeN1jsWRIBI8QB2PvV2,13,1772473194253823000,1772473194251051000,27,Delete,b,26,"Dnes je vonku pekne, idem "
LaWWukYn6xeN1jsWRIBI8QB2PvV2,13,1772473194689872000,1772473194683413000,26,Insert,v,27,"Dnes je vonku pekne, idem v"
LaWWukYn6xeN1jsWRIBI8QB2PvV2,13,1772473194834860000,1772473194830216000,27,Insert,o,28,"Dnes je vonku pekne, idem vo"
LaWWukYn6xeN1jsWRIBI8QB2PvV2,13,1772473195030985000,1772473195024827000,28,Insert,n,29,"Dnes je vonku pekne, idem von"
LaWWukYn6xeN1jsWRIBI8QB2PvV2,13,1772473195119690000,1772473195115092000,29,Insert, ,30,"Dnes je vonku pekne, idem von "
LaWWukYn6xeN1jsWRIBI8QB2PvV2,13,1772473195351255000,1772473195340552000,30,Insert,y,31,"Dnes je vonku pekne, idem von y"
LaWWukYn6xeN1jsWRIBI8QB2PvV2,13,1772473195436939000,1772473195432770000,31,Insert,o,32,"Dnes je vonku pekne, idem von yo"
LaWWukYn6xeN1jsWRIBI8QB2PvV2,13,1772473195616969000,1772473195610276000,32,Insert, ,33,"Dnes je vonku pekne, idem von yo "
LaWWukYn6xeN1jsWRIBI8QB2PvV2,13,1772473195981360000,1772473195977219000,33,Delete, ,32,"Dnes je vonku pekne, idem von yo"
LaWWukYn6xeN1jsWRIBI8QB2PvV2,13,1772473196156611000,1772473196153192000,32,Delete,o,31,"Dnes je vonku pekne, idem von y"
LaWWukYn6xeN1jsWRIBI8QB2PvV2,13,1772473196321357000,1772473196317351000,31,Delete,y,30,"Dnes je vonku pekne, idem von "
LaWWukYn6xeN1jsWRIBI8QB2PvV2,13,1772473196707436000,1772473196701012000,30,Insert,s,31,"Dnes je vonku pekne, idem von s"
LaWWukYn6xeN1jsWRIBI8QB2PvV2,13,1772473196889863000,1772473196885320000,31,Insert,o,32,"Dnes je vonku pekne, idem von so"
LaWWukYn6xeN1jsWRIBI8QB2PvV2,13,1772473197054130000,1772473197048069000,32,Insert, ,33,"Dnes je vonku pekne, idem von so "
LaWWukYn6xeN1jsWRIBI8QB2PvV2,13,1772473197273573000,1772473197267887000,33,Insert,p,34,"Dnes je vonku pekne, idem von so p"
LaWWukYn6xeN1jsWRIBI8QB2PvV2,13,1772473197372937000,1772473197368821000,34,Insert,r,35,"Dnes je vonku pekne, idem von so pr"
LaWWukYn6xeN1jsWRIBI8QB2PvV2,13,1772473197767597000,1772473197761247000,35,Insert,o,36,"Dnes je vonku pekne, idem von so pro"
LaWWukYn6xeN1jsWRIBI8QB2PvV2,13,1772473198709552000,1772473198704138000,36,Delete,o,35,"Dnes je vonku pekne, idem von so pr"
LaWWukYn6xeN1jsWRIBI8QB2PvV2,13,1772473198948467000,1772473198944390000,35,Delete,r,34,"Dnes je vonku pekne, idem von so p"
LaWWukYn6xeN1jsWRIBI8QB2PvV2,13,1772473199149449000,1772473199144419000,34,Insert,s,35,"Dnes je vonku pekne, idem von so ps"
LaWWukYn6xeN1jsWRIBI8QB2PvV2,13,1772473199248703000,1772473199244781000,35,Insert,o,36,"Dnes je vonku pekne, idem von so pso"
LaWWukYn6xeN1jsWRIBI8QB2PvV2,13,1772473199462764000,1772473199455952000,36,Insert,m,37,"Dnes je vonku pekne, idem von so psom"
LaWWukYn6xeN1jsWRIBI8QB2PvV2,13,1772473199924973000,1772473199917543000,37,Insert, ,38,"Dnes je vonku pekne, idem von so psom "
LaWWukYn6xeN1jsWRIBI8QB2PvV2,13,1772473200079414000,1772473200074484000,38,Insert,n,39,"Dnes je vonku pekne, idem von so psom n"
LaWWukYn6xeN1jsWRIBI8QB2PvV2,13,1772473200181119000,1772473200176879000,39,Insert,a,40,"Dnes je vonku pekne, idem von so psom na"
LaWWukYn6xeN1jsWRIBI8QB2PvV2,13,1772473200404755000,1772473200397631000,40,Insert, ,41,"Dnes je vonku pekne, idem von so psom na "
LaWWukYn6xeN1jsWRIBI8QB2PvV2,13,1772473200570919000,1772473200566181000,41,Insert,d,42,"Dnes je vonku pekne, idem von so psom na d"
LaWWukYn6xeN1jsWRIBI8QB2PvV2,13,1772473200756719000,1772473200752673000,42,Insert,v,43,"Dnes je vonku pekne, idem von so psom na dv"
LaWWukYn6xeN1jsWRIBI8QB2PvV2,13,1772473200866422000,1772473200862348000,43,Insert,o,44,"Dnes je vonku pekne, idem von so psom na dvo"
LaWWukYn6xeN1jsWRIBI8QB2PvV2,13,1772473201032753000,1772473201027906000,44,Insert,r,45,"Dnes je vonku pekne, idem von so psom na dvor"
LaWWukYn6xeN1jsWRIBI8QB2PvV2,13,1772473201840892000,1772473201836660000,45,Insert, ,46,"Dnes je vonku pekne, idem von so psom na dvor "
LaWWukYn6xeN1jsWRIBI8QB2PvV2,13,1772473202069010000,1772473202062863000,46,Insert,a,47,"Dnes je vonku pekne, idem von so psom na dvor a"
LaWWukYn6xeN1jsWRIBI8QB2PvV2,13,1772473202254840000,1772473202246280000,47,Insert, ,48,"Dnes je vonku pekne, idem von so psom na dvor a "
LaWWukYn6xeN1jsWRIBI8QB2PvV2,13,1772473202405062000,1772473202400452000,48,Insert,b,49,"Dnes je vonku pekne, idem von so psom na dvor a b"
LaWWukYn6xeN1jsWRIBI8QB2PvV2,13,1772473202585521000,1772473202581393000,49,Insert,u,50,"Dnes je vonku pekne, idem von so psom na dvor a bu"
LaWWukYn6xeN1jsWRIBI8QB2PvV2,14,1772473212072359000,1772473212064807000,0,Insert,D,1,D
LaWWukYn6xeN1jsWRIBI8QB2PvV2,14,1772473212171766000,1772473212167840000,1,Insert,n,2,Dn
LaWWukYn6xeN1jsWRIBI8QB2PvV2,14,1772473212284172000,1772473212280268000,2,Insert,e,3,Dne
LaWWukYn6xeN1jsWRIBI8QB2PvV2,14,1772473212427654000,1772473212423707000,3,Insert,s,4,Dnes
LaWWukYn6xeN1jsWRIBI8QB2PvV2,14,1772473212624987000,1772473212620974000,4,Insert, ,5,Dnes 
LaWWukYn6xeN1jsWRIBI8QB2PvV2,14,1772473212747632000,1772473212743872000,5,Insert,j,6,Dnes j
LaWWukYn6xeN1jsWRIBI8QB2PvV2,14,1772473212828564000,1772473212824345000,6,Insert,e,7,Dnes je
LaWWukYn6xeN1jsWRIBI8QB2PvV2,14,1772473213024386000,1772473213018012000,7,Insert, ,8,Dnes je 
LaWWukYn6xeN1jsWRIBI8QB2PvV2,14,1772473213168267000,1772473213164359000,8,Insert,v,9,Dnes je v
LaWWukYn6xeN1jsWRIBI8QB2PvV2,14,1772473213293911000,1772473213290005000,9,Insert,o,10,Dnes je vo
LaWWukYn6xeN1jsWRIBI8QB2PvV2,14,1772473213534040000,1772473213527868000,10,Insert,n,11,Dnes je von
LaWWukYn6xeN1jsWRIBI8QB2PvV2,14,1772473213736951000,1772473213730997000,11,Insert,k,12,Dnes je vonk
LaWWukYn6xeN1jsWRIBI8QB2PvV2,14,1772473213917185000,1772473213913411000,12,Insert,u,13,Dnes je vonku
LaWWukYn6xeN1jsWRIBI8QB2PvV2,14,1772473214048549000,1772473214044409000,13,Insert, ,14,Dnes je vonku 
LaWWukYn6xeN1jsWRIBI8QB2PvV2,14,1772473214231197000,1772473214227178000,14,Insert,o,15,Dnes je vonku o
LaWWukYn6xeN1jsWRIBI8QB2PvV2,14,1772473214366858000,1772473214356538000,15,Insert,e,16,Dnes je vonku oe
LaWWukYn6xeN1jsWRIBI8QB2PvV2,14,1772473214523220000,1772473214519276000,16,Insert,k,17,Dnes je vonku oek
LaWWukYn6xeN1jsWRIBI8QB2PvV2,14,1772473214711675000,1772473214706466000,17,Insert,n,18,Dnes je vonku oekn
LaWWukYn6xeN1jsWRIBI8QB2PvV2,14,1772473214806285000,1772473214802352000,18,Insert,e,19,Dnes je vonku oekne
LaWWukYn6xeN1jsWRIBI8QB2PvV2,14,1772473215825844000,1772473215806412000,19,Delete,o,18,Dnes je vonku ekne
LaWWukYn6xeN1jsWRIBI8QB2PvV2,14,1772473216066899000,1772473216060910000,18,Insert,p,19,Dnes je vonku pekne
LaWWukYn6xeN1jsWRIBI8QB2PvV2,14,1772473217455465000,1772473217430466000,19,Insert,",",20,"Dnes je vonku pekne,"
LaWWukYn6xeN1jsWRIBI8QB2PvV2,14,1772473217722876000,1772473217715828000,20,Insert, ,21,"Dnes je vonku pekne, "
LaWWukYn6xeN1jsWRIBI8QB2PvV2,14,1772473217860455000,1772473217856283000,21,Insert,i,22,"Dnes je vonku pekne, i"
LaWWukYn6xeN1jsWRIBI8QB2PvV2,14,1772473217986454000,1772473217980508000,22,Insert,d,23,"Dnes je vonku pekne, id"
LaWWukYn6xeN1jsWRIBI8QB2PvV2,14,1772473218168594000,1772473218164280000,23,Insert,e,24,"Dnes je vonku pekne, ide"
LaWWukYn6xeN1jsWRIBI8QB2PvV2,14,1772473218291072000,1772473218287137000,24,Insert,m,25,"Dnes je vonku pekne, idem"
LaWWukYn6xeN1jsWRIBI8QB2PvV2,14,1772473218408247000,1772473218404175000,25,Insert, ,26,"Dnes je vonku pekne, idem "
LaWWukYn6xeN1jsWRIBI8QB2PvV2,14,1772473218604839000,1772473218601004000,26,Insert,v,27,"Dnes je vonku pekne, idem v"
LaWWukYn6xeN1jsWRIBI8QB2PvV2,14,1772473218712405000,1772473218708520000,27,Insert,o,28,"Dnes je vonku pekne, idem vo"
LaWWukYn6xeN1jsWRIBI8QB2PvV2,14,1772473218945801000,1772473218939389000,28,Insert,n,29,"Dnes je vonku pekne, idem von"
LaWWukYn6xeN1jsWRIBI8QB2PvV2,14,1772473219140975000,1772473219136772000,29,Insert, ,30,"Dnes je vonku pekne, idem von "
LaWWukYn6xeN1jsWRIBI8QB2PvV2,14,1772473219742827000,1772473219736782000,30,Insert,s,31,"Dnes je vonku pekne, idem von s"
LaWWukYn6xeN1jsWRIBI8QB2PvV2,14,1772473219861355000,1772473219852789000,31,Insert,o,32,"Dnes je vonku pekne, idem von so"
LaWWukYn6xeN1jsWRIBI8QB2PvV2,14,1772473220036639000,1772473220032146000,32,Insert, ,33,"Dnes je vonku pekne, idem von so "
LaWWukYn6xeN1jsWRIBI8QB2PvV2,14,1772473220245288000,1772473220239137000,33,Insert,p,34,"Dnes je vonku pekne, idem von so p"
LaWWukYn6xeN1jsWRIBI8QB2PvV2,14,1772473220396692000,1772473220392771000,34,Insert,s,35,"Dnes je vonku pekne, idem von so ps"
LaWWukYn6xeN1jsWRIBI8QB2PvV2,14,1772473220587205000,1772473220582802000,35,Insert,o,36,"Dnes je vonku pekne, idem von so pso"
LaWWukYn6xeN1jsWRIBI8QB2PvV2,14,1772473220825301000,1772473220818865000,36,Insert,m,37,"Dnes je vonku pekne, idem von so psom"
LaWWukYn6xeN1jsWRIBI8QB2PvV2,14,1772473220954452000,1772473220950176000,37,Insert, ,38,"Dnes je vonku pekne, idem von so psom "
LaWWukYn6xeN1jsWRIBI8QB2PvV2,14,1772473221117460000,1772473221112977000,38,Insert,n,39,"Dnes je vonku pekne, idem von so psom n"
LaWWukYn6xeN1jsWRIBI8QB2PvV2,14,1772473221213039000,1772473221208556000,39,Insert,a,40,"Dnes je vonku pekne, idem von so psom na"
LaWWukYn6xeN1jsWRIBI8QB2PvV2,14,1772473221447799000,1772473221442021000,40,Insert, ,41,"Dnes je vonku pekne, idem von so psom na "
LaWWukYn6xeN1jsWRIBI8QB2PvV2,14,1772473221649947000,1772473221644993000,41,Insert,d,42,"Dnes je vonku pekne, idem von so psom na d"
LaWWukYn6xeN1jsWRIBI8QB2PvV2,14,1772473221840831000,1772473221836448000,42,Insert,v,43,"Dnes je vonku pekne, idem von so psom na dv"
LaWWukYn6xeN1jsWRIBI8QB2PvV2,14,1772473221956535000,1772473221952346000,43,Insert,o,44,"Dnes je vonku pekne, idem von so psom na dvo"
LaWWukYn6xeN1jsWRIBI8QB2PvV2,14,1772473222064572000,1772473222057468000,44,Insert,r,45,"Dnes je vonku pekne, idem von so psom na dvor"
LaWWukYn6xeN1jsWRIBI8QB2PvV2,14,1772473222689175000,1772473222679975000,45,Insert, ,46,"Dnes je vonku pekne, idem von so psom na dvor "
LaWWukYn6xeN1jsWRIBI8QB2PvV2,14,1772473222928968000,1772473222922180000,46,Insert,a,47,"Dnes je vonku pekne, idem von so psom na dvor a"
LaWWukYn6xeN1jsWRIBI8QB2PvV2,14,1772473223122575000,1772473223117206000,47,Insert, ,48,"Dnes je vonku pekne, idem von so psom na dvor a "
LaWWukYn6xeN1jsWRIBI8QB2PvV2,14,1772473223287783000,1772473223278414000,48,Insert,b,49,"Dnes je vonku pekne, idem von so psom na dvor a b"
LaWWukYn6xeN1jsWRIBI8QB2PvV2,14,1772473223462800000,1772473223458254000,49,Insert,u,50,"Dnes je vonku pekne, idem von so psom na dvor a bu"
LaWWukYn6xeN1jsWRIBI8QB2PvV2,15,1772473235817178000,1772473235806213000,0,Insert, ,1, 
LaWWukYn6xeN1jsWRIBI8QB2PvV2,15,1772473236585520000,1772473236578418000,1,Delete, ,0,
LaWWukYn6xeN1jsWRIBI8QB2PvV2,15,1772473238532871000,1772473238524970000,0,Insert,D,1,D
LaWWukYn6xeN1jsWRIBI8QB2PvV2,15,1772473238631831000,1772473238627909000,1,Insert,n,2,Dn
LaWWukYn6xeN1jsWRIBI8QB2PvV2,15,1772473238742524000,1772473238738562000,2,Insert,e,3,Dne
LaWWukYn6xeN1jsWRIBI8QB2PvV2,15,1772473238889256000,1772473238885274000,3,Insert,s,4,Dnes
LaWWukYn6xeN1jsWRIBI8QB2PvV2,15,1772473239076972000,1772473239072956000,4,Insert, ,5,Dnes 
LaWWukYn6xeN1jsWRIBI8QB2PvV2,15,1772473239190741000,1772473239186921000,5,Insert,j,6,Dnes j
LaWWukYn6xeN1jsWRIBI8QB2PvV2,15,1772473239291610000,1772473239287980000,6,Insert,e,7,Dnes je
LaWWukYn6xeN1jsWRIBI8QB2PvV2,15,1772473239477511000,1772473239472947000,7,Insert, ,8,Dnes je 
LaWWukYn6xeN1jsWRIBI8QB2PvV2,15,1772473239615504000,1772473239610914000,8,Insert,v,9,Dnes je v
LaWWukYn6xeN1jsWRIBI8QB2PvV2,15,1772473239727164000,1772473239721953000,9,Insert,o,10,Dnes je vo
LaWWukYn6xeN1jsWRIBI8QB2PvV2,15,1772473239938080000,1772473239933499000,10,Insert,n,11,Dnes je von
LaWWukYn6xeN1jsWRIBI8QB2PvV2,15,1772473240116510000,1772473240108625000,11,Insert,k,12,Dnes je vonk
LaWWukYn6xeN1jsWRIBI8QB2PvV2,15,1772473240285079000,1772473240280262000,12,Insert,u,13,Dnes je vonku
LaWWukYn6xeN1jsWRIBI8QB2PvV2,15,1772473240416834000,1772473240412624000,13,Insert, ,14,Dnes je vonku 
LaWWukYn6xeN1jsWRIBI8QB2PvV2,15,1772473240622033000,1772473240616571000,14,Insert,p,15,Dnes je vonku p
LaWWukYn6xeN1jsWRIBI8QB2PvV2,15,1772473240734253000,1772473240729668000,15,Insert,e,16,Dnes je vonku pe
LaWWukYn6xeN1jsWRIBI8QB2PvV2,15,1772473240843272000,1772473240839037000,16,Insert,k,17,Dnes je vonku pek
LaWWukYn6xeN1jsWRIBI8QB2PvV2,15,1772473241014722000,1772473241010221000,17,Insert,n,18,Dnes je vonku pekn
LaWWukYn6xeN1jsWRIBI8QB2PvV2,15,1772473241111223000,1772473241107175000,18,Insert,e,19,Dnes je vonku pekne
LaWWukYn6xeN1jsWRIBI8QB2PvV2,15,1772473242139684000,1772473242129507000,19,Insert,",",20,"Dnes je vonku pekne,"
LaWWukYn6xeN1jsWRIBI8QB2PvV2,15,1772473242349790000,1772473242344610000,20,Insert, ,21,"Dnes je vonku pekne, "
LaWWukYn6xeN1jsWRIBI8QB2PvV2,15,1772473242492154000,1772473242488076000,21,Insert,i,22,"Dnes je vonku pekne, i"
LaWWukYn6xeN1jsWRIBI8QB2PvV2,15,1772473242637549000,1772473242633161000,22,Insert,d,23,"Dnes je vonku pekne, id"
LaWWukYn6xeN1jsWRIBI8QB2PvV2,15,1772473242824562000,1772473242820390000,23,Insert,e,24,"Dnes je vonku pekne, ide"
LaWWukYn6xeN1jsWRIBI8QB2PvV2,15,1772473242910271000,1772473242906177000,24,Insert,m,25,"Dnes je vonku pekne, idem"
LaWWukYn6xeN1jsWRIBI8QB2PvV2,15,1772473243083950000,1772473243079321000,25,Insert, ,26,"Dnes je vonku pekne, idem "
LaWWukYn6xeN1jsWRIBI8QB2PvV2,15,1772473243252288000,1772473243248801000,26,Insert,b,27,"Dnes je vonku pekne, idem b"
LaWWukYn6xeN1jsWRIBI8QB2PvV2,15,1772473243391973000,1772473243387950000,27,Insert,o,28,"Dnes je vonku pekne, idem bo"
LaWWukYn6xeN1jsWRIBI8QB2PvV2,15,1772473243629850000,1772473243623229000,28,Insert,n,29,"Dnes je vonku pekne, idem bon"
LaWWukYn6xeN1jsWRIBI8QB2PvV2,15,1772473243960891000,1772473243956742000,29,Delete,n,28,"Dnes je vonku pekne, idem bo"
LaWWukYn6xeN1jsWRIBI8QB2PvV2,15,1772473244119283000,1772473244116155000,28,Delete,o,27,"Dnes je vonku pekne, idem b"
LaWWukYn6xeN1jsWRIBI8QB2PvV2,15,1772473244293328000,1772473244290183000,27,Delete,b,26,"Dnes je vonku pekne, idem "
LaWWukYn6xeN1jsWRIBI8QB2PvV2,15,1772473244391069000,1772473244386892000,26,Insert,b,27,"Dnes je vonku pekne, idem b"
LaWWukYn6xeN1jsWRIBI8QB2PvV2,15,1772473244537279000,1772473244532978000,27,Insert,o,28,"Dnes je vonku pekne, idem bo"
LaWWukYn6xeN1jsWRIBI8QB2PvV2,15,1772473244724978000,1772473244720394000,28,Insert,n,29,"Dnes je vonku pekne, idem bon"
LaWWukYn6xeN1jsWRIBI8QB2PvV2,15,1772473245115543000,1772473245111414000,29,Delete,n,28,"Dnes je vonku pekne, idem bo"
LaWWukYn6xeN1jsWRIBI8QB2PvV2,15,1772473245270457000,1772473245265504000,28,Delete,o,27,"Dnes je vonku pekne, idem b"
LaWWukYn6xeN1jsWRIBI8QB2PvV2,15,1772473245447609000,1772473245444356000,27,Delete,b,26,"Dnes je vonku pekne, idem "
LaWWukYn6xeN1jsWRIBI8QB2PvV2,15,1772473245510010000,1772473245504022000,26,Insert,v,27,"Dnes je vonku pekne, idem v"
LaWWukYn6xeN1jsWRIBI8QB2PvV2,15,1772473245691610000,1772473245687680000,27,Insert,o,28,"Dnes je vonku pekne, idem vo"
LaWWukYn6xeN1jsWRIBI8QB2PvV2,15,1772473246294924000,1772473246290349000,28,Insert,n,29,"Dnes je vonku pekne, idem von"
LaWWukYn6xeN1jsWRIBI8QB2PvV2,15,1772473246538306000,1772473246531340000,29,Insert, ,30,"Dnes je vonku pekne, idem von "
LaWWukYn6xeN1jsWRIBI8QB2PvV2,15,1772473247316546000,1772473247312010000,30,Insert,s,31,"Dnes je vonku pekne, idem von s"
LaWWukYn6xeN1jsWRIBI8QB2PvV2,15,1772473247445131000,1772473247440543000,31,Insert,o,32,"Dnes je vonku pekne, idem von so"
LaWWukYn6xeN1jsWRIBI8QB2PvV2,15,1772473247596215000,1772473247591032000,32,Insert, ,33,"Dnes je vonku pekne, idem von so "
LaWWukYn6xeN1jsWRIBI8QB2PvV2,15,1772473247773518000,1772473247769411000,33,Insert,p,34,"Dnes je vonku pekne, idem von so p"
LaWWukYn6xeN1jsWRIBI8QB2PvV2,15,1772473247918967000,1772473247914821000,34,Insert,s,35,"Dnes je vonku pekne, idem von so ps"
LaWWukYn6xeN1jsWRIBI8QB2PvV2,15,1772473248044346000,1772473248040097000,35,Insert,o,36,"Dnes je vonku pekne, idem von so pso"
LaWWukYn6xeN1jsWRIBI8QB2PvV2,15,1772473248257292000,1772473248250823000,36,Insert,m,37,"Dnes je vonku pekne, idem von so psom"
LaWWukYn6xeN1jsWRIBI8QB2PvV2,15,1772473248420501000,1772473248416450000,37,Insert, ,38,"Dnes je vonku pekne, idem von so psom "
LaWWukYn6xeN1jsWRIBI8QB2PvV2,15,1772473249075086000,1772473249065705000,38,Insert,n,39,"Dnes je vonku pekne, idem von so psom n"
LaWWukYn6xeN1jsWRIBI8QB2PvV2,15,1772473249135254000,1772473249131192000,39,Insert,a,40,"Dnes je vonku pekne, idem von so psom na"
LaWWukYn6xeN1jsWRIBI8QB2PvV2,15,1772473249375694000,1772473249368343000,40,Insert, ,41,"Dnes je vonku pekne, idem von so psom na "
LaWWukYn6xeN1jsWRIBI8QB2PvV2,15,1772473249551541000,1772473249546783000,41,Insert,d,42,"Dnes je vonku pekne, idem von so psom na d"
LaWWukYn6xeN1jsWRIBI8QB2PvV2,15,1772473249749667000,1772473249741446000,42,Insert,v,43,"Dnes je vonku pekne, idem von so psom na dv"
LaWWukYn6xeN1jsWRIBI8QB2PvV2,15,1772473249885833000,1772473249875697000,43,Insert,o,44,"Dnes je vonku pekne, idem von so psom na dvo"
LaWWukYn6xeN1jsWRIBI8QB2PvV2,15,1772473250001052000,1772473249996629000,44,Insert,r,45,"Dnes je vonku pekne, idem von so psom na dvor"
LaWWukYn6xeN1jsWRIBI8QB2PvV2,15,1772473250747068000,1772473250736492000,45,Insert, ,46,"Dnes je vonku pekne, idem von so psom na dvor "
LaWWukYn6xeN1jsWRIBI8QB2PvV2,15,1772473251009122000,1772473251002493000,46,Insert,a,47,"Dnes je vonku pekne, idem von so psom na dvor a"
LaWWukYn6xeN1jsWRIBI8QB2PvV2,15,1772473251195706000,1772473251189453000,47,Insert, ,48,"Dnes je vonku pekne, idem von so psom na dvor a "
LaWWukYn6xeN1jsWRIBI8QB2PvV2,15,1772473251350381000,1772473251342751000,48,Insert,b,49,"Dnes je vonku pekne, idem von so psom na dvor a b"
LaWWukYn6xeN1jsWRIBI8QB2PvV2,15,1772473251535092000,1772473251529484000,49,Insert,u,50,"Dnes je vonku pekne, idem von so psom na dvor a bu"
