UserId,RoundId,TimestampAfterNs,TimestampBeforeNs,ContentLengthBefore,ActionType,KeyChar,CursorPosition,InputContent
WiOvfjiIXHdwNpm5Z4XQkAvGRI23,1,1773212016053444000,1773212016037988000,0,Insert,D,1,D
WiOvfjiIXHdwNpm5Z4XQkAvGRI23,1,1773212016173035000,1773212016165313000,1,Insert,n,2,Dn
WiOvfjiIXHdwNpm5Z4XQkAvGRI23,1,1773212016293154000,1773212016288364000,2,Insert,e,3,Dne
WiOvfjiIXHdwNpm5Z4XQkAvGRI23,1,1773212016473216000,1773212016468931000,3,Insert,s,4,Dnes
WiOvfjiIXHdwNpm5Z4XQkAvGRI23,1,1773212016577000000,1773212016572223000,4,Insert, ,5,Dnes 
WiOvfjiIXHdwNpm5Z4XQkAvGRI23,1,1773212017275959000,1773212017272038000,5,Insert,j,6,Dnes j
WiOvfjiIXHdwNpm5Z4XQkAvGRI23,1,1773212017416585000,1773212017412305000,6,Insert,e,7,Dnes je
WiOvfjiIXHdwNpm5Z4XQkAvGRI23,1,1773212018214975000,1773212018210032000,7,Insert, ,8,Dnes je 
WiOvfjiIXHdwNpm5Z4XQkAvGRI23,1,1773212018733974000,1773212018728345000,8,Insert,v,9,Dnes je v
WiOvfjiIXHdwNpm5Z4XQkAvGRI23,1,1773212018847382000,1773212018842263000,9,Insert,o,10,Dnes je vo
WiOvfjiIXHdwNpm5Z4XQkAvGRI23,1,1773212019138790000,1773212019134220000,10,Insert,n,11,Dnes je von
WiOvfjiIXHdwNpm5Z4XQkAvGRI23,1,1773212019327516000,1773212019324111000,11,Insert,k,12,Dnes je vonk
WiOvfjiIXHdwNpm5Z4XQkAvGRI23,1,1773212019567331000,1773212019556335000,12,Insert,u,13,Dnes je vonku
WiOvfjiIXHdwNpm5Z4XQkAvGRI23,1,1773212020143170000,1773212020138173000,13,Insert, ,14,Dnes je vonku 
WiOvfjiIXHdwNpm5Z4XQkAvGRI23,1,1773212021173030000,1773212021168341000,14,Insert,p,15,Dnes je vonku p
WiOvfjiIXHdwNpm5Z4XQkAvGRI23,1,1773212021505492000,1773212021501040000,15,Insert,e,16,Dnes je vonku pe
WiOvfjiIXHdwNpm5Z4XQkAvGRI23,1,1773212021721510000,1773212021713281000,16,Insert,k,17,Dnes je vonku pek
WiOvfjiIXHdwNpm5Z4XQkAvGRI23,1,1773212022645890000,1773212022641342000,17,Insert,n,18,Dnes je vonku pekn
WiOvfjiIXHdwNpm5Z4XQkAvGRI23,1,1773212022891884000,1773212022880351000,18,Insert,e,19,Dnes je vonku pekne
WiOvfjiIXHdwNpm5Z4XQkAvGRI23,1,1773212024247214000,1773212024242517000,19,Insert,",",20,"Dnes je vonku pekne,"
WiOvfjiIXHdwNpm5Z4XQkAvGRI23,1,1773212025510264000,1773212025501245000,20,Insert, ,21,"Dnes je vonku pekne, "
WiOvfjiIXHdwNpm5Z4XQkAvGRI23,1,1773212026122013000,1773212026117085000,21,Insert,i,22,"Dnes je vonku pekne, i"
WiOvfjiIXHdwNpm5Z4XQkAvGRI23,1,1773212026247695000,1773212026242705000,22,Insert,d,23,"Dnes je vonku pekne, id"
WiOvfjiIXHdwNpm5Z4XQkAvGRI23,1,1773212026429273000,1773212026425890000,23,Insert,e,24,"Dnes je vonku pekne, ide"
WiOvfjiIXHdwNpm5Z4XQkAvGRI23,1,1773212026573023000,1773212026568615000,24,Insert,m,25,"Dnes je vonku pekne, idem"
WiOvfjiIXHdwNpm5Z4XQkAvGRI23,1,1773212026714698000,1773212026706935000,25,Insert, ,26,"Dnes je vonku pekne, idem "
WiOvfjiIXHdwNpm5Z4XQkAvGRI23,1,1773212027331130000,1773212027326311000,26,Insert,v,27,"Dnes je vonku pekne, idem v"
WiOvfjiIXHdwNpm5Z4XQkAvGRI23,1,1773212027461424000,1773212027456551000,27,Insert,o,28,"Dnes je vonku pekne, idem vo"
WiOvfjiIXHdwNpm5Z4XQkAvGRI23,1,1773212027721045000,1773212027716713000,28,Insert,n,29,"Dnes je vonku pekne, idem von"
WiOvfjiIXHdwNpm5Z4XQkAvGRI23,1,1773212028046375000,1773212028041203000,29,Insert, ,30,"Dnes je vonku pekne, idem von "
WiOvfjiIXHdwNpm5Z4XQkAvGRI23,1,1773212028777819000,1773212028773345000,30,Insert,s,31,"Dnes je vonku pekne, idem von s"
WiOvfjiIXHdwNpm5Z4XQkAvGRI23,1,1773212028958077000,1773212028953226000,31,Insert,o,32,"Dnes je vonku pekne, idem von so"
WiOvfjiIXHdwNpm5Z4XQkAvGRI23,1,1773212029097952000,1773212029093559000,32,Insert, ,33,"Dnes je vonku pekne, idem von so "
WiOvfjiIXHdwNpm5Z4XQkAvGRI23,1,1773212029213674000,1773212029208715000,33,Insert,p,34,"Dnes je vonku pekne, idem von so p"
WiOvfjiIXHdwNpm5Z4XQkAvGRI23,1,1773212029419121000,1773212029411188000,34,Insert,s,35,"Dnes je vonku pekne, idem von so ps"
WiOvfjiIXHdwNpm5Z4XQkAvGRI23,1,1773212029534986000,1773212029529869000,35,Insert,o,36,"Dnes je vonku pekne, idem von so pso"
WiOvfjiIXHdwNpm5Z4XQkAvGRI23,1,1773212029760015000,1773212029753195000,36,Insert,m,37,"Dnes je vonku pekne, idem von so psom"
WiOvfjiIXHdwNpm5Z4XQkAvGRI23,1,1773212029951371000,1773212029946168000,37,Insert, ,38,"Dnes je vonku pekne, idem von so psom "
WiOvfjiIXHdwNpm5Z4XQkAvGRI23,1,1773212030932316000,1773212030927837000,38,Insert,n,39,"Dnes je vonku pekne, idem von so psom n"
WiOvfjiIXHdwNpm5Z4XQkAvGRI23,1,1773212031211098000,1773212031205318000,39,Insert, ,40,"Dnes je vonku pekne, idem von so psom n "
WiOvfjiIXHdwNpm5Z4XQkAvGRI23,1,1773212031632929000,1773212031630022000,40,Delete, ,39,"Dnes je vonku pekne, idem von so psom n"
WiOvfjiIXHdwNpm5Z4XQkAvGRI23,1,1773212031847071000,1773212031843498000,39,Insert,a,40,"Dnes je vonku pekne, idem von so psom na"
WiOvfjiIXHdwNpm5Z4XQkAvGRI23,1,1773212032165766000,1773212032157295000,40,Insert, ,41,"Dnes je vonku pekne, idem von so psom na "
WiOvfjiIXHdwNpm5Z4XQkAvGRI23,1,1773212032767607000,1773212032762620000,41,Insert,d,42,"Dnes je vonku pekne, idem von so psom na d"
WiOvfjiIXHdwNpm5Z4XQkAvGRI23,1,1773212033112938000,1773212033104734000,42,Insert,v,43,"Dnes je vonku pekne, idem von so psom na dv"
WiOvfjiIXHdwNpm5Z4XQkAvGRI23,1,1773212033344800000,1773212033338905000,43,Insert,o,44,"Dnes je vonku pekne, idem von so psom na dvo"
WiOvfjiIXHdwNpm5Z4XQkAvGRI23,1,1773212033592710000,1773212033585845000,44,Insert,r,45,"Dnes je vonku pekne, idem von so psom na dvor"
WiOvfjiIXHdwNpm5Z4XQkAvGRI23,1,1773212034082230000,1773212034074353000,45,Insert, ,46,"Dnes je vonku pekne, idem von so psom na dvor "
WiOvfjiIXHdwNpm5Z4XQkAvGRI23,1,1773212034928572000,1773212034923933000,46,Insert,a,47,"Dnes je vonku pekne, idem von so psom na dvor a"
WiOvfjiIXHdwNpm5Z4XQkAvGRI23,1,1773212035058672000,1773212035053782000,47,Insert, ,48,"Dnes je vonku pekne, idem von so psom na dvor a "
WiOvfjiIXHdwNpm5Z4XQkAvGRI23,1,1773212035828252000,1773212035823521000,48,Insert,b,49,"Dnes je vonku pekne, idem von so psom na dvor a b"
WiOvfjiIXHdwNpm5Z4XQkAvGRI23,1,1773212036072022000,1773212036061190000,49,Insert,u,50,"Dnes je vonku pekne, idem von so psom na dvor a bu"
WiOvfjiIXHdwNpm5Z4XQkAvGRI23,1,1773212036228262000,1773212036223417000,50,Insert,d,51,"Dnes je vonku pekne, idem von so psom na dvor a bud"
WiOvfjiIXHdwNpm5Z4XQkAvGRI23,1,1773212036408524000,1773212036403563000,51,Insert,e,52,"Dnes je vonku pekne, idem von so psom na dvor a bude"
WiOvfjiIXHdwNpm5Z4XQkAvGRI23,1,1773212036502496000,1773212036497900000,52,Insert,m,53,"Dnes je vonku pekne, idem von so psom na dvor a budem"
WiOvfjiIXHdwNpm5Z4XQkAvGRI23,1,1773212036746217000,1773212036741857000,53,Insert, ,54,"Dnes je vonku pekne, idem von so psom na dvor a budem "
WiOvfjiIXHdwNpm5Z4XQkAvGRI23,1,1773212037591038000,1773212037583086000,54,Insert,t,55,"Dnes je vonku pekne, idem von so psom na dvor a budem t"
WiOvfjiIXHdwNpm5Z4XQkAvGRI23,1,1773212037873175000,1773212037865180000,55,Insert,a,56,"Dnes je vonku pekne, idem von so psom na dvor a budem ta"
WiOvfjiIXHdwNpm5Z4XQkAvGRI23,1,1773212037990102000,1773212037984584000,56,Insert,m,57,"Dnes je vonku pekne, idem von so psom na dvor a budem tam"
WiOvfjiIXHdwNpm5Z4XQkAvGRI23,1,1773212038135010000,1773212038130263000,57,Insert, ,58,"Dnes je vonku pekne, idem von so psom na dvor a budem tam "
WiOvfjiIXHdwNpm5Z4XQkAvGRI23,1,1773212038416255000,1773212038408306000,58,Insert,a,59,"Dnes je vonku pekne, idem von so psom na dvor a budem tam a"
WiOvfjiIXHdwNpm5Z4XQkAvGRI23,1,1773212038586200000,1773212038580248000,59,Insert,s,60,"Dnes je vonku pekne, idem von so psom na dvor a budem tam as"
WiOvfjiIXHdwNpm5Z4XQkAvGRI23,1,1773212038705326000,1773212038700979000,60,Insert,i,61,"Dnes je vonku pekne, idem von so psom na dvor a budem tam asi"
WiOvfjiIXHdwNpm5Z4XQkAvGRI23,1,1773212038844895000,1773212038839745000,61,Insert, ,62,"Dnes je vonku pekne, idem von so psom na dvor a budem tam asi "
WiOvfjiIXHdwNpm5Z4XQkAvGRI23,1,1773212039379441000,1773212039374431000,62,Insert,h,63,"Dnes je vonku pekne, idem von so psom na dvor a budem tam asi h"
WiOvfjiIXHdwNpm5Z4XQkAvGRI23,1,1773212039621409000,1773212039612076000,63,Insert,o,64,"Dnes je vonku pekne, idem von so psom na dvor a budem tam asi ho"
WiOvfjiIXHdwNpm5Z4XQkAvGRI23,1,1773212039758503000,1773212039753553000,64,Insert,d,65,"Dnes je vonku pekne, idem von so psom na dvor a budem tam asi hod"
WiOvfjiIXHdwNpm5Z4XQkAvGRI23,1,1773212039941147000,1773212039936518000,65,Insert,i,66,"Dnes je vonku pekne, idem von so psom na dvor a budem tam asi hodi"
WiOvfjiIXHdwNpm5Z4XQkAvGRI23,1,1773212040171793000,1773212040163753000,66,Insert,n,67,"Dnes je vonku pekne, idem von so psom na dvor a budem tam asi hodin"
WiOvfjiIXHdwNpm5Z4XQkAvGRI23,1,1773212040364913000,1773212040358383000,67,Insert,u,68,"Dnes je vonku pekne, idem von so psom na dvor a budem tam asi hodinu"
WiOvfjiIXHdwNpm5Z4XQkAvGRI23,1,1773212041680529000,1773212041673647000,68,Insert,",",69,"Dnes je vonku pekne, idem von so psom na dvor a budem tam asi hodinu,"
WiOvfjiIXHdwNpm5Z4XQkAvGRI23,1,1773212042562771000,1773212042553661000,69,Insert, ,70,"Dnes je vonku pekne, idem von so psom na dvor a budem tam asi hodinu, "
WiOvfjiIXHdwNpm5Z4XQkAvGRI23,1,1773212043143430000,1773212043137441000,70,Insert,b,71,"Dnes je vonku pekne, idem von so psom na dvor a budem tam asi hodinu, b"
WiOvfjiIXHdwNpm5Z4XQkAvGRI23,1,1773212043339909000,1773212043333536000,71,Insert,u,72,"Dnes je vonku pekne, idem von so psom na dvor a budem tam asi hodinu, bu"
WiOvfjiIXHdwNpm5Z4XQkAvGRI23,1,1773212043461473000,1773212043455562000,72,Insert,d,73,"Dnes je vonku pekne, idem von so psom na dvor a budem tam asi hodinu, bud"
WiOvfjiIXHdwNpm5Z4XQkAvGRI23,1,1773212043658724000,1773212043645907000,73,Insert,e,74,"Dnes je vonku pekne, idem von so psom na dvor a budem tam asi hodinu, bude"
WiOvfjiIXHdwNpm5Z4XQkAvGRI23,1,1773212043728876000,1773212043723931000,74,Insert, ,75,"Dnes je vonku pekne, idem von so psom na dvor a budem tam asi hodinu, bude "
WiOvfjiIXHdwNpm5Z4XQkAvGRI23,2,1773212050323944000,1773212050318054000,0,Insert,D,1,D
WiOvfjiIXHdwNpm5Z4XQkAvGRI23,2,1773212050578121000,1773212050570941000,1,Insert,b,2,Db
WiOvfjiIXHdwNpm5Z4XQkAvGRI23,2,1773212050764664000,1773212050760097000,2,Insert,e,3,Dbe
WiOvfjiIXHdwNpm5Z4XQkAvGRI23,2,1773212050954609000,1773212050948484000,3,Insert,s,4,Dbes
WiOvfjiIXHdwNpm5Z4XQkAvGRI23,2,1773212051440525000,1773212051437592000,4,Delete,s,3,Dbe
WiOvfjiIXHdwNpm5Z4XQkAvGRI23,2,1773212051595884000,1773212051593060000,3,Delete,e,2,Db
WiOvfjiIXHdwNpm5Z4XQkAvGRI23,2,1773212051758398000,1773212051755467000,2,Delete,b,1,D
WiOvfjiIXHdwNpm5Z4XQkAvGRI23,2,1773212052457437000,1773212052449069000,1,Insert,n,2,Dn
WiOvfjiIXHdwNpm5Z4XQkAvGRI23,2,1773212052695290000,1773212052689966000,2,Insert,e,3,Dne
WiOvfjiIXHdwNpm5Z4XQkAvGRI23,2,1773212052852771000,1773212052850115000,3,Insert,s,4,Dnes
WiOvfjiIXHdwNpm5Z4XQkAvGRI23,2,1773212053023003000,1773212053018521000,4,Insert, ,5,Dnes 
WiOvfjiIXHdwNpm5Z4XQkAvGRI23,2,1773212053883604000,1773212053873650000,5,Insert,j,6,Dnes j
WiOvfjiIXHdwNpm5Z4XQkAvGRI23,2,1773212054022995000,1773212054018434000,6,Insert,e,7,Dnes je
WiOvfjiIXHdwNpm5Z4XQkAvGRI23,2,1773212054180580000,1773212054174896000,7,Insert, ,8,Dnes je 
WiOvfjiIXHdwNpm5Z4XQkAvGRI23,2,1773212054429875000,1773212054425698000,8,Insert,v,9,Dnes je v
WiOvfjiIXHdwNpm5Z4XQkAvGRI23,2,1773212054525084000,1773212054520704000,9,Insert,o,10,Dnes je vo
WiOvfjiIXHdwNpm5Z4XQkAvGRI23,2,1773212054732148000,1773212054728063000,10,Insert,n,11,Dnes je von
WiOvfjiIXHdwNpm5Z4XQkAvGRI23,2,1773212054912584000,1773212054906834000,11,Insert,k,12,Dnes je vonk
WiOvfjiIXHdwNpm5Z4XQkAvGRI23,2,1773212055081287000,1773212055076981000,12,Insert,u,13,Dnes je vonku
WiOvfjiIXHdwNpm5Z4XQkAvGRI23,2,1773212055244276000,1773212055239326000,13,Insert, ,14,Dnes je vonku 
WiOvfjiIXHdwNpm5Z4XQkAvGRI23,2,1773212056523085000,1773212056512591000,14,Insert,p,15,Dnes je vonku p
WiOvfjiIXHdwNpm5Z4XQkAvGRI23,2,1773212056777068000,1773212056770146000,15,Insert,e,16,Dnes je vonku pe
WiOvfjiIXHdwNpm5Z4XQkAvGRI23,2,1773212057049399000,1773212057041624000,16,Insert,k,17,Dnes je vonku pek
WiOvfjiIXHdwNpm5Z4XQkAvGRI23,2,1773212057258827000,1773212057253707000,17,Insert,n,18,Dnes je vonku pekn
WiOvfjiIXHdwNpm5Z4XQkAvGRI23,2,1773212057381254000,1773212057378724000,18,Insert,e,19,Dnes je vonku pekne
WiOvfjiIXHdwNpm5Z4XQkAvGRI23,2,1773212057491498000,1773212057486304000,19,Insert, ,20,Dnes je vonku pekne 
WiOvfjiIXHdwNpm5Z4XQkAvGRI23,2,1773212059488049000,1773212059482236000,20,Delete, ,19,Dnes je vonku pekne
WiOvfjiIXHdwNpm5Z4XQkAvGRI23,2,1773212060553415000,1773212060543030000,19,Insert,",",20,"Dnes je vonku pekne,"
WiOvfjiIXHdwNpm5Z4XQkAvGRI23,2,1773212060764134000,1773212060759853000,20,Insert, ,21,"Dnes je vonku pekne, "
WiOvfjiIXHdwNpm5Z4XQkAvGRI23,2,1773212061613092000,1773212061603510000,21,Insert,i,22,"Dnes je vonku pekne, i"
WiOvfjiIXHdwNpm5Z4XQkAvGRI23,2,1773212061788631000,1773212061783690000,22,Insert,d,23,"Dnes je vonku pekne, id"
WiOvfjiIXHdwNpm5Z4XQkAvGRI23,2,1773212061972761000,1773212061968236000,23,Insert,e,24,"Dnes je vonku pekne, ide"
WiOvfjiIXHdwNpm5Z4XQkAvGRI23,2,1773212062093954000,1773212062089497000,24,Insert,m,25,"Dnes je vonku pekne, idem"
WiOvfjiIXHdwNpm5Z4XQkAvGRI23,2,1773212062253347000,1773212062248399000,25,Insert, ,26,"Dnes je vonku pekne, idem "
WiOvfjiIXHdwNpm5Z4XQkAvGRI23,2,1773212063010775000,1773212063002881000,26,Insert,v,27,"Dnes je vonku pekne, idem v"
WiOvfjiIXHdwNpm5Z4XQkAvGRI23,2,1773212063188593000,1773212063183514000,27,Insert,o,28,"Dnes je vonku pekne, idem vo"
WiOvfjiIXHdwNpm5Z4XQkAvGRI23,2,1773212063457731000,1773212063454430000,28,Insert,n,29,"Dnes je vonku pekne, idem von"
WiOvfjiIXHdwNpm5Z4XQkAvGRI23,2,1773212063608559000,1773212063605065000,29,Insert, ,30,"Dnes je vonku pekne, idem von "
WiOvfjiIXHdwNpm5Z4XQkAvGRI23,2,1773212065060368000,1773212065055350000,30,Insert,s,31,"Dnes je vonku pekne, idem von s"
WiOvfjiIXHdwNpm5Z4XQkAvGRI23,2,1773212065262310000,1773212065257297000,31,Insert,o,32,"Dnes je vonku pekne, idem von so"
WiOvfjiIXHdwNpm5Z4XQkAvGRI23,2,1773212065387247000,1773212065378585000,32,Insert, ,33,"Dnes je vonku pekne, idem von so "
WiOvfjiIXHdwNpm5Z4XQkAvGRI23,2,1773212065498466000,1773212065495918000,33,Insert,p,34,"Dnes je vonku pekne, idem von so p"
WiOvfjiIXHdwNpm5Z4XQkAvGRI23,2,1773212065707574000,1773212065699792000,34,Insert,s,35,"Dnes je vonku pekne, idem von so ps"
WiOvfjiIXHdwNpm5Z4XQkAvGRI23,2,1773212065810353000,1773212065806080000,35,Insert,o,36,"Dnes je vonku pekne, idem von so pso"
WiOvfjiIXHdwNpm5Z4XQkAvGRI23,2,1773212066003300000,1773212065998366000,36,Insert,m,37,"Dnes je vonku pekne, idem von so psom"
WiOvfjiIXHdwNpm5Z4XQkAvGRI23,2,1773212066126789000,1773212066122283000,37,Insert, ,38,"Dnes je vonku pekne, idem von so psom "
WiOvfjiIXHdwNpm5Z4XQkAvGRI23,2,1773212067435457000,1773212067432214000,38,Insert,n,39,"Dnes je vonku pekne, idem von so psom n"
WiOvfjiIXHdwNpm5Z4XQkAvGRI23,2,1773212067541465000,1773212067537266000,39,Insert,a,40,"Dnes je vonku pekne, idem von so psom na"
WiOvfjiIXHdwNpm5Z4XQkAvGRI23,2,1773212067701425000,1773212067696567000,40,Insert, ,41,"Dnes je vonku pekne, idem von so psom na "
WiOvfjiIXHdwNpm5Z4XQkAvGRI23,2,1773212067916603000,1773212067905437000,41,Insert,d,42,"Dnes je vonku pekne, idem von so psom na d"
WiOvfjiIXHdwNpm5Z4XQkAvGRI23,2,1773212068167265000,1773212068163897000,42,Insert,v,43,"Dnes je vonku pekne, idem von so psom na dv"
WiOvfjiIXHdwNpm5Z4XQkAvGRI23,2,1773212068284862000,1773212068278602000,43,Insert,o,44,"Dnes je vonku pekne, idem von so psom na dvo"
WiOvfjiIXHdwNpm5Z4XQkAvGRI23,2,1773212068492725000,1773212068486187000,44,Insert,r,45,"Dnes je vonku pekne, idem von so psom na dvor"
WiOvfjiIXHdwNpm5Z4XQkAvGRI23,2,1773212068625798000,1773212068621096000,45,Insert, ,46,"Dnes je vonku pekne, idem von so psom na dvor "
WiOvfjiIXHdwNpm5Z4XQkAvGRI23,2,1773212070547057000,1773212070537079000,46,Insert,a,47,"Dnes je vonku pekne, idem von so psom na dvor a"
WiOvfjiIXHdwNpm5Z4XQkAvGRI23,2,1773212071151663000,1773212071144235000,47,Insert, ,48,"Dnes je vonku pekne, idem von so psom na dvor a "
WiOvfjiIXHdwNpm5Z4XQkAvGRI23,2,1773212071591399000,1773212071581686000,48,Insert,b,49,"Dnes je vonku pekne, idem von so psom na dvor a b"
WiOvfjiIXHdwNpm5Z4XQkAvGRI23,2,1773212071791749000,1773212071786536000,49,Insert,u,50,"Dnes je vonku pekne, idem von so psom na dvor a bu"
WiOvfjiIXHdwNpm5Z4XQkAvGRI23,2,1773212071925016000,1773212071914770000,50,Insert,d,51,"Dnes je vonku pekne, idem von so psom na dvor a bud"
WiOvfjiIXHdwNpm5Z4XQkAvGRI23,2,1773212072086773000,1773212072082364000,51,Insert,e,52,"Dnes je vonku pekne, idem von so psom na dvor a bude"
WiOvfjiIXHdwNpm5Z4XQkAvGRI23,2,1773212072196975000,1773212072191845000,52,Insert,m,53,"Dnes je vonku pekne, idem von so psom na dvor a budem"
WiOvfjiIXHdwNpm5Z4XQkAvGRI23,2,1773212072343027000,1773212072338205000,53,Insert, ,54,"Dnes je vonku pekne, idem von so psom na dvor a budem "
WiOvfjiIXHdwNpm5Z4XQkAvGRI23,2,1773212072639288000,1773212072633351000,54,Insert,t,55,"Dnes je vonku pekne, idem von so psom na dvor a budem t"
WiOvfjiIXHdwNpm5Z4XQkAvGRI23,2,1773212072868621000,1773212072862860000,55,Insert,a,56,"Dnes je vonku pekne, idem von so psom na dvor a budem ta"
WiOvfjiIXHdwNpm5Z4XQkAvGRI23,2,1773212072945252000,1773212072939397000,56,Insert,m,57,"Dnes je vonku pekne, idem von so psom na dvor a budem tam"
WiOvfjiIXHdwNpm5Z4XQkAvGRI23,2,1773212073760133000,1773212073749574000,57,Insert, ,58,"Dnes je vonku pekne, idem von so psom na dvor a budem tam "
WiOvfjiIXHdwNpm5Z4XQkAvGRI23,2,1773212074131118000,1773212074119171000,58,Insert,a,59,"Dnes je vonku pekne, idem von so psom na dvor a budem tam a"
WiOvfjiIXHdwNpm5Z4XQkAvGRI23,2,1773212074417040000,1773212074408106000,59,Insert,s,60,"Dnes je vonku pekne, idem von so psom na dvor a budem tam as"
WiOvfjiIXHdwNpm5Z4XQkAvGRI23,2,1773212074678917000,1773212074671479000,60,Insert,i,61,"Dnes je vonku pekne, idem von so psom na dvor a budem tam asi"
WiOvfjiIXHdwNpm5Z4XQkAvGRI23,2,1773212074787956000,1773212074783332000,61,Insert, ,62,"Dnes je vonku pekne, idem von so psom na dvor a budem tam asi "
WiOvfjiIXHdwNpm5Z4XQkAvGRI23,2,1773212075431583000,1773212075426626000,62,Insert,h,63,"Dnes je vonku pekne, idem von so psom na dvor a budem tam asi h"
WiOvfjiIXHdwNpm5Z4XQkAvGRI23,2,1773212075643803000,1773212075637820000,63,Insert,o,64,"Dnes je vonku pekne, idem von so psom na dvor a budem tam asi ho"
WiOvfjiIXHdwNpm5Z4XQkAvGRI23,2,1773212075752774000,1773212075748018000,64,Insert,d,65,"Dnes je vonku pekne, idem von so psom na dvor a budem tam asi hod"
WiOvfjiIXHdwNpm5Z4XQkAvGRI23,2,1773212075840407000,1773212075831594000,65,Insert,i,66,"Dnes je vonku pekne, idem von so psom na dvor a budem tam asi hodi"
WiOvfjiIXHdwNpm5Z4XQkAvGRI23,2,1773212076030206000,1773212076022225000,66,Insert,n,67,"Dnes je vonku pekne, idem von so psom na dvor a budem tam asi hodin"
WiOvfjiIXHdwNpm5Z4XQkAvGRI23,2,1773212076201762000,1773212076192271000,67,Insert,u,68,"Dnes je vonku pekne, idem von so psom na dvor a budem tam asi hodinu"
WiOvfjiIXHdwNpm5Z4XQkAvGRI23,2,1773212077773763000,1773212077764702000,68,Insert,",",69,"Dnes je vonku pekne, idem von so psom na dvor a budem tam asi hodinu,"
WiOvfjiIXHdwNpm5Z4XQkAvGRI23,2,1773212077960601000,1773212077953172000,69,Insert, ,70,"Dnes je vonku pekne, idem von so psom na dvor a budem tam asi hodinu, "
WiOvfjiIXHdwNpm5Z4XQkAvGRI23,2,1773212078426312000,1773212078419644000,70,Insert,b,71,"Dnes je vonku pekne, idem von so psom na dvor a budem tam asi hodinu, b"
WiOvfjiIXHdwNpm5Z4XQkAvGRI23,2,1773212078640619000,1773212078631595000,71,Insert,u,72,"Dnes je vonku pekne, idem von so psom na dvor a budem tam asi hodinu, bu"
WiOvfjiIXHdwNpm5Z4XQkAvGRI23,2,1773212078736091000,1773212078727608000,72,Insert,d,73,"Dnes je vonku pekne, idem von so psom na dvor a budem tam asi hodinu, bud"
WiOvfjiIXHdwNpm5Z4XQkAvGRI23,2,1773212078920156000,1773212078915619000,73,Insert,e,74,"Dnes je vonku pekne, idem von so psom na dvor a budem tam asi hodinu, bude"
WiOvfjiIXHdwNpm5Z4XQkAvGRI23,2,1773212079013172000,1773212079008150000,74,Insert, ,75,"Dnes je vonku pekne, idem von so psom na dvor a budem tam asi hodinu, bude "
WiOvfjiIXHdwNpm5Z4XQkAvGRI23,3,1773212083212779000,1773212083206869000,0,Insert,D,1,D
WiOvfjiIXHdwNpm5Z4XQkAvGRI23,3,1773212083358310000,1773212083352781000,1,Insert,n,2,Dn
WiOvfjiIXHdwNpm5Z4XQkAvGRI23,3,1773212083506943000,1773212083502004000,2,Insert,e,3,Dne
WiOvfjiIXHdwNpm5Z4XQkAvGRI23,3,1773212083652341000,1773212083648078000,3,Insert,s,4,Dnes
WiOvfjiIXHdwNpm5Z4XQkAvGRI23,3,1773212083726229000,1773212083722074000,4,Insert, ,5,Dnes 
WiOvfjiIXHdwNpm5Z4XQkAvGRI23,3,1773212083921755000,1773212083910041000,5,Insert,j,6,Dnes j
WiOvfjiIXHdwNpm5Z4XQkAvGRI23,3,1773212084035879000,1773212084030208000,6,Insert,e,7,Dnes je
WiOvfjiIXHdwNpm5Z4XQkAvGRI23,3,1773212084102864000,1773212084098281000,7,Insert, ,8,Dnes je 
WiOvfjiIXHdwNpm5Z4XQkAvGRI23,3,1773212084272777000,1773212084268633000,8,Insert,v,9,Dnes je v
WiOvfjiIXHdwNpm5Z4XQkAvGRI23,3,1773212084362761000,1773212084358483000,9,Insert,o,10,Dnes je vo
WiOvfjiIXHdwNpm5Z4XQkAvGRI23,3,1773212084547148000,1773212084542521000,10,Insert,n,11,Dnes je von
WiOvfjiIXHdwNpm5Z4XQkAvGRI23,3,1773212084719461000,1773212084712863000,11,Insert,k,12,Dnes je vonk
WiOvfjiIXHdwNpm5Z4XQkAvGRI23,3,1773212084881390000,1773212084875754000,12,Insert,u,13,Dnes je vonku
WiOvfjiIXHdwNpm5Z4XQkAvGRI23,3,1773212084955102000,1773212084950784000,13,Insert, ,14,Dnes je vonku 
WiOvfjiIXHdwNpm5Z4XQkAvGRI23,3,1773212085199346000,1773212085192758000,14,Insert,r,15,Dnes je vonku r
WiOvfjiIXHdwNpm5Z4XQkAvGRI23,3,1773212085293447000,1773212085288690000,15,Insert,i,16,Dnes je vonku ri
WiOvfjiIXHdwNpm5Z4XQkAvGRI23,3,1773212085411586000,1773212085407212000,16,Insert,a,17,Dnes je vonku ria
WiOvfjiIXHdwNpm5Z4XQkAvGRI23,3,1773212085590733000,1773212085586653000,17,Insert,d,18,Dnes je vonku riad
WiOvfjiIXHdwNpm5Z4XQkAvGRI23,3,1773212085651335000,1773212085648495000,18,Insert,n,19,Dnes je vonku riadn
WiOvfjiIXHdwNpm5Z4XQkAvGRI23,3,1773212086326986000,1773212086318471000,19,Insert,e,20,Dnes je vonku riadne
WiOvfjiIXHdwNpm5Z4XQkAvGRI23,3,1773212087950891000,1773212087947730000,20,Delete,e,19,Dnes je vonku riadn
WiOvfjiIXHdwNpm5Z4XQkAvGRI23,3,1773212088099612000,1773212088096986000,19,Delete,n,18,Dnes je vonku riad
WiOvfjiIXHdwNpm5Z4XQkAvGRI23,3,1773212088261914000,1773212088259203000,18,Delete,d,17,Dnes je vonku ria
WiOvfjiIXHdwNpm5Z4XQkAvGRI23,3,1773212088395513000,1773212088392923000,17,Delete,a,16,Dnes je vonku ri
WiOvfjiIXHdwNpm5Z4XQkAvGRI23,3,1773212088554358000,1773212088551691000,16,Delete,i,15,Dnes je vonku r
WiOvfjiIXHdwNpm5Z4XQkAvGRI23,3,1773212088807729000,1773212088802593000,15,Delete,r,14,Dnes je vonku 
WiOvfjiIXHdwNpm5Z4XQkAvGRI23,3,1773212089366869000,1773212089361858000,14,Insert,p,15,Dnes je vonku p
WiOvfjiIXHdwNpm5Z4XQkAvGRI23,3,1773212089689231000,1773212089685127000,15,Insert,e,16,Dnes je vonku pe
WiOvfjiIXHdwNpm5Z4XQkAvGRI23,3,1773212089813114000,1773212089808376000,16,Insert,k,17,Dnes je vonku pek
WiOvfjiIXHdwNpm5Z4XQkAvGRI23,3,1773212090020051000,1773212090015508000,17,Insert,n,18,Dnes je vonku pekn
WiOvfjiIXHdwNpm5Z4XQkAvGRI23,3,1773212090113867000,1773212090109428000,18,Insert,e,19,Dnes je vonku pekne
WiOvfjiIXHdwNpm5Z4XQkAvGRI23,3,1773212090241410000,1773212090236830000,19,Insert, ,20,Dnes je vonku pekne 
WiOvfjiIXHdwNpm5Z4XQkAvGRI23,3,1773212090901438000,1773212090898696000,20,Delete, ,19,Dnes je vonku pekne
WiOvfjiIXHdwNpm5Z4XQkAvGRI23,3,1773212091666776000,1773212091658268000,19,Insert,",",20,"Dnes je vonku pekne,"
WiOvfjiIXHdwNpm5Z4XQkAvGRI23,3,1773212091879185000,1773212091874923000,20,Insert, ,21,"Dnes je vonku pekne, "
WiOvfjiIXHdwNpm5Z4XQkAvGRI23,3,1773212093548336000,1773212093539937000,21,Insert,i,22,"Dnes je vonku pekne, i"
WiOvfjiIXHdwNpm5Z4XQkAvGRI23,3,1773212093695991000,1773212093691759000,22,Insert,d,23,"Dnes je vonku pekne, id"
WiOvfjiIXHdwNpm5Z4XQkAvGRI23,3,1773212093878893000,1773212093873802000,23,Insert,e,24,"Dnes je vonku pekne, ide"
WiOvfjiIXHdwNpm5Z4XQkAvGRI23,3,1773212093994171000,1773212093988785000,24,Insert,m,25,"Dnes je vonku pekne, idem"
WiOvfjiIXHdwNpm5Z4XQkAvGRI23,3,1773212094194214000,1773212094188776000,25,Insert, ,26,"Dnes je vonku pekne, idem "
WiOvfjiIXHdwNpm5Z4XQkAvGRI23,3,1773212094934534000,1773212094930328000,26,Insert,v,27,"Dnes je vonku pekne, idem v"
WiOvfjiIXHdwNpm5Z4XQkAvGRI23,3,1773212095044115000,1773212095038306000,27,Insert,o,28,"Dnes je vonku pekne, idem vo"
WiOvfjiIXHdwNpm5Z4XQkAvGRI23,3,1773212095275507000,1773212095269134000,28,Insert,n,29,"Dnes je vonku pekne, idem von"
WiOvfjiIXHdwNpm5Z4XQkAvGRI23,3,1773212095392719000,1773212095387538000,29,Insert, ,30,"Dnes je vonku pekne, idem von "
WiOvfjiIXHdwNpm5Z4XQkAvGRI23,3,1773212096645441000,1773212096638456000,30,Insert,s,31,"Dnes je vonku pekne, idem von s"
WiOvfjiIXHdwNpm5Z4XQkAvGRI23,3,1773212096788757000,1773212096783911000,31,Insert,o,32,"Dnes je vonku pekne, idem von so"
WiOvfjiIXHdwNpm5Z4XQkAvGRI23,3,1773212096912498000,1773212096906108000,32,Insert, ,33,"Dnes je vonku pekne, idem von so "
WiOvfjiIXHdwNpm5Z4XQkAvGRI23,3,1773212097053512000,1773212097048966000,33,Insert,p,34,"Dnes je vonku pekne, idem von so p"
WiOvfjiIXHdwNpm5Z4XQkAvGRI23,3,1773212097187915000,1773212097181991000,34,Insert,s,35,"Dnes je vonku pekne, idem von so ps"
WiOvfjiIXHdwNpm5Z4XQkAvGRI23,3,1773212097315545000,1773212097309990000,35,Insert,o,36,"Dnes je vonku pekne, idem von so pso"
WiOvfjiIXHdwNpm5Z4XQkAvGRI23,3,1773212097534685000,1773212097527817000,36,Insert,m,37,"Dnes je vonku pekne, idem von so psom"
WiOvfjiIXHdwNpm5Z4XQkAvGRI23,3,1773212097650703000,1773212097644936000,37,Insert, ,38,"Dnes je vonku pekne, idem von so psom "
WiOvfjiIXHdwNpm5Z4XQkAvGRI23,3,1773212098336511000,1773212098322184000,38,Insert,n,39,"Dnes je vonku pekne, idem von so psom n"
WiOvfjiIXHdwNpm5Z4XQkAvGRI23,3,1773212098469960000,1773212098465525000,39,Insert,a,40,"Dnes je vonku pekne, idem von so psom na"
WiOvfjiIXHdwNpm5Z4XQkAvGRI23,3,1773212098596289000,1773212098591744000,40,Insert, ,41,"Dnes je vonku pekne, idem von so psom na "
WiOvfjiIXHdwNpm5Z4XQkAvGRI23,3,1773212098811982000,1773212098805015000,41,Insert,d,42,"Dnes je vonku pekne, idem von so psom na d"
WiOvfjiIXHdwNpm5Z4XQkAvGRI23,3,1773212099103168000,1773212099098847000,42,Insert,v,43,"Dnes je vonku pekne, idem von so psom na dv"
WiOvfjiIXHdwNpm5Z4XQkAvGRI23,3,1773212099237971000,1773212099233289000,43,Insert,o,44,"Dnes je vonku pekne, idem von so psom na dvo"
WiOvfjiIXHdwNpm5Z4XQkAvGRI23,3,1773212099461542000,1773212099454972000,44,Insert,r,45,"Dnes je vonku pekne, idem von so psom na dvor"
WiOvfjiIXHdwNpm5Z4XQkAvGRI23,3,1773212099624328000,1773212099619975000,45,Insert, ,46,"Dnes je vonku pekne, idem von so psom na dvor "
WiOvfjiIXHdwNpm5Z4XQkAvGRI23,3,1773212100220406000,1773212100209890000,46,Insert,a,47,"Dnes je vonku pekne, idem von so psom na dvor a"
WiOvfjiIXHdwNpm5Z4XQkAvGRI23,3,1773212100296504000,1773212100291328000,47,Insert, ,48,"Dnes je vonku pekne, idem von so psom na dvor a "
WiOvfjiIXHdwNpm5Z4XQkAvGRI23,3,1773212101061089000,1773212101051585000,48,Insert,b,49,"Dnes je vonku pekne, idem von so psom na dvor a b"
WiOvfjiIXHdwNpm5Z4XQkAvGRI23,3,1773212101258507000,1773212101253257000,49,Insert,u,50,"Dnes je vonku pekne, idem von so psom na dvor a bu"
WiOvfjiIXHdwNpm5Z4XQkAvGRI23,3,1773212101379109000,1773212101374433000,50,Insert,d,51,"Dnes je vonku pekne, idem von so psom na dvor a bud"
WiOvfjiIXHdwNpm5Z4XQkAvGRI23,3,1773212101556022000,1773212101551066000,51,Insert,e,52,"Dnes je vonku pekne, idem von so psom na dvor a bude"
WiOvfjiIXHdwNpm5Z4XQkAvGRI23,3,1773212101619164000,1773212101614754000,52,Insert,m,53,"Dnes je vonku pekne, idem von so psom na dvor a budem"
WiOvfjiIXHdwNpm5Z4XQkAvGRI23,3,1773212101803423000,1773212101797173000,53,Insert, ,54,"Dnes je vonku pekne, idem von so psom na dvor a budem "
WiOvfjiIXHdwNpm5Z4XQkAvGRI23,3,1773212102028154000,1773212102021711000,54,Insert,t,55,"Dnes je vonku pekne, idem von so psom na dvor a budem t"
WiOvfjiIXHdwNpm5Z4XQkAvGRI23,3,1773212102253456000,1773212102244297000,55,Insert,a,56,"Dnes je vonku pekne, idem von so psom na dvor a budem ta"
WiOvfjiIXHdwNpm5Z4XQkAvGRI23,3,1773212102355626000,1773212102350684000,56,Insert,m,57,"Dnes je vonku pekne, idem von so psom na dvor a budem tam"
WiOvfjiIXHdwNpm5Z4XQkAvGRI23,3,1773212102514347000,1773212102509202000,57,Insert, ,58,"Dnes je vonku pekne, idem von so psom na dvor a budem tam "
WiOvfjiIXHdwNpm5Z4XQkAvGRI23,3,1773212102801227000,1773212102794226000,58,Insert,a,59,"Dnes je vonku pekne, idem von so psom na dvor a budem tam a"
WiOvfjiIXHdwNpm5Z4XQkAvGRI23,3,1773212102973288000,1773212102969040000,59,Insert,s,60,"Dnes je vonku pekne, idem von so psom na dvor a budem tam as"
WiOvfjiIXHdwNpm5Z4XQkAvGRI23,3,1773212103068557000,1773212103062147000,60,Insert,i,61,"Dnes je vonku pekne, idem von so psom na dvor a budem tam asi"
WiOvfjiIXHdwNpm5Z4XQkAvGRI23,3,1773212103183945000,1773212103179258000,61,Insert, ,62,"Dnes je vonku pekne, idem von so psom na dvor a budem tam asi "
WiOvfjiIXHdwNpm5Z4XQkAvGRI23,3,1773212103669493000,1773212103663024000,62,Insert,h,63,"Dnes je vonku pekne, idem von so psom na dvor a budem tam asi h"
WiOvfjiIXHdwNpm5Z4XQkAvGRI23,3,1773212103884143000,1773212103873929000,63,Insert,o,64,"Dnes je vonku pekne, idem von so psom na dvor a budem tam asi ho"
WiOvfjiIXHdwNpm5Z4XQkAvGRI23,3,1773212103980901000,1773212103974681000,64,Insert,d,65,"Dnes je vonku pekne, idem von so psom na dvor a budem tam asi hod"
WiOvfjiIXHdwNpm5Z4XQkAvGRI23,3,1773212104090932000,1773212104080803000,65,Insert,i,66,"Dnes je vonku pekne, idem von so psom na dvor a budem tam asi hodi"
WiOvfjiIXHdwNpm5Z4XQkAvGRI23,3,1773212104275223000,1773212104266838000,66,Insert,n,67,"Dnes je vonku pekne, idem von so psom na dvor a budem tam asi hodin"
WiOvfjiIXHdwNpm5Z4XQkAvGRI23,3,1773212104422347000,1773212104417436000,67,Insert,u,68,"Dnes je vonku pekne, idem von so psom na dvor a budem tam asi hodinu"
WiOvfjiIXHdwNpm5Z4XQkAvGRI23,3,1773212105994715000,1773212105986175000,68,Insert,",",69,"Dnes je vonku pekne, idem von so psom na dvor a budem tam asi hodinu,"
WiOvfjiIXHdwNpm5Z4XQkAvGRI23,3,1773212106089254000,1773212106083180000,69,Insert, ,70,"Dnes je vonku pekne, idem von so psom na dvor a budem tam asi hodinu, "
WiOvfjiIXHdwNpm5Z4XQkAvGRI23,3,1773212106463149000,1773212106456019000,70,Insert,b,71,"Dnes je vonku pekne, idem von so psom na dvor a budem tam asi hodinu, b"
WiOvfjiIXHdwNpm5Z4XQkAvGRI23,3,1773212106667730000,1773212106661160000,71,Insert,u,72,"Dnes je vonku pekne, idem von so psom na dvor a budem tam asi hodinu, bu"
WiOvfjiIXHdwNpm5Z4XQkAvGRI23,3,1773212106778358000,1773212106773026000,72,Insert,d,73,"Dnes je vonku pekne, idem von so psom na dvor a budem tam asi hodinu, bud"
WiOvfjiIXHdwNpm5Z4XQkAvGRI23,3,1773212106962493000,1773212106955294000,73,Insert,e,74,"Dnes je vonku pekne, idem von so psom na dvor a budem tam asi hodinu, bude"
WiOvfjiIXHdwNpm5Z4XQkAvGRI23,3,1773212107040852000,1773212107036254000,74,Insert, ,75,"Dnes je vonku pekne, idem von so psom na dvor a budem tam asi hodinu, bude "
WiOvfjiIXHdwNpm5Z4XQkAvGRI23,4,1773212112442426000,1773212112438264000,0,Insert,D,1,D
WiOvfjiIXHdwNpm5Z4XQkAvGRI23,4,1773212113029640000,1773212113025612000,1,Insert,n,2,Dn
WiOvfjiIXHdwNpm5Z4XQkAvGRI23,4,1773212113171351000,1773212113166528000,2,Insert,e,3,Dne
WiOvfjiIXHdwNpm5Z4XQkAvGRI23,4,1773212113337628000,1773212113333453000,3,Insert,s,4,Dnes
WiOvfjiIXHdwNpm5Z4XQkAvGRI23,4,1773212113414681000,1773212113410456000,4,Insert, ,5,Dnes 
WiOvfjiIXHdwNpm5Z4XQkAvGRI23,4,1773212113625382000,1773212113618854000,5,Insert,j,6,Dnes j
WiOvfjiIXHdwNpm5Z4XQkAvGRI23,4,1773212113735523000,1773212113730950000,6,Insert,e,7,Dnes je
WiOvfjiIXHdwNpm5Z4XQkAvGRI23,4,1773212113817262000,1773212113812837000,7,Insert, ,8,Dnes je 
WiOvfjiIXHdwNpm5Z4XQkAvGRI23,4,1773212114010146000,1773212114006111000,8,Insert,v,9,Dnes je v
WiOvfjiIXHdwNpm5Z4XQkAvGRI23,4,1773212114106421000,1773212114102234000,9,Insert,o,10,Dnes je vo
WiOvfjiIXHdwNpm5Z4XQkAvGRI23,4,1773212114317999000,1773212114313403000,10,Insert,n,11,Dnes je von
WiOvfjiIXHdwNpm5Z4XQkAvGRI23,4,1773212114482535000,1773212114478172000,11,Insert,k,12,Dnes je vonk
WiOvfjiIXHdwNpm5Z4XQkAvGRI23,4,1773212114651884000,1773212114647586000,12,Insert,u,13,Dnes je vonku
WiOvfjiIXHdwNpm5Z4XQkAvGRI23,4,1773212114773399000,1773212114769069000,13,Insert, ,14,Dnes je vonku 
WiOvfjiIXHdwNpm5Z4XQkAvGRI23,4,1773212115315048000,1773212115311022000,14,Insert,r,15,Dnes je vonku r
WiOvfjiIXHdwNpm5Z4XQkAvGRI23,4,1773212115400883000,1773212115396585000,15,Insert,i,16,Dnes je vonku ri
WiOvfjiIXHdwNpm5Z4XQkAvGRI23,4,1773212115543538000,1773212115539467000,16,Insert,a,17,Dnes je vonku ria
WiOvfjiIXHdwNpm5Z4XQkAvGRI23,4,1773212115931597000,1773212115927350000,17,Delete,a,16,Dnes je vonku ri
WiOvfjiIXHdwNpm5Z4XQkAvGRI23,4,1773212116078879000,1773212116072713000,16,Delete,i,15,Dnes je vonku r
WiOvfjiIXHdwNpm5Z4XQkAvGRI23,4,1773212116228120000,1773212116222166000,15,Delete,r,14,Dnes je vonku 
WiOvfjiIXHdwNpm5Z4XQkAvGRI23,4,1773212116955889000,1773212116952728000,14,Insert,p,15,Dnes je vonku p
WiOvfjiIXHdwNpm5Z4XQkAvGRI23,4,1773212117111899000,1773212117107750000,15,Insert,e,16,Dnes je vonku pe
WiOvfjiIXHdwNpm5Z4XQkAvGRI23,4,1773212117229878000,1773212117225482000,16,Insert,k,17,Dnes je vonku pek
WiOvfjiIXHdwNpm5Z4XQkAvGRI23,4,1773212117430191000,1773212117424961000,17,Insert,n,18,Dnes je vonku pekn
WiOvfjiIXHdwNpm5Z4XQkAvGRI23,4,1773212117533919000,1773212117529635000,18,Insert,e,19,Dnes je vonku pekne
WiOvfjiIXHdwNpm5Z4XQkAvGRI23,4,1773212118845238000,1773212118840048000,19,Insert,",",20,"Dnes je vonku pekne,"
WiOvfjiIXHdwNpm5Z4XQkAvGRI23,4,1773212120190686000,1773212120181608000,20,Insert, ,21,"Dnes je vonku pekne, "
WiOvfjiIXHdwNpm5Z4XQkAvGRI23,4,1773212120455103000,1773212120448379000,21,Insert,i,22,"Dnes je vonku pekne, i"
WiOvfjiIXHdwNpm5Z4XQkAvGRI23,4,1773212120573341000,1773212120568291000,22,Insert,d,23,"Dnes je vonku pekne, id"
WiOvfjiIXHdwNpm5Z4XQkAvGRI23,4,1773212120759200000,1773212120745918000,23,Insert,e,24,"Dnes je vonku pekne, ide"
WiOvfjiIXHdwNpm5Z4XQkAvGRI23,4,1773212120830763000,1773212120826267000,24,Insert,m,25,"Dnes je vonku pekne, idem"
WiOvfjiIXHdwNpm5Z4XQkAvGRI23,4,1773212120988366000,1773212120984075000,25,Insert, ,26,"Dnes je vonku pekne, idem "
WiOvfjiIXHdwNpm5Z4XQkAvGRI23,4,1773212121166077000,1773212121160570000,26,Insert,v,27,"Dnes je vonku pekne, idem v"
WiOvfjiIXHdwNpm5Z4XQkAvGRI23,4,1773212121228844000,1773212121224024000,27,Insert,o,28,"Dnes je vonku pekne, idem vo"
WiOvfjiIXHdwNpm5Z4XQkAvGRI23,4,1773212121418568000,1773212121413848000,28,Insert,n,29,"Dnes je vonku pekne, idem von"
WiOvfjiIXHdwNpm5Z4XQkAvGRI23,4,1773212121532015000,1773212121527358000,29,Insert, ,30,"Dnes je vonku pekne, idem von "
WiOvfjiIXHdwNpm5Z4XQkAvGRI23,4,1773212122715902000,1773212122711505000,30,Insert,s,31,"Dnes je vonku pekne, idem von s"
WiOvfjiIXHdwNpm5Z4XQkAvGRI23,4,1773212122850123000,1773212122845345000,31,Insert,o,32,"Dnes je vonku pekne, idem von so"
WiOvfjiIXHdwNpm5Z4XQkAvGRI23,4,1773212122979983000,1773212122974036000,32,Insert, ,33,"Dnes je vonku pekne, idem von so "
WiOvfjiIXHdwNpm5Z4XQkAvGRI23,4,1773212123081255000,1773212123077005000,33,Insert,p,34,"Dnes je vonku pekne, idem von so p"
WiOvfjiIXHdwNpm5Z4XQkAvGRI23,4,1773212123320641000,1773212123314308000,34,Insert,s,35,"Dnes je vonku pekne, idem von so ps"
WiOvfjiIXHdwNpm5Z4XQkAvGRI23,4,1773212123444951000,1773212123440611000,35,Insert,o,36,"Dnes je vonku pekne, idem von so pso"
WiOvfjiIXHdwNpm5Z4XQkAvGRI23,4,1773212123637042000,1773212123631608000,36,Insert,m,37,"Dnes je vonku pekne, idem von so psom"
WiOvfjiIXHdwNpm5Z4XQkAvGRI23,4,1773212123803469000,1773212123797772000,37,Insert, ,38,"Dnes je vonku pekne, idem von so psom "
WiOvfjiIXHdwNpm5Z4XQkAvGRI23,4,1773212124468858000,1773212124459684000,38,Insert,n,39,"Dnes je vonku pekne, idem von so psom n"
WiOvfjiIXHdwNpm5Z4XQkAvGRI23,4,1773212124575585000,1773212124570897000,39,Insert,a,40,"Dnes je vonku pekne, idem von so psom na"
WiOvfjiIXHdwNpm5Z4XQkAvGRI23,4,1773212124694436000,1773212124689846000,40,Insert, ,41,"Dnes je vonku pekne, idem von so psom na "
WiOvfjiIXHdwNpm5Z4XQkAvGRI23,4,1773212124865913000,1773212124861510000,41,Insert,d,42,"Dnes je vonku pekne, idem von so psom na d"
WiOvfjiIXHdwNpm5Z4XQkAvGRI23,4,1773212125120548000,1773212125115740000,42,Insert,v,43,"Dnes je vonku pekne, idem von so psom na dv"
WiOvfjiIXHdwNpm5Z4XQkAvGRI23,4,1773212125188866000,1773212125184620000,43,Insert,o,44,"Dnes je vonku pekne, idem von so psom na dvo"
WiOvfjiIXHdwNpm5Z4XQkAvGRI23,4,1773212125379337000,1773212125374987000,44,Insert,r,45,"Dnes je vonku pekne, idem von so psom na dvor"
WiOvfjiIXHdwNpm5Z4XQkAvGRI23,4,1773212125623660000,1773212125616709000,45,Insert, ,46,"Dnes je vonku pekne, idem von so psom na dvor "
WiOvfjiIXHdwNpm5Z4XQkAvGRI23,4,1773212126761896000,1773212126753301000,46,Insert,a,47,"Dnes je vonku pekne, idem von so psom na dvor a"
WiOvfjiIXHdwNpm5Z4XQkAvGRI23,4,1773212126873484000,1773212126869185000,47,Insert, ,48,"Dnes je vonku pekne, idem von so psom na dvor a "
WiOvfjiIXHdwNpm5Z4XQkAvGRI23,4,1773212127700916000,1773212127693241000,48,Insert,b,49,"Dnes je vonku pekne, idem von so psom na dvor a b"
WiOvfjiIXHdwNpm5Z4XQkAvGRI23,4,1773212127907895000,1773212127900245000,49,Insert,u,50,"Dnes je vonku pekne, idem von so psom na dvor a bu"
WiOvfjiIXHdwNpm5Z4XQkAvGRI23,4,1773212128020974000,1773212128014476000,50,Insert,d,51,"Dnes je vonku pekne, idem von so psom na dvor a bud"
WiOvfjiIXHdwNpm5Z4XQkAvGRI23,4,1773212128193792000,1773212128186068000,51,Insert,e,52,"Dnes je vonku pekne, idem von so psom na dvor a bude"
WiOvfjiIXHdwNpm5Z4XQkAvGRI23,4,1773212128248370000,1773212128245198000,52,Insert,m,53,"Dnes je vonku pekne, idem von so psom na dvor a budem"
WiOvfjiIXHdwNpm5Z4XQkAvGRI23,4,1773212128417418000,1773212128412115000,53,Insert, ,54,"Dnes je vonku pekne, idem von so psom na dvor a budem "
WiOvfjiIXHdwNpm5Z4XQkAvGRI23,4,1773212128628790000,1773212128621886000,54,Insert,g,55,"Dnes je vonku pekne, idem von so psom na dvor a budem g"
WiOvfjiIXHdwNpm5Z4XQkAvGRI23,4,1773212128872303000,1773212128865111000,55,Insert,a,56,"Dnes je vonku pekne, idem von so psom na dvor a budem ga"
WiOvfjiIXHdwNpm5Z4XQkAvGRI23,4,1773212128956341000,1773212128951825000,56,Insert,m,57,"Dnes je vonku pekne, idem von so psom na dvor a budem gam"
WiOvfjiIXHdwNpm5Z4XQkAvGRI23,4,1773212129323386000,1773212129317723000,57,Delete,m,56,"Dnes je vonku pekne, idem von so psom na dvor a budem ga"
WiOvfjiIXHdwNpm5Z4XQkAvGRI23,4,1773212129477234000,1773212129470020000,56,Delete,a,55,"Dnes je vonku pekne, idem von so psom na dvor a budem g"
WiOvfjiIXHdwNpm5Z4XQkAvGRI23,4,1773212129630261000,1773212129624054000,55,Delete,g,54,"Dnes je vonku pekne, idem von so psom na dvor a budem "
WiOvfjiIXHdwNpm5Z4XQkAvGRI23,4,1773212130195695000,1773212130191709000,54,Insert,t,55,"Dnes je vonku pekne, idem von so psom na dvor a budem t"
WiOvfjiIXHdwNpm5Z4XQkAvGRI23,4,1773212130439244000,1773212130432399000,55,Insert,a,56,"Dnes je vonku pekne, idem von so psom na dvor a budem ta"
WiOvfjiIXHdwNpm5Z4XQkAvGRI23,4,1773212130514506000,1773212130510359000,56,Insert,m,57,"Dnes je vonku pekne, idem von so psom na dvor a budem tam"
WiOvfjiIXHdwNpm5Z4XQkAvGRI23,4,1773212130767116000,1773212130758190000,57,Insert, ,58,"Dnes je vonku pekne, idem von so psom na dvor a budem tam "
WiOvfjiIXHdwNpm5Z4XQkAvGRI23,4,1773212131697562000,1773212131688090000,58,Insert,a,59,"Dnes je vonku pekne, idem von so psom na dvor a budem tam a"
WiOvfjiIXHdwNpm5Z4XQkAvGRI23,4,1773212131851815000,1773212131841749000,59,Insert,s,60,"Dnes je vonku pekne, idem von so psom na dvor a budem tam as"
WiOvfjiIXHdwNpm5Z4XQkAvGRI23,4,1773212131989824000,1773212131985393000,60,Insert,i,61,"Dnes je vonku pekne, idem von so psom na dvor a budem tam asi"
WiOvfjiIXHdwNpm5Z4XQkAvGRI23,4,1773212132111020000,1773212132106313000,61,Insert, ,62,"Dnes je vonku pekne, idem von so psom na dvor a budem tam asi "
WiOvfjiIXHdwNpm5Z4XQkAvGRI23,4,1773212132307190000,1773212132302656000,62,Insert,h,63,"Dnes je vonku pekne, idem von so psom na dvor a budem tam asi h"
WiOvfjiIXHdwNpm5Z4XQkAvGRI23,4,1773212132521296000,1773212132514880000,63,Insert,o,64,"Dnes je vonku pekne, idem von so psom na dvor a budem tam asi ho"
WiOvfjiIXHdwNpm5Z4XQkAvGRI23,4,1773212132628867000,1773212132621290000,64,Insert,d,65,"Dnes je vonku pekne, idem von so psom na dvor a budem tam asi hod"
WiOvfjiIXHdwNpm5Z4XQkAvGRI23,4,1773212132715192000,1773212132710575000,65,Insert,i,66,"Dnes je vonku pekne, idem von so psom na dvor a budem tam asi hodi"
WiOvfjiIXHdwNpm5Z4XQkAvGRI23,4,1773212132894307000,1773212132887716000,66,Insert,n,67,"Dnes je vonku pekne, idem von so psom na dvor a budem tam asi hodin"
WiOvfjiIXHdwNpm5Z4XQkAvGRI23,4,1773212133050623000,1773212133044083000,67,Insert,u,68,"Dnes je vonku pekne, idem von so psom na dvor a budem tam asi hodinu"
WiOvfjiIXHdwNpm5Z4XQkAvGRI23,4,1773212134712475000,1773212134701672000,68,Insert,",",69,"Dnes je vonku pekne, idem von so psom na dvor a budem tam asi hodinu,"
WiOvfjiIXHdwNpm5Z4XQkAvGRI23,4,1773212134796424000,1773212134792035000,69,Insert, ,70,"Dnes je vonku pekne, idem von so psom na dvor a budem tam asi hodinu, "
WiOvfjiIXHdwNpm5Z4XQkAvGRI23,4,1773212135576314000,1773212135571945000,70,Insert,b,71,"Dnes je vonku pekne, idem von so psom na dvor a budem tam asi hodinu, b"
WiOvfjiIXHdwNpm5Z4XQkAvGRI23,4,1773212135804409000,1773212135797972000,71,Insert,u,72,"Dnes je vonku pekne, idem von so psom na dvor a budem tam asi hodinu, bu"
WiOvfjiIXHdwNpm5Z4XQkAvGRI23,4,1773212135977450000,1773212135970458000,72,Insert,d,73,"Dnes je vonku pekne, idem von so psom na dvor a budem tam asi hodinu, bud"
WiOvfjiIXHdwNpm5Z4XQkAvGRI23,4,1773212136158773000,1773212136153906000,73,Insert,e,74,"Dnes je vonku pekne, idem von so psom na dvor a budem tam asi hodinu, bude"
WiOvfjiIXHdwNpm5Z4XQkAvGRI23,4,1773212136221765000,1773212136216946000,74,Insert, ,75,"Dnes je vonku pekne, idem von so psom na dvor a budem tam asi hodinu, bude "
WiOvfjiIXHdwNpm5Z4XQkAvGRI23,5,1773212139625704000,1773212139617265000,0,Insert,D,1,D
WiOvfjiIXHdwNpm5Z4XQkAvGRI23,5,1773212139799164000,1773212139793326000,1,Insert,n,2,Dn
WiOvfjiIXHdwNpm5Z4XQkAvGRI23,5,1773212139951044000,1773212139944333000,2,Insert,e,3,Dne
WiOvfjiIXHdwNpm5Z4XQkAvGRI23,5,1773212140154994000,1773212140146694000,3,Insert,s,4,Dnes
WiOvfjiIXHdwNpm5Z4XQkAvGRI23,5,1773212140309218000,1773212140305025000,4,Insert, ,5,Dnes 
WiOvfjiIXHdwNpm5Z4XQkAvGRI23,5,1773212141754674000,1773212141747119000,5,Insert,j,6,Dnes j
WiOvfjiIXHdwNpm5Z4XQkAvGRI23,5,1773212141894129000,1773212141888012000,6,Insert,e,7,Dnes je
WiOvfjiIXHdwNpm5Z4XQkAvGRI23,5,1773212141983827000,1773212141979116000,7,Insert, ,8,Dnes je 
WiOvfjiIXHdwNpm5Z4XQkAvGRI23,5,1773212142200967000,1773212142194968000,8,Insert,v,9,Dnes je v
WiOvfjiIXHdwNpm5Z4XQkAvGRI23,5,1773212142308465000,1773212142303674000,9,Insert,o,10,Dnes je vo
WiOvfjiIXHdwNpm5Z4XQkAvGRI23,5,1773212142513697000,1773212142503409000,10,Insert,n,11,Dnes je von
WiOvfjiIXHdwNpm5Z4XQkAvGRI23,5,1773212142698425000,1773212142694588000,11,Insert,k,12,Dnes je vonk
WiOvfjiIXHdwNpm5Z4XQkAvGRI23,5,1773212142892725000,1773212142885399000,12,Insert,u,13,Dnes je vonku
WiOvfjiIXHdwNpm5Z4XQkAvGRI23,5,1773212143004224000,1773212142999763000,13,Insert, ,14,Dnes je vonku 
WiOvfjiIXHdwNpm5Z4XQkAvGRI23,5,1773212143344921000,1773212143338834000,14,Insert,p,15,Dnes je vonku p
WiOvfjiIXHdwNpm5Z4XQkAvGRI23,5,1773212143457567000,1773212143453692000,15,Insert,e,16,Dnes je vonku pe
WiOvfjiIXHdwNpm5Z4XQkAvGRI23,5,1773212143594791000,1773212143586765000,16,Insert,k,17,Dnes je vonku pek
WiOvfjiIXHdwNpm5Z4XQkAvGRI23,5,1773212143775778000,1773212143770386000,17,Insert,n,18,Dnes je vonku pekn
WiOvfjiIXHdwNpm5Z4XQkAvGRI23,5,1773212143870287000,1773212143866296000,18,Insert,e,19,Dnes je vonku pekne
WiOvfjiIXHdwNpm5Z4XQkAvGRI23,5,1773212145257996000,1773212145248734000,19,Insert,",",20,"Dnes je vonku pekne,"
WiOvfjiIXHdwNpm5Z4XQkAvGRI23,5,1773212145349277000,1773212145342138000,20,Insert, ,21,"Dnes je vonku pekne, "
WiOvfjiIXHdwNpm5Z4XQkAvGRI23,5,1773212145842936000,1773212145837169000,21,Insert,i,22,"Dnes je vonku pekne, i"
WiOvfjiIXHdwNpm5Z4XQkAvGRI23,5,1773212145967946000,1773212145963678000,22,Insert,d,23,"Dnes je vonku pekne, id"
WiOvfjiIXHdwNpm5Z4XQkAvGRI23,5,1773212146152113000,1773212146147570000,23,Insert,d,24,"Dnes je vonku pekne, idd"
WiOvfjiIXHdwNpm5Z4XQkAvGRI23,5,1773212146211423000,1773212146208922000,24,Insert,m,25,"Dnes je vonku pekne, iddm"
WiOvfjiIXHdwNpm5Z4XQkAvGRI23,5,1773212146407821000,1773212146401122000,25,Insert, ,26,"Dnes je vonku pekne, iddm "
WiOvfjiIXHdwNpm5Z4XQkAvGRI23,5,1773212146852629000,1773212146848262000,26,Delete, ,25,"Dnes je vonku pekne, iddm"
WiOvfjiIXHdwNpm5Z4XQkAvGRI23,5,1773212146985548000,1773212146982221000,25,Delete,m,24,"Dnes je vonku pekne, idd"
WiOvfjiIXHdwNpm5Z4XQkAvGRI23,5,1773212147149351000,1773212147146774000,24,Delete,d,23,"Dnes je vonku pekne, id"
WiOvfjiIXHdwNpm5Z4XQkAvGRI23,5,1773212147243309000,1773212147240599000,23,Delete,d,22,"Dnes je vonku pekne, i"
WiOvfjiIXHdwNpm5Z4XQkAvGRI23,5,1773212148129198000,1773212148121701000,22,Insert,d,23,"Dnes je vonku pekne, id"
WiOvfjiIXHdwNpm5Z4XQkAvGRI23,5,1773212148287139000,1773212148280394000,23,Insert,e,24,"Dnes je vonku pekne, ide"
WiOvfjiIXHdwNpm5Z4XQkAvGRI23,5,1773212148384841000,1773212148380554000,24,Insert,m,25,"Dnes je vonku pekne, idem"
WiOvfjiIXHdwNpm5Z4XQkAvGRI23,5,1773212148598924000,1773212148592313000,25,Insert, ,26,"Dnes je vonku pekne, idem "
WiOvfjiIXHdwNpm5Z4XQkAvGRI23,5,1773212149648738000,1773212149639336000,26,Insert,v,27,"Dnes je vonku pekne, idem v"
WiOvfjiIXHdwNpm5Z4XQkAvGRI23,5,1773212149734827000,1773212149730694000,27,Insert,o,28,"Dnes je vonku pekne, idem vo"
WiOvfjiIXHdwNpm5Z4XQkAvGRI23,5,1773212149913185000,1773212149907303000,28,Insert,n,29,"Dnes je vonku pekne, idem von"
WiOvfjiIXHdwNpm5Z4XQkAvGRI23,5,1773212150028979000,1773212150023613000,29,Insert, ,30,"Dnes je vonku pekne, idem von "
WiOvfjiIXHdwNpm5Z4XQkAvGRI23,5,1773212153218448000,1773212153214607000,30,Insert,s,31,"Dnes je vonku pekne, idem von s"
WiOvfjiIXHdwNpm5Z4XQkAvGRI23,5,1773212153339424000,1773212153334512000,31,Insert,o,32,"Dnes je vonku pekne, idem von so"
WiOvfjiIXHdwNpm5Z4XQkAvGRI23,5,1773212153475622000,1773212153470856000,32,Insert, ,33,"Dnes je vonku pekne, idem von so "
WiOvfjiIXHdwNpm5Z4XQkAvGRI23,5,1773212153667889000,1773212153662214000,33,Insert,p,34,"Dnes je vonku pekne, idem von so p"
WiOvfjiIXHdwNpm5Z4XQkAvGRI23,5,1773212153793883000,1773212153788367000,34,Insert,s,35,"Dnes je vonku pekne, idem von so ps"
WiOvfjiIXHdwNpm5Z4XQkAvGRI23,5,1773212153901291000,1773212153895817000,35,Insert,o,36,"Dnes je vonku pekne, idem von so pso"
WiOvfjiIXHdwNpm5Z4XQkAvGRI23,5,1773212154089970000,1773212154085878000,36,Insert,m,37,"Dnes je vonku pekne, idem von so psom"
WiOvfjiIXHdwNpm5Z4XQkAvGRI23,5,1773212154262376000,1773212154258000000,37,Insert, ,38,"Dnes je vonku pekne, idem von so psom "
WiOvfjiIXHdwNpm5Z4XQkAvGRI23,5,1773212155801511000,1773212155788860000,38,Insert,n,39,"Dnes je vonku pekne, idem von so psom n"
WiOvfjiIXHdwNpm5Z4XQkAvGRI23,5,1773212155892566000,1773212155887369000,39,Insert,a,40,"Dnes je vonku pekne, idem von so psom na"
WiOvfjiIXHdwNpm5Z4XQkAvGRI23,5,1773212156023527000,1773212156018444000,40,Insert, ,41,"Dnes je vonku pekne, idem von so psom na "
WiOvfjiIXHdwNpm5Z4XQkAvGRI23,5,1773212156254460000,1773212156248320000,41,Insert,d,42,"Dnes je vonku pekne, idem von so psom na d"
WiOvfjiIXHdwNpm5Z4XQkAvGRI23,5,1773212156499817000,1773212156492522000,42,Insert,v,43,"Dnes je vonku pekne, idem von so psom na dv"
WiOvfjiIXHdwNpm5Z4XQkAvGRI23,5,1773212156557273000,1773212156552308000,43,Insert,o,44,"Dnes je vonku pekne, idem von so psom na dvo"
WiOvfjiIXHdwNpm5Z4XQkAvGRI23,5,1773212156735420000,1773212156731201000,44,Insert,r,45,"Dnes je vonku pekne, idem von so psom na dvor"
WiOvfjiIXHdwNpm5Z4XQkAvGRI23,5,1773212156865585000,1773212156861091000,45,Insert, ,46,"Dnes je vonku pekne, idem von so psom na dvor "
WiOvfjiIXHdwNpm5Z4XQkAvGRI23,5,1773212158622253000,1773212158615782000,46,Insert,a,47,"Dnes je vonku pekne, idem von so psom na dvor a"
WiOvfjiIXHdwNpm5Z4XQkAvGRI23,5,1773212158730961000,1773212158728388000,47,Insert, ,48,"Dnes je vonku pekne, idem von so psom na dvor a "
WiOvfjiIXHdwNpm5Z4XQkAvGRI23,5,1773212159011770000,1773212159008704000,48,Insert,b,49,"Dnes je vonku pekne, idem von so psom na dvor a b"
WiOvfjiIXHdwNpm5Z4XQkAvGRI23,5,1773212159197614000,1773212159195095000,49,Insert,u,50,"Dnes je vonku pekne, idem von so psom na dvor a bu"
WiOvfjiIXHdwNpm5Z4XQkAvGRI23,5,1773212159276685000,1773212159273709000,50,Insert,d,51,"Dnes je vonku pekne, idem von so psom na dvor a bud"
WiOvfjiIXHdwNpm5Z4XQkAvGRI23,5,1773212159449193000,1773212159446786000,51,Insert,e,52,"Dnes je vonku pekne, idem von so psom na dvor a bude"
WiOvfjiIXHdwNpm5Z4XQkAvGRI23,5,1773212159537505000,1773212159534273000,52,Insert,m,53,"Dnes je vonku pekne, idem von so psom na dvor a budem"
WiOvfjiIXHdwNpm5Z4XQkAvGRI23,5,1773212159730370000,1773212159728008000,53,Insert, ,54,"Dnes je vonku pekne, idem von so psom na dvor a budem "
WiOvfjiIXHdwNpm5Z4XQkAvGRI23,5,1773212160231039000,1773212160224659000,54,Insert,t,55,"Dnes je vonku pekne, idem von so psom na dvor a budem t"
WiOvfjiIXHdwNpm5Z4XQkAvGRI23,5,1773212160472769000,1773212160463987000,55,Insert,a,56,"Dnes je vonku pekne, idem von so psom na dvor a budem ta"
WiOvfjiIXHdwNpm5Z4XQkAvGRI23,5,1773212160551207000,1773212160546018000,56,Insert,m,57,"Dnes je vonku pekne, idem von so psom na dvor a budem tam"
WiOvfjiIXHdwNpm5Z4XQkAvGRI23,5,1773212160765782000,1773212160758437000,57,Insert, ,58,"Dnes je vonku pekne, idem von so psom na dvor a budem tam "
WiOvfjiIXHdwNpm5Z4XQkAvGRI23,5,1773212161625542000,1773212161614589000,58,Insert,a,59,"Dnes je vonku pekne, idem von so psom na dvor a budem tam a"
WiOvfjiIXHdwNpm5Z4XQkAvGRI23,5,1773212161789256000,1773212161783694000,59,Insert,s,60,"Dnes je vonku pekne, idem von so psom na dvor a budem tam as"
WiOvfjiIXHdwNpm5Z4XQkAvGRI23,5,1773212161979559000,1773212161975185000,60,Insert,i,61,"Dnes je vonku pekne, idem von so psom na dvor a budem tam asi"
WiOvfjiIXHdwNpm5Z4XQkAvGRI23,5,1773212162102122000,1773212162096763000,61,Insert, ,62,"Dnes je vonku pekne, idem von so psom na dvor a budem tam asi "
WiOvfjiIXHdwNpm5Z4XQkAvGRI23,5,1773212162294645000,1773212162289289000,62,Insert,h,63,"Dnes je vonku pekne, idem von so psom na dvor a budem tam asi h"
WiOvfjiIXHdwNpm5Z4XQkAvGRI23,5,1773212162506377000,1773212162497417000,63,Insert,o,64,"Dnes je vonku pekne, idem von so psom na dvor a budem tam asi ho"
WiOvfjiIXHdwNpm5Z4XQkAvGRI23,5,1773212162625523000,1773212162620288000,64,Insert,d,65,"Dnes je vonku pekne, idem von so psom na dvor a budem tam asi hod"
WiOvfjiIXHdwNpm5Z4XQkAvGRI23,5,1773212162711053000,1773212162706789000,65,Insert,i,66,"Dnes je vonku pekne, idem von so psom na dvor a budem tam asi hodi"
WiOvfjiIXHdwNpm5Z4XQkAvGRI23,5,1773212162893065000,1773212162886661000,66,Insert,n,67,"Dnes je vonku pekne, idem von so psom na dvor a budem tam asi hodin"
WiOvfjiIXHdwNpm5Z4XQkAvGRI23,5,1773212163054279000,1773212163048721000,67,Insert,u,68,"Dnes je vonku pekne, idem von so psom na dvor a budem tam asi hodinu"
WiOvfjiIXHdwNpm5Z4XQkAvGRI23,5,1773212164549912000,1773212164538148000,68,Insert,",",69,"Dnes je vonku pekne, idem von so psom na dvor a budem tam asi hodinu,"
WiOvfjiIXHdwNpm5Z4XQkAvGRI23,5,1773212165587083000,1773212165578019000,69,Insert, ,70,"Dnes je vonku pekne, idem von so psom na dvor a budem tam asi hodinu, "
WiOvfjiIXHdwNpm5Z4XQkAvGRI23,5,1773212166687061000,1773212166678055000,70,Insert,b,71,"Dnes je vonku pekne, idem von so psom na dvor a budem tam asi hodinu, b"
WiOvfjiIXHdwNpm5Z4XQkAvGRI23,5,1773212166991849000,1773212166984980000,71,Insert,u,72,"Dnes je vonku pekne, idem von so psom na dvor a budem tam asi hodinu, bu"
WiOvfjiIXHdwNpm5Z4XQkAvGRI23,5,1773212167136746000,1773212167125955000,72,Insert,d,73,"Dnes je vonku pekne, idem von so psom na dvor a budem tam asi hodinu, bud"
WiOvfjiIXHdwNpm5Z4XQkAvGRI23,5,1773212167307715000,1773212167297531000,73,Insert,e,74,"Dnes je vonku pekne, idem von so psom na dvor a budem tam asi hodinu, bude"
WiOvfjiIXHdwNpm5Z4XQkAvGRI23,5,1773212167374024000,1773212167369245000,74,Insert, ,75,"Dnes je vonku pekne, idem von so psom na dvor a budem tam asi hodinu, bude "
WiOvfjiIXHdwNpm5Z4XQkAvGRI23,6,1773212173246352000,1773212173240144000,0,Insert,D,1,D
WiOvfjiIXHdwNpm5Z4XQkAvGRI23,6,1773212173388133000,1773212173384116000,1,Insert,n,2,Dn
WiOvfjiIXHdwNpm5Z4XQkAvGRI23,6,1773212173527119000,1773212173522768000,2,Insert,e,3,Dne
WiOvfjiIXHdwNpm5Z4XQkAvGRI23,6,1773212173676165000,1773212173672013000,3,Insert,s,4,Dnes
WiOvfjiIXHdwNpm5Z4XQkAvGRI23,6,1773212173745678000,1773212173741447000,4,Insert, ,5,Dnes 
WiOvfjiIXHdwNpm5Z4XQkAvGRI23,6,1773212173967246000,1773212173959717000,5,Insert,j,6,Dnes j
WiOvfjiIXHdwNpm5Z4XQkAvGRI23,6,1773212174086604000,1773212174078014000,6,Insert,e,7,Dnes je
WiOvfjiIXHdwNpm5Z4XQkAvGRI23,6,1773212174162684000,1773212174157925000,7,Insert, ,8,Dnes je 
WiOvfjiIXHdwNpm5Z4XQkAvGRI23,6,1773212174345340000,1773212174340766000,8,Insert,c,9,Dnes je c
WiOvfjiIXHdwNpm5Z4XQkAvGRI23,6,1773212174419509000,1773212174413929000,9,Insert,o,10,Dnes je co
WiOvfjiIXHdwNpm5Z4XQkAvGRI23,6,1773212174621354000,1773212174617405000,10,Insert,n,11,Dnes je con
WiOvfjiIXHdwNpm5Z4XQkAvGRI23,6,1773212175010006000,1773212175006692000,11,Delete,n,10,Dnes je co
WiOvfjiIXHdwNpm5Z4XQkAvGRI23,6,1773212175132689000,1773212175129249000,10,Delete,o,9,Dnes je c
WiOvfjiIXHdwNpm5Z4XQkAvGRI23,6,1773212175529848000,1773212175527179000,9,Delete,c,8,Dnes je 
WiOvfjiIXHdwNpm5Z4XQkAvGRI23,6,1773212176347112000,1773212176341283000,8,Insert,v,9,Dnes je v
WiOvfjiIXHdwNpm5Z4XQkAvGRI23,6,1773212176467498000,1773212176463354000,9,Insert,o,10,Dnes je vo
WiOvfjiIXHdwNpm5Z4XQkAvGRI23,6,1773212176720001000,1773212176712980000,10,Insert,n,11,Dnes je von
WiOvfjiIXHdwNpm5Z4XQkAvGRI23,6,1773212176896564000,1773212176892454000,11,Insert,k,12,Dnes je vonk
WiOvfjiIXHdwNpm5Z4XQkAvGRI23,6,1773212177076701000,1773212177072074000,12,Insert,u,13,Dnes je vonku
WiOvfjiIXHdwNpm5Z4XQkAvGRI23,6,1773212177135076000,1773212177130729000,13,Insert, ,14,Dnes je vonku 
WiOvfjiIXHdwNpm5Z4XQkAvGRI23,6,1773212177329360000,1773212177321603000,14,Insert,p,15,Dnes je vonku p
WiOvfjiIXHdwNpm5Z4XQkAvGRI23,6,1773212177475294000,1773212177470648000,15,Insert,e,16,Dnes je vonku pe
WiOvfjiIXHdwNpm5Z4XQkAvGRI23,6,1773212177575354000,1773212177571069000,16,Insert,k,17,Dnes je vonku pek
WiOvfjiIXHdwNpm5Z4XQkAvGRI23,6,1773212177756914000,1773212177751500000,17,Insert,n,18,Dnes je vonku pekn
WiOvfjiIXHdwNpm5Z4XQkAvGRI23,6,1773212177875906000,1773212177871839000,18,Insert,e,19,Dnes je vonku pekne
WiOvfjiIXHdwNpm5Z4XQkAvGRI23,6,1773212177954886000,1773212177950738000,19,Insert, ,20,Dnes je vonku pekne 
WiOvfjiIXHdwNpm5Z4XQkAvGRI23,6,1773212179774922000,1773212179767862000,20,Delete, ,19,Dnes je vonku pekne
WiOvfjiIXHdwNpm5Z4XQkAvGRI23,6,1773212180541528000,1773212180534862000,19,Insert,",",20,"Dnes je vonku pekne,"
WiOvfjiIXHdwNpm5Z4XQkAvGRI23,6,1773212180703990000,1773212180698747000,20,Insert, ,21,"Dnes je vonku pekne, "
WiOvfjiIXHdwNpm5Z4XQkAvGRI23,6,1773212182099590000,1773212182092885000,21,Insert,i,22,"Dnes je vonku pekne, i"
WiOvfjiIXHdwNpm5Z4XQkAvGRI23,6,1773212182221847000,1773212182216023000,22,Insert,d,23,"Dnes je vonku pekne, id"
WiOvfjiIXHdwNpm5Z4XQkAvGRI23,6,1773212182396994000,1773212182393095000,23,Insert,e,24,"Dnes je vonku pekne, ide"
WiOvfjiIXHdwNpm5Z4XQkAvGRI23,6,1773212182495072000,1773212182489796000,24,Insert,m,25,"Dnes je vonku pekne, idem"
WiOvfjiIXHdwNpm5Z4XQkAvGRI23,6,1773212182655566000,1773212182651466000,25,Insert, ,26,"Dnes je vonku pekne, idem "
WiOvfjiIXHdwNpm5Z4XQkAvGRI23,6,1773212182848539000,1773212182842315000,26,Insert,v,27,"Dnes je vonku pekne, idem v"
WiOvfjiIXHdwNpm5Z4XQkAvGRI23,6,1773212182915014000,1773212182911141000,27,Insert,o,28,"Dnes je vonku pekne, idem vo"
WiOvfjiIXHdwNpm5Z4XQkAvGRI23,6,1773212183118616000,1773212183114339000,28,Insert,b,29,"Dnes je vonku pekne, idem vob"
WiOvfjiIXHdwNpm5Z4XQkAvGRI23,6,1773212183205824000,1773212183201721000,29,Insert, ,30,"Dnes je vonku pekne, idem vob "
WiOvfjiIXHdwNpm5Z4XQkAvGRI23,6,1773212183765652000,1773212183760881000,30,Delete, ,29,"Dnes je vonku pekne, idem vob"
WiOvfjiIXHdwNpm5Z4XQkAvGRI23,6,1773212183911087000,1773212183907542000,29,Delete,b,28,"Dnes je vonku pekne, idem vo"
WiOvfjiIXHdwNpm5Z4XQkAvGRI23,6,1773212184684893000,1773212184681007000,28,Insert,n,29,"Dnes je vonku pekne, idem von"
WiOvfjiIXHdwNpm5Z4XQkAvGRI23,6,1773212184810353000,1773212184805673000,29,Insert, ,30,"Dnes je vonku pekne, idem von "
WiOvfjiIXHdwNpm5Z4XQkAvGRI23,6,1773212185087032000,1773212185080985000,30,Insert,s,31,"Dnes je vonku pekne, idem von s"
WiOvfjiIXHdwNpm5Z4XQkAvGRI23,6,1773212185157897000,1773212185154033000,31,Insert,o,32,"Dnes je vonku pekne, idem von so"
WiOvfjiIXHdwNpm5Z4XQkAvGRI23,6,1773212185297197000,1773212185293144000,32,Insert, ,33,"Dnes je vonku pekne, idem von so "
WiOvfjiIXHdwNpm5Z4XQkAvGRI23,6,1773212185417571000,1773212185413699000,33,Insert,p,34,"Dnes je vonku pekne, idem von so p"
WiOvfjiIXHdwNpm5Z4XQkAvGRI23,6,1773212185548551000,1773212185543857000,34,Insert,s,35,"Dnes je vonku pekne, idem von so ps"
WiOvfjiIXHdwNpm5Z4XQkAvGRI23,6,1773212185644472000,1773212185640454000,35,Insert,o,36,"Dnes je vonku pekne, idem von so pso"
WiOvfjiIXHdwNpm5Z4XQkAvGRI23,6,1773212185831366000,1773212185821436000,36,Insert,m,37,"Dnes je vonku pekne, idem von so psom"
WiOvfjiIXHdwNpm5Z4XQkAvGRI23,6,1773212185959256000,1773212185954958000,37,Insert, ,38,"Dnes je vonku pekne, idem von so psom "
WiOvfjiIXHdwNpm5Z4XQkAvGRI23,6,1773212187550270000,1773212187546190000,38,Insert,n,39,"Dnes je vonku pekne, idem von so psom n"
WiOvfjiIXHdwNpm5Z4XQkAvGRI23,6,1773212187654056000,1773212187643419000,39,Insert,a,40,"Dnes je vonku pekne, idem von so psom na"
WiOvfjiIXHdwNpm5Z4XQkAvGRI23,6,1773212187810111000,1773212187806577000,40,Insert, ,41,"Dnes je vonku pekne, idem von so psom na "
WiOvfjiIXHdwNpm5Z4XQkAvGRI23,6,1773212187960809000,1773212187956654000,41,Insert,d,42,"Dnes je vonku pekne, idem von so psom na d"
WiOvfjiIXHdwNpm5Z4XQkAvGRI23,6,1773212188238984000,1773212188232696000,42,Insert,v,43,"Dnes je vonku pekne, idem von so psom na dv"
WiOvfjiIXHdwNpm5Z4XQkAvGRI23,6,1773212188340864000,1773212188336621000,43,Insert,o,44,"Dnes je vonku pekne, idem von so psom na dvo"
WiOvfjiIXHdwNpm5Z4XQkAvGRI23,6,1773212188521334000,1773212188517154000,44,Insert,r,45,"Dnes je vonku pekne, idem von so psom na dvor"
WiOvfjiIXHdwNpm5Z4XQkAvGRI23,6,1773212192937362000,1773212192933134000,45,Insert, ,46,"Dnes je vonku pekne, idem von so psom na dvor "
WiOvfjiIXHdwNpm5Z4XQkAvGRI23,6,1773212193145934000,1773212193139567000,46,Insert,a,47,"Dnes je vonku pekne, idem von so psom na dvor a"
WiOvfjiIXHdwNpm5Z4XQkAvGRI23,6,1773212193346206000,1773212193341493000,47,Insert, ,48,"Dnes je vonku pekne, idem von so psom na dvor a "
WiOvfjiIXHdwNpm5Z4XQkAvGRI23,6,1773212196208715000,1773212196200953000,48,Insert,b,49,"Dnes je vonku pekne, idem von so psom na dvor a b"
WiOvfjiIXHdwNpm5Z4XQkAvGRI23,6,1773212196409605000,1773212196404020000,49,Insert,u,50,"Dnes je vonku pekne, idem von so psom na dvor a bu"
WiOvfjiIXHdwNpm5Z4XQkAvGRI23,6,1773212196560558000,1773212196556324000,50,Insert,d,51,"Dnes je vonku pekne, idem von so psom na dvor a bud"
WiOvfjiIXHdwNpm5Z4XQkAvGRI23,6,1773212196730881000,1773212196727259000,51,Insert,e,52,"Dnes je vonku pekne, idem von so psom na dvor a bude"
WiOvfjiIXHdwNpm5Z4XQkAvGRI23,6,1773212196796109000,1773212196791972000,52,Insert,m,53,"Dnes je vonku pekne, idem von so psom na dvor a budem"
WiOvfjiIXHdwNpm5Z4XQkAvGRI23,6,1773212196970231000,1773212196965862000,53,Insert, ,54,"Dnes je vonku pekne, idem von so psom na dvor a budem "
WiOvfjiIXHdwNpm5Z4XQkAvGRI23,6,1773212197209583000,1773212197205535000,54,Insert,t,55,"Dnes je vonku pekne, idem von so psom na dvor a budem t"
WiOvfjiIXHdwNpm5Z4XQkAvGRI23,6,1773212197431631000,1773212197424439000,55,Insert,a,56,"Dnes je vonku pekne, idem von so psom na dvor a budem ta"
WiOvfjiIXHdwNpm5Z4XQkAvGRI23,6,1773212197501219000,1773212197495853000,56,Insert,m,57,"Dnes je vonku pekne, idem von so psom na dvor a budem tam"
WiOvfjiIXHdwNpm5Z4XQkAvGRI23,6,1773212198201262000,1773212198191459000,57,Insert, ,58,"Dnes je vonku pekne, idem von so psom na dvor a budem tam "
WiOvfjiIXHdwNpm5Z4XQkAvGRI23,6,1773212198996785000,1773212198986892000,58,Insert,a,59,"Dnes je vonku pekne, idem von so psom na dvor a budem tam a"
WiOvfjiIXHdwNpm5Z4XQkAvGRI23,6,1773212199188077000,1773212199181482000,59,Insert,s,60,"Dnes je vonku pekne, idem von so psom na dvor a budem tam as"
WiOvfjiIXHdwNpm5Z4XQkAvGRI23,6,1773212199329479000,1773212199323977000,60,Insert,i,61,"Dnes je vonku pekne, idem von so psom na dvor a budem tam asi"
WiOvfjiIXHdwNpm5Z4XQkAvGRI23,6,1773212199451500000,1773212199447277000,61,Insert, ,62,"Dnes je vonku pekne, idem von so psom na dvor a budem tam asi "
WiOvfjiIXHdwNpm5Z4XQkAvGRI23,6,1773212200083405000,1773212200072228000,62,Insert,h,63,"Dnes je vonku pekne, idem von so psom na dvor a budem tam asi h"
WiOvfjiIXHdwNpm5Z4XQkAvGRI23,6,1773212200337570000,1773212200331081000,63,Insert,o,64,"Dnes je vonku pekne, idem von so psom na dvor a budem tam asi ho"
WiOvfjiIXHdwNpm5Z4XQkAvGRI23,6,1773212200473156000,1773212200467622000,64,Insert,d,65,"Dnes je vonku pekne, idem von so psom na dvor a budem tam asi hod"
WiOvfjiIXHdwNpm5Z4XQkAvGRI23,6,1773212200554689000,1773212200550516000,65,Insert,i,66,"Dnes je vonku pekne, idem von so psom na dvor a budem tam asi hodi"
WiOvfjiIXHdwNpm5Z4XQkAvGRI23,6,1773212200735895000,1773212200731799000,66,Insert,n,67,"Dnes je vonku pekne, idem von so psom na dvor a budem tam asi hodin"
WiOvfjiIXHdwNpm5Z4XQkAvGRI23,6,1773212200902732000,1773212200898314000,67,Insert,u,68,"Dnes je vonku pekne, idem von so psom na dvor a budem tam asi hodinu"
WiOvfjiIXHdwNpm5Z4XQkAvGRI23,6,1773212202120558000,1773212202110145000,68,Insert,",",69,"Dnes je vonku pekne, idem von so psom na dvor a budem tam asi hodinu,"
WiOvfjiIXHdwNpm5Z4XQkAvGRI23,6,1773212202829609000,1773212202816677000,69,Insert, ,70,"Dnes je vonku pekne, idem von so psom na dvor a budem tam asi hodinu, "
WiOvfjiIXHdwNpm5Z4XQkAvGRI23,6,1773212203573058000,1773212203563674000,70,Insert,b,71,"Dnes je vonku pekne, idem von so psom na dvor a budem tam asi hodinu, b"
WiOvfjiIXHdwNpm5Z4XQkAvGRI23,6,1773212203757644000,1773212203751691000,71,Insert,u,72,"Dnes je vonku pekne, idem von so psom na dvor a budem tam asi hodinu, bu"
WiOvfjiIXHdwNpm5Z4XQkAvGRI23,6,1773212203882385000,1773212203878292000,72,Insert,d,73,"Dnes je vonku pekne, idem von so psom na dvor a budem tam asi hodinu, bud"
WiOvfjiIXHdwNpm5Z4XQkAvGRI23,6,1773212204057007000,1773212204052589000,73,Insert,e,74,"Dnes je vonku pekne, idem von so psom na dvor a budem tam asi hodinu, bude"
WiOvfjiIXHdwNpm5Z4XQkAvGRI23,6,1773212204346863000,1773212204339962000,74,Insert,t,75,"Dnes je vonku pekne, idem von so psom na dvor a budem tam asi hodinu, budet"
WiOvfjiIXHdwNpm5Z4XQkAvGRI23,7,1773212212048405000,1773212212038605000,0,Insert,D,1,D
WiOvfjiIXHdwNpm5Z4XQkAvGRI23,7,1773212212211902000,1773212212207333000,1,Insert,n,2,Dn
WiOvfjiIXHdwNpm5Z4XQkAvGRI23,7,1773212212336023000,1773212212332471000,2,Insert,e,3,Dne
WiOvfjiIXHdwNpm5Z4XQkAvGRI23,7,1773212212496527000,1773212212491406000,3,Insert,s,4,Dnes
WiOvfjiIXHdwNpm5Z4XQkAvGRI23,7,1773212212558382000,1773212212554183000,4,Insert, ,5,Dnes 
WiOvfjiIXHdwNpm5Z4XQkAvGRI23,7,1773212212768027000,1773212212761357000,5,Insert,j,6,Dnes j
WiOvfjiIXHdwNpm5Z4XQkAvGRI23,7,1773212212865756000,1773212212862077000,6,Insert,e,7,Dnes je
WiOvfjiIXHdwNpm5Z4XQkAvGRI23,7,1773212212952367000,1773212212948386000,7,Insert, ,8,Dnes je 
WiOvfjiIXHdwNpm5Z4XQkAvGRI23,7,1773212213129712000,1773212213125789000,8,Insert,v,9,Dnes je v
WiOvfjiIXHdwNpm5Z4XQkAvGRI23,7,1773212213203421000,1773212213199549000,9,Insert,o,10,Dnes je vo
WiOvfjiIXHdwNpm5Z4XQkAvGRI23,7,1773212213389273000,1773212213385356000,10,Insert,n,11,Dnes je von
WiOvfjiIXHdwNpm5Z4XQkAvGRI23,7,1773212213555898000,1773212213552143000,11,Insert,k,12,Dnes je vonk
WiOvfjiIXHdwNpm5Z4XQkAvGRI23,7,1773212213735213000,1773212213731317000,12,Insert,u,13,Dnes je vonku
WiOvfjiIXHdwNpm5Z4XQkAvGRI23,7,1773212213820583000,1773212213816231000,13,Insert, ,14,Dnes je vonku 
WiOvfjiIXHdwNpm5Z4XQkAvGRI23,7,1773212215337470000,1773212215331211000,14,Insert,p,15,Dnes je vonku p
WiOvfjiIXHdwNpm5Z4XQkAvGRI23,7,1773212215510815000,1773212215506903000,15,Insert,r,16,Dnes je vonku pr
WiOvfjiIXHdwNpm5Z4XQkAvGRI23,7,1773212215650948000,1773212215647018000,16,Insert,k,17,Dnes je vonku prk
WiOvfjiIXHdwNpm5Z4XQkAvGRI23,7,1773212215839869000,1773212215835619000,17,Insert,n,18,Dnes je vonku prkn
WiOvfjiIXHdwNpm5Z4XQkAvGRI23,7,1773212215954259000,1773212215950387000,18,Insert,e,19,Dnes je vonku prkne
WiOvfjiIXHdwNpm5Z4XQkAvGRI23,7,1773212216397774000,1773212216392832000,19,Delete,e,18,Dnes je vonku prkn
WiOvfjiIXHdwNpm5Z4XQkAvGRI23,7,1773212216559552000,1773212216557019000,18,Delete,n,17,Dnes je vonku prk
WiOvfjiIXHdwNpm5Z4XQkAvGRI23,7,1773212216708356000,1773212216705686000,17,Delete,k,16,Dnes je vonku pr
WiOvfjiIXHdwNpm5Z4XQkAvGRI23,7,1773212216863251000,1773212216860818000,16,Delete,r,15,Dnes je vonku p
WiOvfjiIXHdwNpm5Z4XQkAvGRI23,7,1773212217513186000,1773212217504410000,15,Insert,e,16,Dnes je vonku pe
WiOvfjiIXHdwNpm5Z4XQkAvGRI23,7,1773212217819690000,1773212217813861000,16,Insert,k,17,Dnes je vonku pek
WiOvfjiIXHdwNpm5Z4XQkAvGRI23,7,1773212218032067000,1773212218027715000,17,Insert,n,18,Dnes je vonku pekn
WiOvfjiIXHdwNpm5Z4XQkAvGRI23,7,1773212218129710000,1773212218125333000,18,Insert,e,19,Dnes je vonku pekne
WiOvfjiIXHdwNpm5Z4XQkAvGRI23,7,1773212218829218000,1773212218822139000,19,Insert,",",20,"Dnes je vonku pekne,"
WiOvfjiIXHdwNpm5Z4XQkAvGRI23,7,1773212219401719000,1773212219397752000,20,Insert, ,21,"Dnes je vonku pekne, "
WiOvfjiIXHdwNpm5Z4XQkAvGRI23,7,1773212220101994000,1773212220095488000,21,Insert,i,22,"Dnes je vonku pekne, i"
WiOvfjiIXHdwNpm5Z4XQkAvGRI23,7,1773212220230584000,1773212220226690000,22,Insert,d,23,"Dnes je vonku pekne, id"
WiOvfjiIXHdwNpm5Z4XQkAvGRI23,7,1773212220407070000,1773212220403028000,23,Insert,e,24,"Dnes je vonku pekne, ide"
WiOvfjiIXHdwNpm5Z4XQkAvGRI23,7,1773212220489420000,1773212220485309000,24,Insert,m,25,"Dnes je vonku pekne, idem"
WiOvfjiIXHdwNpm5Z4XQkAvGRI23,7,1773212220622952000,1773212220618662000,25,Insert, ,26,"Dnes je vonku pekne, idem "
WiOvfjiIXHdwNpm5Z4XQkAvGRI23,7,1773212220832600000,1773212220825971000,26,Insert,v,27,"Dnes je vonku pekne, idem v"
WiOvfjiIXHdwNpm5Z4XQkAvGRI23,7,1773212220883270000,1773212220879087000,27,Insert,o,28,"Dnes je vonku pekne, idem vo"
WiOvfjiIXHdwNpm5Z4XQkAvGRI23,7,1773212221072770000,1773212221068892000,28,Insert,n,29,"Dnes je vonku pekne, idem von"
WiOvfjiIXHdwNpm5Z4XQkAvGRI23,7,1773212221166802000,1773212221162209000,29,Insert, ,30,"Dnes je vonku pekne, idem von "
WiOvfjiIXHdwNpm5Z4XQkAvGRI23,7,1773212222800429000,1773212222789768000,30,Insert,s,31,"Dnes je vonku pekne, idem von s"
WiOvfjiIXHdwNpm5Z4XQkAvGRI23,7,1773212222944073000,1773212222938331000,31,Insert,o,32,"Dnes je vonku pekne, idem von so"
WiOvfjiIXHdwNpm5Z4XQkAvGRI23,7,1773212223070297000,1773212223065419000,32,Insert, ,33,"Dnes je vonku pekne, idem von so "
WiOvfjiIXHdwNpm5Z4XQkAvGRI23,7,1773212223192496000,1773212223187987000,33,Insert,p,34,"Dnes je vonku pekne, idem von so p"
WiOvfjiIXHdwNpm5Z4XQkAvGRI23,7,1773212223351118000,1773212223347335000,34,Insert,s,35,"Dnes je vonku pekne, idem von so ps"
WiOvfjiIXHdwNpm5Z4XQkAvGRI23,7,1773212223445276000,1773212223441330000,35,Insert,o,36,"Dnes je vonku pekne, idem von so pso"
WiOvfjiIXHdwNpm5Z4XQkAvGRI23,7,1773212223640598000,1773212223636737000,36,Insert,m,37,"Dnes je vonku pekne, idem von so psom"
WiOvfjiIXHdwNpm5Z4XQkAvGRI23,7,1773212223766534000,1773212223761990000,37,Insert, ,38,"Dnes je vonku pekne, idem von so psom "
WiOvfjiIXHdwNpm5Z4XQkAvGRI23,7,1773212224650611000,1773212224641497000,38,Insert,n,39,"Dnes je vonku pekne, idem von so psom n"
WiOvfjiIXHdwNpm5Z4XQkAvGRI23,7,1773212224820900000,1773212224816937000,39,Insert,a,40,"Dnes je vonku pekne, idem von so psom na"
WiOvfjiIXHdwNpm5Z4XQkAvGRI23,7,1773212224890740000,1773212224886044000,40,Insert, ,41,"Dnes je vonku pekne, idem von so psom na "
WiOvfjiIXHdwNpm5Z4XQkAvGRI23,7,1773212225158929000,1773212225152842000,41,Insert,d,42,"Dnes je vonku pekne, idem von so psom na d"
WiOvfjiIXHdwNpm5Z4XQkAvGRI23,7,1773212225415347000,1773212225409132000,42,Insert,v,43,"Dnes je vonku pekne, idem von so psom na dv"
WiOvfjiIXHdwNpm5Z4XQkAvGRI23,7,1773212225498483000,1773212225494282000,43,Insert,o,44,"Dnes je vonku pekne, idem von so psom na dvo"
WiOvfjiIXHdwNpm5Z4XQkAvGRI23,7,1773212225669300000,1773212225665381000,44,Insert,r,45,"Dnes je vonku pekne, idem von so psom na dvor"
WiOvfjiIXHdwNpm5Z4XQkAvGRI23,7,1773212225786211000,1773212225782113000,45,Insert, ,46,"Dnes je vonku pekne, idem von so psom na dvor "
WiOvfjiIXHdwNpm5Z4XQkAvGRI23,7,1773212227145340000,1773212227136745000,46,Insert,a,47,"Dnes je vonku pekne, idem von so psom na dvor a"
WiOvfjiIXHdwNpm5Z4XQkAvGRI23,7,1773212227631303000,1773212227624786000,47,Insert, ,48,"Dnes je vonku pekne, idem von so psom na dvor a "
WiOvfjiIXHdwNpm5Z4XQkAvGRI23,7,1773212228389862000,1773212228383818000,48,Insert,b,49,"Dnes je vonku pekne, idem von so psom na dvor a b"
WiOvfjiIXHdwNpm5Z4XQkAvGRI23,7,1773212228621601000,1773212228612663000,49,Insert,u,50,"Dnes je vonku pekne, idem von so psom na dvor a bu"
WiOvfjiIXHdwNpm5Z4XQkAvGRI23,7,1773212228719182000,1773212228712697000,50,Insert,d,51,"Dnes je vonku pekne, idem von so psom na dvor a bud"
WiOvfjiIXHdwNpm5Z4XQkAvGRI23,7,1773212228878140000,1773212228873814000,51,Insert,e,52,"Dnes je vonku pekne, idem von so psom na dvor a bude"
WiOvfjiIXHdwNpm5Z4XQkAvGRI23,7,1773212228928803000,1773212228924904000,52,Insert,m,53,"Dnes je vonku pekne, idem von so psom na dvor a budem"
WiOvfjiIXHdwNpm5Z4XQkAvGRI23,7,1773212229109278000,1773212229105039000,53,Insert, ,54,"Dnes je vonku pekne, idem von so psom na dvor a budem "
WiOvfjiIXHdwNpm5Z4XQkAvGRI23,7,1773212229340888000,1773212229333444000,54,Insert,z,55,"Dnes je vonku pekne, idem von so psom na dvor a budem z"
WiOvfjiIXHdwNpm5Z4XQkAvGRI23,7,1773212229559824000,1773212229554192000,55,Insert,a,56,"Dnes je vonku pekne, idem von so psom na dvor a budem za"
WiOvfjiIXHdwNpm5Z4XQkAvGRI23,7,1773212229657421000,1773212229652289000,56,Insert,m,57,"Dnes je vonku pekne, idem von so psom na dvor a budem zam"
WiOvfjiIXHdwNpm5Z4XQkAvGRI23,7,1773212230006920000,1773212230000847000,57,Delete,m,56,"Dnes je vonku pekne, idem von so psom na dvor a budem za"
WiOvfjiIXHdwNpm5Z4XQkAvGRI23,7,1773212230169677000,1773212230164394000,56,Delete,a,55,"Dnes je vonku pekne, idem von so psom na dvor a budem z"
WiOvfjiIXHdwNpm5Z4XQkAvGRI23,7,1773212230817820000,1773212230809708000,55,Delete,z,54,"Dnes je vonku pekne, idem von so psom na dvor a budem "
WiOvfjiIXHdwNpm5Z4XQkAvGRI23,7,1773212230982860000,1773212230978799000,54,Insert,t,55,"Dnes je vonku pekne, idem von so psom na dvor a budem t"
WiOvfjiIXHdwNpm5Z4XQkAvGRI23,7,1773212231253504000,1773212231247205000,55,Insert,a,56,"Dnes je vonku pekne, idem von so psom na dvor a budem ta"
WiOvfjiIXHdwNpm5Z4XQkAvGRI23,7,1773212231349169000,1773212231345100000,56,Insert,m,57,"Dnes je vonku pekne, idem von so psom na dvor a budem tam"
WiOvfjiIXHdwNpm5Z4XQkAvGRI23,7,1773212232131599000,1773212232125005000,57,Insert, ,58,"Dnes je vonku pekne, idem von so psom na dvor a budem tam "
WiOvfjiIXHdwNpm5Z4XQkAvGRI23,7,1773212233028989000,1773212233020812000,58,Insert,a,59,"Dnes je vonku pekne, idem von so psom na dvor a budem tam a"
WiOvfjiIXHdwNpm5Z4XQkAvGRI23,7,1773212233219265000,1773212233214229000,59,Insert,s,60,"Dnes je vonku pekne, idem von so psom na dvor a budem tam as"
WiOvfjiIXHdwNpm5Z4XQkAvGRI23,7,1773212233382838000,1773212233378344000,60,Insert,i,61,"Dnes je vonku pekne, idem von so psom na dvor a budem tam asi"
WiOvfjiIXHdwNpm5Z4XQkAvGRI23,7,1773212233483898000,1773212233480492000,61,Insert, ,62,"Dnes je vonku pekne, idem von so psom na dvor a budem tam asi "
WiOvfjiIXHdwNpm5Z4XQkAvGRI23,7,1773212233680295000,1773212233675719000,62,Insert,h,63,"Dnes je vonku pekne, idem von so psom na dvor a budem tam asi h"
WiOvfjiIXHdwNpm5Z4XQkAvGRI23,7,1773212233878620000,1773212233873322000,63,Insert,o,64,"Dnes je vonku pekne, idem von so psom na dvor a budem tam asi ho"
WiOvfjiIXHdwNpm5Z4XQkAvGRI23,7,1773212234020683000,1773212234013904000,64,Insert,d,65,"Dnes je vonku pekne, idem von so psom na dvor a budem tam asi hod"
WiOvfjiIXHdwNpm5Z4XQkAvGRI23,7,1773212234087170000,1773212234083010000,65,Insert,i,66,"Dnes je vonku pekne, idem von so psom na dvor a budem tam asi hodi"
WiOvfjiIXHdwNpm5Z4XQkAvGRI23,7,1773212234270680000,1773212234264433000,66,Insert,n,67,"Dnes je vonku pekne, idem von so psom na dvor a budem tam asi hodin"
WiOvfjiIXHdwNpm5Z4XQkAvGRI23,7,1773212234427883000,1773212234422389000,67,Insert,u,68,"Dnes je vonku pekne, idem von so psom na dvor a budem tam asi hodinu"
WiOvfjiIXHdwNpm5Z4XQkAvGRI23,7,1773212236022330000,1773212236014677000,68,Insert,",",69,"Dnes je vonku pekne, idem von so psom na dvor a budem tam asi hodinu,"
WiOvfjiIXHdwNpm5Z4XQkAvGRI23,7,1773212236822007000,1773212236812911000,69,Insert, ,70,"Dnes je vonku pekne, idem von so psom na dvor a budem tam asi hodinu, "
WiOvfjiIXHdwNpm5Z4XQkAvGRI23,7,1773212237488723000,1773212237483023000,70,Insert,b,71,"Dnes je vonku pekne, idem von so psom na dvor a budem tam asi hodinu, b"
WiOvfjiIXHdwNpm5Z4XQkAvGRI23,7,1773212237709912000,1773212237702998000,71,Insert,u,72,"Dnes je vonku pekne, idem von so psom na dvor a budem tam asi hodinu, bu"
WiOvfjiIXHdwNpm5Z4XQkAvGRI23,7,1773212237871198000,1773212237865314000,72,Insert,d,73,"Dnes je vonku pekne, idem von so psom na dvor a budem tam asi hodinu, bud"
WiOvfjiIXHdwNpm5Z4XQkAvGRI23,7,1773212238060838000,1773212238054483000,73,Insert,e,74,"Dnes je vonku pekne, idem von so psom na dvor a budem tam asi hodinu, bude"
WiOvfjiIXHdwNpm5Z4XQkAvGRI23,7,1773212238155065000,1773212238150738000,74,Insert, ,75,"Dnes je vonku pekne, idem von so psom na dvor a budem tam asi hodinu, bude "
WiOvfjiIXHdwNpm5Z4XQkAvGRI23,8,1773212241764737000,1773212241758173000,0,Insert,D,1,D
WiOvfjiIXHdwNpm5Z4XQkAvGRI23,8,1773212241838089000,1773212241834413000,1,Insert,n,2,Dn
WiOvfjiIXHdwNpm5Z4XQkAvGRI23,8,1773212241967278000,1773212241963587000,2,Insert,e,3,Dne
WiOvfjiIXHdwNpm5Z4XQkAvGRI23,8,1773212242113433000,1773212242107281000,3,Insert,s,4,Dnes
WiOvfjiIXHdwNpm5Z4XQkAvGRI23,8,1773212242167559000,1773212242163713000,4,Insert, ,5,Dnes 
WiOvfjiIXHdwNpm5Z4XQkAvGRI23,8,1773212242371396000,1773212242363788000,5,Insert,j,6,Dnes j
WiOvfjiIXHdwNpm5Z4XQkAvGRI23,8,1773212242462687000,1773212242458782000,6,Insert,e,7,Dnes je
WiOvfjiIXHdwNpm5Z4XQkAvGRI23,8,1773212242539745000,1773212242535632000,7,Insert, ,8,Dnes je 
WiOvfjiIXHdwNpm5Z4XQkAvGRI23,8,1773212242717770000,1773212242714128000,8,Insert,v,9,Dnes je v
WiOvfjiIXHdwNpm5Z4XQkAvGRI23,8,1773212242779001000,1773212242775196000,9,Insert,o,10,Dnes je vo
WiOvfjiIXHdwNpm5Z4XQkAvGRI23,8,1773212242961075000,1773212242957134000,10,Insert,n,11,Dnes je von
WiOvfjiIXHdwNpm5Z4XQkAvGRI23,8,1773212243136808000,1773212243132785000,11,Insert,k,12,Dnes je vonk
WiOvfjiIXHdwNpm5Z4XQkAvGRI23,8,1773212243351043000,1773212243344937000,12,Insert,u,13,Dnes je vonku
WiOvfjiIXHdwNpm5Z4XQkAvGRI23,8,1773212243437665000,1773212243433702000,13,Insert, ,14,Dnes je vonku 
WiOvfjiIXHdwNpm5Z4XQkAvGRI23,8,1773212243891864000,1773212243885221000,14,Insert,p,15,Dnes je vonku p
WiOvfjiIXHdwNpm5Z4XQkAvGRI23,8,1773212243993153000,1773212243989504000,15,Insert,e,16,Dnes je vonku pe
WiOvfjiIXHdwNpm5Z4XQkAvGRI23,8,1773212244132379000,1773212244128241000,16,Insert,k,17,Dnes je vonku pek
WiOvfjiIXHdwNpm5Z4XQkAvGRI23,8,1773212244305824000,1773212244302025000,17,Insert,n,18,Dnes je vonku pekn
WiOvfjiIXHdwNpm5Z4XQkAvGRI23,8,1773212244419227000,1773212244415210000,18,Insert,e,19,Dnes je vonku pekne
WiOvfjiIXHdwNpm5Z4XQkAvGRI23,8,1773212244501296000,1773212244496059000,19,Insert, ,20,Dnes je vonku pekne 
WiOvfjiIXHdwNpm5Z4XQkAvGRI23,8,1773212244936983000,1773212244930737000,20,Delete, ,19,Dnes je vonku pekne
WiOvfjiIXHdwNpm5Z4XQkAvGRI23,8,1773212245549705000,1773212245545766000,19,Insert,",",20,"Dnes je vonku pekne,"
WiOvfjiIXHdwNpm5Z4XQkAvGRI23,8,1773212245637485000,1773212245633569000,20,Insert, ,21,"Dnes je vonku pekne, "
WiOvfjiIXHdwNpm5Z4XQkAvGRI23,8,1773212245976927000,1773212245970025000,21,Insert,i,22,"Dnes je vonku pekne, i"
WiOvfjiIXHdwNpm5Z4XQkAvGRI23,8,1773212246080346000,1773212246076316000,22,Insert,d,23,"Dnes je vonku pekne, id"
WiOvfjiIXHdwNpm5Z4XQkAvGRI23,8,1773212246246238000,1773212246242479000,23,Insert,e,24,"Dnes je vonku pekne, ide"
WiOvfjiIXHdwNpm5Z4XQkAvGRI23,8,1773212246315031000,1773212246310842000,24,Insert,m,25,"Dnes je vonku pekne, idem"
WiOvfjiIXHdwNpm5Z4XQkAvGRI23,8,1773212246449244000,1773212246445163000,25,Insert, ,26,"Dnes je vonku pekne, idem "
WiOvfjiIXHdwNpm5Z4XQkAvGRI23,8,1773212246605350000,1773212246600836000,26,Insert,v,27,"Dnes je vonku pekne, idem v"
WiOvfjiIXHdwNpm5Z4XQkAvGRI23,8,1773212246652939000,1773212246649269000,27,Insert,o,28,"Dnes je vonku pekne, idem vo"
WiOvfjiIXHdwNpm5Z4XQkAvGRI23,8,1773212246841641000,1773212246836233000,28,Insert,n,29,"Dnes je vonku pekne, idem von"
WiOvfjiIXHdwNpm5Z4XQkAvGRI23,8,1773212247474011000,1773212247468295000,29,Insert, ,30,"Dnes je vonku pekne, idem von "
WiOvfjiIXHdwNpm5Z4XQkAvGRI23,8,1773212248343484000,1773212248335361000,30,Insert,s,31,"Dnes je vonku pekne, idem von s"
WiOvfjiIXHdwNpm5Z4XQkAvGRI23,8,1773212248492005000,1773212248488168000,31,Insert,o,32,"Dnes je vonku pekne, idem von so"
WiOvfjiIXHdwNpm5Z4XQkAvGRI23,8,1773212248623514000,1773212248619264000,32,Insert, ,33,"Dnes je vonku pekne, idem von so "
WiOvfjiIXHdwNpm5Z4XQkAvGRI23,8,1773212248732663000,1773212248727191000,33,Insert,p,34,"Dnes je vonku pekne, idem von so p"
WiOvfjiIXHdwNpm5Z4XQkAvGRI23,8,1773212248902425000,1773212248897527000,34,Insert,s,35,"Dnes je vonku pekne, idem von so ps"
WiOvfjiIXHdwNpm5Z4XQkAvGRI23,8,1773212249004276000,1773212248999965000,35,Insert,o,36,"Dnes je vonku pekne, idem von so pso"
WiOvfjiIXHdwNpm5Z4XQkAvGRI23,8,1773212249198988000,1773212249194942000,36,Insert,m,37,"Dnes je vonku pekne, idem von so psom"
WiOvfjiIXHdwNpm5Z4XQkAvGRI23,8,1773212249316347000,1773212249311937000,37,Insert, ,38,"Dnes je vonku pekne, idem von so psom "
WiOvfjiIXHdwNpm5Z4XQkAvGRI23,8,1773212250248503000,1773212250239606000,38,Insert,n,39,"Dnes je vonku pekne, idem von so psom n"
WiOvfjiIXHdwNpm5Z4XQkAvGRI23,8,1773212250352591000,1773212250347567000,39,Insert,a,40,"Dnes je vonku pekne, idem von so psom na"
WiOvfjiIXHdwNpm5Z4XQkAvGRI23,8,1773212250451178000,1773212250447096000,40,Insert, ,41,"Dnes je vonku pekne, idem von so psom na "
WiOvfjiIXHdwNpm5Z4XQkAvGRI23,8,1773212250726752000,1773212250720800000,41,Insert,d,42,"Dnes je vonku pekne, idem von so psom na d"
WiOvfjiIXHdwNpm5Z4XQkAvGRI23,8,1773212250975931000,1773212250969949000,42,Insert,v,43,"Dnes je vonku pekne, idem von so psom na dv"
WiOvfjiIXHdwNpm5Z4XQkAvGRI23,8,1773212251068476000,1773212251063541000,43,Insert,o,44,"Dnes je vonku pekne, idem von so psom na dvo"
WiOvfjiIXHdwNpm5Z4XQkAvGRI23,8,1773212251277587000,1773212251273675000,44,Insert,r,45,"Dnes je vonku pekne, idem von so psom na dvor"
WiOvfjiIXHdwNpm5Z4XQkAvGRI23,8,1773212251419815000,1773212251415458000,45,Insert, ,46,"Dnes je vonku pekne, idem von so psom na dvor "
WiOvfjiIXHdwNpm5Z4XQkAvGRI23,8,1773212252557506000,1773212252550911000,46,Insert,a,47,"Dnes je vonku pekne, idem von so psom na dvor a"
WiOvfjiIXHdwNpm5Z4XQkAvGRI23,8,1773212252640693000,1773212252630381000,47,Insert, ,48,"Dnes je vonku pekne, idem von so psom na dvor a "
WiOvfjiIXHdwNpm5Z4XQkAvGRI23,8,1773212253591728000,1773212253582820000,48,Insert,b,49,"Dnes je vonku pekne, idem von so psom na dvor a b"
WiOvfjiIXHdwNpm5Z4XQkAvGRI23,8,1773212253793009000,1773212253787578000,49,Insert,u,50,"Dnes je vonku pekne, idem von so psom na dvor a bu"
WiOvfjiIXHdwNpm5Z4XQkAvGRI23,8,1773212253879723000,1773212253875573000,50,Insert,d,51,"Dnes je vonku pekne, idem von so psom na dvor a bud"
WiOvfjiIXHdwNpm5Z4XQkAvGRI23,8,1773212254045727000,1773212254041870000,51,Insert,e,52,"Dnes je vonku pekne, idem von so psom na dvor a bude"
WiOvfjiIXHdwNpm5Z4XQkAvGRI23,8,1773212254283263000,1773212254277207000,52,Insert,m,53,"Dnes je vonku pekne, idem von so psom na dvor a budem"
WiOvfjiIXHdwNpm5Z4XQkAvGRI23,8,1773212254997308000,1773212254984056000,53,Insert, ,54,"Dnes je vonku pekne, idem von so psom na dvor a budem "
WiOvfjiIXHdwNpm5Z4XQkAvGRI23,8,1773212256130492000,1773212256120924000,54,Insert,t,55,"Dnes je vonku pekne, idem von so psom na dvor a budem t"
WiOvfjiIXHdwNpm5Z4XQkAvGRI23,8,1773212256463631000,1773212256457555000,55,Insert,a,56,"Dnes je vonku pekne, idem von so psom na dvor a budem ta"
WiOvfjiIXHdwNpm5Z4XQkAvGRI23,8,1773212256579841000,1773212256575647000,56,Insert,m,57,"Dnes je vonku pekne, idem von so psom na dvor a budem tam"
WiOvfjiIXHdwNpm5Z4XQkAvGRI23,8,1773212257174442000,1773212257165450000,57,Insert, ,58,"Dnes je vonku pekne, idem von so psom na dvor a budem tam "
WiOvfjiIXHdwNpm5Z4XQkAvGRI23,8,1773212257555671000,1773212257550747000,58,Insert,a,59,"Dnes je vonku pekne, idem von so psom na dvor a budem tam a"
WiOvfjiIXHdwNpm5Z4XQkAvGRI23,8,1773212257739090000,1773212257733682000,59,Insert,s,60,"Dnes je vonku pekne, idem von so psom na dvor a budem tam as"
WiOvfjiIXHdwNpm5Z4XQkAvGRI23,8,1773212257868641000,1773212257863936000,60,Insert,i,61,"Dnes je vonku pekne, idem von so psom na dvor a budem tam asi"
WiOvfjiIXHdwNpm5Z4XQkAvGRI23,8,1773212257999976000,1773212257993764000,61,Insert, ,62,"Dnes je vonku pekne, idem von so psom na dvor a budem tam asi "
WiOvfjiIXHdwNpm5Z4XQkAvGRI23,8,1773212258147214000,1773212258142929000,62,Insert,h,63,"Dnes je vonku pekne, idem von so psom na dvor a budem tam asi h"
WiOvfjiIXHdwNpm5Z4XQkAvGRI23,8,1773212258341152000,1773212258334871000,63,Insert,o,64,"Dnes je vonku pekne, idem von so psom na dvor a budem tam asi ho"
WiOvfjiIXHdwNpm5Z4XQkAvGRI23,8,1773212258423507000,1773212258419184000,64,Insert,d,65,"Dnes je vonku pekne, idem von so psom na dvor a budem tam asi hod"
WiOvfjiIXHdwNpm5Z4XQkAvGRI23,8,1773212258529853000,1773212258525821000,65,Insert,i,66,"Dnes je vonku pekne, idem von so psom na dvor a budem tam asi hodi"
WiOvfjiIXHdwNpm5Z4XQkAvGRI23,8,1773212258706161000,1773212258702199000,66,Insert,n,67,"Dnes je vonku pekne, idem von so psom na dvor a budem tam asi hodin"
WiOvfjiIXHdwNpm5Z4XQkAvGRI23,8,1773212258877129000,1773212258872539000,67,Insert,u,68,"Dnes je vonku pekne, idem von so psom na dvor a budem tam asi hodinu"
WiOvfjiIXHdwNpm5Z4XQkAvGRI23,8,1773212260274037000,1773212260265140000,68,Insert,",",69,"Dnes je vonku pekne, idem von so psom na dvor a budem tam asi hodinu,"
WiOvfjiIXHdwNpm5Z4XQkAvGRI23,8,1773212260348949000,1773212260344798000,69,Insert, ,70,"Dnes je vonku pekne, idem von so psom na dvor a budem tam asi hodinu, "
WiOvfjiIXHdwNpm5Z4XQkAvGRI23,8,1773212260756740000,1773212260749446000,70,Insert,b,71,"Dnes je vonku pekne, idem von so psom na dvor a budem tam asi hodinu, b"
WiOvfjiIXHdwNpm5Z4XQkAvGRI23,8,1773212260962281000,1773212260957427000,71,Insert,u,72,"Dnes je vonku pekne, idem von so psom na dvor a budem tam asi hodinu, bu"
WiOvfjiIXHdwNpm5Z4XQkAvGRI23,8,1773212261067417000,1773212261062782000,72,Insert,d,73,"Dnes je vonku pekne, idem von so psom na dvor a budem tam asi hodinu, bud"
WiOvfjiIXHdwNpm5Z4XQkAvGRI23,8,1773212261245987000,1773212261241752000,73,Insert,e,74,"Dnes je vonku pekne, idem von so psom na dvor a budem tam asi hodinu, bude"
WiOvfjiIXHdwNpm5Z4XQkAvGRI23,8,1773212261319335000,1773212261315085000,74,Insert, ,75,"Dnes je vonku pekne, idem von so psom na dvor a budem tam asi hodinu, bude "
WiOvfjiIXHdwNpm5Z4XQkAvGRI23,9,1773212265226158000,1773212265221845000,0,Insert,d,1,d
WiOvfjiIXHdwNpm5Z4XQkAvGRI23,9,1773212265347904000,1773212265343783000,1,Insert,n,2,dn
WiOvfjiIXHdwNpm5Z4XQkAvGRI23,9,1773212265753583000,1773212265749344000,2,Delete,n,1,d
WiOvfjiIXHdwNpm5Z4XQkAvGRI23,9,1773212265903001000,1773212265900952000,1,Delete,d,0,
WiOvfjiIXHdwNpm5Z4XQkAvGRI23,9,1773212266543241000,1773212266533584000,0,Insert,D,1,D
WiOvfjiIXHdwNpm5Z4XQkAvGRI23,9,1773212266657269000,1773212266653074000,1,Insert,n,2,Dn
WiOvfjiIXHdwNpm5Z4XQkAvGRI23,9,1773212266789308000,1773212266785243000,2,Insert,e,3,Dne
WiOvfjiIXHdwNpm5Z4XQkAvGRI23,9,1773212266938899000,1773212266934568000,3,Insert,s,4,Dnes
WiOvfjiIXHdwNpm5Z4XQkAvGRI23,9,1773212267006712000,1773212267002851000,4,Insert, ,5,Dnes 
WiOvfjiIXHdwNpm5Z4XQkAvGRI23,9,1773212267210471000,1773212267203249000,5,Insert,h,6,Dnes h
WiOvfjiIXHdwNpm5Z4XQkAvGRI23,9,1773212267300944000,1773212267297168000,6,Insert,e,7,Dnes he
WiOvfjiIXHdwNpm5Z4XQkAvGRI23,9,1773212267406487000,1773212267401355000,7,Insert, ,8,Dnes he 
WiOvfjiIXHdwNpm5Z4XQkAvGRI23,9,1773212267565774000,1773212267563216000,8,Insert,c,9,Dnes he c
WiOvfjiIXHdwNpm5Z4XQkAvGRI23,9,1773212267843579000,1773212267839704000,9,Delete,c,8,Dnes he 
WiOvfjiIXHdwNpm5Z4XQkAvGRI23,9,1773212267987803000,1773212267985767000,8,Delete, ,7,Dnes he
WiOvfjiIXHdwNpm5Z4XQkAvGRI23,9,1773212268153887000,1773212268151816000,7,Delete,e,6,Dnes h
WiOvfjiIXHdwNpm5Z4XQkAvGRI23,9,1773212268312786000,1773212268310617000,6,Delete,h,5,Dnes 
WiOvfjiIXHdwNpm5Z4XQkAvGRI23,9,1773212268803756000,1773212268798486000,5,Insert,j,6,Dnes j
WiOvfjiIXHdwNpm5Z4XQkAvGRI23,9,1773212268933656000,1773212268929327000,6,Insert,e,7,Dnes je
WiOvfjiIXHdwNpm5Z4XQkAvGRI23,9,1773212269020502000,1773212269017881000,7,Insert, ,8,Dnes je 
WiOvfjiIXHdwNpm5Z4XQkAvGRI23,9,1773212269350844000,1773212269346685000,8,Insert,v,9,Dnes je v
WiOvfjiIXHdwNpm5Z4XQkAvGRI23,9,1773212269426381000,1773212269423643000,9,Insert,o,10,Dnes je vo
WiOvfjiIXHdwNpm5Z4XQkAvGRI23,9,1773212269613116000,1773212269606150000,10,Insert,n,11,Dnes je von
WiOvfjiIXHdwNpm5Z4XQkAvGRI23,9,1773212269781747000,1773212269777985000,11,Insert,k,12,Dnes je vonk
WiOvfjiIXHdwNpm5Z4XQkAvGRI23,9,1773212269943609000,1773212269939563000,12,Insert,u,13,Dnes je vonku
WiOvfjiIXHdwNpm5Z4XQkAvGRI23,9,1773212270045012000,1773212270039493000,13,Insert, ,14,Dnes je vonku 
WiOvfjiIXHdwNpm5Z4XQkAvGRI23,9,1773212270297139000,1773212270287901000,14,Insert,p,15,Dnes je vonku p
WiOvfjiIXHdwNpm5Z4XQkAvGRI23,9,1773212270425370000,1773212270421229000,15,Insert,e,16,Dnes je vonku pe
WiOvfjiIXHdwNpm5Z4XQkAvGRI23,9,1773212270554507000,1773212270549974000,16,Insert,k,17,Dnes je vonku pek
WiOvfjiIXHdwNpm5Z4XQkAvGRI23,9,1773212270747989000,1773212270742472000,17,Insert,n,18,Dnes je vonku pekn
WiOvfjiIXHdwNpm5Z4XQkAvGRI23,9,1773212270847882000,1773212270843515000,18,Insert,e,19,Dnes je vonku pekne
WiOvfjiIXHdwNpm5Z4XQkAvGRI23,9,1773212272239321000,1773212272232893000,19,Insert,",",20,"Dnes je vonku pekne,"
WiOvfjiIXHdwNpm5Z4XQkAvGRI23,9,1773212273099493000,1773212273092040000,20,Insert, ,21,"Dnes je vonku pekne, "
WiOvfjiIXHdwNpm5Z4XQkAvGRI23,9,1773212275369183000,1773212275365143000,21,Insert,i,22,"Dnes je vonku pekne, i"
WiOvfjiIXHdwNpm5Z4XQkAvGRI23,9,1773212275501367000,1773212275497089000,22,Insert,d,23,"Dnes je vonku pekne, id"
WiOvfjiIXHdwNpm5Z4XQkAvGRI23,9,1773212275670251000,1773212275665275000,23,Insert,e,24,"Dnes je vonku pekne, ide"
WiOvfjiIXHdwNpm5Z4XQkAvGRI23,9,1773212275769773000,1773212275765145000,24,Insert,m,25,"Dnes je vonku pekne, idem"
WiOvfjiIXHdwNpm5Z4XQkAvGRI23,9,1773212275904596000,1773212275900035000,25,Insert, ,26,"Dnes je vonku pekne, idem "
WiOvfjiIXHdwNpm5Z4XQkAvGRI23,9,1773212276077165000,1773212276073244000,26,Insert,v,27,"Dnes je vonku pekne, idem v"
WiOvfjiIXHdwNpm5Z4XQkAvGRI23,9,1773212276137108000,1773212276131759000,27,Insert,o,28,"Dnes je vonku pekne, idem vo"
WiOvfjiIXHdwNpm5Z4XQkAvGRI23,9,1773212276314099000,1773212276309793000,28,Insert,n,29,"Dnes je vonku pekne, idem von"
WiOvfjiIXHdwNpm5Z4XQkAvGRI23,9,1773212277021838000,1773212277014745000,29,Insert, ,30,"Dnes je vonku pekne, idem von "
WiOvfjiIXHdwNpm5Z4XQkAvGRI23,9,1773212277706675000,1773212277699346000,30,Insert,s,31,"Dnes je vonku pekne, idem von s"
WiOvfjiIXHdwNpm5Z4XQkAvGRI23,9,1773212277858969000,1773212277853215000,31,Insert,o,32,"Dnes je vonku pekne, idem von so"
WiOvfjiIXHdwNpm5Z4XQkAvGRI23,9,1773212277972378000,1773212277967891000,32,Insert, ,33,"Dnes je vonku pekne, idem von so "
WiOvfjiIXHdwNpm5Z4XQkAvGRI23,9,1773212278095947000,1773212278090934000,33,Insert,p,34,"Dnes je vonku pekne, idem von so p"
WiOvfjiIXHdwNpm5Z4XQkAvGRI23,9,1773212278290953000,1773212278286997000,34,Insert,s,35,"Dnes je vonku pekne, idem von so ps"
WiOvfjiIXHdwNpm5Z4XQkAvGRI23,9,1773212278392248000,1773212278387829000,35,Insert,o,36,"Dnes je vonku pekne, idem von so pso"
WiOvfjiIXHdwNpm5Z4XQkAvGRI23,9,1773212278593985000,1773212278587949000,36,Insert,m,37,"Dnes je vonku pekne, idem von so psom"
WiOvfjiIXHdwNpm5Z4XQkAvGRI23,9,1773212278742237000,1773212278737488000,37,Insert, ,38,"Dnes je vonku pekne, idem von so psom "
WiOvfjiIXHdwNpm5Z4XQkAvGRI23,9,1773212279723364000,1773212279715961000,38,Insert,n,39,"Dnes je vonku pekne, idem von so psom n"
WiOvfjiIXHdwNpm5Z4XQkAvGRI23,9,1773212279864088000,1773212279858730000,39,Insert,a,40,"Dnes je vonku pekne, idem von so psom na"
WiOvfjiIXHdwNpm5Z4XQkAvGRI23,9,1773212279976599000,1773212279972335000,40,Insert, ,41,"Dnes je vonku pekne, idem von so psom na "
WiOvfjiIXHdwNpm5Z4XQkAvGRI23,9,1773212280250256000,1773212280244010000,41,Insert,d,42,"Dnes je vonku pekne, idem von so psom na d"
WiOvfjiIXHdwNpm5Z4XQkAvGRI23,9,1773212280496698000,1773212280490678000,42,Insert,v,43,"Dnes je vonku pekne, idem von so psom na dv"
WiOvfjiIXHdwNpm5Z4XQkAvGRI23,9,1773212280606892000,1773212280602777000,43,Insert,o,44,"Dnes je vonku pekne, idem von so psom na dvo"
WiOvfjiIXHdwNpm5Z4XQkAvGRI23,9,1773212280779360000,1773212280775183000,44,Insert,r,45,"Dnes je vonku pekne, idem von so psom na dvor"
WiOvfjiIXHdwNpm5Z4XQkAvGRI23,9,1773212280898451000,1773212280893171000,45,Insert, ,46,"Dnes je vonku pekne, idem von so psom na dvor "
WiOvfjiIXHdwNpm5Z4XQkAvGRI23,9,1773212282363601000,1773212282354018000,46,Insert,a,47,"Dnes je vonku pekne, idem von so psom na dvor a"
WiOvfjiIXHdwNpm5Z4XQkAvGRI23,9,1773212282680760000,1773212282675867000,47,Insert,b,48,"Dnes je vonku pekne, idem von so psom na dvor ab"
WiOvfjiIXHdwNpm5Z4XQkAvGRI23,9,1773212283285280000,1773212283279241000,48,Delete,b,47,"Dnes je vonku pekne, idem von so psom na dvor a"
WiOvfjiIXHdwNpm5Z4XQkAvGRI23,9,1773212283402357000,1773212283398073000,47,Insert, ,48,"Dnes je vonku pekne, idem von so psom na dvor a "
WiOvfjiIXHdwNpm5Z4XQkAvGRI23,9,1773212284041705000,1773212284033828000,48,Insert,b,49,"Dnes je vonku pekne, idem von so psom na dvor a b"
WiOvfjiIXHdwNpm5Z4XQkAvGRI23,9,1773212284227301000,1773212284217574000,49,Insert,u,50,"Dnes je vonku pekne, idem von so psom na dvor a bu"
WiOvfjiIXHdwNpm5Z4XQkAvGRI23,9,1773212284311207000,1773212284306938000,50,Insert,d,51,"Dnes je vonku pekne, idem von so psom na dvor a bud"
WiOvfjiIXHdwNpm5Z4XQkAvGRI23,9,1773212284487966000,1773212284477144000,51,Insert,e,52,"Dnes je vonku pekne, idem von so psom na dvor a bude"
WiOvfjiIXHdwNpm5Z4XQkAvGRI23,9,1773212284550574000,1773212284546317000,52,Insert,m,53,"Dnes je vonku pekne, idem von so psom na dvor a budem"
WiOvfjiIXHdwNpm5Z4XQkAvGRI23,9,1773212284715860000,1773212284708860000,53,Insert, ,54,"Dnes je vonku pekne, idem von so psom na dvor a budem "
WiOvfjiIXHdwNpm5Z4XQkAvGRI23,9,1773212285479499000,1773212285475554000,54,Insert,t,55,"Dnes je vonku pekne, idem von so psom na dvor a budem t"
WiOvfjiIXHdwNpm5Z4XQkAvGRI23,9,1773212285819545000,1773212285814653000,55,Insert,a,56,"Dnes je vonku pekne, idem von so psom na dvor a budem ta"
WiOvfjiIXHdwNpm5Z4XQkAvGRI23,9,1773212286000888000,1773212285995924000,56,Insert,m,57,"Dnes je vonku pekne, idem von so psom na dvor a budem tam"
WiOvfjiIXHdwNpm5Z4XQkAvGRI23,9,1773212286175703000,1773212286171235000,57,Insert, ,58,"Dnes je vonku pekne, idem von so psom na dvor a budem tam "
WiOvfjiIXHdwNpm5Z4XQkAvGRI23,9,1773212286758101000,1773212286753429000,58,Insert,a,59,"Dnes je vonku pekne, idem von so psom na dvor a budem tam a"
WiOvfjiIXHdwNpm5Z4XQkAvGRI23,9,1773212286917347000,1773212286912073000,59,Insert,s,60,"Dnes je vonku pekne, idem von so psom na dvor a budem tam as"
WiOvfjiIXHdwNpm5Z4XQkAvGRI23,9,1773212287013669000,1773212287008912000,60,Insert,i,61,"Dnes je vonku pekne, idem von so psom na dvor a budem tam asi"
WiOvfjiIXHdwNpm5Z4XQkAvGRI23,9,1773212287138609000,1773212287134261000,61,Insert, ,62,"Dnes je vonku pekne, idem von so psom na dvor a budem tam asi "
WiOvfjiIXHdwNpm5Z4XQkAvGRI23,9,1773212287279165000,1773212287275087000,62,Insert,h,63,"Dnes je vonku pekne, idem von so psom na dvor a budem tam asi h"
WiOvfjiIXHdwNpm5Z4XQkAvGRI23,9,1773212287490185000,1773212287480533000,63,Insert,o,64,"Dnes je vonku pekne, idem von so psom na dvor a budem tam asi ho"
WiOvfjiIXHdwNpm5Z4XQkAvGRI23,9,1773212287561150000,1773212287556603000,64,Insert,d,65,"Dnes je vonku pekne, idem von so psom na dvor a budem tam asi hod"
WiOvfjiIXHdwNpm5Z4XQkAvGRI23,9,1773212287681892000,1773212287678107000,65,Insert,i,66,"Dnes je vonku pekne, idem von so psom na dvor a budem tam asi hodi"
WiOvfjiIXHdwNpm5Z4XQkAvGRI23,9,1773212287846899000,1773212287842882000,66,Insert,n,67,"Dnes je vonku pekne, idem von so psom na dvor a budem tam asi hodin"
WiOvfjiIXHdwNpm5Z4XQkAvGRI23,9,1773212288001726000,1773212287997456000,67,Insert,u,68,"Dnes je vonku pekne, idem von so psom na dvor a budem tam asi hodinu"
WiOvfjiIXHdwNpm5Z4XQkAvGRI23,9,1773212288848571000,1773212288838982000,68,Insert,",",69,"Dnes je vonku pekne, idem von so psom na dvor a budem tam asi hodinu,"
WiOvfjiIXHdwNpm5Z4XQkAvGRI23,9,1773212288914608000,1773212288909933000,69,Insert, ,70,"Dnes je vonku pekne, idem von so psom na dvor a budem tam asi hodinu, "
WiOvfjiIXHdwNpm5Z4XQkAvGRI23,9,1773212289362832000,1773212289358652000,70,Insert,b,71,"Dnes je vonku pekne, idem von so psom na dvor a budem tam asi hodinu, b"
WiOvfjiIXHdwNpm5Z4XQkAvGRI23,9,1773212289569483000,1773212289561608000,71,Insert,u,72,"Dnes je vonku pekne, idem von so psom na dvor a budem tam asi hodinu, bu"
WiOvfjiIXHdwNpm5Z4XQkAvGRI23,9,1773212289663311000,1773212289659425000,72,Insert,d,73,"Dnes je vonku pekne, idem von so psom na dvor a budem tam asi hodinu, bud"
WiOvfjiIXHdwNpm5Z4XQkAvGRI23,9,1773212289847089000,1773212289837458000,73,Insert,e,74,"Dnes je vonku pekne, idem von so psom na dvor a budem tam asi hodinu, bude"
WiOvfjiIXHdwNpm5Z4XQkAvGRI23,9,1773212289925907000,1773212289920109000,74,Insert, ,75,"Dnes je vonku pekne, idem von so psom na dvor a budem tam asi hodinu, bude "
WiOvfjiIXHdwNpm5Z4XQkAvGRI23,10,1773212295419065000,1773212295412978000,0,Insert,D,1,D
WiOvfjiIXHdwNpm5Z4XQkAvGRI23,10,1773212295508625000,1773212295504161000,1,Insert,b,2,Db
WiOvfjiIXHdwNpm5Z4XQkAvGRI23,10,1773212295638630000,1773212295634803000,2,Insert,e,3,Dbe
WiOvfjiIXHdwNpm5Z4XQkAvGRI23,10,1773212295774191000,1773212295770353000,3,Insert,s,4,Dbes
WiOvfjiIXHdwNpm5Z4XQkAvGRI23,10,1773212295834158000,1773212295830263000,4,Insert, ,5,Dbes 
WiOvfjiIXHdwNpm5Z4XQkAvGRI23,10,1773212296056546000,1773212296049936000,5,Insert,j,6,Dbes j
WiOvfjiIXHdwNpm5Z4XQkAvGRI23,10,1773212296180488000,1773212296176017000,6,Insert,e,7,Dbes je
WiOvfjiIXHdwNpm5Z4XQkAvGRI23,10,1773212298066389000,1773212298018950000,7,Delete,e,6,Dbes j
WiOvfjiIXHdwNpm5Z4XQkAvGRI23,10,1773212298186536000,1773212298183623000,6,Delete,j,5,Dbes 
WiOvfjiIXHdwNpm5Z4XQkAvGRI23,10,1773212298346703000,1773212298344032000,5,Delete, ,4,Dbes
WiOvfjiIXHdwNpm5Z4XQkAvGRI23,10,1773212298499588000,1773212298491905000,4,Delete,s,3,Dbe
WiOvfjiIXHdwNpm5Z4XQkAvGRI23,10,1773212298647372000,1773212298644544000,3,Delete,e,2,Db
WiOvfjiIXHdwNpm5Z4XQkAvGRI23,10,1773212298813420000,1773212298810760000,2,Delete,b,1,D
WiOvfjiIXHdwNpm5Z4XQkAvGRI23,10,1773212299528061000,1773212299521336000,1,Insert,n,2,Dn
WiOvfjiIXHdwNpm5Z4XQkAvGRI23,10,1773212299676935000,1773212299672877000,2,Insert,e,3,Dne
WiOvfjiIXHdwNpm5Z4XQkAvGRI23,10,1773212299837303000,1773212299830233000,3,Insert,s,4,Dnes
WiOvfjiIXHdwNpm5Z4XQkAvGRI23,10,1773212299895639000,1773212299891374000,4,Insert, ,5,Dnes 
WiOvfjiIXHdwNpm5Z4XQkAvGRI23,10,1773212300126958000,1773212300122810000,5,Insert,j,6,Dnes j
WiOvfjiIXHdwNpm5Z4XQkAvGRI23,10,1773212300242434000,1773212300237972000,6,Insert,e,7,Dnes je
WiOvfjiIXHdwNpm5Z4XQkAvGRI23,10,1773212300337259000,1773212300328943000,7,Insert, ,8,Dnes je 
WiOvfjiIXHdwNpm5Z4XQkAvGRI23,10,1773212301098031000,1773212301094022000,8,Insert,v,9,Dnes je v
WiOvfjiIXHdwNpm5Z4XQkAvGRI23,10,1773212301179059000,1773212301174923000,9,Insert,o,10,Dnes je vo
WiOvfjiIXHdwNpm5Z4XQkAvGRI23,10,1773212301365516000,1773212301361481000,10,Insert,n,11,Dnes je von
WiOvfjiIXHdwNpm5Z4XQkAvGRI23,10,1773212301528928000,1773212301524734000,11,Insert,k,12,Dnes je vonk
WiOvfjiIXHdwNpm5Z4XQkAvGRI23,10,1773212301694656000,1773212301690757000,12,Insert,u,13,Dnes je vonku
WiOvfjiIXHdwNpm5Z4XQkAvGRI23,10,1773212301811511000,1773212301807344000,13,Insert, ,14,Dnes je vonku 
WiOvfjiIXHdwNpm5Z4XQkAvGRI23,10,1773212302246057000,1773212302239496000,14,Insert,p,15,Dnes je vonku p
WiOvfjiIXHdwNpm5Z4XQkAvGRI23,10,1773212302381751000,1773212302377296000,15,Insert,e,16,Dnes je vonku pe
WiOvfjiIXHdwNpm5Z4XQkAvGRI23,10,1773212302527898000,1773212302523837000,16,Insert,k,17,Dnes je vonku pek
WiOvfjiIXHdwNpm5Z4XQkAvGRI23,10,1773212302717693000,1773212302713657000,17,Insert,n,18,Dnes je vonku pekn
WiOvfjiIXHdwNpm5Z4XQkAvGRI23,10,1773212302819156000,1773212302815089000,18,Insert,e,19,Dnes je vonku pekne
WiOvfjiIXHdwNpm5Z4XQkAvGRI23,10,1773212304106013000,1773212304097393000,19,Insert,",",20,"Dnes je vonku pekne,"
WiOvfjiIXHdwNpm5Z4XQkAvGRI23,10,1773212304219974000,1773212304215632000,20,Insert, ,21,"Dnes je vonku pekne, "
WiOvfjiIXHdwNpm5Z4XQkAvGRI23,10,1773212305031740000,1773212305022412000,21,Insert,i,22,"Dnes je vonku pekne, i"
WiOvfjiIXHdwNpm5Z4XQkAvGRI23,10,1773212305167860000,1773212305159308000,22,Insert,d,23,"Dnes je vonku pekne, id"
WiOvfjiIXHdwNpm5Z4XQkAvGRI23,10,1773212305340833000,1773212305335718000,23,Insert,e,24,"Dnes je vonku pekne, ide"
WiOvfjiIXHdwNpm5Z4XQkAvGRI23,10,1773212305434454000,1773212305429068000,24,Insert,m,25,"Dnes je vonku pekne, idem"
WiOvfjiIXHdwNpm5Z4XQkAvGRI23,10,1773212305567078000,1773212305561622000,25,Insert, ,26,"Dnes je vonku pekne, idem "
WiOvfjiIXHdwNpm5Z4XQkAvGRI23,10,1773212305749323000,1773212305745253000,26,Insert,v,27,"Dnes je vonku pekne, idem v"
WiOvfjiIXHdwNpm5Z4XQkAvGRI23,10,1773212305827236000,1773212305822869000,27,Insert,o,28,"Dnes je vonku pekne, idem vo"
WiOvfjiIXHdwNpm5Z4XQkAvGRI23,10,1773212306017255000,1773212306009113000,28,Insert,n,29,"Dnes je vonku pekne, idem von"
WiOvfjiIXHdwNpm5Z4XQkAvGRI23,10,1773212306944223000,1773212306935176000,29,Insert, ,30,"Dnes je vonku pekne, idem von "
WiOvfjiIXHdwNpm5Z4XQkAvGRI23,10,1773212307431892000,1773212307425439000,30,Insert,s,31,"Dnes je vonku pekne, idem von s"
WiOvfjiIXHdwNpm5Z4XQkAvGRI23,10,1773212307592946000,1773212307588104000,31,Insert,o,32,"Dnes je vonku pekne, idem von so"
WiOvfjiIXHdwNpm5Z4XQkAvGRI23,10,1773212307724371000,1773212307719228000,32,Insert, ,33,"Dnes je vonku pekne, idem von so "
WiOvfjiIXHdwNpm5Z4XQkAvGRI23,10,1773212307840265000,1773212307826445000,33,Insert,p,34,"Dnes je vonku pekne, idem von so p"
WiOvfjiIXHdwNpm5Z4XQkAvGRI23,10,1773212308000545000,1773212307995732000,34,Insert,s,35,"Dnes je vonku pekne, idem von so ps"
WiOvfjiIXHdwNpm5Z4XQkAvGRI23,10,1773212308081869000,1773212308077493000,35,Insert,o,36,"Dnes je vonku pekne, idem von so pso"
WiOvfjiIXHdwNpm5Z4XQkAvGRI23,10,1773212308263807000,1773212308259544000,36,Insert,m,37,"Dnes je vonku pekne, idem von so psom"
WiOvfjiIXHdwNpm5Z4XQkAvGRI23,10,1773212308421745000,1773212308415143000,37,Insert, ,38,"Dnes je vonku pekne, idem von so psom "
WiOvfjiIXHdwNpm5Z4XQkAvGRI23,10,1773212309512296000,1773212309508058000,38,Insert,n,39,"Dnes je vonku pekne, idem von so psom n"
WiOvfjiIXHdwNpm5Z4XQkAvGRI23,10,1773212309627079000,1773212309620806000,39,Insert,a,40,"Dnes je vonku pekne, idem von so psom na"
WiOvfjiIXHdwNpm5Z4XQkAvGRI23,10,1773212309779830000,1773212309775456000,40,Insert, ,41,"Dnes je vonku pekne, idem von so psom na "
WiOvfjiIXHdwNpm5Z4XQkAvGRI23,10,1773212310093850000,1773212310087441000,41,Insert,d,42,"Dnes je vonku pekne, idem von so psom na d"
WiOvfjiIXHdwNpm5Z4XQkAvGRI23,10,1773212310320567000,1773212310313802000,42,Insert,v,43,"Dnes je vonku pekne, idem von so psom na dv"
WiOvfjiIXHdwNpm5Z4XQkAvGRI23,10,1773212310440217000,1773212310436037000,43,Insert,o,44,"Dnes je vonku pekne, idem von so psom na dvo"
WiOvfjiIXHdwNpm5Z4XQkAvGRI23,10,1773212310655214000,1773212310648684000,44,Insert,r,45,"Dnes je vonku pekne, idem von so psom na dvor"
WiOvfjiIXHdwNpm5Z4XQkAvGRI23,10,1773212311629756000,1773212311620758000,45,Insert, ,46,"Dnes je vonku pekne, idem von so psom na dvor "
WiOvfjiIXHdwNpm5Z4XQkAvGRI23,10,1773212311871559000,1773212311865260000,46,Insert,a,47,"Dnes je vonku pekne, idem von so psom na dvor a"
WiOvfjiIXHdwNpm5Z4XQkAvGRI23,10,1773212311970172000,1773212311965880000,47,Insert, ,48,"Dnes je vonku pekne, idem von so psom na dvor a "
WiOvfjiIXHdwNpm5Z4XQkAvGRI23,10,1773212313003823000,1773212312993804000,48,Insert,b,49,"Dnes je vonku pekne, idem von so psom na dvor a b"
WiOvfjiIXHdwNpm5Z4XQkAvGRI23,10,1773212313222546000,1773212313214418000,49,Insert,u,50,"Dnes je vonku pekne, idem von so psom na dvor a bu"
WiOvfjiIXHdwNpm5Z4XQkAvGRI23,10,1773212313361720000,1773212313355390000,50,Insert,d,51,"Dnes je vonku pekne, idem von so psom na dvor a bud"
WiOvfjiIXHdwNpm5Z4XQkAvGRI23,10,1773212313540604000,1773212313527489000,51,Insert,e,52,"Dnes je vonku pekne, idem von so psom na dvor a bude"
WiOvfjiIXHdwNpm5Z4XQkAvGRI23,10,1773212313613267000,1773212313609168000,52,Insert,m,53,"Dnes je vonku pekne, idem von so psom na dvor a budem"
WiOvfjiIXHdwNpm5Z4XQkAvGRI23,10,1773212313775252000,1773212313769883000,53,Insert, ,54,"Dnes je vonku pekne, idem von so psom na dvor a budem "
WiOvfjiIXHdwNpm5Z4XQkAvGRI23,10,1773212313999922000,1773212313992397000,54,Insert,t,55,"Dnes je vonku pekne, idem von so psom na dvor a budem t"
WiOvfjiIXHdwNpm5Z4XQkAvGRI23,10,1773212314231198000,1773212314224705000,55,Insert,a,56,"Dnes je vonku pekne, idem von so psom na dvor a budem ta"
WiOvfjiIXHdwNpm5Z4XQkAvGRI23,10,1773212314330856000,1773212314326765000,56,Insert,m,57,"Dnes je vonku pekne, idem von so psom na dvor a budem tam"
WiOvfjiIXHdwNpm5Z4XQkAvGRI23,10,1773212314510339000,1773212314498522000,57,Insert, ,58,"Dnes je vonku pekne, idem von so psom na dvor a budem tam "
WiOvfjiIXHdwNpm5Z4XQkAvGRI23,10,1773212314895941000,1773212314889759000,58,Insert,a,59,"Dnes je vonku pekne, idem von so psom na dvor a budem tam a"
WiOvfjiIXHdwNpm5Z4XQkAvGRI23,10,1773212315064151000,1773212315059175000,59,Insert,s,60,"Dnes je vonku pekne, idem von so psom na dvor a budem tam as"
WiOvfjiIXHdwNpm5Z4XQkAvGRI23,10,1773212315192585000,1773212315186089000,60,Insert,i,61,"Dnes je vonku pekne, idem von so psom na dvor a budem tam asi"
WiOvfjiIXHdwNpm5Z4XQkAvGRI23,10,1773212315314358000,1773212315309148000,61,Insert, ,62,"Dnes je vonku pekne, idem von so psom na dvor a budem tam asi "
WiOvfjiIXHdwNpm5Z4XQkAvGRI23,10,1773212315494984000,1773212315488841000,62,Insert,h,63,"Dnes je vonku pekne, idem von so psom na dvor a budem tam asi h"
WiOvfjiIXHdwNpm5Z4XQkAvGRI23,10,1773212315719782000,1773212315710393000,63,Insert,o,64,"Dnes je vonku pekne, idem von so psom na dvor a budem tam asi ho"
WiOvfjiIXHdwNpm5Z4XQkAvGRI23,10,1773212315782194000,1773212315778273000,64,Insert,d,65,"Dnes je vonku pekne, idem von so psom na dvor a budem tam asi hod"
WiOvfjiIXHdwNpm5Z4XQkAvGRI23,10,1773212315899765000,1773212315895368000,65,Insert,i,66,"Dnes je vonku pekne, idem von so psom na dvor a budem tam asi hodi"
WiOvfjiIXHdwNpm5Z4XQkAvGRI23,10,1773212316073662000,1773212316069446000,66,Insert,n,67,"Dnes je vonku pekne, idem von so psom na dvor a budem tam asi hodin"
WiOvfjiIXHdwNpm5Z4XQkAvGRI23,10,1773212316222172000,1773212316216238000,67,Insert,u,68,"Dnes je vonku pekne, idem von so psom na dvor a budem tam asi hodinu"
WiOvfjiIXHdwNpm5Z4XQkAvGRI23,10,1773212317851864000,1773212317842784000,68,Insert,",",69,"Dnes je vonku pekne, idem von so psom na dvor a budem tam asi hodinu,"
WiOvfjiIXHdwNpm5Z4XQkAvGRI23,10,1773212317982016000,1773212317977588000,69,Insert, ,70,"Dnes je vonku pekne, idem von so psom na dvor a budem tam asi hodinu, "
WiOvfjiIXHdwNpm5Z4XQkAvGRI23,10,1773212318857402000,1773212318853001000,70,Insert,b,71,"Dnes je vonku pekne, idem von so psom na dvor a budem tam asi hodinu, b"
WiOvfjiIXHdwNpm5Z4XQkAvGRI23,10,1773212319049600000,1773212319044239000,71,Insert,u,72,"Dnes je vonku pekne, idem von so psom na dvor a budem tam asi hodinu, bu"
WiOvfjiIXHdwNpm5Z4XQkAvGRI23,10,1773212319199665000,1773212319194168000,72,Insert,d,73,"Dnes je vonku pekne, idem von so psom na dvor a budem tam asi hodinu, bud"
WiOvfjiIXHdwNpm5Z4XQkAvGRI23,10,1773212319366971000,1773212319360598000,73,Insert,e,74,"Dnes je vonku pekne, idem von so psom na dvor a budem tam asi hodinu, bude"
WiOvfjiIXHdwNpm5Z4XQkAvGRI23,10,1773212319441603000,1773212319437063000,74,Insert, ,75,"Dnes je vonku pekne, idem von so psom na dvor a budem tam asi hodinu, bude "
WiOvfjiIXHdwNpm5Z4XQkAvGRI23,11,1773212323895752000,1773212323887527000,0,Insert,D,1,D
WiOvfjiIXHdwNpm5Z4XQkAvGRI23,11,1773212323980248000,1773212323976323000,1,Insert,n,2,Dn
WiOvfjiIXHdwNpm5Z4XQkAvGRI23,11,1773212324129633000,1773212324118593000,2,Insert,e,3,Dne
WiOvfjiIXHdwNpm5Z4XQkAvGRI23,11,1773212324275190000,1773212324271262000,3,Insert,s,4,Dnes
WiOvfjiIXHdwNpm5Z4XQkAvGRI23,11,1773212324387295000,1773212324382684000,4,Insert, ,5,Dnes 
WiOvfjiIXHdwNpm5Z4XQkAvGRI23,11,1773212325327089000,1773212325319549000,5,Insert,j,6,Dnes j
WiOvfjiIXHdwNpm5Z4XQkAvGRI23,11,1773212325437652000,1773212325433579000,6,Insert,e,7,Dnes je
WiOvfjiIXHdwNpm5Z4XQkAvGRI23,11,1773212325549532000,1773212325545336000,7,Insert, ,8,Dnes je 
WiOvfjiIXHdwNpm5Z4XQkAvGRI23,11,1773212325799845000,1773212325793693000,8,Insert,v,9,Dnes je v
WiOvfjiIXHdwNpm5Z4XQkAvGRI23,11,1773212325869520000,1773212325865462000,9,Insert,o,10,Dnes je vo
WiOvfjiIXHdwNpm5Z4XQkAvGRI23,11,1773212326104109000,1773212326097156000,10,Insert,n,11,Dnes je von
WiOvfjiIXHdwNpm5Z4XQkAvGRI23,11,1773212326291055000,1773212326286730000,11,Insert,k,12,Dnes je vonk
WiOvfjiIXHdwNpm5Z4XQkAvGRI23,11,1773212326464885000,1773212326460767000,12,Insert,u,13,Dnes je vonku
WiOvfjiIXHdwNpm5Z4XQkAvGRI23,11,1773212326636597000,1773212326632548000,13,Insert, ,14,Dnes je vonku 
WiOvfjiIXHdwNpm5Z4XQkAvGRI23,11,1773212327969326000,1773212327959033000,14,Insert,p,15,Dnes je vonku p
WiOvfjiIXHdwNpm5Z4XQkAvGRI23,11,1773212328107555000,1773212328103078000,15,Insert,e,16,Dnes je vonku pe
WiOvfjiIXHdwNpm5Z4XQkAvGRI23,11,1773212328255926000,1773212328250702000,16,Insert,k,17,Dnes je vonku pek
WiOvfjiIXHdwNpm5Z4XQkAvGRI23,11,1773212328440821000,1773212328436786000,17,Insert,n,18,Dnes je vonku pekn
WiOvfjiIXHdwNpm5Z4XQkAvGRI23,11,1773212328545715000,1773212328541673000,18,Insert,e,19,Dnes je vonku pekne
WiOvfjiIXHdwNpm5Z4XQkAvGRI23,11,1773212330157926000,1773212330149328000,19,Insert,",",20,"Dnes je vonku pekne,"
WiOvfjiIXHdwNpm5Z4XQkAvGRI23,11,1773212330338405000,1773212330332102000,20,Insert, ,21,"Dnes je vonku pekne, "
WiOvfjiIXHdwNpm5Z4XQkAvGRI23,11,1773212331139491000,1773212331132293000,21,Insert,i,22,"Dnes je vonku pekne, i"
WiOvfjiIXHdwNpm5Z4XQkAvGRI23,11,1773212331298459000,1773212331294426000,22,Insert,d,23,"Dnes je vonku pekne, id"
WiOvfjiIXHdwNpm5Z4XQkAvGRI23,11,1773212331477174000,1773212331469989000,23,Insert,e,24,"Dnes je vonku pekne, ide"
WiOvfjiIXHdwNpm5Z4XQkAvGRI23,11,1773212331550267000,1773212331545720000,24,Insert,m,25,"Dnes je vonku pekne, idem"
WiOvfjiIXHdwNpm5Z4XQkAvGRI23,11,1773212331721823000,1773212331717536000,25,Insert, ,26,"Dnes je vonku pekne, idem "
WiOvfjiIXHdwNpm5Z4XQkAvGRI23,11,1773212332542652000,1773212332534078000,26,Insert,v,27,"Dnes je vonku pekne, idem v"
WiOvfjiIXHdwNpm5Z4XQkAvGRI23,11,1773212332710279000,1773212332706282000,27,Insert,o,28,"Dnes je vonku pekne, idem vo"
WiOvfjiIXHdwNpm5Z4XQkAvGRI23,11,1773212332917869000,1773212332913470000,28,Insert,n,29,"Dnes je vonku pekne, idem von"
WiOvfjiIXHdwNpm5Z4XQkAvGRI23,11,1773212333059141000,1773212333054761000,29,Insert, ,30,"Dnes je vonku pekne, idem von "
WiOvfjiIXHdwNpm5Z4XQkAvGRI23,11,1773212334152770000,1773212334143494000,30,Insert,s,31,"Dnes je vonku pekne, idem von s"
WiOvfjiIXHdwNpm5Z4XQkAvGRI23,11,1773212334286818000,1773212334282074000,31,Insert,o,32,"Dnes je vonku pekne, idem von so"
WiOvfjiIXHdwNpm5Z4XQkAvGRI23,11,1773212334441846000,1773212334437578000,32,Insert, ,33,"Dnes je vonku pekne, idem von so "
WiOvfjiIXHdwNpm5Z4XQkAvGRI23,11,1773212334541496000,1773212334529795000,33,Insert,p,34,"Dnes je vonku pekne, idem von so p"
WiOvfjiIXHdwNpm5Z4XQkAvGRI23,11,1773212334737339000,1773212334728121000,34,Insert,s,35,"Dnes je vonku pekne, idem von so ps"
WiOvfjiIXHdwNpm5Z4XQkAvGRI23,11,1773212334813747000,1773212334809644000,35,Insert,o,36,"Dnes je vonku pekne, idem von so pso"
WiOvfjiIXHdwNpm5Z4XQkAvGRI23,11,1773212334992827000,1773212334988739000,36,Insert,m,37,"Dnes je vonku pekne, idem von so psom"
WiOvfjiIXHdwNpm5Z4XQkAvGRI23,11,1773212335687205000,1773212335678665000,37,Insert, ,38,"Dnes je vonku pekne, idem von so psom "
WiOvfjiIXHdwNpm5Z4XQkAvGRI23,11,1773212336391663000,1773212336386930000,38,Insert,n,39,"Dnes je vonku pekne, idem von so psom n"
WiOvfjiIXHdwNpm5Z4XQkAvGRI23,11,1773212336490943000,1773212336484165000,39,Insert,a,40,"Dnes je vonku pekne, idem von so psom na"
WiOvfjiIXHdwNpm5Z4XQkAvGRI23,11,1773212336643345000,1773212336639040000,40,Insert, ,41,"Dnes je vonku pekne, idem von so psom na "
WiOvfjiIXHdwNpm5Z4XQkAvGRI23,11,1773212336852709000,1773212336846113000,41,Insert,d,42,"Dnes je vonku pekne, idem von so psom na d"
WiOvfjiIXHdwNpm5Z4XQkAvGRI23,11,1773212337129480000,1773212337122860000,42,Insert,v,43,"Dnes je vonku pekne, idem von so psom na dv"
WiOvfjiIXHdwNpm5Z4XQkAvGRI23,11,1773212337207207000,1773212337202790000,43,Insert,o,44,"Dnes je vonku pekne, idem von so psom na dvo"
WiOvfjiIXHdwNpm5Z4XQkAvGRI23,11,1773212337374987000,1773212337370617000,44,Insert,r,45,"Dnes je vonku pekne, idem von so psom na dvor"
WiOvfjiIXHdwNpm5Z4XQkAvGRI23,11,1773212337481557000,1773212337476342000,45,Insert, ,46,"Dnes je vonku pekne, idem von so psom na dvor "
WiOvfjiIXHdwNpm5Z4XQkAvGRI23,11,1773212338722604000,1773212338711295000,46,Insert,a,47,"Dnes je vonku pekne, idem von so psom na dvor a"
WiOvfjiIXHdwNpm5Z4XQkAvGRI23,11,1773212340016171000,1773212340004107000,47,Insert, ,48,"Dnes je vonku pekne, idem von so psom na dvor a "
WiOvfjiIXHdwNpm5Z4XQkAvGRI23,11,1773212340735400000,1773212340730573000,48,Insert,b,49,"Dnes je vonku pekne, idem von so psom na dvor a b"
WiOvfjiIXHdwNpm5Z4XQkAvGRI23,11,1773212340922980000,1773212340917738000,49,Insert,u,50,"Dnes je vonku pekne, idem von so psom na dvor a bu"
WiOvfjiIXHdwNpm5Z4XQkAvGRI23,11,1773212341048527000,1773212341044394000,50,Insert,d,51,"Dnes je vonku pekne, idem von so psom na dvor a bud"
WiOvfjiIXHdwNpm5Z4XQkAvGRI23,11,1773212341235908000,1773212341227341000,51,Insert,e,52,"Dnes je vonku pekne, idem von so psom na dvor a bude"
WiOvfjiIXHdwNpm5Z4XQkAvGRI23,11,1773212341315739000,1773212341311457000,52,Insert,m,53,"Dnes je vonku pekne, idem von so psom na dvor a budem"
WiOvfjiIXHdwNpm5Z4XQkAvGRI23,11,1773212341528678000,1773212341521638000,53,Insert, ,54,"Dnes je vonku pekne, idem von so psom na dvor a budem "
WiOvfjiIXHdwNpm5Z4XQkAvGRI23,11,1773212342448025000,1773212342443118000,54,Insert,t,55,"Dnes je vonku pekne, idem von so psom na dvor a budem t"
WiOvfjiIXHdwNpm5Z4XQkAvGRI23,11,1773212342714490000,1773212342707048000,55,Insert,a,56,"Dnes je vonku pekne, idem von so psom na dvor a budem ta"
WiOvfjiIXHdwNpm5Z4XQkAvGRI23,11,1773212342838412000,1773212342832040000,56,Insert,m,57,"Dnes je vonku pekne, idem von so psom na dvor a budem tam"
WiOvfjiIXHdwNpm5Z4XQkAvGRI23,11,1773212343075947000,1773212343066014000,57,Insert, ,58,"Dnes je vonku pekne, idem von so psom na dvor a budem tam "
WiOvfjiIXHdwNpm5Z4XQkAvGRI23,11,1773212343546054000,1773212343539303000,58,Insert,a,59,"Dnes je vonku pekne, idem von so psom na dvor a budem tam a"
WiOvfjiIXHdwNpm5Z4XQkAvGRI23,11,1773212343702814000,1773212343698023000,59,Insert,a,60,"Dnes je vonku pekne, idem von so psom na dvor a budem tam aa"
WiOvfjiIXHdwNpm5Z4XQkAvGRI23,11,1773212343844335000,1773212343839264000,60,Insert,i,61,"Dnes je vonku pekne, idem von so psom na dvor a budem tam aai"
WiOvfjiIXHdwNpm5Z4XQkAvGRI23,11,1773212343955454000,1773212343950181000,61,Insert, ,62,"Dnes je vonku pekne, idem von so psom na dvor a budem tam aai "
WiOvfjiIXHdwNpm5Z4XQkAvGRI23,11,1773212344207821000,1773212344201027000,62,Insert,h,63,"Dnes je vonku pekne, idem von so psom na dvor a budem tam aai h"
WiOvfjiIXHdwNpm5Z4XQkAvGRI23,11,1773212344395991000,1773212344391185000,63,Insert,o,64,"Dnes je vonku pekne, idem von so psom na dvor a budem tam aai ho"
WiOvfjiIXHdwNpm5Z4XQkAvGRI23,11,1773212344749049000,1773212344743907000,64,Delete,o,63,"Dnes je vonku pekne, idem von so psom na dvor a budem tam aai h"
WiOvfjiIXHdwNpm5Z4XQkAvGRI23,11,1773212344902848000,1773212344899170000,63,Delete,h,62,"Dnes je vonku pekne, idem von so psom na dvor a budem tam aai "
WiOvfjiIXHdwNpm5Z4XQkAvGRI23,11,1773212345048346000,1773212345045409000,62,Delete, ,61,"Dnes je vonku pekne, idem von so psom na dvor a budem tam aai"
WiOvfjiIXHdwNpm5Z4XQkAvGRI23,11,1773212345201330000,1773212345198233000,61,Delete,i,60,"Dnes je vonku pekne, idem von so psom na dvor a budem tam aa"
WiOvfjiIXHdwNpm5Z4XQkAvGRI23,11,1773212345348254000,1773212345344555000,60,Delete,a,59,"Dnes je vonku pekne, idem von so psom na dvor a budem tam a"
WiOvfjiIXHdwNpm5Z4XQkAvGRI23,11,1773212345530693000,1773212345526054000,59,Insert,a,60,"Dnes je vonku pekne, idem von so psom na dvor a budem tam aa"
WiOvfjiIXHdwNpm5Z4XQkAvGRI23,11,1773212346179876000,1773212346173979000,60,Delete,a,59,"Dnes je vonku pekne, idem von so psom na dvor a budem tam a"
WiOvfjiIXHdwNpm5Z4XQkAvGRI23,11,1773212346556359000,1773212346548842000,59,Insert,s,60,"Dnes je vonku pekne, idem von so psom na dvor a budem tam as"
WiOvfjiIXHdwNpm5Z4XQkAvGRI23,11,1773212347240922000,1773212347227918000,60,Insert,i,61,"Dnes je vonku pekne, idem von so psom na dvor a budem tam asi"
WiOvfjiIXHdwNpm5Z4XQkAvGRI23,11,1773212347366302000,1773212347361534000,61,Insert, ,62,"Dnes je vonku pekne, idem von so psom na dvor a budem tam asi "
WiOvfjiIXHdwNpm5Z4XQkAvGRI23,11,1773212347889628000,1773212347885677000,62,Insert,h,63,"Dnes je vonku pekne, idem von so psom na dvor a budem tam asi h"
WiOvfjiIXHdwNpm5Z4XQkAvGRI23,11,1773212348094929000,1773212348088093000,63,Insert,o,64,"Dnes je vonku pekne, idem von so psom na dvor a budem tam asi ho"
WiOvfjiIXHdwNpm5Z4XQkAvGRI23,11,1773212348173367000,1773212348169059000,64,Insert,d,65,"Dnes je vonku pekne, idem von so psom na dvor a budem tam asi hod"
WiOvfjiIXHdwNpm5Z4XQkAvGRI23,11,1773212348295535000,1773212348288045000,65,Insert,i,66,"Dnes je vonku pekne, idem von so psom na dvor a budem tam asi hodi"
WiOvfjiIXHdwNpm5Z4XQkAvGRI23,11,1773212348469589000,1773212348465291000,66,Insert,n,67,"Dnes je vonku pekne, idem von so psom na dvor a budem tam asi hodin"
WiOvfjiIXHdwNpm5Z4XQkAvGRI23,11,1773212348623891000,1773212348619146000,67,Insert,u,68,"Dnes je vonku pekne, idem von so psom na dvor a budem tam asi hodinu"
WiOvfjiIXHdwNpm5Z4XQkAvGRI23,11,1773212350940414000,1773212350932001000,68,Insert,",",69,"Dnes je vonku pekne, idem von so psom na dvor a budem tam asi hodinu,"
WiOvfjiIXHdwNpm5Z4XQkAvGRI23,11,1773212351745217000,1773212351735088000,69,Insert, ,70,"Dnes je vonku pekne, idem von so psom na dvor a budem tam asi hodinu, "
WiOvfjiIXHdwNpm5Z4XQkAvGRI23,11,1773212352673334000,1773212352668095000,70,Insert,b,71,"Dnes je vonku pekne, idem von so psom na dvor a budem tam asi hodinu, b"
WiOvfjiIXHdwNpm5Z4XQkAvGRI23,11,1773212352882302000,1773212352873207000,71,Insert,u,72,"Dnes je vonku pekne, idem von so psom na dvor a budem tam asi hodinu, bu"
WiOvfjiIXHdwNpm5Z4XQkAvGRI23,11,1773212353007192000,1773212353002934000,72,Insert,d,73,"Dnes je vonku pekne, idem von so psom na dvor a budem tam asi hodinu, bud"
WiOvfjiIXHdwNpm5Z4XQkAvGRI23,11,1773212353199934000,1773212353194716000,73,Insert,e,74,"Dnes je vonku pekne, idem von so psom na dvor a budem tam asi hodinu, bude"
WiOvfjiIXHdwNpm5Z4XQkAvGRI23,11,1773212353276646000,1773212353271933000,74,Insert, ,75,"Dnes je vonku pekne, idem von so psom na dvor a budem tam asi hodinu, bude "
WiOvfjiIXHdwNpm5Z4XQkAvGRI23,12,1773212357749656000,1773212357744872000,0,Insert,D,1,D
WiOvfjiIXHdwNpm5Z4XQkAvGRI23,12,1773212357842688000,1773212357838682000,1,Insert,n,2,Dn
WiOvfjiIXHdwNpm5Z4XQkAvGRI23,12,1773212358008642000,1773212358004627000,2,Insert,e,3,Dne
WiOvfjiIXHdwNpm5Z4XQkAvGRI23,12,1773212358174939000,1773212358167066000,3,Insert,s,4,Dnes
WiOvfjiIXHdwNpm5Z4XQkAvGRI23,12,1773212358284617000,1773212358280598000,4,Insert, ,5,Dnes 
WiOvfjiIXHdwNpm5Z4XQkAvGRI23,12,1773212358607774000,1773212358600417000,5,Insert,h,6,Dnes h
WiOvfjiIXHdwNpm5Z4XQkAvGRI23,12,1773212358729041000,1773212358725230000,6,Insert,e,7,Dnes he
WiOvfjiIXHdwNpm5Z4XQkAvGRI23,12,1773212358807511000,1773212358802833000,7,Insert, ,8,Dnes he 
WiOvfjiIXHdwNpm5Z4XQkAvGRI23,12,1773212359238630000,1773212359234240000,8,Delete, ,7,Dnes he
WiOvfjiIXHdwNpm5Z4XQkAvGRI23,12,1773212359389924000,1773212359386712000,7,Delete,e,6,Dnes h
WiOvfjiIXHdwNpm5Z4XQkAvGRI23,12,1773212359544147000,1773212359540761000,6,Delete,h,5,Dnes 
WiOvfjiIXHdwNpm5Z4XQkAvGRI23,12,1773212360082819000,1773212360075541000,5,Insert,j,6,Dnes j
WiOvfjiIXHdwNpm5Z4XQkAvGRI23,12,1773212360200731000,1773212360196962000,6,Insert,e,7,Dnes je
WiOvfjiIXHdwNpm5Z4XQkAvGRI23,12,1773212360319115000,1773212360314754000,7,Insert, ,8,Dnes je 
WiOvfjiIXHdwNpm5Z4XQkAvGRI23,12,1773212360646855000,1773212360638439000,8,Insert,v,9,Dnes je v
WiOvfjiIXHdwNpm5Z4XQkAvGRI23,12,1773212360754352000,1773212360748509000,9,Insert,o,10,Dnes je vo
WiOvfjiIXHdwNpm5Z4XQkAvGRI23,12,1773212360951069000,1773212360944040000,10,Insert,n,11,Dnes je von
WiOvfjiIXHdwNpm5Z4XQkAvGRI23,12,1773212361120070000,1773212361115262000,11,Insert,k,12,Dnes je vonk
WiOvfjiIXHdwNpm5Z4XQkAvGRI23,12,1773212361301207000,1773212361297300000,12,Insert,u,13,Dnes je vonku
WiOvfjiIXHdwNpm5Z4XQkAvGRI23,12,1773212361847988000,1773212361843675000,13,Insert, ,14,Dnes je vonku 
WiOvfjiIXHdwNpm5Z4XQkAvGRI23,12,1773212362933064000,1773212362928344000,14,Insert,p,15,Dnes je vonku p
WiOvfjiIXHdwNpm5Z4XQkAvGRI23,12,1773212363060735000,1773212363056564000,15,Insert,e,16,Dnes je vonku pe
WiOvfjiIXHdwNpm5Z4XQkAvGRI23,12,1773212363254019000,1773212363249929000,16,Insert,k,17,Dnes je vonku pek
WiOvfjiIXHdwNpm5Z4XQkAvGRI23,12,1773212363446936000,1773212363442740000,17,Insert,n,18,Dnes je vonku pekn
WiOvfjiIXHdwNpm5Z4XQkAvGRI23,12,1773212363560933000,1773212363556953000,18,Insert,e,19,Dnes je vonku pekne
WiOvfjiIXHdwNpm5Z4XQkAvGRI23,12,1773212364662747000,1773212364653928000,19,Insert,",",20,"Dnes je vonku pekne,"
WiOvfjiIXHdwNpm5Z4XQkAvGRI23,12,1773212365465233000,1773212365457836000,20,Insert, ,21,"Dnes je vonku pekne, "
WiOvfjiIXHdwNpm5Z4XQkAvGRI23,12,1773212366291879000,1773212366283658000,21,Insert,i,22,"Dnes je vonku pekne, i"
WiOvfjiIXHdwNpm5Z4XQkAvGRI23,12,1773212366443424000,1773212366439396000,22,Insert,d,23,"Dnes je vonku pekne, id"
WiOvfjiIXHdwNpm5Z4XQkAvGRI23,12,1773212366619794000,1773212366615890000,23,Insert,e,24,"Dnes je vonku pekne, ide"
WiOvfjiIXHdwNpm5Z4XQkAvGRI23,12,1773212366718099000,1773212366714186000,24,Insert,m,25,"Dnes je vonku pekne, idem"
WiOvfjiIXHdwNpm5Z4XQkAvGRI23,12,1773212366944989000,1773212366937510000,25,Insert, ,26,"Dnes je vonku pekne, idem "
WiOvfjiIXHdwNpm5Z4XQkAvGRI23,12,1773212367823261000,1773212367816259000,26,Insert,v,27,"Dnes je vonku pekne, idem v"
WiOvfjiIXHdwNpm5Z4XQkAvGRI23,12,1773212367975005000,1773212367970681000,27,Insert,o,28,"Dnes je vonku pekne, idem vo"
WiOvfjiIXHdwNpm5Z4XQkAvGRI23,12,1773212368218871000,1773212368210427000,28,Insert,n,29,"Dnes je vonku pekne, idem von"
WiOvfjiIXHdwNpm5Z4XQkAvGRI23,12,1773212368408605000,1773212368403716000,29,Insert, ,30,"Dnes je vonku pekne, idem von "
WiOvfjiIXHdwNpm5Z4XQkAvGRI23,12,1773212369564068000,1773212369557028000,30,Insert,s,31,"Dnes je vonku pekne, idem von s"
WiOvfjiIXHdwNpm5Z4XQkAvGRI23,12,1773212369753370000,1773212369745197000,31,Insert,o,32,"Dnes je vonku pekne, idem von so"
WiOvfjiIXHdwNpm5Z4XQkAvGRI23,12,1773212369895821000,1773212369890923000,32,Insert, ,33,"Dnes je vonku pekne, idem von so "
WiOvfjiIXHdwNpm5Z4XQkAvGRI23,12,1773212370063560000,1773212370052494000,33,Insert,p,34,"Dnes je vonku pekne, idem von so p"
WiOvfjiIXHdwNpm5Z4XQkAvGRI23,12,1773212370232776000,1773212370228119000,34,Insert,s,35,"Dnes je vonku pekne, idem von so ps"
WiOvfjiIXHdwNpm5Z4XQkAvGRI23,12,1773212370342903000,1773212370340687000,35,Insert,o,36,"Dnes je vonku pekne, idem von so pso"
WiOvfjiIXHdwNpm5Z4XQkAvGRI23,12,1773212370559063000,1773212370551820000,36,Insert,m,37,"Dnes je vonku pekne, idem von so psom"
WiOvfjiIXHdwNpm5Z4XQkAvGRI23,12,1773212371097958000,1773212371093577000,37,Insert, ,38,"Dnes je vonku pekne, idem von so psom "
WiOvfjiIXHdwNpm5Z4XQkAvGRI23,12,1773212371716896000,1773212371708725000,38,Insert,n,39,"Dnes je vonku pekne, idem von so psom n"
WiOvfjiIXHdwNpm5Z4XQkAvGRI23,12,1773212371833104000,1773212371827182000,39,Insert,a,40,"Dnes je vonku pekne, idem von so psom na"
WiOvfjiIXHdwNpm5Z4XQkAvGRI23,12,1773212371959172000,1773212371953878000,40,Insert, ,41,"Dnes je vonku pekne, idem von so psom na "
WiOvfjiIXHdwNpm5Z4XQkAvGRI23,12,1773212372268170000,1773212372261775000,41,Insert,d,42,"Dnes je vonku pekne, idem von so psom na d"
WiOvfjiIXHdwNpm5Z4XQkAvGRI23,12,1773212372631228000,1773212372627151000,42,Insert,v,43,"Dnes je vonku pekne, idem von so psom na dv"
WiOvfjiIXHdwNpm5Z4XQkAvGRI23,12,1773212372751422000,1773212372746402000,43,Insert,o,44,"Dnes je vonku pekne, idem von so psom na dvo"
WiOvfjiIXHdwNpm5Z4XQkAvGRI23,12,1773212372931602000,1773212372926644000,44,Insert,r,45,"Dnes je vonku pekne, idem von so psom na dvor"
WiOvfjiIXHdwNpm5Z4XQkAvGRI23,12,1773212373055432000,1773212373050792000,45,Insert, ,46,"Dnes je vonku pekne, idem von so psom na dvor "
WiOvfjiIXHdwNpm5Z4XQkAvGRI23,12,1773212374826206000,1773212374818163000,46,Insert,a,47,"Dnes je vonku pekne, idem von so psom na dvor a"
WiOvfjiIXHdwNpm5Z4XQkAvGRI23,12,1773212375675628000,1773212375667349000,47,Insert, ,48,"Dnes je vonku pekne, idem von so psom na dvor a "
WiOvfjiIXHdwNpm5Z4XQkAvGRI23,12,1773212376662320000,1773212376656633000,48,Insert,b,49,"Dnes je vonku pekne, idem von so psom na dvor a b"
WiOvfjiIXHdwNpm5Z4XQkAvGRI23,12,1773212376863553000,1773212376858306000,49,Insert,u,50,"Dnes je vonku pekne, idem von so psom na dvor a bu"
WiOvfjiIXHdwNpm5Z4XQkAvGRI23,12,1773212377009721000,1773212376998372000,50,Insert,d,51,"Dnes je vonku pekne, idem von so psom na dvor a bud"
WiOvfjiIXHdwNpm5Z4XQkAvGRI23,12,1773212377190386000,1773212377186203000,51,Insert,e,52,"Dnes je vonku pekne, idem von so psom na dvor a bude"
WiOvfjiIXHdwNpm5Z4XQkAvGRI23,12,1773212377291814000,1773212377286866000,52,Insert,m,53,"Dnes je vonku pekne, idem von so psom na dvor a budem"
WiOvfjiIXHdwNpm5Z4XQkAvGRI23,12,1773212377982387000,1773212377971517000,53,Insert, ,54,"Dnes je vonku pekne, idem von so psom na dvor a budem "
WiOvfjiIXHdwNpm5Z4XQkAvGRI23,12,1773212378418532000,1773212378412447000,54,Insert,t,55,"Dnes je vonku pekne, idem von so psom na dvor a budem t"
WiOvfjiIXHdwNpm5Z4XQkAvGRI23,12,1773212378669593000,1773212378661397000,55,Insert,a,56,"Dnes je vonku pekne, idem von so psom na dvor a budem ta"
WiOvfjiIXHdwNpm5Z4XQkAvGRI23,12,1773212378777428000,1773212378769395000,56,Insert,m,57,"Dnes je vonku pekne, idem von so psom na dvor a budem tam"
WiOvfjiIXHdwNpm5Z4XQkAvGRI23,12,1773212379954510000,1773212379947123000,57,Insert, ,58,"Dnes je vonku pekne, idem von so psom na dvor a budem tam "
WiOvfjiIXHdwNpm5Z4XQkAvGRI23,12,1773212380449587000,1773212380443177000,58,Insert,a,59,"Dnes je vonku pekne, idem von so psom na dvor a budem tam a"
WiOvfjiIXHdwNpm5Z4XQkAvGRI23,12,1773212380649086000,1773212380642499000,59,Insert,s,60,"Dnes je vonku pekne, idem von so psom na dvor a budem tam as"
WiOvfjiIXHdwNpm5Z4XQkAvGRI23,12,1773212380926296000,1773212380918387000,60,Insert,i,61,"Dnes je vonku pekne, idem von so psom na dvor a budem tam asi"
WiOvfjiIXHdwNpm5Z4XQkAvGRI23,12,1773212381053016000,1773212381047672000,61,Insert, ,62,"Dnes je vonku pekne, idem von so psom na dvor a budem tam asi "
WiOvfjiIXHdwNpm5Z4XQkAvGRI23,12,1773212381801139000,1773212381791644000,62,Insert,h,63,"Dnes je vonku pekne, idem von so psom na dvor a budem tam asi h"
WiOvfjiIXHdwNpm5Z4XQkAvGRI23,12,1773212382034562000,1773212382025742000,63,Insert,o,64,"Dnes je vonku pekne, idem von so psom na dvor a budem tam asi ho"
WiOvfjiIXHdwNpm5Z4XQkAvGRI23,12,1773212382151907000,1773212382147606000,64,Insert,d,65,"Dnes je vonku pekne, idem von so psom na dvor a budem tam asi hod"
WiOvfjiIXHdwNpm5Z4XQkAvGRI23,12,1773212382250157000,1773212382243434000,65,Insert,i,66,"Dnes je vonku pekne, idem von so psom na dvor a budem tam asi hodi"
WiOvfjiIXHdwNpm5Z4XQkAvGRI23,12,1773212382462226000,1773212382457063000,66,Insert,n,67,"Dnes je vonku pekne, idem von so psom na dvor a budem tam asi hodin"
WiOvfjiIXHdwNpm5Z4XQkAvGRI23,12,1773212382618795000,1773212382614128000,67,Insert,u,68,"Dnes je vonku pekne, idem von so psom na dvor a budem tam asi hodinu"
WiOvfjiIXHdwNpm5Z4XQkAvGRI23,12,1773212383930022000,1773212383920084000,68,Insert,",",69,"Dnes je vonku pekne, idem von so psom na dvor a budem tam asi hodinu,"
WiOvfjiIXHdwNpm5Z4XQkAvGRI23,12,1773212384067187000,1773212384062099000,69,Insert, ,70,"Dnes je vonku pekne, idem von so psom na dvor a budem tam asi hodinu, "
WiOvfjiIXHdwNpm5Z4XQkAvGRI23,12,1773212384814712000,1773212384808356000,70,Insert,b,71,"Dnes je vonku pekne, idem von so psom na dvor a budem tam asi hodinu, b"
WiOvfjiIXHdwNpm5Z4XQkAvGRI23,12,1773212385024875000,1773212385020232000,71,Insert,u,72,"Dnes je vonku pekne, idem von so psom na dvor a budem tam asi hodinu, bu"
WiOvfjiIXHdwNpm5Z4XQkAvGRI23,12,1773212385205523000,1773212385197165000,72,Insert,d,73,"Dnes je vonku pekne, idem von so psom na dvor a budem tam asi hodinu, bud"
WiOvfjiIXHdwNpm5Z4XQkAvGRI23,12,1773212385384248000,1773212385380102000,73,Insert,e,74,"Dnes je vonku pekne, idem von so psom na dvor a budem tam asi hodinu, bude"
WiOvfjiIXHdwNpm5Z4XQkAvGRI23,12,1773212385458045000,1773212385452979000,74,Insert, ,75,"Dnes je vonku pekne, idem von so psom na dvor a budem tam asi hodinu, bude "
WiOvfjiIXHdwNpm5Z4XQkAvGRI23,13,1773212389932606000,1773212389926141000,0,Insert,D,1,D
WiOvfjiIXHdwNpm5Z4XQkAvGRI23,13,1773212390035370000,1773212390030820000,1,Insert,n,2,Dn
WiOvfjiIXHdwNpm5Z4XQkAvGRI23,13,1773212390192430000,1773212390188480000,2,Insert,e,3,Dne
WiOvfjiIXHdwNpm5Z4XQkAvGRI23,13,1773212390352346000,1773212390344281000,3,Insert,s,4,Dnes
WiOvfjiIXHdwNpm5Z4XQkAvGRI23,13,1773212390427049000,1773212390422856000,4,Insert, ,5,Dnes 
WiOvfjiIXHdwNpm5Z4XQkAvGRI23,13,1773212390642710000,1773212390636369000,5,Insert,h,6,Dnes h
WiOvfjiIXHdwNpm5Z4XQkAvGRI23,13,1773212390743297000,1773212390740767000,6,Insert,e,7,Dnes he
WiOvfjiIXHdwNpm5Z4XQkAvGRI23,13,1773212390859740000,1773212390855609000,7,Insert, ,8,Dnes he 
WiOvfjiIXHdwNpm5Z4XQkAvGRI23,13,1773212391471099000,1773212391466136000,8,Delete, ,7,Dnes he
WiOvfjiIXHdwNpm5Z4XQkAvGRI23,13,1773212391616260000,1773212391613237000,7,Delete,e,6,Dnes h
WiOvfjiIXHdwNpm5Z4XQkAvGRI23,13,1773212391774782000,1773212391771719000,6,Delete,h,5,Dnes 
WiOvfjiIXHdwNpm5Z4XQkAvGRI23,13,1773212392293687000,1773212392289956000,5,Insert,j,6,Dnes j
WiOvfjiIXHdwNpm5Z4XQkAvGRI23,13,1773212392423819000,1773212392417811000,6,Insert,e,7,Dnes je
WiOvfjiIXHdwNpm5Z4XQkAvGRI23,13,1773212392511173000,1773212392507108000,7,Insert, ,8,Dnes je 
WiOvfjiIXHdwNpm5Z4XQkAvGRI23,13,1773212393377202000,1773212393371057000,8,Insert,v,9,Dnes je v
WiOvfjiIXHdwNpm5Z4XQkAvGRI23,13,1773212393479026000,1773212393474263000,9,Insert,o,10,Dnes je vo
WiOvfjiIXHdwNpm5Z4XQkAvGRI23,13,1773212393716057000,1773212393709864000,10,Insert,n,11,Dnes je von
WiOvfjiIXHdwNpm5Z4XQkAvGRI23,13,1773212393888377000,1773212393884465000,11,Insert,k,12,Dnes je vonk
WiOvfjiIXHdwNpm5Z4XQkAvGRI23,13,1773212394078938000,1773212394075164000,12,Insert,u,13,Dnes je vonku
WiOvfjiIXHdwNpm5Z4XQkAvGRI23,13,1773212394252023000,1773212394247879000,13,Insert, ,14,Dnes je vonku 
WiOvfjiIXHdwNpm5Z4XQkAvGRI23,13,1773212395102003000,1773212395091960000,14,Insert,p,15,Dnes je vonku p
WiOvfjiIXHdwNpm5Z4XQkAvGRI23,13,1773212395382427000,1773212395375534000,15,Insert,e,16,Dnes je vonku pe
WiOvfjiIXHdwNpm5Z4XQkAvGRI23,13,1773212395632487000,1773212395624317000,16,Insert,k,17,Dnes je vonku pek
WiOvfjiIXHdwNpm5Z4XQkAvGRI23,13,1773212395831242000,1773212395824529000,17,Insert,n,18,Dnes je vonku pekn
WiOvfjiIXHdwNpm5Z4XQkAvGRI23,13,1773212395931953000,1773212395926421000,18,Insert,e,19,Dnes je vonku pekne
WiOvfjiIXHdwNpm5Z4XQkAvGRI23,13,1773212397249675000,1773212397241958000,19,Insert,",",20,"Dnes je vonku pekne,"
WiOvfjiIXHdwNpm5Z4XQkAvGRI23,13,1773212397906035000,1773212397895139000,20,Insert, ,21,"Dnes je vonku pekne, "
WiOvfjiIXHdwNpm5Z4XQkAvGRI23,13,1773212398675793000,1773212398670063000,21,Insert,i,22,"Dnes je vonku pekne, i"
WiOvfjiIXHdwNpm5Z4XQkAvGRI23,13,1773212398825405000,1773212398821571000,22,Insert,d,23,"Dnes je vonku pekne, id"
WiOvfjiIXHdwNpm5Z4XQkAvGRI23,13,1773212399005681000,1773212399001009000,23,Insert,e,24,"Dnes je vonku pekne, ide"
WiOvfjiIXHdwNpm5Z4XQkAvGRI23,13,1773212399111761000,1773212399106479000,24,Insert,m,25,"Dnes je vonku pekne, idem"
WiOvfjiIXHdwNpm5Z4XQkAvGRI23,13,1773212399257277000,1773212399249513000,25,Insert, ,26,"Dnes je vonku pekne, idem "
WiOvfjiIXHdwNpm5Z4XQkAvGRI23,13,1773212399554855000,1773212399546991000,26,Insert,v,27,"Dnes je vonku pekne, idem v"
WiOvfjiIXHdwNpm5Z4XQkAvGRI23,13,1773212399638026000,1773212399632221000,27,Insert,o,28,"Dnes je vonku pekne, idem vo"
WiOvfjiIXHdwNpm5Z4XQkAvGRI23,13,1773212399851634000,1773212399842873000,28,Insert,n,29,"Dnes je vonku pekne, idem von"
WiOvfjiIXHdwNpm5Z4XQkAvGRI23,13,1773212399927457000,1773212399918029000,29,Insert, ,30,"Dnes je vonku pekne, idem von "
WiOvfjiIXHdwNpm5Z4XQkAvGRI23,13,1773212401168073000,1773212401161197000,30,Insert,s,31,"Dnes je vonku pekne, idem von s"
WiOvfjiIXHdwNpm5Z4XQkAvGRI23,13,1773212401286735000,1773212401280966000,31,Insert,o,32,"Dnes je vonku pekne, idem von so"
WiOvfjiIXHdwNpm5Z4XQkAvGRI23,13,1773212401496735000,1773212401489781000,32,Insert, ,33,"Dnes je vonku pekne, idem von so "
WiOvfjiIXHdwNpm5Z4XQkAvGRI23,13,1773212401655407000,1773212401650297000,33,Insert,p,34,"Dnes je vonku pekne, idem von so p"
WiOvfjiIXHdwNpm5Z4XQkAvGRI23,13,1773212401857821000,1773212401853949000,34,Insert,s,35,"Dnes je vonku pekne, idem von so ps"
WiOvfjiIXHdwNpm5Z4XQkAvGRI23,13,1773212402000555000,1773212401995814000,35,Insert,o,36,"Dnes je vonku pekne, idem von so pso"
WiOvfjiIXHdwNpm5Z4XQkAvGRI23,13,1773212402185886000,1773212402181466000,36,Insert,m,37,"Dnes je vonku pekne, idem von so psom"
WiOvfjiIXHdwNpm5Z4XQkAvGRI23,13,1773212402692892000,1773212402686072000,37,Insert, ,38,"Dnes je vonku pekne, idem von so psom "
WiOvfjiIXHdwNpm5Z4XQkAvGRI23,13,1773212403645408000,1773212403637994000,38,Insert,n,39,"Dnes je vonku pekne, idem von so psom n"
WiOvfjiIXHdwNpm5Z4XQkAvGRI23,13,1773212403770656000,1773212403765517000,39,Insert,a,40,"Dnes je vonku pekne, idem von so psom na"
WiOvfjiIXHdwNpm5Z4XQkAvGRI23,13,1773212403889243000,1773212403885065000,40,Insert, ,41,"Dnes je vonku pekne, idem von so psom na "
WiOvfjiIXHdwNpm5Z4XQkAvGRI23,13,1773212404190761000,1773212404185804000,41,Insert,d,42,"Dnes je vonku pekne, idem von so psom na d"
WiOvfjiIXHdwNpm5Z4XQkAvGRI23,13,1773212404444089000,1773212404439337000,42,Insert,v,43,"Dnes je vonku pekne, idem von so psom na dv"
WiOvfjiIXHdwNpm5Z4XQkAvGRI23,13,1773212404545077000,1773212404540856000,43,Insert,o,44,"Dnes je vonku pekne, idem von so psom na dvo"
WiOvfjiIXHdwNpm5Z4XQkAvGRI23,13,1773212404736684000,1773212404732679000,44,Insert,r,45,"Dnes je vonku pekne, idem von so psom na dvor"
WiOvfjiIXHdwNpm5Z4XQkAvGRI23,13,1773212404847731000,1773212404842891000,45,Insert, ,46,"Dnes je vonku pekne, idem von so psom na dvor "
WiOvfjiIXHdwNpm5Z4XQkAvGRI23,13,1773212405819465000,1773212405813819000,46,Insert,a,47,"Dnes je vonku pekne, idem von so psom na dvor a"
WiOvfjiIXHdwNpm5Z4XQkAvGRI23,13,1773212406631583000,1773212406620977000,47,Insert, ,48,"Dnes je vonku pekne, idem von so psom na dvor a "
WiOvfjiIXHdwNpm5Z4XQkAvGRI23,13,1773212407730270000,1773212407725608000,48,Insert,b,49,"Dnes je vonku pekne, idem von so psom na dvor a b"
WiOvfjiIXHdwNpm5Z4XQkAvGRI23,13,1773212408336566000,1773212408331795000,49,Insert,u,50,"Dnes je vonku pekne, idem von so psom na dvor a bu"
WiOvfjiIXHdwNpm5Z4XQkAvGRI23,13,1773212408472256000,1773212408467197000,50,Insert,d,51,"Dnes je vonku pekne, idem von so psom na dvor a bud"
WiOvfjiIXHdwNpm5Z4XQkAvGRI23,13,1773212408649800000,1773212408641346000,51,Insert,e,52,"Dnes je vonku pekne, idem von so psom na dvor a bude"
WiOvfjiIXHdwNpm5Z4XQkAvGRI23,13,1773212408736246000,1773212408731828000,52,Insert,m,53,"Dnes je vonku pekne, idem von so psom na dvor a budem"
WiOvfjiIXHdwNpm5Z4XQkAvGRI23,13,1773212408932043000,1773212408925606000,53,Insert, ,54,"Dnes je vonku pekne, idem von so psom na dvor a budem "
WiOvfjiIXHdwNpm5Z4XQkAvGRI23,13,1773212409719028000,1773212409713424000,54,Insert,t,55,"Dnes je vonku pekne, idem von so psom na dvor a budem t"
WiOvfjiIXHdwNpm5Z4XQkAvGRI23,13,1773212409965893000,1773212409957619000,55,Insert,a,56,"Dnes je vonku pekne, idem von so psom na dvor a budem ta"
WiOvfjiIXHdwNpm5Z4XQkAvGRI23,13,1773212410068864000,1773212410063899000,56,Insert,m,57,"Dnes je vonku pekne, idem von so psom na dvor a budem tam"
WiOvfjiIXHdwNpm5Z4XQkAvGRI23,13,1773212410229753000,1773212410223853000,57,Insert, ,58,"Dnes je vonku pekne, idem von so psom na dvor a budem tam "
WiOvfjiIXHdwNpm5Z4XQkAvGRI23,13,1773212410630980000,1773212410624387000,58,Insert,a,59,"Dnes je vonku pekne, idem von so psom na dvor a budem tam a"
WiOvfjiIXHdwNpm5Z4XQkAvGRI23,13,1773212410786455000,1773212410782205000,59,Insert,a,60,"Dnes je vonku pekne, idem von so psom na dvor a budem tam aa"
WiOvfjiIXHdwNpm5Z4XQkAvGRI23,13,1773212411248972000,1773212411241751000,60,Insert,i,61,"Dnes je vonku pekne, idem von so psom na dvor a budem tam aai"
WiOvfjiIXHdwNpm5Z4XQkAvGRI23,13,1773212411375286000,1773212411364452000,61,Insert, ,62,"Dnes je vonku pekne, idem von so psom na dvor a budem tam aai "
WiOvfjiIXHdwNpm5Z4XQkAvGRI23,13,1773212412174561000,1773212412168641000,62,Delete, ,61,"Dnes je vonku pekne, idem von so psom na dvor a budem tam aai"
WiOvfjiIXHdwNpm5Z4XQkAvGRI23,13,1773212412314707000,1773212412311219000,61,Delete,i,60,"Dnes je vonku pekne, idem von so psom na dvor a budem tam aa"
WiOvfjiIXHdwNpm5Z4XQkAvGRI23,13,1773212412486174000,1773212412480788000,60,Delete,a,59,"Dnes je vonku pekne, idem von so psom na dvor a budem tam a"
WiOvfjiIXHdwNpm5Z4XQkAvGRI23,13,1773212412622277000,1773212412618224000,59,Insert,s,60,"Dnes je vonku pekne, idem von so psom na dvor a budem tam as"
WiOvfjiIXHdwNpm5Z4XQkAvGRI23,13,1773212413462361000,1773212413453526000,60,Insert,i,61,"Dnes je vonku pekne, idem von so psom na dvor a budem tam asi"
WiOvfjiIXHdwNpm5Z4XQkAvGRI23,13,1773212413555981000,1773212413551222000,61,Insert, ,62,"Dnes je vonku pekne, idem von so psom na dvor a budem tam asi "
WiOvfjiIXHdwNpm5Z4XQkAvGRI23,13,1773212414355284000,1773212414347922000,62,Insert,h,63,"Dnes je vonku pekne, idem von so psom na dvor a budem tam asi h"
WiOvfjiIXHdwNpm5Z4XQkAvGRI23,13,1773212414553325000,1773212414548037000,63,Insert,o,64,"Dnes je vonku pekne, idem von so psom na dvor a budem tam asi ho"
WiOvfjiIXHdwNpm5Z4XQkAvGRI23,13,1773212414688211000,1773212414683299000,64,Insert,d,65,"Dnes je vonku pekne, idem von so psom na dvor a budem tam asi hod"
WiOvfjiIXHdwNpm5Z4XQkAvGRI23,13,1773212414765298000,1773212414760167000,65,Insert,i,66,"Dnes je vonku pekne, idem von so psom na dvor a budem tam asi hodi"
WiOvfjiIXHdwNpm5Z4XQkAvGRI23,13,1773212414962139000,1773212414957597000,66,Insert,n,67,"Dnes je vonku pekne, idem von so psom na dvor a budem tam asi hodin"
WiOvfjiIXHdwNpm5Z4XQkAvGRI23,13,1773212415129664000,1773212415121672000,67,Insert,u,68,"Dnes je vonku pekne, idem von so psom na dvor a budem tam asi hodinu"
WiOvfjiIXHdwNpm5Z4XQkAvGRI23,13,1773212416944112000,1773212416935318000,68,Insert,",",69,"Dnes je vonku pekne, idem von so psom na dvor a budem tam asi hodinu,"
WiOvfjiIXHdwNpm5Z4XQkAvGRI23,13,1773212417591899000,1773212417580658000,69,Insert, ,70,"Dnes je vonku pekne, idem von so psom na dvor a budem tam asi hodinu, "
WiOvfjiIXHdwNpm5Z4XQkAvGRI23,13,1773212418736691000,1773212418730319000,70,Insert,b,71,"Dnes je vonku pekne, idem von so psom na dvor a budem tam asi hodinu, b"
WiOvfjiIXHdwNpm5Z4XQkAvGRI23,13,1773212418938160000,1773212418932015000,71,Insert,u,72,"Dnes je vonku pekne, idem von so psom na dvor a budem tam asi hodinu, bu"
WiOvfjiIXHdwNpm5Z4XQkAvGRI23,13,1773212419109660000,1773212419105389000,72,Insert,d,73,"Dnes je vonku pekne, idem von so psom na dvor a budem tam asi hodinu, bud"
WiOvfjiIXHdwNpm5Z4XQkAvGRI23,13,1773212419292369000,1773212419282245000,73,Insert,e,74,"Dnes je vonku pekne, idem von so psom na dvor a budem tam asi hodinu, bude"
WiOvfjiIXHdwNpm5Z4XQkAvGRI23,13,1773212419346659000,1773212419341995000,74,Insert, ,75,"Dnes je vonku pekne, idem von so psom na dvor a budem tam asi hodinu, bude "
WiOvfjiIXHdwNpm5Z4XQkAvGRI23,14,1773212423629908000,1773212423620694000,0,Insert,D,1,D
WiOvfjiIXHdwNpm5Z4XQkAvGRI23,14,1773212423730187000,1773212423726164000,1,Insert,b,2,Db
WiOvfjiIXHdwNpm5Z4XQkAvGRI23,14,1773212423871574000,1773212423867856000,2,Insert,e,3,Dbe
WiOvfjiIXHdwNpm5Z4XQkAvGRI23,14,1773212424019358000,1773212424015545000,3,Insert,s,4,Dbes
WiOvfjiIXHdwNpm5Z4XQkAvGRI23,14,1773212424142258000,1773212424138017000,4,Insert, ,5,Dbes 
WiOvfjiIXHdwNpm5Z4XQkAvGRI23,14,1773212424662957000,1773212424658620000,5,Delete, ,4,Dbes
WiOvfjiIXHdwNpm5Z4XQkAvGRI23,14,1773212424854483000,1773212424851605000,4,Delete,s,3,Dbe
WiOvfjiIXHdwNpm5Z4XQkAvGRI23,14,1773212425003830000,1773212425000809000,3,Delete,e,2,Db
WiOvfjiIXHdwNpm5Z4XQkAvGRI23,14,1773212425170979000,1773212425163320000,2,Delete,b,1,D
WiOvfjiIXHdwNpm5Z4XQkAvGRI23,14,1773212426047394000,1773212426043598000,1,Insert,n,2,Dn
WiOvfjiIXHdwNpm5Z4XQkAvGRI23,14,1773212426187797000,1773212426181827000,2,Insert,e,3,Dne
WiOvfjiIXHdwNpm5Z4XQkAvGRI23,14,1773212426346987000,1773212426343140000,3,Insert,s,4,Dnes
WiOvfjiIXHdwNpm5Z4XQkAvGRI23,14,1773212428234342000,1773212428215634000,4,Insert, ,5,Dnes 
WiOvfjiIXHdwNpm5Z4XQkAvGRI23,14,1773212428474952000,1773212428467490000,5,Insert,j,6,Dnes j
WiOvfjiIXHdwNpm5Z4XQkAvGRI23,14,1773212428632690000,1773212428628862000,6,Insert,e,7,Dnes je
WiOvfjiIXHdwNpm5Z4XQkAvGRI23,14,1773212428746664000,1773212428742298000,7,Insert, ,8,Dnes je 
WiOvfjiIXHdwNpm5Z4XQkAvGRI23,14,1773212429514767000,1773212429506378000,8,Insert,v,9,Dnes je v
WiOvfjiIXHdwNpm5Z4XQkAvGRI23,14,1773212429641828000,1773212429637665000,9,Insert,o,10,Dnes je vo
WiOvfjiIXHdwNpm5Z4XQkAvGRI23,14,1773212429880588000,1773212429876310000,10,Insert,n,11,Dnes je von
WiOvfjiIXHdwNpm5Z4XQkAvGRI23,14,1773212430053939000,1773212430049838000,11,Insert,k,12,Dnes je vonk
WiOvfjiIXHdwNpm5Z4XQkAvGRI23,14,1773212430249795000,1773212430245531000,12,Insert,u,13,Dnes je vonku
WiOvfjiIXHdwNpm5Z4XQkAvGRI23,14,1773212430367753000,1773212430360336000,13,Insert, ,14,Dnes je vonku 
WiOvfjiIXHdwNpm5Z4XQkAvGRI23,14,1773212431397595000,1773212431391792000,14,Insert,p,15,Dnes je vonku p
WiOvfjiIXHdwNpm5Z4XQkAvGRI23,14,1773212431722852000,1773212431718529000,15,Insert,e,16,Dnes je vonku pe
WiOvfjiIXHdwNpm5Z4XQkAvGRI23,14,1773212431950585000,1773212431944680000,16,Insert,k,17,Dnes je vonku pek
WiOvfjiIXHdwNpm5Z4XQkAvGRI23,14,1773212432139871000,1773212432136077000,17,Insert,n,18,Dnes je vonku pekn
WiOvfjiIXHdwNpm5Z4XQkAvGRI23,14,1773212432266496000,1773212432261777000,18,Insert,e,19,Dnes je vonku pekne
WiOvfjiIXHdwNpm5Z4XQkAvGRI23,14,1773212433813176000,1773212433802316000,19,Insert,",",20,"Dnes je vonku pekne,"
WiOvfjiIXHdwNpm5Z4XQkAvGRI23,14,1773212434770632000,1773212434763630000,20,Insert, ,21,"Dnes je vonku pekne, "
WiOvfjiIXHdwNpm5Z4XQkAvGRI23,14,1773212435169029000,1773212435165167000,21,Insert,i,22,"Dnes je vonku pekne, i"
WiOvfjiIXHdwNpm5Z4XQkAvGRI23,14,1773212435292462000,1773212435287025000,22,Insert,d,23,"Dnes je vonku pekne, id"
WiOvfjiIXHdwNpm5Z4XQkAvGRI23,14,1773212435485874000,1773212435481789000,23,Insert,e,24,"Dnes je vonku pekne, ide"
WiOvfjiIXHdwNpm5Z4XQkAvGRI23,14,1773212435585781000,1773212435581911000,24,Insert,m,25,"Dnes je vonku pekne, idem"
WiOvfjiIXHdwNpm5Z4XQkAvGRI23,14,1773212435724837000,1773212435720709000,25,Insert, ,26,"Dnes je vonku pekne, idem "
WiOvfjiIXHdwNpm5Z4XQkAvGRI23,14,1773212435939267000,1773212435931748000,26,Insert,v,27,"Dnes je vonku pekne, idem v"
WiOvfjiIXHdwNpm5Z4XQkAvGRI23,14,1773212436028701000,1773212436024222000,27,Insert,o,28,"Dnes je vonku pekne, idem vo"
WiOvfjiIXHdwNpm5Z4XQkAvGRI23,14,1773212436249612000,1773212436242314000,28,Insert,n,29,"Dnes je vonku pekne, idem von"
WiOvfjiIXHdwNpm5Z4XQkAvGRI23,14,1773212436702231000,1773212436694727000,29,Insert, ,30,"Dnes je vonku pekne, idem von "
WiOvfjiIXHdwNpm5Z4XQkAvGRI23,14,1773212437771169000,1773212437766763000,30,Insert,s,31,"Dnes je vonku pekne, idem von s"
WiOvfjiIXHdwNpm5Z4XQkAvGRI23,14,1773212437885079000,1773212437881052000,31,Insert,o,32,"Dnes je vonku pekne, idem von so"
WiOvfjiIXHdwNpm5Z4XQkAvGRI23,14,1773212438020926000,1773212438016843000,32,Insert, ,33,"Dnes je vonku pekne, idem von so "
WiOvfjiIXHdwNpm5Z4XQkAvGRI23,14,1773212438120860000,1773212438115857000,33,Insert,p,34,"Dnes je vonku pekne, idem von so p"
WiOvfjiIXHdwNpm5Z4XQkAvGRI23,14,1773212438286769000,1773212438282751000,34,Insert,s,35,"Dnes je vonku pekne, idem von so ps"
WiOvfjiIXHdwNpm5Z4XQkAvGRI23,14,1773212438387796000,1773212438383822000,35,Insert,o,36,"Dnes je vonku pekne, idem von so pso"
WiOvfjiIXHdwNpm5Z4XQkAvGRI23,14,1773212438587474000,1773212438581110000,36,Insert,m,37,"Dnes je vonku pekne, idem von so psom"
WiOvfjiIXHdwNpm5Z4XQkAvGRI23,14,1773212438996512000,1773212438992011000,37,Insert, ,38,"Dnes je vonku pekne, idem von so psom "
WiOvfjiIXHdwNpm5Z4XQkAvGRI23,14,1773212440129803000,1773212440122535000,38,Insert,n,39,"Dnes je vonku pekne, idem von so psom n"
WiOvfjiIXHdwNpm5Z4XQkAvGRI23,14,1773212440262653000,1773212440258597000,39,Insert,a,40,"Dnes je vonku pekne, idem von so psom na"
WiOvfjiIXHdwNpm5Z4XQkAvGRI23,14,1773212440396694000,1773212440392525000,40,Insert, ,41,"Dnes je vonku pekne, idem von so psom na "
WiOvfjiIXHdwNpm5Z4XQkAvGRI23,14,1773212440756131000,1773212440748557000,41,Insert,d,42,"Dnes je vonku pekne, idem von so psom na d"
WiOvfjiIXHdwNpm5Z4XQkAvGRI23,14,1773212441050497000,1773212441043730000,42,Insert,v,43,"Dnes je vonku pekne, idem von so psom na dv"
WiOvfjiIXHdwNpm5Z4XQkAvGRI23,14,1773212441491335000,1773212441484020000,43,Insert,o,44,"Dnes je vonku pekne, idem von so psom na dvo"
WiOvfjiIXHdwNpm5Z4XQkAvGRI23,14,1773212441661245000,1773212441656688000,44,Insert,r,45,"Dnes je vonku pekne, idem von so psom na dvor"
WiOvfjiIXHdwNpm5Z4XQkAvGRI23,14,1773212441830468000,1773212441826091000,45,Insert, ,46,"Dnes je vonku pekne, idem von so psom na dvor "
WiOvfjiIXHdwNpm5Z4XQkAvGRI23,14,1773212442557250000,1773212442550691000,46,Insert,a,47,"Dnes je vonku pekne, idem von so psom na dvor a"
WiOvfjiIXHdwNpm5Z4XQkAvGRI23,14,1773212442637239000,1773212442632747000,47,Insert, ,48,"Dnes je vonku pekne, idem von so psom na dvor a "
WiOvfjiIXHdwNpm5Z4XQkAvGRI23,14,1773212443364748000,1773212443359687000,48,Insert,b,49,"Dnes je vonku pekne, idem von so psom na dvor a b"
WiOvfjiIXHdwNpm5Z4XQkAvGRI23,14,1773212443598239000,1773212443591273000,49,Insert,u,50,"Dnes je vonku pekne, idem von so psom na dvor a bu"
WiOvfjiIXHdwNpm5Z4XQkAvGRI23,14,1773212443707309000,1773212443702543000,50,Insert,d,51,"Dnes je vonku pekne, idem von so psom na dvor a bud"
WiOvfjiIXHdwNpm5Z4XQkAvGRI23,14,1773212443877266000,1773212443871551000,51,Insert,e,52,"Dnes je vonku pekne, idem von so psom na dvor a bude"
WiOvfjiIXHdwNpm5Z4XQkAvGRI23,14,1773212443969281000,1773212443965280000,52,Insert,m,53,"Dnes je vonku pekne, idem von so psom na dvor a budem"
WiOvfjiIXHdwNpm5Z4XQkAvGRI23,14,1773212444107277000,1773212444102227000,53,Insert, ,54,"Dnes je vonku pekne, idem von so psom na dvor a budem "
WiOvfjiIXHdwNpm5Z4XQkAvGRI23,14,1773212444336999000,1773212444330634000,54,Insert,t,55,"Dnes je vonku pekne, idem von so psom na dvor a budem t"
WiOvfjiIXHdwNpm5Z4XQkAvGRI23,14,1773212444547474000,1773212444540644000,55,Insert,a,56,"Dnes je vonku pekne, idem von so psom na dvor a budem ta"
WiOvfjiIXHdwNpm5Z4XQkAvGRI23,14,1773212444617533000,1773212444613393000,56,Insert,m,57,"Dnes je vonku pekne, idem von so psom na dvor a budem tam"
WiOvfjiIXHdwNpm5Z4XQkAvGRI23,14,1773212445386144000,1773212445377502000,57,Insert, ,58,"Dnes je vonku pekne, idem von so psom na dvor a budem tam "
WiOvfjiIXHdwNpm5Z4XQkAvGRI23,14,1773212445875503000,1773212445869258000,58,Insert,a,59,"Dnes je vonku pekne, idem von so psom na dvor a budem tam a"
WiOvfjiIXHdwNpm5Z4XQkAvGRI23,14,1773212446153635000,1773212446147079000,59,Insert,s,60,"Dnes je vonku pekne, idem von so psom na dvor a budem tam as"
WiOvfjiIXHdwNpm5Z4XQkAvGRI23,14,1773212446428350000,1773212446419851000,60,Insert,i,61,"Dnes je vonku pekne, idem von so psom na dvor a budem tam asi"
WiOvfjiIXHdwNpm5Z4XQkAvGRI23,14,1773212446537994000,1773212446533711000,61,Insert, ,62,"Dnes je vonku pekne, idem von so psom na dvor a budem tam asi "
WiOvfjiIXHdwNpm5Z4XQkAvGRI23,14,1773212447088643000,1773212447080388000,62,Insert,h,63,"Dnes je vonku pekne, idem von so psom na dvor a budem tam asi h"
WiOvfjiIXHdwNpm5Z4XQkAvGRI23,14,1773212447282149000,1773212447277179000,63,Insert,o,64,"Dnes je vonku pekne, idem von so psom na dvor a budem tam asi ho"
WiOvfjiIXHdwNpm5Z4XQkAvGRI23,14,1773212447437665000,1773212447431321000,64,Insert,d,65,"Dnes je vonku pekne, idem von so psom na dvor a budem tam asi hod"
WiOvfjiIXHdwNpm5Z4XQkAvGRI23,14,1773212447526257000,1773212447517542000,65,Insert,i,66,"Dnes je vonku pekne, idem von so psom na dvor a budem tam asi hodi"
WiOvfjiIXHdwNpm5Z4XQkAvGRI23,14,1773212447703050000,1773212447698893000,66,Insert,n,67,"Dnes je vonku pekne, idem von so psom na dvor a budem tam asi hodin"
WiOvfjiIXHdwNpm5Z4XQkAvGRI23,14,1773212447873901000,1773212447868890000,67,Insert,u,68,"Dnes je vonku pekne, idem von so psom na dvor a budem tam asi hodinu"
WiOvfjiIXHdwNpm5Z4XQkAvGRI23,14,1773212449188283000,1773212449179719000,68,Insert,",",69,"Dnes je vonku pekne, idem von so psom na dvor a budem tam asi hodinu,"
WiOvfjiIXHdwNpm5Z4XQkAvGRI23,14,1773212449802437000,1773212449785909000,69,Insert, ,70,"Dnes je vonku pekne, idem von so psom na dvor a budem tam asi hodinu, "
WiOvfjiIXHdwNpm5Z4XQkAvGRI23,14,1773212450461322000,1773212450454765000,70,Insert,b,71,"Dnes je vonku pekne, idem von so psom na dvor a budem tam asi hodinu, b"
WiOvfjiIXHdwNpm5Z4XQkAvGRI23,14,1773212450682431000,1773212450674894000,71,Insert,u,72,"Dnes je vonku pekne, idem von so psom na dvor a budem tam asi hodinu, bu"
WiOvfjiIXHdwNpm5Z4XQkAvGRI23,14,1773212450805659000,1773212450801513000,72,Insert,d,73,"Dnes je vonku pekne, idem von so psom na dvor a budem tam asi hodinu, bud"
WiOvfjiIXHdwNpm5Z4XQkAvGRI23,14,1773212450970792000,1773212450964349000,73,Insert,e,74,"Dnes je vonku pekne, idem von so psom na dvor a budem tam asi hodinu, bude"
WiOvfjiIXHdwNpm5Z4XQkAvGRI23,14,1773212451034890000,1773212451027047000,74,Insert, ,75,"Dnes je vonku pekne, idem von so psom na dvor a budem tam asi hodinu, bude "
WiOvfjiIXHdwNpm5Z4XQkAvGRI23,15,1773212455852910000,1773212455846631000,0,Insert,D,1,D
WiOvfjiIXHdwNpm5Z4XQkAvGRI23,15,1773212455971608000,1773212455967332000,1,Insert,n,2,Dn
WiOvfjiIXHdwNpm5Z4XQkAvGRI23,15,1773212456143173000,1773212456137643000,2,Insert,e,3,Dne
WiOvfjiIXHdwNpm5Z4XQkAvGRI23,15,1773212456300558000,1773212456296590000,3,Insert,s,4,Dnes
WiOvfjiIXHdwNpm5Z4XQkAvGRI23,15,1773212456414843000,1773212456410860000,4,Insert, ,5,Dnes 
WiOvfjiIXHdwNpm5Z4XQkAvGRI23,15,1773212457374298000,1773212457367123000,5,Insert,j,6,Dnes j
WiOvfjiIXHdwNpm5Z4XQkAvGRI23,15,1773212457515338000,1773212457511156000,6,Insert,e,7,Dnes je
WiOvfjiIXHdwNpm5Z4XQkAvGRI23,15,1773212457616398000,1773212457611981000,7,Insert, ,8,Dnes je 
WiOvfjiIXHdwNpm5Z4XQkAvGRI23,15,1773212457855666000,1773212457847172000,8,Insert,v,9,Dnes je v
WiOvfjiIXHdwNpm5Z4XQkAvGRI23,15,1773212457916412000,1773212457912447000,9,Insert,o,10,Dnes je vo
WiOvfjiIXHdwNpm5Z4XQkAvGRI23,15,1773212458115017000,1773212458110760000,10,Insert,n,11,Dnes je von
WiOvfjiIXHdwNpm5Z4XQkAvGRI23,15,1773212458289765000,1773212458285580000,11,Insert,k,12,Dnes je vonk
WiOvfjiIXHdwNpm5Z4XQkAvGRI23,15,1773212458467971000,1773212458463578000,12,Insert,z,13,Dnes je vonkz
WiOvfjiIXHdwNpm5Z4XQkAvGRI23,15,1773212458924971000,1773212458918500000,13,Insert, ,14,Dnes je vonkz 
WiOvfjiIXHdwNpm5Z4XQkAvGRI23,15,1773212459244407000,1773212459240395000,14,Delete, ,13,Dnes je vonkz
WiOvfjiIXHdwNpm5Z4XQkAvGRI23,15,1773212459402431000,1773212459396750000,13,Delete,z,12,Dnes je vonk
WiOvfjiIXHdwNpm5Z4XQkAvGRI23,15,1773212459964020000,1773212459960379000,12,Insert,u,13,Dnes je vonku
WiOvfjiIXHdwNpm5Z4XQkAvGRI23,15,1773212460075642000,1773212460071500000,13,Insert, ,14,Dnes je vonku 
WiOvfjiIXHdwNpm5Z4XQkAvGRI23,15,1773212460321163000,1773212460315066000,14,Insert,p,15,Dnes je vonku p
WiOvfjiIXHdwNpm5Z4XQkAvGRI23,15,1773212460465147000,1773212460461046000,15,Insert,e,16,Dnes je vonku pe
WiOvfjiIXHdwNpm5Z4XQkAvGRI23,15,1773212460577817000,1773212460573684000,16,Insert,k,17,Dnes je vonku pek
WiOvfjiIXHdwNpm5Z4XQkAvGRI23,15,1773212460761130000,1773212460757177000,17,Insert,n,18,Dnes je vonku pekn
WiOvfjiIXHdwNpm5Z4XQkAvGRI23,15,1773212460875574000,1773212460871067000,18,Insert,e,19,Dnes je vonku pekne
WiOvfjiIXHdwNpm5Z4XQkAvGRI23,15,1773212460981786000,1773212460977195000,19,Insert, ,20,Dnes je vonku pekne 
WiOvfjiIXHdwNpm5Z4XQkAvGRI23,15,1773212462013951000,1773212462007972000,20,Delete, ,19,Dnes je vonku pekne
WiOvfjiIXHdwNpm5Z4XQkAvGRI23,15,1773212463332103000,1773212463323081000,19,Insert,",",20,"Dnes je vonku pekne,"
WiOvfjiIXHdwNpm5Z4XQkAvGRI23,15,1773212463496780000,1773212463491281000,20,Insert, ,21,"Dnes je vonku pekne, "
WiOvfjiIXHdwNpm5Z4XQkAvGRI23,15,1773212464489198000,1773212464482078000,21,Insert,i,22,"Dnes je vonku pekne, i"
WiOvfjiIXHdwNpm5Z4XQkAvGRI23,15,1773212464599489000,1773212464591190000,22,Insert,d,23,"Dnes je vonku pekne, id"
WiOvfjiIXHdwNpm5Z4XQkAvGRI23,15,1773212464779801000,1773212464775318000,23,Insert,e,24,"Dnes je vonku pekne, ide"
WiOvfjiIXHdwNpm5Z4XQkAvGRI23,15,1773212464871709000,1773212464867781000,24,Insert,m,25,"Dnes je vonku pekne, idem"
WiOvfjiIXHdwNpm5Z4XQkAvGRI23,15,1773212465029562000,1773212465025121000,25,Insert, ,26,"Dnes je vonku pekne, idem "
WiOvfjiIXHdwNpm5Z4XQkAvGRI23,15,1773212465849194000,1773212465843129000,26,Insert,v,27,"Dnes je vonku pekne, idem v"
WiOvfjiIXHdwNpm5Z4XQkAvGRI23,15,1773212465984283000,1773212465976466000,27,Insert,o,28,"Dnes je vonku pekne, idem vo"
WiOvfjiIXHdwNpm5Z4XQkAvGRI23,15,1773212466228265000,1773212466221819000,28,Insert,n,29,"Dnes je vonku pekne, idem von"
WiOvfjiIXHdwNpm5Z4XQkAvGRI23,15,1773212466322850000,1773212466318638000,29,Insert, ,30,"Dnes je vonku pekne, idem von "
WiOvfjiIXHdwNpm5Z4XQkAvGRI23,15,1773212472014800000,1773212472008757000,30,Insert,s,31,"Dnes je vonku pekne, idem von s"
WiOvfjiIXHdwNpm5Z4XQkAvGRI23,15,1773212472192805000,1773212472188908000,31,Insert,o,32,"Dnes je vonku pekne, idem von so"
WiOvfjiIXHdwNpm5Z4XQkAvGRI23,15,1773212472312660000,1773212472307833000,32,Insert, ,33,"Dnes je vonku pekne, idem von so "
WiOvfjiIXHdwNpm5Z4XQkAvGRI23,15,1773212472423741000,1773212472418763000,33,Insert,p,34,"Dnes je vonku pekne, idem von so p"
WiOvfjiIXHdwNpm5Z4XQkAvGRI23,15,1773212472558438000,1773212472554091000,34,Insert,s,35,"Dnes je vonku pekne, idem von so ps"
WiOvfjiIXHdwNpm5Z4XQkAvGRI23,15,1773212472636402000,1773212472632138000,35,Insert,o,36,"Dnes je vonku pekne, idem von so pso"
WiOvfjiIXHdwNpm5Z4XQkAvGRI23,15,1773212472835018000,1773212472827247000,36,Insert,m,37,"Dnes je vonku pekne, idem von so psom"
WiOvfjiIXHdwNpm5Z4XQkAvGRI23,15,1773212473559004000,1773212473548871000,37,Insert, ,38,"Dnes je vonku pekne, idem von so psom "
WiOvfjiIXHdwNpm5Z4XQkAvGRI23,15,1773212474380281000,1773212474373828000,38,Insert,n,39,"Dnes je vonku pekne, idem von so psom n"
WiOvfjiIXHdwNpm5Z4XQkAvGRI23,15,1773212474491788000,1773212474485773000,39,Insert,a,40,"Dnes je vonku pekne, idem von so psom na"
WiOvfjiIXHdwNpm5Z4XQkAvGRI23,15,1773212474624492000,1773212474615449000,40,Insert, ,41,"Dnes je vonku pekne, idem von so psom na "
WiOvfjiIXHdwNpm5Z4XQkAvGRI23,15,1773212475080916000,1773212475073490000,41,Insert,d,42,"Dnes je vonku pekne, idem von so psom na d"
WiOvfjiIXHdwNpm5Z4XQkAvGRI23,15,1773212475320101000,1773212475313630000,42,Insert,v,43,"Dnes je vonku pekne, idem von so psom na dv"
WiOvfjiIXHdwNpm5Z4XQkAvGRI23,15,1773212475414691000,1773212475410494000,43,Insert,o,44,"Dnes je vonku pekne, idem von so psom na dvo"
WiOvfjiIXHdwNpm5Z4XQkAvGRI23,15,1773212475571174000,1773212475566588000,44,Insert,r,45,"Dnes je vonku pekne, idem von so psom na dvor"
WiOvfjiIXHdwNpm5Z4XQkAvGRI23,15,1773212475683415000,1773212475679135000,45,Insert, ,46,"Dnes je vonku pekne, idem von so psom na dvor "
WiOvfjiIXHdwNpm5Z4XQkAvGRI23,15,1773212476795657000,1773212476787707000,46,Insert,a,47,"Dnes je vonku pekne, idem von so psom na dvor a"
WiOvfjiIXHdwNpm5Z4XQkAvGRI23,15,1773212477824887000,1773212477813992000,47,Insert, ,48,"Dnes je vonku pekne, idem von so psom na dvor a "
WiOvfjiIXHdwNpm5Z4XQkAvGRI23,15,1773212478330221000,1773212478325024000,48,Insert,b,49,"Dnes je vonku pekne, idem von so psom na dvor a b"
WiOvfjiIXHdwNpm5Z4XQkAvGRI23,15,1773212478519306000,1773212478515042000,49,Insert,u,50,"Dnes je vonku pekne, idem von so psom na dvor a bu"
WiOvfjiIXHdwNpm5Z4XQkAvGRI23,15,1773212478652798000,1773212478642169000,50,Insert,d,51,"Dnes je vonku pekne, idem von so psom na dvor a bud"
WiOvfjiIXHdwNpm5Z4XQkAvGRI23,15,1773212478802258000,1773212478798216000,51,Insert,e,52,"Dnes je vonku pekne, idem von so psom na dvor a bude"
WiOvfjiIXHdwNpm5Z4XQkAvGRI23,15,1773212478836257000,1773212478832284000,52,Insert,m,53,"Dnes je vonku pekne, idem von so psom na dvor a budem"
WiOvfjiIXHdwNpm5Z4XQkAvGRI23,15,1773212479039761000,1773212479031737000,53,Insert, ,54,"Dnes je vonku pekne, idem von so psom na dvor a budem "
WiOvfjiIXHdwNpm5Z4XQkAvGRI23,15,1773212479353322000,1773212479346541000,54,Insert,t,55,"Dnes je vonku pekne, idem von so psom na dvor a budem t"
WiOvfjiIXHdwNpm5Z4XQkAvGRI23,15,1773212479807682000,1773212479801468000,55,Insert,a,56,"Dnes je vonku pekne, idem von so psom na dvor a budem ta"
WiOvfjiIXHdwNpm5Z4XQkAvGRI23,15,1773212479963569000,1773212479958147000,56,Insert,m,57,"Dnes je vonku pekne, idem von so psom na dvor a budem tam"
WiOvfjiIXHdwNpm5Z4XQkAvGRI23,15,1773212480154906000,1773212480150055000,57,Insert, ,58,"Dnes je vonku pekne, idem von so psom na dvor a budem tam "
WiOvfjiIXHdwNpm5Z4XQkAvGRI23,15,1773212480694458000,1773212480688503000,58,Insert,a,59,"Dnes je vonku pekne, idem von so psom na dvor a budem tam a"
WiOvfjiIXHdwNpm5Z4XQkAvGRI23,15,1773212480852664000,1773212480847356000,59,Insert,s,60,"Dnes je vonku pekne, idem von so psom na dvor a budem tam as"
WiOvfjiIXHdwNpm5Z4XQkAvGRI23,15,1773212480989326000,1773212480985095000,60,Insert,i,61,"Dnes je vonku pekne, idem von so psom na dvor a budem tam asi"
WiOvfjiIXHdwNpm5Z4XQkAvGRI23,15,1773212482018074000,1773212482011125000,61,Insert, ,62,"Dnes je vonku pekne, idem von so psom na dvor a budem tam asi "
WiOvfjiIXHdwNpm5Z4XQkAvGRI23,15,1773212482259301000,1773212482252937000,62,Insert,h,63,"Dnes je vonku pekne, idem von so psom na dvor a budem tam asi h"
WiOvfjiIXHdwNpm5Z4XQkAvGRI23,15,1773212482492870000,1773212482485239000,63,Insert,o,64,"Dnes je vonku pekne, idem von so psom na dvor a budem tam asi ho"
WiOvfjiIXHdwNpm5Z4XQkAvGRI23,15,1773212482567951000,1773212482562240000,64,Insert,d,65,"Dnes je vonku pekne, idem von so psom na dvor a budem tam asi hod"
WiOvfjiIXHdwNpm5Z4XQkAvGRI23,15,1773212482680474000,1773212482673498000,65,Insert,i,66,"Dnes je vonku pekne, idem von so psom na dvor a budem tam asi hodi"
WiOvfjiIXHdwNpm5Z4XQkAvGRI23,15,1773212482848222000,1773212482842176000,66,Insert,n,67,"Dnes je vonku pekne, idem von so psom na dvor a budem tam asi hodin"
WiOvfjiIXHdwNpm5Z4XQkAvGRI23,15,1773212483001442000,1773212482996928000,67,Insert,u,68,"Dnes je vonku pekne, idem von so psom na dvor a budem tam asi hodinu"
WiOvfjiIXHdwNpm5Z4XQkAvGRI23,15,1773212484383560000,1773212484374642000,68,Insert,",",69,"Dnes je vonku pekne, idem von so psom na dvor a budem tam asi hodinu,"
WiOvfjiIXHdwNpm5Z4XQkAvGRI23,15,1773212484511217000,1773212484504033000,69,Insert, ,70,"Dnes je vonku pekne, idem von so psom na dvor a budem tam asi hodinu, "
WiOvfjiIXHdwNpm5Z4XQkAvGRI23,15,1773212485551822000,1773212485539625000,70,Insert,b,71,"Dnes je vonku pekne, idem von so psom na dvor a budem tam asi hodinu, b"
WiOvfjiIXHdwNpm5Z4XQkAvGRI23,15,1773212485740355000,1773212485735331000,71,Insert,u,72,"Dnes je vonku pekne, idem von so psom na dvor a budem tam asi hodinu, bu"
WiOvfjiIXHdwNpm5Z4XQkAvGRI23,15,1773212485931026000,1773212485926360000,72,Insert,d,73,"Dnes je vonku pekne, idem von so psom na dvor a budem tam asi hodinu, bud"
WiOvfjiIXHdwNpm5Z4XQkAvGRI23,15,1773212486101108000,1773212486094883000,73,Insert,e,74,"Dnes je vonku pekne, idem von so psom na dvor a budem tam asi hodinu, bude"
WiOvfjiIXHdwNpm5Z4XQkAvGRI23,15,1773212486448415000,1773212486441250000,74,Insert, ,75,"Dnes je vonku pekne, idem von so psom na dvor a budem tam asi hodinu, bude "
